episode,steps,cumulative_reward,average_queue_length,average_waiting_time,total_throughput,phase_switches,overflow_count,epsilon,mean_loss,replay_size,scenario,episode_seed
1,500,-413.61928895722224,33.66,33.938,139,214,0,1.0,0.0,500,low_uniform,42
2,109,-213.8675630311069,66.68807339449542,66.8440366972477,17,50,1,0.9995,0.0,609,uneven,43
3,80,-118.41010034543211,46.575,46.875,24,34,1,0.9990002500000001,0.0,689,uneven,44
4,65,-144.0237688585216,64.92307692307692,65.23076923076923,20,28,1,0.9985007498750001,0.0,754,high_uniform,45
5,74,-146.4127758908926,56.71621621621622,56.95945945945946,18,33,1,0.9980014995000627,0.0,828,high_uniform,46
6,79,-132.77475947691775,52.30379746835443,52.54430379746835,19,35,1,0.9975024987503127,0.0,907,rush_hour,47
7,500,-382.44836940204965,30.75,31.004,127,211,0,0.9970037475009376,0.0,1407,low_uniform,48
8,86,-110.2144692918976,45.69767441860465,46.151162790697676,39,32,1,0.9965052456271871,0.0,1493,uneven,49
9,107,-158.39521482490875,47.97196261682243,48.177570093457945,22,46,1,0.9960069930043736,0.0,1600,uniform_medium,50
10,500,-491.42062110193166,42.728,42.996,134,210,0,0.9955089895078715,0.4675536713387706,2100,low_uniform,51
11,71,-142.55159669694302,59.59154929577465,59.95774647887324,26,29,1,0.9950112350131176,0.22317497642107412,2171,high_uniform,52
12,77,-111.77481182602395,46.493506493506494,46.883116883116884,30,31,1,0.9945137293956111,0.15968243090750336,2248,rush_hour,53
13,76,-129.28837102270626,47.88157894736842,48.03947368421053,12,35,1,0.9940164725309134,0.12053478254299414,2324,uneven,54
14,89,-116.65923084860778,39.98876404494382,40.26966292134831,25,38,1,0.993519464294648,0.11021549229541522,2413,uneven,55
15,74,-92.14719500749091,39.851351351351354,40.229729729729726,28,30,1,0.9930227045625007,0.10916830387872618,2487,uneven,56
16,93,-140.08002214452193,48.064516129032256,48.32258064516129,24,41,1,0.9925261932102195,0.18483109155329325,2580,uneven,57
17,70,-164.36555304581984,68.42857142857143,68.6,12,32,1,0.9920299301136144,0.12774526029825212,2650,high_uniform,58
18,500,-489.1335930196216,42.764,43.034,135,213,0,0.9915339151485576,0.1256823540478945,3150,low_uniform,59
19,64,-112.0613225403142,45.3125,45.5,12,28,1,0.9910381481909833,0.1120510867331177,3214,rush_hour,60
20,65,-133.66694861736553,66.33846153846154,66.83076923076923,32,25,1,0.990542629116888,0.12240861723056207,3279,high_uniform,61
21,63,-157.80462047073038,73.12698412698413,73.38095238095238,16,28,1,0.9900473578023296,0.12641979103523587,3342,high_uniform,62
22,142,-257.5876803869216,68.61267605633803,68.88028169014085,38,61,1,0.9895523341234285,0.13120711101612575,3484,uniform_medium,63
23,500,-426.2634835587766,33.726,33.946,110,216,0,0.9890575579563669,0.13771421997249125,3984,low_uniform,64
24,71,-124.68143722817264,51.70422535211268,51.929577464788736,16,32,1,0.9885630291773887,0.1686933053211427,4055,rush_hour,65
25,96,-147.9472266119706,51.71875,51.989583333333336,26,41,1,0.9880687476628001,0.1410654828262826,4151,uneven,66
26,89,-134.86824762814655,46.46067415730337,46.73033707865169,24,39,1,0.9875747132889687,0.13675687679748857,4240,uneven,67
27,86,-195.89438749548958,77.34883720930233,77.67441860465117,28,36,1,0.9870809259323243,0.1408140558836072,4326,high_uniform,68
28,78,-137.65098943060636,50.23076923076923,50.3974358974359,13,36,1,0.9865873854693582,0.13843790384439322,4404,rush_hour,69
29,76,-165.3802516767547,67.22368421052632,67.61842105263158,30,30,1,0.9860940917766235,0.14302296103223375,4480,high_uniform,70
30,80,-172.2084357869363,67.7875,68.0875,24,34,1,0.9856010447307353,0.17630422776564955,4560,high_uniform,71
31,73,-135.20274036816585,57.0958904109589,57.50684931506849,30,29,1,0.98510824420837,0.1643266306348043,4633,high_uniform,72
32,137,-257.0072245459218,70.14598540145985,70.39416058394161,34,60,1,0.9846156900862658,0.15807540910522433,4770,uniform_medium,73
33,500,-343.67373970412126,25.43,25.686,128,212,0,0.9841233822412228,0.1594510978013277,5270,low_uniform,74
34,69,-150.83166619115192,69.30434782608695,69.71014492753623,28,27,1,0.9836313205501022,0.1512079535835031,5339,high_uniform,75
35,86,-137.52693992843385,47.25581395348837,47.44186046511628,16,39,1,0.9831395048898272,0.157282542177411,5425,rush_hour,76
36,500,-404.0853573216423,34.118,34.39,136,211,0,0.9826479351373822,0.1669997745156288,5925,low_uniform,77
37,54,-84.38809751157575,40.18518518518518,40.48148148148148,16,23,1,0.9821566111698136,0.15396504145529535,5979,rush_hour,78
38,74,-105.6425343247606,41.91891891891892,42.270270270270274,26,31,1,0.9816655328642288,0.18849881335690216,6053,rush_hour,79
39,133,-235.05592229793135,64.3157894736842,64.55639097744361,32,59,1,0.9811747000977967,0.17783798344601365,6186,uniform_medium,80
40,79,-114.31817643020315,42.64556962025316,42.89873417721519,20,34,1,0.9806841127477479,0.173691878779025,6265,uneven,81
41,500,-557.2374346588442,48.796,49.052,128,216,0,0.9801937706913741,0.1760886496603489,6765,low_uniform,82
42,84,-133.6791170487259,46.88095238095238,47.04761904761905,14,38,1,0.9797036738060285,0.1719083216573511,6849,uneven,83
43,75,-132.07856065649577,53.22666666666667,53.44,16,34,1,0.9792138219691255,0.1757852844397227,6924,uneven,84
44,125,-245.81392514050592,70.704,70.912,26,56,1,0.978724215058141,0.19005542135238648,7049,uniform_medium,85
45,310,-286.3304364922423,36.34193548387097,36.58064516129032,74,136,1,0.978234852950612,0.18041968285556761,7359,low_uniform,86
46,70,-88.57362118117216,40.22857142857143,40.614285714285714,27,25,1,0.9777457355241367,0.177510384789535,7429,rush_hour,87
47,74,-174.84489748334425,71.74324324324324,71.95945945945945,16,33,1,0.9772568626563747,0.1881721719495348,7503,high_uniform,88
48,71,-103.17068811743327,40.46478873239437,40.732394366197184,19,29,1,0.9767682342250465,0.19856477959055296,7574,rush_hour,89
49,98,-172.04559303425157,56.42857142857143,56.673469387755105,24,43,1,0.976279850107934,0.1900221419577696,7672,uneven,90
50,73,-109.36165458775992,44.136986301369866,44.35616438356164,16,32,1,0.9757917101828801,0.18419904772141207,7745,uneven,91
51,94,-143.66781226347356,54.41489361702128,54.776595744680854,34,39,1,0.9753038143277888,0.19910566746554476,7839,uneven,92
52,500,-442.42649716863264,35.732,35.952,110,215,0,0.974816162420625,0.19475464802980422,8339,low_uniform,93
53,127,-231.12284316656292,67.81889763779527,68.10236220472441,36,55,1,0.9743287543394147,0.185384203129866,8466,uniform_medium,94
54,74,-154.14556133575738,63.71621621621622,64.04054054054055,24,31,1,0.973841589962245,0.19934400009947853,8540,high_uniform,95
55,68,-159.11536486926056,74.36764705882354,74.72058823529412,24,28,1,0.973354669167264,0.20978607138728395,8608,high_uniform,96
56,500,-397.0113305687842,36.05,36.384,167,203,0,0.9728679918326804,0.20079885935783387,9108,low_uniform,97
57,51,-96.58080882626737,43.27450980392157,43.529411764705884,13,21,1,0.972381557836764,0.20309998124253517,9159,high_uniform,98
58,500,-474.44102728357666,41.02,41.3,140,213,0,0.9718953670578457,0.21102626463770865,9659,low_uniform,99
59,61,-105.01718533656806,45.40983606557377,45.540983606557376,8,28,1,0.9714094193743169,0.18991415031620715,9720,uneven,100
60,103,-151.0012064496748,49.116504854368934,49.43689320388349,33,41,1,0.9709237146646298,0.20664026052917092,9823,uneven,101
61,74,-114.26157858359284,44.74324324324324,45.013513513513516,20,32,1,0.9704382528072976,0.21166276972036105,9897,rush_hour,102
62,91,-151.1374410393279,52.714285714285715,52.967032967032964,23,40,1,0.9699530336808939,0.1953558515716385,9988,uneven,103
63,134,-233.53215363260523,64.13432835820896,64.38805970149254,34,58,1,0.9694680571640535,0.21557101062429485,10122,uniform_medium,104
64,65,-110.60885792072759,46.58461538461538,46.753846153846155,11,29,1,0.9689833231354715,0.20625032782554625,10187,rush_hour,105
65,73,-177.58654251196538,76.16438356164383,76.43835616438356,20,31,1,0.9684988314739038,0.22007711844085015,10260,high_uniform,106
66,123,-227.02188295969023,65.6178861788618,65.82926829268293,26,54,1,0.9680145820581669,0.21445285813595222,10383,uniform_medium,107
67,66,-83.92929637012018,37.621212121212125,38.04545454545455,28,25,1,0.9675305747671379,0.22984951474901402,10449,rush_hour,108
68,167,-290.38883281929486,71.7185628742515,72.07784431137725,60,68,1,0.9670468094797544,0.22708336045285185,10616,uniform_medium,109
69,500,-391.8907004631446,32.764,33.052,144,208,0,0.9665632860750146,0.22406054815649987,11116,low_uniform,110
70,84,-191.3046682560912,73.57142857142857,73.79761904761905,19,36,1,0.9660800044319772,0.22494500467465037,11200,high_uniform,111
71,73,-94.37521768491966,38.31506849315068,38.67123287671233,26,28,1,0.9655969644297613,0.223839548556772,11273,uneven,112
72,500,-389.07059576895807,31.53,31.824,147,211,0,0.9651141659475465,0.22213576433062554,11773,low_uniform,113
73,59,-118.81365742564225,52.83050847457627,53.152542372881356,19,25,1,0.9646316088645728,0.21647956247551967,11832,high_uniform,114
74,500,-363.23838232795055,30.472,30.758,143,213,0,0.9641492930601405,0.2227661820948124,12332,low_uniform,115
75,100,-151.2500817213037,52.31,52.59,28,42,1,0.9636672184136105,0.22482343815267086,12432,uneven,116
76,78,-174.849207987509,70.06410256410257,70.34615384615384,22,34,1,0.9631853848044037,0.2265525920650898,12510,high_uniform,117
77,136,-248.38549717343474,68.18382352941177,68.4779411764706,40,58,1,0.9627037921120016,0.21490214808898814,12646,uniform_medium,118
78,135,-222.6258037858402,63.44444444444444,63.75555555555555,42,57,1,0.9622224402159457,0.23970694310135313,12781,uniform_medium,119
79,76,-153.2446542897227,57.88157894736842,58.05263157894737,13,35,1,0.9617413289958378,0.22652652644013105,12857,high_uniform,120
80,79,-111.71778203997917,43.075949367088604,43.31645569620253,19,33,1,0.9612604583313399,0.22947894866707957,12936,uneven,121
81,84,-112.89138537207506,39.55952380952381,39.82142857142857,22,37,1,0.9607798281021742,0.24895657439317023,13020,rush_hour,122
82,67,-136.02634036903768,60.417910447761194,60.791044776119406,25,27,1,0.9602994381881231,0.25357377351219973,13087,high_uniform,123
83,500,-371.3868857161923,30.128,30.418,145,209,0,0.9598192884690291,0.24312139236927033,13587,low_uniform,124
84,75,-105.85749851740702,44.413333333333334,44.81333333333333,30,30,1,0.9593393788247946,0.24721801777680716,13662,rush_hour,125
85,61,-99.08516582882208,40.83606557377049,41.01639344262295,11,27,1,0.9588597091353822,0.26567890873697936,13723,uneven,126
86,67,-93.75709137154051,39.92537313432836,40.223880597014926,20,28,1,0.9583802792808146,0.23201635279762212,13790,uneven,127
87,500,-446.3597657635314,37.858,38.124,133,215,0,0.9579010891411742,0.2386318152844906,14290,low_uniform,128
88,110,-192.13293974509713,61.82727272727273,62.1,30,47,1,0.9574221385966036,0.2369597158648751,14400,uniform_medium,129
89,91,-123.30582544023899,43.26373626373626,43.57142857142857,28,39,1,0.9569434275273054,0.23568696766109257,14491,uneven,130
90,62,-78.58149771472667,37.25806451612903,37.645161290322584,24,25,1,0.9564649558135419,0.2465414818256132,14553,rush_hour,131
91,75,-169.6997178813493,70.38666666666667,70.78666666666666,30,30,1,0.9559867233356352,0.23841434250275295,14628,high_uniform,132
92,65,-109.304025242319,46.50769230769231,46.76923076923077,17,28,1,0.9555087299739674,0.24882051050662995,14693,rush_hour,133
93,61,-98.83130953816729,42.9344262295082,43.18032786885246,15,27,1,0.9550309756089804,0.2215044305461352,14754,rush_hour,134
94,136,-245.34776159630638,67.05882352941177,67.28676470588235,31,60,1,0.954553460121176,0.24623845254673676,14890,uniform_medium,135
95,81,-134.83344844598105,49.46913580246913,49.592592592592595,10,38,1,0.9540761833911156,0.23795068208818082,14971,rush_hour,136
96,139,-233.19921561015275,62.805755395683455,63.093525179856115,40,59,1,0.95359914529942,0.25105215432189354,15110,uniform_medium,137
97,124,-178.63760432830495,50.064516129032256,50.37096774193548,38,52,1,0.9531223457267703,0.2659275178467074,15234,uniform_medium,138
98,78,-132.30431355334525,48.57692307692308,48.743589743589745,13,35,1,0.952645784553907,0.25162715789599294,15312,uneven,139
99,70,-101.60984292116814,43.214285714285715,43.58571428571429,26,28,1,0.9521694616616301,0.23138108657939094,15382,uneven,140
100,500,-478.2786298892371,39.642,39.886,122,213,0,0.9516933769307994,0.24672892360389231,15882,low_uniform,141
101,74,-120.92808554989544,51.067567567567565,51.391891891891895,24,31,1,0.951217530242334,0.26086255142817627,15956,rush_hour,142
102,500,-457.82175591798915,40.302,40.592,145,206,0,0.9507419214772129,0.24311453640460967,16456,low_uniform,143
103,77,-113.5182724217144,46.54545454545455,46.96103896103896,32,30,1,0.9502665505164744,0.251330970556705,16533,rush_hour,144
104,500,-461.41841708936863,39.624,39.888,132,212,0,0.9497914172412162,0.24487498524785042,17033,low_uniform,145
105,85,-126.61756630788153,43.423529411764704,43.63529411764706,18,38,1,0.9493165215325956,0.24008941028048011,17118,uneven,146
106,57,-85.68462561747296,37.08771929824562,37.29824561403509,12,26,1,0.9488418632718294,0.23795761638566068,17175,uneven,147
107,80,-142.89515362063742,56.6375,56.8875,20,35,1,0.9483674423401935,0.24801161913201214,17255,uneven,148
108,102,-122.69702763000744,42.19607843137255,42.59803921568628,41,37,1,0.9478932586190235,0.2505415832879497,17357,uneven,149
109,59,-125.47392476733327,60.983050847457626,61.32203389830509,20,25,1,0.9474193119897141,0.22989351895906157,17416,high_uniform,150
110,81,-105.91565864977852,40.23456790123457,40.55555555555556,26,33,1,0.9469456023337193,0.2367537279187897,17497,uneven,151
111,131,-197.5004217181682,54.35114503816794,54.6412213740458,38,56,1,0.9464721295325524,0.24692965463827585,17628,uniform_medium,152
112,90,-150.03979486750754,56.922222222222224,57.24444444444445,29,37,1,0.9459988934677862,0.26256356702910527,17718,uneven,153
113,73,-175.6865458431895,76.79452054794521,77.13698630136986,25,30,1,0.9455258940210524,0.26133853891124464,17791,high_uniform,154
114,75,-168.7714352601644,72.69333333333333,72.98666666666666,22,32,1,0.9450531310740419,0.24303019086519878,17866,high_uniform,155
115,76,-160.0179330485526,63.776315789473685,64.03947368421052,20,32,1,0.9445806045085049,0.26083290047551455,17942,high_uniform,156
116,58,-136.76308290229218,65.93103448275862,66.24137931034483,18,24,1,0.9441083142062507,0.26120581298038875,18000,high_uniform,157
117,500,-341.0037891169716,28.162,28.468,153,208,0,0.9436362600491477,0.26279541923105715,18500,low_uniform,158
118,500,-340.62015026214925,28.3,28.606,153,204,0,0.9431644419191232,0.2535744535028934,19000,low_uniform,159
119,157,-270.4602677377997,68.43312101910828,68.78343949044586,55,64,1,0.9426928596981636,0.2595928914038239,19157,uniform_medium,160
120,500,-363.965085195523,28.41,28.674,132,212,0,0.9422215132683146,0.2615845668762922,19657,low_uniform,161
121,71,-169.86889325542532,76.12676056338029,76.43661971830986,22,30,1,0.9417504025116805,0.2564681522863012,19728,high_uniform,162
122,68,-103.01993355497163,44.88235294117647,45.1764705882353,20,28,1,0.9412795273104247,0.2840879730441991,19796,uneven,163
123,101,-149.1744671713994,49.277227722772274,49.57425742574257,30,43,1,0.9408088875467696,0.2558477205215114,19897,uneven,164
124,61,-135.35790428228833,61.75409836065574,62.0,15,26,1,0.9403384831029963,0.2520916388660181,19958,high_uniform,165
125,102,-143.17235182463213,50.970588235294116,51.411764705882355,45,39,1,0.9398683138614449,0.28273674159073364,20060,rush_hour,166
126,67,-158.8391905959021,71.80597014925372,72.14925373134328,23,28,1,0.9393983797045142,0.27615588080527176,20127,high_uniform,167
127,500,-366.06731937713016,27.762,28.016,127,215,0,0.938928680514662,0.2705537325888872,20627,low_uniform,168
128,86,-152.6455185050843,54.86046511627907,55.03488372093023,15,38,1,0.9384592161744048,0.2791366431602212,20713,uneven,169
129,76,-155.36965114911095,69.05263157894737,69.55263157894737,38,29,1,0.9379899865663176,0.2672420136238399,20789,high_uniform,170
130,71,-104.75566686347125,40.140845070422536,40.33802816901409,14,31,1,0.9375209915730345,0.27755858507794395,20860,uneven,171
131,57,-124.58556012503158,63.75438596491228,64.14035087719299,22,23,1,0.937052231077248,0.2772691137435144,20917,high_uniform,172
132,55,-105.44793867053411,55.4,55.872727272727275,26,21,1,0.9365837049617094,0.3043889972296628,20972,high_uniform,173
133,500,-318.7215558273665,27.66,28.016,178,200,0,0.9361154131092286,0.2740892473608255,21472,low_uniform,174
134,73,-150.52466257966026,59.47945205479452,59.6986301369863,16,32,1,0.9356473554026741,0.2955901732999984,21545,high_uniform,175
135,70,-128.8445535860023,54.74285714285714,54.94285714285714,14,32,1,0.9351795317249728,0.27000498452356886,21615,uneven,176
136,141,-218.99072961754442,55.92198581560284,56.184397163120565,37,61,1,0.9347119419591103,0.2818934038175759,21756,uniform_medium,177
137,110,-183.59261233361573,58.263636363636365,58.56363636363636,33,47,1,0.9342445859881309,0.26952239613641393,21866,uneven,178
138,500,-293.2668763898139,23.048,23.358,155,207,0,0.9337774636951368,0.2827266410589218,22366,low_uniform,179
139,172,-312.46168573188487,75.04651162790698,75.3546511627907,53,72,1,0.9333105749632893,0.2730027538572633,22538,uniform_medium,180
140,60,-122.33751346979267,56.86666666666667,57.2,20,25,1,0.9328439196758077,0.266056218991677,22598,high_uniform,181
141,72,-118.29569449525452,44.93055555555556,45.138888888888886,15,32,1,0.9323774977159699,0.2853058021929529,22670,rush_hour,182
142,118,-203.78604951672358,61.25423728813559,61.50847457627118,30,51,1,0.9319113089671119,0.2883027243917271,22788,uniform_medium,183
143,172,-274.3987392710308,62.093023255813954,62.377906976744185,49,72,1,0.9314453533126285,0.2787810408098753,22960,uniform_medium,184
144,73,-146.71642782410697,65.08219178082192,65.56164383561644,35,28,1,0.9309796306359722,0.2794856590359178,23033,high_uniform,185
145,78,-124.41239435032571,47.92307692307692,48.166666666666664,19,34,1,0.9305141408206543,0.2804185369840035,23111,rush_hour,186
146,76,-112.5111371257254,48.64473684210526,49.026315789473685,29,30,1,0.9300488837502441,0.3162341760961633,23187,rush_hour,187
147,500,-468.8863680758463,39.524,39.774,125,216,0,0.9295838593083691,0.29017224779725076,23687,low_uniform,188
148,166,-266.9646770894607,63.25301204819277,63.566265060240966,52,70,1,0.929119067378715,0.27972158502383404,23853,uniform_medium,189
149,63,-99.10310063441793,45.04761904761905,45.3968253968254,22,25,1,0.9286545078450257,0.3192613162691631,23916,rush_hour,190
150,500,-498.81416379498404,43.734,44.006,136,215,0,0.9281901805911033,0.2754485426694155,24416,low_uniform,191
151,98,-164.4639640162522,57.56122448979592,57.86734693877551,30,42,1,0.9277260855008077,0.28924258562679195,24514,rush_hour,192
152,142,-272.3821785746369,73.87323943661971,74.12676056338029,36,62,1,0.9272622224580573,0.2867755541499232,24656,uniform_medium,193
153,81,-131.09817130123022,52.80246913580247,53.135802469135804,27,34,1,0.9267985913468284,0.2920247706366174,24737,rush_hour,194
154,216,-343.99858422840043,72.23148148148148,72.6574074074074,92,85,1,0.926335192051155,0.2992008629910372,24953,uniform_medium,195
155,71,-159.32065038019385,71.5774647887324,71.92957746478874,25,29,1,0.9258720244551295,0.30492457579559,25024,high_uniform,196
156,99,-168.9040144913645,57.60606060606061,57.92929292929293,32,42,1,0.925409088442902,0.30847780180699896,25123,uneven,197
157,500,-440.8265078800215,39.782,40.096,157,204,0,0.9249463838986807,0.29333804151415827,25623,low_uniform,198
158,64,-128.7330746123546,60.328125,60.71875,25,26,1,0.9244839107067314,0.30325140804052353,25687,high_uniform,199
159,56,-108.27167644909784,52.75,53.107142857142854,20,23,1,0.9240216687513781,0.281012997297304,25743,high_uniform,200
160,97,-128.1389905694465,40.69072164948454,40.94845360824742,25,42,1,0.9235596579170025,0.294268861413002,25840,uneven,201
161,89,-143.97113695546597,50.764044943820224,51.056179775280896,26,38,1,0.923097878088044,0.2944453403855977,25929,rush_hour,202
162,112,-142.62104558214966,51.214285714285715,51.74107142857143,59,41,1,0.9226363291490001,0.29289277237174766,26041,uneven,203
163,57,-118.21222958634894,56.63157894736842,56.92982456140351,17,23,1,0.9221750109844257,0.28451574789850337,26098,high_uniform,204
164,62,-99.40531530392042,46.306451612903224,46.74193548387097,27,24,1,0.9217139234789336,0.2972769102742595,26160,high_uniform,205
165,68,-148.35493024410053,69.8529411764706,70.26470588235294,28,27,1,0.9212530665171942,0.2919310765231357,26228,high_uniform,206
166,102,-153.26335779440794,53.8921568627451,54.35294117647059,47,38,1,0.9207924399839357,0.2805553823709488,26330,rush_hour,207
167,142,-267.75351488812396,76.69718309859155,76.99295774647888,42,61,1,0.9203320437639437,0.3036613776020601,26472,uniform_medium,208
168,500,-382.6172839266229,31.818,32.092,137,205,0,0.9198718777420618,0.3096326075196266,26972,low_uniform,209
169,114,-170.86163293738707,53.8859649122807,54.30701754385965,48,45,1,0.9194119418031909,0.2908443616409051,27086,uniform_medium,210
170,500,-386.33808131573187,34.716,35.046,165,207,0,0.9189522358322894,0.29771439579129216,27586,low_uniform,211
171,500,-294.0245271035839,24.586,24.93,172,201,0,0.9184927597143733,0.2832579537630081,28086,low_uniform,212
172,500,-190.9345656606072,14.944,15.3,178,190,0,0.9180335133345161,0.28940150341391563,28586,low_uniform,213
173,76,-133.24397101921895,54.56578947368421,54.80263157894737,18,34,1,0.917574496577849,0.2854696343603887,28662,uneven,214
174,69,-84.04797574450556,36.27536231884058,36.68115942028985,28,26,1,0.9171157093295601,0.29485933223496313,28731,uneven,215
175,98,-158.5886559084941,56.08163265306123,56.41836734693877,33,40,1,0.9166571514748953,0.2739791147867028,28829,uneven,216
176,70,-142.87181689474576,67.08571428571429,67.51428571428572,30,28,1,0.916198822899158,0.2804121421916144,28899,high_uniform,217
177,91,-125.13451611303677,44.142857142857146,44.42857142857143,26,39,1,0.9157407234877085,0.3129547097525754,28990,uneven,218
178,500,-336.9656899423672,30.316,30.664,174,199,0,0.9152828531259647,0.2856356264948845,29490,low_uniform,219
179,63,-86.45971799313335,39.98412698412698,40.333333333333336,22,25,1,0.9148252116994018,0.3221653827599117,29553,rush_hour,220
180,79,-173.76138022533252,73.46835443037975,73.87341772151899,32,32,1,0.9143677990935521,0.2916262564779837,29632,high_uniform,221
181,56,-102.09666007760453,43.857142857142854,44.0,8,26,1,0.9139106151940054,0.3215355383498328,29688,rush_hour,222
182,500,-247.8817410172474,20.388,20.732,172,197,0,0.9134536598864085,0.2973592673391104,30188,low_uniform,223
183,79,-156.82622339042166,64.41772151898734,64.88607594936708,37,30,1,0.9129969330564653,0.31803338418278515,30267,high_uniform,224
184,89,-132.1786271422298,49.52808988764045,49.8876404494382,32,37,1,0.9125404345899372,0.3119833507899488,30356,uneven,225
185,70,-146.16384827015762,64.95714285714286,65.34285714285714,27,28,1,0.9120841643726423,0.27090277586664474,30426,high_uniform,226
186,74,-171.97647139026702,69.86486486486487,70.12162162162163,19,31,1,0.911628122290456,0.2890465078321663,30500,high_uniform,227
187,500,-299.89899383930987,23.632,23.948,158,197,0,0.9111723082293108,0.29759057772159575,31000,low_uniform,228
188,101,-190.1429967301677,61.79207920792079,61.960396039603964,17,46,1,0.9107167220751963,0.3344094213282708,31101,uniform_medium,229
189,143,-216.54059988328595,57.45454545454545,57.80419580419581,50,58,1,0.9102613637141588,0.3004796576875073,31244,uniform_medium,230
190,148,-252.26408038604964,66.60135135135135,66.91216216216216,46,61,1,0.9098062330323018,0.28278836300848303,31392,uniform_medium,231
191,81,-128.68012822371963,45.53086419753087,45.77777777777778,20,35,1,0.9093513299157857,0.3035254270574193,31473,uneven,232
192,75,-123.23021089033473,49.32,49.61333333333334,22,32,1,0.9088966542508279,0.29375736276308695,31548,uneven,233
193,70,-99.69993851368524,42.01428571428571,42.32857142857143,22,28,1,0.9084422059237025,0.31002841868570874,31618,uneven,234
194,141,-254.49753244529813,73.32624113475177,73.68794326241135,51,57,1,0.9079879848207407,0.3074323271817349,31759,uniform_medium,235
195,71,-86.8365399380239,36.732394366197184,37.140845070422536,29,28,1,0.9075339908283304,0.27365320333292786,31830,rush_hour,236
196,500,-292.4870058775687,23.224,23.522,149,204,0,0.9070802238329163,0.3053595058619976,32330,low_uniform,237
197,118,-213.4133518496772,62.440677966101696,62.70338983050848,31,51,1,0.9066266837209999,0.29799395862777356,32448,uniform_medium,238
198,500,-538.0706240123662,48.662,48.938,138,210,0,0.9061733703791394,0.3049848313033581,32948,low_uniform,239
199,115,-200.1111371801747,63.608695652173914,63.92173913043478,36,48,1,0.9057202836939499,0.29359583142011064,33063,uniform_medium,240
200,114,-194.05718546726226,59.12280701754386,59.3859649122807,30,49,1,0.9052674235521029,0.31906311776031526,33177,rush_hour,241
201,167,-298.8431964842976,74.11377245508982,74.44910179640719,56,69,1,0.9048147898403269,0.31084525504868904,33344,uniform_medium,242
202,70,-109.90684946488976,46.114285714285714,46.385714285714286,19,30,1,0.9043623824454068,0.3022340493542807,33414,rush_hour,243
203,62,-133.4376061300798,57.983870967741936,58.306451612903224,20,26,1,0.9039102012541841,0.3094361623929393,33476,high_uniform,244
204,76,-101.7848688110945,39.526315789473685,39.85526315789474,25,30,1,0.9034582461535571,0.28640811870756905,33552,uneven,245
205,80,-162.79205512965376,71.2625,71.75,39,30,1,0.9030065170304803,0.3018195014446974,33632,high_uniform,246
206,135,-196.62455859916528,54.05185185185185,54.37777777777778,44,56,1,0.9025550137719651,0.3311968957936322,33767,uniform_medium,247
207,104,-142.88224956966707,49.79807692307692,50.23076923076923,45,41,1,0.9021037362650792,0.3231862330665955,33871,uneven,248
208,73,-117.51130107797036,47.602739726027394,47.87671232876713,20,32,1,0.9016526843969468,0.32478002938505723,33944,rush_hour,249
209,127,-221.84678244658193,66.33858267716535,66.68503937007874,44,52,1,0.9012018580547484,0.33801950526049757,34071,uniform_medium,250
210,89,-118.77664014873574,45.13483146067416,45.58426966292135,40,35,1,0.900751257125721,0.33513052995955006,34160,uneven,251
211,95,-157.9934549381697,51.72631578947368,51.93684210526316,20,42,1,0.9003008814971583,0.319900697312857,34255,uniform_medium,252
212,73,-101.71760533209171,40.28767123287671,40.50684931506849,16,32,1,0.8998507310564098,0.2952213228157122,34328,uneven,253
213,100,-147.50423217370098,51.85,52.26,41,38,1,0.8994008056908817,0.3063914778828621,34428,uneven,254
214,77,-176.9401508027749,69.8051948051948,70.0909090909091,22,33,1,0.8989511052880362,0.30012096890381407,34505,high_uniform,255
215,86,-143.94054942996914,57.395348837209305,57.76744186046512,32,35,1,0.8985016297353923,0.3007122376977011,34591,uneven,256
216,196,-322.83759858648733,71.64285714285714,72.0204081632653,74,79,1,0.8980523789205246,0.3095099660662972,34787,uniform_medium,257
217,500,-396.08037458513843,33.988,34.312,162,203,0,0.8976033527310644,0.33008465623855593,35287,low_uniform,258
218,500,-368.8309168407408,31.916,32.24,162,199,0,0.8971545510546989,0.3162785824239254,35787,low_uniform,259
219,60,-120.2278052823024,56.916666666666664,57.21666666666667,18,26,1,0.8967059737791716,0.298565161973238,35847,high_uniform,260
220,67,-121.15985096460143,51.08955223880597,51.35820895522388,18,29,1,0.8962576207922821,0.33120991378577785,35914,rush_hour,261
221,500,-395.5654246231343,33.148,33.436,144,206,0,0.895809491981886,0.30906207813322545,36414,low_uniform,262
222,70,-144.18456698714317,63.05714285714286,63.42857142857143,26,29,1,0.8953615872358951,0.2945792357836451,36484,high_uniform,263
223,69,-96.41006531571387,41.26086956521739,41.666666666666664,28,27,1,0.8949139064422772,0.31487040156903473,36553,uneven,264
224,170,-239.82496646274907,58.05882352941177,58.476470588235294,71,66,1,0.8944664494890561,0.29880691749208116,36723,uniform_medium,265
225,92,-118.64481491074368,44.03260869565217,44.45652173913044,39,36,1,0.8940192162643116,0.3317080059129259,36815,uneven,266
226,142,-207.05474026576627,53.901408450704224,54.225352112676056,46,58,1,0.8935722066561794,0.33476285993213384,36957,uniform_medium,267
227,73,-114.24304031812329,46.16438356164384,46.45205479452055,21,30,1,0.8931254205528514,0.3393830479416129,37030,rush_hour,268
228,63,-126.93439222949438,59.17460317460318,59.61904761904762,28,24,1,0.8926788578425751,0.31031283476049937,37093,high_uniform,269
229,88,-172.0175714013152,66.7159090909091,67.23863636363636,46,32,1,0.8922325184136538,0.32812536152249033,37181,high_uniform,270
230,500,-271.037382705926,23.362,23.722,180,197,0,0.891786402154447,0.32106565913558005,37681,low_uniform,271
231,60,-138.57940982948318,63.1,63.31666666666667,13,26,1,0.8913405089533699,0.2952834084630013,37741,high_uniform,272
232,81,-140.26451626552654,58.82716049382716,59.24691358024691,34,32,1,0.8908948386988933,0.31350752858468045,37822,rush_hour,273
233,500,-276.67397137462166,21.404,21.716,156,204,0,0.8904493912795439,0.3274073792994022,38322,low_uniform,274
234,98,-134.85002384825637,47.60204081632653,47.96938775510204,36,38,1,0.8900041665839042,0.32590299783920756,38420,uneven,275
235,69,-122.76545153036761,49.95652173913044,50.30434782608695,24,28,1,0.8895591645006123,0.3129819191020468,38489,high_uniform,276
236,83,-121.93572350802305,46.55421686746988,46.903614457831324,29,33,1,0.889114384918362,0.30230303781937407,38572,uneven,277
237,89,-139.74999434247923,54.89887640449438,55.235955056179776,30,37,1,0.8886698277259029,0.3356063869896899,38661,uneven,278
238,71,-122.66266428775387,54.54929577464789,55.04225352112676,35,26,1,0.88822549281204,0.3206985895062836,38732,high_uniform,279
239,131,-199.39171128676108,59.74045801526717,60.13740458015267,52,51,1,0.887781380065634,0.31353671848773956,38863,uniform_medium,280
240,122,-172.5048981248167,55.721311475409834,56.18032786885246,56,46,1,0.8873374893756012,0.3201855085179454,38985,uneven,281
241,500,-340.4660312657673,27.526,27.816,145,208,0,0.8868938206309135,0.31961501294374467,39485,low_uniform,282
242,77,-166.20100071124915,71.62337662337663,72.03896103896103,32,31,1,0.8864503737205981,0.3348537695098233,39562,high_uniform,283
243,500,-232.3666067791611,19.19,19.54,175,193,0,0.8860071485337379,0.3138699959814549,40062,low_uniform,284
244,98,-141.6473468277961,52.295918367346935,52.704081632653065,40,38,1,0.885564144959471,0.30062846824222683,40160,uneven,285
245,67,-120.22796533406986,53.8955223880597,54.1044776119403,14,30,1,0.8851213628869913,0.29247959580884053,40227,uneven,286
246,500,-285.09250759583847,24.028,24.378,175,196,0,0.8846788022055478,0.30159455579519273,40727,low_uniform,287
247,38,-63.284804369613724,31.236842105263158,31.342105263157894,4,17,1,0.8842364628044451,0.31055526788297455,40765,uneven,288
248,61,-136.80052431767808,63.622950819672134,63.90163934426229,17,26,1,0.883794344573043,0.3116811909636513,40826,high_uniform,289
249,56,-103.92725369629598,46.82142857142857,46.964285714285715,8,26,1,0.8833524474007565,0.3550004485462393,40882,uneven,290
250,500,-221.61949538876306,16.134,16.448,157,195,0,0.8829107711770562,0.2932398338317871,41382,low_uniform,291
251,500,-311.3014681257934,27.1,27.446,173,199,0,0.8824693157914677,0.2991371396183968,41882,low_uniform,292
252,66,-138.83724871981275,64.72727272727273,65.12121212121212,26,27,1,0.882028081133572,0.2927875220775604,41948,high_uniform,293
253,500,-347.59472803175987,28.862,29.156,147,207,0,0.8815870670930053,0.29176159289479253,42448,low_uniform,294
254,186,-286.1141200339625,65.54301075268818,65.95161290322581,76,71,1,0.8811462735594588,0.2858885540276445,42634,uniform_medium,295
255,94,-121.7310784369203,43.191489361702125,43.52127659574468,31,38,1,0.8807057004226791,0.3268906020737709,42728,uneven,296
256,500,-365.3447650117166,30.196,30.48,142,206,0,0.8802653475724679,0.3059321662783623,43228,low_uniform,297
257,102,-168.60684399539798,56.294117647058826,56.666666666666664,38,42,1,0.8798252148986817,0.2992487368630428,43330,uneven,298
258,500,-208.79283592111764,17.162,17.546,192,194,0,0.8793853022912325,0.3080487117767334,43830,low_uniform,299
259,500,-239.67645616958174,17.076,17.368,146,204,0,0.8789456096400869,0.3011362682431936,44330,low_uniform,300
260,67,-132.94012529148972,58.97014925373134,59.35820895522388,26,27,1,0.8785061368352669,0.3005452507467412,44397,high_uniform,301
261,101,-138.71330887054026,48.554455445544555,48.93069306930693,38,41,1,0.8780668837668493,0.2875810979616524,44498,uneven,302
262,500,-220.68267156987898,17.092,17.42,164,192,0,0.8776278503249659,0.2979832620918751,44998,low_uniform,303
263,179,-230.38427554780606,53.435754189944134,53.865921787709496,77,68,1,0.8771890363998035,0.29300914729773664,45177,uniform_medium,304
264,79,-110.28935602314684,45.848101265822784,46.278481012658226,34,30,1,0.8767504418816037,0.293527516383159,45256,rush_hour,305
265,68,-93.34576440622705,37.294117647058826,37.55882352941177,18,28,1,0.876312066660663,0.27415619571419325,45324,rush_hour,306
266,99,-199.93619305111727,78.3030303030303,78.88888888888889,58,34,1,0.8758739106273327,0.32349155813154545,45423,high_uniform,307
267,61,-119.18969725253281,55.47540983606557,55.885245901639344,25,24,1,0.8754359736720191,0.27820646469710303,45484,high_uniform,308
268,179,-304.71433576606034,66.7877094972067,67.07262569832402,51,76,1,0.8749982556851831,0.3183944465061806,45663,uniform_medium,309
269,89,-148.53500592551848,52.98876404494382,53.235955056179776,22,39,1,0.8745607565573406,0.32551620113715696,45752,uneven,310
270,73,-171.4227818138278,76.65753424657534,76.98630136986301,24,31,1,0.8741234761790619,0.2658093644127454,45825,high_uniform,311
271,151,-227.67359439780049,55.41721854304636,55.682119205298015,40,63,1,0.8736864144409725,0.2993172276888462,45976,uniform_medium,312
272,500,-298.7938213125006,24.662,24.996,167,202,0,0.873249571233752,0.30403070648014546,46476,low_uniform,313
273,500,-344.2374440586608,29.516,29.84,162,199,0,0.8728129464481352,0.29154964119195936,46976,low_uniform,314
274,70,-110.32631900070834,49.142857142857146,49.51428571428571,26,29,1,0.8723765399749112,0.2901059538125992,47046,rush_hour,315
275,67,-121.01854040890376,59.0,59.56716417910448,38,22,1,0.8719403517049238,0.2911232427429797,47113,high_uniform,316
276,69,-138.84461112255676,62.36231884057971,62.84057971014493,33,25,1,0.8715043815290714,0.2779892000599184,47182,high_uniform,317
277,61,-120.18563612919867,58.08196721311475,58.39344262295082,19,25,1,0.8710686293383069,0.3035665826230753,47243,high_uniform,318
278,66,-92.94305844924313,41.13636363636363,41.515151515151516,25,26,1,0.8706330950236377,0.3263493991936698,47309,uneven,319
279,500,-239.142368382712,16.31,16.592,141,199,0,0.870197778476126,0.3017996767312288,47809,low_uniform,320
280,500,-272.60734076725566,22.302,22.642,170,202,0,0.869762679586888,0.3010935305953026,48309,low_uniform,321
281,163,-311.1031022727659,78.20245398773007,78.52147239263803,52,68,1,0.8693277982470946,0.3073582461823715,48472,uniform_medium,322
282,70,-151.28837621015452,66.42857142857143,66.8,26,28,1,0.8688931343479711,0.26598102641957144,48542,high_uniform,323
283,102,-150.97505640063076,46.745098039215684,47.029411764705884,29,43,1,0.8684586877807972,0.30328232809609057,48644,uneven,324
284,63,-109.6102244617351,54.95238095238095,55.523809523809526,36,23,1,0.8680244584369068,0.2830893678797616,48707,high_uniform,325
285,66,-134.8525508106213,63.34848484848485,63.86363636363637,34,25,1,0.8675904462076884,0.28792492345427023,48773,high_uniform,326
286,80,-139.36115126235333,58.5125,58.8375,26,34,1,0.8671566509845846,0.31932587530463935,48853,rush_hour,327
287,500,-253.67244673208515,19.632,19.944,156,201,0,0.8667230726590923,0.2981664749979973,49353,low_uniform,328
288,67,-136.0530454293267,60.014925373134325,60.37313432835821,24,27,1,0.8662897111227629,0.31127527000299143,49420,high_uniform,329
289,67,-160.98879425543942,75.6268656716418,75.8955223880597,18,29,1,0.8658565662672015,0.3114639089178683,49487,high_uniform,330
290,74,-166.58941575241838,69.98648648648648,70.28378378378379,22,32,1,0.865423637984068,0.2842457306546134,49561,high_uniform,331
291,96,-149.28667029598532,56.010416666666664,56.427083333333336,40,38,1,0.864990926165076,0.299646956846118,49657,rush_hour,332
292,91,-173.3926318457209,66.43956043956044,66.72527472527473,26,39,1,0.8645584307019936,0.2882452196144796,49748,uniform_medium,333
293,76,-111.70771424950478,40.4078947368421,40.63157894736842,17,34,1,0.8641261514866426,0.2957712333453329,49824,rush_hour,334
294,168,-282.16741855140185,70.54166666666667,70.9702380952381,72,65,1,0.8636940884108993,0.2896873951845226,49992,uniform_medium,335
295,76,-131.78594247733034,63.14473684210526,63.73684210526316,45,27,1,0.8632622413666939,0.2769531176278466,50068,high_uniform,336
296,54,-106.68479475716616,53.53703703703704,53.96296296296296,23,21,1,0.8628306102460106,0.30109626054763794,50122,high_uniform,337
297,65,-106.20567352591928,45.44615384615385,45.723076923076924,18,28,1,0.8623991949408877,0.2972985698626592,50187,rush_hour,338
298,60,-131.2881605720713,62.583333333333336,62.88333333333333,18,26,1,0.8619679953434173,0.3100559155146281,50247,high_uniform,339
299,156,-223.31684811655825,62.38461538461539,62.8525641025641,73,60,1,0.8615370113457457,0.2961112877879387,50403,uniform_medium,340
300,500,-265.29738929212914,22.834,23.188,177,194,0,0.8611062428400729,0.30169233687222,50903,low_uniform,341
301,131,-178.84154514179912,53.51145038167939,54.030534351145036,68,49,1,0.8606756897186528,0.29220305747203246,51034,uniform_medium,342
302,103,-143.74558499081843,49.66990291262136,50.05825242718446,40,41,1,0.8602453518737936,0.27470463926641686,51137,rush_hour,343
303,500,-355.60071566203464,31.888,32.242,177,201,0,0.8598152291978567,0.2986905185431242,51637,low_uniform,344
304,76,-107.71392769956317,43.56578947368421,43.9078947368421,26,31,1,0.8593853215832578,0.31932818115149675,51713,rush_hour,345
305,69,-145.10238490813754,67.28985507246377,67.72463768115942,30,27,1,0.8589556289224661,0.2981318358493888,51782,high_uniform,346
306,500,-290.99882931781156,24.992,25.352,180,204,0,0.8585261511080049,0.29608226101100443,52282,low_uniform,347
307,185,-243.8033533613568,62.15135135135135,62.73513513513514,108,63,1,0.858096888032451,0.2994324649507935,52467,uniform_medium,348
308,70,-150.13597003286867,69.14285714285714,69.52857142857142,27,28,1,0.8576678395884348,0.29656536344970974,52537,high_uniform,349
309,139,-222.77773152530162,58.47482014388489,58.74820143884892,38,58,1,0.8572390056686406,0.2799464188676944,52676,uniform_medium,350
310,500,-181.8718015255968,11.33,11.608,139,198,0,0.8568103861658064,0.29764009177684786,53176,low_uniform,351
311,104,-138.1625576393027,49.31730769230769,49.74038461538461,44,41,1,0.8563819809727236,0.28499064694803494,53280,uneven,352
312,81,-139.6068427084272,53.17283950617284,53.44444444444444,22,35,1,0.8559537899822373,0.28801055436516987,53361,uneven,353
313,500,-324.81010255303306,25.902,26.21,154,206,0,0.8555258130872462,0.29758182881772516,53861,low_uniform,354
314,123,-194.9479557175964,56.8130081300813,57.073170731707314,32,53,1,0.8550980501807026,0.31957813334174273,53984,uniform_medium,355
315,108,-172.6730292444196,56.56481481481482,56.861111111111114,32,45,1,0.8546705011556123,0.2731783464550972,54092,uniform_medium,356
316,85,-105.76144080590097,38.37647058823529,38.752941176470586,32,34,1,0.8542431659050345,0.26627444256754484,54177,uneven,357
317,95,-143.36419169226065,55.50526315789474,56.01052631578948,48,35,1,0.853816044322082,0.3168198025540302,54272,uneven,358
318,93,-111.26622779765133,41.774193548387096,42.18279569892473,38,37,1,0.8533891362999211,0.3057628581600805,54365,uneven,359
319,67,-126.08932318614578,56.940298507462686,57.149253731343286,14,30,1,0.8529624417317712,0.2644548351640132,54432,rush_hour,360
320,94,-104.8670878700571,36.212765957446805,36.58510638297872,35,38,1,0.8525359605109053,0.2868563750798398,54526,uneven,361
321,124,-205.1834000518017,61.95967741935484,62.274193548387096,39,51,1,0.8521096925306499,0.29448119310602067,54650,uniform_medium,362
322,500,-356.95457399694226,28.934,29.218,142,209,0,0.8516836376843847,0.2892360403984785,55150,low_uniform,363
323,80,-112.9286143865872,46.325,46.6875,29,31,1,0.8512577958655425,0.2954679122194648,55230,uneven,364
324,87,-127.27479840711344,52.14942528735632,52.58620689655172,38,34,1,0.8508321669676098,0.3023978138620826,55317,rush_hour,365
325,60,-89.59652229991265,40.083333333333336,40.43333333333333,21,24,1,0.850406750884126,0.2824121336142222,55377,rush_hour,366
326,126,-229.38164088278006,74.42063492063492,74.86507936507937,56,49,1,0.8499815475086839,0.30170358244388823,55503,uniform_medium,367
327,105,-180.81836523046545,59.10476190476191,59.39047619047619,30,44,1,0.8495565567349297,0.3010319213072459,55608,uniform_medium,368
328,500,-265.91252947494587,20.414,20.732,159,204,0,0.8491317784565623,0.30229389075934887,56108,low_uniform,369
329,500,-399.7219230529951,35.016,35.33,157,206,0,0.8487072125673341,0.2935702347308397,56608,low_uniform,370
330,67,-130.3136197824173,61.38805970149254,61.88059701492537,33,25,1,0.8482828589610505,0.2655026382252352,56675,high_uniform,371
331,64,-131.43556345625558,57.65625,58.0,22,27,1,0.84785871753157,0.2570874993689358,56739,high_uniform,372
332,162,-257.3574454654679,63.56172839506173,63.97530864197531,67,63,1,0.8474347881728043,0.3108602146859522,56901,uniform_medium,373
333,124,-148.36496990978307,44.524193548387096,44.92741935483871,50,49,1,0.847011070778718,0.2865506003220235,57025,uniform_medium,374
334,66,-83.5578426027781,36.81818181818182,37.18181818181818,24,27,1,0.8465875652433287,0.28711813710855716,57091,rush_hour,375
335,47,-99.52709697575244,52.5531914893617,52.93617021276596,18,19,1,0.846164271460707,0.26999526756240966,57138,high_uniform,376
336,70,-98.59681061093893,44.98571428571429,45.385714285714286,28,27,1,0.8457411893249768,0.2885045966931752,57208,rush_hour,377
337,95,-135.99336755934533,47.8421052631579,48.2,34,39,1,0.8453183187303144,0.2763224282547047,57303,rush_hour,378
338,122,-204.31543769066764,60.057377049180324,60.30327868852459,30,54,1,0.8448956595709493,0.2926852798364202,57425,uniform_medium,379
339,154,-226.32819378224502,56.97402597402598,57.35064935064935,58,63,1,0.8444732117411639,0.30185415368382035,57579,uniform_medium,380
340,121,-168.85180305907159,56.53719008264463,57.099173553719005,68,44,1,0.8440509751352934,0.2798759862164821,57700,rush_hour,381
341,89,-116.67395370385687,43.08988764044944,43.52808988764045,39,35,1,0.8436289496477257,0.24147822197233693,57789,uneven,382
342,139,-240.75557488133632,67.48920863309353,67.8273381294964,47,57,1,0.8432071351729019,0.28814655301167813,57928,uniform_medium,383
343,114,-170.8532370855739,54.25438596491228,54.62280701754386,42,46,1,0.8427855316053156,0.2694467481291085,58042,uneven,384
344,77,-167.00620022434336,71.12987012987013,71.50649350649351,29,31,1,0.8423641388395129,0.28609456054188986,58119,high_uniform,385
345,84,-117.53756663063068,43.04761904761905,43.404761904761905,30,34,1,0.8419429567700932,0.2547172840152468,58203,rush_hour,386
346,123,-168.00180924628052,51.08943089430894,51.46341463414634,46,49,1,0.8415219852917082,0.2728240618376228,58326,uniform_medium,387
347,70,-98.43520614000305,45.25714285714286,45.67142857142857,29,27,1,0.8411012242990624,0.2768768391438893,58396,rush_hour,388
348,79,-110.61853855267954,38.050632911392405,38.30379746835443,20,34,1,0.8406806736869129,0.3076381885175464,58475,rush_hour,389
349,500,-277.02531117182303,23.758,24.126,184,196,0,0.8402603333500694,0.2779058264344931,58975,low_uniform,390
350,500,-211.74757788947812,16.414,16.768,177,198,0,0.8398402031833945,0.27372605618834495,59475,low_uniform,391
351,76,-160.22018331702674,69.0657894736842,69.51315789473684,34,29,1,0.8394202830818028,0.28626220830177007,59551,high_uniform,392
352,500,-303.7128647596011,23.6,23.908,154,196,0,0.839000572940262,0.270875421077013,60051,low_uniform,393
353,166,-274.4876910983107,70.98795180722891,71.45180722891567,77,64,1,0.8385810726537919,0.28278227976287706,60217,uniform_medium,394
354,82,-179.62069540358408,74.47560975609755,74.86585365853658,32,33,1,0.8381617821174651,0.273451430223337,60299,high_uniform,395
355,88,-95.47869900344108,39.46590909090909,39.98863636363637,46,31,1,0.8377427012264064,0.26262070128524845,60387,rush_hour,396
356,68,-100.07974725240618,40.39705882352941,40.69117647058823,20,29,1,0.8373238298757932,0.26110330717090297,60455,rush_hour,397
357,500,-217.41651663836592,17.428,17.778,175,189,0,0.8369051679608553,0.2832027180045843,60955,low_uniform,398
358,64,-95.23206215039014,41.375,41.640625,17,28,1,0.8364867153768749,0.2645158546511084,61019,rush_hour,399
359,500,-318.85477744863664,28.236,28.588,176,195,0,0.8360684720191865,0.27813340313732626,61519,low_uniform,400
360,113,-166.39249601826774,51.123893805309734,51.48672566371681,41,46,1,0.835650437783177,0.2725452912592255,61632,uneven,401
361,92,-146.0514046199062,53.58695652173913,53.97826086956522,36,36,1,0.8352326125642855,0.2926487550139427,61724,rush_hour,402
362,62,-90.01443906840318,36.12903225806452,36.33870967741935,13,27,1,0.8348149962580034,0.26178959456662976,61786,rush_hour,403
363,140,-180.0286291469179,55.285714285714285,55.82142857142857,75,49,1,0.8343975887598745,0.2842434188617127,61926,uniform_medium,404
364,77,-106.95805490963726,42.58441558441559,42.935064935064936,27,32,1,0.8339803899654946,0.2661527143670367,62003,rush_hour,405
365,500,-277.3596442905821,21.328,21.612,142,200,0,0.833563399770512,0.2713823435008526,62503,low_uniform,406
366,76,-149.03897015159512,62.43421052631579,62.9078947368421,36,28,1,0.8331466180706267,0.2689816912538127,62579,high_uniform,407
367,81,-174.52681814359406,73.62962962962963,74.04938271604938,34,32,1,0.8327300447615915,0.2831133822048152,62660,high_uniform,408
368,169,-230.9483212257461,60.40828402366864,60.905325443786985,84,62,1,0.8323136797392108,0.29511944764464565,62829,uniform_medium,409
369,500,-245.85695555897175,21.098,21.486,194,194,0,0.8318975228993413,0.28028084832429884,63329,low_uniform,410
370,78,-109.64798988113343,44.65384615384615,45.0,27,31,1,0.8314815741378917,0.25846404219285035,63407,uneven,411
371,144,-207.22994286358008,56.11805555555556,56.5,55,57,1,0.8310658333508228,0.25205947308697635,63551,uniform_medium,412
372,98,-150.01366904277785,48.826530612244895,49.06122448979592,23,42,1,0.8306503004341474,0.2836536253441353,63649,uneven,413
373,65,-143.2132515667464,60.215384615384615,60.46153846153846,16,28,1,0.8302349752839304,0.2521370362776976,63714,high_uniform,414
374,126,-181.27134331759456,56.79365079365079,57.22222222222222,54,49,1,0.8298198577962885,0.2820842211090383,63840,uniform_medium,415
375,76,-96.15961110220388,33.5921052631579,33.89473684210526,23,32,1,0.8294049478673904,0.2850745067392525,63916,rush_hour,416
376,500,-265.6713775900304,21.326,21.676,175,205,0,0.8289902453934568,0.2799666305482388,64416,low_uniform,417
377,83,-112.99886270918171,44.506024096385545,44.89156626506024,32,32,1,0.8285757502707601,0.2727275237620595,64499,uneven,418
378,82,-124.68723539491671,49.26829268292683,49.63414634146341,30,34,1,0.8281614623956248,0.2851170699407415,64581,uneven,419
379,164,-260.13150049158133,68.33536585365853,68.79878048780488,76,63,1,0.8277473816644271,0.2692075676125724,64745,uniform_medium,420
380,149,-205.12137020986486,59.07382550335571,59.57046979865772,74,56,1,0.827333507973595,0.26232996387969726,64894,uniform_medium,421
381,500,-278.8853548319977,22.258,22.566,154,198,0,0.8269198412196082,0.28177005545794964,65394,low_uniform,422
382,77,-123.6111142823963,52.25974025974026,52.5974025974026,26,31,1,0.8265063812989984,0.27471949431029236,65471,rush_hour,423
383,73,-110.29989144604177,45.35616438356164,45.67123287671233,23,28,1,0.826093128108349,0.2943377382542989,65544,rush_hour,424
384,130,-171.19401594859463,48.56153846153846,48.96923076923077,53,50,1,0.8256800815442948,0.2647195759301002,65674,uniform_medium,425
385,500,-205.51238488634218,15.274,15.59,158,189,0,0.8252672415035227,0.26835431811213495,66174,low_uniform,426
386,500,-362.74653008590445,32.58,32.934,177,195,0,0.824854607882771,0.2738794868439436,66674,low_uniform,427
387,500,-171.92529340704343,11.99,12.338,174,194,0,0.8244421805788297,0.2668293374031782,67174,low_uniform,428
388,53,-77.71110552124568,32.39622641509434,32.64150943396226,13,23,1,0.8240299594885403,0.2355056402255904,67227,rush_hour,429
389,74,-107.76013180144794,44.41891891891892,44.851351351351354,32,29,1,0.8236179445087961,0.22790443172325958,67301,rush_hour,430
390,500,-191.75158927721276,13.418,13.758,170,196,0,0.8232061355365418,0.2600147316902876,67801,low_uniform,431
391,94,-133.15712825748295,47.840425531914896,48.223404255319146,36,35,1,0.8227945324687735,0.2601770079357827,67895,uneven,432
392,500,-317.2431401406987,28.576,28.932,178,200,0,0.8223831352025393,0.26275850665569306,68395,low_uniform,433
393,165,-260.0444790717191,68.6969696969697,69.16969696969697,78,60,1,0.821971943634938,0.28254372640089553,68560,uniform_medium,434
394,84,-168.04941753239768,68.30952380952381,68.82142857142857,43,31,1,0.8215609576631205,0.25556460200321107,68644,high_uniform,435
395,110,-175.37571902052252,57.627272727272725,57.96363636363636,37,46,1,0.8211501771842891,0.2745445351709019,68754,uneven,436
396,72,-93.92520150403863,44.47222222222222,45.02777777777778,40,26,1,0.820739602095697,0.2409404158178303,68826,rush_hour,437
397,500,-175.6530513344924,13.382,13.75,184,182,0,0.8203292322946492,0.25465471620857716,69326,low_uniform,438
398,500,-202.00267051164258,16.37,16.738,184,190,0,0.8199190676785019,0.2648032350540161,69826,low_uniform,439
399,130,-209.14976452820315,60.0,60.33076923076923,43,53,1,0.8195091081446627,0.24861084824571242,69956,uniform_medium,440
400,126,-229.19993262340387,66.65079365079364,66.88095238095238,29,56,1,0.8190993535905904,0.2457628787036926,70082,uniform_medium,441
401,117,-143.86576673366432,49.64957264957265,50.205128205128204,65,41,1,0.8186898039137951,0.24188107162968725,70199,rush_hour,442
402,107,-124.00061640871174,41.83177570093458,42.32710280373832,53,40,1,0.8182804590118382,0.26394010321280664,70306,uneven,443
403,209,-341.8668279956346,73.5311004784689,74.00956937799043,100,79,1,0.8178713187823323,0.25507037911974073,70515,uniform_medium,444
404,103,-155.55594028058732,52.970873786407765,53.359223300970875,40,42,1,0.8174623831229412,0.26366068213020716,70618,rush_hour,445
405,78,-138.92579673245007,61.23076923076923,61.794871794871796,44,28,1,0.8170536519313798,0.2733897589720212,70696,high_uniform,446
406,72,-120.08920401481264,52.861111111111114,53.40277777777778,39,26,1,0.8166451251054142,0.23488913724819818,70768,high_uniform,447
407,75,-163.3022276183406,66.65333333333334,67.02666666666667,28,31,1,0.8162368025428616,0.2521422598759333,70843,high_uniform,448
408,500,-258.1809931172338,20.99,21.326,168,193,0,0.8158286841415902,0.25608554904162883,71343,low_uniform,449
409,69,-103.62071900419566,42.43478260869565,42.7536231884058,22,29,1,0.8154207697995194,0.2809666092844977,71412,rush_hour,450
410,500,-179.83419744493665,14.474,14.832,179,185,0,0.8150130594146197,0.2632240766584873,71912,low_uniform,451
411,500,-205.9763565103537,16.268,16.628,180,190,0,0.8146055528849124,0.2617563490122557,72412,low_uniform,452
412,148,-209.84130071565616,55.92567567567568,56.32432432432432,59,58,1,0.81419825010847,0.26211537808381224,72560,uniform_medium,453
413,131,-169.89633889001198,50.229007633587784,50.67175572519084,58,50,1,0.8137911509834158,0.24289734741203658,72691,uniform_medium,454
414,500,-264.9710168485391,22.592,22.942,175,195,0,0.8133842554079241,0.2412657001912594,73191,low_uniform,455
415,500,-365.54825094843386,34.446,34.844,199,199,0,0.8129775632802202,0.25347531294822695,73691,low_uniform,456
416,87,-118.93684433591679,47.310344827586206,47.724137931034484,36,33,1,0.8125710744985801,0.2569619544792449,73778,uneven,457
417,65,-70.72809425659663,37.66153846153846,38.276923076923076,40,23,1,0.8121647889613309,0.22651592137721868,73843,rush_hour,458
418,500,-171.1536043954985,13.138,13.514,188,191,0,0.8117587065668503,0.25908766247332093,74343,low_uniform,459
419,228,-354.00643977485026,71.71929824561404,72.21491228070175,113,84,1,0.8113528272135669,0.24892839759980379,74571,uniform_medium,460
420,53,-119.24990005872851,60.735849056603776,61.075471698113205,18,22,1,0.8109471507999602,0.2882426347372667,74624,high_uniform,461
421,74,-128.81972919753127,50.972972972972975,51.270270270270274,22,32,1,0.8105416772245603,0.24771007573282397,74698,rush_hour,462
422,79,-123.14055285520759,48.34177215189873,48.59493670886076,20,35,1,0.8101364063859481,0.2598451134524768,74777,uneven,463
423,55,-82.79293352120831,40.345454545454544,40.63636363636363,16,23,1,0.8097313381827551,0.273286564106291,74832,uneven,464
424,62,-124.75216788906906,56.16129032258065,56.483870967741936,20,26,1,0.8093264725136637,0.2511133727046751,74894,high_uniform,465
425,74,-116.14009302374205,48.62162162162162,49.12162162162162,37,28,1,0.808921809277407,0.2606243185094885,74968,high_uniform,466
426,500,-165.81011624426978,13.104,13.484,190,192,0,0.8085173483727683,0.26554468217492105,75468,low_uniform,467
427,108,-165.95773909752202,56.611111111111114,57.01851851851852,44,43,1,0.808113089698582,0.26846646089796666,75576,rush_hour,468
428,97,-157.27455788144783,55.402061855670105,55.71134020618557,30,41,1,0.8077090331537328,0.24688395696509743,75673,rush_hour,469
429,500,-296.72849970958697,25.55,25.892,171,197,0,0.8073051786371559,0.24987989290058613,76173,low_uniform,470
430,91,-132.25942364336188,52.2967032967033,52.747252747252745,41,35,1,0.8069015260478374,0.22110309492755723,76264,uneven,471
431,500,-221.76835586049657,17.796,18.144,174,201,0,0.8064980752848135,0.25022637577354906,76764,low_uniform,472
432,117,-159.66733511262007,53.717948717948715,54.1965811965812,56,43,1,0.8060948262471712,0.24415852409652156,76881,uneven,473
433,75,-129.79758402223763,57.013333333333335,57.36,26,31,1,0.8056917788340476,0.23352604180574418,76956,rush_hour,474
434,500,-277.1776375384785,22.126,22.446,160,203,0,0.8052889329446307,0.24902821493148802,77456,low_uniform,475
435,74,-165.31355596463933,73.08108108108108,73.48648648648648,30,29,1,0.8048862884781584,0.2598828800223969,77530,high_uniform,476
436,500,-154.22342467913623,11.976,12.358,191,186,0,0.8044838453339194,0.2476320672929287,78030,low_uniform,477
437,63,-97.67680467023418,52.20634920634921,52.87301587301587,42,20,1,0.8040816034112525,0.24074679211018576,78093,high_uniform,478
438,98,-159.94262908375038,56.02040816326531,56.36734693877551,34,40,1,0.8036795626095469,0.25746725431206274,78191,rush_hour,479
439,500,-251.31399153222554,20.366,20.718,176,196,0,0.8032777228282422,0.2470063824504614,78691,low_uniform,480
440,167,-281.67421123701956,70.27544910179641,70.68862275449102,69,65,1,0.8028760839668281,0.26568435605414614,78858,uniform_medium,481
441,82,-120.078512207867,49.46341463414634,49.890243902439025,35,32,1,0.8024746459248447,0.26326450342085306,78940,rush_hour,482
442,136,-231.8965741886642,70.21323529411765,70.63970588235294,58,53,1,0.8020734086018824,0.24271959827884154,79076,uniform_medium,483
443,500,-300.32003256581567,26.44,26.79,175,195,0,0.8016723718975814,0.25448207987844945,79576,low_uniform,484
444,74,-131.25353247983782,55.891891891891895,56.45945945945946,42,27,1,0.8012715357116327,0.25912779116550005,79650,high_uniform,485
445,73,-132.88617486554807,65.52054794520548,66.20547945205479,50,23,1,0.8008708999437769,0.24450763743625928,79723,high_uniform,486
446,87,-108.51684791364507,42.839080459770116,43.32183908045977,42,33,1,0.8004704644938051,0.23903984559335928,79810,uneven,487
447,152,-210.48521024339368,57.42763157894737,57.875,68,59,1,0.8000702292615582,0.25069569649272844,79962,uniform_medium,488
448,102,-134.67928423818043,47.872549019607845,48.34313725490196,48,38,1,0.7996701941469275,0.26394789709764366,80064,rush_hour,489
449,83,-162.96109662651554,64.62650602409639,65.06024096385542,36,32,1,0.7992703590498541,0.2329634313123772,80147,high_uniform,490
450,125,-198.47473863827665,62.424,62.848,53,49,1,0.7988707238703292,0.23324606662988662,80272,uniform_medium,491
451,93,-159.336728738286,58.67741935483871,59.03225806451613,33,38,1,0.7984712885083941,0.25685219458674874,80365,rush_hour,492
452,75,-86.76062170794408,37.0,37.46666666666667,35,28,1,0.79807205286414,0.23710460732380548,80440,rush_hour,493
453,69,-147.7441031789553,62.04347826086956,62.36231884057971,22,29,1,0.797673016837708,0.261353697789752,80509,high_uniform,494
454,500,-202.7474158874718,16.426,16.8,187,191,0,0.7972741803292892,0.25185281650722025,81009,low_uniform,495
455,78,-158.92744639703557,64.24358974358974,64.6025641025641,28,32,1,0.7968755432391246,0.22861969604706153,81087,high_uniform,496
456,63,-111.84990143971382,55.0,55.476190476190474,30,24,1,0.796477105467505,0.24451110441060292,81150,high_uniform,497
457,500,-300.7194391936287,25.266,25.604,169,201,0,0.7960788669147714,0.24821139219403268,81650,low_uniform,498
458,102,-150.23242960877857,55.81372549019608,56.30392156862745,50,36,1,0.7956808274813141,0.2542138269134596,81752,uneven,499
459,69,-95.32077411527237,42.405797101449274,42.81159420289855,28,27,1,0.7952829870675735,0.2574321246449498,81821,rush_hour,500
460,500,-215.34041089499493,15.058,15.382,162,200,0,0.7948853455740398,0.24887959198653697,82321,low_uniform,501
461,86,-150.10738430076157,57.46511627906977,57.77906976744186,27,36,1,0.7944879029012528,0.2232089167417482,82407,uneven,502
462,500,-380.4548387073568,36.6,37.008,204,194,0,0.7940906589498022,0.2450528839379549,82907,low_uniform,503
463,91,-116.60482620915602,45.10989010989011,45.54945054945055,40,34,1,0.7936936136203274,0.25065387351499807,82998,uneven,504
464,74,-150.21543330523335,70.9054054054054,71.52702702702703,46,26,1,0.7932967668135174,0.23673817042160678,83072,high_uniform,505
465,500,-169.08962187206876,12.618,12.988,185,187,0,0.7929001184301107,0.23792171347141267,83572,low_uniform,506
466,92,-139.35323579860312,51.608695652173914,51.90217391304348,27,37,1,0.7925036683708957,0.2532002812494402,83664,rush_hour,507
467,500,-209.68196731226993,19.056,19.464,204,190,0,0.7921074165367102,0.24240594823658465,84164,low_uniform,508
468,86,-156.07883188089468,64.65116279069767,65.22093023255815,49,30,1,0.7917113628284419,0.2631315640065559,84250,high_uniform,509
469,500,-224.5433232141076,19.928,20.318,195,191,0,0.7913155071470277,0.24041592924296856,84750,low_uniform,510
470,86,-144.55852325977514,53.127906976744185,53.395348837209305,23,37,1,0.7909198493934543,0.24858278963108396,84836,rush_hour,511
471,73,-103.94421820733251,46.68493150684932,47.136986301369866,33,27,1,0.7905243894687576,0.2594102002578239,84909,uneven,512
472,88,-133.3183805996146,56.625,57.17045454545455,48,32,1,0.7901291272740233,0.24031699694354425,84997,rush_hour,513
473,74,-154.5880174189022,68.36486486486487,68.78378378378379,31,29,1,0.7897340627103864,0.2373340046284972,85071,high_uniform,514
474,73,-160.39922944985287,66.73972602739725,67.05479452054794,23,30,1,0.7893391956790312,0.26289988013163007,85144,high_uniform,515
475,60,-79.04477331259193,32.016666666666666,32.25,14,26,1,0.7889445260811917,0.23859775811433792,85204,uneven,516
476,142,-154.00031401550694,44.53521126760563,45.07746478873239,77,50,1,0.7885500538181511,0.23620277958017,85346,uneven,517
477,60,-96.52060211959412,46.666666666666664,47.0,20,25,1,0.7881557787912421,0.22794911749660968,85406,rush_hour,518
478,500,-300.88727938869874,26.07,26.406,168,198,0,0.7877617009018465,0.23556874485313892,85906,low_uniform,519
479,102,-168.50603237162093,60.049019607843135,60.431372549019606,39,41,1,0.7873678200513956,0.23580833159241021,86008,uneven,520
480,500,-249.32027765522747,20.608,20.944,168,190,0,0.7869741361413699,0.24256951275467872,86508,low_uniform,521
481,161,-273.21545854419287,74.26708074534162,74.73913043478261,76,61,1,0.7865806490732993,0.2470015628460031,86669,uniform_medium,522
482,83,-129.3021331018292,46.42168674698795,46.63855421686747,18,36,1,0.7861873587487627,0.2523815683930753,86752,rush_hour,523
483,203,-266.31682646618543,62.19211822660098,62.77832512315271,119,67,1,0.7857942650693883,0.24381849074304984,86955,uniform_medium,524
484,112,-171.98741753273086,60.223214285714285,60.669642857142854,50,42,1,0.7854013679368537,0.2601305286266974,87067,uneven,525
485,79,-149.94660282826004,63.29113924050633,63.734177215189874,35,28,1,0.7850086672528853,0.24914823123548605,87146,high_uniform,526
486,146,-165.50067889995375,44.60958904109589,45.0958904109589,71,54,1,0.784616162919259,0.2446725115384141,87292,uniform_medium,527
487,116,-168.52488512266982,56.35344827586207,56.775862068965516,49,44,1,0.7842238548377993,0.24159885859438057,87408,uniform_medium,528
488,85,-144.86554352738682,61.8235294117647,62.43529411764706,52,29,1,0.7838317429103805,0.24350158686147017,87493,high_uniform,529
489,94,-119.5045473225483,42.58510638297872,42.98936170212766,38,35,1,0.7834398270389253,0.22654832661785979,87587,uneven,530
490,92,-131.461156543816,48.858695652173914,49.29347826086956,40,36,1,0.783048107125406,0.2507410552352667,87679,uneven,531
491,80,-112.60682995278466,44.8125,45.175,29,32,1,0.7826565830718433,0.26307321935892103,87759,rush_hour,532
492,69,-85.05563792694763,36.91304347826087,37.31884057971015,28,27,1,0.7822652547803074,0.2514826292576997,87828,rush_hour,533
493,115,-134.54580738536404,42.81739130434783,43.243478260869566,49,44,1,0.7818741221529173,0.22704990804195405,87943,uneven,534
494,111,-153.15108004664032,49.009009009009006,49.450450450450454,49,43,1,0.7814831850918409,0.23847390147479805,88054,uneven,535
495,132,-237.95510115572117,71.5909090909091,71.96212121212122,49,53,1,0.781092443499295,0.2395090308379043,88186,uniform_medium,536
496,84,-172.16832206329934,72.92857142857143,73.42857142857143,42,31,1,0.7807018972775454,0.249526164184014,88270,high_uniform,537
497,500,-256.31082803050754,20.056,20.396,170,201,0,0.7803115463289066,0.23628788638114928,88770,low_uniform,538
498,134,-245.5791506578938,69.4776119402985,69.79850746268657,43,56,1,0.7799213905557423,0.23653970742181166,88904,uniform_medium,539
499,89,-124.72350558354148,46.52808988764045,46.8876404494382,32,35,1,0.7795314298604644,0.21999652214934318,88993,rush_hour,540
500,75,-159.84019787041836,66.6,66.94666666666667,26,31,1,0.7791416641455342,0.2299518350760142,89068,high_uniform,541
501,500,-183.92042722836564,15.568,15.968,200,191,0,0.7787520933134615,0.24122231413424014,89568,low_uniform,542
502,65,-84.7915479433347,43.0,43.47692307692308,31,23,1,0.7783627172668048,0.23994230570701452,89633,uneven,543
503,82,-117.57048514097814,46.792682926829265,47.207317073170735,34,31,1,0.7779735359081715,0.24185492834303438,89715,rush_hour,544
504,78,-113.32212204992109,43.0,43.294871794871796,23,33,1,0.7775845491402175,0.25964590324423253,89793,rush_hour,545
505,176,-269.19597615871703,69.23863636363636,69.76704545454545,93,64,1,0.7771957568656473,0.24146878871728072,89969,uniform_medium,546
506,80,-127.40207846599141,56.175,56.7875,49,28,1,0.7768071589872145,0.2368154466152191,90049,high_uniform,547
507,96,-135.10810845169982,55.572916666666664,56.260416666666664,66,29,1,0.776418755407721,0.22003884155613682,90145,high_uniform,548
508,108,-175.784954863383,61.76851851851852,62.166666666666664,43,41,1,0.7760305460300172,0.23680090297151496,90253,uniform_medium,549
509,203,-310.9250443775898,70.45320197044335,71.01477832512315,114,72,1,0.7756425307570022,0.22668523950676614,90456,uniform_medium,550
510,148,-229.49343824248456,63.41216216216216,63.810810810810814,59,58,1,0.7752547094916237,0.24795765595862995,90604,uniform_medium,551
511,76,-111.86555175884908,43.4078947368421,43.723684210526315,24,31,1,0.7748670821368779,0.24187268561830647,90680,rush_hour,552
512,94,-132.01327993401657,49.223404255319146,49.638297872340424,39,37,1,0.7744796485958095,0.22535594576533804,90774,uneven,553
513,79,-111.28848457608375,46.56962025316456,46.949367088607595,30,32,1,0.7740924087715116,0.22154409608131723,90853,rush_hour,554
514,93,-121.69387883417082,49.55913978494624,50.11827956989247,52,32,1,0.773705362567126,0.24133869364697447,90946,rush_hour,555
515,69,-86.82211124451723,35.10144927536232,35.507246376811594,28,27,1,0.7733185098858425,0.22333622021951538,91015,rush_hour,556
516,500,-268.5286232566366,25.894,26.308,207,189,0,0.7729318506308996,0.24543137235939502,91515,low_uniform,557
517,68,-94.5940139439066,43.279411764705884,43.705882352941174,29,25,1,0.7725453847055842,0.2351832240819931,91583,rush_hour,558
518,500,-171.66311912496664,14.006,14.398,196,189,0,0.7721591120132315,0.23778956088423728,92083,low_uniform,559
519,80,-153.0320881369143,59.3375,59.7375,32,32,1,0.771773032457225,0.22627992909401656,92163,high_uniform,560
520,59,-126.95435305279445,63.220338983050844,63.59322033898305,22,24,1,0.7713871459409963,0.25258785587246135,92222,high_uniform,561
521,184,-202.1095908872657,50.369565217391305,50.96195652173913,109,64,1,0.7710014523680259,0.22391797286336837,92406,uniform_medium,562
522,500,-391.80670020356337,37.378,37.742,182,194,0,0.7706159516418419,0.23658021396398543,92906,low_uniform,563
523,500,-222.0996589242445,18.078,18.428,175,186,0,0.770230643666021,0.24084972023963927,93406,low_uniform,564
524,68,-95.23738187930986,40.85294117647059,41.205882352941174,24,27,1,0.7698455283441881,0.22225516760612235,93474,rush_hour,565
525,182,-296.03523923436666,69.34065934065934,69.75824175824175,76,72,1,0.769460605580016,0.2542717564891983,93656,uniform_medium,566
526,157,-192.007394348883,54.853503184713375,55.439490445859875,92,55,1,0.7690758752772261,0.23614428927943965,93813,uniform_medium,567
527,72,-105.90081467295761,44.52777777777778,44.916666666666664,28,29,1,0.7686913373395875,0.234445263321201,93885,rush_hour,568
528,500,-209.20864686127393,16.31,16.646,168,190,0,0.7683069916709178,0.24813136264681815,94385,low_uniform,569
529,89,-135.26979511401183,52.58426966292135,52.96629213483146,34,35,1,0.7679228381750823,0.23249278100353948,94474,rush_hour,570
530,96,-136.5041709694297,47.677083333333336,48.114583333333336,42,37,1,0.7675388767559949,0.2517486677970737,94570,rush_hour,571
531,64,-152.61298543578127,70.34375,70.703125,23,26,1,0.7671551073176169,0.22596718149725348,94634,high_uniform,572
532,500,-207.20384840085202,16.502,16.866,182,189,0,0.7667715297639581,0.2468673624098301,95134,low_uniform,573
533,500,-154.96790401801485,10.914,11.266,176,188,0,0.7663881439990762,0.23379315027594566,95634,low_uniform,574
534,150,-208.78320373779457,58.126666666666665,58.62,74,55,1,0.7660049499270767,0.22314558908343315,95784,uniform_medium,575
535,67,-143.22260234396967,68.29850746268657,68.74626865671642,30,26,1,0.7656219474521132,0.24004937964144038,95851,high_uniform,576
536,500,-174.6416929131629,13.958,14.318,180,180,0,0.7652391364783871,0.23424057202041149,96351,low_uniform,577
537,90,-147.85762806363664,59.2,59.75555555555555,50,32,1,0.764856516910148,0.2546509871052371,96441,high_uniform,578
538,500,-362.52940966605655,32.168,32.514,173,200,0,0.764474088651693,0.23650497156381606,96941,low_uniform,579
539,63,-133.84498747567537,59.476190476190474,59.79365079365079,20,27,1,0.7640918516073671,0.2229964289636839,97004,high_uniform,580
540,500,-152.65003902937676,11.16,11.524,182,186,0,0.7637098056815635,0.23640272092819214,97504,low_uniform,581
541,69,-89.7094813679453,41.768115942028984,42.30434782608695,37,25,1,0.7633279507787228,0.22382890260305957,97573,uneven,582
542,500,-194.29704629081579,15.424,15.796,186,191,0,0.7629462868033335,0.24277315364778043,98073,low_uniform,583
543,500,-155.9009850996218,10.344,10.7,178,195,0,0.7625648136599319,0.23308274683356284,98573,low_uniform,584
544,500,-117.27236490704982,7.81,8.18,185,181,0,0.762183531253102,0.2522608949691057,99073,low_uniform,585
545,100,-138.75017300060563,51.12,51.56,44,37,1,0.7618024394874755,0.24075604908168316,99173,rush_hour,586
546,500,-148.06819437329423,9.672,9.992,160,187,0,0.7614215382677318,0.24315140062570573,99673,low_uniform,587
547,58,-122.47289326850272,59.5,59.91379310344828,24,23,1,0.761040827498598,0.23372139113730397,99731,high_uniform,588
548,67,-142.5106396510349,67.46268656716418,68.0,36,25,1,0.7606603070848488,0.272552599435422,99798,high_uniform,589
549,71,-107.55745478098764,52.66197183098591,53.225352112676056,40,25,1,0.7602799769313064,0.23971942130108953,99869,high_uniform,590
550,117,-145.64875986719355,48.572649572649574,49.07692307692308,59,43,1,0.7598998369428408,0.22218855877972057,99986,uneven,591
551,93,-101.89578715554168,36.12903225806452,36.60215053763441,44,35,1,0.7595198870243695,0.2517871057955168,100000,rush_hour,592
552,100,-138.86697560365042,47.85,48.25,40,40,1,0.7591401270808573,0.23625345833599568,100000,uniform_medium,593
553,98,-135.9928406728922,44.775510204081634,45.1530612244898,37,38,1,0.7587605570173169,0.24900728905079317,100000,rush_hour,594
554,125,-173.88993726339413,52.952,53.392,55,48,1,0.7583811767388083,0.2358176127076149,100000,uniform_medium,595
555,88,-136.92013439315906,52.65909090909091,53.06818181818182,36,35,1,0.758001986150439,0.25801643627611076,100000,rush_hour,596
556,65,-146.99662429060388,68.1076923076923,68.50769230769231,26,26,1,0.7576229851573638,0.2425964945783982,100000,high_uniform,597
557,95,-135.86206163961205,52.93684210526316,53.45263157894737,49,35,1,0.7572441736647851,0.22311200460321026,100000,uneven,598
558,91,-136.74547338767962,53.010989010989015,53.46153846153846,41,35,1,0.7568655515779528,0.2717420283582184,100000,rush_hour,599
559,87,-94.75545251235883,38.59770114942529,39.03448275862069,38,32,1,0.7564871188021638,0.26072702436954126,100000,uneven,600
560,60,-82.72375952811753,39.28333333333333,39.733333333333334,27,23,1,0.7561088752427627,0.2167632279296716,100000,rush_hour,601
561,52,-97.62374667846046,54.69230769230769,55.23076923076923,28,19,1,0.7557308208051414,0.22208834926669413,100000,high_uniform,602
562,500,-159.24522529381989,11.416,11.766,175,190,0,0.7553529553947389,0.2489861097037792,100000,low_uniform,603
563,73,-150.10222095589256,66.83561643835617,67.27397260273973,32,29,1,0.7549752789170415,0.21048837073453486,100000,high_uniform,604
564,500,-136.6925380372091,9.496,9.868,186,186,0,0.7545977912775831,0.2575117268413305,100000,low_uniform,605
565,101,-143.9650236398745,52.227722772277225,52.65346534653465,43,39,1,0.7542204923819443,0.2590860824036126,100000,rush_hour,606
566,205,-315.2608926204522,70.44878048780488,70.98536585365854,110,74,1,0.7538433821357534,0.25171584010851095,100000,uniform_medium,607
567,165,-254.1959856771502,70.67272727272727,71.17575757575757,83,61,1,0.7534664604446856,0.24399908632040024,100000,uniform_medium,608
568,130,-160.96733040041087,45.88461538461539,46.292307692307695,53,50,1,0.7530897272144633,0.24826079601278672,100000,uniform_medium,609
569,103,-124.41562100655369,41.33009708737864,41.70873786407767,39,41,1,0.7527131823508562,0.2464608775759206,100000,uneven,610
570,69,-139.37296779767001,61.7536231884058,62.2463768115942,34,26,1,0.7523368257596807,0.24427346669245456,100000,high_uniform,611
571,89,-124.52459942515026,43.95505617977528,44.348314606741575,35,36,1,0.751960657346801,0.26357945875170524,100000,rush_hour,612
572,51,-101.89262560406246,59.03921568627451,59.588235294117645,28,19,1,0.7515846770181276,0.23537581954516618,100000,high_uniform,613
573,237,-355.73861980960226,73.72151898734177,74.31223628691983,140,83,1,0.7512088846796185,0.2352552506679724,100000,uniform_medium,614
574,500,-147.24434822880102,11.636,12.042,203,185,0,0.7508332802372788,0.23747921282052994,100000,low_uniform,615
575,500,-168.03476106886814,13.55,13.94,195,188,0,0.7504578635971602,0.2511045732051134,100000,low_uniform,616
576,175,-264.02073463070747,64.74285714285715,65.18285714285715,77,68,1,0.7500826346653616,0.23763031384774616,100000,uniform_medium,617
577,91,-97.42890659809103,43.69230769230769,44.34065934065934,59,30,1,0.7497075933480289,0.23343701939006428,100000,rush_hour,618
578,78,-170.46783891326572,71.37179487179488,71.78205128205128,32,31,1,0.7493327395513549,0.24235524313572127,100000,high_uniform,619
579,76,-70.27007523314103,34.06578947368421,34.723684210526315,50,25,1,0.7489580731815793,0.20060825740036212,100000,rush_hour,620
580,500,-181.79621572418694,15.912,16.318,203,183,0,0.7485835941449885,0.2329208361953497,100000,low_uniform,621
581,500,-165.87056152636976,10.768,11.102,167,190,0,0.748209302347916,0.23279191479086875,100000,low_uniform,622
582,75,-89.44169904592263,40.29333333333334,40.85333333333333,42,26,1,0.7478351976967421,0.21433301796515783,100000,rush_hour,623
583,500,-163.78080269350778,12.208,12.57,181,191,0,0.7474612800978938,0.23568492686748505,100000,low_uniform,624
584,500,-158.8294889768453,11.594,11.962,184,190,0,0.747087549457845,0.2330745229870081,100000,low_uniform,625
585,80,-155.9632528537172,66.5875,67.125,43,28,1,0.7467140056831161,0.22546507194638252,100000,high_uniform,626
586,97,-105.27982982500683,40.11340206185567,40.670103092783506,54,34,1,0.7463406486802746,0.24316043882947608,100000,rush_hour,627
587,81,-114.3045668346534,44.98765432098765,45.34567901234568,29,31,1,0.7459674783559345,0.2529113316609536,100000,uneven,628
588,500,-153.6375879049458,10.278,10.618,170,185,0,0.7455944946167565,0.2318044324219227,100000,low_uniform,629
589,65,-73.51223439257271,35.8,36.292307692307695,32,23,1,0.7452216973694482,0.24371647192881657,100000,rush_hour,630
590,91,-119.46515256240136,45.73626373626374,46.21978021978022,44,32,1,0.7448490865207635,0.22603181831456803,100000,rush_hour,631
591,133,-145.01297949105066,46.81954887218045,47.421052631578945,80,46,1,0.7444766619775032,0.21573224097938465,100000,rush_hour,632
592,66,-85.04841525213423,35.31818181818182,35.60606060606061,19,28,1,0.7441044236465144,0.20860519700429656,100000,rush_hour,633
593,166,-197.8917891471525,52.04819277108434,52.57831325301205,88,59,1,0.7437323714346912,0.22374907153916646,100000,uniform_medium,634
594,79,-103.8352175146603,45.392405063291136,45.88607594936709,39,28,1,0.7433605052489739,0.22423490768746485,100000,rush_hour,635
595,133,-215.91824092613328,65.98496240601504,66.45112781954887,62,51,1,0.7429888249963494,0.22978707845497848,100000,uniform_medium,636
596,54,-74.82282825776839,38.51851851851852,38.925925925925924,22,20,1,0.7426173305838513,0.23731213987425523,100000,rush_hour,637
597,71,-159.60756490912664,70.19718309859155,70.56338028169014,26,29,1,0.7422460219185594,0.25593827119175816,100000,high_uniform,638
598,107,-113.06526944700283,39.81308411214953,40.38317757009346,61,38,1,0.7418748989076002,0.23831798950923938,100000,uneven,639
599,87,-118.70588721376372,46.49425287356322,46.89655172413793,35,33,1,0.7415039614581465,0.21159086213714776,100000,uneven,640
600,76,-97.06996777295808,41.328947368421055,41.776315789473685,34,29,1,0.7411332094774175,0.21247559913287037,100000,uneven,641
601,78,-80.21416822522872,31.666666666666668,32.12820512820513,36,30,1,0.7407626428726788,0.27430725479737306,100000,uneven,642
602,106,-132.23487286003575,46.839622641509436,47.29245283018868,48,40,1,0.7403922615512425,0.23400096995931752,100000,uneven,643
603,134,-138.43633149207707,45.07462686567164,45.71641791044776,86,44,1,0.7400220654204669,0.2286310282660954,100000,uneven,644
604,500,-147.66791068046257,11.09,11.466,188,184,0,0.7396520543877567,0.22348075690865515,100000,low_uniform,645
605,99,-108.89726334944918,43.515151515151516,44.16161616161616,64,32,1,0.7392822283605629,0.2387835370621296,100000,rush_hour,646
606,58,-105.86589436922034,56.91379310344828,57.43103448275862,30,21,1,0.7389125872463826,0.21006551898758988,100000,high_uniform,647
607,186,-272.38283695755825,66.34408602150538,66.87096774193549,98,68,1,0.7385431309527595,0.22393105187082804,100000,uniform_medium,648
608,84,-175.38613527208437,71.94047619047619,72.4047619047619,39,32,1,0.7381738593872831,0.2371701579540968,100000,high_uniform,649
609,66,-91.20423431196872,39.74242424242424,40.015151515151516,18,29,1,0.7378047724575895,0.2269669844571388,100000,rush_hour,650
610,69,-94.09809734131638,42.82608695652174,43.27536231884058,31,26,1,0.7374358700713607,0.21492623570172684,100000,rush_hour,651
611,74,-90.98450863885692,42.25675675675676,42.770270270270274,38,27,1,0.737067152136325,0.24269227139853142,100000,rush_hour,652
612,74,-122.9354646087594,54.86486486486486,55.486486486486484,46,26,1,0.7366986185602569,0.24484353734029307,100000,high_uniform,653
613,92,-138.04950167401262,52.47826086956522,52.93478260869565,42,36,1,0.7363302692509768,0.2281531552257745,100000,uneven,654
614,155,-209.19923031603417,58.980645161290326,59.50322580645161,81,57,1,0.7359621041163513,0.23386303171996148,100000,uniform_medium,655
615,90,-80.74200881929274,35.1,35.733333333333334,57,30,1,0.7355941230642932,0.23869917914271355,100000,uneven,656
616,54,-77.88172010927238,39.7037037037037,40.074074074074076,20,22,1,0.735226326002761,0.2251433990895748,100000,uneven,657
617,142,-163.06375428333456,53.49295774647887,54.140845070422536,92,47,1,0.7348587128397597,0.22535505124800642,100000,uniform_medium,658
618,162,-202.66768786512714,54.5679012345679,55.10493827160494,87,57,1,0.7344912834833398,0.2432220621885341,100000,uniform_medium,659
619,500,-264.18923387196696,23.598,23.976,189,191,0,0.7341240378415982,0.22935569417476653,100000,low_uniform,660
620,500,-154.5248068317712,12.99,13.4,205,184,0,0.7337569758226774,0.22803812304139137,100000,low_uniform,661
621,73,-128.34857901635021,60.80821917808219,61.38356164383562,42,26,1,0.7333900973347661,0.23110745204229877,100000,high_uniform,662
622,79,-123.61862916871341,57.51898734177215,58.12658227848101,48,27,1,0.7330234022860987,0.21647123436007318,100000,high_uniform,663
623,500,-149.40061826493607,10.426,10.778,176,188,0,0.7326568905849558,0.22139551800489427,100000,low_uniform,664
624,70,-140.7498381911893,61.0,61.42857142857143,30,27,1,0.7322905621396634,0.20159433633089066,100000,high_uniform,665
625,102,-150.555879076316,47.64705882352941,47.990196078431374,35,41,1,0.7319244168585936,0.22437220424705862,100000,uneven,666
626,111,-140.76297820407976,43.549549549549546,43.93693693693694,43,44,1,0.7315584546501643,0.22038638168895566,100000,uniform_medium,667
627,104,-150.70792922432,53.85576923076923,54.31730769230769,48,40,1,0.7311926754228393,0.23630034135511288,100000,uniform_medium,668
628,180,-280.22715372517683,68.43888888888888,68.9,83,68,1,0.7308270790851279,0.21060770149860117,100000,uniform_medium,669
629,78,-162.04274986882933,66.64102564102564,67.05128205128206,32,30,1,0.7304616655455853,0.19859334014547178,100000,high_uniform,670
630,144,-186.08462353365456,57.013888888888886,57.59722222222222,84,51,1,0.7300964347128126,0.2196968337520957,100000,uniform_medium,671
631,75,-100.03126385150918,43.08,43.48,30,29,1,0.7297313864954562,0.23267263193925222,100000,uneven,672
632,141,-162.26974600211517,45.354609929078016,45.836879432624116,68,53,1,0.7293665208022085,0.2163098674293951,100000,uniform_medium,673
633,75,-130.89760595982042,58.13333333333333,58.733333333333334,45,26,1,0.7290018375418075,0.19746149122714995,100000,high_uniform,674
634,205,-296.93006994476684,69.85365853658537,70.43414634146342,119,71,1,0.7286373366230366,0.23286372103342196,100000,uniform_medium,675
635,500,-137.89501022499024,8.662,8.994,166,188,0,0.7282730179547252,0.22891909278929234,100000,low_uniform,676
636,107,-159.1626616742471,53.66355140186916,54.11214953271028,48,41,1,0.7279088814457478,0.22365063052868175,100000,uneven,677
637,128,-125.67416544146266,40.03125,40.53125,64,47,1,0.727544927005025,0.21985866752220318,100000,uniform_medium,678
638,165,-214.0691702462439,55.981818181818184,56.47878787878788,82,62,1,0.7271811545415225,0.24088719031124403,100000,uniform_medium,679
639,104,-111.10209074639499,43.06730769230769,43.58653846153846,54,35,1,0.7268175639642518,0.2275492990962588,100000,uneven,680
640,73,-97.82528555163903,47.821917808219176,48.342465753424655,38,26,1,0.7264541551822697,0.20994840552137323,100000,rush_hour,681
641,109,-161.1209709589679,56.137614678899084,56.60550458715596,51,39,1,0.7260909281046787,0.23293648837903225,100000,uneven,682
642,78,-85.80174594330667,44.08974358974359,44.794871794871796,55,24,1,0.7257278826406264,0.2014059271567907,100000,rush_hour,683
643,75,-94.10229429210361,40.54666666666667,41.0,34,26,1,0.7253650186993061,0.23596975485483807,100000,rush_hour,684
644,73,-142.2346273796827,58.3013698630137,58.726027397260275,31,28,1,0.7250023361899566,0.19843339379111383,100000,high_uniform,685
645,90,-96.50088115869167,40.06666666666667,40.644444444444446,52,30,1,0.7246398350218617,0.22052562849389182,100000,uneven,686
646,217,-276.28146275434204,61.37327188940092,61.97695852534562,131,75,1,0.7242775151043508,0.20987758909090323,100000,uniform_medium,687
647,68,-104.0207061545386,49.838235294117645,50.36764705882353,36,23,1,0.7239153763467987,0.22967046203420444,100000,high_uniform,688
648,96,-202.34180922851098,81.78125,82.32291666666667,52,35,1,0.7235534186586253,0.23754100097964206,100000,high_uniform,689
649,76,-69.49162922896457,33.05263157894737,33.64473684210526,45,27,1,0.7231916419492961,0.22378884265689472,100000,rush_hour,690
650,62,-98.34034582981117,45.25806451612903,45.58064516129032,20,26,1,0.7228300461283215,0.2413423522826164,100000,rush_hour,691
651,81,-150.61988020610468,63.77777777777778,64.37037037037037,48,29,1,0.7224686311052574,0.21380486146167474,100000,high_uniform,692
652,77,-102.70825779207793,44.96103896103896,45.44155844155844,37,28,1,0.7221073967897048,0.2231399111159436,100000,uneven,693
653,169,-220.57043275230677,53.88165680473373,54.349112426035504,79,62,1,0.72174634309131,0.22704303868599898,100000,uniform_medium,694
654,96,-92.98777617551936,40.15625,40.864583333333336,68,30,1,0.7213854699197644,0.22084170975722373,100000,rush_hour,695
655,65,-78.72682613257803,41.292307692307695,42.04615384615385,49,18,1,0.7210247771848045,0.2106828015584212,100000,high_uniform,696
656,72,-124.54952979880444,60.375,60.97222222222222,43,23,1,0.7206642647962122,0.23126387347777685,100000,high_uniform,697
657,123,-137.64532081009193,44.3089430894309,44.853658536585364,67,44,1,0.7203039326638141,0.23540058871352576,100000,uneven,698
658,85,-119.83021227132,46.50588235294118,46.858823529411765,30,34,1,0.7199437806974822,0.22171652255689397,100000,uneven,699
659,500,-123.68361724918144,8.822,9.196,187,173,0,0.7195838088071335,0.23749861972033978,100000,low_uniform,700
660,145,-194.82767836446368,54.12413793103448,54.57931034482758,66,56,1,0.71922401690273,0.2198354294587826,100000,uniform_medium,701
661,500,-193.2193124936666,16.268,16.648,190,182,0,0.7188644048942786,0.23359381699562073,100000,low_uniform,702
662,123,-161.5555766831112,54.32520325203252,54.91056910569106,72,43,1,0.7185049726918316,0.2511426842188447,100000,uneven,703
663,500,-160.23451316303752,11.158,11.502,172,191,0,0.7181457202054857,0.22861471201479436,100000,low_uniform,704
664,178,-196.00589521763195,51.17977528089887,51.78651685393258,108,62,1,0.717786647345383,0.20802547096201543,100000,uniform_medium,705
665,54,-95.71303787890196,51.092592592592595,51.666666666666664,31,19,1,0.7174277540217103,0.2284795306622982,100000,high_uniform,706
666,89,-106.45291383884384,37.89887640449438,38.29213483146067,35,35,1,0.7170690401446995,0.24024830624628601,100000,uneven,707
667,64,-130.5980763542115,66.359375,66.9375,37,23,1,0.7167105056246272,0.23125633457675576,100000,high_uniform,708
668,74,-102.20668275067422,39.37837837837838,39.729729729729726,26,30,1,0.716352150371815,0.2428029758503308,100000,rush_hour,709
669,65,-83.48052603918211,38.47692307692308,38.89230769230769,27,24,1,0.7159939742966291,0.23473453441491493,100000,rush_hour,710
670,500,-184.34284462781937,14.6,14.966,183,187,0,0.7156359773094809,0.2296045873016119,100000,low_uniform,711
671,138,-163.36217647996028,47.26086956521739,47.79710144927536,74,49,1,0.7152781593208262,0.24508813687640688,100000,rush_hour,712
672,81,-94.1223686687812,38.358024691358025,38.77777777777778,34,31,1,0.7149205202411658,0.2210742399832349,100000,uneven,713
673,109,-135.83308679874372,45.89908256880734,46.357798165137616,50,42,1,0.7145630599810453,0.2337320005401559,100000,uneven,714
674,500,-111.33904396304514,6.72,7.056,168,177,0,0.7142057784510548,0.2182903606593609,100000,low_uniform,715
675,98,-112.74449228771648,44.214285714285715,44.816326530612244,59,34,1,0.7138486755618293,0.2223142580870463,100000,uneven,716
676,108,-125.27337389904413,43.333333333333336,43.77777777777778,48,41,1,0.7134917512240484,0.22860134593038647,100000,uneven,717
677,73,-146.0780874061196,64.95890410958904,65.42465753424658,34,28,1,0.7131350053484364,0.22629295320135273,100000,high_uniform,718
678,500,-128.16487610127155,8.554,8.92,183,182,0,0.7127784378457622,0.22746471785008907,100000,low_uniform,719
679,61,-127.78189867338416,58.868852459016395,59.22950819672131,22,25,1,0.7124220486268393,0.2165550708037908,100000,high_uniform,720
680,82,-92.99760605383491,38.52439024390244,39.09756097560975,47,27,1,0.712065837602526,0.23002005768258396,100000,rush_hour,721
681,104,-128.65579307847685,45.72115384615385,46.22115384615385,52,38,1,0.7117098046837247,0.20644095203337762,100000,uneven,722
682,500,-147.2102195614968,10.456,10.83,187,186,0,0.7113539497813829,0.22870059879124163,100000,low_uniform,723
683,96,-118.21890610508243,50.479166666666664,51.072916666666664,57,33,1,0.7109982728064922,0.2217254670492063,100000,rush_hour,724
684,89,-90.01586486344324,38.92134831460674,39.51685393258427,53,31,1,0.710642773670089,0.23325122080827027,100000,rush_hour,725
685,500,-112.52255308360921,7.26,7.614,177,177,0,0.710287452283254,0.22496120370924472,100000,low_uniform,726
686,87,-110.69682669780553,44.6551724137931,45.13793103448276,42,33,1,0.7099323085571124,0.23268407377703437,100000,rush_hour,727
687,66,-118.91098844861523,59.5,60.09090909090909,39,23,1,0.7095773424028339,0.1924699651020946,100000,high_uniform,728
688,82,-134.0502372936225,55.21951219512195,55.80487804878049,48,29,1,0.7092225537316325,0.23174569964772318,100000,high_uniform,729
689,59,-113.89782982936595,55.983050847457626,56.3728813559322,23,22,1,0.7088679424547667,0.23892188185857513,100000,high_uniform,730
690,113,-135.00244278118484,45.49557522123894,45.991150442477874,56,41,1,0.7085135084835393,0.22449285827115573,100000,uneven,731
691,70,-92.74043182765031,40.84285714285714,41.25714285714286,29,27,1,0.7081592517292976,0.2374054596892425,100000,rush_hour,732
692,104,-94.44510241003815,38.39423076923077,39.06730769230769,70,34,1,0.707805172103433,0.21301893374094596,100000,uneven,733
693,86,-116.85191598874623,44.56976744186046,44.98837209302326,36,34,1,0.7074512695173812,0.21723399718486985,100000,rush_hour,734
694,61,-92.00121858161464,43.39344262295082,43.704918032786885,19,25,1,0.7070975438826226,0.23297947364263846,100000,rush_hour,735
695,500,-194.3068761691314,14.02,14.356,168,192,0,0.7067439951106813,0.2184015639871359,100000,low_uniform,736
696,178,-207.46139312943893,49.657303370786515,50.140449438202246,86,66,1,0.7063906231131261,0.22842327103521046,100000,uniform_medium,737
697,71,-82.8998820216232,37.11267605633803,37.605633802816904,35,26,1,0.7060374278015695,0.25008315624485555,100000,uneven,738
698,60,-125.21703518445813,64.81666666666666,65.43333333333334,37,20,1,0.7056844090876688,0.17247521529595058,100000,high_uniform,739
699,500,-134.6606153327061,10.876,11.278,201,180,0,0.705331566883125,0.228743831127882,100000,low_uniform,740
700,500,-159.68925836860709,12.764,13.154,195,187,0,0.7049789010996835,0.21333384546637535,100000,low_uniform,741
701,64,-104.72801011498173,52.5,53.125,40,22,1,0.7046264116491338,0.2386838529491797,100000,high_uniform,742
702,99,-101.1047146060173,38.25252525252525,38.7979797979798,54,34,1,0.7042740984433092,0.1997457647112885,100000,uneven,743
703,500,-164.78718009581098,12.244,12.606,181,190,0,0.7039219613940876,0.21620832529664039,100000,low_uniform,744
704,500,-135.59907606053338,8.984,9.334,175,180,0,0.7035700004133906,0.2211217620819807,100000,low_uniform,745
705,500,-170.3731974783667,14.014,14.422,204,182,0,0.703218215413184,0.20870879696309566,100000,low_uniform,746
706,80,-158.41978421459368,62.0625,62.425,29,33,1,0.7028666063054774,0.23701978251338005,100000,high_uniform,747
707,500,-162.76350075954812,12.574,12.942,184,181,0,0.7025151730023247,0.2135189410597086,100000,low_uniform,748
708,80,-165.5982880918172,69.925,70.3375,33,31,1,0.7021639154158236,0.20245260363444686,100000,high_uniform,749
709,62,-129.68290261667633,60.20967741935484,60.5,18,25,1,0.7018128334581157,0.2205375083271534,100000,high_uniform,750
710,60,-140.48827883765807,69.28333333333333,69.58333333333333,18,26,1,0.7014619270413868,0.22058075244228045,100000,high_uniform,751
711,107,-132.7187179285231,48.02803738317757,48.55140186915888,56,38,1,0.7011111960778661,0.2282719390693112,100000,uneven,752
712,66,-99.37580405816601,48.5,49.21212121212121,47,21,1,0.7007606404798272,0.2235385888453686,100000,high_uniform,753
713,101,-141.5890227431797,53.693069306930695,54.198019801980195,51,37,1,0.7004102601595873,0.2041205049741386,100000,uneven,754
714,75,-89.68020479714022,40.86666666666667,41.413333333333334,41,26,1,0.7000600550295075,0.23717870563268661,100000,uneven,755
715,121,-128.6189825844885,44.79338842975206,45.43801652892562,78,41,1,0.6997100250019928,0.22813219971154347,100000,rush_hour,756
716,95,-111.30592752494466,49.578947368421055,50.2,59,32,1,0.6993601699894918,0.22956685086614206,100000,uneven,757
717,70,-109.15170082590195,51.7,52.32857142857143,44,24,1,0.6990104899044971,0.20074205664651734,100000,high_uniform,758
718,58,-119.84864283412827,55.06896551724138,55.41379310344828,20,24,1,0.6986609846595448,0.22682482517998795,100000,high_uniform,759
719,224,-261.1306227632948,57.6875,58.32142857142857,142,74,1,0.6983116541672151,0.21252855458962067,100000,uniform_medium,760
720,81,-171.18133014921423,74.58024691358025,75.14814814814815,46,29,1,0.6979624983401315,0.20992248275397737,100000,high_uniform,761
721,500,-149.19606642337416,10.196,10.562,183,189,0,0.6976135170909614,0.22369540478289127,100000,low_uniform,762
722,91,-100.66987030644712,41.68131868131868,42.252747252747255,52,32,1,0.697264710332416,0.21499804562919742,100000,rush_hour,763
723,87,-124.10908631445335,52.6551724137931,53.160919540229884,44,32,1,0.6969160779772499,0.20535818829961205,100000,rush_hour,764
724,500,-136.48369796555795,9.3,9.664,182,186,0,0.6965676199382612,0.22222415246069432,100000,low_uniform,765
725,81,-120.61122978601254,47.82716049382716,48.22222222222222,32,31,1,0.6962193361282921,0.20856905415838148,100000,uneven,766
726,500,-129.83091543515354,10.768,11.172,202,178,0,0.695871226460228,0.2174021730720997,100000,low_uniform,767
727,88,-119.28746583289575,47.97727272727273,48.46590909090909,43,33,1,0.6955232908469979,0.2216454397209666,100000,uneven,768
728,500,-152.72237847442435,10.75,11.112,181,192,0,0.6951755292015744,0.21852679850161075,100000,low_uniform,769
729,84,-154.15976615971866,70.66666666666667,71.35714285714286,58,28,1,0.6948279414369737,0.2318932559518587,100000,high_uniform,770
730,110,-100.07917125405639,38.80909090909091,39.49090909090909,75,34,1,0.6944805274662552,0.21418694779276848,100000,uneven,771
731,117,-120.16973381572605,44.2991452991453,44.965811965811966,78,37,1,0.6941332872025221,0.21567367456662348,100000,uneven,772
732,63,-90.12638134348659,48.285714285714285,48.98412698412698,44,20,1,0.6937862205589209,0.2193765523178237,100000,high_uniform,773
733,56,-104.23793494031611,48.17857142857143,48.30357142857143,7,26,1,0.6934393274486415,0.2406514042190143,100000,rush_hour,774
734,132,-172.64792863729693,57.53030303030303,58.15909090909091,83,45,1,0.6930926077849172,0.21226464313539592,100000,uneven,775
735,183,-295.94862162914717,72.8743169398907,73.3879781420765,94,68,1,0.6927460614810248,0.20513956358686822,100000,uniform_medium,776
736,125,-147.46366423655408,44.672,45.144,59,47,1,0.6923996884502843,0.2189085041284561,100000,uneven,777
737,108,-132.80211016448567,48.9537037037037,49.50925925925926,60,38,1,0.6920534886060592,0.1885028020651252,100000,uneven,778
738,170,-230.91132126822757,57.43529411764706,57.88823529411765,77,61,1,0.6917074618617562,0.22418726608157158,100000,uniform_medium,779
739,113,-161.78677043045224,56.61946902654867,57.097345132743364,54,42,1,0.6913616081308254,0.21858825382933153,100000,uneven,780
740,63,-68.6000379304349,32.111111111111114,32.58730158730159,30,22,1,0.69101592732676,0.1873470832194601,100000,rush_hour,781
741,76,-113.2246787605414,50.9078947368421,51.38157894736842,36,29,1,0.6906704193630966,0.1990543073533397,100000,rush_hour,782
742,74,-87.56373009858528,39.513513513513516,40.04054054054054,39,27,1,0.6903250841534151,0.2093437265705418,100000,uneven,783
743,92,-139.13330919328942,52.72826086956522,53.15217391304348,39,35,1,0.6899799216113385,0.22290866230816944,100000,uneven,784
744,264,-302.9277657581727,62.166666666666664,62.86742424242424,185,86,1,0.6896349316505328,0.2110627279193564,100000,uniform_medium,785
745,124,-149.71826305174514,52.29032258064516,52.87096774193548,72,42,1,0.6892901141847075,0.20249277599636586,100000,uneven,786
746,185,-223.18161713370466,54.21081081081081,54.81621621621622,112,64,1,0.6889454691276152,0.1996335708208986,100000,uniform_medium,787
747,77,-112.75215837063607,51.41558441558441,52.116883116883116,54,25,1,0.6886009963930515,0.2109416341046234,100000,high_uniform,788
748,202,-262.3460883311092,59.24752475247525,59.76732673267327,105,72,1,0.688256695894855,0.21680994962554168,100000,uniform_medium,789
749,197,-196.89074227917268,48.87309644670051,49.47208121827411,118,67,1,0.6879125675469077,0.2131946677635164,100000,uniform_medium,790
750,500,-177.85100947239977,15.072,15.448,188,184,0,0.6875686112631343,0.20688212966918945,100000,low_uniform,791
751,64,-94.98871705831597,39.15625,39.390625,15,27,1,0.6872248269575028,0.20881347800605,100000,rush_hour,792
752,500,-203.762648973054,16.828,17.176,174,184,0,0.6868812145440241,0.2068614771515131,100000,low_uniform,793
753,500,-151.70135607726309,11.862,12.232,185,182,0,0.6865377739367521,0.21153341226279734,100000,low_uniform,794
754,100,-111.39130123046017,41.67,42.23,56,34,1,0.6861945050497837,0.21717856965959073,100000,rush_hour,795
755,69,-117.31575178530468,59.492753623188406,60.231884057971016,51,22,1,0.6858514077972588,0.21308554331029672,100000,high_uniform,796
756,67,-111.50530716647268,54.62686567164179,55.223880597014926,40,23,1,0.6855084820933602,0.19656552796933188,100000,high_uniform,797
757,96,-116.70966888123664,44.3125,44.791666666666664,46,34,1,0.6851657278523136,0.20688531214060882,100000,uneven,798
758,129,-144.55394929260123,51.31782945736434,51.96124031007752,83,43,1,0.6848231449883875,0.19860189488922902,100000,uniform_medium,799
759,500,-165.3446883196803,13.084,13.478,197,189,0,0.6844807334158933,0.20905280055105685,100000,low_uniform,800
760,100,-112.20639182614124,40.13,40.58,45,36,1,0.6841384930491854,0.21444075606763363,100000,uneven,801
761,500,-139.8960341556262,9.538,9.902,182,184,0,0.6837964238026608,0.20203366634249686,100000,low_uniform,802
762,87,-142.77670849069406,62.11494252873563,62.827586206896555,62,28,1,0.6834545255907595,0.2161128718791337,100000,high_uniform,803
763,72,-103.33526791352776,45.638888888888886,46.06944444444444,31,27,1,0.6831127983279641,0.2121899136238628,100000,rush_hour,804
764,102,-112.33609976712721,43.34313725490196,43.911764705882355,58,36,1,0.6827712419288002,0.20966230858774745,100000,rush_hour,805
765,158,-192.9813431473351,50.20886075949367,50.67088607594937,73,60,1,0.6824298563078359,0.19582185502859611,100000,uniform_medium,806
766,94,-112.47597824656135,46.265957446808514,46.861702127659576,56,32,1,0.6820886413796821,0.20928084057696322,100000,uneven,807
767,109,-111.65655292240116,40.20183486238532,40.8348623853211,69,34,1,0.6817475970589922,0.20339758967587707,100000,uneven,808
768,68,-156.16760376307744,74.13235294117646,74.54411764705883,28,27,1,0.6814067232604628,0.20667927788899226,100000,high_uniform,809
769,500,-118.98095169739325,8.248,8.618,185,179,0,0.6810660198988326,0.2034997127354145,100000,low_uniform,810
770,136,-145.2349003215597,44.904411764705884,45.47794117647059,78,49,1,0.6807254868888832,0.2037940691499149,100000,uniform_medium,811
771,103,-114.07453089516295,46.728155339805824,47.36893203883495,66,34,1,0.6803851241454388,0.20690400797186545,100000,uneven,812
772,74,-110.11208652719431,45.148648648648646,45.513513513513516,27,29,1,0.6800449315833662,0.18449622322175954,100000,rush_hour,813
773,500,-175.6501129892904,13.76,14.138,189,190,0,0.6797049091175745,0.20400791192054749,100000,low_uniform,814
774,76,-85.39930278606394,39.421052631578945,40.0,44,27,1,0.6793650566630158,0.19790436621559293,100000,uneven,815
775,101,-107.05343648832662,38.26732673267327,38.84158415841584,58,35,1,0.6790253741346843,0.2139379316479853,100000,rush_hour,816
776,87,-82.78566563497576,37.40229885057471,38.08045977011494,59,28,1,0.678685861447617,0.2127096035528457,100000,rush_hour,817
777,93,-177.73288900973688,75.31182795698925,76.02150537634408,66,27,1,0.6783465185168932,0.20523083826867483,100000,high_uniform,818
778,500,-100.37017503111512,6.658,7.026,184,174,0,0.6780073452576348,0.2003723339289427,100000,low_uniform,819
779,175,-172.75981532606463,44.04,44.59428571428571,97,60,1,0.6776683415850061,0.20482260640178407,100000,uniform_medium,820
780,88,-93.35194411353814,37.72727272727273,38.32954545454545,53,29,1,0.6773295074142136,0.21606724421409043,100000,rush_hour,821
781,119,-134.23947752594316,43.773109243697476,44.34453781512605,68,41,1,0.6769908426605066,0.19353013698543822,100000,rush_hour,822
782,119,-99.8755354077086,37.30252100840336,37.95798319327731,78,37,1,0.6766523472391763,0.20986371812950663,100000,uneven,823
783,500,-151.72256860122258,9.796,10.13,167,184,0,0.6763140210655568,0.1994100518077612,100000,low_uniform,824
784,500,-192.78768404492035,15.53,15.918,194,191,0,0.6759758640550241,0.19777268934249878,100000,low_uniform,825
785,86,-160.52569731570037,66.02325581395348,66.53488372093024,44,32,1,0.6756378761229966,0.19069243447725162,100000,high_uniform,826
786,86,-160.37154457657152,67.96511627906976,68.62790697674419,57,28,1,0.6753000571849351,0.19374948159553285,100000,high_uniform,827
787,500,-117.76984379540133,7.538,7.89,176,177,0,0.6749624071563427,0.20619396306574345,100000,low_uniform,828
788,83,-108.3588706763701,44.45783132530121,44.86746987951807,34,33,1,0.6746249259527646,0.1994889021278864,100000,uneven,829
789,88,-136.31700087245724,55.89772727272727,56.60227272727273,62,29,1,0.6742876134897883,0.18402120708064598,100000,high_uniform,830
790,500,-112.28461704951783,7.446,7.832,193,181,0,0.6739504696830434,0.21474708637595177,100000,low_uniform,831
791,500,-117.01180525984054,8.534,8.926,196,177,0,0.673613494448202,0.2011654192954302,100000,low_uniform,832
792,85,-131.0277923386308,58.976470588235294,59.705882352941174,62,25,1,0.6732766877009779,0.21687419011312373,100000,high_uniform,833
793,91,-75.44770961354041,33.505494505494504,34.120879120879124,56,28,1,0.6729400493571275,0.2147859859761301,100000,uneven,834
794,77,-99.22198289124393,39.467532467532465,39.896103896103895,33,29,1,0.672603579332449,0.21517560698769309,100000,rush_hour,835
795,75,-109.39441823378813,56.10666666666667,56.946666666666665,63,22,1,0.6722672775427828,0.1833729780713717,100000,high_uniform,836
796,253,-355.71609894445805,66.79446640316206,67.3201581027668,133,92,1,0.6719311439040114,0.20380866766093747,100000,uniform_medium,837
797,60,-78.16523256106042,41.03333333333333,41.583333333333336,33,21,1,0.6715951783320595,0.2219391832749049,100000,rush_hour,838
798,75,-115.74883091667309,53.84,54.52,51,24,1,0.6712593807428935,0.20492495864629745,100000,high_uniform,839
799,194,-259.15206996220326,60.597938144329895,61.118556701030926,101,68,1,0.6709237510525221,0.21247893506565044,100000,uniform_medium,840
800,76,-105.23912606040679,53.64473684210526,54.421052631578945,59,22,1,0.6705882891769959,0.21296248241866889,100000,high_uniform,841
801,500,-113.43825370759758,8.614,8.994,190,172,0,0.6702529950324074,0.20326706233620645,100000,low_uniform,842
802,177,-229.07746139984442,57.91525423728814,58.42372881355932,90,65,1,0.6699178685348912,0.19426206604572338,100000,uniform_medium,843
803,76,-153.66923115358733,66.59210526315789,67.09210526315789,38,29,1,0.6695829096006238,0.2213898933443584,100000,high_uniform,844
804,95,-130.7624231928348,54.14736842105263,54.694736842105264,52,34,1,0.6692481181458235,0.21259101346919412,100000,rush_hour,845
805,94,-111.18493187159005,48.0531914893617,48.723404255319146,63,31,1,0.6689134940867506,0.2114847427669992,100000,uneven,846
806,143,-142.09400309893766,46.93706293706294,47.62237762237762,98,46,1,0.6685790373397072,0.2397018628833177,100000,uneven,847
807,78,-140.71750215361075,62.44871794871795,63.11538461538461,52,25,1,0.6682447478210375,0.24095365300010413,100000,high_uniform,848
808,500,-125.7854858830743,11.03,11.47,220,178,0,0.667910625447127,0.20707950221002103,100000,low_uniform,849
809,205,-244.46230089319096,54.02926829268293,54.57560975609756,112,74,1,0.6675766701344035,0.21542426780229662,100000,uniform_medium,850
810,108,-124.14544583214118,44.324074074074076,44.851851851851855,57,39,1,0.6672428817993363,0.2085858977365273,100000,rush_hour,851
811,500,-159.03565674024617,13.334,13.732,199,181,0,0.6669092603584367,0.2115196836143732,100000,low_uniform,852
812,78,-82.80673648076571,33.666666666666664,34.17948717948718,40,28,1,0.6665758057282575,0.20825445709320214,100000,rush_hour,853
813,85,-112.73913557883982,42.07058823529412,42.50588235294118,37,33,1,0.6662425178253933,0.18844599031350193,100000,uneven,854
814,235,-268.08454887090767,56.46808510638298,57.11489361702127,152,78,1,0.6659093965664807,0.19411468876803176,100000,uniform_medium,855
815,103,-134.16725920246736,50.45631067961165,50.94174757281554,50,38,1,0.6655764418681975,0.19407610530124128,100000,uneven,856
816,92,-114.41213350082327,44.78260869565217,45.32608695652174,50,32,1,0.6652436536472635,0.20304082317844682,100000,rush_hour,857
817,500,-137.91440846885112,9.864,10.244,190,188,0,0.6649110318204399,0.21204178030788898,100000,low_uniform,858
818,500,-144.70001009285323,10.586,10.962,188,187,0,0.6645785763045297,0.21107983146607875,100000,low_uniform,859
819,75,-110.62742559795969,51.85333333333333,52.44,44,27,1,0.6642462870163774,0.2188065825899442,100000,uneven,860
820,60,-60.80917973202296,31.8,32.35,33,20,1,0.6639141638728693,0.20209578114251295,100000,rush_hour,861
821,500,-129.56874181634473,9.554,9.936,191,181,0,0.6635822067909328,0.20695024371147155,100000,low_uniform,862
822,117,-137.5123632755343,50.88034188034188,51.547008547008545,78,37,1,0.6632504156875374,0.19908423804574543,100000,uneven,863
823,500,-112.2852836639018,7.378,7.76,191,185,0,0.6629187904796937,0.20900634248554706,100000,low_uniform,864
824,91,-85.38479751913674,36.934065934065934,37.57142857142857,58,31,1,0.6625873310844539,0.22663382637304264,100000,uneven,865
825,103,-126.94525099313383,48.271844660194176,48.79611650485437,54,36,1,0.6622560374189117,0.19224223603033325,100000,uneven,866
826,500,-163.3735993427704,15.59,16.044,227,182,0,0.6619249094002023,0.21205700048804282,100000,low_uniform,867
827,90,-87.28571603384326,32.86666666666667,33.41111111111111,49,31,1,0.6615939469455022,0.200357959088352,100000,uneven,868
828,88,-82.94111981036333,38.23863636363637,38.92045454545455,60,27,1,0.6612631499720295,0.19395562769337135,100000,rush_hour,869
829,84,-109.53848457608373,43.773809523809526,44.142857142857146,31,31,1,0.6609325183970435,0.19230685471778824,100000,rush_hour,870
830,500,-119.67646919754995,7.664,8.016,176,182,0,0.660602052137845,0.20089366114139556,100000,low_uniform,871
831,257,-329.69661850922137,65.6887159533074,66.33463035019456,166,86,1,0.660271751111776,0.20074821170781837,100000,uniform_medium,872
832,127,-133.6049914483718,41.60629921259842,42.110236220472444,64,43,1,0.6599416152362202,0.19980839387638363,100000,uniform_medium,873
833,99,-155.74129633022193,62.5959595959596,63.35353535353536,75,30,1,0.6596116444286021,0.2017792220218013,100000,high_uniform,874
834,500,-105.94395173987465,7.318,7.694,188,174,0,0.6592818386063878,0.2088019050806761,100000,low_uniform,875
835,68,-67.59087661674174,36.48529411764706,37.13235294117647,44,20,1,0.6589521976870846,0.20935947973938548,100000,rush_hour,876
836,117,-142.97244724688977,50.29059829059829,50.837606837606835,64,42,1,0.6586227215882411,0.2017326819845754,100000,uneven,877
837,79,-80.14985584707013,36.53164556962025,37.063291139240505,42,27,1,0.658293410227447,0.1911417065730578,100000,rush_hour,878
838,500,-142.32452527720733,9.408,9.766,179,190,0,0.6579642635223334,0.19412712600827217,100000,low_uniform,879
839,500,-114.04600855032658,9.016,9.422,203,176,0,0.6576352813905723,0.19975727605819701,100000,low_uniform,880
840,97,-138.39293747613516,55.16494845360825,55.70103092783505,52,35,1,0.657306463749877,0.2057546579960695,100000,rush_hour,881
841,198,-253.778627157114,63.994949494949495,64.65656565656566,131,66,1,0.6569778105180021,0.19790260828655176,100000,uniform_medium,882
842,84,-98.43836964172101,39.535714285714285,39.964285714285715,36,30,1,0.6566493216127431,0.21370113969203972,100000,uneven,883
843,116,-165.63250218770725,57.85344827586207,58.39655172413793,63,42,1,0.6563209969519368,0.20448517927835727,100000,rush_hour,884
844,500,-111.66159904617587,8.048,8.424,188,176,0,0.6559928364534608,0.20237879392504693,100000,low_uniform,885
845,500,-142.20152197974684,10.938,11.316,189,181,0,0.6556648400352342,0.20494639804959297,100000,low_uniform,886
846,500,-109.23402782028653,7.88,8.26,190,174,0,0.6553370076152166,0.20144417886435986,100000,low_uniform,887
847,500,-98.66261022116947,7.504,7.914,205,177,0,0.655009339111409,0.20282410669326784,100000,low_uniform,888
848,500,-186.87946628198037,17.038,17.44,201,181,0,0.6546818344418533,0.20374332714080812,100000,low_uniform,889
849,74,-109.3277435087776,44.310810810810814,44.648648648648646,25,30,1,0.6543544935246325,0.21772171093805417,100000,rush_hour,890
850,76,-102.78935602314682,47.5,48.026315789473685,40,28,1,0.6540273162778703,0.2007353122493154,100000,uneven,891
851,103,-133.850554635187,42.58252427184466,42.94174757281554,37,41,1,0.6537003026197313,0.20558545130838468,100000,rush_hour,892
852,83,-92.86343641208175,42.10843373493976,42.734939759036145,52,27,1,0.6533734524684215,0.179129785981523,100000,rush_hour,893
853,73,-83.0524629565579,42.534246575342465,43.15068493150685,45,24,1,0.6530467657421873,0.21556077448472585,100000,rush_hour,894
854,239,-306.97527757753926,62.75313807531381,63.33891213389121,140,82,1,0.6527202423593162,0.18908359638754293,100000,uniform_medium,895
855,228,-317.7682939533915,65.2719298245614,65.85964912280701,134,79,1,0.6523938822381367,0.1783494982999145,100000,uniform_medium,896
856,104,-127.19626021788882,47.51923076923077,48.06730769230769,57,37,1,0.6520676852970176,0.18972594649172747,100000,rush_hour,897
857,183,-172.33624140573144,47.54644808743169,48.26229508196721,131,57,1,0.6517416514543691,0.2121107500107562,100000,uniform_medium,898
858,500,-121.57910248159084,7.564,7.926,181,185,0,0.651415780628642,0.19609579819440842,100000,low_uniform,899
859,109,-125.12819234681035,44.71559633027523,45.23853211009175,57,39,1,0.6510900727383278,0.17897061169694323,100000,uneven,900
860,108,-118.57313256164684,43.675925925925924,44.25925925925926,63,37,1,0.6507645277019586,0.1962230602900187,100000,rush_hour,901
861,140,-179.2011970797056,56.77857142857143,57.33571428571429,78,49,1,0.6504391454381077,0.19365137474877495,100000,rush_hour,902
862,83,-102.52017536760795,43.95180722891566,44.493975903614455,45,30,1,0.6501139258653886,0.178106737065028,100000,rush_hour,903
863,500,-119.7531855384818,10.696,11.138,221,175,0,0.649788868902456,0.18949049956351519,100000,low_uniform,904
864,166,-215.77363989642967,60.16867469879518,60.80722891566265,106,57,1,0.6494639744680049,0.18785310662295446,100000,uneven,905
865,89,-125.75855609677629,49.168539325842694,49.651685393258425,43,33,1,0.6491392424807709,0.17848738065261519,100000,rush_hour,906
866,122,-129.3917439752984,42.557377049180324,43.17213114754098,75,42,1,0.6488146728595305,0.18825548856717642,100000,uneven,907
867,90,-106.67939845482593,36.666666666666664,37.077777777777776,37,35,1,0.6484902655231009,0.19591876740256944,100000,rush_hour,908
868,65,-74.93746511517844,35.12307692307692,35.69230769230769,37,22,1,0.6481660203903393,0.16798358869094115,100000,rush_hour,909
869,92,-170.4867937490203,73.65217391304348,74.31521739130434,61,27,1,0.6478419373801442,0.16571874544024467,100000,high_uniform,910
870,500,-86.83665501113289,6.54,6.954,207,174,0,0.6475180164114541,0.185733595341444,100000,low_uniform,911
871,72,-123.28282180628545,64.125,64.95833333333333,60,21,1,0.6471942574032484,0.19231766048404905,100000,high_uniform,912
872,133,-133.7412145693531,43.090225563909776,43.68421052631579,79,46,1,0.6468706602745469,0.19895759079241215,100000,uniform_medium,913
873,500,-95.32135292032439,6.758,7.138,190,170,0,0.6465472249444096,0.199934357739985,100000,low_uniform,914
874,500,-105.62311142607818,6.72,7.072,176,170,0,0.6462239513319374,0.18479674351215364,100000,low_uniform,915
875,79,-85.85366840130546,40.075949367088604,40.68354430379747,48,27,1,0.6459008393562715,0.1657951592078692,100000,uneven,916
876,62,-121.77700893366011,61.0,61.516129032258064,32,23,1,0.6455778889365934,0.1842552989480957,100000,high_uniform,917
877,68,-93.29330359310347,49.60294117647059,50.294117647058826,47,20,1,0.6452550999921252,0.17279467742670984,100000,high_uniform,918
878,140,-173.05395057957207,57.59285714285714,58.27142857142857,95,44,1,0.6449324724421291,0.19754824436136653,100000,uneven,919
879,78,-130.40446179994817,59.19230769230769,59.85897435897436,52,26,1,0.6446100062059081,0.207727367297197,100000,high_uniform,920
880,181,-183.0188286803649,51.65745856353591,52.392265193370164,133,56,1,0.6442877012028052,0.1891788967488879,100000,uneven,921
881,500,-169.35044560598965,13.452,13.83,189,187,0,0.6439655573522038,0.1838927820622921,100000,low_uniform,922
882,60,-70.3973870845277,36.96666666666667,37.53333333333333,34,20,1,0.6436435745735278,0.20144112793107827,100000,rush_hour,923
883,54,-75.61638817619398,43.46296296296296,44.2037037037037,40,15,1,0.6433217527862412,0.20016915765073565,100000,high_uniform,924
884,500,-166.15520561145541,13.696,14.098,201,189,0,0.6430000919098481,0.17621696604788303,100000,low_uniform,925
885,123,-150.3235714060076,50.422764227642276,50.959349593495936,66,44,1,0.6426785918638932,0.1899013548968284,100000,rush_hour,926
886,100,-126.35263428896819,49.08,49.63,55,36,1,0.6423572525679613,0.19145061783492565,100000,uneven,927
887,500,-102.0705318721287,6.3,6.642,171,170,0,0.6420360739416774,0.1948454802185297,100000,low_uniform,928
888,500,-96.1781489371661,6.624,7.006,191,172,0,0.6417150559047066,0.18469352647662163,100000,low_uniform,929
889,500,-119.90354775497255,7.72,8.09,185,181,0,0.6413941983767543,0.17690650135278702,100000,low_uniform,930
890,145,-180.8179008352544,55.255172413793105,55.86206896551724,88,51,1,0.6410735012775659,0.1622333948982173,100000,uniform_medium,931
891,500,-99.79705541830633,6.952,7.342,195,177,0,0.6407529645269272,0.1791221523284912,100000,low_uniform,932
892,107,-135.24147931933297,45.91588785046729,46.401869158878505,52,40,1,0.6404325880446637,0.18479388994034204,100000,uneven,933
893,69,-159.85200855501887,75.6086956521739,76.10144927536231,34,26,1,0.6401123717506414,0.1676001736651296,100000,high_uniform,934
894,103,-152.61891552950098,53.689320388349515,54.0873786407767,41,39,1,0.6397923155647661,0.20122433157221783,100000,rush_hour,935
895,110,-129.81951613338953,51.68181818181818,52.38181818181818,77,36,1,0.6394724194069837,0.18897077779878269,100000,uneven,936
896,97,-115.38797182625854,46.0,46.5360824742268,52,34,1,0.6391526831972802,0.18233836953019358,100000,uneven,937
897,61,-78.40761125905277,42.967213114754095,43.721311475409834,46,19,1,0.6388331068556816,0.1640504834349038,100000,high_uniform,938
898,500,-116.99517945869765,7.81,8.17,180,180,0,0.6385136903022538,0.17718444944918155,100000,low_uniform,939
899,500,-92.4526754961777,6.27,6.66,195,171,0,0.6381944334571027,0.18124143747985363,100000,low_uniform,940
900,96,-94.53506022486339,40.520833333333336,41.177083333333336,63,30,1,0.6378753362403742,0.18899898844150206,100000,uneven,941
901,500,-131.36630727178874,8.436,8.81,187,185,0,0.637556398572254,0.18520100051164626,100000,low_uniform,942
902,500,-104.55132699227546,6.454,6.818,182,178,0,0.6372376203729679,0.17986708274483681,100000,low_uniform,943
903,139,-171.26718724724168,52.15107913669065,52.697841726618705,76,49,1,0.6369190015627815,0.17755243493069847,100000,uniform_medium,944
904,81,-100.00769806862372,42.69135802469136,43.18518518518518,40,29,1,0.6366005420620001,0.17172269937064913,100000,rush_hour,945
905,85,-112.90761254602357,47.811764705882354,48.49411764705882,58,28,1,0.6362822417909691,0.17526038981535855,100000,high_uniform,946
906,110,-106.81719661721085,39.00909090909091,39.6,65,38,1,0.6359641006700737,0.16825964654033834,100000,uneven,947
907,75,-107.96680612746441,52.28,52.973333333333336,52,24,1,0.6356461186197387,0.19400416562954584,100000,high_uniform,948
908,500,-94.73511361846211,6.662,7.046,192,169,0,0.6353282955604289,0.19154150569438935,100000,low_uniform,949
909,128,-163.55796758526222,50.859375,51.3046875,57,47,1,0.6350106314126487,0.17412510514259338,100000,uniform_medium,950
910,500,-124.06799734156957,7.93,8.276,173,181,0,0.6346931260969424,0.17540282345563174,100000,low_uniform,951
911,142,-128.31141444331888,40.79577464788732,41.471830985915496,96,47,1,0.634375779533894,0.1950199643386082,100000,uneven,952
912,500,-114.3184777296329,7.968,8.334,183,174,0,0.6340585916441271,0.17826546105742455,100000,low_uniform,953
913,178,-205.06274634555032,50.96067415730337,51.52247191011236,100,64,1,0.6337415623483051,0.1742113074810987,100000,uniform_medium,954
914,81,-89.24387283499074,35.135802469135804,35.592592592592595,37,31,1,0.633424691567131,0.19792160529781272,100000,rush_hour,955
915,56,-93.4157538295579,48.642857142857146,49.285714285714285,36,18,1,0.6331079792213474,0.16556623923991406,100000,high_uniform,956
916,73,-148.6199790536009,65.45205479452055,65.9041095890411,33,28,1,0.6327914252317368,0.2036358987631863,100000,high_uniform,957
917,74,-141.7210285895368,73.25675675675676,74.01351351351352,56,23,1,0.6324750295191209,0.18247694230160197,100000,high_uniform,958
918,87,-107.66117467493578,44.11494252873563,44.632183908045974,45,30,1,0.6321587920043614,0.18361722874915462,100000,uneven,959
919,281,-407.3889181687502,77.97153024911032,78.68327402135232,200,90,1,0.6318427126083592,0.18060593566860592,100000,uniform_medium,960
920,120,-149.4145269769159,56.55,57.24166666666667,83,38,1,0.6315267912520551,0.18850851499785978,100000,uneven,961
921,81,-92.85086978403437,39.382716049382715,39.888888888888886,41,30,1,0.6312110278564291,0.19806138113325025,100000,rush_hour,962
922,74,-111.06126457325242,47.12162162162162,47.689189189189186,42,25,1,0.630895422342501,0.17599835136049502,100000,high_uniform,963
923,79,-122.85399002457183,56.43037974683544,57.20253164556962,61,24,1,0.6305799746313298,0.18632670633400542,100000,high_uniform,964
924,500,-116.85076855579234,9.272,9.696,212,182,0,0.6302646846440141,0.18183955927193166,100000,low_uniform,965
925,186,-221.46738075971302,55.68817204301075,56.295698924731184,113,64,1,0.6299495523016921,0.1803547617809106,100000,uniform_medium,966
926,97,-116.30799442308334,47.154639175257735,47.69072164948454,52,34,1,0.6296345775255413,0.18286942590757743,100000,rush_hour,967
927,77,-132.09473743157685,65.3896103896104,66.15584415584415,59,24,1,0.6293197602367786,0.1889554185720233,100000,high_uniform,968
928,224,-310.0475270302556,72.83482142857143,73.52678571428571,155,70,1,0.6290051003566602,0.1706100946092712,100000,uniform_medium,969
929,67,-125.49781974167942,64.2089552238806,64.77611940298507,38,24,1,0.628690597806482,0.18772088057959258,100000,high_uniform,970
930,75,-115.7882665572545,54.45333333333333,55.21333333333333,57,23,1,0.6283762525075788,0.16884877771139145,100000,high_uniform,971
931,84,-149.1869260967856,54.476190476190474,54.892857142857146,35,32,1,0.6280620643813251,0.17299117759934493,100000,high_uniform,972
932,115,-116.14952922955099,41.62608695652174,42.19130434782609,65,38,1,0.6277480333491344,0.1883709799984227,100000,uneven,973
933,160,-171.710628330827,47.475,48.06875,95,54,1,0.6274341593324599,0.18422784935683012,100000,uniform_medium,974
934,103,-91.3428070241593,36.14563106796116,36.81553398058252,69,34,1,0.6271204422527937,0.18059770777387527,100000,uneven,975
935,81,-119.5815565382519,52.098765432098766,52.80246913580247,57,25,1,0.6268068820316673,0.17494075340621265,100000,high_uniform,976
936,88,-110.5067035497501,45.02272727272727,45.55681818181818,47,31,1,0.6264934785906515,0.19201923449608413,100000,rush_hour,977
937,500,-119.6605655971065,8.214,8.582,184,179,0,0.6261802318513562,0.1773964475467801,100000,low_uniform,978
938,500,-122.8311317365046,9.244,9.64,198,180,0,0.6258671417354306,0.18351624976098538,100000,low_uniform,979
939,76,-134.79654495521277,58.31578947368421,58.89473684210526,44,27,1,0.6255542081645629,0.17665274176550538,100000,high_uniform,980
940,60,-79.38636565561407,43.25,44.1,51,17,1,0.6252414310604806,0.1854602638632059,100000,high_uniform,981
941,76,-95.53537342347198,39.21052631578947,39.61842105263158,31,28,1,0.6249288103449504,0.17580591083357208,100000,uneven,982
942,92,-142.75362114563308,63.869565217391305,64.69565217391305,76,27,1,0.624616345939778,0.18729593633147684,100000,high_uniform,983
943,79,-101.90808579639965,42.10126582278481,42.53164556962025,34,30,1,0.6243040377668081,0.19099135791199118,100000,rush_hour,984
944,120,-185.3338377479378,68.825,69.65,99,34,1,0.6239918857479247,0.19912155823161204,100000,high_uniform,985
945,500,-111.35702916750854,6.798,7.148,175,180,0,0.6236798898050508,0.18147094982862472,100000,low_uniform,986
946,500,-114.9658544392639,8.356,8.736,190,175,0,0.6233680498601484,0.18220300655066968,100000,low_uniform,987
947,118,-139.77305875019678,49.47457627118644,50.00847457627118,63,42,1,0.6230563658352183,0.1791326674490662,100000,rush_hour,988
948,500,-98.4571964509774,6.418,6.774,178,169,0,0.6227448376523007,0.18368070742487907,100000,low_uniform,989
949,82,-102.65122995627198,37.3780487804878,37.73170731707317,29,33,1,0.6224334652334746,0.1929211622876365,100000,rush_hour,990
950,216,-262.7222691729012,62.217592592592595,62.90277777777778,148,69,1,0.622122248500858,0.18010834028461464,100000,uniform_medium,991
951,500,-106.29446920190895,6.376,6.722,173,178,0,0.6218111873766076,0.17522389094531537,100000,low_uniform,992
952,287,-269.2549281207171,53.76655052264808,54.54006968641115,222,85,1,0.6215002817829193,0.18339634837277674,100000,uniform_medium,993
953,149,-137.334564279622,49.12751677852349,49.92617449664429,119,44,1,0.6211895316420278,0.17705049315755,100000,uneven,994
954,77,-118.97179600165539,61.62337662337662,62.38961038961039,59,24,1,0.6208789368762069,0.18559605096067702,100000,high_uniform,995
955,102,-70.0599127381262,33.61764705882353,34.36274509803921,76,29,1,0.6205684974077688,0.1883053297505659,100000,uneven,996
956,110,-123.39719953167119,50.59090909090909,51.31818181818182,80,34,1,0.6202582131590649,0.20543797199021685,100000,uneven,997
957,64,-117.16995206731596,66.328125,67.1875,55,18,1,0.6199480840524855,0.19539174693636596,100000,high_uniform,998
958,124,-150.63306866762386,45.5,45.935483870967744,54,48,1,0.6196381100104592,0.2037716977178089,100000,uneven,999
959,61,-70.91317713159359,30.672131147540984,31.065573770491802,24,24,1,0.619328290955454,0.1799156400756758,100000,rush_hour,1000
960,81,-115.4513439848884,47.08641975308642,47.69135802469136,49,28,1,0.6190186268099763,0.17785861839850745,100000,high_uniform,1001
961,500,-123.55394823839131,8.82,9.204,192,178,0,0.6187091174965714,0.1929109243452549,100000,low_uniform,1002
962,92,-154.12427808909385,61.48913043478261,62.108695652173914,57,31,1,0.6183997629378232,0.18600615810440935,100000,high_uniform,1003
963,77,-92.97103877123777,41.753246753246756,42.35064935064935,46,27,1,0.6180905630563543,0.18526444129355543,100000,rush_hour,1004
964,167,-186.47474187548625,53.544910179640716,54.203592814371255,110,55,1,0.6177815177748261,0.18447877792362682,100000,uniform_medium,1005
965,100,-99.9715299647047,41.36,42.02,66,33,1,0.6174726270159387,0.18084369145333767,100000,rush_hour,1006
966,79,-120.35345923764125,59.835443037974684,60.65822784810127,65,23,1,0.6171638907024308,0.1909258501439155,100000,high_uniform,1007
967,122,-99.3282513583646,36.114754098360656,36.78688524590164,82,37,1,0.6168553087570796,0.18646980046493108,100000,uneven,1008
968,215,-288.280062470587,62.57674418604651,63.13023255813953,119,77,1,0.6165468811027011,0.19904878295438233,100000,uniform_medium,1009
969,99,-120.39599132495309,50.26262626262626,50.97979797979798,71,31,1,0.6162386076621498,0.17387313899969814,100000,rush_hour,1010
970,500,-118.65949321784149,7.53,7.872,171,177,0,0.6159304883583188,0.19110429099202156,100000,low_uniform,1011
971,140,-150.1459383125789,50.964285714285715,51.65714285714286,97,44,1,0.6156225231141397,0.17979446495217935,100000,uniform_medium,1012
972,85,-144.0713094263833,62.45882352941177,63.141176470588235,58,28,1,0.6153147118525827,0.19791516008622506,100000,high_uniform,1013
973,77,-111.24612162846515,54.01298701298701,54.77922077922078,59,23,1,0.6150070544966564,0.1776501987274591,100000,high_uniform,1014
974,67,-139.0536393707673,61.61194029850746,62.02985074626866,28,26,1,0.6146995509694081,0.19378399003797503,100000,high_uniform,1015
975,500,-112.5260961756553,8.836,9.24,202,176,0,0.6143922011939235,0.18931665436923503,100000,low_uniform,1016
976,229,-300.0965935671894,65.55458515283843,66.21397379912663,151,77,1,0.6140850050933265,0.1847193504329852,100000,uniform_medium,1017
977,500,-105.71136722721162,7.108,7.476,184,178,0,0.6137779625907799,0.18332183255255222,100000,low_uniform,1018
978,67,-110.91229940330699,54.95522388059702,55.582089552238806,42,23,1,0.6134710736094845,0.18916111917638068,100000,high_uniform,1019
979,144,-214.50339638005894,63.8125,64.31944444444444,73,54,1,0.6131643380726798,0.19912700437837177,100000,uniform_medium,1020
980,91,-157.25354457221243,71.04395604395604,71.83516483516483,72,26,1,0.6128577559036434,0.196617315021845,100000,high_uniform,1021
981,80,-164.18330771828965,72.125,72.6625,43,29,1,0.6125513270256917,0.19359278120100498,100000,high_uniform,1022
982,92,-84.55286677120043,40.07608695652174,40.77173913043478,64,29,1,0.6122450513621789,0.19684259172367014,100000,uneven,1023
983,80,-115.51876556542,53.6625,54.3,51,27,1,0.6119389288364978,0.178397221211344,100000,high_uniform,1024
984,83,-90.64729904243538,42.40963855421687,43.04819277108434,53,28,1,0.6116329593720796,0.18462761096566557,100000,uneven,1025
985,77,-93.3949343148374,44.74025974025974,45.506493506493506,59,23,1,0.6113271428923936,0.17107197710058905,100000,high_uniform,1026
986,109,-132.9617390165848,48.72477064220183,49.357798165137616,69,37,1,0.6110214793209475,0.18395220002996812,100000,uneven,1027
987,98,-92.90891960023788,43.09183673469388,43.83673469387755,73,30,1,0.6107159685812871,0.19957378795560526,100000,uneven,1028
988,239,-365.2159062041535,80.51464435146444,81.18828451882845,161,79,1,0.6104106105969964,0.19980905984360803,100000,uniform_medium,1029
989,181,-177.97010736730914,48.56353591160221,49.270718232044196,128,58,1,0.610105405291698,0.1840513053437623,100000,uniform_medium,1030
990,120,-126.61808886334977,44.2,44.858333333333334,79,39,1,0.6098003525890522,0.1748569908241431,100000,uneven,1031
991,131,-127.20475620416903,44.98473282442748,45.6793893129771,91,42,1,0.6094954524127577,0.18329479278043936,100000,uniform_medium,1032
992,120,-213.95170687953132,74.78333333333333,75.44166666666666,79,40,1,0.6091907046865513,0.1896490938961506,100000,high_uniform,1033
993,500,-155.56718838574864,12.11,12.488,189,185,0,0.6088861093342081,0.18385664868354798,100000,low_uniform,1034
994,58,-124.2756106001439,63.58620689655172,64.06896551724138,28,22,1,0.608581666279541,0.16233048549500004,100000,high_uniform,1035
995,89,-149.94519302607205,63.06741573033708,63.70786516853933,57,29,1,0.6082773754464013,0.19532993996746084,100000,high_uniform,1036
996,106,-133.05708728303404,51.10377358490566,51.66981132075472,60,38,1,0.6079732367586781,0.19816062030083728,100000,uneven,1037
997,75,-133.91101591013913,67.88,68.65333333333334,58,20,1,0.6076692501402988,0.18743287165959677,100000,high_uniform,1038
998,166,-178.88010867204943,52.45783132530121,53.13855421686747,113,54,1,0.6073654155152287,0.19847795569214477,100000,uniform_medium,1039
999,71,-98.43034257483205,43.80281690140845,44.23943661971831,31,27,1,0.6070617328074711,0.1951666470144836,100000,rush_hour,1040
1000,67,-131.8982483498898,65.38805970149254,66.0,41,23,1,0.6067582019410674,0.18499790354451137,100000,high_uniform,1041
1001,124,-172.630068454883,55.67741935483871,56.16129032258065,60,47,1,0.606454822840097,0.1868804333911788,100000,rush_hour,1042
1002,114,-104.79245960756428,39.98245614035088,40.68421052631579,80,37,1,0.606151595428677,0.19525310919995895,100000,uneven,1043
1003,64,-118.89690041524108,61.828125,62.515625,44,21,1,0.6058485196309628,0.1772136518266052,100000,high_uniform,1044
1004,83,-81.23469876565504,31.518072289156628,32.01204819277108,41,30,1,0.6055455953711473,0.19709739089012146,100000,rush_hour,1045
1005,500,-115.99177738155305,8.638,9.024,193,179,0,0.6052428225734617,0.18757046253979207,100000,low_uniform,1046
1006,87,-87.34779561137954,36.02298850574713,36.58620689655172,49,31,1,0.6049402011621751,0.17532650158665647,100000,rush_hour,1047
1007,68,-74.90169563845375,38.14705882352941,38.69117647058823,37,24,1,0.604637731061594,0.19489935741705053,100000,rush_hour,1048
1008,67,-115.6210259215807,55.46268656716418,56.059701492537314,40,24,1,0.6043354121960632,0.18837588791971777,100000,high_uniform,1049
1009,126,-131.17633832478447,42.5,43.111111111111114,77,42,1,0.6040332444899652,0.19945143151377875,100000,uneven,1050
1010,94,-139.78773705729466,61.5531914893617,62.38297872340426,78,27,1,0.6037312278677203,0.1865728733704445,100000,high_uniform,1051
1011,194,-243.75773563271832,61.391752577319586,62.06701030927835,131,62,1,0.6034293622537864,0.1910442268648713,100000,uniform_medium,1052
1012,104,-125.86499998481366,46.23076923076923,46.80769230769231,60,35,1,0.6031276475726596,0.18236716098796862,100000,uneven,1053
1013,149,-176.38421824401223,56.86577181208054,57.577181208053695,106,45,1,0.6028260837488733,0.19835126985039486,100000,uniform_medium,1054
1014,197,-262.6364042739188,66.34010152284264,66.98477157360406,127,65,1,0.6025246707069989,0.18293027610040558,100000,uniform_medium,1055
1015,90,-137.62654786967306,63.044444444444444,63.87777777777778,75,26,1,0.6022234083716455,0.2132772210571501,100000,high_uniform,1056
1016,114,-100.92524172120507,43.96491228070175,44.75438596491228,90,30,1,0.6019222966674597,0.18543460285454466,100000,rush_hour,1057
1017,183,-159.5010450713713,44.005464480874316,44.677595628415304,123,59,1,0.601621335519126,0.1878566873041007,100000,uniform_medium,1058
1018,87,-169.31352027165312,70.94252873563218,71.55172413793103,53,30,1,0.6013205248513664,0.1939073401963574,100000,high_uniform,1059
1019,500,-105.26089683282049,7.346,7.724,189,176,0,0.6010198645889407,0.19010161399841308,100000,low_uniform,1060
1020,500,-110.73890609133892,8.904,9.32,208,178,0,0.6007193546566463,0.19409348671138288,100000,low_uniform,1061
1021,500,-130.78261135565057,8.978,9.354,188,182,0,0.6004189949793179,0.18808211129903793,100000,low_uniform,1062
1022,500,-103.01925375443813,6.424,6.79,183,175,0,0.6001187854818283,0.1862049468010664,100000,low_uniform,1063
1023,76,-82.5711167256436,38.21052631578947,38.81578947368421,46,24,1,0.5998187260890874,0.18767527226162584,100000,rush_hour,1064
1024,85,-124.8568835888616,52.752941176470586,53.31764705882353,48,30,1,0.5995188167260429,0.18629522183362177,100000,rush_hour,1065
1025,93,-95.21492740588508,40.40860215053763,41.086021505376344,63,30,1,0.5992190573176799,0.18508321479443582,100000,rush_hour,1066
1026,500,-84.45514620895885,7.146,7.568,211,164,0,0.5989194477890211,0.18834139813482761,100000,low_uniform,1067
1027,500,-95.97750312185822,8.772,9.208,218,163,0,0.5986199880651266,0.18452950601279736,100000,low_uniform,1068
1028,192,-205.85804135714721,52.489583333333336,53.151041666666664,127,63,1,0.5983206780710941,0.1868724861415103,100000,uniform_medium,1069
1029,79,-150.00852040379013,65.67088607594937,66.20253164556962,42,29,1,0.5980215177320586,0.18328774729861488,100000,high_uniform,1070
1030,157,-167.35716928638124,45.089171974522294,45.5796178343949,77,56,1,0.5977225069731926,0.19509402059825362,100000,uniform_medium,1071
1031,58,-94.95984820263092,49.224137931034484,49.775862068965516,32,21,1,0.5974236457197061,0.18440634924276122,100000,high_uniform,1072
1032,500,-105.72005139005103,8.512,8.906,197,168,0,0.5971249338968463,0.18050791419297457,100000,low_uniform,1073
1033,140,-148.88092843327428,53.74285714285714,54.49285714285714,105,40,1,0.5968263714298979,0.16855385308819157,100000,uneven,1074
1034,248,-314.13745110233356,67.51612903225806,68.24193548387096,180,78,1,0.596527958244183,0.1882354749907409,100000,uniform_medium,1075
1035,500,-128.23247633992935,9.968,10.364,198,181,0,0.596229694265061,0.1949353249669075,100000,low_uniform,1076
1036,99,-80.96711737583423,31.828282828282827,32.4040404040404,57,35,1,0.5959315794179285,0.18288257093441607,100000,uneven,1077
1037,96,-104.77223079707481,43.989583333333336,44.635416666666664,62,31,1,0.5956336136282195,0.20116400291832784,100000,rush_hour,1078
1038,500,-112.60900673658391,6.28,6.612,166,183,0,0.5953357968214055,0.18280155524611474,100000,low_uniform,1079
1039,70,-72.13743608464031,44.92857142857143,45.885714285714286,67,13,1,0.5950381289229948,0.18462517069918769,100000,high_uniform,1080
1040,91,-92.3446468155429,37.857142857142854,38.48351648351648,57,30,1,0.5947406098585333,0.18069512863735576,100000,rush_hour,1081
1041,89,-104.64325457522122,44.325842696629216,44.93258426966292,54,30,1,0.594443239553604,0.19586503380135203,100000,uneven,1082
1042,128,-151.1508300025417,52.546875,53.2421875,89,41,1,0.5941460179338273,0.19679108745185658,100000,rush_hour,1083
1043,66,-129.13166147894265,67.18181818181819,67.77272727272727,39,22,1,0.5938489449248604,0.17995434310851674,100000,high_uniform,1084
1044,116,-94.30230224152237,38.89655172413793,39.6551724137931,88,35,1,0.593552020452398,0.17577306849175486,100000,uniform_medium,1085
1045,155,-143.6398180920611,42.28387096774193,42.980645161290326,108,49,1,0.5932552444421718,0.1942586810358109,100000,uneven,1086
1046,500,-128.00395100036178,9.896,10.282,193,177,0,0.5929586168199508,0.18449629127979278,100000,low_uniform,1087
1047,129,-113.12906184363474,38.78294573643411,39.36434108527132,75,42,1,0.5926621375115408,0.1924499101763548,100000,uniform_medium,1088
1048,112,-146.96026410964808,51.732142857142854,52.330357142857146,67,39,1,0.5923658064427851,0.17506329469116672,100000,uneven,1089
1049,127,-124.05678750333597,42.37795275590551,42.99212598425197,78,39,1,0.5920696235395638,0.19000652092178977,100000,uneven,1090
1050,500,-93.87656908953875,7.138,7.564,213,176,0,0.5917735887277941,0.1822232803851366,100000,low_uniform,1091
1051,84,-116.74480872353462,54.88095238095238,55.595238095238095,60,26,1,0.5914777019334302,0.19181623877513976,100000,high_uniform,1092
1052,223,-210.24865089244582,52.63228699551569,53.39461883408072,170,65,1,0.5911819630824635,0.1841529693304156,100000,uniform_medium,1093
1053,123,-197.02246176474213,70.76422764227642,71.5609756097561,98,37,1,0.5908863721009223,0.179368608063314,100000,high_uniform,1094
1054,132,-129.37750279508307,48.04545454545455,48.81060606060606,101,38,1,0.5905909289148719,0.18000490071647096,100000,rush_hour,1095
1055,500,-89.07887927531323,6.352,6.74,194,163,0,0.5902956334504145,0.18940027432143688,100000,low_uniform,1096
1056,132,-127.83915295267722,43.18939393939394,43.871212121212125,90,42,1,0.5900004856336893,0.18349524536593395,100000,rush_hour,1097
1057,79,-130.74266720221414,64.89873417721519,65.65822784810126,60,24,1,0.5897054853908725,0.19079284407669986,100000,high_uniform,1098
1058,113,-116.27509061861717,42.53982300884956,43.14159292035398,68,39,1,0.5894106326481772,0.17994670543522961,100000,uneven,1099
1059,69,-80.0747606154247,44.81159420289855,45.608695652173914,55,19,1,0.5891159273318531,0.1806667290519977,100000,high_uniform,1100
1060,227,-257.55839882186353,57.12334801762115,57.801762114537446,154,74,1,0.5888213693681873,0.18337399584737643,100000,uniform_medium,1101
1061,95,-104.93287644212322,41.34736842105263,41.90526315789474,53,34,1,0.5885269586835032,0.18599428456080588,100000,uneven,1102
1062,132,-123.08775461916105,42.35606060606061,43.06818181818182,94,42,1,0.5882326952041615,0.19512903695982514,100000,uneven,1103
1063,500,-109.18240904246345,7.58,7.968,194,176,0,0.5879385788565595,0.18322033056616782,100000,low_uniform,1104
1064,63,-83.06038988897981,36.77777777777778,37.17460317460318,25,25,1,0.5876446095671313,0.1979571543042622,100000,uneven,1105
1065,71,-102.35017699509758,49.309859154929576,49.83098591549296,37,26,1,0.5873507872623477,0.17555245987966028,100000,uneven,1106
1066,127,-134.44265720854216,39.01574803149607,39.503937007874015,62,47,1,0.5870571118687166,0.1781735295855154,100000,uniform_medium,1107
1067,118,-151.21989044225498,55.23728813559322,55.8728813559322,75,40,1,0.5867635833127822,0.21281128742937314,100000,rush_hour,1108
1068,133,-130.3945942784077,47.150375939849624,47.94736842105263,106,39,1,0.5864702015211258,0.17988734176956622,100000,uneven,1109
1069,165,-173.87735850340715,52.27878787878788,52.93333333333333,108,55,1,0.5861769664203653,0.1873667226596312,100000,uniform_medium,1110
1070,500,-84.6064244206639,4.776,5.1,162,160,0,0.5858838779371551,0.18405277132987977,100000,low_uniform,1111
1071,127,-105.10469166867372,41.09448818897638,41.85826771653543,97,38,1,0.5855909359981866,0.18218848760437778,100000,uneven,1112
1072,202,-158.72222466431504,41.0990099009901,41.78712871287129,139,62,1,0.5852981405301875,0.18904413932030745,100000,uniform_medium,1113
1073,145,-188.31388059235456,57.83448275862069,58.44827586206897,89,50,1,0.5850054914599224,0.19864425186453194,100000,uneven,1114
1074,70,-131.24315905894912,63.44285714285714,64.05714285714286,43,24,1,0.5847129887141925,0.1926511157836233,100000,high_uniform,1115
1075,67,-103.94673175078681,57.417910447761194,58.25373134328358,56,19,1,0.5844206322198354,0.17275214173010925,100000,high_uniform,1116
1076,500,-106.66601229831447,6.704,7.074,185,178,0,0.5841284219037255,0.19233069939911365,100000,low_uniform,1117
1077,103,-110.02282278827667,44.116504854368934,44.75728155339806,66,34,1,0.5838363576927736,0.20233214733380717,100000,uneven,1118
1078,500,-95.72781632046676,6.932,7.314,191,166,0,0.5835444395139273,0.18539912052452565,100000,low_uniform,1119
1079,67,-91.05390217050848,51.16417910447761,51.8955223880597,49,19,1,0.5832526672941704,0.21461116422468157,100000,high_uniform,1120
1080,101,-100.15380275375881,42.475247524752476,43.15841584158416,69,33,1,0.5829610409605233,0.17632639894981195,100000,rush_hour,1121
1081,99,-94.14755232374344,34.37373737373738,34.92929292929293,55,34,1,0.582669560440043,0.19202861957477801,100000,rush_hour,1122
1082,110,-101.36241571865504,38.58181818181818,39.20909090909091,69,35,1,0.582378225659823,0.19038306122476403,100000,rush_hour,1123
1083,128,-104.09723236867227,41.890625,42.7109375,105,36,1,0.5820870365469931,0.190949643147178,100000,rush_hour,1124
1084,78,-113.79407424243163,50.61538461538461,51.26923076923077,51,26,1,0.5817959930287196,0.19887648637478167,100000,high_uniform,1125
1085,285,-323.7834065411048,64.13333333333334,64.92280701754386,225,84,1,0.5815050950322053,0.1870756725470225,100000,uniform_medium,1126
1086,117,-118.76615836191779,44.452991452991455,45.162393162393165,83,36,1,0.5812143424846892,0.18136266778167495,100000,rush_hour,1127
1087,80,-102.78336967984343,43.85,44.325,38,29,1,0.5809237353134469,0.18861472923308611,100000,rush_hour,1128
1088,100,-92.59692935176473,41.68,42.44,76,25,1,0.5806332734457902,0.19360414825379849,100000,rush_hour,1129
1089,103,-119.82852496350961,45.84466019417476,46.38834951456311,56,36,1,0.5803429568090673,0.1856032925323375,100000,uneven,1130
1090,500,-78.47310200165943,5.396,5.758,181,159,0,0.5800527853306628,0.18572628177702427,100000,low_uniform,1131
1091,64,-110.95054911124589,51.75,52.28125,34,23,1,0.5797627589379976,0.1819955197861418,100000,high_uniform,1132
1092,66,-91.95821129368794,50.333333333333336,51.10606060606061,51,20,1,0.5794728775585286,0.18591420476635298,100000,high_uniform,1133
1093,91,-102.95228615465588,41.934065934065934,42.527472527472526,54,30,1,0.5791831411197493,0.20617748764190044,100000,rush_hour,1134
1094,256,-331.75921545477746,69.2421875,69.9453125,180,82,1,0.5788935495491895,0.18764549735351466,100000,uniform_medium,1135
1095,289,-366.8225307005557,68.06574394463668,68.75778546712803,200,94,1,0.5786041027744149,0.18454592391384514,100000,uniform_medium,1136
1096,500,-91.8491061355641,7.458,7.878,210,171,0,0.5783148007230277,0.1916425193697214,100000,low_uniform,1137
1097,76,-69.87847246593954,37.01315789473684,37.776315789473685,58,22,1,0.5780256433226661,0.19375146896039186,100000,rush_hour,1138
1098,169,-167.61033797554745,48.52662721893491,49.23076923076923,119,51,1,0.5777366305010049,0.1877756294678654,100000,uneven,1139
1099,500,-77.97900096613851,4.942,5.296,177,157,0,0.5774477621857544,0.1851280092075467,100000,low_uniform,1140
1100,81,-134.36196474235453,64.33333333333333,65.07407407407408,60,25,1,0.5771590383046616,0.18099712543649438,100000,high_uniform,1141
1101,75,-115.68060104358842,53.22666666666667,53.93333333333333,53,23,1,0.5768704587855094,0.18918408334255218,100000,high_uniform,1142
1102,77,-149.34842976998655,67.1038961038961,67.68831168831169,45,26,1,0.5765820235561167,0.18315982644434098,100000,high_uniform,1143
1103,75,-99.85031672302813,44.10666666666667,44.626666666666665,39,27,1,0.5762937325443386,0.1906104044119517,100000,rush_hour,1144
1104,500,-117.33503842602673,8.388,8.76,186,172,0,0.5760055856780665,0.1861558402478695,100000,low_uniform,1145
1105,233,-256.7689127824147,56.72532188841202,57.40343347639485,158,77,1,0.5757175828852275,0.1804396217856796,100000,uniform_medium,1146
1106,500,-115.88746549640302,7.798,8.166,184,178,0,0.5754297240937849,0.1830735695064068,100000,low_uniform,1147
1107,159,-109.4451279213233,33.59119496855346,34.24528301886792,104,52,1,0.5751420092317381,0.18323046048669694,100000,uniform_medium,1148
1108,74,-91.31960093827246,42.91891891891892,43.391891891891895,35,27,1,0.5748544382271222,0.17141984785730774,100000,rush_hour,1149
1109,104,-124.82761977369913,51.29807692307692,51.99038461538461,72,34,1,0.5745670110080087,0.18126703447733933,100000,rush_hour,1150
1110,500,-93.97737486259939,7.704,8.104,200,164,0,0.5742797275025047,0.1904124249368906,100000,low_uniform,1151
1111,131,-114.06291357456999,40.25190839694657,40.94656488549618,91,41,1,0.5739925876387535,0.18786100008105502,100000,uneven,1152
1112,217,-269.5972755507225,63.54377880184332,64.23502304147465,150,69,1,0.5737055913449342,0.19041614038740984,100000,uniform_medium,1153
1113,500,-99.39879774317937,7.692,8.098,203,172,0,0.5734187385492617,0.19228340868651866,100000,low_uniform,1154
1114,156,-154.24690046969044,47.80128205128205,48.506410256410255,110,48,1,0.5731320291799872,0.18905428992823148,100000,uniform_medium,1155
1115,500,-126.66465979992014,10.062,10.444,191,174,0,0.5728454631653972,0.19197808416187764,100000,low_uniform,1156
1116,82,-133.14512377836752,56.5,57.146341463414636,53,28,1,0.5725590404338146,0.1986080225466228,100000,high_uniform,1157
1117,86,-94.908892138714,35.96511627906977,36.395348837209305,37,33,1,0.5722727609135977,0.191274632288273,100000,rush_hour,1158
1118,72,-124.71051610398537,59.27777777777778,59.833333333333336,40,25,1,0.571986624533141,0.18283114799608788,100000,high_uniform,1159
1119,124,-156.44574347357158,59.11290322580645,59.83064516129032,89,39,1,0.5717006312208744,0.18291735781296606,100000,uneven,1160
1120,70,-123.18231386268403,65.47142857142858,66.25714285714285,55,21,1,0.571414780905264,0.18740602635911532,100000,high_uniform,1161
1121,500,-83.17968894885163,6.002,6.394,196,161,0,0.5711290735148113,0.17652513095736502,100000,low_uniform,1162
1122,500,-98.81258461586995,7.098,7.492,197,165,0,0.570843508978054,0.18440433365106582,100000,low_uniform,1163
1123,296,-253.69063306194633,48.7972972972973,49.570945945945944,229,89,1,0.570558087223565,0.19002498424536474,100000,uniform_medium,1164
1124,135,-121.19404407338648,42.592592592592595,43.2962962962963,95,43,1,0.5702728081799533,0.185639790252403,100000,uniform_medium,1165
1125,91,-115.5533209847104,44.27472527472528,44.76923076923077,45,33,1,0.5699876717758634,0.17445589168058648,100000,rush_hour,1166
1126,74,-99.89007636762202,44.91891891891892,45.37837837837838,34,28,1,0.5697026779399755,0.20423918287899043,100000,rush_hour,1167
1127,112,-141.0850433807144,53.392857142857146,54.0625,75,36,1,0.5694178266010056,0.1690530483610928,100000,rush_hour,1168
1128,125,-120.286852854589,40.904,41.584,85,40,1,0.5691331176877051,0.1913258236050606,100000,uneven,1169
1129,93,-169.42524495841457,67.96774193548387,68.63440860215054,62,30,1,0.5688485511288613,0.1989551243442361,100000,high_uniform,1170
1130,80,-123.04084173548742,50.9125,51.2875,30,33,1,0.5685641268532969,0.196307538356632,100000,uneven,1171
1131,69,-88.9608479089528,48.08695652173913,48.971014492753625,61,18,1,0.5682798447898704,0.19572654442078824,100000,high_uniform,1172
1132,128,-129.21326560935978,46.3359375,47.078125,95,38,1,0.5679957048674754,0.18789207382360473,100000,uneven,1173
1133,91,-103.7688905874693,39.78021978021978,40.285714285714285,46,31,1,0.5677117070150417,0.19796925029911838,100000,uneven,1174
1134,110,-108.86465932468118,41.43636363636364,42.08181818181818,71,36,1,0.5674278511615342,0.1930948151106184,100000,uneven,1175
1135,143,-141.8483008474598,43.3006993006993,43.91608391608391,88,49,1,0.5671441372359535,0.18491852064649542,100000,uneven,1176
1136,500,-84.2489133408098,5.114,5.474,180,166,0,0.5668605651673355,0.19126833598315715,100000,low_uniform,1177
1137,97,-107.54703291147017,42.41237113402062,43.0,57,32,1,0.5665771348847519,0.17028823103179636,100000,uneven,1178
1138,246,-219.30212806801129,47.264227642276424,47.98780487804878,178,75,1,0.5662938463173096,0.19421948516756538,100000,uniform_medium,1179
1139,118,-132.898800747628,49.69491525423729,50.398305084745765,83,38,1,0.5660106993941509,0.19649055675934937,100000,uneven,1180
1140,72,-120.16657421448556,64.16666666666667,65.02777777777777,62,20,1,0.5657276940444539,0.1707932266096274,100000,high_uniform,1181
1141,64,-80.20443914464805,40.3125,40.84375,34,23,1,0.5654448301974317,0.1885405674111098,100000,rush_hour,1182
1142,150,-154.41428840148913,49.02,49.70666666666666,103,48,1,0.5651621077823331,0.19326530988017718,100000,uniform_medium,1183
1143,93,-63.89466632764796,32.666666666666664,33.44086021505376,72,27,1,0.564879526728442,0.19325041939173976,100000,rush_hour,1184
1144,67,-77.73805239417102,34.17910447761194,34.701492537313435,35,23,1,0.5645970869650778,0.2003196734768241,100000,rush_hour,1185
1145,235,-239.13296911729452,52.60425531914893,53.276595744680854,158,74,1,0.5643147884215953,0.18379709650861456,100000,uniform_medium,1186
1146,96,-163.8648392697782,65.53125,66.20833333333333,65,31,1,0.5640326310273845,0.1688973700705295,100000,high_uniform,1187
1147,118,-189.64759316461277,71.05932203389831,71.84745762711864,93,35,1,0.5637506147118709,0.1894881541572385,100000,high_uniform,1188
1148,120,-107.8949578758838,41.791666666666664,42.53333333333333,89,36,1,0.563468739404515,0.19492622079948585,100000,uneven,1189
1149,110,-112.68600425085509,44.154545454545456,44.85454545454545,77,35,1,0.5631870050348128,0.20269257033413107,100000,uneven,1190
1150,84,-85.6311051807269,38.892857142857146,39.523809523809526,53,27,1,0.5629054115322955,0.18674624995106742,100000,rush_hour,1191
1151,144,-146.8084626792067,48.354166666666664,49.02777777777778,97,46,1,0.5626239588265294,0.20138396746996376,100000,uniform_medium,1192
1152,76,-135.91398604784942,59.921052631578945,60.39473684210526,36,29,1,0.5623426468471161,0.1957156810125238,100000,high_uniform,1193
1153,65,-77.614069946986,36.707692307692305,37.4,45,20,1,0.5620614755236926,0.1902802023750085,100000,high_uniform,1194
1154,129,-119.52784207423035,48.651162790697676,49.52713178294574,113,36,1,0.5617804447859307,0.19570006349290064,100000,rush_hour,1195
1155,259,-254.6030680995109,54.78378378378378,55.58301158301158,207,76,1,0.5614995545635377,0.19412073052873022,100000,uniform_medium,1196
1156,81,-124.51380315275287,57.32098765432099,58.03703703703704,58,24,1,0.561218804786256,0.18463607610743724,100000,high_uniform,1197
1157,500,-83.89342632842114,5.238,5.576,169,159,0,0.5609381953838629,0.1911670363396406,100000,low_uniform,1198
1158,87,-85.77497772850762,35.49425287356322,36.05747126436781,49,28,1,0.560657726286171,0.1766867062997544,100000,rush_hour,1199
1159,244,-306.63095129148775,63.68032786885246,64.3688524590164,168,79,1,0.560377397423028,0.18305406328596052,100000,uniform_medium,1200
1160,149,-110.42736982361501,36.577181208053695,37.241610738255034,99,47,1,0.5600972087243165,0.20000914639274545,100000,uniform_medium,1201
1161,76,-155.44143753315228,67.80263157894737,68.3157894736842,39,28,1,0.5598171601199543,0.1852795395411943,100000,high_uniform,1202
1162,73,-110.97270509194335,50.657534246575345,51.28767123287671,46,24,1,0.5595372515398943,0.20201711019832794,100000,high_uniform,1203
1163,64,-83.53218569743969,44.53125,45.125,38,22,1,0.5592574829141244,0.1826918862061575,100000,rush_hour,1204
1164,68,-100.97582771322695,53.5,54.161764705882355,45,23,1,0.5589778541726673,0.19164562028120546,100000,high_uniform,1205
1165,49,-97.9453952848099,55.55102040816327,56.16326530612245,30,17,1,0.558698365245581,0.1751980894074148,100000,high_uniform,1206
1166,500,-74.3520317251231,5.668,6.076,204,162,0,0.5584190160629583,0.18434175884723664,100000,low_uniform,1207
1167,500,-112.34057250605886,7.536,7.922,193,182,0,0.5581398065549269,0.18669202516973019,100000,low_uniform,1208
1168,274,-205.3310116295776,42.715328467153284,43.42700729927007,195,83,1,0.5578607366516495,0.18486863244188964,100000,uniform_medium,1209
1169,107,-132.50773633555147,51.6822429906542,52.299065420560744,66,36,1,0.5575818062833237,0.17239452884576031,100000,rush_hour,1210
1170,128,-132.08120179594087,51.140625,51.9765625,107,37,1,0.557303015380182,0.17597278289031237,100000,rush_hour,1211
1171,121,-94.11222949233441,35.3801652892562,36.11570247933884,89,38,1,0.557024363872492,0.17827350129027011,100000,uneven,1212
1172,104,-93.94994175089478,39.36538461538461,40.05769230769231,72,33,1,0.5567458516905558,0.18810444969970447,100000,uneven,1213
1173,184,-139.21233229475743,38.005434782608695,38.69021739130435,126,59,1,0.5564674787647106,0.17414673652661883,100000,uniform_medium,1214
1174,500,-88.9426165608684,7.838,8.244,203,159,0,0.5561892450253283,0.18410478065907956,100000,low_uniform,1215
1175,500,-118.90396303828703,7.438,7.81,186,188,0,0.5559111504028157,0.17706576032936572,100000,low_uniform,1216
1176,188,-154.0086345808703,43.702127659574465,44.4468085106383,140,57,1,0.5556331948276143,0.18350035431695746,100000,uniform_medium,1217
1177,219,-220.80526215796667,49.67123287671233,50.31963470319635,142,72,1,0.5553553782302005,0.17168930611790043,100000,uniform_medium,1218
1178,500,-96.20320433286973,6.156,6.54,192,176,0,0.5550777005410855,0.1879973123818636,100000,low_uniform,1219
1179,202,-254.85980196160355,60.68316831683168,61.2970297029703,124,69,1,0.554800161690815,0.19122436705349696,100000,uniform_medium,1220
1180,500,-95.22591337457325,6.74,7.128,194,172,0,0.5545227616099696,0.1834012512266636,100000,low_uniform,1221
1181,114,-127.22316816061848,44.70175438596491,45.28947368421053,67,40,1,0.5542455002291646,0.19407065147370622,100000,uneven,1222
1182,121,-127.75748824169158,54.52892561983471,55.421487603305785,108,32,1,0.55396837747905,0.18753876426249497,100000,rush_hour,1223
1183,104,-83.49160629162094,38.11538461538461,38.86538461538461,78,31,1,0.5536913932903106,0.1747016552835703,100000,uneven,1224
1184,67,-115.05905989742193,53.91044776119403,54.53731343283582,42,23,1,0.5534145475936655,0.19684162702578217,100000,high_uniform,1225
1185,91,-172.06625378417544,65.95604395604396,66.43956043956044,44,33,1,0.5531378403198687,0.18572733362952432,100000,high_uniform,1226
1186,271,-347.60879008377657,69.60147601476015,70.32472324723247,196,84,1,0.5528612713997088,0.18797741904579846,100000,uniform_medium,1227
1187,500,-114.91923700430367,8.254,8.622,184,169,0,0.5525848407640089,0.18290853595733642,100000,low_uniform,1228
1188,79,-111.0788714743583,54.32911392405063,55.139240506329116,64,23,1,0.552308548343627,0.16171065708504448,100000,high_uniform,1229
1189,80,-123.74085553562247,61.625,62.5,70,21,1,0.5520323940694551,0.185200878046453,100000,high_uniform,1230
1190,500,-106.28041814849185,7.714,8.088,187,170,0,0.5517563778724205,0.17955997283756733,100000,low_uniform,1231
1191,83,-148.27131413859252,67.8433734939759,68.56626506024097,60,27,1,0.5514804996834843,0.1811728551086173,100000,high_uniform,1232
1192,215,-268.2434031732013,61.353488372093025,61.98139534883721,135,71,1,0.5512047594336427,0.19178653297036194,100000,uniform_medium,1233
1193,500,-113.24322806417534,7.802,8.178,188,177,0,0.5509291570539259,0.18609589041769506,100000,low_uniform,1234
1194,133,-125.68972405078873,45.91729323308271,46.70676691729323,105,39,1,0.550653692475399,0.18532693128388628,100000,uneven,1235
1195,65,-110.8976678273597,50.90769230769231,51.41538461538462,33,23,1,0.5503783656291613,0.17792916022814237,100000,high_uniform,1236
1196,127,-142.31587224360857,43.39370078740158,43.874015748031496,61,45,1,0.5501031764463468,0.1907770690603519,100000,uneven,1237
1197,224,-143.86295165346868,42.71875,43.620535714285715,202,60,1,0.5498281248581236,0.19277698120900563,100000,uneven,1238
1198,80,-113.30910444557321,49.3,49.7875,39,30,1,0.5495532107956945,0.19144422896206378,100000,rush_hour,1239
1199,92,-100.72868753476932,45.65217391304348,46.32608695652174,62,30,1,0.5492784341902968,0.18673437412666238,100000,rush_hour,1240
1200,124,-127.4187877454812,45.13709677419355,45.774193548387096,79,38,1,0.5490037949732016,0.20208498036428804,100000,uneven,1241
1201,67,-84.40169563845375,38.95522388059702,39.38805970149254,29,26,1,0.548729293075715,0.182534632175716,100000,rush_hour,1242
1202,79,-168.17332730663966,73.12658227848101,73.65822784810126,42,29,1,0.5484549284291772,0.17564841869133938,100000,high_uniform,1243
1203,131,-113.20274165513663,41.94656488549618,42.70992366412214,100,40,1,0.5481807009649626,0.19703596341245957,100000,rush_hour,1244
1204,136,-115.48300322638237,39.169117647058826,39.919117647058826,102,41,1,0.5479066106144802,0.1813617664772798,100000,uneven,1245
1205,157,-126.38932623532624,45.94904458598726,46.82802547770701,138,44,1,0.547632657309173,0.1832823691664228,100000,uneven,1246
1206,84,-88.26379991554334,40.404761904761905,41.07142857142857,56,27,1,0.5473588409805185,0.18868735015747093,100000,rush_hour,1247
1207,88,-149.63249528278087,61.14772727272727,61.75,53,28,1,0.5470851615600282,0.19749558437615633,100000,high_uniform,1248
1208,140,-122.47140622962624,44.285714285714285,45.06428571428572,109,41,1,0.5468116189792482,0.19675149396061897,100000,uneven,1249
1209,411,-422.49276261467503,65.661800486618,66.55474452554745,367,113,1,0.5465382131697586,0.1897876659032057,100000,uniform_medium,1250
1210,98,-88.41299024200508,36.255102040816325,36.88775510204081,62,32,1,0.5462649440631737,0.19066451984096547,100000,rush_hour,1251
1211,109,-128.57003221443887,45.41284403669725,45.95412844036697,59,38,1,0.5459918115911422,0.18919358833120503,100000,uneven,1252
1212,128,-128.42908654318805,44.0390625,44.734375,89,41,1,0.5457188156853466,0.18088256486225873,100000,uneven,1253
1213,73,-118.63672987679297,60.83561643835616,61.61643835616438,57,22,1,0.545445956277504,0.19531514852830809,100000,high_uniform,1254
1214,88,-86.72159183224394,35.19318181818182,35.73863636363637,48,31,1,0.5451732332993653,0.1847541801292788,100000,rush_hour,1255
1215,500,-77.2797165043899,5.972,6.384,206,167,0,0.5449006466827157,0.1917226717621088,100000,low_uniform,1256
1216,500,-75.5183377592238,5.762,6.182,210,167,0,0.5446281963593743,0.19377631598711015,100000,low_uniform,1257
1217,68,-102.71353102260764,51.05882352941177,51.76470588235294,48,20,1,0.5443558822611947,0.18626787108095252,100000,high_uniform,1258
1218,109,-132.85409382675564,51.43119266055046,51.981651376146786,60,38,1,0.5440837043200641,0.18392381468497285,100000,uneven,1259
1219,124,-116.39043302060654,43.556451612903224,44.28225806451613,90,38,1,0.5438116624679041,0.191041307043164,100000,rush_hour,1260
1220,83,-123.65172633718711,60.1566265060241,60.93975903614458,65,24,1,0.5435397566366702,0.19761180096721076,100000,high_uniform,1261
1221,135,-127.3316674781227,45.20740740740741,45.955555555555556,101,40,1,0.5432679867583519,0.19205085745564213,100000,uneven,1262
1222,99,-152.11341671194765,62.76767676767677,63.55555555555556,78,28,1,0.5429963527649727,0.20358235772812006,100000,high_uniform,1263
1223,90,-98.72644587898188,40.888888888888886,41.51111111111111,56,30,1,0.5427248545885902,0.20203448492619727,100000,rush_hour,1264
1224,122,-146.5102702028426,52.18032786885246,52.82786885245902,79,41,1,0.5424534921612959,0.2021542808315793,100000,uneven,1265
1225,69,-93.18126960821085,53.82608695652174,54.78260869565217,66,16,1,0.5421822654152153,0.19467200122881625,100000,high_uniform,1266
1226,101,-93.9008421344815,42.67326732673267,43.43564356435643,77,30,1,0.5419111742825077,0.18275899322021125,100000,rush_hour,1267
1227,500,-90.64933999878136,5.688,6.06,186,170,0,0.5416402186953665,0.19174483744800092,100000,low_uniform,1268
1228,97,-93.20629492888379,42.855670103092784,43.628865979381445,75,28,1,0.5413693985860188,0.1975697830473025,100000,rush_hour,1269
1229,500,-83.25311029159711,5.27,5.644,187,170,0,0.5410987138867258,0.1881007443666458,100000,low_uniform,1270
1230,194,-177.57939832124637,47.01030927835052,47.7319587628866,140,61,1,0.5408281645297824,0.18379584404150234,100000,uniform_medium,1271
1231,53,-61.57184520756658,34.509433962264154,35.0188679245283,27,17,1,0.5405577504475175,0.20987543210668383,100000,rush_hour,1272
1232,146,-166.7959496872362,51.85616438356164,52.52739726027397,98,48,1,0.5402874715722938,0.20246642679996688,100000,uneven,1273
1233,145,-110.39560155292394,44.26896551724138,45.144827586206894,127,38,1,0.5400173278365077,0.19366303692603934,100000,rush_hour,1274
1234,108,-93.39630452356172,37.074074074074076,37.72222222222222,70,33,1,0.5397473191725894,0.1845863082756599,100000,uneven,1275
1235,179,-175.33556332267597,52.86033519553072,53.6927374301676,149,49,1,0.5394774455130031,0.18634908171838888,100000,uneven,1276
1236,233,-229.10836988533984,54.283261802575105,55.03862660944206,176,69,1,0.5392077067902467,0.19222921321704153,100000,uniform_medium,1277
1237,500,-99.55999644923375,6.906,7.278,186,174,0,0.5389381029368515,0.19431484311819078,100000,low_uniform,1278
1238,500,-123.39839455223948,12.584,13.072,244,176,0,0.5386686338853831,0.19159608393907546,100000,low_uniform,1279
1239,187,-188.18871154925915,51.6096256684492,52.32085561497326,133,60,1,0.5383992995684405,0.20021722692856814,100000,uniform_medium,1280
1240,500,-95.4203342711509,5.562,5.912,175,172,0,0.5381300999186562,0.20460371276736258,100000,low_uniform,1281
1241,62,-103.56794370549261,53.12903225806452,53.774193548387096,40,20,1,0.537861034868697,0.1928608306953984,100000,high_uniform,1282
1242,95,-105.99275134382908,44.45263157894737,45.04210526315789,56,32,1,0.5375921043512626,0.19976747412430612,100000,uneven,1283
1243,104,-133.87950458847294,58.28846153846154,59.02884615384615,77,31,1,0.537323308299087,0.19993136464976347,100000,rush_hour,1284
1244,70,-90.0283945115337,44.97142857142857,45.628571428571426,46,22,1,0.5370546466449375,0.1954653488738196,100000,high_uniform,1285
1245,77,-71.34147055818237,33.532467532467535,34.1948051948052,51,24,1,0.5367861193216151,0.19146112255848846,100000,rush_hour,1286
1246,74,-94.14072070793011,42.067567567567565,42.5945945945946,39,27,1,0.5365177262619544,0.186456264776958,100000,rush_hour,1287
1247,89,-102.89245970157876,38.662921348314605,39.1123595505618,40,30,1,0.5362494673988234,0.19150238592972915,100000,rush_hour,1288
1248,81,-146.8504220449434,66.19753086419753,66.88888888888889,56,26,1,0.535981342665124,0.19570511073609928,100000,high_uniform,1289
1249,249,-343.9497820109389,68.5582329317269,69.18072289156626,155,84,1,0.5357133519937914,0.19137098146490303,100000,uniform_medium,1290
1250,208,-189.27944520086078,53.11538461538461,54.01442307692308,187,57,1,0.5354454953177946,0.20179341883900073,100000,rush_hour,1291
1251,199,-228.46701521199824,59.32663316582914,60.03517587939699,141,62,1,0.5351777725701358,0.1959889060139057,100000,uniform_medium,1292
1252,76,-97.26865591252,49.51315789473684,50.35526315789474,64,21,1,0.5349101836838507,0.18344611223591,100000,high_uniform,1293
1253,500,-89.5605776350319,5.732,6.098,183,170,0,0.5346427285920088,0.1914005141854286,100000,low_uniform,1294
1254,123,-118.88444472706445,44.886178861788615,45.56910569105691,84,38,1,0.5343754072277128,0.2066945116815528,100000,uneven,1295
1255,129,-126.16722740995874,42.65891472868217,43.34108527131783,88,41,1,0.534108219524099,0.18710767506628997,100000,uneven,1296
1256,500,-88.10537950292294,6.348,6.72,186,165,0,0.533841165414337,0.19370536820590495,100000,low_uniform,1297
1257,308,-267.232758721109,51.83116883116883,52.60064935064935,237,89,1,0.5335742448316299,0.19223266136046355,100000,uniform_medium,1298
1258,79,-91.30399149957162,44.74683544303797,45.49367088607595,59,24,1,0.5333074577092141,0.17959257102088083,100000,high_uniform,1299
1259,63,-112.06316556890734,60.23809523809524,60.87301587301587,40,22,1,0.5330408039803595,0.19058637368300604,100000,high_uniform,1300
1260,123,-121.97123147197738,45.08943089430894,45.86178861788618,95,37,1,0.5327742835783693,0.18330213851560423,100000,rush_hour,1301
1261,269,-310.37506636962183,66.30483271375465,67.13754646840148,224,78,1,0.5325078964365801,0.1927137935748774,100000,uniform_medium,1302
1262,107,-129.2806763844876,51.66355140186916,52.38317757009346,77,33,1,0.5322416424883619,0.1909543396295788,100000,rush_hour,1303
1263,79,-155.3718947551371,70.25316455696202,70.83544303797468,46,28,1,0.5319755216671178,0.18205968705536443,100000,high_uniform,1304
1264,62,-56.14945398266632,33.03225806451613,33.74193548387097,44,19,1,0.5317095339062843,0.20033230836833676,100000,rush_hour,1305
1265,334,-330.1850911413942,61.206586826347305,62.038922155688624,278,96,1,0.5314436791393312,0.19785039450326367,100000,uniform_medium,1306
1266,500,-87.57120043675114,5.776,6.128,176,163,0,0.5311779572997616,0.19274682366847992,100000,low_uniform,1307
1267,500,-82.20606091720232,4.974,5.292,159,152,0,0.5309123683211118,0.19020924910902978,100000,low_uniform,1308
1268,157,-143.53226028105635,45.732484076433124,46.394904458598724,104,49,1,0.5306469121369513,0.18671513239669194,100000,uniform_medium,1309
1269,104,-107.56332885788433,49.5,50.30769230769231,84,30,1,0.5303815886808828,0.19668700388417795,100000,rush_hour,1310
1270,500,-85.47311670754095,6.32,6.714,197,165,0,0.5301163978865424,0.19658399188518524,100000,low_uniform,1311
1271,216,-232.81572034417303,59.08796296296296,59.84722222222222,164,63,1,0.5298513396875991,0.19516095398338856,100000,uniform_medium,1312
1272,500,-74.06379348585592,4.986,5.362,188,159,0,0.5295864140177553,0.1919887913763523,100000,low_uniform,1313
1273,92,-104.04243343301117,52.51086956521739,53.33695652173913,76,26,1,0.5293216208107464,0.18975217769975247,100000,rush_hour,1314
1274,96,-91.17977804515415,40.697916666666664,41.416666666666664,69,29,1,0.5290569600003411,0.21550373368275663,100000,uneven,1315
1275,131,-165.45072059211998,57.02290076335878,57.66412213740458,84,44,1,0.5287924315203409,0.19214574429597564,100000,uneven,1316
1276,171,-198.22523306895334,57.7953216374269,58.49707602339181,120,54,1,0.5285280353045808,0.19665831654218205,100000,uneven,1317
1277,120,-134.45555107781155,53.475,54.266666666666666,95,36,1,0.5282637712869286,0.196190253769358,100000,uneven,1318
1278,77,-96.67097837869825,43.83116883116883,44.35064935064935,40,29,1,0.5279996394012851,0.19014339100617866,100000,uneven,1319
1279,500,-96.47116141254108,7.212,7.6,194,169,0,0.5277356395815845,0.1903049912750721,100000,low_uniform,1320
1280,82,-95.99810871597364,41.01219512195122,41.573170731707314,46,29,1,0.5274717717617938,0.1620551842014964,100000,rush_hour,1321
1281,89,-105.47647010329625,41.02247191011236,41.52808988764045,45,30,1,0.5272080358759129,0.18994760421219836,100000,uneven,1322
1282,87,-118.01299162299031,44.51724137931034,44.94252873563219,37,34,1,0.526944431857975,0.1823596292357335,100000,uneven,1323
1283,328,-295.267553339529,55.40548780487805,56.21341463414634,265,96,1,0.5266809596420461,0.1912878622959663,100000,uniform_medium,1324
1284,147,-126.3829118530659,44.70068027210884,45.53061224489796,122,43,1,0.5264176191622251,0.18613105236875768,100000,rush_hour,1325
1285,318,-374.25988269286404,65.24528301886792,65.9496855345912,224,99,1,0.526154410352644,0.192193625295687,100000,uniform_medium,1326
1286,500,-110.16407170919585,8.504,8.908,202,174,0,0.5258913331474677,0.1860687430500984,100000,low_uniform,1327
1287,92,-99.15128359234892,42.76086956521739,43.44565217391305,63,30,1,0.525628387480894,0.17158731777706873,100000,rush_hour,1328
1288,266,-187.54775764654607,45.909774436090224,46.78195488721804,232,71,1,0.5253655732871536,0.18424241516487042,100000,uniform_medium,1329
1289,500,-83.29153475718482,5.866,6.238,186,164,0,0.5251028905005101,0.19206062802672386,100000,low_uniform,1330
1290,94,-100.25054178552986,50.96808510638298,51.808510638297875,79,27,1,0.5248403390552598,0.17310176084333279,100000,uneven,1331
1291,277,-207.47578113570665,46.288808664259925,47.104693140794225,226,80,1,0.5245779188857322,0.1930862959702953,100000,uniform_medium,1332
1292,99,-74.72779771410809,36.44444444444444,37.323232323232325,87,26,1,0.5243156299262894,0.18550056934055656,100000,rush_hour,1333
1293,83,-152.16918270495864,61.963855421686745,62.54216867469879,48,29,1,0.5240534721113264,0.1890908807336566,100000,high_uniform,1334
1294,500,-74.6415233825276,5.062,5.398,168,148,0,0.5237914453752707,0.19600147823989392,100000,low_uniform,1335
1295,92,-105.98952663783982,37.80434782608695,38.26086956521739,42,32,1,0.523529549652583,0.19550434694341992,100000,rush_hour,1336
1296,110,-163.5563901631125,65.74545454545455,66.61818181818182,96,30,1,0.5232677848777567,0.19145324846560305,100000,high_uniform,1337
1297,247,-217.37435134617462,53.37246963562753,54.20647773279352,206,69,1,0.5230061509853179,0.19116212611618313,100000,uniform_medium,1338
1298,97,-91.66543868071064,39.54639175257732,40.30927835051546,74,28,1,0.5227446479098252,0.19949941421599732,100000,uneven,1339
1299,88,-116.38000229592406,53.45454545454545,54.30681818181818,75,24,1,0.5224832755858704,0.1999943299557675,100000,high_uniform,1340
1300,500,-94.87687838766942,6.21,6.554,172,164,0,0.5222220339480774,0.1824516005218029,100000,low_uniform,1341
1301,124,-107.06823330348968,43.50806451612903,44.33064516129032,102,36,1,0.5219609229311034,0.18701459809897408,100000,uneven,1342
1302,69,-114.67993247896601,61.42028985507246,62.231884057971016,56,20,1,0.5216999424696379,0.19473918462577072,100000,high_uniform,1343
1303,119,-113.18279035026963,42.0,42.680672268907564,81,37,1,0.5214390924984031,0.18949646026897832,100000,uneven,1344
1304,110,-90.64726334944922,38.81818181818182,39.57272727272727,83,33,1,0.521178372952154,0.18753547194329176,100000,rush_hour,1345
1305,115,-136.3662955703562,49.91304347826087,50.504347826086956,68,39,1,0.5209177837656779,0.1897607364732286,100000,uneven,1346
1306,130,-120.13555603652512,48.33846153846154,49.16923076923077,108,36,1,0.520657324873795,0.182262128419601,100000,uneven,1347
1307,263,-280.1277616152165,59.254752851711025,59.99239543726236,194,80,1,0.5203969962113582,0.18499660809230442,100000,uniform_medium,1348
1308,169,-142.86270660362285,46.21301775147929,46.994082840236686,132,50,1,0.5201367977132525,0.19067642286684386,100000,uniform_medium,1349
1309,90,-141.23936592280435,55.01111111111111,55.58888888888889,52,31,1,0.5198767293143959,0.19436907602681053,100000,high_uniform,1350
1310,74,-88.22673290303739,40.689189189189186,41.17567567567568,36,24,1,0.5196167909497387,0.1916337535792106,100000,rush_hour,1351
1311,75,-125.47198612845345,56.906666666666666,57.50666666666667,45,26,1,0.5193569825542639,0.19742291887601215,100000,high_uniform,1352
1312,304,-308.7641659682657,62.79934210526316,63.69736842105263,273,83,1,0.5190973040629868,0.19127554921923498,100000,uniform_medium,1353
1313,173,-141.9065440276709,45.73988439306358,46.60693641618497,150,47,1,0.5188377554109553,0.1863902327900677,100000,uneven,1354
1314,64,-81.82938431819808,36.4375,36.9375,32,23,1,0.5185783365332499,0.20050588296726346,100000,rush_hour,1355
1315,124,-125.82070011579336,50.86290322580645,51.62903225806452,95,36,1,0.5183190473649834,0.1907543297857046,100000,rush_hour,1356
1316,174,-181.67415654673235,50.0632183908046,50.735632183908045,117,57,1,0.5180598878413009,0.18836287439040755,100000,uniform_medium,1357
1317,117,-148.1189282851436,52.92307692307692,53.47008547008547,64,40,1,0.5178008578973803,0.1870381770353032,100000,uneven,1358
1318,102,-158.340627196346,67.8921568627451,68.66666666666667,79,30,1,0.5175419574684316,0.18333757924390773,100000,high_uniform,1359
1319,109,-140.92870262187503,59.72477064220183,60.72477064220183,109,27,1,0.5172831864896974,0.18192363339006354,100000,high_uniform,1360
1320,248,-222.7363872813059,50.943548387096776,51.685483870967744,184,75,1,0.5170245448964526,0.18778605717084101,100000,uniform_medium,1361
1321,500,-102.80317953930187,7.238,7.616,189,172,0,0.5167660326240043,0.18851479575037955,100000,low_uniform,1362
1322,174,-158.85650980968452,45.02298850574713,45.775862068965516,131,54,1,0.5165076496076924,0.19392747316381026,100000,uniform_medium,1363
1323,80,-125.2738205443598,65.9625,66.8,67,23,1,0.5162493957828885,0.1915934642776847,100000,high_uniform,1364
1324,117,-124.37553474444071,52.085470085470085,52.863247863247864,91,35,1,0.5159912710849971,0.181636238263713,100000,rush_hour,1365
1325,87,-77.19598532577298,36.770114942528735,37.49425287356322,63,25,1,0.5157332754494546,0.19771843506344433,100000,rush_hour,1366
1326,500,-105.8513458411128,8.998,9.394,198,164,0,0.5154754088117299,0.19246381674706936,100000,low_uniform,1367
1327,160,-162.9471061141016,51.1625,51.89375,117,49,1,0.5152176711073241,0.19498094921000303,100000,uneven,1368
1328,500,-94.87148598580706,6.208,6.562,177,164,0,0.5149600622717705,0.19382650218904018,100000,low_uniform,1369
1329,182,-142.2232996570868,37.36813186813187,38.06043956043956,126,57,1,0.5147025822406346,0.1876982210592909,100000,uneven,1370
1330,144,-140.0103857064589,43.05555555555556,43.701388888888886,93,47,1,0.5144452309495143,0.1917325368978911,100000,uniform_medium,1371
1331,79,-132.79350776251493,63.53164556962025,64.27848101265823,59,24,1,0.5141880083340395,0.204550208358825,100000,high_uniform,1372
1332,132,-117.15361586417023,45.25757575757576,46.06060606060606,106,39,1,0.5139309143298726,0.18411202277197983,100000,uneven,1373
1333,95,-142.91738184377067,61.34736842105263,62.16842105263158,78,27,1,0.5136739488727077,0.18992289030238202,100000,high_uniform,1374
1334,118,-142.99141745179372,50.3728813559322,51.0,74,40,1,0.5134171118982713,0.20044821810166716,100000,rush_hour,1375
1335,68,-77.6166038142772,47.14705882352941,48.11764705882353,66,17,1,0.5131604033423223,0.19261973186889114,100000,high_uniform,1376
1336,107,-130.0131810865204,46.794392523364486,47.33644859813084,58,38,1,0.5129038231406511,0.2063458571645701,100000,rush_hour,1377
1337,104,-99.58690610944154,40.23076923076923,40.83653846153846,63,34,1,0.5126473712290808,0.20088247224115408,100000,uneven,1378
1338,179,-225.81264098406973,65.68715083798882,66.39664804469274,127,57,1,0.5123910475434663,0.20000106620721977,100000,uniform_medium,1379
1339,112,-119.25977900937568,48.24107142857143,48.955357142857146,80,36,1,0.5121348520196947,0.2042095198828195,100000,uneven,1380
1340,60,-69.27374529747517,42.13333333333333,42.983333333333334,51,16,1,0.5118787845936849,0.20760255741576353,100000,high_uniform,1381
1341,69,-146.10813462625285,74.02898550724638,74.71014492753623,47,23,1,0.511622845201388,0.19805417728164923,100000,high_uniform,1382
1342,500,-91.48334845026037,6.544,6.922,189,166,0,0.5113670337787873,0.1969872705191374,100000,low_uniform,1383
1343,500,-86.6886601357466,6.064,6.444,190,165,0,0.511111350261898,0.19740909841656684,100000,low_uniform,1384
1344,67,-90.29646904506012,49.43283582089552,50.23880597014925,54,18,1,0.5108557945867671,0.20233371564701422,100000,high_uniform,1385
1345,500,-76.75730724238439,5.446,5.824,189,160,0,0.5106003666894737,0.1933393723666668,100000,low_uniform,1386
1346,116,-137.90124594912405,42.827586206896555,43.327586206896555,58,41,1,0.510345066506129,0.20474196951194057,100000,rush_hour,1387
1347,100,-100.17734431232986,41.1,41.71,61,30,1,0.510089893972876,0.1859350185841322,100000,rush_hour,1388
1348,158,-114.12473230260387,36.95569620253165,37.70253164556962,118,47,1,0.5098348490258896,0.20875981483089773,100000,uneven,1389
1349,125,-109.79113718420075,44.096,44.912,102,37,1,0.5095799316013767,0.1894726437330246,100000,uneven,1390
1350,80,-111.6380146569316,55.6625,56.4625,64,24,1,0.5093251416355761,0.19056027941405773,100000,high_uniform,1391
1351,500,-69.21188720873832,4.71,5.078,184,155,0,0.5090704790647583,0.1932732204347849,100000,low_uniform,1392
1352,295,-335.1858323789596,68.13559322033899,68.9728813559322,247,84,1,0.508815943825226,0.19580434512788966,100000,uniform_medium,1393
1353,85,-131.43414023515706,61.62352941176471,62.36470588235294,63,25,1,0.5085615358533134,0.20046339639846017,100000,high_uniform,1394
1354,150,-90.9686115128326,38.14666666666667,39.07333333333333,139,40,1,0.5083072550853868,0.18420423060655594,100000,rush_hour,1395
1355,296,-280.06793968631985,60.023648648648646,60.9054054054054,261,81,1,0.5080531014578441,0.19815543641311092,100000,uniform_medium,1396
1356,88,-138.81778104021845,56.46590909090909,57.10227272727273,56,28,1,0.5077990749071152,0.2069978810508143,100000,high_uniform,1397
1357,228,-235.61126539986836,54.728070175438596,55.40350877192982,154,68,1,0.5075451753696616,0.1981734317449624,100000,uniform_medium,1398
1358,500,-73.30021763305369,4.464,4.798,167,151,0,0.5072914027819768,0.19944674922525882,100000,low_uniform,1399
1359,500,-91.80584037888116,7.128,7.526,199,165,0,0.5070377570805858,0.20003811475634575,100000,low_uniform,1400
1360,252,-255.55287944771274,54.82142857142857,55.54761904761905,183,78,1,0.5067842382020455,0.1962594779592658,100000,uniform_medium,1401
1361,500,-77.23539112408443,6.31,6.706,198,158,0,0.5065308460829445,0.20003557315468787,100000,low_uniform,1402
1362,500,-86.2852709082588,5.998,6.362,182,162,0,0.506277580659903,0.20033275684714316,100000,low_uniform,1403
1363,157,-186.46968818351723,59.76433121019108,60.496815286624205,115,47,1,0.5060244418695731,0.19616180596647748,100000,uniform_medium,1404
1364,286,-227.60461891660026,51.46853146853147,52.34965034965035,252,77,1,0.5057714296486383,0.20454524965448814,100000,uniform_medium,1405
1365,83,-136.27744216006522,63.975903614457835,64.8433734939759,72,24,1,0.505518543933814,0.20519764039171748,100000,high_uniform,1406
1366,500,-82.86436734593802,6.882,7.286,202,161,0,0.5052657846618471,0.19522601103782652,100000,low_uniform,1407
1367,220,-252.92482117131226,61.9,62.654545454545456,166,68,1,0.5050131517695162,0.20019604153931142,100000,uniform_medium,1408
1368,85,-148.27325796492056,69.67058823529412,70.54117647058824,74,23,1,0.5047606451936315,0.18194990508696612,100000,high_uniform,1409
1369,91,-107.14339235291312,43.69230769230769,44.252747252747255,51,32,1,0.5045082648710347,0.19324133766221477,100000,rush_hour,1410
1370,106,-106.23942584010489,38.41509433962264,38.990566037735846,61,37,1,0.5042560107385993,0.20548708877473507,100000,uneven,1411
1371,135,-159.58968112610106,54.14074074074074,54.84444444444444,95,43,1,0.50400388273323,0.19566407921137632,100000,rush_hour,1412
1372,212,-191.76599370683968,55.382075471698116,56.2688679245283,188,57,1,0.5037518807918635,0.2027962646745848,100000,uniform_medium,1413
1373,99,-135.2131559564598,55.121212121212125,55.92929292929293,80,27,1,0.5035000048514676,0.19834654424527678,100000,high_uniform,1414
1374,54,-91.49458228004757,52.351851851851855,53.0,35,17,1,0.5032482548490419,0.19525190856721666,100000,high_uniform,1415
1375,143,-159.74076097954583,59.40559440559441,60.23776223776224,119,41,1,0.5029966307216174,0.1930097714587525,100000,rush_hour,1416
1376,78,-69.42876948366708,29.41025641025641,30.012820512820515,47,26,1,0.5027451324062566,0.19155115739275247,100000,rush_hour,1417
1377,129,-145.6785181130326,53.64341085271318,54.4031007751938,98,39,1,0.5024937598400535,0.19806500212397687,100000,rush_hour,1418
1378,149,-142.2210279262688,46.92617449664429,47.671140939597315,111,45,1,0.5022425129601336,0.21853904076070593,100000,uneven,1419
1379,84,-119.50340940802727,54.107142857142854,54.964285714285715,72,24,1,0.5019913917036535,0.2098179039146219,100000,high_uniform,1420
1380,86,-140.5390480119865,64.68604651162791,65.5,70,24,1,0.5017403960078016,0.2064114581187104,100000,high_uniform,1421
1381,107,-124.29951442965516,51.177570093457945,51.850467289719624,72,34,1,0.5014895258097978,0.21062441330368273,100000,rush_hour,1422
1382,315,-269.83503768362846,48.91746031746032,49.7047619047619,248,92,1,0.5012387810468929,0.21276703862443802,100000,uniform_medium,1423
1383,146,-146.65981394507943,50.82876712328767,51.54794520547945,105,40,1,0.5009881616563695,0.20545851158565037,100000,uniform_medium,1424
1384,136,-132.69020443885182,45.19117647058823,45.963235294117645,105,41,1,0.5007376675755414,0.19772934678065426,100000,rush_hour,1425
1385,239,-177.67184350497274,40.50627615062761,41.24267782426778,176,71,1,0.5004872987417537,0.20656225356472088,100000,uniform_medium,1426
1386,208,-191.2229927001366,51.58653846153846,52.375,164,61,1,0.5002370550923828,0.2119276051122982,100000,uniform_medium,1427
1387,78,-134.82806318180525,61.08974358974359,61.705128205128204,48,26,1,0.49998693656483667,0.2064993142699584,100000,high_uniform,1428
1388,274,-280.3870786496924,61.277372262773724,62.13138686131387,234,77,1,0.49973694309655425,0.2139526559923687,100000,uniform_medium,1429
1389,91,-97.76464518805332,39.67032967032967,40.285714285714285,56,29,1,0.499487074625006,0.2062999583207644,100000,rush_hour,1430
1390,66,-76.92996493474266,33.74242424242424,34.196969696969695,30,24,1,0.4992373310876935,0.21201036407640486,100000,rush_hour,1431
1391,321,-249.83831407545608,53.62305295950156,54.58255451713396,308,84,1,0.49898771242214973,0.20946550294988994,100000,uniform_medium,1432
1392,64,-102.88307518160806,52.171875,52.859375,44,20,1,0.4987382185659387,0.20530384487938136,100000,high_uniform,1433
1393,95,-90.03570456517146,38.76842105263158,39.463157894736845,66,28,1,0.4984888494566558,0.2170232230895444,100000,rush_hour,1434
1394,115,-96.35722424899413,40.29565217391304,41.052173913043475,87,35,1,0.4982396050319275,0.2142065922851148,100000,uneven,1435
1395,140,-129.4259466025165,50.34285714285714,51.16428571428571,115,37,1,0.49799048522941153,0.2100339916667768,100000,uniform_medium,1436
1396,73,-84.21156492220399,40.73972602739726,41.50684931506849,56,22,1,0.49774148998679685,0.21282869107919197,100000,high_uniform,1437
1397,90,-91.98599630143627,37.06666666666667,37.6,48,32,1,0.4974926192418035,0.1966570060286257,100000,uneven,1438
1398,223,-223.00232224375074,58.67713004484305,59.573991031390136,200,60,1,0.49724387293218264,0.21864916504498555,100000,uneven,1439
1399,500,-81.33122367907436,5.72,6.11,195,163,0,0.49699525099571656,0.20842142762243748,100000,low_uniform,1440
1400,441,-331.01801141395174,51.383219954648524,52.2312925170068,374,118,1,0.49674675337021873,0.20587823338924893,100000,uniform_medium,1441
1401,84,-86.61623502935282,41.32142857142857,42.023809523809526,59,25,1,0.49649837999353363,0.2085963294264816,100000,rush_hour,1442
1402,230,-297.6668654508305,72.05217391304348,72.84782608695652,183,67,1,0.4962501308035369,0.21142964768021003,100000,uniform_medium,1443
1403,135,-74.00915198845564,30.733333333333334,31.525925925925925,107,38,1,0.4960020057381352,0.1946666615428748,100000,uniform_medium,1444
1404,228,-202.86839312766293,55.228070175438596,56.14473684210526,209,61,1,0.49575400473526615,0.21989545794694046,100000,uniform_medium,1445
1405,500,-64.3255652402609,4.556,4.942,193,156,0,0.49550612773289854,0.20837577718496322,100000,low_uniform,1446
1406,500,-57.2136932573745,5.186,5.61,212,151,0,0.4952583746690321,0.21346942089498044,100000,low_uniform,1447
1407,222,-201.59946251622287,51.072072072072075,51.869369369369366,177,65,1,0.4950107454816976,0.20887628476227726,100000,uniform_medium,1448
1408,165,-222.7101370977949,69.0060606060606,69.81818181818181,134,47,1,0.4947632401089568,0.20229890545209248,100000,rush_hour,1449
1409,500,-91.52244148047042,6.632,7.01,189,167,0,0.49451585848890234,0.21242169089615345,100000,low_uniform,1450
1410,214,-257.75208928627956,63.7803738317757,64.54205607476635,163,66,1,0.49426860055965793,0.21462253495075992,100000,uniform_medium,1451
1411,500,-84.10504079302906,5.472,5.84,184,165,0,0.49402146625937815,0.21541477592289449,100000,low_uniform,1452
1412,85,-135.4960093620584,64.96470588235294,65.82352941176471,73,24,1,0.4937744555262485,0.2004774205824908,100000,high_uniform,1453
1413,230,-247.81675703045192,60.38695652173913,61.21304347826087,190,66,1,0.4935275682984854,0.21488883812790333,100000,uniform_medium,1454
1414,118,-132.52099575253564,46.94915254237288,47.567796610169495,73,39,1,0.49328080451433615,0.22090803932840541,100000,uneven,1455
1415,87,-101.97511588742401,56.67816091954023,57.770114942528735,95,19,1,0.493034164112079,0.20813154069514112,100000,high_uniform,1456
1416,144,-155.56263540567952,49.34722222222222,50.020833333333336,97,48,1,0.492787647030023,0.20473083651935062,100000,uneven,1457
1417,92,-85.82120410446798,35.119565217391305,35.69565217391305,53,30,1,0.492541253206508,0.211251435396464,100000,uneven,1458
1418,86,-132.83330828754313,60.86046511627907,61.66279069767442,69,25,1,0.4922949825799048,0.21204061494317167,100000,high_uniform,1459
1419,101,-83.34579576822844,31.782178217821784,32.45544554455446,68,31,1,0.49204883508861486,0.21604764365618773,100000,rush_hour,1460
1420,102,-114.57293681689312,51.77450980392157,52.6764705882353,92,26,1,0.49180281067107057,0.21711134530749976,100000,high_uniform,1461
1421,102,-90.94778942417051,36.166666666666664,36.872549019607845,72,31,1,0.49155690926573503,0.21271796210431584,100000,rush_hour,1462
1422,154,-131.1987361181182,41.13636363636363,41.883116883116884,115,47,1,0.49131113081110217,0.2180665810773899,100000,rush_hour,1463
1423,109,-159.1794769389201,66.34862385321101,67.1559633027523,88,30,1,0.49106547524569666,0.21445751620815434,100000,high_uniform,1464
1424,91,-121.78101380741053,50.07692307692308,50.62637362637363,50,32,1,0.4908199425080738,0.20433864652455508,100000,uneven,1465
1425,218,-217.89882426910924,55.72935779816514,56.50917431192661,170,64,1,0.4905745325368198,0.21424301440289262,100000,uniform_medium,1466
1426,111,-104.83324318279435,45.171171171171174,45.98198198198198,90,30,1,0.49032924527055144,0.23645519552467106,100000,rush_hour,1467
1427,158,-154.38371753211226,50.70253164556962,51.51898734177215,129,46,1,0.4900840806479162,0.21921105753583245,100000,uneven,1468
1428,138,-140.6719397785273,47.007246376811594,47.710144927536234,97,44,1,0.48983903860759226,0.22224495468148286,100000,rush_hour,1469
1429,240,-243.92501453531975,59.53333333333333,60.3875,205,66,1,0.4895941190882885,0.21479301539560158,100000,uniform_medium,1470
1430,128,-145.281672190332,50.3984375,51.1015625,90,40,1,0.48934932202874437,0.22041105473181233,100000,uneven,1471
1431,92,-119.80811706438654,56.44565217391305,57.380434782608695,86,24,1,0.48910464736773,0.2138219023042399,100000,high_uniform,1472
1432,500,-90.48888058005365,6.16,6.532,186,169,0,0.4888600950440462,0.2179887449890375,100000,low_uniform,1473
1433,500,-86.81869403098389,6.392,6.776,192,166,0,0.4886156649965242,0.21435880900919438,100000,low_uniform,1474
1434,112,-171.84437317083274,70.75,71.64285714285714,100,30,1,0.48837135716402597,0.2066700754554144,100000,high_uniform,1475
1435,322,-255.82542906135168,52.41304347826087,53.28260869565217,280,88,1,0.488127171485444,0.21356200734558312,100000,uniform_medium,1476
1436,500,-73.73389394307208,6.866,7.3,217,158,0,0.4878831078997013,0.2118593066930771,100000,low_uniform,1477
1437,73,-88.76358946490842,48.0,48.89041095890411,65,20,1,0.4876391663457515,0.21965150055411745,100000,high_uniform,1478
1438,61,-62.86591535632519,32.77049180327869,33.24590163934426,29,22,1,0.4873953467625787,0.22716152545858603,100000,uneven,1479
1439,163,-163.95054712144193,50.214723926380366,50.94478527607362,119,51,1,0.4871516490891974,0.2048700743931934,100000,uniform_medium,1480
1440,72,-92.76809766406555,40.19444444444444,40.69444444444444,36,23,1,0.4869080732646528,0.21712173376646307,100000,rush_hour,1481
1441,142,-155.88824995558383,51.816901408450704,52.49295774647887,96,46,1,0.4866646192280205,0.21858514037350535,100000,uneven,1482
1442,60,-88.9559676876618,50.333333333333336,51.05,43,17,1,0.4864212869184065,0.2199017249047756,100000,high_uniform,1483
1443,94,-64.4612612420284,35.6063829787234,36.5,84,24,1,0.48617807627494736,0.21237103395322535,100000,rush_hour,1484
1444,77,-109.00699576125386,55.48051948051948,56.22077922077922,57,22,1,0.4859349872368099,0.2094278514578745,100000,high_uniform,1485
1445,500,-90.74137746738796,6.562,6.938,188,159,0,0.48569201974319154,0.21302685230970383,100000,low_uniform,1486
1446,500,-73.27995636678762,7.62,8.068,224,156,0,0.48544917373331997,0.21455319042503834,100000,low_uniform,1487
1447,83,-72.67749940940975,32.89156626506024,33.65060240963855,63,25,1,0.48520644914645333,0.2064548628516944,100000,rush_hour,1488
1448,114,-90.47255584557969,38.01754385964912,38.85087719298246,95,30,1,0.48496384592188013,0.21274054455652572,100000,rush_hour,1489
1449,143,-121.62809673652377,44.91608391608391,45.74125874125874,118,40,1,0.48472136399891924,0.21785871351098682,100000,uneven,1490
1450,500,-85.14226980754117,6.254,6.628,187,155,0,0.4844790033169198,0.21582199908792973,100000,low_uniform,1491
1451,184,-155.0575964195917,43.36413043478261,44.08695652173913,133,56,1,0.4842367638152614,0.22628004047209802,100000,uniform_medium,1492
1452,500,-99.51055617268817,6.942,7.294,176,160,0,0.48399464543335374,0.21601772627234458,100000,low_uniform,1493
1453,500,-91.24411097991025,6.198,6.568,185,167,0,0.4837526481106371,0.21319860824942588,100000,low_uniform,1494
1454,188,-159.41899125162467,46.861702127659576,47.648936170212764,148,56,1,0.4835107717865818,0.2108807521376838,100000,uniform_medium,1495
1455,94,-153.43593286488277,68.79787234042553,69.67021276595744,82,26,1,0.48326901640068853,0.20239335560101143,100000,high_uniform,1496
1456,500,-68.66138730857007,5.394,5.758,182,144,0,0.48302738189248823,0.20726092618703842,100000,low_uniform,1497
1457,79,-84.2253512256413,39.835443037974684,40.55696202531646,57,22,1,0.482785868201542,0.20576209622093394,100000,rush_hour,1498
1458,89,-100.74384232945286,51.62921348314607,52.60674157303371,87,23,1,0.48254447526744126,0.21526440534363972,100000,high_uniform,1499
1459,331,-223.02307360970858,45.32628398791541,46.21450151057402,294,87,1,0.48230320302980756,0.20767054477216973,100000,uniform_medium,1500
1460,75,-121.71358075820717,64.14666666666666,64.96,61,21,1,0.48206205142829267,0.21406491686900456,100000,high_uniform,1501
1461,95,-119.81524327244978,47.77894736842105,48.34736842105263,54,33,1,0.48182102040257857,0.21581916816924748,100000,uneven,1502
1462,283,-210.96895470734162,47.67137809187279,48.5547703180212,250,76,1,0.4815801098923773,0.21380932789703982,100000,uniform_medium,1503
1463,500,-64.8203495462856,5.458,5.87,206,151,0,0.48133931983743117,0.21786201576888561,100000,low_uniform,1504
1464,500,-85.27350110409282,5.972,6.34,184,159,0,0.48109865017751247,0.21162991976737977,100000,low_uniform,1505
1465,133,-94.5395136941683,37.774436090225564,38.61654135338346,112,36,1,0.48085810085242375,0.21695556822127865,100000,rush_hour,1506
1466,500,-76.20290260293264,6.554,6.954,200,150,0,0.48061767180199755,0.21279054749011994,100000,low_uniform,1507
1467,123,-69.88288700504876,28.634146341463413,29.43089430894309,98,35,1,0.48037736296609657,0.20862221602744202,100000,uneven,1508
1468,322,-305.4410309863075,63.30124223602485,64.24844720496894,305,83,1,0.48013717428461355,0.20957192593479748,100000,uniform_medium,1509
1469,151,-103.55766218760856,42.7682119205298,43.70860927152318,142,37,1,0.4798971056974713,0.20256436482960025,100000,uneven,1510
1470,500,-97.30513288406289,6.814,7.178,182,163,0,0.4796571571446226,0.21797832868993283,100000,low_uniform,1511
1471,109,-100.5345346253811,47.10091743119266,48.00917431192661,99,28,1,0.4794173285660503,0.20620889818176216,100000,rush_hour,1512
1472,134,-139.63569186397822,48.93283582089552,49.61194029850746,91,43,1,0.47917761990176727,0.20087017630463216,100000,uneven,1513
1473,124,-189.33949618675126,71.18548387096774,72.05645161290323,108,33,1,0.47893803109181643,0.2100426428500683,100000,high_uniform,1514
1474,148,-165.75767770522168,52.513513513513516,53.25,109,44,1,0.47869856207627054,0.21840668570350957,100000,uniform_medium,1515
1475,87,-82.0040204360952,43.51724137931034,44.333333333333336,71,24,1,0.47845921279523246,0.21520913692041374,100000,rush_hour,1516
1476,128,-122.89849901769115,47.2421875,48.015625,99,36,1,0.47821998318883485,0.20785225927829742,100000,uniform_medium,1517
1477,75,-103.7966827329046,58.81333333333333,59.70666666666666,67,19,1,0.4779808731972405,0.20793481628100077,100000,high_uniform,1518
1478,235,-201.72589145187462,49.8936170212766,50.685106382978724,186,70,1,0.4777418827606419,0.21325435216756577,100000,uniform_medium,1519
1479,154,-104.0387315761683,33.76623376623377,34.493506493506494,112,46,1,0.4775030118192616,0.2160418245505977,100000,uniform_medium,1520
1480,83,-147.760829114565,68.04819277108433,68.7710843373494,60,24,1,0.47726426031335195,0.22179066246173468,100000,high_uniform,1521
1481,500,-80.25629801762922,5.554,5.902,174,148,0,0.4770256281831953,0.21714209455251693,100000,low_uniform,1522
1482,500,-76.4593788527323,5.786,6.17,192,159,0,0.47678711536910373,0.21474628268182278,100000,low_uniform,1523
1483,346,-271.1069727992293,53.71098265895954,54.592485549132945,305,88,1,0.4765487218114192,0.21150195099025793,100000,uniform_medium,1524
1484,500,-68.08794174151015,6.152,6.572,210,154,0,0.47631044745051354,0.21044915287196636,100000,low_uniform,1525
1485,79,-93.67716003624798,50.0126582278481,50.924050632911396,72,21,1,0.4760722922267883,0.21014599756726735,100000,high_uniform,1526
1486,101,-104.76133048973297,43.21782178217822,43.9009900990099,69,31,1,0.475834256080675,0.20893406823720082,100000,rush_hour,1527
1487,500,-85.32528578439958,5.356,5.72,182,166,0,0.47559633895263465,0.21213404533267022,100000,low_uniform,1528
1488,500,-68.34490789780592,4.48,4.83,175,150,0,0.47535854078315837,0.20865132550895213,100000,low_uniform,1529
1489,500,-67.19168585977278,6.288,6.698,205,150,0,0.47512086151276683,0.20425056020915508,100000,low_uniform,1530
1490,73,-95.10156971065817,50.21917808219178,51.0958904109589,64,19,1,0.4748833010820105,0.2071976830085663,100000,high_uniform,1531
1491,256,-313.1001455144007,66.1015625,66.81640625,183,81,1,0.47464585943146953,0.20677999389590696,100000,uniform_medium,1532
1492,101,-159.53895801965535,70.16831683168317,71.00990099009901,85,26,1,0.4744085365017538,0.19713538213826642,100000,high_uniform,1533
1493,500,-56.64543202228843,3.734,4.068,167,137,0,0.47417133223350294,0.20170592734217643,100000,low_uniform,1534
1494,372,-293.2466408280285,50.06989247311828,50.903225806451616,310,103,1,0.4739342465673862,0.2118012175684975,100000,uniform_medium,1535
1495,65,-105.18377406373945,55.87692307692308,56.55384615384615,44,21,1,0.4736972794441025,0.20201902939723088,100000,high_uniform,1536
1496,86,-130.87414421187947,60.04651162790697,60.94186046511628,77,22,1,0.4734604308043805,0.1972691463523133,100000,high_uniform,1537
1497,74,-117.78273247722234,60.7027027027027,61.5,59,21,1,0.47322370058897834,0.20440534482131134,100000,high_uniform,1538
1498,138,-104.54345736364742,37.96376811594203,38.73913043478261,107,40,1,0.4729870887386839,0.20536926102595052,100000,uneven,1539
1499,47,-77.01335912094389,46.234042553191486,46.829787234042556,28,15,1,0.47275059519431456,0.22418104587717258,100000,high_uniform,1540
1500,103,-111.97547363418388,42.28155339805825,42.85436893203884,59,37,1,0.47251421989671744,0.2105295919243572,100000,rush_hour,1541
1501,96,-146.4069452683719,59.989583333333336,60.71875,70,30,1,0.4722779627867691,0.20573668678601584,100000,high_uniform,1542
1502,231,-217.26715541516793,52.96103896103896,53.77922077922078,189,67,1,0.47204182380537574,0.20769058648512992,100000,uniform_medium,1543
1503,315,-261.11981630919644,49.86984126984127,50.663492063492065,250,93,1,0.47180580289347307,0.21400949084569537,100000,uniform_medium,1544
1504,191,-162.37709008571036,48.63350785340314,49.49214659685864,164,53,1,0.47156989999202636,0.2124705302933748,100000,uniform_medium,1545
1505,64,-91.33228502017488,48.890625,49.609375,46,19,1,0.4713341150420304,0.21274262946099043,100000,high_uniform,1546
1506,185,-174.41679933143672,52.05945945945946,52.891891891891895,154,53,1,0.4710984479845094,0.20960697012173163,100000,uniform_medium,1547
1507,94,-84.19618625797497,38.38297872340426,39.09574468085106,67,29,1,0.4708628987605172,0.20528287139344722,100000,rush_hour,1548
1508,56,-108.80731895353452,62.607142857142854,63.267857142857146,37,19,1,0.47062746731113697,0.2043852506737624,100000,high_uniform,1549
1509,106,-101.2569191878333,45.31132075471698,46.08490566037736,82,30,1,0.47039215357748143,0.21571416175871524,100000,rush_hour,1550
1510,183,-135.5007364365083,37.66120218579235,38.404371584699454,136,55,1,0.4701569575006927,0.20149604157834758,100000,uneven,1551
1511,258,-221.66528350450034,56.41085271317829,57.310077519379846,232,69,1,0.4699218790219424,0.20970256410019342,100000,uniform_medium,1552
1512,500,-449.5222643024316,63.578,64.514,468,126,0,0.46968691808243146,0.20786840444803237,100000,uniform_medium,1553
1513,158,-121.36084520143164,39.78481012658228,40.563291139240505,123,44,1,0.4694520746233903,0.19177676609988453,100000,uneven,1554
1514,337,-322.1874407326036,62.6053412462908,63.53412462908012,313,86,1,0.4692173485860786,0.1987889935027598,100000,uniform_medium,1555
1515,220,-249.51915069457348,64.78636363636363,65.5909090909091,177,64,1,0.4689827399117856,0.2128146597946232,100000,uniform_medium,1556
1516,108,-106.03395215261226,40.0,40.638888888888886,69,35,1,0.4687482485418297,0.1992669943030234,100000,rush_hour,1557
1517,75,-112.8444733448649,56.373333333333335,57.14666666666667,58,21,1,0.4685138744175588,0.20786730339129766,100000,high_uniform,1558
1518,500,-69.80153377519373,5.884,6.308,212,158,0,0.4682796174803501,0.211765360891819,100000,low_uniform,1559
1519,75,-101.9597621107773,52.36,53.14666666666667,59,21,1,0.4680454776716099,0.21042560597260793,100000,high_uniform,1560
1520,90,-132.52760221183271,61.111111111111114,61.9,71,27,1,0.46781145493277415,0.20875086908539137,100000,high_uniform,1561
1521,112,-83.00566253248647,38.07142857142857,38.955357142857146,99,30,1,0.4675775492053078,0.20587658609396645,100000,rush_hour,1562
1522,129,-131.35451429751822,49.87596899224806,50.62015503875969,96,36,1,0.4673437604307052,0.21071899197129315,100000,uneven,1563
1523,500,-68.04178998873172,5.18,5.568,194,152,0,0.46711008855048985,0.21737263245880603,100000,low_uniform,1564
1524,500,-60.16659543435113,5.034,5.432,199,147,0,0.4668765335062146,0.21485104700922966,100000,low_uniform,1565
1525,137,-116.79394855711435,45.13868613138686,45.97810218978102,115,37,1,0.4666430952394615,0.21928515780146104,100000,uneven,1566
1526,500,-67.25132284931979,4.794,5.178,192,154,0,0.46640977369184183,0.21080914348363877,100000,low_uniform,1567
1527,396,-306.7945309111877,53.18939393939394,54.08838383838384,356,101,1,0.4661765688049959,0.21236315836208036,100000,uniform_medium,1568
1528,500,-69.53677522695827,6.876,7.31,217,151,0,0.4659434805205934,0.2147375661879778,100000,low_uniform,1569
1529,500,-88.0850665508187,7.342,7.758,208,166,0,0.46571050878033315,0.21319983026385309,100000,low_uniform,1570
1530,113,-80.91870426713426,42.123893805309734,43.123893805309734,113,27,1,0.465477653525943,0.2094403575875063,100000,rush_hour,1571
1531,500,-64.55455949921976,6.12,6.568,224,158,0,0.46524491469918006,0.21504663841426372,100000,low_uniform,1572
1532,500,-85.937865262104,5.048,5.404,178,169,0,0.4650122922418305,0.21297311194241048,100000,low_uniform,1573
1533,93,-97.68340722905381,39.215053763440864,39.806451612903224,55,30,1,0.4647797860957096,0.22026937671246066,100000,rush_hour,1574
1534,500,-92.46259080307894,5.98,6.332,176,164,0,0.4645473962026618,0.21688726076483728,100000,low_uniform,1575
1535,152,-105.52668621661842,33.75657894736842,34.526315789473685,117,45,1,0.4643151225045605,0.2053555582502955,100000,rush_hour,1576
1536,500,-77.17648456669922,5.274,5.634,180,158,0,0.4640829649433082,0.2075261837989092,100000,low_uniform,1577
1537,500,-73.15729439272734,6.34,6.76,210,158,0,0.46385092346083656,0.20405739630758762,100000,low_uniform,1578
1538,500,-81.08186411890479,6.182,6.568,193,162,0,0.46361899799910616,0.2058043067455292,100000,low_uniform,1579
1539,69,-64.40424292465543,35.666666666666664,36.36231884057971,48,22,1,0.46338718850010663,0.19965060746324234,100000,uneven,1580
1540,132,-101.79359514133931,39.92424242424242,40.71212121212121,104,35,1,0.4631554949058566,0.19391471886950912,100000,uneven,1581
1541,95,-140.78505199340117,61.83157894736842,62.642105263157895,77,27,1,0.4629239171584037,0.19561786588869598,100000,high_uniform,1582
1542,169,-169.99190798199265,50.27218934911242,50.976331360946745,119,54,1,0.46269245519982455,0.20420610494691238,100000,uniform_medium,1583
1543,500,-91.46727766036219,5.196,5.526,165,167,0,0.46246110897222464,0.2069341410547495,100000,low_uniform,1584
1544,82,-140.4445545364802,62.8780487804878,63.670731707317074,65,24,1,0.46222987841773855,0.21230624825125788,100000,high_uniform,1585
1545,170,-154.06272602171347,50.62352941176471,51.470588235294116,144,47,1,0.4619987634785297,0.20281810966484687,100000,uniform_medium,1586
1546,77,-112.43150947060845,59.246753246753244,60.18181818181818,72,20,1,0.46176776409679043,0.2040750862329037,100000,high_uniform,1587
1547,97,-83.91819641754726,37.18556701030928,37.896907216494846,69,28,1,0.46153688021474204,0.20161377999585928,100000,uneven,1588
1548,66,-82.59971002594497,38.015151515151516,38.42424242424242,27,22,1,0.4613061117746347,0.2183019436444297,100000,rush_hour,1589
1549,97,-133.83384792963884,62.54639175257732,63.391752577319586,82,25,1,0.46107545871874744,0.2015898100186869,100000,high_uniform,1590
1550,500,-80.17064118853597,7.05,7.48,215,160,0,0.4608449209893881,0.20092744083702566,100000,low_uniform,1591
1551,252,-299.29535242945576,62.32142857142857,63.01984126984127,176,79,1,0.46061449852889347,0.20378365985576122,100000,uniform_medium,1592
1552,150,-154.34530063471888,49.586666666666666,50.266666666666666,102,46,1,0.46038419127962904,0.200705962429444,100000,rush_hour,1593
1553,81,-81.5883996227371,46.135802469135804,47.123456790123456,80,20,1,0.46015399918398925,0.20990224044632028,100000,high_uniform,1594
1554,161,-86.63318245376206,31.149068322981368,32.037267080745345,143,43,1,0.45992392218439726,0.2049669396155369,100000,uneven,1595
1555,72,-116.79324367580298,58.611111111111114,59.361111111111114,54,20,1,0.4596939602233051,0.21891232331593832,100000,high_uniform,1596
1556,500,-72.82657056453833,5.412,5.774,181,150,0,0.4594641132431935,0.2024354556798935,100000,low_uniform,1597
1557,126,-93.466490978617,39.75396825396825,40.56349206349206,102,33,1,0.4592343811865719,0.20640061647882538,100000,rush_hour,1598
1558,133,-167.8793010427643,56.6015037593985,57.225563909774436,83,44,1,0.4590047639959786,0.2045706902679644,100000,uneven,1599
1559,102,-92.17623819031748,42.11764705882353,42.92156862745098,82,28,1,0.45877526161398063,0.20132537346844578,100000,rush_hour,1600
1560,148,-130.64730356661562,41.445945945945944,42.16216216216216,106,45,1,0.45854587398317365,0.20772928311615377,100000,rush_hour,1601
1561,345,-260.8087230190715,49.06956521739131,49.93623188405797,299,96,1,0.4583166010461821,0.2019703204865041,100000,uniform_medium,1602
1562,218,-192.46981967998545,50.80733944954128,51.63302752293578,180,60,1,0.45808744274565905,0.2070073130617448,100000,uniform_medium,1603
1563,290,-211.90079684393208,51.47241379310345,52.42068965517242,275,72,1,0.45785839902428627,0.20077698575011615,100000,uniform_medium,1604
1564,85,-109.30105315436992,44.305882352941175,44.811764705882354,43,28,1,0.45762946982477415,0.1988049467696863,100000,rush_hour,1605
1565,88,-151.51369088634615,68.29545454545455,69.0909090909091,70,26,1,0.4574006550898618,0.19175452874465423,100000,high_uniform,1606
1566,105,-120.85830376594612,55.095238095238095,56.12380952380953,108,23,1,0.45717195476231687,0.20085744637818564,100000,high_uniform,1607
1567,117,-108.45822338606257,47.957264957264954,48.82051282051282,101,33,1,0.45694336878493574,0.2037084050412871,100000,rush_hour,1608
1568,141,-116.73737298457966,44.63120567375886,45.43262411347518,113,39,1,0.4567148971005433,0.20661165908718784,100000,uneven,1609
1569,107,-92.7681136569176,44.21495327102804,45.13084112149533,98,28,1,0.45648653965199304,0.21082079076321325,100000,rush_hour,1610
1570,109,-97.81723749764527,41.137614678899084,41.89908256880734,83,30,1,0.4562582963821671,0.20880374531133458,100000,rush_hour,1611
1571,500,-75.83925269620191,5.698,6.106,204,163,0,0.45603016723397605,0.20666825097799302,100000,low_uniform,1612
1572,188,-122.79866482616036,35.61702127659574,36.3936170212766,146,56,1,0.4558021521503591,0.20046973553426722,100000,uniform_medium,1613
1573,152,-182.3819631693144,58.53947368421053,59.28947368421053,114,46,1,0.4555742510742839,0.20161693155961602,100000,uneven,1614
1574,122,-117.59227557396073,46.27049180327869,46.98360655737705,87,38,1,0.4553464639487468,0.200320767208201,100000,rush_hour,1615
1575,500,-70.04293504093967,5.634,6.01,188,147,0,0.4551187907167724,0.2040164809077978,100000,low_uniform,1616
1576,235,-181.9426623564254,44.96595744680851,45.774468085106385,190,69,1,0.45489123132141407,0.19424475551919734,100000,uniform_medium,1617
1577,75,-120.48899908811877,66.24,67.06666666666666,62,21,1,0.4546637857057534,0.2006396116813024,100000,high_uniform,1618
1578,191,-143.7021535248471,49.17801047120419,50.15706806282723,187,47,1,0.45443645381290054,0.2008166658394624,100000,uneven,1619
1579,500,-70.25138600382978,5.538,5.942,202,158,0,0.45420923558599413,0.20304525355994701,100000,low_uniform,1620
1580,147,-155.76671204662682,55.48979591836735,56.31972789115646,122,42,1,0.45398213096820117,0.19834568680954628,100000,uneven,1621
1581,347,-278.3160304592026,55.726224783861674,56.67723342939481,330,89,1,0.4537551399027171,0.19768805488385796,100000,uniform_medium,1622
1582,366,-407.92103486096363,67.98360655737704,68.80874316939891,302,103,1,0.4535282623327658,0.1968186859631799,100000,uniform_medium,1623
1583,107,-131.8047404985269,65.24299065420561,66.3644859813084,120,21,1,0.45330149820159943,0.21338378192386895,100000,high_uniform,1624
1584,65,-102.05827777942201,57.90769230769231,58.738461538461536,54,19,1,0.45307484745249865,0.20021396233485295,100000,high_uniform,1625
1585,141,-112.57525309586237,38.4822695035461,39.205673758865245,102,42,1,0.4528483100287724,0.19052534127700413,100000,uneven,1626
1586,224,-155.6365786406255,44.419642857142854,45.27232142857143,191,62,1,0.45262188587375807,0.20403195448618913,100000,uniform_medium,1627
1587,119,-111.00354328524163,41.76470588235294,42.48739495798319,86,36,1,0.4523955749308212,0.20560372965175563,100000,rush_hour,1628
1588,500,-67.08836849349625,4.464,4.83,183,153,0,0.4521693771433558,0.20388841091096402,100000,low_uniform,1629
1589,115,-90.05356279734679,39.834782608695654,40.63478260869565,92,31,1,0.45194329245478415,0.2008571058511734,100000,rush_hour,1630
1590,500,-75.69590703487442,6.406,6.798,196,151,0,0.4517173208085568,0.20362874683737756,100000,low_uniform,1631
1591,185,-156.11678438307706,42.78378378378378,43.57297297297297,146,53,1,0.45149146214815256,0.19947449319265984,100000,uneven,1632
1592,210,-235.51652059329288,57.00952380952381,57.714285714285715,148,67,1,0.4512657164170785,0.19611749908044224,100000,uniform_medium,1633
1593,252,-222.4127662933293,55.5,56.392857142857146,225,66,1,0.45104008355887,0.20642164834435023,100000,uniform_medium,1634
1594,500,-88.6505501557384,6.442,6.83,194,164,0,0.4508145635170906,0.2045949548482895,100000,low_uniform,1635
1595,149,-117.34304622328884,41.47651006711409,42.22147651006711,111,43,1,0.4505891562353321,0.2055115514753649,100000,uneven,1636
1596,500,-68.19187598657074,5.306,5.702,198,154,0,0.4503638616572144,0.20401980516314505,100000,low_uniform,1637
1597,90,-82.78144445987415,35.65555555555556,36.333333333333336,61,29,1,0.4501386797263858,0.1857343473368221,100000,uneven,1638
1598,120,-120.6187682333761,49.53333333333333,50.31666666666667,94,34,1,0.44991361038652267,0.20650378180046877,100000,uneven,1639
1599,149,-85.15265142032722,38.34228187919463,39.34228187919463,149,35,1,0.4496886535813294,0.1946800088122387,100000,rush_hour,1640
1600,114,-124.96933804451682,43.55263157894737,44.14912280701754,68,38,1,0.44946380925453877,0.2040956719664105,100000,uneven,1641
1601,204,-158.51602249489952,47.06372549019608,47.93627450980392,178,55,1,0.44923907734991153,0.20127050187803952,100000,uniform_medium,1642
1602,192,-137.3169173545451,45.453125,46.432291666666664,188,47,1,0.4490144578112366,0.20205710091007253,100000,uneven,1643
1603,90,-101.2102405486017,46.22222222222222,46.98888888888889,69,27,1,0.448789950582331,0.1908651154074404,100000,rush_hour,1644
1604,188,-191.0145436874853,56.159574468085104,56.973404255319146,153,53,1,0.44856555560703987,0.20071056873557416,100000,uniform_medium,1645
1605,500,-67.73134536989959,4.318,4.67,176,151,0,0.44834127282923636,0.1992023352086544,100000,low_uniform,1646
1606,153,-134.10532387704203,48.287581699346404,49.150326797385624,132,42,1,0.44811710219282175,0.2082451648669305,100000,rush_hour,1647
1607,500,-81.64345574018375,7.054,7.472,209,160,0,0.4478930436417254,0.20118366557359696,100000,low_uniform,1648
1608,53,-78.17349063518178,45.22641509433962,45.943396226415096,38,16,1,0.44766909711990455,0.1888653312651616,100000,high_uniform,1649
1609,184,-136.92531891832854,40.66847826086956,41.41847826086956,138,52,1,0.4474452625713446,0.20111023881675108,100000,uniform_medium,1650
1610,500,-64.4093727595377,4.61,4.986,188,151,0,0.4472215399400589,0.19939597587287425,100000,low_uniform,1651
1611,161,-150.11081641337185,52.298136645962735,53.142857142857146,136,44,1,0.4469979291700889,0.20050460979435014,100000,uneven,1652
1612,500,-69.51513337707142,5.07,5.44,185,152,0,0.4467744302055039,0.19822503419220447,100000,low_uniform,1653
1613,91,-66.00915070148481,30.35164835164835,31.087912087912088,67,27,1,0.44655104299040116,0.1920303645861018,100000,uneven,1654
1614,205,-132.50027399153603,41.41463414634146,42.34634146341463,191,53,1,0.44632776746890596,0.20455665112268634,100000,uneven,1655
1615,500,-74.30834873488682,6.032,6.424,196,154,0,0.4461046035851715,0.19237384316325187,100000,low_uniform,1656
1616,500,-72.99368294095329,5.076,5.438,181,154,0,0.445881551283379,0.19502117444574832,100000,low_uniform,1657
1617,101,-118.67563278020504,49.10891089108911,49.82178217821782,72,31,1,0.4456586105077373,0.1954361553681959,100000,uneven,1658
1618,91,-111.4142667906814,60.8021978021978,61.8021978021978,91,20,1,0.44543578120248345,0.18920519505883313,100000,high_uniform,1659
1619,500,-60.00636507261705,5.37,5.774,202,143,0,0.4452130633118822,0.19600677962601185,100000,low_uniform,1660
1620,110,-77.5192983025893,33.872727272727275,34.68181818181818,89,29,1,0.4449904567802263,0.18675645420497114,100000,rush_hour,1661
1621,204,-158.05323875376908,45.588235294117645,46.43627450980392,173,56,1,0.44476796155183623,0.19878984220764218,100000,uniform_medium,1662
1622,500,-59.617990911882316,6.392,6.87,239,158,0,0.44454557757106034,0.19502558846771717,100000,low_uniform,1663
1623,172,-115.86165478095542,42.05813953488372,43.0,162,43,1,0.44432330478227483,0.1946232183294934,100000,rush_hour,1664
1624,500,-83.26401383614858,7.348,7.78,216,164,0,0.4441011431298837,0.19113403843343257,100000,low_uniform,1665
1625,87,-115.03050162683877,55.793103448275865,56.632183908045974,73,24,1,0.44387909255831876,0.1856282615456088,100000,high_uniform,1666
1626,139,-106.93937387222321,45.76978417266187,46.74820143884892,136,34,1,0.4436571530120396,0.20174219196648907,100000,rush_hour,1667
1627,68,-89.61549574202607,53.705882352941174,54.64705882352941,64,12,1,0.44343532443553363,0.18187828318161123,100000,high_uniform,1668
1628,96,-178.5969784240962,75.39583333333333,76.0625,64,30,1,0.4432136067733159,0.1888101784667621,100000,high_uniform,1669
1629,189,-141.8581709429418,38.58201058201058,39.23809523809524,124,50,1,0.4429919999699293,0.1843976008277091,100000,uniform_medium,1670
1630,500,-64.18194402354949,5.136,5.52,192,148,0,0.44277050396994433,0.18701116734743117,100000,low_uniform,1671
1631,48,-77.80777383031247,44.4375,45.166666666666664,35,15,1,0.4425491187179594,0.17682156494508186,100000,high_uniform,1672
1632,79,-72.13837630416899,42.74683544303797,43.55696202531646,64,22,1,0.44232784415860044,0.1874174718049508,100000,rush_hour,1673
1633,500,-62.67981202066211,5.124,5.486,181,141,0,0.44210668023652117,0.18821922767162322,100000,low_uniform,1674
1634,167,-133.26918861012416,47.35928143712575,48.31736526946108,160,42,1,0.4418856268964029,0.18007645907694708,100000,rush_hour,1675
1635,105,-165.64033350984246,71.42857142857143,72.28571428571429,90,30,1,0.44166468408295473,0.18743742250260853,100000,high_uniform,1676
1636,113,-130.07042974785793,64.0,65.12389380530973,127,24,1,0.4414438517409133,0.19004111664485088,100000,high_uniform,1677
1637,500,-68.4396451361873,6.054,6.466,206,153,0,0.44122312981504286,0.1903545978665352,100000,low_uniform,1678
1638,96,-80.59789964632397,38.53125,39.333333333333336,77,26,1,0.44100251825013537,0.18471797982541224,100000,uneven,1679
1639,500,-74.57994841736874,4.642,5.0,179,161,0,0.44078201699101033,0.19452368518710136,100000,low_uniform,1680
1640,187,-147.72164737899448,45.11764705882353,45.94117647058823,154,52,1,0.44056162598251486,0.19006095412261984,100000,uniform_medium,1681
1641,198,-150.42184740545017,46.601010101010104,47.55555555555556,189,50,1,0.4403413451695236,0.19416099824387617,100000,uneven,1682
1642,500,-70.63528570815468,4.632,4.976,172,152,0,0.4401211744969389,0.19257859933376312,100000,low_uniform,1683
1643,89,-130.11785613863918,59.08988764044944,60.03370786516854,84,24,1,0.43990111390969044,0.1996993569845564,100000,high_uniform,1684
1644,72,-97.90263542747513,54.416666666666664,55.333333333333336,66,19,1,0.4396811633527356,0.20273452510850298,100000,high_uniform,1685
1645,500,-78.0511018357593,5.682,6.066,192,161,0,0.43946132277105926,0.18808543838560582,100000,low_uniform,1686
1646,441,-232.48798435947333,41.625850340136054,42.57596371882086,419,111,1,0.43924159210967373,0.1891574684927523,100000,uniform_medium,1687
1647,338,-230.1019409903938,45.94970414201183,46.84319526627219,302,91,1,0.4390219713136189,0.19566374968671235,100000,uniform_medium,1688
1648,140,-142.4891247338709,52.35,53.16428571428571,114,41,1,0.4388024603279621,0.19297102173524244,100000,uneven,1689
1649,113,-128.2455008492035,52.60176991150443,53.32743362831859,82,30,1,0.43858305909779816,0.17927348224726397,100000,rush_hour,1690
1650,101,-94.50915198845561,41.633663366336634,42.415841584158414,79,28,1,0.4383637675682493,0.1982915362361634,100000,rush_hour,1691
1651,500,-64.3415951497243,5.518,5.916,199,151,0,0.4381445856844652,0.18620856735110283,100000,low_uniform,1692
1652,500,-71.55294162714299,5.102,5.474,186,155,0,0.437925513391623,0.18531861667335034,100000,low_uniform,1693
1653,500,-64.27021648080311,6.04,6.462,211,145,0,0.4377065506349272,0.18647110946476458,100000,low_uniform,1694
1654,86,-137.48325650769044,61.395348837209305,62.19767441860465,69,25,1,0.43748769735960974,0.19134552430274876,100000,high_uniform,1695
1655,500,-50.658909027594675,5.0,5.422,211,145,0,0.43726895351093,0.18755719131231308,100000,low_uniform,1696
1656,321,-358.2202794323212,64.67601246105919,65.48598130841121,260,94,1,0.4370503190341745,0.19182239041150173,100000,uniform_medium,1697
1657,110,-93.11947639146217,40.54545454545455,41.372727272727275,91,32,1,0.4368317938746575,0.1913317365402525,100000,rush_hour,1698
1658,149,-107.84577411785567,40.691275167785236,41.59060402684564,134,40,1,0.43661337797772015,0.17871579157826084,100000,rush_hour,1699
1659,133,-111.74227938042377,47.609022556390975,48.57142857142857,128,34,1,0.43639507128873134,0.18890377923958285,100000,rush_hour,1700
1660,417,-280.4926123536665,49.98081534772182,50.930455635491604,396,105,1,0.436176873753087,0.18932432079200837,100000,uniform_medium,1701
1661,124,-102.48431223083533,42.725806451612904,43.564516129032256,104,34,1,0.43595878531621046,0.18199999438178155,100000,uneven,1702
1662,104,-81.9501318776928,34.45192307692308,35.17307692307692,75,33,1,0.43574080592355235,0.19694172820219627,100000,uneven,1703
1663,500,-83.04556775572722,6.522,6.898,188,155,0,0.4355229355205906,0.18487336055934428,100000,low_uniform,1704
1664,86,-130.6025763219063,64.17441860465117,65.02325581395348,73,24,1,0.43530517405283037,0.181816985354174,100000,high_uniform,1705
1665,95,-137.24599984362536,63.421052631578945,64.41052631578947,94,24,1,0.435087521465804,0.19016724534724888,100000,high_uniform,1706
1666,327,-274.5898348175148,56.681957186544345,57.61162079510704,304,86,1,0.43486997770507113,0.18225787415963793,100000,uniform_medium,1707
1667,167,-130.84803047952428,42.35329341317365,43.203592814371255,142,46,1,0.4346525427162186,0.1843858202863596,100000,uneven,1708
1668,258,-156.40880686375868,43.54651162790697,44.53488372093023,255,63,1,0.43443521644486055,0.18009118513427963,100000,uneven,1709
1669,104,-124.9733373003117,56.125,57.04807692307692,96,28,1,0.43421799883663814,0.18535192876767653,100000,high_uniform,1710
1670,100,-86.67711915581361,37.26,37.96,70,29,1,0.43400088983721985,0.1860548609495163,100000,uneven,1711
1671,128,-127.719764133235,44.71875,45.34375,80,42,1,0.4337838893923013,0.1918206961126998,100000,uneven,1712
1672,133,-173.21987269235973,67.3609022556391,68.3609022556391,133,33,1,0.43356699744760513,0.1834156736171335,100000,high_uniform,1713
1673,258,-163.9754973884258,38.68604651162791,39.51162790697674,213,73,1,0.43335021394888135,0.18720444531519284,100000,uniform_medium,1714
1674,87,-91.16687075697416,38.98850574712644,39.55172413793103,49,29,1,0.4331335388419069,0.1863660125554293,100000,uneven,1715
1675,168,-134.7776162544462,44.839285714285715,45.68452380952381,142,48,1,0.432916972072486,0.1866340460255742,100000,uneven,1716
1676,125,-117.30844992356405,49.96,50.776,102,37,1,0.43270051358644973,0.18983300137519837,100000,rush_hour,1717
1677,500,-61.644461727729166,4.632,4.984,176,140,0,0.43248416332965656,0.1900969821512699,100000,low_uniform,1718
1678,80,-97.88607278084233,49.1,49.85,60,22,1,0.43226792124799174,0.1800778727978468,100000,high_uniform,1719
1679,119,-137.60336729507142,54.21008403361345,54.94117647058823,87,33,1,0.43205178728736776,0.18253863728096506,100000,rush_hour,1720
1680,76,-90.01670451799762,49.4078947368421,50.38157894736842,74,16,1,0.4318357613937241,0.17845310760956062,100000,high_uniform,1721
1681,85,-78.51398809210271,36.50588235294118,37.16470588235294,56,27,1,0.43161984351302723,0.18439258976894266,100000,rush_hour,1722
1682,500,-67.95323050742272,5.59,5.992,201,155,0,0.4314040335912707,0.18306950841844083,100000,low_uniform,1723
1683,500,-59.280394587445365,4.498,4.85,176,139,0,0.4311883315744751,0.19211687625944615,100000,low_uniform,1724
1684,138,-123.29369722604503,44.166666666666664,44.95652173913044,109,38,1,0.4309727374086879,0.18096114522305087,100000,uneven,1725
1685,200,-170.07049028886127,47.265,48.065,160,57,1,0.4307572510399836,0.18208714231848716,100000,uniform_medium,1726
1686,72,-100.13308988748939,52.708333333333336,53.583333333333336,63,17,1,0.4305418724144636,0.18527532710383335,100000,high_uniform,1727
1687,109,-110.03942955255337,54.31192660550459,55.41284403669725,120,21,1,0.4303266014782564,0.18260635462922786,100000,high_uniform,1728
1688,93,-108.67421217261328,50.29032258064516,51.16129032258065,81,24,1,0.4301114381775173,0.18480708089567,100000,high_uniform,1729
1689,255,-219.4234466316031,56.64705882352941,57.64313725490196,254,60,1,0.42989638245842854,0.18656642670724907,100000,rush_hour,1730
1690,500,-56.996611767722015,5.624,6.058,217,149,0,0.42968143426719935,0.18620013929903506,100000,low_uniform,1731
1691,232,-194.9569545592108,52.375,53.293103448275865,213,61,1,0.4294665935500658,0.1887919713967833,100000,uneven,1732
1692,114,-92.30916198212765,38.078947368421055,38.91228070175438,95,31,1,0.42925186025329076,0.19324560535320065,100000,rush_hour,1733
1693,163,-140.1843182300155,43.24539877300614,44.012269938650306,125,50,1,0.42903723432316415,0.19055519253015518,100000,uneven,1734
1694,307,-299.10785181448665,59.60260586319218,60.442996742671006,258,88,1,0.4288227157060026,0.19339530924729492,100000,uniform_medium,1735
1695,500,-53.54845765230018,6.232,6.656,212,135,0,0.4286083043481496,0.18678044110536576,100000,low_uniform,1736
1696,98,-78.66606636489861,34.316326530612244,35.03061224489796,70,31,1,0.42839400019597557,0.17971604271810881,100000,uneven,1737
1697,118,-164.37970118969005,67.65254237288136,68.64406779661017,117,29,1,0.4281798031958776,0.18291147129010346,100000,high_uniform,1738
1698,500,-68.07238831963231,6.144,6.542,199,147,0,0.4279657132942797,0.18929252538084984,100000,low_uniform,1739
1699,335,-235.4564371516256,48.13134328358209,49.005970149253734,293,90,1,0.42775173043763254,0.18666798049834238,100000,uniform_medium,1740
1700,99,-85.29703486170895,38.98989898989899,39.76767676767677,77,28,1,0.4275378545724137,0.18506441205137908,100000,rush_hour,1741
1701,323,-253.40795570096736,50.86687306501548,51.749226006191954,285,89,1,0.4273240856451275,0.18809252110059047,100000,uniform_medium,1742
1702,500,-57.696009782848115,4.71,5.104,197,148,0,0.427110423602305,0.18965525709092618,100000,low_uniform,1743
1703,130,-75.40487903350126,31.907692307692308,32.753846153846155,110,36,1,0.4268968683905039,0.1854128380234425,100000,uneven,1744
1704,500,-62.080883018941975,5.268,5.656,194,145,0,0.42668341995630865,0.18615246723592282,100000,low_uniform,1745
1705,74,-76.84029738118244,38.567567567567565,39.2027027027027,47,22,1,0.42647007824633054,0.20964817390651316,100000,rush_hour,1746
1706,103,-92.92571130386438,40.18446601941748,41.00970873786408,85,28,1,0.4262568432072074,0.18655989839903359,100000,rush_hour,1747
1707,121,-98.89137909085156,41.082644628099175,41.88429752066116,97,34,1,0.4260437147856038,0.18153471795241694,100000,rush_hour,1748
1708,206,-165.1456577629425,49.29126213592233,50.237864077669904,195,52,1,0.425830692928211,0.18730089140748515,100000,rush_hour,1749
1709,329,-200.34269491138292,41.89969604863222,42.81155015197568,300,88,1,0.42561777758174696,0.1833379897982516,100000,uniform_medium,1750
1710,226,-206.33190730095512,51.47787610619469,52.27433628318584,180,64,1,0.42540496869295613,0.18706626164834056,100000,uniform_medium,1751
1711,362,-328.45987421892363,58.9060773480663,59.79834254143646,323,97,1,0.42519226620860967,0.18676178562789333,100000,uniform_medium,1752
1712,81,-132.21862298150438,63.148148148148145,63.925925925925924,63,23,1,0.4249796700755054,0.1817007663625258,100000,high_uniform,1753
1713,93,-78.24652220589816,37.634408602150536,38.40860215053763,72,28,1,0.42476718024046767,0.1900288670133519,100000,rush_hour,1754
1714,204,-189.1648230493319,55.416666666666664,56.34313725490196,189,53,1,0.42455479665034745,0.18555978251000246,100000,uneven,1755
1715,116,-112.15863062594356,44.206896551724135,44.91379310344828,82,34,1,0.4243425192520223,0.1729574554182332,100000,uneven,1756
1716,171,-136.68029798711572,43.280701754385966,44.08187134502924,137,49,1,0.42413034799239635,0.18296474344723407,100000,rush_hour,1757
1717,107,-86.81191971896432,38.48598130841121,39.299065420560744,87,30,1,0.42391828281840016,0.19171300760217916,100000,uneven,1758
1718,163,-122.26296997261748,40.969325153374236,41.74846625766871,127,48,1,0.42370632367699096,0.18419005410985712,100000,uniform_medium,1759
1719,95,-105.85327301132068,50.04210526315789,50.98947368421052,90,23,1,0.4234944705151525,0.1898062562471942,100000,high_uniform,1760
1720,66,-108.58383583726419,56.81818181818182,57.515151515151516,46,19,1,0.4232827232798949,0.17708417400717735,100000,high_uniform,1761
1721,500,-71.16303892339423,5.348,5.724,188,153,0,0.423071081918255,0.19017909064888955,100000,low_uniform,1762
1722,151,-134.01915919836156,46.324503311258276,47.13907284768212,123,43,1,0.4228595463772959,0.18986965326086575,100000,uneven,1763
1723,175,-147.64383895866376,52.59428571428571,53.56,169,43,1,0.4226481166041073,0.1900422505395753,100000,uneven,1764
1724,199,-210.999110293404,65.36683417085428,66.40201005025126,206,47,1,0.42243679254580524,0.19827369383381838,100000,uneven,1765
1725,70,-92.46448984849512,53.22857142857143,54.18571428571428,67,18,1,0.4222255741495324,0.19251902571746282,100000,high_uniform,1766
1726,137,-113.74321203175808,50.12408759124087,51.13868613138686,139,33,1,0.4220144613624576,0.19496989489471825,100000,uneven,1767
1727,117,-97.38637774798869,41.743589743589745,42.60683760683761,101,32,1,0.42180345413177645,0.20419643736547893,100000,rush_hour,1768
1728,106,-161.10940922469058,68.50943396226415,69.41509433962264,96,28,1,0.4215925524047106,0.20391809216366624,100000,high_uniform,1769
1729,93,-94.92590271763318,54.376344086021504,55.526881720430104,107,19,1,0.42138175612850826,0.19030592598581828,100000,high_uniform,1770
1730,500,-49.60121262716629,4.734,5.128,197,135,0,0.421171065250444,0.20035083727538586,100000,low_uniform,1771
1731,104,-107.1438854966188,45.00961538461539,45.70192307692308,72,29,1,0.4209604797178188,0.19676378097098607,100000,uneven,1772
1732,115,-105.39504915518567,42.74782608695652,43.573913043478264,95,31,1,0.42074999947795994,0.18332566722579624,100000,rush_hour,1773
1733,162,-154.72887005380787,53.574074074074076,54.5,150,43,1,0.42053962447822096,0.19676352761409902,100000,uneven,1774
1734,338,-337.0519506177256,65.66272189349112,66.63905325443787,330,85,1,0.42032935466598187,0.18926826262703308,100000,rush_hour,1775
1735,71,-80.69697984464665,38.352112676056336,38.943661971830984,42,23,1,0.4201191899886489,0.19109855655213476,100000,rush_hour,1776
1736,112,-99.51029899090241,37.55357142857143,38.25892857142857,79,34,1,0.4199091303936546,0.19855567214212247,100000,uneven,1777
1737,94,-128.83799838203612,64.01063829787235,65.04255319148936,97,22,1,0.4196991758284578,0.19290006121105335,100000,high_uniform,1778
1738,500,-61.221923206704105,5.986,6.434,224,157,0,0.4194893262405436,0.19523145903646946,100000,low_uniform,1779
1739,500,-65.5464526217008,4.514,4.872,179,142,0,0.41927958157742334,0.20033826123178006,100000,low_uniform,1780
1740,259,-153.34145405569265,42.66023166023166,43.602316602316606,244,67,1,0.41906994178663465,0.19974270460113136,100000,uniform_medium,1781
1741,80,-116.55550662367483,61.675,62.6125,75,21,1,0.4188604068157413,0.19402319081127645,100000,high_uniform,1782
1742,168,-138.3896816013401,47.07142857142857,47.976190476190474,152,45,1,0.41865097661233347,0.19430416862347297,100000,uneven,1783
1743,80,-101.36720856112163,52.9375,53.8125,70,21,1,0.4184416511240273,0.18425768185406924,100000,high_uniform,1784
1744,500,-75.79963839749448,5.186,5.538,176,152,0,0.4182324302984653,0.20107751962542533,100000,low_uniform,1785
1745,308,-253.98477912085767,50.857142857142854,51.688311688311686,256,89,1,0.4180233140833161,0.20133752547591538,100000,uniform_medium,1786
1746,87,-90.1437349632844,45.40229885057471,46.2183908045977,71,26,1,0.4178143024262745,0.1926587901410015,100000,rush_hour,1787
1747,80,-79.07419089829841,36.7,37.325,50,27,1,0.41760539527506135,0.1949370438233018,100000,rush_hour,1788
1748,427,-364.108564457188,56.45667447306791,57.3536299765808,383,116,1,0.41739659257742384,0.19660829417669243,100000,uniform_medium,1789
1749,91,-68.01543877472507,29.285714285714285,29.956043956043956,61,28,1,0.4171878942811352,0.18579250434925268,100000,rush_hour,1790
1750,108,-106.16723887863056,44.074074074074076,44.81481481481482,80,33,1,0.4169793003339946,0.19431904282558848,100000,uneven,1791
1751,102,-93.72120596069227,40.76470588235294,41.55882352941177,81,28,1,0.41677081068382765,0.20134990406679174,100000,rush_hour,1792
1752,154,-119.94115936426181,44.285714285714285,45.116883116883116,128,43,1,0.41656242527848575,0.18987411604105653,100000,rush_hour,1793
1753,197,-121.90809484476024,42.934010152284266,43.888324873096444,188,48,1,0.41635414406584653,0.19602403562837445,100000,uneven,1794
1754,279,-220.6256413137615,50.774193548387096,51.659498207885306,247,75,1,0.4161459669938136,0.19896747209265242,100000,uniform_medium,1795
1755,189,-160.2844229826772,50.407407407407405,51.317460317460316,172,50,1,0.4159378940103167,0.19694828372153025,100000,uneven,1796
1756,357,-276.7437318945897,55.26330532212885,56.24929971988796,352,89,1,0.4157299250633116,0.19273898710890644,100000,uniform_medium,1797
1757,297,-179.71295884560521,46.592592592592595,47.58922558922559,296,69,1,0.41552206010077997,0.1968048707854868,100000,uniform_medium,1798
1758,127,-123.28532559854608,48.0,48.77165354330709,98,38,1,0.4153142990707296,0.19016617765342156,100000,uneven,1799
1759,89,-124.7556491135759,59.40449438202247,60.235955056179776,74,24,1,0.41510664192119423,0.19725876217812635,100000,high_uniform,1800
1760,80,-110.54145428328678,52.375,53.15,62,22,1,0.41489908860023367,0.1818149732425809,100000,high_uniform,1801
1761,260,-223.32675604846068,53.323076923076925,54.21923076923077,233,68,1,0.4146916390559336,0.19436677144123957,100000,uniform_medium,1802
1762,107,-152.3542049993871,65.1588785046729,66.09345794392523,100,28,1,0.4144842932364056,0.1969472549368288,100000,high_uniform,1803
1763,500,-64.92010911463461,4.798,5.164,183,147,0,0.41427705108978746,0.19853941068053246,100000,low_uniform,1804
1764,165,-110.4532386993198,34.84848484848485,35.64848484848485,132,46,1,0.4140699125642426,0.18670352385802702,100000,uneven,1805
1765,97,-139.36568649252698,64.29896907216495,65.25773195876289,93,24,1,0.4138628776079605,0.21122558967968852,100000,high_uniform,1806
1766,127,-115.94892429467754,47.669291338582674,48.53543307086614,110,33,1,0.4136559461691565,0.19254623030818355,100000,rush_hour,1807
1767,71,-100.53526505754277,54.74647887323944,55.57746478873239,59,20,1,0.41344911819607194,0.1982050390100815,100000,high_uniform,1808
1768,82,-102.4636311570746,54.5,55.40243902439025,74,23,1,0.4132423936369739,0.19770501544926225,100000,high_uniform,1809
1769,500,-58.80652236241382,4.702,5.088,193,147,0,0.41303577244015544,0.19729869332909583,100000,low_uniform,1810
1770,500,-66.89738860425913,5.636,6.046,205,155,0,0.4128292545539354,0.19466837872564793,100000,low_uniform,1811
1771,295,-215.25744622791666,46.52542372881356,47.41694915254237,263,79,1,0.41262283992665844,0.19021764867386576,100000,uniform_medium,1812
1772,365,-250.26364169531934,46.5013698630137,47.347945205479455,309,99,1,0.41241652850669513,0.19247502900966226,100000,uniform_medium,1813
1773,500,-408.04867414676755,59.256,60.216,480,127,0,0.4122103202424418,0.18958976882696152,100000,uniform_medium,1814
1774,324,-207.64354432684885,45.66975308641975,46.617283950617285,307,84,1,0.4120042150823206,0.1963759555860802,100000,uniform_medium,1815
1775,102,-115.37955888781788,51.94117647058823,52.794117647058826,87,28,1,0.4117982129747795,0.19325231132554074,100000,uneven,1816
1776,500,-54.44112956155696,4.134,4.482,174,136,0,0.4115923138682921,0.18775262612104415,100000,low_uniform,1817
1777,313,-296.57502653367976,56.73482428115016,57.575079872204476,263,89,1,0.411386517711358,0.18627211756218737,100000,uniform_medium,1818
1778,500,-78.35834207243894,5.864,6.228,182,151,0,0.4111808244525023,0.19366355687379838,100000,low_uniform,1819
1779,312,-203.15675962618883,43.03525641025641,43.87820512820513,263,87,1,0.4109752340402761,0.1866122036217115,100000,uniform_medium,1820
1780,98,-60.42951395844216,31.367346938775512,32.19387755102041,81,28,1,0.410769746423256,0.18400444538921726,100000,uneven,1821
1781,500,-66.02811723867187,4.954,5.356,201,157,0,0.4105643615500444,0.1909349808394909,100000,low_uniform,1822
1782,303,-263.49251916369116,54.67326732673267,55.56435643564357,270,82,1,0.4103590793692694,0.19126828929575362,100000,uniform_medium,1823
1783,500,-60.9329270737513,5.59,5.988,199,145,0,0.4101538998295848,0.18593715080618858,100000,low_uniform,1824
1784,145,-129.00641909963605,51.206896551724135,52.15172413793103,137,35,1,0.40994882287967,0.19187684578114542,100000,rush_hour,1825
1785,103,-77.09306225570613,32.71844660194175,33.51456310679612,82,30,1,0.4097438484682302,0.19005065172621347,100000,uneven,1826
1786,425,-294.74830020424247,52.578823529411764,53.59294117647059,431,103,1,0.4095389765439961,0.1923680632079349,100000,uniform_medium,1827
1787,500,-54.58310435089251,5.49,5.922,216,146,0,0.40933420705572415,0.19828507035970688,100000,low_uniform,1828
1788,500,-42.39500722054112,4.954,5.362,204,130,0,0.4091295399521963,0.18883384510874748,100000,low_uniform,1829
1789,55,-77.93369815358685,46.21818181818182,46.92727272727273,39,15,1,0.4089249751822202,0.19315344379706817,100000,high_uniform,1830
1790,149,-119.10446584888945,43.51677852348993,44.33557046979866,122,43,1,0.4087205126946291,0.18680446159919636,100000,uneven,1831
1791,85,-134.95790890048312,61.2,61.89411764705882,59,26,1,0.4085161524382818,0.2018271524239989,100000,high_uniform,1832
1792,100,-93.22657218800195,44.16,44.96,80,28,1,0.4083118943620627,0.19037600800395013,100000,rush_hour,1833
1793,379,-169.36740012852079,36.32717678100264,37.2532981530343,351,96,1,0.40810773841488174,0.18516985163839636,100000,uniform_medium,1834
1794,334,-259.0603949577328,51.81736526946108,52.69461077844311,293,91,1,0.4079036845456743,0.19263212469791224,100000,uniform_medium,1835
1795,92,-132.10910620778293,65.47826086956522,66.44565217391305,89,23,1,0.40769973270340154,0.19143422636324944,100000,high_uniform,1836
1796,392,-321.33304470583874,54.826530612244895,55.72704081632653,353,103,1,0.40749588283704985,0.18831535160769614,100000,uniform_medium,1837
1797,90,-67.72618179226993,31.677777777777777,32.41111111111111,66,26,1,0.4072921348956314,0.1879001285466883,100000,rush_hour,1838
1798,500,-61.85198132625563,6.264,6.69,213,147,0,0.4070884888281836,0.18914451177418232,100000,low_uniform,1839
1799,77,-83.11434678934054,50.03896103896104,50.94805194805195,70,13,1,0.40688494458376956,0.18856531071972538,100000,high_uniform,1840
1800,69,-107.57805237640146,55.55072463768116,56.31884057971015,53,19,1,0.4066815021114777,0.17722327726474707,100000,high_uniform,1841
1801,500,-65.80808464817507,4.458,4.828,185,152,0,0.406478161360422,0.18419617937505245,100000,low_uniform,1842
1802,98,-132.8111535938164,63.642857142857146,64.62244897959184,96,23,1,0.40627492227974177,0.20295270509561714,100000,high_uniform,1843
1803,101,-147.16234090744425,68.72277227722772,69.72277227722772,101,25,1,0.4060717848186019,0.19063890998316282,100000,high_uniform,1844
1804,415,-290.48753443738326,51.41686746987952,52.378313253012045,399,102,1,0.4058687489261926,0.18881000824362398,100000,uniform_medium,1845
1805,500,-46.66069842011069,5.028,5.45,211,140,0,0.40566581455172956,0.1911466771364212,100000,low_uniform,1846
1806,500,-79.52137105144402,5.5,5.862,181,156,0,0.4054629816444537,0.1852681266218424,100000,low_uniform,1847
1807,500,-58.057959626125744,5.744,6.154,205,142,0,0.4052602501536315,0.18736806751787663,100000,low_uniform,1848
1808,69,-104.15397060648125,52.98550724637681,53.73913043478261,52,21,1,0.40505762002855467,0.17863885928755222,100000,high_uniform,1849
1809,500,-67.1934268036601,6.484,6.912,214,151,0,0.4048550912185404,0.184042077049613,100000,low_uniform,1850
1810,127,-113.95719188723201,43.08661417322835,43.881889763779526,101,37,1,0.4046526636729312,0.18903821736104845,100000,rush_hour,1851
1811,500,-241.912962424474,42.836,43.84,502,121,0,0.40445033734109476,0.18506551842391492,100000,uniform_medium,1852
1812,116,-89.2616953741798,38.793103448275865,39.56896551724138,90,35,1,0.40424811217242423,0.17730640716336923,100000,uneven,1853
1813,108,-106.63435734824004,47.925925925925924,48.72222222222222,86,32,1,0.404045988116338,0.177990411925647,100000,uneven,1854
1814,83,-125.99615860842206,58.0,58.72289156626506,60,26,1,0.4038439651222799,0.19139491910316858,100000,high_uniform,1855
1815,130,-102.30894696774723,49.98461538461538,51.02307692307692,135,28,1,0.40364204313971874,0.18091211364819454,100000,rush_hour,1856
1816,500,-54.677787953196756,5.366,5.772,203,134,0,0.4034402221181489,0.18658751107752322,100000,low_uniform,1857
1817,262,-195.32810659661615,47.286259541984734,48.17175572519084,232,69,1,0.4032385020070898,0.18184429776805047,100000,uniform_medium,1858
1818,500,-239.63636206239738,40.814,41.798,492,122,0,0.4030368827560863,0.1784096106439829,100000,uniform_medium,1859
1819,500,-73.33221624770933,5.192,5.542,175,148,0,0.4028353643147083,0.1801123752593994,100000,low_uniform,1860
1820,261,-217.40359807470975,50.22222222222222,51.111111111111114,232,70,1,0.402633946632551,0.17979409362963789,100000,uniform_medium,1861
1821,500,-374.9591208098532,57.324,58.306,491,122,0,0.4024326296592347,0.18064923825860024,100000,uniform_medium,1862
1822,76,-57.37686929974398,35.81578947368421,36.578947368421055,58,19,1,0.4022314133444051,0.16980628286929508,100000,uneven,1863
1823,254,-216.9857104852213,58.16535433070866,59.13385826771653,246,61,1,0.4020302976377329,0.1864006800914374,100000,uniform_medium,1864
1824,167,-138.6796811083315,52.37125748502994,53.365269461077844,166,42,1,0.4018292824889141,0.18666220670510195,100000,rush_hour,1865
1825,208,-160.5429081635536,46.11538461538461,47.01923076923077,188,54,1,0.40162836784766964,0.17837713569259414,100000,uneven,1866
1826,113,-115.18833718594436,46.70796460176991,47.49557522123894,89,34,1,0.40142755366374583,0.18492684724320352,100000,rush_hour,1867
1827,500,-45.42224111752196,4.798,5.192,197,130,0,0.401226839886914,0.17936427047848702,100000,low_uniform,1868
1828,98,-102.1522162436833,45.62244897959184,46.36734693877551,73,29,1,0.40102622646697056,0.18661492226683363,100000,rush_hour,1869
1829,132,-98.39304541155713,41.015151515151516,41.90151515151515,117,33,1,0.4008257133537371,0.18944951299239288,100000,uneven,1870
1830,135,-120.87943191552984,45.577777777777776,46.37777777777778,108,38,1,0.4006253004970603,0.18097208986679714,100000,rush_hour,1871
1831,238,-155.100276659492,42.7436974789916,43.65966386554622,218,62,1,0.4004249878468118,0.17731403171264826,100000,uniform_medium,1872
1832,96,-71.37202044045436,32.645833333333336,33.395833333333336,72,29,1,0.4002247753528884,0.1814752589756002,100000,rush_hour,1873
1833,81,-60.057750892968905,43.5679012345679,44.75308641975309,96,14,1,0.400024662965212,0.1876011567167294,100000,high_uniform,1874
1834,500,-57.79245660311533,5.116,5.498,191,141,0,0.3998246506337294,0.18831489568948745,100000,low_uniform,1875
1835,92,-150.9570688154214,65.09782608695652,65.93478260869566,77,27,1,0.39962473830841255,0.18313874571543673,100000,high_uniform,1876
1836,500,-67.25438750354148,5.892,6.312,210,150,0,0.3994249259392584,0.18650199718773364,100000,low_uniform,1877
1837,146,-124.64343385705038,49.26712328767123,50.16438356164384,131,37,1,0.39922521347628875,0.183087313011901,100000,rush_hour,1878
1838,500,-437.7305221340748,60.944,61.904,480,125,0,0.39902560086955063,0.18474588614702225,100000,uniform_medium,1879
1839,332,-245.22362186449075,47.463855421686745,48.352409638554214,295,88,1,0.3988260880691159,0.18107997296176043,100000,uniform_medium,1880
1840,77,-116.51705793377272,60.896103896103895,61.87012987012987,75,20,1,0.39862667502508137,0.1824927543858429,100000,high_uniform,1881
1841,86,-96.10149313723763,49.05813953488372,49.96511627906977,78,24,1,0.39842736168756887,0.1794416356052077,100000,high_uniform,1882
1842,500,-56.25769830138435,5.27,5.648,189,134,0,0.3982281480067251,0.18036202946305274,100000,low_uniform,1883
1843,111,-124.90963985069854,46.234234234234236,46.846846846846844,68,29,1,0.39802903393272177,0.18804383224195187,100000,rush_hour,1884
1844,120,-91.06213340680883,43.358333333333334,44.25,107,28,1,0.3978300194157554,0.18108744813750188,100000,rush_hour,1885
1845,196,-140.11130198888318,47.857142857142854,48.85204081632653,195,47,1,0.39763110440604754,0.17863113136619937,100000,uneven,1886
1846,224,-153.08410702209795,44.15625,45.080357142857146,207,56,1,0.3974322888538445,0.17975728273657815,100000,uneven,1887
1847,105,-147.22000789611,58.7047619047619,59.42857142857143,76,31,1,0.3972335727094176,0.18638156822749546,100000,high_uniform,1888
1848,104,-98.18401911358528,51.79807692307692,52.91346153846154,116,23,1,0.3970349559230629,0.18053092513806546,100000,high_uniform,1889
1849,88,-133.98731178030832,65.5340909090909,66.36363636363636,73,21,1,0.3968364384451014,0.1813223080032251,100000,high_uniform,1890
1850,500,-62.83308769477229,5.046,5.42,187,144,0,0.3966380202258789,0.18273111678659915,100000,low_uniform,1891
1851,500,-54.43807009478353,4.934,5.336,201,145,0,0.396439701215766,0.18461054538190363,100000,low_uniform,1892
1852,309,-239.08723089078708,51.666666666666664,52.59546925566343,287,81,1,0.39624148136515813,0.1792750448277853,100000,uniform_medium,1893
1853,112,-119.00857599010581,51.651785714285715,52.589285714285715,105,27,1,0.3960433606244756,0.16956177121028304,100000,high_uniform,1894
1854,500,-64.98643799206434,4.278,4.642,182,151,0,0.39584533894416335,0.1815577835291624,100000,low_uniform,1895
1855,500,-66.2592586369067,5.478,5.828,175,136,0,0.3956474162746913,0.18206431803107262,100000,low_uniform,1896
1856,95,-66.48177707657335,31.94736842105263,32.694736842105264,71,26,1,0.395449592566554,0.17404016413186726,100000,rush_hour,1897
1857,358,-305.35185852669173,60.00837988826816,60.99162011173184,352,89,1,0.3952518677702707,0.18459789092813791,100000,uniform_medium,1898
1858,78,-84.4528093733921,48.84615384615385,49.92307692307692,84,17,1,0.3950542418363856,0.17503839167646873,100000,high_uniform,1899
1859,92,-136.99790083928025,68.79347826086956,69.81521739130434,94,22,1,0.3948567147154674,0.18188697537002357,100000,high_uniform,1900
1860,183,-150.81690198539587,54.131147540983605,55.18032786885246,192,43,1,0.3946592863581097,0.1752231102334997,100000,uneven,1901
1861,127,-102.0001935572031,38.20472440944882,38.99212598425197,100,35,1,0.3944619567149307,0.17791647604835314,100000,uneven,1902
1862,272,-163.27809098498844,45.05882352941177,46.0625,273,64,1,0.39426472573657323,0.17602794707807548,100000,uniform_medium,1903
1863,87,-85.91955387062896,40.39080459770115,40.98850574712644,52,27,1,0.39406759337370495,0.18795312307346826,100000,rush_hour,1904
1864,263,-158.67667461436702,44.250950570342205,45.22433460076046,256,66,1,0.3938705595770181,0.18658336407784726,100000,uniform_medium,1905
1865,117,-83.38845611479913,34.14529914529915,34.92307692307692,91,34,1,0.39367362429722963,0.18796123061169925,100000,rush_hour,1906
1866,88,-151.34169828864023,66.68181818181819,67.3409090909091,58,29,1,0.393476787485081,0.17954094174572013,100000,high_uniform,1907
1867,500,-49.08457730759035,5.004,5.414,205,139,0,0.3932800490913385,0.17666455624997615,100000,low_uniform,1908
1868,79,-57.738344605674826,32.32911392405063,33.18987341772152,68,20,1,0.39308340906679284,0.18559894493863552,100000,uneven,1909
1869,500,-64.90022096427762,4.548,4.896,174,144,0,0.3928868673622595,0.17761198495328426,100000,low_uniform,1910
1870,133,-113.03459777989113,41.473684210526315,42.255639097744364,104,38,1,0.3926904239285784,0.17937161930297552,100000,uneven,1911
1871,500,-55.43229615235386,4.118,4.48,181,142,0,0.3924940787166141,0.17896000362932682,100000,low_uniform,1912
1872,174,-132.9763214806354,42.247126436781606,43.02873563218391,136,51,1,0.39229783167725585,0.17619581011006202,100000,uniform_medium,1913
1873,267,-242.48770471041678,55.40449438202247,56.29588014981273,238,72,1,0.39210168276141727,0.18177343397104784,100000,uneven,1914
1874,155,-117.97708132455973,45.12258064516129,46.05806451612903,145,39,1,0.3919056319200366,0.18508165546001926,100000,rush_hour,1915
1875,79,-97.69982062932294,54.87341772151899,55.87341772151899,79,19,1,0.39170967910407656,0.17513622739647008,100000,high_uniform,1916
1876,500,-48.71027647434839,5.106,5.516,205,138,0,0.3915138242645245,0.17802343374490737,100000,low_uniform,1917
1877,369,-296.9038856829033,54.62872628726287,55.552845528455286,341,94,1,0.3913180673523923,0.1740487528243039,100000,uniform_medium,1918
1878,130,-115.93905743640508,47.1,47.99230769230769,116,34,1,0.3911224083187161,0.1798003088396329,100000,rush_hour,1919
1879,121,-98.24537454018333,42.429752066115704,43.21487603305785,95,34,1,0.3909268471145568,0.1828795211497417,100000,uneven,1920
1880,500,-62.44278441359091,6.442,6.878,218,149,0,0.3907313836909995,0.17575915807485581,100000,low_uniform,1921
1881,427,-248.20284580414634,45.522248243559716,46.50585480093677,420,107,1,0.39053601799915405,0.18271411503436136,100000,uniform_medium,1922
1882,328,-187.80181120168595,37.52439024390244,38.36585365853659,276,91,1,0.3903407499901545,0.17967074684707857,100000,uniform_medium,1923
1883,500,-67.24049521492104,4.832,5.2,184,151,0,0.39014557961515944,0.1776243816614151,100000,low_uniform,1924
1884,70,-82.05737887083505,37.785714285714285,38.31428571428572,37,24,1,0.3899505068253519,0.1785042727632182,100000,rush_hour,1925
1885,167,-132.4430527917224,44.48502994011976,45.32934131736527,141,44,1,0.3897555315719392,0.18545795664815845,100000,uneven,1926
1886,500,-58.61898348051708,5.88,6.31,215,147,0,0.38956065380615323,0.18174566495418548,100000,low_uniform,1927
1887,207,-125.0030114045358,38.01932367149758,38.95169082125604,193,55,1,0.38936587347925017,0.18481731760329095,100000,uneven,1928
1888,90,-150.80078017292772,73.02222222222223,73.93333333333334,82,24,1,0.3891711905425106,0.1851878087553713,100000,high_uniform,1929
1889,500,-62.48560742543572,4.77,5.166,198,155,0,0.38897660494723935,0.1776071602255106,100000,low_uniform,1930
1890,52,-84.43997670839404,56.88461538461539,57.82692307692308,49,13,1,0.38878211664476575,0.1851197277697233,100000,high_uniform,1931
1891,500,-55.62316572542306,5.144,5.54,198,141,0,0.3885877255864434,0.1751238921880722,100000,low_uniform,1932
1892,491,-416.95138400422957,59.14663951120163,60.08961303462322,463,125,1,0.3883934317236502,0.17438375131964926,100000,uniform_medium,1933
1893,110,-121.65903444058614,52.163636363636364,52.95454545454545,87,31,1,0.3881992350077884,0.1743368473919955,100000,rush_hour,1934
1894,152,-138.83692338926443,49.23684210526316,50.07236842105263,127,41,1,0.38800513539028453,0.16901651260099912,100000,uneven,1935
1895,500,-70.40525171890306,6.542,6.96,209,154,0,0.3878111328225894,0.17400526031851768,100000,low_uniform,1936
1896,107,-80.04918913867196,37.691588785046726,38.495327102803735,86,30,1,0.3876172272561781,0.1783261148032741,100000,rush_hour,1937
1897,98,-147.48335664215742,64.27551020408163,65.13265306122449,84,27,1,0.38742341864255003,0.1780260021285135,100000,high_uniform,1938
1898,204,-143.36771832138223,48.122549019607845,49.13725490196079,207,46,1,0.3872297069332288,0.18096126674437055,100000,rush_hour,1939
1899,178,-139.50972037904594,42.735955056179776,43.53370786516854,142,52,1,0.3870360920797622,0.17611222324913808,100000,uneven,1940
1900,268,-126.53347519495418,35.350746268656714,36.28731343283582,251,66,1,0.38684257403372235,0.1758109025323569,100000,uniform_medium,1941
1901,73,-90.50551199915202,49.273972602739725,50.178082191780824,66,17,1,0.3866491527467055,0.16876532116981402,100000,high_uniform,1942
1902,65,-114.19693268298872,65.6923076923077,66.50769230769231,53,18,1,0.3864558281703322,0.19065680824793302,100000,high_uniform,1943
1903,190,-125.22693012795733,41.56842105263158,42.44736842105263,167,47,1,0.38626260025624704,0.17644583559349963,100000,uneven,1944
1904,231,-168.76534441184404,44.84848484848485,45.701298701298704,197,58,1,0.38606946895611893,0.17994618028789372,100000,uniform_medium,1945
1905,388,-208.88298596661014,42.58762886597938,43.53865979381443,369,97,1,0.3858764342216409,0.17900839703368773,100000,uniform_medium,1946
1906,172,-136.65540654365722,43.00581395348837,43.7906976744186,135,51,1,0.3856834960045301,0.179637765988361,100000,uniform_medium,1947
1907,414,-349.1501154445367,57.7463768115942,58.67874396135266,386,107,1,0.38549065425652784,0.1804763720267349,100000,uniform_medium,1948
1908,500,-51.17120766845265,4.94,5.338,199,138,0,0.3852979089293996,0.18061221577227116,100000,low_uniform,1949
1909,500,-52.54142510428465,4.81,5.206,198,140,0,0.3851052599749349,0.17929639552533627,100000,low_uniform,1950
1910,102,-79.72306802615151,39.38235294117647,40.18627450980392,82,28,1,0.3849127073449474,0.185144731519269,100000,rush_hour,1951
1911,500,-65.11587794586087,4.428,4.77,171,145,0,0.384720250991275,0.1779640422165394,100000,low_uniform,1952
1912,124,-112.38540550319067,44.895161290322584,45.70161290322581,100,36,1,0.3845278908657794,0.18418675601001708,100000,rush_hour,1953
1913,500,-55.68641847995923,4.98,5.37,195,141,0,0.3843356269203465,0.17699174684286118,100000,low_uniform,1954
1914,156,-95.08329681887133,37.506410256410255,38.40384615384615,140,40,1,0.38414345910688635,0.17241031160721412,100000,uneven,1955
1915,500,-350.5155013009024,54.916,55.938,511,119,0,0.3839513873773329,0.17196021677553655,100000,uniform_medium,1956
1916,111,-103.06342532463445,54.108108108108105,55.288288288288285,131,22,1,0.38375941168364425,0.17702424089919339,100000,high_uniform,1957
1917,187,-136.76289663640642,45.11229946524064,45.99465240641711,165,49,1,0.38356753197780247,0.17204601429203614,100000,uniform_medium,1958
1918,85,-97.60904176630216,49.37647058823529,50.23529411764706,73,22,1,0.3833757482118136,0.1743146728066837,100000,high_uniform,1959
1919,87,-128.73373494551478,63.32183908045977,64.25287356321839,81,23,1,0.3831840603377077,0.1790867609710529,100000,high_uniform,1960
1920,66,-72.12739251848025,41.90909090909091,42.86363636363637,63,17,1,0.38299246830753886,0.18156386200677266,100000,high_uniform,1961
1921,285,-222.20110271682464,54.512280701754385,55.45263157894737,268,74,1,0.3828009720733851,0.17250305573668395,100000,uniform_medium,1962
1922,76,-100.02679848302513,50.526315789473685,51.4078947368421,67,21,1,0.38260957158734843,0.16911584119263448,100000,high_uniform,1963
1923,134,-71.63187906726458,36.90298507462686,37.88805970149254,132,33,1,0.3824182668015548,0.1724663992315086,100000,rush_hour,1964
1924,79,-100.97168634875536,53.30379746835443,54.24050632911393,74,21,1,0.382227057668154,0.17634417852268944,100000,high_uniform,1965
1925,260,-161.56326133282425,41.82692307692308,42.715384615384615,231,69,1,0.38203594413931996,0.17975305648377307,100000,uniform_medium,1966
1926,500,-61.91325327450691,4.276,4.632,178,145,0,0.3818449261672503,0.17199104583263397,100000,low_uniform,1967
1927,330,-190.9776912192873,41.25151515151515,42.124242424242425,288,82,1,0.3816540037041667,0.17168882705948568,100000,uniform_medium,1968
1928,500,-53.776702249035694,4.29,4.642,176,134,0,0.3814631767023146,0.17419207583367824,100000,low_uniform,1969
1929,500,-43.990359387467876,4.298,4.694,198,135,0,0.38127244511396347,0.17300590591132642,100000,low_uniform,1970
1930,116,-79.2196678992455,36.28448275862069,37.13793103448276,99,32,1,0.3810818088914065,0.17168141034399642,100000,rush_hour,1971
1931,500,-35.86713288372972,4.612,5.056,222,138,0,0.3808912679869608,0.17113810116797687,100000,low_uniform,1972
1932,60,-73.22700479070429,48.5,49.55,63,12,1,0.38070082235296737,0.17612913399934768,100000,high_uniform,1973
1933,132,-113.47445812820538,45.93181818181818,46.81060606060606,116,34,1,0.3805104719417909,0.17332947113071429,100000,rush_hour,1974
1934,83,-68.84444393310224,38.86746987951807,39.65060240963855,65,21,1,0.38032021670582,0.17086815421121665,100000,rush_hour,1975
1935,500,-36.62023128069897,4.662,5.07,204,123,0,0.3801300565974671,0.16869805333018303,100000,low_uniform,1976
1936,500,-63.05266607175921,4.97,5.358,194,149,0,0.3799399915691684,0.16968793894350528,100000,low_uniform,1977
1937,500,-314.6793647470136,53.052,54.116,532,116,0,0.37975002157338383,0.1687792362719774,100000,uniform_medium,1978
1938,101,-144.655952699737,59.693069306930695,60.554455445544555,87,28,1,0.3795601465625972,0.16256686012343605,100000,high_uniform,1979
1939,341,-274.9514995869758,57.152492668621704,58.152492668621704,341,83,1,0.3793703664893159,0.16894683351090228,100000,rush_hour,1980
1940,375,-197.57553204208602,40.944,41.89333333333333,356,96,1,0.37918068130607124,0.17160290894905725,100000,uniform_medium,1981
1941,500,-61.81405952280663,6.088,6.508,210,147,0,0.3789910909654182,0.17015458488464355,100000,low_uniform,1982
1942,284,-191.66302542535362,46.32746478873239,47.25,262,70,1,0.3788015954199355,0.173625210063978,100000,uniform_medium,1983
1943,340,-245.62485225127026,51.90882352941176,52.88823529411765,333,84,1,0.37861219462222556,0.17039468001355143,100000,rush_hour,1984
1944,500,-51.30671053897317,4.168,4.53,181,134,0,0.37842288852491446,0.17407572682201863,100000,low_uniform,1985
1945,419,-267.40806554706273,50.01909307875895,51.03341288782816,425,101,1,0.37823367708065203,0.17539637142832354,100000,uniform_medium,1986
1946,500,-56.52699446053945,4.87,5.262,196,144,0,0.37804456024211175,0.1727603098154068,100000,low_uniform,1987
1947,500,-54.08783965680447,4.562,4.942,190,141,0,0.37785553796199073,0.17377974216639996,100000,low_uniform,1988
1948,109,-98.78506346207291,46.559633027522935,47.44954128440367,97,27,1,0.37766661019300973,0.17468496200141556,100000,rush_hour,1989
1949,500,-63.12707046470647,4.732,5.096,182,146,0,0.37747777688791323,0.17083285908401014,100000,low_uniform,1990
1950,354,-218.62396438084767,47.556497175141246,48.57909604519774,362,83,1,0.3772890379994693,0.17715238870284652,100000,uniform_medium,1991
1951,89,-66.36348876118792,32.91011235955056,33.69662921348315,70,25,1,0.3771003934804696,0.1737939395596472,100000,rush_hour,1992
1952,86,-62.93123824620948,34.18604651162791,34.95348837209303,66,26,1,0.3769118432837294,0.177197954855686,100000,uneven,1993
1953,500,-57.379666199536985,4.33,4.682,176,139,0,0.37672338736208755,0.171095910102129,100000,low_uniform,1994
1954,92,-110.13664378493937,59.619565217391305,60.68478260869565,98,20,1,0.3765350256684065,0.174880378920099,100000,high_uniform,1995
1955,120,-87.14507532973877,38.525,39.43333333333333,109,30,1,0.37634675815557234,0.16638028143594663,100000,rush_hour,1996
1956,103,-151.92278700127605,63.310679611650485,64.09708737864078,81,26,1,0.37615858477649455,0.16573302411628002,100000,high_uniform,1997
1957,69,-98.53672849580774,60.130434782608695,61.11594202898551,68,14,1,0.3759705054841063,0.17286227481520694,100000,high_uniform,1998
1958,90,-133.48407560564726,63.7,64.62222222222222,83,23,1,0.37578252023136427,0.17441019705600208,100000,high_uniform,1999
1959,161,-120.89358439038479,48.96894409937888,49.91304347826087,152,39,1,0.3755946289712486,0.17566448204820942,100000,uneven,2000
1960,500,-54.48938909290857,5.224,5.624,200,136,0,0.37540683165676303,0.17030099487304687,100000,low_uniform,2001
1961,110,-84.90935153967224,39.27272727272727,40.13636363636363,95,30,1,0.3752191282409347,0.16711851940913633,100000,rush_hour,2002
1962,151,-144.8131452055053,53.264900662251655,54.205298013245034,142,37,1,0.3750315186768142,0.16826273708154035,100000,rush_hour,2003
1963,500,-55.23639711162992,3.904,4.226,161,130,0,0.3748440029174758,0.17010532440245152,100000,low_uniform,2004
1964,106,-112.50746078016772,51.35849056603774,52.15094339622642,84,28,1,0.3746565809160171,0.1686032641468183,100000,rush_hour,2005
1965,100,-55.451092653819046,36.01,37.06,105,23,1,0.37446925262555913,0.17235352501273155,100000,rush_hour,2006
1966,192,-83.74069482058702,32.338541666666664,33.260416666666664,177,49,1,0.3742820179992464,0.17193126492202282,100000,uneven,2007
1967,500,-257.62707116290966,47.182,48.26,539,113,0,0.3740948769902468,0.1750567963719368,100000,uniform_medium,2008
1968,102,-127.42407568189213,59.53921568627451,60.55882352941177,104,24,1,0.37390782955175167,0.1747578482563589,100000,high_uniform,2009
1969,92,-55.68912948564529,31.5,32.34782608695652,78,25,1,0.3737208756369758,0.16802037912218468,100000,rush_hour,2010
1970,500,-52.62378389117808,5.24,5.652,206,143,0,0.37353401519915735,0.1752462376654148,100000,low_uniform,2011
1971,133,-74.75275554928614,38.69924812030075,39.78195488721804,144,30,1,0.3733472481915578,0.1786611690220976,100000,rush_hour,2012
1972,120,-100.87401400238193,39.75,40.55,96,36,1,0.37316057456746204,0.1762492327640454,100000,rush_hour,2013
1973,106,-88.01500055406716,40.20754716981132,41.06603773584906,91,29,1,0.37297399428017836,0.16995305708556804,100000,uneven,2014
1974,213,-146.6359362505561,46.5962441314554,47.521126760563384,197,57,1,0.3727875072830383,0.1696664517124494,100000,uniform_medium,2015
1975,118,-124.40929485958125,54.067796610169495,55.101694915254235,122,24,1,0.3726011135293968,0.17030227424229605,100000,high_uniform,2016
1976,500,-45.549744382677495,5.836,6.27,217,132,0,0.3724148129726321,0.1757332265973091,100000,low_uniform,2017
1977,172,-96.87656386252526,43.133720930232556,44.19767441860465,183,38,1,0.37222860556614584,0.17047170783544696,100000,rush_hour,2018
1978,494,-229.6351296313648,40.17206477732793,41.174089068825914,495,120,1,0.3720424912633628,0.17047065757365845,100000,uniform_medium,2019
1979,500,-33.115442338709784,3.84,4.238,199,125,0,0.37185647001773114,0.17040907859802246,100000,low_uniform,2020
1980,170,-116.74914797619402,42.7,43.60588235294118,154,43,1,0.3716705417827223,0.16544321937596096,100000,uneven,2021
1981,166,-111.8529948424302,39.126506024096386,39.98192771084337,142,44,1,0.37148470651183096,0.1723700925169221,100000,uneven,2022
1982,181,-143.8430749717836,48.29281767955801,49.20441988950276,165,49,1,0.37129896415857505,0.16604724398798706,100000,uneven,2023
1983,500,-56.909525243110835,5.588,5.994,203,139,0,0.3711133146764958,0.16678079557418823,100000,low_uniform,2024
1984,169,-104.31523827819699,44.72189349112426,45.76923076923077,177,39,1,0.37092775801915756,0.16790139093201542,100000,uneven,2025
1985,166,-88.31695956151545,33.93975903614458,34.95180722891566,168,39,1,0.370742294140148,0.1623721414481301,100000,uneven,2026
1986,168,-133.22016166665398,47.55952380952381,48.48809523809524,156,44,1,0.3705569229930779,0.16642160119400137,100000,uneven,2027
1987,98,-73.33209684361553,34.224489795918366,35.03061224489796,79,26,1,0.3703716445315814,0.1646995901757357,100000,rush_hour,2028
1988,500,-152.25401645193634,35.75,36.824,537,112,0,0.3701864587093156,0.1642698849737644,100000,uniform_medium,2029
1989,401,-239.38366467336851,46.96009975062344,47.93516209476309,391,98,1,0.370001365479961,0.1602252670319895,100000,uniform_medium,2030
1990,115,-116.83046878983768,43.48695652173913,44.14782608695652,76,36,1,0.369816364797221,0.16191247792347618,100000,rush_hour,2031
1991,79,-121.0150394842628,60.164556962025316,61.0126582278481,67,22,1,0.36963145661482244,0.16380254518759402,100000,high_uniform,2032
1992,54,-82.69218138422448,52.574074074074076,53.425925925925924,46,14,1,0.3694466408865151,0.17011819628101807,100000,high_uniform,2033
1993,276,-204.93935023204662,51.20289855072464,52.16304347826087,265,69,1,0.36926191756607185,0.16834061517231708,100000,uniform_medium,2034
1994,127,-99.61722131676419,38.44881889763779,39.23622047244095,100,35,1,0.36907728660728883,0.16568346573846546,100000,uneven,2035
1995,192,-166.28010100984065,52.59375,53.541666666666664,182,49,1,0.3688927479639852,0.16932280187029392,100000,uneven,2036
1996,500,-58.10980746094268,5.896,6.31,207,141,0,0.36870830159000323,0.17228778366744518,100000,low_uniform,2037
1997,76,-83.5934533147061,43.578947368421055,44.46052631578947,67,20,1,0.36852394743920824,0.16949359062863023,100000,high_uniform,2038
1998,96,-92.59061510397137,47.125,48.010416666666664,85,26,1,0.3683396854654887,0.1747128237814953,100000,rush_hour,2039
1999,305,-138.7178364929545,36.950819672131146,37.868852459016395,280,76,1,0.36815551562275595,0.17103487524341365,100000,uniform_medium,2040
2000,391,-204.59999412005178,46.14578005115089,47.19948849104859,412,88,1,0.3679714378649446,0.17711386471377005,100000,uniform_medium,2041
2001,244,-159.76177081426007,46.192622950819676,47.204918032786885,247,57,1,0.3677874521460121,0.17814993284276273,100000,rush_hour,2042
2002,500,-56.60723466345579,3.418,3.766,174,145,0,0.36760355841993914,0.1749532212615013,100000,low_uniform,2043
2003,326,-188.42226264919927,42.058282208588956,42.95398773006135,292,88,1,0.3674197566407292,0.17428407994058967,100000,uniform_medium,2044
2004,98,-111.7470185868134,55.61224489795919,56.60204081632653,97,21,1,0.36723604676240884,0.1732383495842924,100000,high_uniform,2045
2005,131,-96.8921497401796,42.06106870229008,42.969465648854964,119,34,1,0.36705242873902766,0.17816593685677942,100000,uneven,2046
2006,500,-55.866107002854704,4.276,4.632,178,135,0,0.36686890252465815,0.1756220345944166,100000,low_uniform,2047
2007,84,-125.88806634276989,66.38095238095238,67.30952380952381,78,19,1,0.36668546807339586,0.16580700608236448,100000,high_uniform,2048
2008,500,-55.643290500968035,4.708,5.072,182,135,0,0.36650212533935916,0.1723982569500804,100000,low_uniform,2049
2009,214,-148.4401114025067,49.070093457943926,50.14485981308411,230,47,1,0.3663188742766895,0.16858932616136899,100000,uneven,2050
2010,101,-70.29809448533132,34.67326732673267,35.524752475247524,86,27,1,0.3661357148395512,0.16949952452784717,100000,uneven,2051
2011,99,-105.5311364487138,51.898989898989896,52.93939393939394,103,21,1,0.3659526469821314,0.17185233330184763,100000,high_uniform,2052
2012,474,-278.9327197020654,48.358649789029535,49.379746835443036,484,114,1,0.36576967065864036,0.17479112368658625,100000,uniform_medium,2053
2013,500,-48.48670597925371,4.92,5.344,212,143,0,0.36558678582331106,0.17268639084696769,100000,low_uniform,2054
2014,140,-140.16600512106217,53.42857142857143,54.30714285714286,123,39,1,0.3654039924303994,0.17587192095816134,100000,rush_hour,2055
2015,178,-184.0543033320791,59.359550561797754,60.21348314606742,152,50,1,0.3652212904341842,0.17288313847914172,100000,uneven,2056
2016,318,-200.21792644572054,45.575471698113205,46.5377358490566,306,79,1,0.36503867978896715,0.17701734012027956,100000,uniform_medium,2057
2017,83,-141.37581420030187,69.51807228915662,70.28915662650603,64,25,1,0.3648561604490727,0.1865149458129722,100000,high_uniform,2058
2018,212,-146.33871535572214,48.45283018867924,49.429245283018865,207,52,1,0.3646737323688482,0.17400704911154397,100000,uneven,2059
2019,230,-174.4775891345816,55.82608695652174,56.94347826086957,257,51,1,0.3644913955026638,0.17035143722010695,100000,uneven,2060
2020,89,-133.6396937332798,63.12359550561798,63.98876404494382,77,20,1,0.36430914980491247,0.17929609789607232,100000,high_uniform,2061
2021,246,-147.95078070261616,43.166666666666664,44.10569105691057,231,65,1,0.36412699523001,0.1737503975145216,100000,uniform_medium,2062
2022,142,-118.04190978376757,41.21830985915493,42.03521126760563,116,39,1,0.36394493173239506,0.1745316463876778,100000,uneven,2063
2023,185,-88.58957861088803,40.054054054054056,41.16216216216216,205,40,1,0.3637629592665289,0.17544608547075374,100000,uneven,2064
2024,80,-96.51593710587902,54.9625,56.0625,88,16,1,0.3635810777868957,0.16542675159871578,100000,high_uniform,2065
2025,500,-53.7220744033065,4.198,4.592,197,142,0,0.36339928724800225,0.175306442797184,100000,low_uniform,2066
2026,79,-97.6295984812815,51.721518987341774,52.65822784810127,74,20,1,0.3632175876043783,0.17953773748271074,100000,high_uniform,2067
2027,227,-149.68576001790754,44.63436123348018,45.585903083700444,216,57,1,0.3630359788105761,0.1800964177639474,100000,uneven,2068
2028,121,-81.42247122872585,37.28099173553719,38.15702479338843,106,32,1,0.36285446082117084,0.1809047307234165,100000,rush_hour,2069
2029,95,-71.06058844043568,41.49473684210526,42.61052631578947,106,20,1,0.36267303359076025,0.1754362884320711,100000,high_uniform,2070
2030,337,-248.81798079951477,51.433234421364986,52.41246290801187,330,76,1,0.3624916970739649,0.17964355368996232,100000,uniform_medium,2071
2031,99,-141.27759464363845,58.61616161616162,59.474747474747474,85,26,1,0.36231045122542793,0.1773971388436327,100000,high_uniform,2072
2032,500,-48.41986730199823,3.598,3.918,160,125,0,0.36212929599981525,0.18103918218612672,100000,low_uniform,2073
2033,500,-58.38920710355828,4.684,5.044,180,137,0,0.36194823135181536,0.17377203918993472,100000,low_uniform,2074
2034,92,-79.37663267455595,33.79347826086956,34.45652173913044,61,28,1,0.36176725723613945,0.17949010010646738,100000,uneven,2075
2035,167,-101.78250989464766,41.0059880239521,41.9940119760479,165,40,1,0.3615863736075214,0.17763787079714016,100000,rush_hour,2076
2036,106,-109.79616665185536,48.45283018867924,49.301886792452834,90,30,1,0.36140558042071763,0.17847905554017932,100000,rush_hour,2077
2037,86,-119.1134039563051,63.7906976744186,64.81395348837209,88,21,1,0.3612248776305073,0.17636281173936155,100000,high_uniform,2078
2038,500,-50.93761588127359,4.366,4.748,191,139,0,0.3610442651916921,0.17961177299916745,100000,low_uniform,2079
2039,151,-125.17216883552105,42.28476821192053,43.05960264900662,117,43,1,0.36086374305909624,0.17161382902536962,100000,rush_hour,2080
2040,82,-105.05636141461785,56.25609756097561,57.1219512195122,71,20,1,0.3606833111875667,0.18377723008757685,100000,high_uniform,2081
2041,240,-152.39903756601157,39.704166666666666,40.5625,206,60,1,0.3605029695319729,0.17496709351738293,100000,uniform_medium,2082
2042,80,-73.39757849829655,39.0,39.8,64,23,1,0.36032271804720695,0.17446764670312404,100000,rush_hour,2083
2043,180,-102.01833448244909,36.31666666666667,37.26111111111111,170,46,1,0.36014255668818335,0.17003774874740177,100000,uneven,2084
2044,107,-94.408617870301,41.36448598130841,42.10280373831776,79,30,1,0.3599624854098393,0.181968206557158,100000,uneven,2085
2045,343,-182.8281762255452,43.93877551020408,44.93002915451895,340,75,1,0.35978250416713436,0.17535138245313578,100000,uniform_medium,2086
2046,163,-97.70887291381885,38.852760736196316,39.828220858895705,159,41,1,0.3596026129150508,0.17561012949863095,100000,rush_hour,2087
2047,92,-120.15412242678643,62.82608695652174,63.80434782608695,90,19,1,0.3594228116085933,0.18056514915888724,100000,high_uniform,2088
2048,56,-96.40882141600964,54.142857142857146,54.80357142857143,37,17,1,0.35924310020278905,0.17738598013030632,100000,high_uniform,2089
2049,106,-75.35328252975371,39.5188679245283,40.4622641509434,100,26,1,0.3590634786526877,0.18078147816770482,100000,uneven,2090
2050,132,-92.72000660913923,35.28030303030303,36.00757575757576,96,38,1,0.35888394691336134,0.1811307572167028,100000,uneven,2091
2051,500,-40.959230269636656,3.888,4.274,193,133,0,0.3587045049399047,0.17721125806868077,100000,low_uniform,2092
2052,393,-301.33661787291516,54.85241730279898,55.85241730279898,393,98,1,0.35852515268743473,0.18318108099562522,100000,uniform_medium,2093
2053,360,-291.1790304076698,55.65833333333333,56.62777777777778,349,91,1,0.358345890111091,0.18431520648300648,100000,uniform_medium,2094
2054,247,-199.44153068356246,56.94736842105263,58.00404858299595,261,58,1,0.3581667171660355,0.17856025466552147,100000,rush_hour,2095
2055,145,-120.98082277486623,37.275862068965516,37.96551724137931,100,44,1,0.35798763380745247,0.18608353713463094,100000,uneven,2096
2056,393,-268.75899505520226,48.837150127226465,49.7557251908397,361,102,1,0.35780863999054874,0.18406232510890064,100000,uniform_medium,2097
2057,181,-133.76143514838023,43.95580110497237,44.828729281767956,158,50,1,0.3576297356705535,0.1839042918046535,100000,uneven,2098
2058,157,-131.10976135349486,42.54140127388535,43.318471337579616,122,43,1,0.35745092080271823,0.17609973897220224,100000,uneven,2099
2059,500,-182.11700536223896,36.58,37.58,500,120,0,0.3572721953423169,0.18373572358489038,100000,uniform_medium,2100
2060,78,-99.03890894732385,52.19230769230769,53.08974358974359,70,19,1,0.35709355924464575,0.1818156246191416,100000,high_uniform,2101
2061,119,-102.25883683960829,44.91596638655462,45.78151260504202,103,32,1,0.35691501246502344,0.18378006547939876,100000,rush_hour,2102
2062,125,-177.36728704521585,65.496,66.384,111,34,1,0.356736554958791,0.17906765097379684,100000,high_uniform,2103
2063,500,-64.33259973851483,5.546,5.962,208,150,0,0.3565581866813116,0.1840304999947548,100000,low_uniform,2104
2064,113,-111.24557742262404,47.31858407079646,48.11504424778761,90,33,1,0.356379907587971,0.18489601087253704,100000,uneven,2105
2065,108,-148.48066010959195,65.75925925925925,66.73148148148148,105,27,1,0.356201717634177,0.18095856601441349,100000,high_uniform,2106
2066,83,-109.11805578387032,51.024096385542165,51.87951807228916,71,21,1,0.35602361677535993,0.18660496884440803,100000,high_uniform,2107
2067,154,-85.08668937758301,38.45454545454545,39.47402597402598,157,36,1,0.35584560496697226,0.18301402380714168,100000,uneven,2108
2068,97,-60.76754460305935,30.123711340206185,30.938144329896907,79,28,1,0.3556676821644888,0.18993601832807677,100000,rush_hour,2109
2069,500,-270.5799363599291,45.78,46.8,510,119,0,0.3554898483234066,0.18627313584089278,100000,uniform_medium,2110
2070,60,-76.1771976794729,49.25,50.21666666666667,58,13,1,0.3553121033992449,0.18465541278322536,100000,high_uniform,2111
2071,500,-38.83578422733779,3.432,3.768,168,116,0,0.3551344473475453,0.19024739266932011,100000,low_uniform,2112
2072,202,-121.8022838283591,42.24752475247525,43.21782178217822,196,50,1,0.35495688012387155,0.18056938575931114,100000,uneven,2113
2073,97,-126.94659330982702,56.23711340206186,57.06185567010309,80,27,1,0.3547794016838096,0.17754018130068927,100000,high_uniform,2114
2074,292,-194.62895924929134,49.821917808219176,50.821917808219176,292,71,1,0.3546020119829677,0.18421068565588292,100000,uniform_medium,2115
2075,176,-121.3621312685411,43.75568181818182,44.67613636363637,162,45,1,0.35442471097697625,0.1873928698795763,100000,uneven,2116
2076,81,-95.3542937047474,49.32098765432099,50.28395061728395,78,19,1,0.3542474986214878,0.19363019229085357,100000,high_uniform,2117
2077,79,-128.36857120165166,65.15189873417721,66.0379746835443,70,21,1,0.3540703748721771,0.1967315273005751,100000,high_uniform,2118
2078,108,-97.04493745803244,53.25,54.46296296296296,131,21,1,0.353893339684741,0.18905693113251967,100000,high_uniform,2119
2079,500,-93.02796705216329,29.034,30.1,533,115,0,0.35371639301489866,0.19262575921416283,100000,uniform_medium,2120
2080,500,-54.86445538803027,4.298,4.654,178,136,0,0.35353953481839123,0.18798195548355578,100000,low_uniform,2121
2081,94,-74.7999585010293,33.840425531914896,34.58510638297872,70,28,1,0.3533627650509821,0.1904246394145996,100000,rush_hour,2122
2082,500,-35.89863835467969,3.942,4.354,206,134,0,0.3531860836684566,0.1925692528039217,100000,low_uniform,2123
2083,196,-143.3559171552148,46.39795918367347,47.30102040816327,177,52,1,0.3530094906266224,0.1886313256180408,100000,uniform_medium,2124
2084,179,-135.0866363652089,45.37988826815643,46.28491620111732,162,48,1,0.3528329858813091,0.1896107265070164,100000,uneven,2125
2085,500,-36.160195757972176,4.632,5.05,209,124,0,0.3526565693883685,0.1872571714371443,100000,low_uniform,2126
2086,266,-179.2092907315095,51.537593984962406,52.6015037593985,283,59,1,0.3524802411036743,0.18844277921475863,100000,uneven,2127
2087,95,-85.92594597881367,41.93684210526316,42.705263157894734,73,28,1,0.3523040009831225,0.19426814121635336,100000,uneven,2128
2088,202,-139.24980635911547,45.301980198019805,46.26732673267327,195,51,1,0.35212784898263094,0.18527371019567593,100000,uneven,2129
2089,340,-201.78496020446153,47.74411764705882,48.76764705882353,348,78,1,0.3519517850581396,0.18629178106784822,100000,uniform_medium,2130
2090,500,-44.0833409760804,4.792,5.18,194,127,0,0.3517758091656106,0.1917249368429184,100000,low_uniform,2131
2091,135,-91.08109085607013,33.85925925925926,34.666666666666664,109,39,1,0.3515999212610278,0.1880845264704139,100000,rush_hour,2132
2092,500,-230.7051073532633,42.638,43.662,512,116,0,0.3514241213003973,0.18725271262228488,100000,uniform_medium,2133
2093,141,-130.2787766758035,46.858156028368796,47.702127659574465,119,39,1,0.3512484092397471,0.18930688220347072,100000,rush_hour,2134
2094,500,-67.02137300168287,5.028,5.412,192,153,0,0.35107278503512723,0.18590262120962142,100000,low_uniform,2135
2095,500,-51.823196612185534,5.246,5.652,203,138,0,0.3508972486426097,0.18739410510659218,100000,low_uniform,2136
2096,166,-101.30734703876121,45.68674698795181,46.7289156626506,173,37,1,0.3507218000182884,0.19041994074920573,100000,uneven,2137
2097,345,-153.65108800122553,38.04347826086956,39.04347826086956,345,85,1,0.35054643911827926,0.17957840648250303,100000,rush_hour,2138
2098,164,-122.45851688453713,44.59756097560975,45.5,148,41,1,0.35037116589872014,0.1845434351210914,100000,rush_hour,2139
2099,141,-117.06732421320169,45.673758865248224,46.49645390070922,116,40,1,0.3501959803157708,0.19020182998679208,100000,uneven,2140
2100,500,-207.23041864378158,38.206,39.206,500,121,0,0.35002088232561296,0.18680608332157134,100000,uniform_medium,2141
2101,98,-86.33030550086065,36.51020408163265,37.19387755102041,67,28,1,0.34984587188445015,0.1783924328581411,100000,rush_hour,2142
2102,148,-85.82530544496859,32.82432432432432,33.641891891891895,121,41,1,0.349670948948508,0.19292441282320666,100000,uneven,2143
2103,500,-40.035993772226455,3.962,4.348,193,129,0,0.34949611347403375,0.18480618418753147,100000,low_uniform,2144
2104,500,-57.47845742356538,4.132,4.46,164,133,0,0.34932136541729675,0.18303069140017034,100000,low_uniform,2145
2105,108,-97.63270963389326,43.97222222222222,44.81481481481482,91,27,1,0.34914670473458814,0.18505983627228825,100000,rush_hour,2146
2106,500,-116.92779586821689,30.338,31.364,513,120,0,0.3489721313822209,0.18324552619457246,100000,uniform_medium,2147
2107,296,-227.3843005890187,55.804054054054056,56.820945945945944,301,71,1,0.3487976453165298,0.18481993735642047,100000,uneven,2148
2108,500,-51.344079281415986,4.528,4.918,195,139,0,0.34862324649387155,0.18416053675115107,100000,low_uniform,2149
2109,330,-179.23888697534244,45.236363636363635,46.27878787878788,344,76,1,0.3484489348706246,0.1822744828733531,100000,uniform_medium,2150
2110,270,-213.9488617243052,49.648148148148145,50.48888888888889,227,71,1,0.3482747104031893,0.18757975747187933,100000,uniform_medium,2151
2111,424,-277.3193274076276,49.408018867924525,50.37971698113208,412,108,1,0.34810057304798775,0.18393939329346395,100000,uniform_medium,2152
2112,121,-91.2053897390733,39.20661157024794,40.06611570247934,104,34,1,0.3479265227614638,0.18004990658484216,100000,uneven,2153
2113,134,-89.2238438629279,41.276119402985074,42.291044776119406,136,31,1,0.3477525595000831,0.18857148017233877,100000,rush_hour,2154
2114,130,-66.55071963192438,32.315384615384616,33.26923076923077,124,32,1,0.3475786832203331,0.18385300292418552,100000,rush_hour,2155
2115,187,-119.3780642807471,44.6096256684492,45.62566844919786,190,44,1,0.3474048938787229,0.18439663990455515,100000,uneven,2156
2116,500,-220.37994440336246,46.336,47.46,562,107,0,0.3472311914317836,0.18119417755305767,100000,uniform_medium,2157
2117,131,-51.528691910485776,32.98473282442748,34.083969465648856,144,26,1,0.3470575758360677,0.18760731514856105,100000,rush_hour,2158
2118,85,-135.6033846144595,59.95294117647059,60.705882352941174,64,26,1,0.3468840470481497,0.17827687491388883,100000,high_uniform,2159
2119,80,-84.99768586446503,47.0875,48.075,79,20,1,0.34671060502462564,0.17437763642519713,100000,high_uniform,2160
2120,155,-140.58516017130142,46.50967741935484,47.31612903225806,125,45,1,0.34653724972211336,0.1852773976902808,100000,uneven,2161
2121,157,-105.36319155543146,36.547770700636946,37.394904458598724,133,44,1,0.3463639810972523,0.18753234259072382,100000,uneven,2162
2122,192,-145.67764362195544,51.114583333333336,52.161458333333336,201,44,1,0.3461907991067037,0.18923693511169404,100000,rush_hour,2163
2123,90,-149.58743947031365,75.58888888888889,76.5,82,23,1,0.34601770370715035,0.18879111922449535,100000,high_uniform,2164
2124,220,-111.03096555197733,39.13181818181818,40.163636363636364,227,50,1,0.3458446948552968,0.18279166922650553,100000,uneven,2165
2125,195,-161.82838086502903,56.56410256410256,57.6051282051282,203,44,1,0.3456717725078692,0.17815155681127157,100000,uneven,2166
2126,500,-147.44460528217368,34.718,35.766,524,114,0,0.34549893662161524,0.18687104919552802,100000,uniform_medium,2167
2127,298,-195.1638350048774,47.37248322147651,48.36241610738255,295,73,1,0.34532618715330443,0.18329241861833023,100000,uniform_medium,2168
2128,111,-69.81462900717223,35.648648648648646,36.54054054054054,99,29,1,0.3451535240597278,0.18380046904355557,100000,uneven,2169
2129,500,-58.39951541969818,3.758,4.096,169,141,0,0.34498094729769796,0.18388439521193503,100000,low_uniform,2170
2130,304,-165.1313955956223,41.026315789473685,41.97697368421053,289,79,1,0.34480845682404915,0.1810671097451919,100000,uniform_medium,2171
2131,100,-96.31379454006611,47.01,47.81,80,27,1,0.3446360525956371,0.18610937133431435,100000,uneven,2172
2132,286,-255.07400845375986,58.13286713286713,59.08741258741259,273,72,1,0.3444637345693393,0.18930746737372625,100000,rush_hour,2173
2133,94,-96.62672524082862,47.202127659574465,48.12765957446808,87,23,1,0.34429150270205466,0.1891251060556858,100000,high_uniform,2174
2134,244,-132.55256457119114,39.15983606557377,40.10245901639344,230,60,1,0.34411935695070367,0.17965918980905268,100000,uniform_medium,2175
2135,98,-149.88951831236307,67.21428571428571,68.15306122448979,92,25,1,0.34394729727222834,0.18907726502844266,100000,high_uniform,2176
2136,74,-69.83132619428737,38.013513513513516,38.7972972972973,58,20,1,0.34377532362359225,0.18620603289958593,100000,uneven,2177
2137,126,-159.37825245730642,64.86507936507937,65.88888888888889,129,29,1,0.3436034359617805,0.19212809636715858,100000,high_uniform,2178
2138,500,-54.31237092802542,4.848,5.242,197,140,0,0.34343163424379963,0.19138445185124875,100000,low_uniform,2179
2139,86,-116.42391044267643,56.906976744186046,57.83720930232558,80,23,1,0.34325991842667775,0.1919924018168172,100000,high_uniform,2180
2140,72,-109.55255942330803,55.81944444444444,56.708333333333336,64,20,1,0.3430882884674644,0.19387395545426342,100000,high_uniform,2181
2141,189,-94.13630959922591,39.95238095238095,41.03174603174603,204,41,1,0.3429167443232307,0.1872197637561137,100000,uneven,2182
2142,122,-82.28496332760592,33.01639344262295,33.80327868852459,96,35,1,0.3427452859510691,0.18651026798809162,100000,rush_hour,2183
2143,76,-86.59022275800062,42.30263157894737,42.96052631578947,50,23,1,0.3425739133080936,0.19890596345067024,100000,rush_hour,2184
2144,169,-117.10021093104045,41.28402366863905,42.18934911242604,153,44,1,0.3424026263514396,0.18352089443150357,100000,uneven,2185
2145,317,-160.12644270138824,38.7602523659306,39.678233438485805,291,81,1,0.34223142503826387,0.1862667280510773,100000,uniform_medium,2186
2146,111,-136.8554560367783,67.78378378378379,69.0,135,20,1,0.34206030932574477,0.17924202408071035,100000,high_uniform,2187
2147,500,-36.441447947613995,4.184,4.572,194,123,0,0.3418892791710819,0.18509582577645778,100000,low_uniform,2188
2148,129,-140.4019508304354,54.031007751937985,54.8062015503876,100,36,1,0.3417183345314964,0.18878573265879653,100000,rush_hour,2189
2149,87,-74.6447798810255,36.02298850574713,36.735632183908045,62,25,1,0.3415474753642307,0.18951935929128494,100000,rush_hour,2190
2150,120,-119.37246447226335,46.78333333333333,47.59166666666667,97,32,1,0.3413767016265486,0.1827430408447981,100000,rush_hour,2191
2151,435,-248.41022048729383,44.804597701149426,45.75632183908046,414,110,1,0.34120601327573535,0.18653293298236254,100000,uniform_medium,2192
2152,500,-93.88510177889886,29.772,30.846,537,113,0,0.3410354102690975,0.19001191306114196,100000,uniform_medium,2193
2153,104,-84.72352223966152,41.47115384615385,42.29807692307692,86,28,1,0.34086489256396296,0.18511802481057552,100000,rush_hour,2194
2154,85,-78.3374217599835,52.55294117647059,53.89411764705882,114,14,1,0.340694460117681,0.19734039744910073,100000,high_uniform,2195
2155,188,-152.15417473632755,52.558510638297875,53.56382978723404,189,46,1,0.3405241128876222,0.18775359208279468,100000,uneven,2196
2156,76,-72.26081702219044,42.48684210526316,43.473684210526315,75,19,1,0.3403538508311784,0.18501053887762522,100000,high_uniform,2197
2157,90,-152.4184503225582,73.6,74.46666666666667,78,25,1,0.3401836739057629,0.19497551802131866,100000,high_uniform,2198
2158,166,-84.25896704910582,33.77710843373494,34.68072289156626,150,42,1,0.34001358206881,0.19196418165621987,100000,uneven,2199
2159,238,-171.24629135229603,52.71848739495798,53.78151260504202,253,52,1,0.3398435752777756,0.18997408853483802,100000,rush_hour,2200
2160,500,-301.6160272271599,48.856,49.87,507,120,0,0.33967365349013673,0.1886781360208988,100000,uniform_medium,2201
2161,109,-89.90180096036894,41.944954128440365,42.788990825688074,92,31,1,0.3395038166633917,0.19388309886696142,100000,rush_hour,2202
2162,303,-261.3328022694995,58.81848184818482,59.77887788778878,291,76,1,0.33933406475506,0.18621690453279136,100000,uniform_medium,2203
2163,117,-148.61452802140838,59.51282051282051,60.44444444444444,109,29,1,0.3391643977226825,0.19488822554166502,100000,high_uniform,2204
2164,149,-102.99598837495357,44.68456375838926,45.738255033557046,157,33,1,0.33899481552382116,0.18856716621042097,100000,rush_hour,2205
2165,126,-99.64651064321184,42.65079365079365,43.54761904761905,113,33,1,0.33882531811605926,0.19146716683393433,100000,rush_hour,2206
2166,111,-76.4263536939337,37.13513513513514,38.03603603603604,100,27,1,0.33865590545700125,0.18566451255265656,100000,rush_hour,2207
2167,285,-278.23712091111224,60.51578947368421,61.410526315789475,255,78,1,0.33848657750427275,0.19313064058098878,100000,uniform_medium,2208
2168,160,-136.10467391877845,47.9125,48.8625,152,39,1,0.3383173342155206,0.18868066039867698,100000,rush_hour,2209
2169,118,-71.02392524257226,34.99152542372882,35.932203389830505,111,28,1,0.33814817554841287,0.1917495754058078,100000,rush_hour,2210
2170,78,-52.93373903402125,34.5,35.51282051282051,79,15,1,0.3379791014606387,0.190397584094451,100000,rush_hour,2211
2171,500,-36.085912486596605,4.472,4.858,193,118,0,0.3378101119099084,0.19337366887927054,100000,low_uniform,2212
2172,115,-65.28951045695877,33.052173913043475,33.89565217391304,97,31,1,0.33764120685395344,0.1904638427755107,100000,uneven,2213
2173,192,-137.75512413779643,49.484375,50.520833333333336,199,45,1,0.3374723862505265,0.18694018037058413,100000,rush_hour,2214
2174,129,-91.91812503157499,39.75968992248062,40.674418604651166,118,34,1,0.33730365005740126,0.19190236897200577,100000,uneven,2215
2175,437,-265.2182715904684,50.24256292906178,51.30205949656751,463,102,1,0.3371349982323726,0.19754245582311594,100000,uniform_medium,2216
2176,185,-111.61411273809405,37.79459459459459,38.68108108108108,164,46,1,0.33696643073325644,0.18784105056846465,100000,uneven,2217
2177,500,-53.01669761307143,4.346,4.726,190,142,0,0.33679794751788983,0.19066329868137835,100000,low_uniform,2218
2178,73,-81.92548614734808,51.794520547945204,52.9041095890411,81,13,1,0.3366295485441309,0.1900944388280176,100000,high_uniform,2219
2179,91,-61.5479789817151,39.956043956043956,40.92307692307692,88,22,1,0.33646123376985887,0.20299421938566062,100000,uneven,2220
2180,98,-89.25526195505341,49.765306122448976,50.87755102040816,109,20,1,0.33629300315297395,0.18660650105804813,100000,high_uniform,2221
2181,150,-68.72922545938687,30.626666666666665,31.553333333333335,139,37,1,0.33612485665139746,0.2002512162923813,100000,uneven,2222
2182,500,-74.72933830538021,30.49,31.638,574,98,0,0.3359567942230718,0.19511146801710127,100000,uniform_medium,2223
2183,180,-119.92937247346826,42.172222222222224,43.15,176,41,1,0.33578881582596026,0.19867890899380047,100000,uneven,2224
2184,161,-105.59845528127174,39.745341614906835,40.59627329192546,137,43,1,0.3356209214180473,0.19004287418001187,100000,uneven,2225
2185,104,-61.60958207166576,32.18269230769231,33.01923076923077,87,26,1,0.33545311095733826,0.19880747186163297,100000,uneven,2226
2186,234,-211.63484027067958,54.427350427350426,55.31196581196581,207,63,1,0.3352853844018596,0.19344218323628107,100000,uniform_medium,2227
2187,500,-215.5053781964378,42.078,43.106,514,113,0,0.3351177417096587,0.1924039708673954,100000,uniform_medium,2228
2188,500,-213.8758636194594,42.626,43.694,534,113,0,0.3349501828388039,0.1953281795680523,100000,uniform_medium,2229
2189,76,-73.64139836047828,44.36842105263158,45.53947368421053,89,15,1,0.3347827077473845,0.19568413711692156,100000,high_uniform,2230
2190,113,-125.52620711552615,58.04424778761062,59.07964601769911,117,26,1,0.33461531639351083,0.19674280747375658,100000,high_uniform,2231
2191,500,-258.5412955929901,46.656,47.712,528,115,0,0.3344480087353141,0.19071321669220925,100000,uniform_medium,2232
2192,87,-102.74221493894288,52.54022988505747,53.44827586206897,79,23,1,0.33428078473094647,0.203240515428713,100000,high_uniform,2233
2193,426,-199.23380082759678,40.57746478873239,41.568075117370896,422,103,1,0.33411364433858104,0.19796834268690275,100000,uniform_medium,2234
2194,500,-276.8480829031307,49.092,50.164,536,112,0,0.33394658751641176,0.19360726381838322,100000,uniform_medium,2235
2195,159,-78.51261093888684,36.39622641509434,37.42138364779874,163,38,1,0.33377961422265356,0.18943326596943838,100000,uneven,2236
2196,99,-76.24342185869025,37.525252525252526,38.303030303030305,77,25,1,0.33361272441554224,0.1999449719383259,100000,rush_hour,2237
2197,500,-388.2685166104667,60.694,61.72,513,116,0,0.3334459180533345,0.1975083624571562,100000,uniform_medium,2238
2198,142,-127.75271400558373,46.79577464788732,47.647887323943664,121,38,1,0.33327919509430787,0.20253372507196077,100000,rush_hour,2239
2199,84,-99.43038669247602,53.476190476190474,54.44047619047619,81,21,1,0.3331125554967607,0.1978649922779628,100000,high_uniform,2240
2200,500,-49.525985235784546,4.93,5.316,193,134,0,0.33294599921901236,0.19534870205819607,100000,low_uniform,2241
2201,358,-209.193715659259,46.1731843575419,47.15642458100559,352,87,1,0.3327795262194029,0.19677122838420574,100000,uniform_medium,2242
2202,500,-33.00742469623945,4.666,5.082,208,122,0,0.3326131364562932,0.19788173866271971,100000,low_uniform,2243
2203,500,-41.928480742133544,4.752,5.162,205,131,0,0.33244682988806507,0.1958598684668541,100000,low_uniform,2244
2204,500,-190.22397937393893,40.176,41.248,536,109,0,0.3322806064731211,0.19348413981497287,100000,uniform_medium,2245
2205,86,-113.2893012932946,62.83720930232558,63.91860465116279,93,17,1,0.33211446616988455,0.1898944565896378,100000,high_uniform,2246
2206,233,-158.10638541133795,49.20600858369099,50.197424892703864,231,55,1,0.3319484089367996,0.19285129675793544,100000,uneven,2247
2207,500,-29.727290097281863,3.268,3.65,191,125,0,0.3317824347323312,0.19604062627255917,100000,low_uniform,2248
2208,265,-290.7337276891322,70.98490566037736,71.96981132075472,261,64,1,0.33161654351496506,0.1951767050995017,100000,rush_hour,2249
2209,332,-246.45371639474595,51.18674698795181,52.10843373493976,306,87,1,0.3314507352432076,0.19528392453240342,100000,uniform_medium,2250
2210,500,-32.704390928780114,3.69,4.07,190,121,0,0.331285009875586,0.19349608144164085,100000,low_uniform,2251
2211,192,-111.58570695108403,45.463541666666664,46.541666666666664,207,41,1,0.33111936737064823,0.1979051724386712,100000,uneven,2252
2212,191,-107.91397153516361,42.06282722513089,43.1151832460733,201,44,1,0.3309538076869629,0.1881520120495277,100000,uneven,2253
2213,214,-68.78063897402335,26.985981308411215,27.934579439252335,203,51,1,0.3307883307831195,0.1920231433811589,100000,uneven,2254
2214,500,-42.18008195809032,5.31,5.746,218,136,0,0.33062293661772796,0.19051094806194305,100000,low_uniform,2255
2215,500,-31.720130576978498,3.6,3.974,187,122,0,0.3304576251494191,0.19141486643254757,100000,low_uniform,2256
2216,500,-234.14060289806753,44.88,45.93,525,116,0,0.33029239633684443,0.19402031740546227,100000,uniform_medium,2257
2217,78,-74.53568229109584,44.794871794871796,45.80769230769231,79,18,1,0.330127250138676,0.19445951636403036,100000,high_uniform,2258
2218,157,-142.1203350433175,53.5796178343949,54.54140127388535,151,38,1,0.3299621865136067,0.19033813225046084,100000,rush_hour,2259
2219,500,-314.9209505216019,51.938,52.998,530,114,0,0.3297972054203499,0.19155197563767434,100000,uniform_medium,2260
2220,500,-50.23886025621684,5.342,5.746,202,129,0,0.3296323068176397,0.190638327896595,100000,low_uniform,2261
2221,92,-62.002447344930275,32.47826086956522,33.32608695652174,78,23,1,0.3294674906642309,0.18424971515069838,100000,rush_hour,2262
2222,500,-36.07061429626558,3.746,4.142,198,130,0,0.3293027569188988,0.19045572969317437,100000,low_uniform,2263
2223,500,-41.642990721270046,4.642,5.04,199,128,0,0.3291381055404394,0.18537804873287678,100000,low_uniform,2264
2224,126,-147.26553325167137,67.39682539682539,68.54761904761905,145,25,1,0.3289735364876692,0.19934414327144623,100000,high_uniform,2265
2225,72,-96.72682936978754,54.09722222222222,55.06944444444444,70,16,1,0.3288090497194254,0.18378164722687668,100000,high_uniform,2266
2226,237,-104.25920258051858,33.30379746835443,34.270042194092824,229,59,1,0.32864464519456565,0.1868910476691109,100000,uneven,2267
2227,114,-124.18376193179971,52.36842105263158,53.20175438596491,95,33,1,0.3284803228719684,0.20035052573994586,100000,rush_hour,2268
2228,164,-105.7092390852365,48.28658536585366,49.43292682926829,188,34,1,0.3283160827105324,0.19227536867667988,100000,rush_hour,2269
2229,500,-136.9901657070183,31.818,32.824,503,114,0,0.3281519246691772,0.19229652465879918,100000,uniform_medium,2270
2230,131,-90.52872694020395,39.954198473282446,40.89312977099237,123,33,1,0.3279878487068426,0.19176554787932462,100000,rush_hour,2271
2231,132,-117.80610942028048,46.34090909090909,47.166666666666664,109,36,1,0.3278238547824892,0.19042024812237782,100000,uneven,2272
2232,500,-47.81695893781266,4.816,5.23,207,142,0,0.327659942855098,0.19351384487748147,100000,low_uniform,2273
2233,85,-61.878146511688364,35.77647058823529,36.68235294117647,77,21,1,0.3274961128836704,0.19267073361312642,100000,rush_hour,2274
2234,500,-50.55085050468981,5.488,5.868,190,122,0,0.3273323648272286,0.1882314006090164,100000,low_uniform,2275
2235,85,-84.96466655638264,48.89411764705882,49.90588235294118,86,17,1,0.327168698644815,0.18958699413958718,100000,high_uniform,2276
2236,227,-113.14472901208562,40.048458149779734,41.07929515418502,234,51,1,0.3270051142954926,0.19195097734093142,100000,uneven,2277
2237,223,-92.70939741952594,34.54708520179372,35.596412556053814,234,53,1,0.32684161173834486,0.19062825452720103,100000,uniform_medium,2278
2238,500,-166.6213606473155,36.39,37.454,532,113,0,0.3266781909324757,0.18936936816573144,100000,uniform_medium,2279
2239,83,-108.62493389807369,56.204819277108435,57.08433734939759,73,21,1,0.32651485183700946,0.1889313484530851,100000,high_uniform,2280
2240,123,-88.89448138829815,36.78048780487805,37.60162601626016,101,32,1,0.32635159441109096,0.18667471221065132,100000,rush_hour,2281
2241,333,-271.603602084086,59.207207207207205,60.246246246246244,346,76,1,0.3261884186138854,0.19174431024997443,100000,uniform_medium,2282
2242,154,-97.287461501911,36.506493506493506,37.383116883116884,135,41,1,0.3260253244045785,0.19335181304773727,100000,uneven,2283
2243,82,-91.27367196126416,52.41463414634146,53.426829268292686,83,19,1,0.32586231174237623,0.19177487083688016,100000,high_uniform,2284
2244,500,-33.70193297164151,4.158,4.542,192,119,0,0.32569938058650505,0.1890259007960558,100000,low_uniform,2285
2245,415,-226.10495153846625,50.17349397590361,51.31325301204819,473,85,1,0.3255365308962118,0.1891597586582942,100000,uneven,2286
2246,190,-120.99131751052222,46.921052631578945,48.05789473684211,216,39,1,0.32537376263076373,0.19046857055080565,100000,rush_hour,2287
2247,86,-116.06469539889184,65.23255813953489,66.33720930232558,95,18,1,0.32521107574944835,0.18455054082496222,100000,high_uniform,2288
2248,500,-40.60169301522943,4.772,5.186,207,129,0,0.3250484702115736,0.187605333968997,100000,low_uniform,2289
2249,500,-45.61027509336322,4.566,4.976,205,138,0,0.32488594597646786,0.19007144343852997,100000,low_uniform,2290
2250,87,-115.24975404957445,58.298850574712645,59.275862068965516,85,20,1,0.32472350300347963,0.195316174506456,100000,high_uniform,2291
2251,83,-83.26592435023646,44.51807228915663,45.54216867469879,85,18,1,0.3245611412519779,0.17948313371603747,100000,high_uniform,2292
2252,76,-61.393927040321216,42.171052631578945,43.276315789473685,84,16,1,0.32439886068135193,0.20024283308731883,100000,high_uniform,2293
2253,500,-259.2992709740409,44.904,45.906,501,119,0,0.32423666125101125,0.18868417018651962,100000,uniform_medium,2294
2254,100,-115.98400293270414,58.3,59.41,111,20,1,0.3240745429203858,0.1890748117864132,100000,high_uniform,2295
2255,342,-168.02369957641852,41.219298245614034,42.24561403508772,351,81,1,0.3239125056489256,0.19280837345541568,100000,uniform_medium,2296
2256,229,-125.3113979803943,41.698689956331876,42.70305676855895,230,55,1,0.32375054939610115,0.1867912025495908,100000,uneven,2297
2257,102,-82.01218723091476,37.31372549019608,38.068627450980394,77,30,1,0.32358867412140313,0.1878480071238443,100000,uneven,2298
2258,115,-77.99177738155292,38.87826086956522,39.89565217391304,117,27,1,0.3234268797843424,0.1930543847706007,100000,uneven,2299
2259,500,-54.16755230999981,6.014,6.428,207,137,0,0.3232651663444503,0.19244570790231227,100000,low_uniform,2300
2260,172,-95.89065384613805,41.70348837209303,42.74418604651163,179,39,1,0.3231035337612781,0.18689146161425946,100000,rush_hour,2301
2261,500,-35.93495699193308,4.016,4.394,189,121,0,0.3229419819943975,0.18567790953814983,100000,low_uniform,2302
2262,230,-142.14223146148325,45.93478260869565,46.95652173913044,235,52,1,0.3227805110034003,0.19245357898914295,100000,rush_hour,2303
2263,500,-34.83859950072895,3.828,4.236,204,130,0,0.32261912074789867,0.18874743142724038,100000,low_uniform,2304
2264,77,-94.24452041250834,49.896103896103895,50.74025974025974,65,21,1,0.32245781118752476,0.18380516690093202,100000,high_uniform,2305
2265,500,-45.61282994775922,3.786,4.144,179,132,0,0.32229658228193103,0.1858370746523142,100000,low_uniform,2306
2266,500,-36.80284668012416,4.938,5.382,222,133,0,0.3221354339907901,0.1879508591890335,100000,low_uniform,2307
2267,234,-142.40308527043513,43.96153846153846,44.98717948717949,240,56,1,0.3219743662737947,0.18851891175931335,100000,uneven,2308
2268,100,-72.40243254503447,36.71,37.59,88,26,1,0.3218133790906578,0.18277333587408065,100000,uneven,2309
2269,500,-44.92804880269912,4.562,4.926,182,123,0,0.3216524724011125,0.1887780739814043,100000,low_uniform,2310
2270,114,-66.09405806155054,37.3421052631579,38.333333333333336,113,25,1,0.32149164616491194,0.19701042882444567,100000,rush_hour,2311
2271,484,-249.57313481914636,45.18388429752066,46.243801652892564,513,112,1,0.3213309003418295,0.1855194583873857,100000,uniform_medium,2312
2272,280,-117.28106892365386,38.496428571428574,39.542857142857144,293,61,1,0.3211702348916586,0.18819968817489488,100000,uniform_medium,2313
2273,500,-126.9872650050415,30.216,31.198,491,120,0,0.32100964977421276,0.1880538384616375,100000,uniform_medium,2314
2274,61,-70.84497667027155,45.09836065573771,46.032786885245905,57,15,1,0.32084914494932565,0.18572084507981285,100000,high_uniform,2315
2275,500,-40.97579096603062,4.308,4.7,196,127,0,0.320688720376851,0.18879830230772496,100000,low_uniform,2316
2276,89,-109.8194250868484,58.39325842696629,59.53932584269663,102,17,1,0.32052837601666256,0.19006858046135205,100000,high_uniform,2317
2277,500,-160.9244651374794,37.536,38.612,538,108,0,0.32036811182865427,0.18297020147740842,100000,uniform_medium,2318
2278,500,-37.03644798573643,4.534,4.938,202,125,0,0.32020792777273993,0.18315503889322282,100000,low_uniform,2319
2279,224,-175.51803833090264,50.86607142857143,51.78125,205,56,1,0.3200478238088536,0.18174284912778862,100000,uniform_medium,2320
2280,131,-55.97414625613269,27.9618320610687,28.893129770992367,122,30,1,0.3198877998969492,0.1978390947666787,100000,uneven,2321
2281,181,-91.63420182065289,41.38121546961326,42.4585635359116,195,41,1,0.31972785599700076,0.1856163682940915,100000,uneven,2322
2282,397,-226.783691417175,45.531486146095716,46.523929471032744,394,93,1,0.31956799206900227,0.1848638236935553,100000,uniform_medium,2323
2283,500,-182.60513866081533,36.906,37.938,516,115,0,0.31940820807296777,0.19047811318933963,100000,uniform_medium,2324
2284,111,-81.93263029850216,42.792792792792795,43.792792792792795,111,26,1,0.3192485039689313,0.1877939589657225,100000,uneven,2325
2285,231,-125.1275291628317,43.60606060606061,44.70995670995671,255,50,1,0.3190888797169468,0.19109239180882773,100000,uneven,2326
2286,153,-59.29735648497535,32.77124183006536,33.810457516339866,159,33,1,0.3189293352770884,0.1967896828854006,100000,rush_hour,2327
2287,156,-106.75633367105051,43.80769230769231,44.80128205128205,155,36,1,0.31876987060944983,0.1914048545444623,100000,rush_hour,2328
2288,151,-97.15943068703439,43.41059602649007,44.43046357615894,154,34,1,0.3186104856741451,0.1868754131904501,100000,rush_hour,2329
2289,103,-92.7102385983629,42.271844660194176,43.03883495145631,79,30,1,0.31845118043130805,0.1853942199818139,100000,rush_hour,2330
2290,112,-93.09431458006819,47.955357142857146,49.080357142857146,126,23,1,0.3182919548410924,0.1905853347852826,100000,high_uniform,2331
2291,500,-183.50583135573746,38.606,39.682,538,108,0,0.3181328088636719,0.19130055877566338,100000,uniform_medium,2332
2292,500,-257.33546263900627,46.652,47.68,514,118,0,0.3179737424592401,0.19176297509670256,100000,uniform_medium,2333
2293,500,-186.06200935528827,43.078,44.224,573,103,0,0.3178147555880105,0.1882059670984745,100000,uniform_medium,2334
2294,113,-94.34604838626858,41.769911504424776,42.6283185840708,97,31,1,0.3176558482102165,0.195761381524854,100000,uneven,2335
2295,187,-115.0630705823235,44.470588235294116,45.481283422459896,189,44,1,0.3174970202861114,0.18937128304160214,100000,uneven,2336
2296,135,-119.49404454862551,47.42962962962963,48.355555555555554,125,35,1,0.31733827177596835,0.19714509966196836,100000,rush_hour,2337
2297,500,-43.45931764846096,4.59,4.966,188,122,0,0.3171796026400804,0.18880890718102455,100000,low_uniform,2338
2298,113,-116.25906718357282,59.29203539823009,60.424778761061944,128,24,1,0.3170210128387604,0.18443961329428496,100000,high_uniform,2339
2299,370,-289.44871501231785,58.34594594594594,59.383783783783784,384,86,1,0.31686250233234103,0.19057232810033334,100000,uniform_medium,2340
2300,112,-64.09768919568904,33.598214285714285,34.57142857142857,109,27,1,0.3167040710811749,0.1853703704795667,100000,rush_hour,2341
2301,500,-133.80112964410904,33.572,34.65,539,108,0,0.31654571904563433,0.18890588094294072,100000,uniform_medium,2342
2302,500,-47.12792720588824,3.686,4.03,172,130,0,0.31638744618611153,0.19045553363859655,100000,low_uniform,2343
2303,81,-72.83541477914542,46.864197530864196,48.02469135802469,94,16,1,0.3162292524630185,0.18356262892484665,100000,high_uniform,2344
2304,146,-101.9750016707785,44.10958904109589,45.08904109589041,143,34,1,0.316071137836787,0.19594830141900338,100000,rush_hour,2345
2305,71,-48.546026300221925,31.3943661971831,32.29577464788732,64,17,1,0.3159131022678686,0.20461277264944264,100000,rush_hour,2346
2306,500,-51.43213220010884,4.59,4.956,183,132,0,0.3157551457167347,0.19352197302877902,100000,low_uniform,2347
2307,373,-215.53637129362056,45.62198391420912,46.58981233243968,361,89,1,0.31559726814387634,0.1935901578326008,100000,uniform_medium,2348
2308,500,-26.84524293998294,4.958,5.414,228,124,0,0.3154394695098044,0.19031526432931423,100000,low_uniform,2349
2309,321,-158.98384931579074,39.137071651090345,40.12772585669782,318,79,1,0.3152817497750495,0.19398300941580923,100000,uniform_medium,2350
2310,106,-128.5140986014662,57.77358490566038,58.801886792452834,109,23,1,0.315124108900162,0.18744440686027958,100000,high_uniform,2351
2311,500,-271.16740614258515,47.4,48.424,512,119,0,0.31496654684571196,0.19051019915938378,100000,uniform_medium,2352
2312,500,-32.351465908474445,4.468,4.882,207,124,0,0.3148090635722891,0.19046361568570136,100000,low_uniform,2353
2313,86,-94.46046008716237,53.33720930232558,54.46511627906977,97,18,1,0.31465165904050296,0.182586366354033,100000,high_uniform,2354
2314,500,-31.210582104762857,3.792,4.216,212,132,0,0.31449433321098275,0.18560854694247245,100000,low_uniform,2355
2315,382,-319.37231183042957,62.34293193717277,63.37696335078534,395,90,1,0.31433708604437727,0.1867652816688203,100000,uniform_medium,2356
2316,500,-52.11691334516901,3.838,4.186,174,133,0,0.3141799175013551,0.1904930453300476,100000,low_uniform,2357
2317,500,-48.44512558014235,3.48,3.83,175,136,0,0.31402282754260447,0.19664247991144657,100000,low_uniform,2358
2318,57,-93.36853293472396,53.80701754385965,54.64912280701754,48,16,1,0.3138658161288332,0.1924698564567064,100000,high_uniform,2359
2319,114,-76.28444724655667,41.74561403508772,42.76315789473684,116,26,1,0.3137088832207688,0.19285069053110324,100000,rush_hour,2360
2320,213,-169.14396850489328,52.352112676056336,53.35680751173709,214,51,1,0.31355202877915844,0.19266769958074104,100000,uneven,2361
2321,500,-30.540557557699312,4.024,4.434,205,124,0,0.3133952527647689,0.19123081694543362,100000,low_uniform,2362
2322,500,-36.734600150919526,4.378,4.78,201,127,0,0.3132385551383865,0.19658624944090844,100000,low_uniform,2363
2323,365,-159.45952692619045,39.18356164383562,40.19178082191781,368,83,1,0.31308193586081734,0.19241434915425026,100000,uniform_medium,2364
2324,166,-58.21384507767975,29.246987951807228,30.337349397590362,181,37,1,0.31292539489288695,0.1900945693613535,100000,uneven,2365
2325,403,-275.4583389641792,58.36724565756824,59.53846153846154,472,83,1,0.31276893219544055,0.19308730800897253,100000,uneven,2366
2326,396,-278.38006423796327,54.833333333333336,55.91414141414141,428,87,1,0.3126125477293428,0.19356144994798333,100000,rush_hour,2367
2327,402,-149.61138718015727,37.12189054726368,38.19402985074627,431,88,1,0.3124562414554782,0.19581240550869733,100000,uniform_medium,2368
2328,500,-51.32941958067685,4.756,5.12,182,130,0,0.31230001333475044,0.19821510969102382,100000,low_uniform,2369
2329,500,-47.80179657493489,4.648,5.032,192,131,0,0.3121438633280831,0.19174838599562644,100000,low_uniform,2370
2330,500,-49.233972466731345,5.256,5.7,222,146,0,0.3119877913964191,0.19068934307992458,100000,low_uniform,2371
2331,500,-37.48047782331413,3.52,3.892,186,128,0,0.3118317975007209,0.1904373382627964,100000,low_uniform,2372
2332,138,-84.76916181186823,36.927536231884055,37.833333333333336,125,31,1,0.3116758816019705,0.1938683134706124,100000,rush_hour,2373
2333,500,-206.38321260329272,44.534,45.666,566,106,0,0.31152004366116953,0.19058149839937688,100000,uniform_medium,2374
2334,176,-162.27370890165594,54.69318181818182,55.61363636363637,162,44,1,0.311364283639339,0.18378781243650752,100000,rush_hour,2375
2335,102,-125.9901640336564,64.7843137254902,65.92156862745098,116,21,1,0.31120860149751933,0.18877218196205064,100000,high_uniform,2376
2336,77,-91.53810455524824,52.701298701298704,53.77922077922078,83,17,1,0.3110529971967706,0.18233421744851322,100000,high_uniform,2377
2337,81,-102.63546175277438,57.148148148148145,58.25925925925926,90,17,1,0.31089747069817225,0.19187131542482494,100000,high_uniform,2378
2338,106,-65.94810781022736,34.79245283018868,35.783018867924525,105,26,1,0.3107420219628232,0.18590360612801785,100000,rush_hour,2379
2339,500,-29.10305436878867,3.67,4.08,205,128,0,0.3105866509518418,0.18970746064186098,100000,low_uniform,2380
2340,500,-45.64397377147194,5.116,5.518,201,128,0,0.31043135762636587,0.19130139122903347,100000,low_uniform,2381
2341,87,-113.62564139289178,55.701149425287355,56.59770114942529,78,21,1,0.3102761419475527,0.191728538052104,100000,high_uniform,2382
2342,500,-143.60812611791366,32.966,33.986,510,117,0,0.3101210038765789,0.19077989014983177,100000,uniform_medium,2383
2343,74,-75.08232395037052,47.486486486486484,48.5,75,17,1,0.3099659433746407,0.1902006969258592,100000,high_uniform,2384
2344,161,-115.23425036329606,39.26086956521739,40.06832298136646,130,46,1,0.30981096040295336,0.19424719761432327,100000,uneven,2385
2345,89,-78.03671897737465,51.752808988764045,53.01123595505618,112,15,1,0.3096560549227519,0.18568800448366765,100000,high_uniform,2386
2346,500,-243.19413047250114,44.104,45.132,514,111,0,0.3095012268952905,0.18840957883000373,100000,uniform_medium,2387
2347,500,-248.2864300775804,46.948,48.018,535,109,0,0.3093464762818429,0.1913787695914507,100000,uniform_medium,2388
2348,148,-122.35842617448873,46.88513513513514,47.810810810810814,137,39,1,0.30919180304370203,0.1973655623560016,100000,uneven,2389
2349,500,-144.5718941962167,36.836,37.94,552,105,0,0.3090372071421802,0.1903410927504301,100000,uniform_medium,2390
2350,84,-68.00299088750342,40.51190476190476,41.535714285714285,86,21,1,0.3088826885386091,0.19660543739086106,100000,high_uniform,2391
2351,99,-92.84860842811284,53.44444444444444,54.55555555555556,110,20,1,0.30872824719433983,0.18430401813803296,100000,high_uniform,2392
2352,187,-78.22166664862131,36.02139037433155,37.07486631016043,197,42,1,0.3085738830707427,0.19260202722753433,100000,uneven,2393
2353,294,-152.41128276398808,42.93877551020408,44.01020408163265,315,65,1,0.30841959612920733,0.19147302638612637,100000,uneven,2394
2354,135,-174.46365924230133,64.55555555555556,65.4888888888889,126,35,1,0.30826538633114275,0.2017263408612322,100000,high_uniform,2395
2355,500,-61.99584731593602,28.652,29.784,566,103,0,0.3081112536379772,0.1893506698012352,100000,uniform_medium,2396
2356,346,-255.22846873397665,58.39017341040462,59.471098265895954,374,78,1,0.30795719801115823,0.1931644000242211,100000,uniform_medium,2397
2357,111,-119.41419735494786,61.68468468468468,62.91891891891892,137,21,1,0.30780321941215266,0.19722264246629165,100000,high_uniform,2398
2358,370,-209.43831178872452,46.627027027027026,47.64054054054054,375,82,1,0.3076493178024466,0.19212457565842447,100000,uniform_medium,2399
2359,103,-92.88393125952192,42.66990291262136,43.49514563106796,85,28,1,0.3074954931435454,0.19696321823064564,100000,uneven,2400
2360,500,-254.1219281418771,47.81,48.898,544,109,0,0.3073417453969737,0.19361547796428202,100000,uniform_medium,2401
2361,218,-133.621110880094,45.31192660550459,46.362385321100916,229,49,1,0.3071880745242752,0.1965395845131043,100000,uneven,2402
2362,86,-62.83180463211177,35.325581395348834,36.16279069767442,72,23,1,0.3070344804870131,0.19515420834338942,100000,uneven,2403
2363,140,-104.93971453235565,46.957142857142856,47.98571428571429,144,33,1,0.3068809632467696,0.1890791706740856,100000,rush_hour,2404
2364,500,-49.6350343770853,4.446,4.782,168,119,0,0.30672752276514625,0.20127573835849763,100000,low_uniform,2405
2365,148,-77.79522448208793,33.986486486486484,34.91216216216216,137,38,1,0.3065741590037637,0.1965671113717395,100000,uneven,2406
2366,500,-49.862137158822485,4.372,4.74,184,133,0,0.3064208719242619,0.1998833540081978,100000,low_uniform,2407
2367,500,-226.77679488980846,43.212,44.274,531,112,0,0.30626766148829976,0.20054011622071266,100000,uniform_medium,2408
2368,500,-31.137194504764743,3.428,3.822,197,127,0,0.30611452765755565,0.19842887692153455,100000,low_uniform,2409
2369,500,-36.33566115552725,4.242,4.642,200,128,0,0.3059614703937269,0.19433516658842565,100000,low_uniform,2410
2370,500,-45.360941707746996,4.518,4.914,198,135,0,0.30580848965853,0.20062163580954076,100000,low_uniform,2411
2371,500,-32.644869442849355,4.884,5.302,209,121,0,0.3056555854137008,0.19799555897712706,100000,low_uniform,2412
2372,163,-91.07015614271288,42.11042944785276,43.20858895705521,179,35,1,0.305502757620994,0.19319521590061714,100000,rush_hour,2413
2373,500,-42.01754483582004,4.286,4.698,206,137,0,0.3053500062421835,0.19558409474790095,100000,low_uniform,2414
2374,500,-113.25717371199596,30.074,31.122,524,109,0,0.30519733123906245,0.1946375566571951,100000,uniform_medium,2415
2375,180,-109.17930736871958,41.18333333333333,42.16111111111111,176,41,1,0.30504473257344294,0.19145846598678165,100000,uneven,2416
2376,176,-83.99554886732487,38.53409090909091,39.61363636363637,190,39,1,0.30489221020715623,0.19707316680896012,100000,rush_hour,2417
2377,97,-54.591144603931184,28.742268041237114,29.577319587628867,81,26,1,0.30473976410205267,0.19515388266941935,100000,rush_hour,2418
2378,500,-40.574950974983466,3.536,3.94,202,139,0,0.30458739422000164,0.1925116792321205,100000,low_uniform,2419
2379,203,-178.08426641059756,57.92118226600985,58.94581280788177,208,48,1,0.30443510052289163,0.2000246774313485,100000,rush_hour,2420
2380,122,-71.19696209475138,41.68852459016394,42.82786885245902,139,26,1,0.30428288297263023,0.1830293144114682,100000,uneven,2421
2381,500,-40.24258633737397,4.458,4.812,177,116,0,0.30413074153114394,0.1894420344531536,100000,low_uniform,2422
2382,74,-99.58899356417768,52.351351351351354,53.28378378378378,69,19,1,0.3039786761603784,0.1854026346794657,100000,high_uniform,2423
2383,146,-118.86467531753328,43.97945205479452,44.8013698630137,120,37,1,0.3038266868222982,0.18880168333241384,100000,rush_hour,2424
2384,500,-149.59192012426547,37.164,38.272,554,108,0,0.30367477347888705,0.19494161874055863,100000,uniform_medium,2425
2385,500,-45.41901251105529,4.188,4.542,177,124,0,0.30352293609214764,0.19175326828658582,100000,low_uniform,2426
2386,251,-144.1733248863285,45.91235059760956,46.9800796812749,268,55,1,0.30337117462410157,0.1904157250525942,100000,rush_hour,2427
2387,148,-76.0958768658293,35.060810810810814,36.060810810810814,148,36,1,0.3032194890367895,0.1978643110172974,100000,rush_hour,2428
2388,255,-166.20834532453262,48.956862745098036,49.98823529411764,263,57,1,0.30306787929227114,0.19643290007815642,100000,rush_hour,2429
2389,402,-210.36993980696315,46.340796019900495,47.44776119402985,445,85,1,0.302916345352625,0.19336522172265386,100000,rush_hour,2430
2390,132,-101.60030977853667,49.871212121212125,50.93939393939394,141,29,1,0.3027648871799487,0.19561552865938706,100000,rush_hour,2431
2391,80,-75.98446732791524,49.3,50.4625,93,13,1,0.30261350473635873,0.1939667678438127,100000,high_uniform,2432
2392,500,-37.80636036040774,4.702,5.114,206,128,0,0.30246219798399054,0.19391871738433838,100000,low_uniform,2433
2393,227,-111.20889019364179,42.215859030837,43.308370044052865,248,47,1,0.3023109668849986,0.19514767402200447,100000,uneven,2434
2394,500,-310.7481725686868,49.62,50.596,488,123,0,0.3021598114015561,0.19279922969639302,100000,uniform_medium,2435
2395,105,-144.41908709467194,63.75238095238095,64.78095238095239,108,23,1,0.3020087314958554,0.1951605254695529,100000,high_uniform,2436
2396,301,-135.04715375616502,45.01661129568107,46.199335548172755,356,59,1,0.3018577271301075,0.1991867266125061,100000,uneven,2437
2397,102,-80.23180453809726,41.127450980392155,42.029411764705884,92,24,1,0.30170679826654245,0.1958139804648418,100000,rush_hour,2438
2398,500,-244.10184534054198,43.33,44.3,485,121,0,0.3015559448674092,0.19254800187051296,100000,uniform_medium,2439
2399,149,-80.05137282739757,34.36241610738255,35.24832214765101,132,39,1,0.30140516689497554,0.19367327661122252,100000,uniform_medium,2440
2400,170,-85.75616215061119,43.00588235294118,44.194117647058825,202,32,1,0.3012544643115281,0.1942684250719407,100000,uneven,2441
2401,500,-38.2549686893396,4.666,5.106,220,138,0,0.3011038370793723,0.19133772206306457,100000,low_uniform,2442
2402,62,-99.94843181423984,60.38709677419355,61.20967741935484,51,16,1,0.30095328516083264,0.18938729551530653,100000,high_uniform,2443
2403,159,-88.83540459744438,37.081761006289305,38.069182389937104,157,39,1,0.30080280851825225,0.19169043276294973,100000,uneven,2444
2404,110,-132.50115367006137,59.88181818181818,60.9,112,25,1,0.30065240711399316,0.18934937478466468,100000,high_uniform,2445
2405,394,-196.73953193935327,45.00761421319797,46.06091370558376,415,89,1,0.3005020809104362,0.19385000851553708,100000,uniform_medium,2446
2406,363,-188.1394693540968,46.50413223140496,47.61432506887052,403,78,1,0.300351829869981,0.19462154854920286,100000,rush_hour,2447
2407,500,-122.52847100127285,32.344,33.424,540,110,0,0.300201653955046,0.1961743353754282,100000,uniform_medium,2448
2408,106,-73.76647351076517,37.70754716981132,38.56603773584906,91,25,1,0.30005155312806847,0.18903711979400437,100000,uneven,2449
2409,104,-146.7754881520362,68.72115384615384,69.75,107,25,1,0.29990152735150444,0.19168992168628252,100000,high_uniform,2450
2410,500,-44.74657283752627,4.782,5.194,206,137,0,0.2997515765878287,0.19573743577301503,100000,low_uniform,2451
2411,87,-81.51003814139999,52.827586206896555,54.04597701149425,106,16,1,0.2996017007995348,0.19231987564728178,100000,high_uniform,2452
2412,500,-48.41320482587817,4.416,4.804,194,137,0,0.29945189994913507,0.19803006315231322,100000,low_uniform,2453
2413,150,-111.1492359242719,47.4,48.446666666666665,157,35,1,0.29930217399916054,0.19185753012696902,100000,rush_hour,2454
2414,231,-121.63522832523067,46.510822510822514,47.67965367965368,270,47,1,0.299152522912161,0.19360862617497837,100000,uneven,2455
2415,500,-164.47728650406515,39.168,40.294,563,104,0,0.2990029466507049,0.19804272955656052,100000,uniform_medium,2456
2416,71,-57.545463720782706,40.16901408450704,41.32394366197183,82,13,1,0.2988534451773796,0.18600070371594227,100000,high_uniform,2457
2417,136,-74.75984801460194,37.11029411764706,38.088235294117645,133,31,1,0.29870401845479094,0.19227896827985258,100000,uneven,2458
2418,500,-198.3462483387605,42.088,43.174,543,108,0,0.29855466644556355,0.19260085116326808,100000,uniform_medium,2459
2419,248,-139.49281336499877,47.80241935483871,48.88709677419355,269,51,1,0.29840538911234077,0.19059395099118834,100000,uniform_medium,2460
2420,75,-85.98741324131119,46.266666666666666,47.13333333333333,65,19,1,0.2982561864177846,0.19082026521364848,100000,high_uniform,2461
2421,500,-95.67567662097194,31.598,32.674,538,111,0,0.29810705832457574,0.1939428659081459,100000,uniform_medium,2462
2422,179,-105.2728069886201,37.36871508379888,38.29050279329609,165,45,1,0.29795800479541346,0.1974378249415472,100000,uneven,2463
2423,500,-42.323118751794006,3.574,3.93,178,130,0,0.29780902579301577,0.192299309656024,100000,low_uniform,2464
2424,220,-166.2667459825697,52.913636363636364,53.97727272727273,234,49,1,0.29766012128011926,0.18978619368916208,100000,rush_hour,2465
2425,500,-178.1076800963009,37.948,38.99,521,116,0,0.2975112912194792,0.19400590060651302,100000,uniform_medium,2466
2426,102,-117.39870580060932,56.96078431372549,57.990196078431374,105,23,1,0.2973625355738695,0.19040788279152385,100000,high_uniform,2467
2427,500,-28.504536749905302,4.476,4.87,197,113,0,0.29721385430608255,0.19300234958529472,100000,low_uniform,2468
2428,259,-205.5427556404152,53.189189189189186,54.15830115830116,251,63,1,0.29706524737892953,0.19129875377108232,100000,uniform_medium,2469
2429,137,-98.34402041832564,38.503649635036496,39.35036496350365,116,38,1,0.29691671475524006,0.19646398962414177,100000,uneven,2470
2430,436,-303.32286722289916,57.86009174311926,58.961009174311926,480,96,1,0.2967682563978625,0.1937808577620655,100000,uniform_medium,2471
2431,500,-37.41850789867773,4.224,4.572,174,111,0,0.2966198722696636,0.19054084345698358,100000,low_uniform,2472
2432,74,-104.01307143362041,60.554054054054056,61.486486486486484,69,19,1,0.2964715623335288,0.20253039493754105,100000,high_uniform,2473
2433,500,-33.92976552227221,4.82,5.222,201,117,0,0.29632332655236204,0.19032891856133938,100000,low_uniform,2474
2434,293,-116.44315768313035,35.32081911262799,36.35494880546075,303,65,1,0.29617516488908585,0.1921956222313663,100000,uniform_medium,2475
2435,80,-67.59733187943648,41.5375,42.475,75,21,1,0.29602707730664135,0.18358283676207066,100000,high_uniform,2476
2436,95,-101.89700768739503,59.73684210526316,61.02105263157895,122,15,1,0.29587906376798806,0.1920267304307536,100000,high_uniform,2477
2437,213,-93.3584607736996,41.051643192488264,42.21596244131455,248,44,1,0.2957311242361041,0.19399821523909277,100000,uneven,2478
2438,156,-66.13591596628437,30.865384615384617,31.82051282051282,149,35,1,0.29558325867398605,0.18979208577328768,100000,uneven,2479
2439,114,-68.53245692183864,37.96491228070175,38.98245614035088,116,26,1,0.29543546704464907,0.19004674693732931,100000,rush_hour,2480
2440,500,-52.09379982555487,5.316,5.69,187,126,0,0.2952877493111268,0.18861605371534823,100000,low_uniform,2481
2441,500,-179.59889642269718,40.578,41.676,549,109,0,0.29514010543647123,0.1888382860869169,100000,uniform_medium,2482
2442,500,-38.93306680168207,5.192,5.6,204,124,0,0.29499253538375303,0.19335450166463852,100000,low_uniform,2483
2443,500,-48.484622424995145,4.78,5.144,182,124,0,0.2948450391160612,0.18924911727011204,100000,low_uniform,2484
2444,211,-135.06527654512473,45.60189573459716,46.58293838862559,207,49,1,0.2946976165965032,0.1874031711599273,100000,uniform_medium,2485
2445,91,-107.93742119073003,54.89010989010989,55.9010989010989,92,21,1,0.2945502677882049,0.18693661714320656,100000,high_uniform,2486
2446,149,-80.95113287098548,36.46308724832215,37.42953020134228,144,37,1,0.29440299265431086,0.18794244657826903,100000,rush_hour,2487
2447,182,-115.7945827157214,44.357142857142854,45.362637362637365,183,44,1,0.2942557911579837,0.18633937209353343,100000,uneven,2488
2448,224,-117.27185463715163,39.174107142857146,40.19642857142857,229,52,1,0.29410866326240476,0.19396741432137787,100000,uneven,2489
2449,166,-84.3663455387163,38.36144578313253,39.40963855421687,174,34,1,0.29396160893077355,0.19105766462274346,100000,uneven,2490
2450,500,-38.83781543249025,4.64,5.032,196,123,0,0.2938146281263082,0.18688327962160112,100000,low_uniform,2491
2451,500,-261.8127021046599,52.014,53.218,602,97,0,0.29366772081224507,0.18834262834489346,100000,rush_hour,2492
2452,390,-242.44041629052285,53.31025641025641,54.42051282051282,433,85,1,0.293520886951839,0.18958861285295242,100000,rush_hour,2493
2453,500,-33.98134927037724,3.39,3.778,194,128,0,0.2933741265083631,0.18674228294193745,100000,low_uniform,2494
2454,103,-125.06172331094271,61.79611650485437,62.9126213592233,115,22,1,0.29322743944510893,0.18658929499028956,100000,high_uniform,2495
2455,165,-108.90828887203583,45.666666666666664,46.775757575757574,183,34,1,0.2930808257253864,0.19369563564206616,100000,rush_hour,2496
2456,72,-102.19733844786997,64.16666666666667,65.29166666666667,81,16,1,0.29293428531252375,0.2045110927687751,100000,high_uniform,2497
2457,176,-77.14631489845823,33.375,34.36363636363637,174,40,1,0.2927878181698675,0.19214217775416645,100000,rush_hour,2498
2458,110,-72.31980900816136,38.96363636363636,39.88181818181818,101,23,1,0.29264142426078255,0.20093970691615884,100000,rush_hour,2499
2459,87,-81.64235328588822,46.96551724137931,48.02298850574713,92,18,1,0.29249510354865216,0.1925960029850061,100000,high_uniform,2500
2460,500,-28.892739390200692,4.42,4.828,204,118,0,0.2923488559968778,0.19179075357317923,100000,low_uniform,2501
2461,500,-308.18022343843404,51.574,52.62,523,113,0,0.2922026815688794,0.1906099973767996,100000,uniform_medium,2502
2462,500,-216.04990645918372,42.134,43.184,525,115,0,0.292056580228095,0.18968687273561954,100000,uniform_medium,2503
2463,94,-115.13051771370534,59.340425531914896,60.329787234042556,93,22,1,0.291910551937981,0.1839448448191298,100000,high_uniform,2504
2464,65,-66.71677109774616,46.276923076923076,47.4,73,14,1,0.291764596662012,0.2055017059812179,100000,high_uniform,2505
2465,69,-57.6872693704248,40.85507246376812,42.01449275362319,80,12,1,0.291618714363681,0.2009809806511022,100000,high_uniform,2506
2466,500,-43.815193769610815,4.734,5.124,195,126,0,0.29147290500649914,0.1932380436807871,100000,low_uniform,2507
2467,500,-55.94778871678636,28.34,29.448,554,103,0,0.29132716855399593,0.19130902647972106,100000,uniform_medium,2508
2468,263,-87.59476574956416,32.06844106463878,33.10266159695818,272,60,1,0.29118150496971895,0.19360513007799482,100000,uneven,2509
2469,500,-40.908983650776484,4.314,4.712,199,132,0,0.2910359142172341,0.19124831469357015,100000,low_uniform,2510
2470,500,-136.13529057916102,35.406,36.52,557,104,0,0.2908903962601255,0.18996434216201305,100000,uniform_medium,2511
2471,95,-95.32797580298083,45.873684210526314,46.72631578947368,81,25,1,0.2907449510619955,0.19876452778515064,100000,rush_hour,2512
2472,500,-39.51681311668757,4.034,4.432,199,132,0,0.2905995785864645,0.19162284103035926,100000,low_uniform,2513
2473,108,-99.17977176393056,51.898148148148145,53.0,119,22,1,0.2904542787971713,0.19794230535626411,100000,high_uniform,2514
2474,500,-170.86705899831577,38.302,39.378,538,112,0,0.2903090516577727,0.19422577252984047,100000,uniform_medium,2515
2475,500,-33.40576975019119,4.612,5.01,199,118,0,0.29016389713194385,0.19107817378640174,100000,low_uniform,2516
2476,86,-117.07346565358496,60.906976744186046,61.86046511627907,82,20,1,0.2900188151833779,0.18797708346053613,100000,high_uniform,2517
2477,87,-101.25294372584548,56.87356321839081,58.0,98,17,1,0.28987380577578625,0.19986276482713633,100000,high_uniform,2518
2478,500,-36.75529464359078,4.214,4.614,200,125,0,0.2897288688728984,0.18894733220338822,100000,low_uniform,2519
2479,500,-30.85887675984715,4.354,4.768,207,122,0,0.28958400443846194,0.1895509378314018,100000,low_uniform,2520
2480,500,-34.57755946545651,4.478,4.906,214,132,0,0.2894392124362427,0.1897858614474535,100000,low_uniform,2521
2481,171,-70.49562544074543,36.26315789473684,37.37426900584796,190,36,1,0.2892944928300246,0.18576714684043014,100000,uneven,2522
2482,175,-124.15358145815483,46.44,47.4,168,43,1,0.2891498455836096,0.18999485756669726,100000,rush_hour,2523
2483,500,-43.072464893052896,5.002,5.39,194,122,0,0.2890052706608178,0.1912583280056715,100000,low_uniform,2524
2484,257,-116.65334050198206,38.52918287937743,39.57587548638132,269,58,1,0.28886076802548744,0.18992383957836878,100000,uniform_medium,2525
2485,500,-78.7013056342794,30.514,31.638,562,105,0,0.2887163376414747,0.1862089844197035,100000,uniform_medium,2526
2486,261,-128.0506239820726,39.97318007662835,40.96168582375479,258,60,1,0.28857197947265395,0.19373426161049884,100000,uniform_medium,2527
2487,402,-196.96640956457398,43.169154228855724,44.211442786069654,419,92,1,0.28842769348291764,0.1889428549367397,100000,uniform_medium,2528
2488,500,-45.62525879811476,4.314,4.71,198,137,0,0.2882834796361762,0.1852806697934866,100000,low_uniform,2529
2489,88,-85.58127146443512,52.35227272727273,53.61363636363637,111,16,1,0.2881393378963581,0.18537528118626637,100000,high_uniform,2530
2490,500,-18.962443462837772,24.928,26.09,581,101,0,0.28799526822740995,0.18672352154552938,100000,uniform_medium,2531
2491,199,-110.4865603610418,40.984924623115575,41.959798994974875,194,46,1,0.28785127059329624,0.18977947922507724,100000,uniform_medium,2532
2492,500,-243.29511057270315,48.026,49.188,581,103,0,0.2877073449579996,0.18621583074331283,100000,uniform_medium,2533
2493,164,-75.98485210569164,33.52439024390244,34.56707317073171,171,34,1,0.2875634912855206,0.18294890056841256,100000,rush_hour,2534
2494,145,-95.60940988795855,38.02068965517241,38.91724137931035,130,38,1,0.2874197095398779,0.18609859218885158,100000,uneven,2535
2495,79,-95.14790963999602,49.10126582278481,50.0,71,22,1,0.287275999685108,0.1987434719936757,100000,high_uniform,2536
2496,500,-174.0609919386362,37.648,38.716,534,112,0,0.28713236168526546,0.18409108084440232,100000,uniform_medium,2537
2497,146,-95.0823284745508,41.6986301369863,42.71232876712329,148,34,1,0.28698879550442286,0.19032055236501236,100000,rush_hour,2538
2498,410,-292.4221816656636,61.302439024390246,62.50243902439024,492,79,1,0.28684530110667067,0.1891118990938838,100000,rush_hour,2539
2499,500,-27.454415153094427,3.608,3.978,185,113,0,0.28670187845611733,0.18903057657182218,100000,low_uniform,2540
2500,112,-64.21435402104201,30.473214285714285,31.401785714285715,104,26,1,0.2865585275168893,0.19945342872025712,100000,rush_hour,2541
2501,119,-69.31454162834784,30.436974789915965,31.243697478991596,96,32,1,0.28641524825313086,0.19780359254414295,100000,uneven,2542
2502,500,-25.17892220000097,3.948,4.356,204,119,0,0.2862720406290043,0.19007898113131524,100000,low_uniform,2543
2503,217,-129.68278469274895,44.57142857142857,45.57142857142857,217,51,1,0.28612890460868984,0.19062531045916992,100000,uneven,2544
2504,500,-26.29581218187025,3.96,4.368,204,121,0,0.2859858401563855,0.18541685520112514,100000,low_uniform,2545
2505,500,-35.98472841017825,5.438,5.88,221,125,0,0.2858428472363073,0.183703224375844,100000,low_uniform,2546
2506,500,-36.54695723407827,4.438,4.822,192,119,0,0.28569992581268916,0.17796030056476592,100000,low_uniform,2547
2507,76,-116.40572235577248,61.421052631578945,62.276315789473685,65,21,1,0.28555707584978285,0.17464630276356874,100000,high_uniform,2548
2508,145,-102.32341849192707,45.95172413793104,47.01379310344828,154,32,1,0.28541429731185797,0.17916616879660507,100000,uneven,2549
2509,111,-132.66139678743806,63.95495495495496,65.06306306306307,123,24,1,0.285271590163202,0.18504087016120688,100000,high_uniform,2550
2510,500,-23.488156661876207,4.04,4.476,218,126,0,0.28512895436812047,0.1838982969969511,100000,low_uniform,2551
2511,500,-27.44447367164009,4.42,4.832,206,118,0,0.28498638989093644,0.18296777983009815,100000,low_uniform,2552
2512,395,-167.150691284705,45.35443037974684,46.5367088607595,467,75,1,0.284843896695991,0.1806660597837424,100000,rush_hour,2553
2513,154,-64.19954831114875,34.83116883116883,35.90909090909091,166,31,1,0.284701474747643,0.18094953860748897,100000,rush_hour,2554
2514,252,-211.57592353159333,56.833333333333336,57.82539682539682,250,62,1,0.2845591240102692,0.1804130317140666,100000,uneven,2555
2515,500,-27.450283307055955,3.752,4.136,192,112,0,0.2844168444482641,0.17852570801973344,100000,low_uniform,2556
2516,110,-72.34626273738098,37.763636363636365,38.69090909090909,102,26,1,0.28427463602604,0.17872404219074683,100000,rush_hour,2557
2517,218,-113.43901351195663,40.07798165137615,41.08715596330275,220,51,1,0.284132498708027,0.1810234022591639,100000,uneven,2558
2518,84,-65.60124570664571,43.333333333333336,44.55952380952381,103,15,1,0.283990432458673,0.17823808489456064,100000,high_uniform,2559
2519,500,-30.121216281139517,4.648,5.09,221,128,0,0.2838484372424437,0.1816603703647852,100000,low_uniform,2560
2520,433,-248.8214007801852,53.40184757505774,54.5635103926097,503,88,1,0.2837065130238225,0.18429578214402012,100000,rush_hour,2561
2521,98,-94.6764482104451,53.51020408163265,54.755102040816325,122,17,1,0.2835646597673106,0.18197445700667342,100000,high_uniform,2562
2522,500,-51.98467087362382,4.648,4.976,164,116,0,0.28342287743742695,0.18045023402571678,100000,low_uniform,2563
2523,500,-133.07285563561078,33.678,34.758,540,111,0,0.28328116599870823,0.17746283355355263,100000,uniform_medium,2564
2524,102,-151.43259394224808,71.08823529411765,72.12745098039215,106,25,1,0.2831395254157089,0.17679523194537444,100000,high_uniform,2565
2525,500,-23.78410553221406,4.678,5.11,216,116,0,0.28299795565300107,0.18007127203047277,100000,low_uniform,2566
2526,184,-86.51722122274974,32.41304347826087,33.27173913043478,158,46,1,0.28285645667517456,0.17026652727761996,100000,uniform_medium,2567
2527,79,-115.037361367444,59.32911392405063,60.31645569620253,78,20,1,0.282715028446837,0.17947469934632507,100000,high_uniform,2568
2528,159,-67.77542889800361,38.84905660377358,39.9937106918239,182,31,1,0.2825736709326136,0.18389385127983754,100000,rush_hour,2569
2529,500,-36.402077411781306,4.396,4.798,201,127,0,0.2824323840971473,0.17967297010123728,100000,low_uniform,2570
2530,65,-74.97195109873527,51.4,52.52307692307692,73,13,1,0.2822911679050988,0.18395252181933477,100000,high_uniform,2571
2531,108,-60.41516312532683,34.44444444444444,35.43518518518518,107,25,1,0.2821500223211463,0.1789204114013248,100000,rush_hour,2572
2532,425,-227.85510597227815,49.63058823529412,50.783529411764704,490,87,1,0.2820089473099857,0.17478529973941692,100000,rush_hour,2573
2533,333,-206.47822196665288,54.003003003003,55.14114114114114,379,70,1,0.2818679428363307,0.17806037193214572,100000,rush_hour,2574
2534,500,-40.027914356231264,4.584,4.968,192,122,0,0.2817270088649126,0.16951016300916671,100000,low_uniform,2575
2535,444,-258.76810616322337,51.90765765765766,53.03603603603604,501,92,1,0.28158614536048016,0.17247573390334575,100000,rush_hour,2576
2536,500,-307.0870422045901,53.088,54.188,550,108,0,0.28144535228779993,0.1694211432337761,100000,rush_hour,2577
2537,500,-107.81920484090352,30.586,31.656,535,105,0,0.28130462961165603,0.17746043995022773,100000,uniform_medium,2578
2538,62,-57.201886240490765,44.096774193548384,45.24193548387097,71,12,1,0.2811639772968502,0.17496174153301022,100000,high_uniform,2579
2539,94,-81.67600546560689,44.861702127659576,45.96808510638298,104,17,1,0.2810233953082018,0.17103154529282388,100000,high_uniform,2580
2540,94,-147.04642317037292,66.7872340425532,67.73404255319149,89,23,1,0.2808828836105477,0.18208408498383583,100000,high_uniform,2581
2541,500,-186.3252949468254,42.592,43.74,574,103,0,0.28074244216874245,0.17899258035421373,100000,uniform_medium,2582
2542,384,-186.71302285657882,43.2578125,44.34375,417,86,1,0.2806020709476581,0.1753182206496907,100000,rush_hour,2583
2543,258,-186.44516181770112,52.51937984496124,53.55813953488372,268,60,1,0.2804617699121843,0.1752859067547229,100000,rush_hour,2584
2544,500,-82.30612408204556,30.926,32.056,565,100,0,0.28032153902722823,0.1755757965296507,100000,uniform_medium,2585
2545,139,-98.18565535926024,46.798561151079134,47.84172661870504,145,32,1,0.2801813782577146,0.17516817806436003,100000,rush_hour,2586
2546,500,-97.17870819571445,30.574,31.662,544,109,0,0.28004128756858576,0.1755699881464243,100000,uniform_medium,2587
2547,302,-166.10554856348588,44.347682119205295,45.35761589403973,305,66,1,0.2799012669248015,0.1763248145086876,100000,uneven,2588
2548,78,-100.35442953220056,54.46153846153846,55.37179487179487,71,20,1,0.2797613162913391,0.17582425704369178,100000,high_uniform,2589
2549,69,-74.98399840852387,46.31884057971015,47.30434782608695,68,15,1,0.27962143563319347,0.16678091440943704,100000,high_uniform,2590
2550,500,-32.08632972014964,3.738,4.138,200,128,0,0.27948162491537687,0.17538448318839073,100000,low_uniform,2591
2551,107,-70.98577438212948,38.45794392523364,39.41121495327103,102,27,1,0.2793418841029192,0.17705246207313002,100000,uneven,2592
2552,500,-159.07776764941053,33.71,34.726,508,117,0,0.2792022131608678,0.17921840783953666,100000,uniform_medium,2593
2553,500,-105.2058916938277,31.042,32.12,539,108,0,0.2790626120542874,0.17884449875354766,100000,uniform_medium,2594
2554,500,-37.769181744763046,3.332,3.716,192,135,0,0.2789230807482603,0.17653526857495308,100000,low_uniform,2595
2555,152,-102.23851436907088,41.69078947368421,42.67763157894737,150,36,1,0.27878361920788614,0.1816053854203538,100000,rush_hour,2596
2556,500,-33.86630988529542,4.622,5.008,193,114,0,0.2786442273982822,0.17801036585867405,100000,low_uniform,2597
2557,232,-144.74029615382756,48.67672413793103,49.793103448275865,259,50,1,0.2785049052845831,0.1785559980198741,100000,uneven,2598
2558,208,-110.27996908286502,44.8125,45.95192307692308,237,42,1,0.2783656528319408,0.1753757489272035,100000,rush_hour,2599
2559,500,-22.751904035117903,3.584,3.98,198,116,0,0.27822647000552486,0.17717619033157825,100000,low_uniform,2600
2560,104,-109.78112498004202,56.375,57.52884615384615,120,20,1,0.2780873567705221,0.1740340940797558,100000,high_uniform,2601
2561,96,-105.56538818782859,55.177083333333336,56.21875,100,22,1,0.27794831309213686,0.16778680379502475,100000,high_uniform,2602
2562,500,-152.95134690565592,38.346,39.456,555,105,0,0.2778093389355908,0.17794147381186484,100000,uniform_medium,2603
2563,257,-117.9854384393728,40.96887159533074,42.10894941634241,293,54,1,0.27767043426612303,0.17858497079476307,100000,uneven,2604
2564,102,-146.67813290474882,62.588235294117645,63.46078431372549,89,24,1,0.27753159904899,0.17150325978211328,100000,high_uniform,2605
2565,93,-101.05362985233428,49.02150537634409,49.935483870967744,85,21,1,0.2773928332494655,0.1749973939631575,100000,high_uniform,2606
2566,97,-83.57652902083596,44.55670103092783,45.577319587628864,99,23,1,0.2772541368328408,0.1762370333536384,100000,high_uniform,2607
2567,139,-108.52701345784038,45.32374100719424,46.280575539568346,133,33,1,0.2771155097644244,0.17821451544547254,100000,rush_hour,2608
2568,329,-191.04505050177224,49.08510638297872,50.23100303951368,377,70,1,0.2769769520095422,0.1795169780636631,100000,uneven,2609
2569,500,-109.37692090190083,34.876,36.02,572,102,0,0.2768384635335374,0.18235229478776455,100000,uniform_medium,2610
2570,97,-83.35092342011131,41.72164948453608,42.55670103092783,81,27,1,0.27670004430177064,0.18054874610040605,100000,rush_hour,2611
2571,113,-56.885432341011736,31.920353982300885,32.86725663716814,107,28,1,0.2765616942796198,0.17884676349637782,100000,rush_hour,2612
2572,119,-95.58179445041071,43.64705882352941,44.54621848739496,107,31,1,0.27642341343248,0.172524239586181,100000,rush_hour,2613
2573,279,-160.4837044004118,42.354838709677416,43.308243727598565,266,65,1,0.27628520172576376,0.17808366638998832,100000,uneven,2614
2574,365,-141.20251298453394,37.24109589041096,38.298630136986304,386,81,1,0.2761470591249009,0.1781020220828383,100000,uniform_medium,2615
2575,365,-149.73665245724206,41.345205479452055,42.465753424657535,409,78,1,0.2760089855953385,0.17954445254721055,100000,uneven,2616
2576,500,-74.10866275556046,30.892,32.03,569,103,0,0.2758709811025408,0.18303124618530273,100000,uniform_medium,2617
2577,500,-59.10670121890225,25.83,26.908,539,109,0,0.2757330456119896,0.18374603793025016,100000,uniform_medium,2618
2578,108,-120.21494663594669,63.31481481481482,64.51851851851852,130,21,1,0.2755951790891836,0.18509495313520785,100000,high_uniform,2619
2579,122,-46.68216722982704,26.918032786885245,27.934426229508198,124,30,1,0.275457381499639,0.17980120782969428,100000,rush_hour,2620
2580,79,-85.13896072717655,50.69620253164557,51.70886075949367,80,20,1,0.2753196528088892,0.17067975418854364,100000,high_uniform,2621
2581,298,-104.82616171607792,33.42953020134228,34.40268456375839,290,66,1,0.27518199298248475,0.18286504941498674,100000,uniform_medium,2622
2582,102,-81.35764862023419,49.294117647058826,50.529411764705884,126,17,1,0.2750444019859935,0.18449105578018168,100000,high_uniform,2623
2583,230,-112.98278193077839,39.62608695652174,40.608695652173914,226,49,1,0.2749068797850005,0.1840183579079483,100000,uniform_medium,2624
2584,256,-118.79838751373346,42.4609375,43.60546875,293,50,1,0.27476942634510804,0.1825132161611691,100000,uneven,2625
2585,500,-188.62452910372107,39.868,40.924,528,111,0,0.2746320416319355,0.1846865211725235,100000,uniform_medium,2626
2586,103,-107.01752490292527,54.63106796116505,55.71844660194175,112,21,1,0.27449472561111954,0.18305142527645074,100000,high_uniform,2627
2587,420,-179.62485767147916,42.59761904761905,43.714285714285715,469,87,1,0.27435747824831397,0.1908327224531344,100000,uniform_medium,2628
2588,487,-221.5336245553831,45.437371663244356,46.54209445585216,538,101,1,0.2742202995091898,0.18255423347502028,100000,uniform_medium,2629
2589,371,-222.12386877056105,49.60646900269542,50.71967654986523,413,80,1,0.2740831893594352,0.1828093807491652,100000,rush_hour,2630
2590,500,-117.57886425298992,34.172,35.274,551,108,0,0.2739461477647555,0.17862878516316413,100000,uniform_medium,2631
2591,500,-29.921714231068904,4.428,4.856,214,127,0,0.2738091746908731,0.18066323031485082,100000,low_uniform,2632
2592,500,-31.83796202123086,25.046,26.16,557,104,0,0.2736722701035277,0.18247591410577296,100000,uniform_medium,2633
2593,66,-87.02025389126732,43.34848484848485,43.96969696969697,41,18,1,0.27353543396847596,0.17561207045659874,100000,high_uniform,2634
2594,500,-39.37620291812105,3.942,4.322,190,129,0,0.27339866625149173,0.18325917902588845,100000,low_uniform,2635
2595,481,-191.3421937294105,39.36798336798337,40.42619542619543,509,110,1,0.273261966918366,0.18493582334625003,100000,uniform_medium,2636
2596,500,-31.42137162069768,4.472,4.864,196,115,0,0.27312533593490684,0.1869558138102293,100000,low_uniform,2637
2597,71,-71.295133866054,50.0,51.12676056338028,80,15,1,0.2729887732669394,0.182734640551285,100000,high_uniform,2638
2598,167,-87.38334574273904,38.31137724550898,39.34131736526946,172,38,1,0.27285227888030594,0.1859081612375682,100000,uneven,2639
2599,174,-94.44803771122584,38.07471264367816,39.10919540229885,180,41,1,0.2727158527408658,0.18400160231809506,100000,rush_hour,2640
2600,500,-16.502382428825882,22.182,23.296,557,108,0,0.2725794948144954,0.18006203420460223,100000,uniform_medium,2641
2601,170,-75.92095306060861,35.26470588235294,36.28823529411765,174,35,1,0.27244320506708813,0.18210720266489422,100000,rush_hour,2642
2602,402,-136.1641012745887,34.69402985074627,35.72636815920398,415,94,1,0.2723069834645546,0.18545709137077354,100000,uniform_medium,2643
2603,391,-136.7299549514037,37.43989769820972,38.56010230179028,438,83,1,0.2721708299728224,0.1860603377642229,100000,uneven,2644
2604,89,-70.55290203367926,44.37078651685393,45.561797752808985,106,14,1,0.272034744557836,0.1737941922096724,100000,high_uniform,2645
2605,210,-126.93072169508777,44.695238095238096,45.74761904761905,221,46,1,0.2718987271855571,0.18551092960295223,100000,uneven,2646
2606,183,-59.60379556678897,34.18032786885246,35.31147540983606,207,37,1,0.2717627778219643,0.1891911614462326,100000,uneven,2647
2607,88,-47.74436036074084,40.40909090909091,41.70454545454545,114,15,1,0.2716268964330533,0.1981027637693015,100000,high_uniform,2648
2608,500,-62.23383569913346,27.41,28.508,549,107,0,0.2714910829848368,0.188685193374753,100000,uniform_medium,2649
2609,67,-83.78767456605259,55.56716417910448,56.656716417910445,73,11,1,0.2713553374433444,0.18267548373386042,100000,high_uniform,2650
2610,410,-207.29643927729026,52.11951219512195,53.35121951219512,505,74,1,0.27121965977462276,0.18829894800011704,100000,rush_hour,2651
2611,114,-66.72239384357349,37.824561403508774,38.86842105263158,119,22,1,0.27108404994473545,0.17796413312878526,100000,rush_hour,2652
2612,86,-43.88033086368195,29.151162790697676,30.232558139534884,93,18,1,0.2709485079197631,0.18952084315377613,100000,rush_hour,2653
2613,500,-38.171006736250916,4.11,4.506,198,130,0,0.2708130336658032,0.19154097537696363,100000,low_uniform,2654
2614,83,-107.55656624729721,55.27710843373494,56.21686746987952,78,20,1,0.2706776271489703,0.1916669284004763,100000,high_uniform,2655
2615,500,-31.29108639439115,3.898,4.308,205,129,0,0.27054228833539584,0.19258258207142354,100000,low_uniform,2656
2616,324,-102.1310813428036,34.91358024691358,36.02469135802469,360,68,1,0.27040701719122817,0.18935606706841493,100000,uneven,2657
2617,133,-59.71073564254607,34.278195488721806,35.30075187969925,136,29,1,0.2702718136826326,0.1894657182178103,100000,rush_hour,2658
2618,500,-32.44970212125791,4.918,5.312,197,112,0,0.2701366777757913,0.1864526309669018,100000,low_uniform,2659
2619,117,-59.94484351077451,35.22222222222222,36.256410256410255,121,25,1,0.27000160943690343,0.1850501642140568,100000,uneven,2660
2620,90,-70.51648497943695,36.37777777777778,37.18888888888889,73,26,1,0.269866608632185,0.18726735628313487,100000,rush_hour,2661
2621,318,-204.7811945298408,56.26729559748428,57.471698113207545,383,62,1,0.2697316753278689,0.18640202663417133,100000,rush_hour,2662
2622,500,-93.78534026031114,30.908,32.004,548,102,0,0.269596809490205,0.18582950465381146,100000,uniform_medium,2663
2623,500,-38.32749436070764,4.21,4.594,192,122,0,0.2694620110854599,0.1833953759521246,100000,low_uniform,2664
2624,298,-209.68587481869065,54.67785234899329,55.75503355704698,321,64,1,0.2693272800799172,0.1822982250444041,100000,rush_hour,2665
2625,116,-84.2357648636965,39.98275862068966,40.956896551724135,113,29,1,0.26919261643987724,0.19488552861429495,100000,rush_hour,2666
2626,92,-86.68325041449587,50.17391304347826,51.29347826086956,103,16,1,0.2690580201316573,0.1852496207246314,100000,high_uniform,2667
2627,158,-98.96699126000968,40.86708860759494,41.90506329113924,164,36,1,0.2689234911215915,0.1874125360310832,100000,rush_hour,2668
2628,500,-48.01533625951206,5.436,5.826,195,125,0,0.2687890293760307,0.1834215203523636,100000,low_uniform,2669
2629,209,-91.94270975084387,40.08133971291866,41.2200956937799,238,42,1,0.2686546348613427,0.17868665341983,100000,uneven,2670
2630,500,-29.736495528618814,5.084,5.554,235,129,0,0.26852030754391204,0.18381562899053097,100000,low_uniform,2671
2631,500,-184.7918662061452,42.34,43.514,587,96,0,0.2683860473901401,0.18397448834776878,100000,rush_hour,2672
2632,148,-93.26118643081762,40.4054054054054,41.4054054054054,148,34,1,0.26825185436644505,0.1792710633394686,100000,uneven,2673
2633,162,-134.05117251889845,48.22839506172839,49.160493827160494,151,42,1,0.26811772843926185,0.18035664653152594,100000,rush_hour,2674
2634,143,-118.00443006188891,58.69230769230769,59.88811188811189,171,23,1,0.2679836695750422,0.17718857250638775,100000,high_uniform,2675
2635,500,-39.296223564707,4.65,5.002,176,110,0,0.2678496777402547,0.18165439814329148,100000,low_uniform,2676
2636,500,-37.16852455479792,4.664,5.072,204,125,0,0.2677157529013846,0.18178324565291404,100000,low_uniform,2677
2637,500,-76.19259724712532,29.212,30.31,549,106,0,0.2675818950249339,0.18275399307906628,100000,uniform_medium,2678
2638,139,-49.56781111524899,29.453237410071942,30.510791366906474,147,33,1,0.2674481040774214,0.18546207908460563,100000,uneven,2679
2639,500,-22.002268919564738,3.934,4.332,199,113,0,0.2673143800253827,0.18108030231297015,100000,low_uniform,2680
2640,414,-170.53430915242285,46.072463768115945,47.292270531400966,505,74,1,0.26718072283537003,0.18526099199330173,100000,rush_hour,2681
2641,500,-139.25914734102872,39.746,40.938,596,98,0,0.26704713247395234,0.1849040540009737,100000,uniform_medium,2682
2642,116,-111.12286071871164,55.88793103448276,57.077586206896555,138,22,1,0.26691360890771537,0.18625667787574487,100000,high_uniform,2683
2643,500,-110.34862933153636,35.276,36.438,581,102,0,0.2667801521032615,0.1866421978622675,100000,uniform_medium,2684
2644,93,-101.3131203574881,54.10752688172043,55.17204301075269,99,21,1,0.2666467620272099,0.18543595532255788,100000,high_uniform,2685
2645,85,-94.61921554195976,57.48235294117647,58.65882352941176,100,16,1,0.2665134386461963,0.1832572266459465,100000,high_uniform,2686
2646,500,-15.232747603893333,3.582,3.976,197,106,0,0.26638018192687324,0.18635488757491112,100000,low_uniform,2687
2647,89,-117.58828540609163,59.95505617977528,60.8876404494382,83,23,1,0.26624699183590983,0.1937871833195847,100000,high_uniform,2688
2648,211,-82.88580888732587,33.66350710900474,34.70616113744076,220,47,1,0.2661138683399919,0.1843515123589344,100000,uneven,2689
2649,156,-90.13454314405331,39.16025641025641,40.17948717948718,159,34,1,0.2659808114058219,0.18631004040630963,100000,rush_hour,2690
2650,500,-147.94750727112114,39.078,40.238,580,101,0,0.265847821000119,0.18513032922148703,100000,uniform_medium,2691
2651,186,-81.32381668861402,39.086021505376344,40.263440860215056,219,36,1,0.26571489708961893,0.19322132892025415,100000,rush_hour,2692
2652,231,-178.11786624121004,53.64935064935065,54.65800865800866,233,55,1,0.26558203964107413,0.18216783111487633,100000,rush_hour,2693
2653,132,-76.73187288005555,41.75757575757576,42.88636363636363,149,27,1,0.26544924862125363,0.18075185963376003,100000,rush_hour,2694
2654,500,-154.27122343887726,35.336,36.418,541,109,0,0.265316523996943,0.18472928881645204,100000,uniform_medium,2695
2655,101,-74.58238710488057,38.31683168316832,39.23762376237624,93,27,1,0.26518386573494457,0.18919681647036335,100000,rush_hour,2696
2656,79,-104.97634898172441,49.063291139240505,49.822784810126585,60,21,1,0.2650512738020771,0.18692917669121223,100000,high_uniform,2697
2657,500,-38.39478011378617,4.658,5.062,202,128,0,0.2649187481651761,0.18742081941664218,100000,low_uniform,2698
2658,500,-216.11362489590178,41.1,42.124,512,119,0,0.2647862887910935,0.18307711730897427,100000,uniform_medium,2699
2659,364,-210.7063915096992,50.49175824175824,51.64835164835165,421,75,1,0.26465389564669795,0.19048593502368902,100000,uneven,2700
2660,500,-28.356230626149152,5.36,5.8,220,117,0,0.2645215686988746,0.187198654666543,100000,low_uniform,2701
2661,83,-100.27281717032109,55.626506024096386,56.68674698795181,88,18,1,0.2643893079145252,0.1780502676784274,100000,high_uniform,2702
2662,148,-95.47128315781565,44.479729729729726,45.50675675675676,152,35,1,0.26425711326056794,0.18683301954454667,100000,uneven,2703
2663,500,-15.204407584900071,4.118,4.564,223,116,0,0.2641249847039377,0.18610106618702413,100000,low_uniform,2704
2664,75,-122.78740981607271,61.586666666666666,62.4,61,19,1,0.2639929222115857,0.1917550880710284,100000,high_uniform,2705
2665,500,-169.63266476930008,37.318,38.382,532,104,0,0.2638609257504799,0.1829030771702528,100000,uniform_medium,2706
2666,85,-91.113605551775,49.741176470588236,50.741176470588236,85,21,1,0.2637289952876047,0.19104309695608476,100000,high_uniform,2707
2667,500,-112.181055836685,32.392,33.51,559,104,0,0.2635971307899609,0.18759896266460419,100000,uniform_medium,2708
2668,433,-191.08286456299484,46.39722863741339,47.57274826789838,509,85,1,0.2634653322245659,0.19013751872899076,100000,rush_hour,2709
2669,500,-46.76795621865691,4.964,5.326,181,119,0,0.26333359955845365,0.18757789774239064,100000,low_uniform,2710
2670,202,-120.85490231250422,45.33168316831683,46.4009900990099,216,45,1,0.26320193275867443,0.19301229719035695,100000,rush_hour,2711
2671,218,-109.13037299152195,40.22018348623853,41.25229357798165,225,51,1,0.2630703317922951,0.1853212248704849,100000,uneven,2712
2672,120,-67.54032198672131,37.958333333333336,39.00833333333333,126,26,1,0.26293879662639896,0.18490640750775736,100000,rush_hour,2713
2673,163,-86.76096256127211,42.938650306748464,44.09815950920245,189,32,1,0.26280732722808575,0.19695944860120493,100000,rush_hour,2714
2674,500,-29.199225633672256,3.948,4.36,206,125,0,0.2626759235644717,0.1868586624711752,100000,low_uniform,2715
2675,441,-263.27012071225613,53.140589569160994,54.26757369614513,497,88,1,0.2625445856026895,0.18980689983722035,100000,rush_hour,2716
2676,86,-112.9853738046965,55.72093023255814,56.651162790697676,80,22,1,0.26241331330988815,0.18164888760724732,100000,high_uniform,2717
2677,184,-84.75224075520764,39.53804347826087,40.619565217391305,199,36,1,0.2622821066532332,0.1919670627735879,100000,rush_hour,2718
2678,344,-144.976217168814,47.741279069767444,49.002906976744185,434,61,1,0.2621509655999066,0.1844341877717958,100000,rush_hour,2719
2679,71,-68.25517133901951,47.056338028169016,48.183098591549296,80,15,1,0.26201989011710664,0.20406395795059876,100000,high_uniform,2720
2680,500,-139.66087091107892,35.7,36.8,550,108,0,0.2618888801720481,0.19063698533177376,100000,uniform_medium,2721
2681,500,-29.655769750191073,4.624,5.016,196,109,0,0.2617579357319621,0.1928334821462631,100000,low_uniform,2722
2682,500,-37.19789802286039,3.97,4.33,180,120,0,0.26162705676409614,0.1926377195417881,100000,low_uniform,2723
2683,500,-56.03277331354049,26.998,28.102,552,104,0,0.26149624323571413,0.18706079877912998,100000,uniform_medium,2724
2684,307,-127.22912286504359,45.94462540716612,47.159609120521175,373,58,1,0.2613654951140963,0.185882617965195,100000,rush_hour,2725
2685,95,-82.55707280991342,45.34736842105263,46.45263157894737,105,20,1,0.2612348123665393,0.18788919041031285,100000,high_uniform,2726
2686,85,-92.53477710128533,48.62352941176471,49.588235294117645,82,16,1,0.26110419496035603,0.19326384286670123,100000,high_uniform,2727
2687,500,-89.41036200728172,29.25,30.342,546,109,0,0.2609736428628759,0.1914913579672575,100000,uniform_medium,2728
2688,101,-63.81837693189778,46.772277227722775,48.04950495049505,129,14,1,0.2608431560414445,0.1970618183512499,100000,high_uniform,2729
2689,181,-144.1017483292193,47.209944751381215,48.12707182320442,166,46,1,0.26071273446342375,0.18913421462912586,100000,uneven,2730
2690,145,-117.70173566759122,46.262068965517244,47.172413793103445,132,38,1,0.26058237809619206,0.18609575398009398,100000,rush_hour,2731
2691,208,-140.20229453974852,50.92788461538461,52.01442307692308,226,43,1,0.260452086907144,0.1955165653131329,100000,uneven,2732
2692,482,-227.89757252433373,46.07053941908714,47.21784232365145,553,98,1,0.2603218608636904,0.19163868449535607,100000,uneven,2733
2693,151,-66.95063020884676,34.52317880794702,35.5364238410596,153,31,1,0.2601916999332586,0.18656309309187313,100000,rush_hour,2734
2694,71,-87.56205944689493,55.732394366197184,56.76056338028169,73,14,1,0.260061604083292,0.20465011936678013,100000,high_uniform,2735
2695,123,-58.625217254412405,30.528455284552845,31.54471544715447,125,25,1,0.2599315732812503,0.19265875729118906,100000,rush_hour,2736
2696,449,-159.31732717353435,38.40089086859688,39.483296213808465,486,99,1,0.25980160749460973,0.18800037131875022,100000,uniform_medium,2737
2697,500,-38.735114281730006,3.364,3.716,176,125,0,0.2596717066908624,0.19174665725231171,100000,low_uniform,2738
2698,77,-73.8194352685494,39.23376623376623,40.23376623376623,77,18,1,0.259541870837517,0.19189152053811334,100000,high_uniform,2739
2699,500,-32.17556857148499,4.644,5.042,199,116,0,0.25941209990209824,0.1883883807659149,100000,low_uniform,2740
2700,500,-20.564439776402825,4.08,4.494,207,112,0,0.2592823938521472,0.1854383195489645,100000,low_uniform,2741
2701,161,-80.11504800293511,35.1055900621118,36.130434782608695,165,38,1,0.25915275265522114,0.1851874635271404,100000,rush_hour,2742
2702,488,-177.93665864961767,42.692622950819676,43.89344262295082,586,97,1,0.25902317627889354,0.18853256952200756,100000,uneven,2743
2703,500,-183.75161969906918,37.494,38.54,523,117,0,0.2588936646907541,0.18769676984846592,100000,uniform_medium,2744
2704,157,-96.99118601405392,45.732484076433124,46.82802547770701,172,30,1,0.25876421785840875,0.18122011589206707,100000,rush_hour,2745
2705,500,-17.675756748044186,4.094,4.476,191,99,0,0.25863483574947954,0.1876220057159662,100000,low_uniform,2746
2706,500,-240.77676415150975,47.864,48.974,555,108,0,0.2585055183316048,0.18796394719183446,100000,uniform_medium,2747
2707,237,-102.24744358175626,37.0126582278481,38.050632911392405,246,52,1,0.258376265572439,0.1927488447807509,100000,uneven,2748
2708,500,-147.85844189046387,36.73,37.828,549,108,0,0.25824707743965275,0.18588421322405338,100000,uniform_medium,2749
2709,319,-119.16634425691211,35.294670846394986,36.373040752351095,344,70,1,0.25811795390093295,0.18266045164351927,100000,uneven,2750
2710,103,-100.01066387534935,42.57281553398058,43.33009708737864,78,30,1,0.2579888949239825,0.1911282401206424,100000,rush_hour,2751
2711,500,-26.196678347470584,4.202,4.598,198,113,0,0.2578599004765206,0.19171312615275382,100000,low_uniform,2752
2712,500,-37.48646416661746,3.724,4.1,188,127,0,0.25773097052628235,0.19132714357972144,100000,low_uniform,2753
2713,500,-163.25363381759402,40.262,41.46,599,99,0,0.2576021050410192,0.19176195254921913,100000,rush_hour,2754
2714,102,-126.7836441414519,61.28431372549019,62.36274509803921,110,23,1,0.2574733039884987,0.19516141493530834,100000,high_uniform,2755
2715,123,-104.03730273711426,55.699186991869915,57.0,160,21,1,0.25734456733650446,0.19128920471038274,100000,high_uniform,2756
2716,102,-89.76872425447829,49.78431372549019,50.98039215686274,122,20,1,0.2572158950528362,0.1935733692610965,100000,high_uniform,2757
2717,80,-88.50277653639101,49.6875,50.6625,78,20,1,0.2570872871053098,0.19717152686789632,100000,high_uniform,2758
2718,283,-136.95243188693303,41.03180212014134,42.11660777385159,307,62,1,0.2569587434617572,0.19223191894511873,100000,uneven,2759
2719,88,-91.6741133251171,57.26136363636363,58.5,109,17,1,0.2568302640900263,0.20056638290936296,100000,high_uniform,2760
2720,500,-27.45403879997575,4.688,5.1,206,115,0,0.2567018489579813,0.19209543378651142,100000,low_uniform,2761
2721,322,-130.7098983246214,37.850931677018636,38.94409937888199,352,69,1,0.2565734980335023,0.19186307587053464,100000,uneven,2762
2722,372,-257.7262597271614,58.55913978494624,59.736559139784944,438,74,1,0.2564452112844856,0.1974536856456149,100000,uneven,2763
2723,500,-30.01768261351188,4.356,4.758,201,117,0,0.2563169886788434,0.1987363857626915,100000,low_uniform,2764
2724,500,-147.6676609831898,39.156,40.302,573,103,0,0.256188830184504,0.19684200564026832,100000,uniform_medium,2765
2725,352,-185.29822609586495,52.78693181818182,54.03409090909091,439,63,1,0.25606073576941174,0.19685755560005253,100000,uneven,2766
2726,204,-71.7980576985699,33.681372549019606,34.78431372549019,225,40,1,0.25593270540152707,0.1962335410290489,100000,uneven,2767
2727,500,-27.255382022415127,4.88,5.288,204,110,0,0.25580473904882634,0.19465411514043807,100000,low_uniform,2768
2728,500,-19.33467810532531,3.776,4.168,196,108,0,0.2556768366793019,0.19118657875061035,100000,low_uniform,2769
2729,80,-70.00787110879445,46.4625,47.6625,96,14,1,0.2555489982609623,0.18600370306521655,100000,high_uniform,2770
2730,69,-80.24071647095977,49.768115942028984,50.81159420289855,72,16,1,0.2554212237618318,0.18199903258810873,100000,high_uniform,2771
2731,422,-162.02150979966473,44.25592417061611,45.49526066350711,523,78,1,0.2552935131499509,0.19319077146844277,100000,rush_hour,2772
2732,113,-112.97171509725001,59.75221238938053,60.97345132743363,138,21,1,0.25516586639337596,0.2033479853277713,100000,high_uniform,2773
2733,142,-64.24917676425385,35.894366197183096,36.985915492957744,155,30,1,0.25503828346017926,0.19352767186265596,100000,rush_hour,2774
2734,486,-167.96093887181254,35.940329218106996,36.97325102880659,502,108,1,0.25491076431844917,0.1942432996636801,100000,uniform_medium,2775
2735,100,-103.81786085084852,55.23,56.38,115,21,1,0.25478330893629,0.1846472420543432,100000,high_uniform,2776
2736,500,-39.93141713709641,4.782,5.192,205,128,0,0.25465591728182185,0.19724937610328197,100000,low_uniform,2777
2737,80,-98.41226371032086,55.275,56.2375,77,18,1,0.25452858932318095,0.19427891485393048,100000,high_uniform,2778
2738,500,-42.091468840704316,4.022,4.384,181,124,0,0.25440132502851937,0.19392240703105926,100000,low_uniform,2779
2739,84,-79.31980143996702,54.75,56.05952380952381,110,13,1,0.2542741243660051,0.18973574805117788,100000,high_uniform,2780
2740,500,-179.40911588501294,40.736,41.856,560,105,0,0.2541469873038221,0.18961444310843945,100000,uniform_medium,2781
2741,500,-29.46439556474445,3.618,3.978,180,113,0,0.25401991381017025,0.18929269947111607,100000,low_uniform,2782
2742,500,-26.87982258358769,4.372,4.794,211,121,0,0.2538929038532652,0.19215251125395297,100000,low_uniform,2783
2743,95,-117.10729454119117,61.16842105263158,62.294736842105266,107,20,1,0.25376595740133856,0.18892829245642612,100000,high_uniform,2784
2744,216,-139.4106951037711,50.263888888888886,51.38425925925926,242,45,1,0.2536390744226379,0.1944555532946079,100000,rush_hour,2785
2745,500,-18.302353536418526,3.532,3.932,200,110,0,0.25351225488542656,0.1908435959815979,100000,low_uniform,2786
2746,143,-134.06022936713984,54.78321678321678,55.93706293706294,165,26,1,0.2533854987579839,0.19673466031159553,100000,high_uniform,2787
2747,500,-169.3186368016901,40.454,41.564,555,107,0,0.2532588060086049,0.1940962072610855,100000,uniform_medium,2788
2748,150,-92.04446982561186,42.48,43.513333333333335,155,30,1,0.2531321766056006,0.19670609017213186,100000,rush_hour,2789
2749,70,-90.45795044418554,53.2,54.22857142857143,72,16,1,0.2530056105172978,0.19490109086036683,100000,high_uniform,2790
2750,79,-57.93814643544345,33.936708860759495,34.77215189873418,66,20,1,0.2528791077120392,0.198683216319054,100000,rush_hour,2791
2751,500,-88.67688311021209,32.05,33.196,573,101,0,0.2527526681581832,0.188174334526062,100000,uniform_medium,2792
2752,500,-42.6813520323477,4.474,4.86,193,130,0,0.2526262918241041,0.19290074494481085,100000,low_uniform,2793
2753,71,-60.17049432291836,44.38028169014085,45.563380281690144,84,13,1,0.25249997867819207,0.19411928332607511,100000,high_uniform,2794
2754,219,-99.58914234046892,40.04109589041096,41.1689497716895,247,44,1,0.252373728688853,0.1968830085984648,100000,uneven,2795
2755,114,-70.86592378098295,36.25438596491228,37.20175438596491,108,29,1,0.2522475418245086,0.20122744018832842,100000,rush_hour,2796
2756,500,-195.80806892301854,45.074,46.27,598,98,0,0.25212141805359634,0.19320348650217056,100000,rush_hour,2797
2757,221,-165.91308924313165,53.90045248868778,54.98642533936651,240,45,1,0.25199535734456957,0.1946246895719977,100000,rush_hour,2798
2758,261,-160.6162855818507,45.486590038314176,46.509578544061306,267,62,1,0.2518693596658973,0.1962916700890238,100000,uneven,2799
2759,500,-279.7068093273895,51.43,52.56,565,103,0,0.25174342498606433,0.19631671684980392,100000,uniform_medium,2800
2760,79,-74.83257723167867,43.0,43.9746835443038,77,18,1,0.2516175532735713,0.1918782936055449,100000,high_uniform,2801
2761,500,-27.697173441415003,5.16,5.61,225,119,0,0.25149174449693457,0.19296996250748635,100000,low_uniform,2802
2762,91,-78.69921911968802,49.32967032967033,50.53846153846154,110,14,1,0.2513659986246861,0.20039011382467145,100000,high_uniform,2803
2763,474,-160.99712558209046,35.43248945147679,36.5,506,108,1,0.2512403156253738,0.18930065517121225,100000,uniform_medium,2804
2764,500,-29.504676477835865,4.098,4.492,197,116,0,0.2511146954675611,0.19073509407043457,100000,low_uniform,2805
2765,500,-36.76043305676118,25.86,26.986,563,93,0,0.2509891381198273,0.18847137181460857,100000,uniform_medium,2806
2766,80,-70.85714077064722,48.1375,49.3125,94,16,1,0.2508636435507674,0.18973201159387826,100000,high_uniform,2807
2767,500,-59.30147748149371,26.016,27.096,540,102,0,0.250738211728992,0.18918065959215163,100000,uniform_medium,2808
2768,207,-80.59072885054441,41.38164251207729,42.608695652173914,254,40,1,0.25061284262312755,0.18657759022741502,100000,rush_hour,2809
2769,83,-103.24721066385017,57.04819277108434,58.19277108433735,95,18,1,0.250487536201816,0.1778867244720459,100000,high_uniform,2810
2770,496,-185.32023758713964,43.53629032258065,44.75,602,91,1,0.2503622924337151,0.18745247711757979,100000,rush_hour,2811
2771,307,-113.64285871516405,36.05211726384365,37.09771986970684,321,67,1,0.25023711128749826,0.19157583751876503,100000,uneven,2812
2772,500,-21.946656073394905,3.824,4.246,211,118,0,0.2501119927318545,0.18819479261338712,100000,low_uniform,2813
2773,320,-90.18642058382835,34.578125,35.725,367,66,1,0.2499869367354886,0.19477548412978649,100000,uniform_medium,2814
2774,285,-153.38478425385665,45.589473684210525,46.62456140350877,295,60,1,0.24986194326712088,0.18661306022029173,100000,uneven,2815
2775,106,-115.92207388850228,59.971698113207545,61.160377358490564,126,19,1,0.24973701229548734,0.20158449785327012,100000,high_uniform,2816
2776,500,-31.603212426201086,22.702,23.762,530,103,0,0.2496121437893396,0.1917117141932249,100000,uniform_medium,2817
2777,85,-95.25148223781926,52.49411764705882,53.6,94,18,1,0.24948733771744494,0.19200220370993895,100000,high_uniform,2818
2778,196,-123.50971214758367,48.35204081632653,49.43877551020408,213,42,1,0.24936259404858624,0.18684237119646704,100000,rush_hour,2819
2779,500,-138.72131357967208,37.006,38.134,564,103,0,0.24923791275156196,0.19763975822925567,100000,uniform_medium,2820
2780,500,-45.30344818975914,4.606,5.0,197,132,0,0.24911329379518618,0.1932695679664612,100000,low_uniform,2821
2781,500,-86.26516898637611,31.068,32.222,577,103,0,0.2489887371482886,0.1935272827297449,100000,uniform_medium,2822
2782,432,-320.5757322318896,62.050925925925924,63.226851851851855,508,86,1,0.24886424277971447,0.19541243479276696,100000,rush_hour,2823
2783,192,-90.38850346965253,34.0625,35.03125,186,42,1,0.24873981065832462,0.1911101945055028,100000,uneven,2824
2784,500,-81.6248006004459,32.176,33.358,591,94,0,0.24861544075299546,0.19467228697240352,100000,rush_hour,2825
2785,417,-230.74187068559374,53.18705035971223,54.405275779376495,508,78,1,0.248491133032619,0.18704145215898396,100000,rush_hour,2826
2786,500,-30.20522668285701,5.052,5.512,230,130,0,0.2483668874661027,0.19410422614216805,100000,low_uniform,2827
2787,500,-49.374848425371766,25.86,26.95,545,106,0,0.24824270402236964,0.1923179939687252,100000,uniform_medium,2828
2788,500,-41.71349989336685,3.838,4.188,175,123,0,0.24811858267035847,0.18945940974354744,100000,low_uniform,2829
2789,500,-32.0463410185621,3.878,4.264,193,118,0,0.2479945233790233,0.19478646717965603,100000,low_uniform,2830
2790,97,-65.32718482981585,34.72164948453608,35.71134020618557,96,24,1,0.24787052611733382,0.19590371562955305,100000,rush_hour,2831
2791,465,-201.40229702484203,44.73548387096774,45.888172043010755,536,93,1,0.24774659085427517,0.1900838849845753,100000,rush_hour,2832
2792,500,-27.56272110659113,4.282,4.642,180,103,0,0.24762271755884804,0.19218043006956578,100000,low_uniform,2833
2793,247,-86.52971018360134,38.26315789473684,39.4251012145749,287,46,1,0.24749890620006865,0.19595341251687964,100000,uneven,2834
2794,114,-76.90525105563513,44.63157894736842,45.86842105263158,141,20,1,0.24737515674696864,0.18436894591963082,100000,high_uniform,2835
2795,500,-29.766813116687576,4.046,4.438,196,115,0,0.24725146916859517,0.1891788203716278,100000,low_uniform,2836
2796,90,-51.18958564939405,33.0,33.96666666666667,87,18,1,0.2471278434340109,0.18474632559551132,100000,rush_hour,2837
2797,489,-155.0050161582583,37.558282208588956,38.68711656441718,552,102,1,0.2470042795122939,0.18653171600922486,100000,rush_hour,2838
2798,88,-127.94140574064362,61.76136363636363,62.77272727272727,89,21,1,0.24688077737253777,0.18870356314900247,100000,high_uniform,2839
2799,232,-151.63361174012465,50.25,51.3448275862069,254,51,1,0.24675733698385152,0.18740884005894948,100000,uneven,2840
2800,500,-107.68679646687454,32.228,33.316,544,107,0,0.2466339583153596,0.1897107221931219,100000,uniform_medium,2841
2801,196,-154.3651167358355,54.51020408163265,55.535714285714285,201,47,1,0.24651064133620196,0.19202005441243553,100000,uneven,2842
2802,65,-72.79585282954392,46.33846153846154,47.33846153846154,65,13,1,0.24638738601553387,0.19599736447517688,100000,high_uniform,2843
2803,346,-148.12683071637417,43.46820809248555,44.61271676300578,396,68,1,0.2462641923225261,0.19678141357581738,100000,rush_hour,2844
2804,500,-29.245816894079518,4.608,5.018,205,117,0,0.24614106022636487,0.19024286702275275,100000,low_uniform,2845
2805,500,-23.34647408404461,3.292,3.67,189,113,0,0.2460179896962517,0.1909444913417101,100000,low_uniform,2846
2806,117,-68.49544549564843,39.2991452991453,40.41880341880342,131,25,1,0.2458949807014036,0.19206495118192118,100000,rush_hour,2847
2807,500,-83.92544650976828,27.762,28.826,532,112,0,0.2457720332110529,0.19333508396148683,100000,uniform_medium,2848
2808,500,-58.95072967549467,24.292,25.33,519,110,0,0.2456491471944474,0.19117395709455012,100000,uniform_medium,2849
2809,188,-72.22561421857793,34.558510638297875,35.648936170212764,205,40,1,0.24552632262085017,0.19372881933095606,100000,uneven,2850
2810,500,-29.52241596918535,3.904,4.23,163,97,0,0.24540355945953976,0.1936001005321741,100000,low_uniform,2851
2811,109,-96.7600043986526,47.321100917431195,48.44954128440367,123,23,1,0.24528085767981,0.18887114148894582,100000,high_uniform,2852
2812,241,-131.25464698694273,44.053941908713696,45.08298755186722,248,55,1,0.24515821725097012,0.19060927459436827,100000,uniform_medium,2853
2813,500,-26.368670945176483,4.438,4.882,222,126,0,0.24503563814234464,0.18926698991656304,100000,low_uniform,2854
2814,128,-115.83034505475916,54.9921875,56.0234375,132,30,1,0.24491312032327348,0.19917842582799494,100000,rush_hour,2855
2815,500,-14.736097331931806,3.834,4.192,179,89,0,0.24479066376311184,0.1873610887825489,100000,low_uniform,2856
2816,500,-15.863954676130447,3.39,3.784,197,109,0,0.2446682684312303,0.1870787155330181,100000,low_uniform,2857
2817,230,-143.44448311094285,48.83913043478261,49.93043478260869,251,49,1,0.24454593429701468,0.19218553126506183,100000,uneven,2858
2818,500,-194.7617175250089,46.086,47.308,611,91,0,0.24442366132986618,0.1902519363462925,100000,rush_hour,2859
2819,500,-24.570336790643164,4.078,4.472,197,109,0,0.24430144949920127,0.1926729996651411,100000,low_uniform,2860
2820,500,-100.69334885958747,32.418,33.586,584,98,0,0.2441792987744517,0.18539452387392522,100000,uneven,2861
2821,97,-105.29198635718818,54.597938144329895,55.670103092783506,104,21,1,0.24405720912506448,0.19484674523478931,100000,high_uniform,2862
2822,422,-195.1235110238013,44.81042654028436,45.95734597156398,484,86,1,0.24393518052050198,0.1901317353391252,100000,rush_hour,2863
2823,500,-43.23086693207525,3.808,4.162,177,126,0,0.24381321293024175,0.19020123668015004,100000,low_uniform,2864
2824,396,-137.26119890958321,41.19444444444444,42.406565656565654,480,75,1,0.24369130632377664,0.19170381653715263,100000,rush_hour,2865
2825,249,-123.3313135922752,43.389558232931726,44.493975903614455,275,55,1,0.24356946067061477,0.18755399714033288,100000,uneven,2866
2826,130,-64.45124642436299,42.238461538461536,43.41538461538462,153,24,1,0.24344767594027947,0.1834413014925443,100000,rush_hour,2867
2827,500,-59.27265188698912,24.592,25.626,517,109,0,0.24332595210230934,0.1859301328510046,100000,uniform_medium,2868
2828,452,-188.7151734262598,47.02212389380531,48.25442477876106,557,82,1,0.2432042891262582,0.1929148516032548,100000,rush_hour,2869
2829,104,-56.91661185771046,33.80769230769231,34.78846153846154,102,23,1,0.24308268698169508,0.18884440704893607,100000,uneven,2870
2830,500,-38.16389566457626,4.306,4.66,177,113,0,0.24296114563820426,0.1888014024347067,100000,low_uniform,2871
2831,431,-202.22877783436144,46.501160092807424,47.65429234338747,497,90,1,0.24283966506538518,0.19086560921574966,100000,rush_hour,2872
2832,192,-101.00015158299342,37.864583333333336,38.880208333333336,195,41,1,0.24271824523285251,0.19555731738607088,100000,uneven,2873
2833,500,-227.85136970941977,47.238,48.41,586,99,0,0.2425968861102361,0.19144313979148864,100000,uniform_medium,2874
2834,102,-102.82141541156648,54.84313725490196,56.009803921568626,119,20,1,0.242475587667181,0.19534127246223243,100000,high_uniform,2875
2835,500,-238.18759235516208,46.878,47.994,558,104,0,0.24235434987334742,0.19330872750282288,100000,uniform_medium,2876
2836,95,-112.32820614694545,60.2,61.28421052631579,103,17,1,0.24223317269841077,0.1953625683721743,100000,high_uniform,2877
2837,147,-124.39577069261713,48.857142857142854,49.843537414965986,145,33,1,0.24211205611206157,0.1963718567981201,100000,rush_hour,2878
2838,183,-69.51002039150468,37.91803278688525,39.08196721311475,213,29,1,0.24199100008400556,0.19989357774700622,100000,rush_hour,2879
2839,461,-210.30913287762584,45.08676789587852,46.197396963123644,512,95,1,0.24187000458396357,0.19368549145418754,100000,uniform_medium,2880
2840,133,-104.9973720025884,47.443609022556394,48.45864661654135,135,30,1,0.2417490695816716,0.19766437200675332,100000,rush_hour,2881
2841,73,-41.48723848366242,37.45205479452055,38.71232876712329,92,11,1,0.2416281950468808,0.20014384756349538,100000,high_uniform,2882
2842,220,-117.64606224085301,41.095454545454544,42.1,221,53,1,0.24150738094935736,0.19721783372488888,100000,uneven,2883
2843,240,-115.60450563554865,38.69166666666667,39.75,254,55,1,0.24138662725888269,0.19437256483361126,100000,uneven,2884
2844,82,-101.67106337677664,60.68292682926829,61.84146341463415,95,15,1,0.24126593394525325,0.18927742377287005,100000,high_uniform,2885
2845,133,-123.94948578034153,61.00751879699248,62.278195488721806,169,23,1,0.24114530097828063,0.19031525632940738,100000,high_uniform,2886
2846,73,-63.39512444163547,39.863013698630134,40.87671232876713,74,15,1,0.2410247283277915,0.2004744912663551,100000,high_uniform,2887
2847,463,-79.32757713167031,29.488120950323975,30.622030237580994,525,91,1,0.24090421596362763,0.19928081784212306,100000,rush_hour,2888
2848,500,-52.22616204801965,28.728,29.882,577,102,0,0.24078376385564582,0.19940408819913863,100000,uniform_medium,2889
2849,481,-177.00950703802735,39.83575883575884,40.91891891891892,521,100,1,0.240663371973718,0.20151987561874726,100000,uniform_medium,2890
2850,351,-141.6614538539201,37.30769230769231,38.36752136752137,372,78,1,0.24054304028773116,0.20119234579920428,100000,uniform_medium,2891
2851,500,-21.52325562373973,4.358,4.79,216,114,0,0.2404227687675873,0.2007115622907877,100000,low_uniform,2892
2852,500,-71.55178935356642,30.656,31.804,574,99,0,0.24030255738320352,0.19717129255831242,100000,uniform_medium,2893
2853,500,-15.847131179995213,4.226,4.644,209,106,0,0.24018240610451194,0.20074618045985698,100000,low_uniform,2894
2854,500,-17.637786495966576,4.07,4.472,201,105,0,0.2400623149014597,0.19511768010258673,100000,low_uniform,2895
2855,500,-104.26718610935018,37.484,38.744,630,87,0,0.239942283744009,0.19386019618809222,100000,uneven,2896
2856,500,-31.000945209230434,3.056,3.424,184,122,0,0.23982231260213702,0.19669174091517924,100000,low_uniform,2897
2857,94,-107.11834604513538,50.45744680851064,51.40425531914894,89,23,1,0.23970240144583596,0.19743942485210744,100000,high_uniform,2898
2858,216,-97.08650572520403,40.5787037037037,41.69444444444444,241,44,1,0.23958255024511305,0.19585711943606535,100000,uneven,2899
2859,196,-81.8362511569252,38.08673469387755,39.17857142857143,214,42,1,0.2394627589699905,0.20137039997747966,100000,uneven,2900
2860,77,-87.63955466861717,53.42857142857143,54.506493506493506,83,17,1,0.23934302759050552,0.1997653990983963,100000,high_uniform,2901
2861,500,-27.915723987288008,5.168,5.548,190,98,0,0.23922335607671028,0.19279397678375243,100000,low_uniform,2902
2862,170,-88.1033783332359,39.15294117647059,40.22941176470588,183,37,1,0.23910374439867194,0.19749760119354023,100000,rush_hour,2903
2863,385,-175.8199055889768,47.984415584415586,49.18961038961039,464,74,1,0.2389841925264726,0.19680630088626563,100000,rush_hour,2904
2864,270,-101.54124531281816,35.63333333333333,36.72962962962963,296,57,1,0.23886470043020938,0.19815283536359116,100000,uneven,2905
2865,500,-14.803653022438457,4.508,4.94,216,104,0,0.2387452680799943,0.19494326862692832,100000,low_uniform,2906
2866,500,-18.468080334959883,4.352,4.78,214,110,0,0.2386258954459543,0.19408823058009148,100000,low_uniform,2907
2867,500,-10.384016253049122,20.306,21.364,529,101,0,0.23850658249823134,0.19254772178828716,100000,uniform_medium,2908
2868,500,-18.407406659134107,3.666,4.032,183,99,0,0.23838732920698225,0.1890413637459278,100000,low_uniform,2909
2869,157,-63.07968624133043,38.859872611464965,40.0828025477707,192,29,1,0.23826813554237877,0.19066361689074024,100000,rush_hour,2910
2870,500,-62.12988869843028,26.908,27.996,544,108,0,0.2381490014746076,0.1930043374300003,100000,uniform_medium,2911
2871,500,-130.80782281896253,37.336,38.51,587,99,0,0.23802992697387032,0.19344652578234672,100000,uniform_medium,2912
2872,301,-153.0187332632738,49.37873754152824,50.588039867109636,364,56,1,0.2379109120103834,0.19303656772917688,100000,rush_hour,2913
2873,500,-146.6431843925383,40.982,42.224,621,90,0,0.2377919565543782,0.19539798609912395,100000,rush_hour,2914
2874,500,-81.70369091847482,30.332,31.462,565,102,0,0.23767306057610102,0.19454734690487385,100000,uniform_medium,2915
2875,500,-46.057238668280824,25.432,26.544,556,107,0,0.23755422404581297,0.19378195443749427,100000,uniform_medium,2916
2876,74,-67.77933106334557,43.391891891891895,44.45945945945946,79,16,1,0.23743544693379007,0.19224897731800336,100000,high_uniform,2917
2877,500,-122.21208868096171,39.214,40.488,637,85,0,0.23731672921032318,0.1910029515326023,100000,uneven,2918
2878,500,-70.84281540470076,29.538,30.686,574,99,0,0.23719807084571803,0.1960875684916973,100000,rush_hour,2919
2879,440,-107.11739603029673,33.02045454545455,34.15681818181818,500,91,1,0.23707947181029518,0.1927438045089895,100000,rush_hour,2920
2880,454,-156.5207947366524,41.33480176211454,42.541850220264315,548,86,1,0.23696093207439003,0.1978984056656056,100000,rush_hour,2921
2881,500,-34.32673841726089,4.028,4.414,193,120,0,0.23684245160835285,0.19322404776513577,100000,low_uniform,2922
2882,500,-150.7335644351694,33.896,34.946,525,116,0,0.2367240303825487,0.1910765941441059,100000,uniform_medium,2923
2883,89,-101.21933242656124,56.359550561797754,57.49438202247191,101,18,1,0.23660566836735744,0.19444284989927593,100000,high_uniform,2924
2884,500,-32.31821949363696,4.978,5.388,205,115,0,0.2364873655331738,0.1958856703042984,100000,low_uniform,2925
2885,500,-270.4718637548455,51.308,52.42,556,105,0,0.2363691218504072,0.19104937456548213,100000,uniform_medium,2926
2886,500,-19.700005801433463,4.048,4.448,200,108,0,0.23625093728948202,0.1917231048643589,100000,low_uniform,2927
2887,412,-175.18931367804575,40.9126213592233,42.03883495145631,464,85,1,0.23613281182083729,0.18231361505837695,100000,rush_hour,2928
2888,500,-24.625560528051672,3.908,4.292,192,111,0,0.23601474541492687,0.18789572808146476,100000,low_uniform,2929
2889,500,-17.686381500002373,3.682,4.064,191,103,0,0.23589673804221942,0.18944982500374316,100000,low_uniform,2930
2890,500,-10.463784536676426,4.94,5.4,230,103,0,0.23577878967319832,0.1885030121654272,100000,low_uniform,2931
2891,500,-15.540239171642346,3.974,4.344,185,93,0,0.23566090027836173,0.18074650460481645,100000,low_uniform,2932
2892,103,-70.55332055420307,48.45631067961165,49.83495145631068,142,15,1,0.23554306982822257,0.18475625794200065,100000,high_uniform,2933
2893,500,-54.12711625571227,26.398,27.486,544,105,0,0.23542529829330847,0.1783901095688343,100000,uniform_medium,2934
2894,399,-166.57974131800853,42.852130325814535,44.010025062656645,462,81,1,0.23530758564416182,0.17804307550341264,100000,rush_hour,2935
2895,500,-155.2852846344302,39.032,40.172,570,101,0,0.23518993185133974,0.18043411387503147,100000,uniform_medium,2936
2896,109,-106.87827929512747,57.055045871559635,58.27522935779817,133,21,1,0.2350723368854141,0.17993250817333886,100000,high_uniform,2937
2897,469,-220.85842390780783,45.83155650319829,46.95095948827292,525,95,1,0.2349548007169714,0.17729990057218303,100000,uneven,2938
2898,325,-76.79057436744965,34.003076923076925,35.20923076923077,392,60,1,0.23483732331661292,0.1814820688045942,100000,uneven,2939
2899,348,-115.20876992853343,34.991379310344826,36.11206896551724,390,73,1,0.23471990465495463,0.18355606631215277,100000,uneven,2940
2900,500,-196.36832279134984,40.906,42.01,552,107,0,0.23460254470262715,0.18447227466106414,100000,uniform_medium,2941
2901,95,-74.45347922498529,51.96842105263158,53.31578947368421,128,15,1,0.23448524343027585,0.18631933260905115,100000,high_uniform,2942
2902,84,-46.96037898956149,29.61904761904762,30.535714285714285,77,20,1,0.23436800080856074,0.1794932299249229,100000,rush_hour,2943
2903,297,-138.9438619011738,47.138047138047135,48.35353535353536,361,56,1,0.23425081680815646,0.18979033599497894,100000,rush_hour,2944
2904,494,-235.94763225360543,47.917004048582996,49.10526315789474,587,97,1,0.2341336913997524,0.184629440081385,100000,uneven,2945
2905,350,-170.61004420019583,46.09428571428571,47.23428571428571,399,65,1,0.23401662455405253,0.18821169182658196,100000,uneven,2946
2906,182,-94.09871570026688,38.489010989010985,39.532967032967036,190,41,1,0.23389961624177552,0.1846551249561074,100000,rush_hour,2947
2907,500,-173.65961292919607,41.27,42.442,586,99,0,0.23378266643365464,0.1880688627064228,100000,uneven,2948
2908,151,-64.62244219818774,35.27814569536424,36.33112582781457,159,35,1,0.23366577510043782,0.18121779971564841,100000,rush_hour,2949
2909,500,-36.846535288315906,4.5,4.88,190,120,0,0.2335489422128876,0.18832540975511075,100000,low_uniform,2950
2910,196,-96.85300002987853,37.857142857142854,38.87244897959184,199,45,1,0.2334321677417812,0.18481079549813756,100000,uniform_medium,2951
2911,500,-24.810503675118014,3.16,3.498,169,101,0,0.23331545165791032,0.1822900167554617,100000,low_uniform,2952
2912,500,-14.706472532799914,4.294,4.716,211,105,0,0.23319879393208137,0.18556331452727318,100000,low_uniform,2953
2913,77,-60.381174185953185,38.4025974025974,39.48051948051948,83,17,1,0.23308219453511533,0.1805888575005841,100000,high_uniform,2954
2914,500,-139.24313475095332,36.058,37.2,571,104,0,0.23296565343784778,0.18375377231836318,100000,uniform_medium,2955
2915,77,-49.277340738627515,35.84415584415584,37.0,89,15,1,0.23284917061112886,0.18954540160182234,100000,high_uniform,2956
2916,67,-89.23520856548078,53.656716417910445,54.62686567164179,65,16,1,0.2327327460258233,0.1838384634300844,100000,high_uniform,2957
2917,256,-139.82772333857108,45.01171875,46.109375,281,55,1,0.2326163796528104,0.18420065648388118,100000,uneven,2958
2918,466,-228.07570890360412,52.56008583690987,53.81974248927039,587,79,1,0.23250007146298401,0.18193074691513067,100000,rush_hour,2959
2919,455,-158.83313906416845,39.81978021978022,40.97142857142857,524,85,1,0.23238382142725253,0.18141563447949652,100000,rush_hour,2960
2920,500,-144.5175585619914,37.388,38.542,577,98,0,0.23226762951653893,0.18417461578547956,100000,uniform_medium,2961
2921,500,-128.5623087440441,35.742,36.882,570,103,0,0.23215149570178067,0.18417310076951982,100000,uniform_medium,2962
2922,146,-71.91802618407874,37.52739726027397,38.56849315068493,152,31,1,0.2320354199539298,0.18928081297302898,100000,uneven,2963
2923,500,-30.11592077653419,4.318,4.73,206,124,0,0.23191940224395283,0.1857041545063257,100000,low_uniform,2964
2924,67,-56.47026250395405,40.1044776119403,41.25373134328358,77,14,1,0.23180344254283086,0.19113960506311103,100000,high_uniform,2965
2925,78,-72.89843847668784,48.56410256410256,49.65384615384615,85,15,1,0.23168754082155946,0.17793878874717614,100000,high_uniform,2966
2926,500,-26.868021417420195,2.986,3.318,166,107,0,0.2315716970511487,0.18861694818735122,100000,low_uniform,2967
2927,500,-173.5146208404924,43.902,45.146,622,93,0,0.23145591120262313,0.18700978596508502,100000,uneven,2968
2928,500,-76.36838298097594,28.48,29.582,551,108,0,0.23134018324702182,0.18352959208190442,100000,uniform_medium,2969
2929,500,-23.756601697805042,4.668,5.03,181,91,0,0.23122451315539833,0.18764502093195914,100000,low_uniform,2970
2930,482,-162.8267547173737,44.37551867219917,45.6597510373444,619,83,1,0.23110890089882064,0.18288137530328327,100000,uneven,2971
2931,500,-18.540014015126136,3.218,3.6,191,110,0,0.23099334644837125,0.18305944964289667,100000,low_uniform,2972
2932,313,-110.74815883796423,40.50479233226837,41.70287539936102,375,61,1,0.23087784977514708,0.18749863713884507,100000,uneven,2973
2933,500,-18.11005750504125,3.3,3.646,173,95,0,0.23076241085025953,0.1861318186223507,100000,low_uniform,2974
2934,90,-115.59677058696806,60.077777777777776,61.144444444444446,96,20,1,0.2306470296448344,0.17940409315956962,100000,high_uniform,2975
2935,123,-53.71106354703603,33.292682926829265,34.333333333333336,128,25,1,0.230531706130012,0.1886280004571124,100000,rush_hour,2976
2936,423,-118.28013151082736,29.990543735224588,31.009456264775412,431,92,1,0.23041644027694702,0.1840792060708605,100000,uniform_medium,2977
2937,492,-132.8123770860023,39.077235772357724,40.3130081300813,608,91,1,0.23030123205680855,0.18307940945089832,100000,uneven,2978
2938,190,-76.60422555598464,34.78947368421053,35.87894736842105,207,42,1,0.23018608144078015,0.1822581603338844,100000,uneven,2979
2939,494,-225.03790650424867,48.18421052631579,49.402834008097166,602,93,1,0.23007098840005977,0.18831262263933174,100000,rush_hour,2980
2940,500,-14.38096958603447,4.37,4.794,212,105,0,0.22995595290585974,0.19021649357676507,100000,low_uniform,2981
2941,182,-104.01977108289289,47.675824175824175,48.84615384615385,213,34,1,0.22984097492940683,0.18962630183323398,100000,uneven,2982
2942,463,-163.27892326454406,36.24622030237581,37.31317494600432,494,92,1,0.22972605444194213,0.18519925168407658,100000,rush_hour,2983
2943,304,-117.90714334975534,42.50986842105263,43.74013157894737,374,56,1,0.22961119141472117,0.1867781994423192,100000,uneven,2984
2944,500,-18.21628899220498,4.768,5.188,210,105,0,0.22949638581901383,0.18471858537197114,100000,low_uniform,2985
2945,156,-88.01760471355536,39.63461538461539,40.72435897435897,170,34,1,0.22938163762610433,0.1905676744496211,100000,rush_hour,2986
2946,500,-24.062471725760503,3.636,4.004,184,103,0,0.2292669468072913,0.18576734568178654,100000,low_uniform,2987
2947,96,-73.50359953482536,41.375,42.479166666666664,106,20,1,0.22915231333388766,0.17609809610682228,100000,high_uniform,2988
2948,99,-106.63645755861879,55.898989898989896,57.03030303030303,112,20,1,0.22903773717722073,0.1832075592393827,100000,high_uniform,2989
2949,94,-114.71778289644267,62.170212765957444,63.340425531914896,110,18,1,0.22892321830863213,0.18539799115759262,100000,high_uniform,2990
2950,87,-64.84126334475694,44.28735632183908,45.50574712643678,106,15,1,0.22880875669947784,0.19047695269872403,100000,high_uniform,2991
2951,500,-24.3964674215967,3.112,3.468,178,110,0,0.2286943523211281,0.18473581324517727,100000,low_uniform,2992
2952,93,-82.53862192326831,50.516129032258064,51.70967741935484,111,17,1,0.22858000514496757,0.18408984578745338,100000,high_uniform,2993
2953,123,-85.80825484207841,41.853658536585364,42.83739837398374,121,28,1,0.2284657151423951,0.1888930267555927,100000,rush_hour,2994
2954,70,-73.63328001428745,46.628571428571426,47.714285714285715,76,11,1,0.22835148228482394,0.18724603248494012,100000,high_uniform,2995
2955,500,-43.55641890705599,27.736,28.896,580,99,0,0.22823730654368155,0.1859264760017395,100000,uniform_medium,2996
2956,500,-180.04558081863047,42.862,44.042,590,98,0,0.22812318789040972,0.18486697676777838,100000,rush_hour,2997
2957,500,-16.26599011825321,4.016,4.37,177,89,0,0.22800912629646453,0.18354658143222333,100000,low_uniform,2998
2958,98,-92.48330885679663,47.816326530612244,48.8469387755102,101,17,1,0.2278951217333163,0.19246118614564137,100000,high_uniform,2999
2959,86,-108.38486781133375,52.69767441860465,53.63953488372093,81,23,1,0.22778117417244967,0.18300873777547547,100000,high_uniform,3000
2960,121,-98.32947750817351,54.925619834710744,56.074380165289256,139,20,1,0.22766728358536345,0.1769205570097797,100000,high_uniform,3001
2961,443,-86.56480890815308,32.90744920993228,34.106094808126414,531,85,1,0.22755344994357077,0.1822631838931187,100000,rush_hour,3002
2962,90,-122.49277318739738,60.8,61.81111111111111,91,20,1,0.227439673218599,0.19129528742697505,100000,high_uniform,3003
2963,76,-53.34273111400669,34.53947368421053,35.43421052631579,68,19,1,0.22732595338198971,0.18597546170808768,100000,rush_hour,3004
2964,500,-21.67261747064073,3.71,4.066,178,99,0,0.22721229040529872,0.18419351157546043,100000,low_uniform,3005
2965,273,-127.79832369595545,44.36996336996337,45.527472527472526,316,54,1,0.22709868426009608,0.18237615281190628,100000,uneven,3006
2966,79,-67.65867411988472,43.64556962025316,44.77215189873418,89,15,1,0.22698513491796604,0.1813940551084808,100000,high_uniform,3007
2967,479,-172.66138827909884,38.81419624217119,39.914405010438415,527,96,1,0.22687164235050708,0.182499371126823,100000,uniform_medium,3008
2968,500,-50.60668779999177,27.672,28.802,565,104,0,0.22675820652933185,0.1800971448868513,100000,uniform_medium,3009
2969,178,-71.49466856509672,32.061797752808985,33.09550561797753,184,42,1,0.2266448274260672,0.1824435739453589,100000,uneven,3010
2970,500,-150.17656144738066,39.056,40.21,577,101,0,0.2265315050123542,0.18518517304956914,100000,uneven,3011
2971,267,-88.01940186746127,37.06367041198502,38.21348314606742,307,56,1,0.22641823925984803,0.18313332778237731,100000,uneven,3012
2972,500,-31.301139478984272,3.69,4.046,178,114,0,0.2263050301402181,0.18417632330954076,100000,low_uniform,3013
2973,82,-83.2421275601185,51.34146341463415,52.426829268292686,89,18,1,0.226191877625148,0.18307086343808873,100000,high_uniform,3014
2974,500,-118.2322880796885,38.04,39.284,622,91,0,0.22607878168633544,0.18384413394331933,100000,rush_hour,3015
2975,500,-13.198117561421066,4.776,5.216,220,104,0,0.2259657422954923,0.1879823990315199,100000,low_uniform,3016
2976,116,-106.5469424886318,57.275862068965516,58.543103448275865,147,20,1,0.22585275942434457,0.18663734415995664,100000,high_uniform,3017
2977,69,-68.74606042419383,50.768115942028984,51.98550724637681,84,12,1,0.2257398330446324,0.18758696976347247,100000,high_uniform,3018
2978,487,-190.95312935368057,46.328542094455855,47.57494866529774,607,89,1,0.22562696312811012,0.18948760582803456,100000,rush_hour,3019
2979,288,-103.30274841676575,37.076388888888886,38.170138888888886,315,62,1,0.22551414964654606,0.1868200996476743,100000,uniform_medium,3020
2980,69,-67.62176154119066,48.31884057971015,49.57971014492754,87,13,1,0.22540139257172281,0.1843182706962461,100000,high_uniform,3021
2981,299,-157.449278527351,46.78260869565217,47.90969899665552,337,61,1,0.22528869187543696,0.17990597050923568,100000,uneven,3022
2982,500,-17.428598195988542,3.968,4.418,225,120,0,0.22517604752949924,0.18066265267133713,100000,low_uniform,3023
2983,115,-57.617826726876615,36.54782608695652,37.573913043478264,118,22,1,0.2250634595057345,0.18594347756841909,100000,rush_hour,3024
2984,489,-204.09847614512992,48.173824130879346,49.43558282208589,617,88,1,0.22495092777598164,0.18215316660504155,100000,rush_hour,3025
2985,500,-78.47896128899356,34.836,36.074,619,85,0,0.22483845231209365,0.18470036195218564,100000,uneven,3026
2986,128,-97.87716603542805,44.09375,45.046875,122,31,1,0.2247260330859376,0.18908204638864845,100000,uneven,3027
2987,500,-61.67927163161715,34.134,35.406,636,84,0,0.22461367006939464,0.1842864420413971,100000,uneven,3028
2988,186,-77.73457393680124,39.026881720430104,40.17204301075269,213,36,1,0.22450136323435996,0.19101367774669842,100000,uneven,3029
2989,499,-138.78435912078285,39.49498997995992,40.71342685370742,608,92,1,0.2243891125527428,0.18149600134703345,100000,rush_hour,3030
2990,111,-96.39432457374019,49.792792792792795,50.98198198198198,132,20,1,0.22427691799646643,0.17782664527227213,100000,high_uniform,3031
2991,77,-63.80749956189952,44.62337662337662,45.81818181818182,92,14,1,0.22416477953746822,0.2021465553091718,100000,high_uniform,3032
2992,374,-119.71842110915755,42.42245989304813,43.663101604278076,464,63,1,0.2240526971476995,0.18760457443680992,100000,uneven,3033
2993,500,-22.353761863606707,4.012,4.442,215,119,0,0.22394067079912566,0.1825740686953068,100000,low_uniform,3034
2994,187,-100.3312573822566,38.101604278074866,39.05882352941177,179,46,1,0.2238287004637261,0.18260723173140206,100000,rush_hour,3035
2995,174,-125.23016068466278,46.01724137931034,47.04022988505747,178,40,1,0.22371678611349424,0.1836728429229095,100000,uneven,3036
2996,275,-118.17241407856244,44.17454545454545,45.4,337,50,1,0.2236049277204375,0.18556640394709328,100000,uneven,3037
2997,500,-54.67406288213333,28.394,29.534,570,100,0,0.2234931252565773,0.18276502995193006,100000,uniform_medium,3038
2998,500,43.585027436529636,18.76,19.91,575,96,0,0.22338137869394903,0.18710003411769868,100000,uniform_medium,3039
2999,66,-64.12278028437863,42.378787878787875,43.45454545454545,71,14,1,0.22326968800460206,0.1748535048329469,100000,high_uniform,3040
3000,139,-66.97786605606639,35.35971223021583,36.431654676258994,149,30,1,0.22315805316059978,0.18631179711158327,100000,uneven,3041
3001,246,-126.82507720487318,48.83739837398374,50.05691056910569,300,44,1,0.22304647413401948,0.18552555534534337,100000,uneven,3042
3002,223,-65.71880054585539,35.01345291479821,36.18834080717489,262,43,1,0.22293495089695248,0.18936241117427166,100000,uneven,3043
3003,474,-147.44731152636768,42.4451476793249,43.71308016877637,601,84,1,0.22282348342150401,0.18856384182340988,100000,rush_hour,3044
3004,396,-207.31404294118667,53.02777777777778,54.26010101010101,488,74,1,0.2227120716797933,0.1885641480447969,100000,rush_hour,3045
3005,326,-127.87103840034631,42.923312883435585,44.15030674846626,400,60,1,0.2226007156439534,0.18961465854677687,100000,uneven,3046
3006,500,-73.19422268739652,29.696,30.806,555,103,0,0.22248941528613142,0.1901271613240242,100000,uniform_medium,3047
3007,103,-116.47385466833171,63.03883495145631,64.16504854368932,116,18,1,0.22237817057848835,0.19437974300778027,100000,high_uniform,3048
3008,81,-68.8597269870446,51.24691358024691,52.60493827160494,110,13,1,0.22226698149319912,0.1859019625885987,100000,high_uniform,3049
3009,254,-94.38295163972508,36.688976377952756,37.79527559055118,281,53,1,0.22215584800245253,0.18939353173642648,100000,uneven,3050
3010,99,-53.88967774042771,36.474747474747474,37.484848484848484,100,22,1,0.2220447700784513,0.18381658632947942,100000,rush_hour,3051
3011,500,-98.45094960499748,32.468,33.574,553,101,0,0.2219337476934121,0.1907133904546499,100000,uniform_medium,3052
3012,94,-98.28636684857037,54.691489361702125,55.861702127659576,110,19,1,0.22182278081956538,0.18988301953736772,100000,high_uniform,3053
3013,500,-28.98437304416451,4.094,4.486,196,116,0,0.2217118694291556,0.18943283101916314,100000,low_uniform,3054
3014,300,-124.63587523948037,44.36333333333334,45.54333333333334,354,57,1,0.22160101349444103,0.185781986489892,100000,uneven,3055
3015,71,-73.92438759353001,51.91549295774648,53.0,77,9,1,0.2214902129876938,0.19044914086100082,100000,high_uniform,3056
3016,88,-89.41070337479846,49.02272727272727,50.07954545454545,93,20,1,0.22137946788119997,0.1957670927725055,100000,high_uniform,3057
3017,67,-64.87756922636778,47.82089552238806,48.985074626865675,78,11,1,0.22126877814725937,0.19841462774063223,100000,high_uniform,3058
3018,490,-242.66750327260337,46.76122448979592,47.86530612244898,541,107,1,0.22115814375818577,0.19287106381083022,100000,uniform_medium,3059
3019,103,-89.778516489569,51.96116504854369,53.20388349514563,128,19,1,0.22104756468630668,0.1922529298558976,100000,high_uniform,3060
3020,500,-93.29567861191659,37.846,39.124,639,87,0,0.22093704090396354,0.19299694491922856,100000,uneven,3061
3021,500,-69.43204711834916,28.902,29.994,546,105,0,0.22082657238351158,0.19453689447045328,100000,uniform_medium,3062
3022,500,-27.24323262792094,3.576,3.956,190,115,0,0.22071615909731984,0.19546774359047414,100000,low_uniform,3063
3023,500,-34.73927288190814,26.862,28.026,582,99,0,0.2206058010177712,0.19622840856015683,100000,uniform_medium,3064
3024,500,-18.340802226320555,4.058,4.44,191,99,0,0.22049549811726232,0.1970659604817629,100000,low_uniform,3065
3025,500,-84.87619764699133,29.582,30.696,557,105,0,0.2203852503682037,0.19466372533142567,100000,uniform_medium,3066
3026,317,-164.3445251843335,44.01261829652997,45.078864353312305,338,71,1,0.22027505774301961,0.1927298304128346,100000,uneven,3067
3027,500,-13.682022547208849,3.506,3.91,202,108,0,0.22016492021414813,0.19038900408148765,100000,low_uniform,3068
3028,500,-125.33474480430571,41.802,43.092,645,82,0,0.22005483775404105,0.19200572648644448,100000,uneven,3069
3029,500,-118.3182280323601,36.026,37.166,570,101,0,0.21994481033516405,0.19208193872869014,100000,uniform_medium,3070
3030,462,-240.35111252763437,52.3982683982684,53.61471861471861,562,87,1,0.21983483792999647,0.19288563713818402,100000,rush_hour,3071
3031,500,-107.85364299953453,38.886,40.186,650,85,0,0.21972492051103149,0.1953678456991911,100000,uneven,3072
3032,500,-93.50375521149174,29.2,30.32,560,104,0,0.21961505805077597,0.19025500345230104,100000,uniform_medium,3073
3033,73,-72.84044229656129,49.6986301369863,50.863013698630134,85,14,1,0.2195052505217506,0.19299417366720226,100000,high_uniform,3074
3034,500,-22.60480288087034,3.344,3.702,179,105,0,0.21939549789648974,0.19428695359826087,100000,low_uniform,3075
3035,500,-22.64494601626986,3.742,4.15,204,116,0,0.2192858001475415,0.19026638081669808,100000,low_uniform,3076
3036,500,-86.36760733739514,33.6,34.824,612,92,0,0.21917615724746775,0.19488436557352543,100000,rush_hour,3077
3037,500,-91.88953492436683,31.318,32.474,578,98,0,0.21906656916884404,0.19056101368367673,100000,rush_hour,3078
3038,500,-20.795949959562094,4.038,4.432,197,107,0,0.21895703588425963,0.19536266493797302,100000,low_uniform,3079
3039,500,-36.822585307240566,25.93,27.044,557,102,0,0.2188475573663175,0.19561644791066646,100000,uniform_medium,3080
3040,500,-15.748917241287355,4.17,4.574,202,102,0,0.21873813358763436,0.19490844126045703,100000,low_uniform,3081
3041,500,-119.33514152082633,32.186,33.25,532,114,0,0.21862876452084054,0.19406954284012318,100000,uniform_medium,3082
3042,500,-42.830285132907505,24.074,25.136,531,109,0,0.21851945013858012,0.19600079318881033,100000,uniform_medium,3083
3043,500,-45.415140143866935,28.136,29.284,574,97,0,0.21841019041351084,0.19615855807065963,100000,uniform_medium,3084
3044,72,-78.65333016665068,46.958333333333336,48.013888888888886,76,17,1,0.2183009853183041,0.1961463112384081,100000,high_uniform,3085
3045,500,-28.87441352560489,3.922,4.298,188,112,0,0.21819183482564497,0.19688133184611797,100000,low_uniform,3086
3046,294,-169.68508384552572,52.006802721088434,53.173469387755105,343,59,1,0.21808273890823215,0.1934240618530585,100000,rush_hour,3087
3047,333,-138.4098015758278,44.22522522522522,45.432432432432435,402,64,1,0.21797369753877804,0.19543019601622144,100000,uneven,3088
3048,160,-54.02489120614672,31.875,33.025,184,33,1,0.21786471069000868,0.19142730911262335,100000,uneven,3089
3049,500,-23.825217011934075,4.65,5.092,221,117,0,0.2177557783346637,0.1956878401786089,100000,low_uniform,3090
3050,441,-224.0299730974078,50.46938775510204,51.68480725623583,536,84,1,0.21764690044549637,0.1960396413731467,100000,uneven,3091
3051,409,-124.65407760175835,36.62836185819071,37.779951100244496,471,83,1,0.21753807699527364,0.18981151510494554,100000,rush_hour,3092
3052,500,-27.027826977406914,3.906,4.288,191,111,0,0.217429307956776,0.19194666436314584,100000,low_uniform,3093
3053,396,-83.3880011939048,36.16161616161616,37.42171717171717,499,66,1,0.21732059330279763,0.19060316124949792,100000,uneven,3094
3054,500,-227.44562722300606,45.548,46.694,573,102,0,0.21721193300614625,0.19214767940342425,100000,uniform_medium,3095
3055,232,-129.0566122756147,44.547413793103445,45.63793103448276,253,50,1,0.2171033270396432,0.20167957352281646,100000,uneven,3096
3056,75,-104.18020998458846,54.10666666666667,54.96,64,21,1,0.21699477537612338,0.1904377273718516,100000,high_uniform,3097
3057,138,-80.80234635916632,42.52173913043478,43.61594202898551,151,27,1,0.21688627798843532,0.20386377975776576,100000,rush_hour,3098
3058,500,-26.016470506316345,4.066,4.434,184,104,0,0.2167778348494411,0.19506754313409327,100000,low_uniform,3099
3059,500,-91.87053464443245,32.564,33.71,573,104,0,0.2166694459320164,0.1894060620814562,100000,uniform_medium,3100
3060,500,-84.49178747957254,31.84,32.992,576,101,0,0.2165611112090504,0.18962736916542053,100000,uniform_medium,3101
3061,500,-190.87127065498441,39.474,40.55,538,110,0,0.21645283065344587,0.18847112108767033,100000,uniform_medium,3102
3062,500,-33.74837104109126,25.182,26.308,563,105,0,0.21634460423811916,0.189558252543211,100000,uniform_medium,3103
3063,500,-41.368363320407134,24.372,25.47,549,103,0,0.21623643193600012,0.1886530047059059,100000,uniform_medium,3104
3064,500,-28.738504890203053,3.982,4.344,181,106,0,0.21612831372003213,0.18758150036633015,100000,low_uniform,3105
3065,133,-58.81814030670972,38.02255639097744,39.21804511278196,159,23,1,0.21602024956317212,0.19108174517190546,100000,uneven,3106
3066,101,-101.35222614334086,56.93069306930693,58.07920792079208,116,21,1,0.21591223943839055,0.1928827733834191,100000,high_uniform,3107
3067,500,-218.16140790010292,50.554,51.81,628,90,0,0.21580428331867138,0.18741995799541472,100000,rush_hour,3108
3068,267,-126.82208912407208,40.78651685393258,41.831460674157306,279,59,1,0.21569638117701206,0.18479096953676882,100000,uneven,3109
3069,500,-22.87626802286975,4.258,4.658,200,106,0,0.21558853298642358,0.18262717279791832,100000,low_uniform,3110
3070,500,-30.829058596707615,3.486,3.88,197,124,0,0.21548073871993037,0.18581185786426066,100000,low_uniform,3111
3071,129,-129.41982010077518,63.434108527131784,64.72868217054264,167,21,1,0.21537299835057042,0.18064200733752214,100000,high_uniform,3112
3072,63,-75.36688131989965,48.41269841269841,49.3968253968254,62,13,1,0.21526531185139514,0.18283981250392067,100000,high_uniform,3113
3073,470,-231.32662556208643,49.287234042553195,50.45531914893617,549,92,1,0.21515767919546944,0.18504920024821098,100000,uniform_medium,3114
3074,459,-133.02329162398658,41.209150326797385,42.4640522875817,576,79,1,0.21505010035587172,0.18705293203426082,100000,uneven,3115
3075,135,-120.63546432671589,55.0,56.17777777777778,159,27,1,0.2149425753056938,0.18759148391308608,100000,high_uniform,3116
3076,265,-70.9816109367779,32.026415094339626,33.16603773584906,302,54,1,0.21483510401804096,0.18603134967808455,100000,uneven,3117
3077,500,-15.40699332605844,3.456,3.852,198,107,0,0.21472768646603194,0.18581545186042786,100000,low_uniform,3118
3078,159,-56.49144190886872,32.477987421383645,33.58490566037736,176,31,1,0.21462032262279893,0.1881583128241623,100000,rush_hour,3119
3079,500,-56.78882214808601,31.176,32.37,597,96,0,0.21451301246148755,0.18732752053439616,100000,uniform_medium,3120
3080,89,-89.30346785032798,51.17977528089887,52.30337078651685,100,17,1,0.21440575595525682,0.18899691598803808,100000,high_uniform,3121
3081,72,-90.60351158674749,57.84722222222222,58.97222222222222,81,14,1,0.2142985530772792,0.1865149608088864,100000,high_uniform,3122
3082,442,-194.29315465400066,48.37782805429864,49.60407239819005,542,84,1,0.2141914038007406,0.19144120948953866,100000,rush_hour,3123
3083,500,-52.664601788742104,29.284,30.466,591,95,0,0.21408430809884024,0.19437675864994525,100000,uniform_medium,3124
3084,500,18.88423108788736,18.122,19.196,537,102,0,0.21397726594479083,0.18979302033782006,100000,uniform_medium,3125
3085,500,3.3488572339080855,21.802,22.922,560,100,0,0.21387027731181846,0.19108605362474917,100000,uniform_medium,3126
3086,500,-45.610365432520176,26.948,28.05,551,101,0,0.21376334217316256,0.19260538969933988,100000,uniform_medium,3127
3087,500,-25.977580358546753,4.34,4.73,195,106,0,0.21365646050207598,0.18858518999814988,100000,low_uniform,3128
3088,500,-27.801619867047386,3.732,4.106,187,114,0,0.21354963227182497,0.18450859254598617,100000,low_uniform,3129
3089,500,-39.4047833790983,29.202,30.404,601,95,0,0.21344285745568906,0.18874120002985,100000,uniform_medium,3130
3090,76,-78.22951248344233,52.48684210526316,53.63157894736842,87,15,1,0.21333613602696122,0.18454507208968463,100000,high_uniform,3131
3091,500,-37.55325735557683,26.966,28.13,582,99,0,0.21322946795894776,0.1855765212774277,100000,uniform_medium,3132
3092,301,-132.05456137032826,40.883720930232556,41.95681063122924,323,65,1,0.2131228532249683,0.1835510102023318,100000,uniform_medium,3133
3093,371,-83.32228919525924,35.700808625336926,36.95687331536388,466,65,1,0.21301629179835582,0.1883521886728202,100000,uneven,3134
3094,500,-105.56486878588844,36.792,38.004,606,94,0,0.21290978365245666,0.18658557593822478,100000,uniform_medium,3135
3095,146,-90.67758936217565,40.11643835616438,41.054794520547944,137,34,1,0.21280332876063043,0.1940327934818725,100000,rush_hour,3136
3096,444,-93.59814398878552,36.218468468468465,37.47522522522522,558,76,1,0.21269692709625013,0.19387093381033288,100000,uneven,3137
3097,500,-22.62149378676191,4.348,4.776,214,113,0,0.212590578632702,0.1909235495775938,100000,low_uniform,3138
3098,500,-75.03670551434789,28.906,30.02,557,104,0,0.21248428334338568,0.1917998679280281,100000,uniform_medium,3139
3099,500,-27.570172838398193,4.53,4.938,204,115,0,0.212378041201714,0.18552347886562348,100000,low_uniform,3140
3100,500,-25.021774821970446,24.732,25.862,565,101,0,0.21227185218111316,0.18623791712522506,100000,uniform_medium,3141
3101,500,-24.372052421607393,22.158,23.214,528,104,0,0.21216571625502262,0.1881066798120737,100000,uniform_medium,3142
3102,500,-17.05271842086539,3.874,4.28,203,109,0,0.21205963339689513,0.1898953369408846,100000,low_uniform,3143
3103,500,-16.94895007828849,3.816,4.244,214,114,0,0.2119536035801967,0.18755843234062194,100000,low_uniform,3144
3104,97,-98.55584923404602,50.45360824742268,51.50515463917526,102,23,1,0.2118476267784066,0.181386212943141,100000,high_uniform,3145
3105,208,-63.1670892017596,30.596153846153847,31.66826923076923,223,47,1,0.2117417029650174,0.18985416220787626,100000,uneven,3146
3106,500,-20.103340685459855,23.722,24.842,560,100,0,0.2116358321135349,0.18602011792361736,100000,uniform_medium,3147
3107,461,-158.18677091602424,42.288503253796094,43.50325379609544,560,86,1,0.21153001419747813,0.1899531265627795,100000,rush_hour,3148
3108,500,-81.2074451244238,28.494,29.572,539,104,0,0.21142424919037942,0.1829100753366947,100000,uniform_medium,3149
3109,362,-145.5358816198849,46.430939226519335,47.69060773480663,456,64,1,0.21131853706578424,0.1851399216739183,100000,rush_hour,3150
3110,500,-117.81258691293458,32.16,33.246,543,109,0,0.21121287779725137,0.1870591794103384,100000,uniform_medium,3151
3111,78,-64.93781096275923,44.17948717948718,45.32051282051282,89,14,1,0.21110727135835275,0.19169736777742705,100000,high_uniform,3152
3112,168,-126.61505619483215,50.31547619047619,51.345238095238095,173,37,1,0.2110017177226736,0.1875796378368423,100000,uneven,3153
3113,500,-23.64216967307438,4.172,4.538,183,99,0,0.21089621686381227,0.18732452489435672,100000,low_uniform,3154
3114,364,-168.56950372457297,48.53846153846154,49.77472527472528,450,67,1,0.2107907687553804,0.1873228637358317,100000,rush_hour,3155
3115,500,-2.371188112231337,23.686,24.852,583,98,0,0.2106853733710027,0.18670055405795574,100000,uniform_medium,3156
3116,96,-87.36650820399052,49.822916666666664,51.0,113,17,1,0.21058003068431722,0.18503002092863122,100000,high_uniform,3157
3117,238,-100.49274330556227,42.41596638655462,43.58403361344538,278,45,1,0.21047474066897506,0.184346710527394,100000,uneven,3158
3118,150,-82.93318659671789,38.74,39.74,150,35,1,0.2103695032986406,0.18497275903820992,100000,uneven,3159
3119,500,3.1827596560873737,3.564,4.012,224,99,0,0.2102643185469913,0.18824868100881575,100000,low_uniform,3160
3120,130,-42.55269158304429,30.576923076923077,31.784615384615385,157,25,1,0.2101591863877178,0.18012261453729408,100000,rush_hour,3161
3121,500,4.125691647231214,26.094,27.364,635,86,0,0.21005410679452396,0.1799389267861843,100000,uneven,3162
3122,500,-121.33118528890003,38.556,39.826,635,88,0,0.20994907974112673,0.18188596379756927,100000,rush_hour,3163
3123,62,-52.129785370870074,37.87096774193548,38.903225806451616,64,12,1,0.20984410520125618,0.1729028688803796,100000,high_uniform,3164
3124,149,-62.053849390894946,32.81879194630873,33.899328859060404,161,33,1,0.20973918314865556,0.18690173807960228,100000,uneven,3165
3125,89,-77.78837059219892,51.58426966292135,52.86516853932584,114,15,1,0.20963431355708123,0.1794775276539031,100000,high_uniform,3166
3126,131,-97.61823182848993,47.69465648854962,48.7557251908397,139,28,1,0.2095294964003027,0.18537527396706224,100000,rush_hour,3167
3127,143,-128.8376423527543,48.47552447552447,49.30769230769231,119,33,1,0.20942473165210254,0.19144279051285523,100000,rush_hour,3168
3128,425,-155.88122555534937,43.23294117647059,44.43058823529412,509,76,1,0.2093200192862765,0.17999189220807132,100000,rush_hour,3169
3129,105,-108.08351440719329,62.41904761904762,63.72380952380952,137,17,1,0.20921535927663337,0.18591645587058295,100000,high_uniform,3170
3130,500,-113.32336867264617,37.89,39.144,627,90,0,0.20911075159699508,0.17886189202964306,100000,uneven,3171
3131,500,-12.820107689533025,22.306,23.412,553,103,0,0.2090061962211966,0.18112253139913082,100000,uniform_medium,3172
3132,89,-116.77709198149972,62.52808988764045,63.68539325842696,103,18,1,0.208901693123086,0.17934753787651492,100000,high_uniform,3173
3133,191,-59.27471383499123,32.78010471204188,33.87958115183246,210,39,1,0.2087972422765245,0.18152193873340547,100000,uneven,3174
3134,500,-26.7086605525105,3.628,3.978,175,106,0,0.20869284365538623,0.18123850284516813,100000,low_uniform,3175
3135,308,-158.13150415474703,50.72402597402598,51.97077922077922,384,56,1,0.20858849723355855,0.18081645759475695,100000,uneven,3176
3136,500,-32.74289001754963,3.6,3.954,177,115,0,0.20848420298494177,0.18183993823826314,100000,low_uniform,3177
3137,83,-99.19040993479916,54.0,55.096385542168676,91,17,1,0.20837996088344932,0.17760566738714656,100000,high_uniform,3178
3138,96,-108.89273092597769,51.864583333333336,52.78125,88,22,1,0.2082757709030076,0.17975289933383465,100000,high_uniform,3179
3139,102,-102.25809950252024,51.96078431372549,53.07843137254902,114,22,1,0.20817163301755612,0.17939410957635618,100000,high_uniform,3180
3140,112,-93.79046300162271,51.955357142857146,53.142857142857146,133,19,1,0.20806754720104736,0.1775345713166254,100000,high_uniform,3181
3141,102,-77.14147427063085,43.294117647058826,44.44117647058823,117,20,1,0.20796351342744684,0.1807338037327224,100000,high_uniform,3182
3142,108,-88.36577777182882,55.96296296296296,57.31481481481482,146,17,1,0.20785953167073312,0.1799012897881093,100000,high_uniform,3183
3143,125,-83.44302361272045,46.976,48.28,163,22,1,0.20775560190489778,0.18387482357025148,100000,high_uniform,3184
3144,75,-71.54015674750555,45.57333333333333,46.653333333333336,81,17,1,0.20765172410394533,0.18799130926529567,100000,high_uniform,3185
3145,316,-79.99235376629377,34.57911392405063,35.77215189873418,377,60,1,0.20754789824189337,0.18451717045582547,100000,uneven,3186
3146,113,-71.84955968580604,51.43362831858407,52.85840707964602,161,15,1,0.20744412429277245,0.19080609650210997,100000,high_uniform,3187
3147,425,-148.2143307672564,45.09411764705882,46.37882352941176,546,75,1,0.20734040223062608,0.18780656839118284,100000,uneven,3188
3148,131,-78.10991645057473,40.17557251908397,41.25954198473283,142,28,1,0.2072367320295108,0.18803588653566272,100000,rush_hour,3189
3149,446,-131.4929803171413,39.856502242152466,41.07847533632287,545,82,1,0.20713311366349604,0.18596915143955448,100000,rush_hour,3190
3150,500,-12.115580116401585,3.898,4.292,197,97,0,0.2070295471066643,0.18208416628837584,100000,low_uniform,3191
3151,285,-93.96554077058283,38.07368421052632,39.242105263157896,333,54,1,0.20692603233311097,0.1869251295401339,100000,uneven,3192
3152,500,16.233499462769426,20.652,21.798,573,97,0,0.20682256931694443,0.1837333851903677,100000,uniform_medium,3193
3153,500,-31.20661982892492,3.386,3.742,178,116,0,0.20671915803228597,0.18221717774868013,100000,low_uniform,3194
3154,466,-101.20677913374294,37.2038626609442,38.46351931330472,587,83,1,0.20661579845326983,0.18449587744256968,100000,uneven,3195
3155,500,-18.233211335836376,3.188,3.538,175,99,0,0.2065124905540432,0.18384615790843964,100000,low_uniform,3196
3156,419,-91.45092604395104,35.069212410501194,36.28162291169451,508,78,1,0.20640923430876618,0.17908766097555867,100000,rush_hour,3197
3157,329,-101.18573860029544,37.276595744680854,38.43161094224924,380,64,1,0.2063060296916118,0.18281606385501323,100000,uneven,3198
3158,114,-73.77387484370479,38.90350877192982,39.921052631578945,116,28,1,0.206202876676766,0.18283552813686824,100000,rush_hour,3199
3159,500,-109.85990361125076,36.412,37.638,613,93,0,0.20609977523842765,0.18284094807505608,100000,uneven,3200
3160,500,-188.5223085342197,46.754,48.032,639,88,0,0.20599672535080846,0.18616163332760333,100000,rush_hour,3201
3161,500,-22.301139478984176,3.702,4.052,175,98,0,0.20589372698813307,0.18369405621290208,100000,low_uniform,3202
3162,377,-80.81253460339343,31.779840848806366,32.95490716180371,443,74,1,0.20579078012463903,0.1869873018535126,100000,rush_hour,3203
3163,500,0.5761275914906161,3.886,4.348,231,104,0,0.20568788473457672,0.18354874067008495,100000,low_uniform,3204
3164,500,-40.333375961682336,24.658,25.748,545,101,0,0.20558504079220943,0.1849802008420229,100000,uniform_medium,3205
3165,500,-21.33394638619284,3.536,3.908,186,105,0,0.20548224827181333,0.18215062592923642,100000,low_uniform,3206
3166,100,-73.90642033215758,52.64,53.99,135,14,1,0.20537950714767744,0.18289129063487053,100000,high_uniform,3207
3167,407,-159.56926904962364,43.66830466830467,44.86486486486486,487,79,1,0.2052768173941036,0.18084874181694716,100000,uneven,3208
3168,500,-114.01572828904087,36.842,38.026,592,97,0,0.20517417898540657,0.1844406152367592,100000,uniform_medium,3209
3169,154,-82.68543605346028,35.47402597402598,36.52597402597402,162,36,1,0.2050715918959139,0.1798842480623877,100000,rush_hour,3210
3170,500,-67.09943266940174,31.198,32.394,598,94,0,0.20496905609996596,0.18011022159457207,100000,uneven,3211
3171,228,-106.40462723235947,42.6140350877193,43.78947368421053,268,44,1,0.20486657157191598,0.18535664981525196,100000,uneven,3212
3172,398,-163.79518523545022,47.65577889447236,48.92713567839196,506,70,1,0.20476413828613005,0.1847397225473694,100000,rush_hour,3213
3173,88,-82.29707574214336,46.19318181818182,47.20454545454545,89,20,1,0.20466175621698698,0.18794749584048986,100000,high_uniform,3214
3174,500,-112.35203725939728,33.168,34.302,567,100,0,0.2045594253388785,0.185577561378479,100000,uniform_medium,3215
3175,117,-73.61765130595987,44.23931623931624,45.35897435897436,131,24,1,0.20445714562620906,0.18478187842246813,100000,rush_hour,3216
3176,82,-101.1374877704786,52.170731707317074,53.09756097560975,76,21,1,0.20435491705339598,0.18622766089875523,100000,high_uniform,3217
3177,500,-75.27274702720328,32.832,34.06,614,91,0,0.20425273959486928,0.1858490408807993,100000,uneven,3218
3178,500,-67.89575270540998,28.782,29.88,549,103,0,0.20415061322507186,0.18777702978253363,100000,uniform_medium,3219
3179,500,-20.46508007810264,24.944,26.114,585,97,0,0.20404853791845934,0.18891916631162167,100000,uniform_medium,3220
3180,500,-15.719577515972235,3.792,4.184,196,103,0,0.20394651364950012,0.18382338108122348,100000,low_uniform,3221
3181,500,-68.63566954578641,30.428,31.554,563,99,0,0.20384454039267538,0.18731270629167557,100000,uniform_medium,3222
3182,500,-19.24136861222283,4.234,4.638,202,104,0,0.20374261812247907,0.18877761569619178,100000,low_uniform,3223
3183,500,-101.2849498250138,37.112,38.342,615,95,0,0.20364074681341784,0.19141599760949612,100000,uneven,3224
3184,500,-17.011973775830942,3.812,4.216,202,109,0,0.20353892644001115,0.1880493920445442,100000,low_uniform,3225
3185,328,-142.04531525175233,46.44207317073171,47.65853658536585,399,62,1,0.20343715697679116,0.19393058466475185,100000,uneven,3226
3186,150,-70.67215241216167,36.50666666666667,37.63333333333333,169,30,1,0.20333543839830276,0.19464765677849452,100000,rush_hour,3227
3187,176,-98.9163529188817,47.49431818181818,48.6875,210,35,1,0.20323377067910361,0.19129533926025033,100000,uneven,3228
3188,102,-84.38579289447381,52.03921568627451,53.38235294117647,137,16,1,0.20313215379376406,0.1891714332296568,100000,high_uniform,3229
3189,500,-18.391024620866336,3.702,4.088,193,105,0,0.2030305877168672,0.19276062786579132,100000,low_uniform,3230
3190,96,-67.34728343080776,35.510416666666664,36.375,83,20,1,0.20292907242300876,0.19653155390794078,100000,rush_hour,3231
3191,500,-17.763299436404044,4.262,4.696,217,112,0,0.20282760788679727,0.1924544427394867,100000,low_uniform,3232
3192,332,-47.63687455486003,30.27409638554217,31.5,407,61,1,0.2027261940828539,0.1939265753580145,100000,uneven,3233
3193,375,-136.43162403407976,41.67466666666667,42.888,455,70,1,0.20262483098581247,0.18940722386042277,100000,uneven,3234
3194,500,-19.66430337969618,4.57,4.984,207,104,0,0.20252351857031958,0.18972706776857376,100000,low_uniform,3235
3195,248,-79.04100416344983,29.741935483870968,30.77016129032258,255,55,1,0.20242225681103443,0.189325614802299,100000,uneven,3236
3196,500,-24.92012058330646,3.352,3.682,165,99,0,0.20232104568262893,0.1892526591718197,100000,low_uniform,3237
3197,500,-30.12032813384003,22.462,23.53,534,105,0,0.20221988515978762,0.18838732697069646,100000,uniform_medium,3238
3198,192,-91.80432088422785,44.09375,45.338541666666664,239,34,1,0.20211877521720772,0.18366780139816305,100000,rush_hour,3239
3199,452,-170.12165219555138,44.575221238938056,45.81637168141593,561,84,1,0.20201771582959913,0.19121573718709756,100000,rush_hour,3240
3200,500,-49.36881558367841,25.404,26.504,550,104,0,0.20191670697168435,0.1849148894548416,100000,uniform_medium,3241
3201,500,-135.8670605180474,39.85,41.094,622,89,0,0.2018157486181985,0.18396433061361314,100000,rush_hour,3242
3202,397,-111.92997436949429,38.712846347607055,39.92947103274559,483,76,1,0.20171484074388943,0.18725190116491366,100000,rush_hour,3243
3203,488,-85.48300965668507,34.006147540983605,35.24180327868852,603,89,1,0.2016139833235175,0.19127210658654326,100000,uneven,3244
3204,500,-23.736212835548105,3.522,3.898,188,109,0,0.20151317633185575,0.186306424587965,100000,low_uniform,3245
3205,500,-48.32913746719266,27.338,28.448,555,97,0,0.20141241974368984,0.18774426351487636,100000,uniform_medium,3246
3206,272,-73.34233525394949,35.94117647058823,37.12132352941177,321,52,1,0.20131171353381802,0.1895476426819668,100000,uneven,3247
3207,236,-112.97458072994357,47.6228813559322,48.83474576271186,286,43,1,0.20121105767705114,0.18951081055200705,100000,rush_hour,3248
3208,98,-55.691184915112125,35.43877551020408,36.40816326530612,95,23,1,0.20111045214821263,0.18716442326501925,100000,rush_hour,3249
3209,88,-84.6728789438459,53.44318181818182,54.64772727272727,106,12,1,0.20100989692213853,0.1904780204323205,100000,high_uniform,3250
3210,500,-77.395023560219,34.146,35.356,605,92,0,0.20090939197367746,0.18949598564207554,100000,uniform_medium,3251
3211,500,-153.3099803331351,40.152,41.362,605,96,0,0.20080893727769064,0.19091981042921544,100000,rush_hour,3252
3212,500,36.653173167999476,16.984,18.068,542,104,0,0.20070853280905182,0.18855658572912215,100000,uniform_medium,3253
3213,500,-62.05249751165253,27.736,28.854,559,105,0,0.20060817854264731,0.19168846245110036,100000,uniform_medium,3254
3214,500,-93.0822187379694,38.318,39.632,657,82,0,0.200507874453376,0.19155132927000523,100000,rush_hour,3255
3215,66,-32.03317654859649,32.34848484848485,33.68181818181818,88,8,1,0.20040762051614933,0.18219253465984808,100000,high_uniform,3256
3216,500,-190.27367160525705,46.406,47.614,604,95,0,0.20030741670589125,0.19071368262171745,100000,uniform_medium,3257
3217,500,-18.499105417846714,3.62,4.008,194,108,0,0.20020726299753833,0.1962840304225683,100000,low_uniform,3258
3218,54,-58.42668031145285,42.01851851851852,43.0,53,8,1,0.20010715936603957,0.19061032779238843,100000,high_uniform,3259
3219,119,-57.74626135639574,32.42016806722689,33.38655462184874,115,28,1,0.20000710578635655,0.19329092357338978,100000,rush_hour,3260
3220,91,-84.44558993578828,52.40659340659341,53.65934065934066,114,16,1,0.1999071022334634,0.18436918063805655,100000,high_uniform,3261
3221,204,-84.32308496948156,34.970588235294116,36.03431372549019,217,45,1,0.19980714868234667,0.1868973118709583,100000,uneven,3262
3222,500,0.09841838954736448,24.712,25.868,578,89,0,0.1997072451080055,0.1912262859940529,100000,uniform_medium,3263
3223,291,-139.29279285313294,47.09965635738832,48.30927835051546,352,56,1,0.1996073914854515,0.18750562529076414,100000,uneven,3264
3224,500,-32.860744592341085,30.262,31.534,636,82,0,0.19950758778970878,0.18587234704196454,100000,uneven,3265
3225,345,-202.51151444937264,54.79420289855072,56.03188405797101,427,60,1,0.19940783399581394,0.18798023112442183,100000,uneven,3266
3226,373,-154.4919492488181,44.69436997319035,45.90080428954423,450,70,1,0.19930813007881604,0.18717299517613634,100000,uneven,3267
3227,86,-92.45917335678492,55.47674418604651,56.627906976744185,99,17,1,0.19920847601377664,0.18701835938317832,100000,high_uniform,3268
3228,500,-35.45176569850554,29.662,30.874,606,91,0,0.19910887177576977,0.18845460087060928,100000,uniform_medium,3269
3229,125,-83.88151418281772,38.416,39.336,115,30,1,0.1990093173398819,0.1789518176317215,100000,uneven,3270
3230,500,-141.0537796387193,40.976,42.224,624,91,0,0.19890981268121197,0.1881402824819088,100000,rush_hour,3271
3231,500,-82.91338078681633,36.096,37.386,645,87,0,0.19881035777487138,0.19479636086523533,100000,rush_hour,3272
3232,500,-24.84070333470813,22.946,24.066,560,106,0,0.19871095259598395,0.19226726102828978,100000,uniform_medium,3273
3233,376,-125.16092825443782,38.023936170212764,39.16489361702128,429,74,1,0.19861159711968598,0.18833260481899722,100000,uneven,3274
3234,500,-14.113425839438571,3.5,3.902,201,108,0,0.19851229132112616,0.18831390871107578,100000,low_uniform,3275
3235,100,-96.60901882895851,56.31,57.46,115,18,1,0.1984130351754656,0.19014990970492363,100000,high_uniform,3276
3236,130,-97.63071626516117,55.3,56.69230769230769,181,19,1,0.1983138286578779,0.18710746925610763,100000,high_uniform,3277
3237,500,-19.527055620694462,24.138,25.266,564,101,0,0.19821467174354895,0.1886186893582344,100000,uniform_medium,3278
3238,500,-139.85806186962844,37.52,38.708,594,98,0,0.1981155644076772,0.1899403974413872,100000,rush_hour,3279
3239,371,-130.50682330066968,43.12398921832884,44.37466307277628,464,66,1,0.19801650662547338,0.19390552852433326,100000,rush_hour,3280
3240,500,-11.920593403175182,3.9,4.326,213,107,0,0.19791749837216066,0.19509611780941485,100000,low_uniform,3281
3241,500,11.51883071883621,18.176,19.214,519,99,0,0.1978185396229746,0.18934885892271996,100000,uniform_medium,3282
3242,500,-9.852570036131713,22.58,23.688,554,105,0,0.19771963035316312,0.18868837963044643,100000,uniform_medium,3283
3243,417,-112.63193761391291,39.39088729016787,40.64748201438849,524,75,1,0.19762077053798655,0.19033236937414255,100000,rush_hour,3284
3244,118,-149.4931056160675,64.57627118644068,65.73728813559322,137,25,1,0.19752196015271756,0.18986318759241347,100000,high_uniform,3285
3245,382,-113.51078362626897,42.97905759162304,44.28010471204188,497,59,1,0.1974231991726412,0.19267407127933978,100000,uneven,3286
3246,101,-66.06041930074242,31.594059405940595,32.40594059405941,82,29,1,0.1973244875730549,0.1980664489587935,100000,rush_hour,3287
3247,253,-132.14788428234124,44.15810276679842,45.276679841897234,283,52,1,0.19722582532926838,0.1903258590947969,100000,uneven,3288
3248,500,-17.999030794664865,4.31,4.72,205,106,0,0.19712721241660375,0.19114649237692355,100000,low_uniform,3289
3249,500,-10.838850831798187,4.014,4.43,208,103,0,0.19702864881039545,0.18948855341970922,100000,low_uniform,3290
3250,500,-87.55907584615771,28.654,29.748,547,110,0,0.19693013448599025,0.18997001975774766,100000,uniform_medium,3291
3251,500,-32.34231535606876,25.336,26.488,576,102,0,0.19683166941874727,0.18930935445427893,100000,uniform_medium,3292
3252,500,-95.84358667773175,36.744,38.02,638,86,0,0.1967332535840379,0.18767437936365605,100000,uneven,3293
3253,500,-19.255408196968258,4.338,4.752,207,108,0,0.1966348869572459,0.18612204420566558,100000,low_uniform,3294
3254,500,-43.85668023179735,28.234,29.414,590,97,0,0.1965365695137673,0.18686211355030535,100000,uniform_medium,3295
3255,500,-5.22898816637972,21.574,22.668,547,105,0,0.19643830122901043,0.18703329564630986,100000,uniform_medium,3296
3256,500,-21.09665079193212,4.2,4.592,196,103,0,0.19634008207839593,0.18403123606741428,100000,low_uniform,3297
3257,500,-1.4182100692184327,3.69,4.092,201,87,0,0.19624191203735675,0.1825339918732643,100000,low_uniform,3298
3258,500,-25.567765280127027,4.382,4.786,202,114,0,0.1961437910813381,0.18410500380396844,100000,low_uniform,3299
3259,92,-97.87368999836951,52.369565217391305,53.43478260869565,98,18,1,0.19604571918579744,0.18510761597882147,100000,high_uniform,3300
3260,98,-127.2064915301009,62.183673469387756,63.275510204081634,107,20,1,0.19594769632620454,0.18457578882879142,100000,high_uniform,3301
3261,98,-66.92737957480873,44.204081632653065,45.45918367346939,123,16,1,0.19584972247804144,0.1757095916842928,100000,high_uniform,3302
3262,87,-57.59981924833765,45.94252873563219,47.241379310344826,113,15,1,0.19575179761680242,0.18241035861187968,100000,high_uniform,3303
3263,361,-74.5455923664325,31.46814404432133,32.62326869806094,417,70,1,0.19565392171799403,0.18202899677106218,100000,uneven,3304
3264,500,-159.48026245292655,46.044,47.338,647,85,0,0.19555609475713503,0.18563076147437096,100000,rush_hour,3305
3265,85,-85.87128244009833,55.64705882352941,56.858823529411765,103,13,1,0.19545831670975647,0.18362502061268862,100000,high_uniform,3306
3266,349,-149.50522836593643,40.30372492836676,41.38968481375358,379,75,1,0.1953605875514016,0.18405095575361333,100000,uneven,3307
3267,500,-167.96123104375127,44.768,46.014,623,92,0,0.1952629072576259,0.18826923874020576,100000,uneven,3308
3268,282,-73.1853743791165,37.0709219858156,38.333333333333336,356,50,1,0.1951652758039971,0.18953919389569168,100000,uneven,3309
3269,500,-34.41138925880887,4.91,5.302,196,116,0,0.1950676931660951,0.18573993547260761,100000,low_uniform,3310
3270,500,-122.28581109037596,41.318,42.622,652,84,0,0.19497015931951206,0.18472480975091457,100000,rush_hour,3311
3271,500,-23.971405838684042,4.674,5.082,204,106,0,0.19487267423985233,0.17968910281360148,100000,low_uniform,3312
3272,104,-107.3421730587477,56.69230769230769,57.86538461538461,122,16,1,0.1947752379027324,0.18560139634288275,100000,high_uniform,3313
3273,335,-138.80245249797994,44.46567164179105,45.680597014925375,407,62,1,0.19467785028378104,0.18118440221939514,100000,uneven,3314
3274,82,-86.61103794173637,48.170731707317074,49.28048780487805,91,18,1,0.19458051135863916,0.1834696682124603,100000,high_uniform,3315
3275,500,-75.23306957398556,31.516,32.698,591,100,0,0.19448322110295985,0.1846736990660429,100000,uniform_medium,3316
3276,500,-171.49368125841036,49.746,51.082,668,80,0,0.19438597949240838,0.18506439226865767,100000,rush_hour,3317
3277,500,-13.220096834230947,4.664,5.102,219,104,0,0.19428878650266218,0.18281585749983786,100000,low_uniform,3318
3278,500,-18.27700327158826,25.186,26.32,567,94,0,0.19419164210941087,0.18086331328749658,100000,uniform_medium,3319
3279,166,-49.351729331918314,28.771084337349397,29.86144578313253,181,36,1,0.19409454628835618,0.18370312214436302,100000,rush_hour,3320
3280,330,-83.99244504559562,32.806060606060605,33.96969696969697,384,65,1,0.19399749901521202,0.1821335163080331,100000,uneven,3321
3281,500,-14.442872455683176,3.85,4.242,196,100,0,0.19390050026570443,0.185494779586792,100000,low_uniform,3322
3282,500,-68.774840099895,31.998,33.228,615,93,0,0.1938035500155716,0.18357903650403024,100000,uneven,3323
3283,170,-94.50833870164989,45.205882352941174,46.33529411764706,192,34,1,0.19370664824056383,0.1790674167959129,100000,rush_hour,3324
3284,500,-12.336947885904545,3.854,4.26,203,101,0,0.19360979491644356,0.18277277141809464,100000,low_uniform,3325
3285,91,-37.05664672119526,38.142857142857146,39.59340659340659,132,11,1,0.19351299001898534,0.18190315120167785,100000,high_uniform,3326
3286,71,-98.5547640991385,54.732394366197184,55.690140845070424,68,18,1,0.19341623352397586,0.17642275474860636,100000,high_uniform,3327
3287,500,-25.59304388210806,5.134,5.51,188,94,0,0.19331952540721387,0.18078481663763524,100000,low_uniform,3328
3288,500,-3.056777549844461,22.068,23.208,570,101,0,0.19322286564451027,0.18312093687057496,100000,uniform_medium,3329
3289,500,-21.234861000421912,3.614,3.954,170,95,0,0.19312625421168803,0.17270899875462056,100000,low_uniform,3330
3290,500,-9.93948184721022,3.24,3.618,189,97,0,0.1930296910845822,0.17516120225191117,100000,low_uniform,3331
3291,89,-79.45592247624258,47.87640449438202,49.0,100,15,1,0.19293317623903994,0.17366418259197405,100000,high_uniform,3332
3292,107,-87.88833628019808,52.626168224299064,53.87850467289719,134,16,1,0.19283670965092042,0.18023026149685137,100000,high_uniform,3333
3293,500,-16.85685826622085,22.586,23.696,555,102,0,0.19274029129609496,0.18320962104201316,100000,uniform_medium,3334
3294,500,47.66873415807156,17.506,18.634,564,95,0,0.19264392115044693,0.16990442976355552,100000,uniform_medium,3335
3295,500,-16.681240429208962,3.874,4.27,198,104,0,0.19254759918987172,0.1745042665451765,100000,low_uniform,3336
3296,377,-120.38306472303015,39.87798408488064,41.08222811671087,454,71,1,0.1924513253902768,0.17382390301091602,100000,uneven,3337
3297,500,-11.010346341204748,21.868,22.968,550,101,0,0.19235509972758166,0.16716705106198787,100000,uniform_medium,3338
3298,479,-124.7786407646689,41.63048016701461,42.94363256784969,629,79,1,0.1922589221777179,0.17406451963432645,100000,rush_hour,3339
3299,95,-62.61850999738035,46.705263157894734,47.98947368421052,122,15,1,0.19216279271662903,0.17006559756241346,100000,high_uniform,3340
3300,403,-35.556101847535054,26.39950372208437,27.59305210918114,481,76,1,0.19206671132027073,0.17412641335731702,100000,rush_hour,3341
3301,500,-184.96870504963405,45.466,46.698,616,92,0,0.1919706779646106,0.17422108624875546,100000,uneven,3342
3302,500,-37.47475290909959,26.692,27.84,574,102,0,0.19187469262562828,0.17532482036948205,100000,uniform_medium,3343
3303,500,-85.27132446937276,32.75,33.968,609,93,0,0.19177875527931548,0.18034721626341343,100000,uneven,3344
3304,500,21.147813221913285,20.928,22.094,583,97,0,0.19168286590167583,0.17954509338736535,100000,uniform_medium,3345
3305,500,-22.837022509086474,3.156,3.544,194,119,0,0.191587024468725,0.17710447166860105,100000,low_uniform,3346
3306,500,-6.251955013571773,27.088,28.328,620,90,0,0.19149123095649065,0.17447292689979077,100000,uniform_medium,3347
3307,500,-20.01203493598596,23.12,24.24,560,106,0,0.19139548534101242,0.17439355172216892,100000,uniform_medium,3348
3308,500,-8.048927234959399,4.438,4.876,219,99,0,0.19129978759834193,0.1760491324812174,100000,low_uniform,3349
3309,500,-8.303247257557206,3.764,4.162,199,96,0,0.19120413770454278,0.1693103414028883,100000,low_uniform,3350
3310,153,-69.26502044739672,36.869281045751634,37.967320261437905,168,27,1,0.19110853563569052,0.17591657752499862,100000,rush_hour,3351
3311,103,-87.19836237850627,48.66019417475728,49.8252427184466,120,20,1,0.1910129813678727,0.1752760461667209,100000,high_uniform,3352
3312,69,-101.33812211711461,57.05797101449275,57.95652173913044,62,18,1,0.19091747487718877,0.1684663275229758,100000,high_uniform,3353
3313,500,-132.8647026953757,42.324,43.618,647,81,0,0.1908220161397502,0.1732379433363676,100000,rush_hour,3354
3314,500,-2.0688451834700032,22.56,23.676,558,100,0,0.19072660513168033,0.17683447796106339,100000,uniform_medium,3355
3315,112,-59.455246343425834,42.410714285714285,43.723214285714285,147,14,1,0.1906312418291145,0.17631446037973678,100000,high_uniform,3356
3316,500,-34.914415562421574,29.334,30.568,617,92,0,0.19053592620819995,0.17598212163150312,100000,rush_hour,3357
3317,358,-99.40629245928982,35.58100558659218,36.745810055865924,417,67,1,0.19044065824509587,0.17353609734990078,100000,uneven,3358
3318,500,-79.06804636978481,31.922,33.082,580,98,0,0.19034543791597333,0.17105389560759068,100000,uniform_medium,3359
3319,500,-39.100011281258205,24.36,25.448,544,104,0,0.19025026519701535,0.1742039999216795,100000,uniform_medium,3360
3320,500,-18.666191619708567,3.83,4.21,190,102,0,0.19015514006441686,0.17502196165919304,100000,low_uniform,3361
3321,500,-10.875560528051592,3.928,4.302,187,86,0,0.19006006249438467,0.17909834380447864,100000,low_uniform,3362
3322,500,-4.3194915181331055,3.666,4.05,192,86,0,0.18996503246313748,0.17273980687558652,100000,low_uniform,3363
3323,252,-72.86624754768364,36.21031746031746,37.464285714285715,316,46,1,0.18987004994690593,0.17770901183405566,100000,uneven,3364
3324,500,-102.78716035156062,35.594,36.816,611,96,0,0.1897751149219325,0.17537294568121434,100000,uneven,3365
3325,98,-57.123061027210646,38.734693877551024,39.91836734693877,116,15,1,0.18968022736447154,0.17486902957364003,100000,high_uniform,3366
3326,176,-63.571128387510946,34.92613636363637,36.04545454545455,197,37,1,0.18958538725078933,0.17483967187052424,100000,uneven,3367
3327,500,-11.265045998247015,4.376,4.752,188,86,0,0.18949059455716394,0.17287949864566327,100000,low_uniform,3368
3328,500,2.5370532117555404,22.05,23.172,561,97,0,0.18939584925988537,0.17468927878141402,100000,uniform_medium,3369
3329,500,-18.761806542260175,20.042,21.082,520,110,0,0.18930115133525544,0.17096279872953893,100000,uniform_medium,3370
3330,490,-175.04477771352563,46.58571428571429,47.875510204081635,632,85,1,0.1892065007595878,0.17176808812180344,100000,rush_hour,3371
3331,500,-58.85332917722298,34.554,35.846,646,80,0,0.18911189750920804,0.17039193481206893,100000,uneven,3372
3332,480,-64.9503610837658,34.33125,35.64375,630,79,1,0.18901734156045344,0.17436023011493187,100000,rush_hour,3373
3333,500,-54.37789966068292,28.848,30.002,577,99,0,0.1889228328896732,0.17113817209005355,100000,uniform_medium,3374
3334,129,-47.43609943063443,32.604651162790695,33.72868217054263,145,27,1,0.1888283714732284,0.17348830985237462,100000,rush_hour,3375
3335,500,-14.132947155109903,3.876,4.27,197,98,0,0.1887339572874918,0.17154096546769143,100000,low_uniform,3376
3336,500,-17.924369175815613,23.77,24.898,564,103,0,0.18863959030884805,0.1756952969133854,100000,uniform_medium,3377
3337,88,-87.12371422268387,54.05681818181818,55.22727272727273,103,16,1,0.18854527051369363,0.17740671201185745,100000,high_uniform,3378
3338,500,-15.159853147600833,4.628,5.034,203,98,0,0.1884509978784368,0.17728819024562836,100000,low_uniform,3379
3339,500,-31.779058270547782,28.464,29.724,630,84,0,0.1883567723794976,0.17206041076779366,100000,rush_hour,3380
3340,392,-133.29585836381804,42.423469387755105,43.683673469387756,494,69,1,0.18826259399330786,0.173845261696498,100000,rush_hour,3381
3341,93,-102.99849544398889,51.17204301075269,52.204301075268816,96,21,1,0.1881684626963112,0.17401497458578438,100000,high_uniform,3382
3342,500,3.4689941958422184,19.958,21.058,550,98,0,0.18807437846496305,0.17126465071737768,100000,uniform_medium,3383
3343,500,-19.671371620697645,4.464,4.86,198,102,0,0.18798034127573057,0.16991234575212003,100000,low_uniform,3384
3344,112,-46.875794539732965,32.089285714285715,33.1875,123,22,1,0.18788635110509272,0.16830163808273418,100000,uneven,3385
3345,108,-67.93375502687334,42.2037037037037,43.370370370370374,126,20,1,0.1877924079295402,0.16996805494030318,100000,high_uniform,3386
3346,393,-121.47289817907404,35.49872773536896,36.61323155216285,438,82,1,0.18769851172557542,0.17724597122302188,100000,uneven,3387
3347,225,-59.99535507281,31.386666666666667,32.51555555555556,254,47,1,0.18760466246971264,0.17482694549693,100000,uneven,3388
3348,500,-24.78475744071646,3.766,4.122,178,98,0,0.1875108601384778,0.17299413461983204,100000,low_uniform,3389
3349,500,-16.31941689495127,4.352,4.76,204,102,0,0.18741710470840856,0.17262204568088055,100000,low_uniform,3390
3350,395,-166.9791306264335,45.28101265822785,46.46835443037975,469,78,1,0.18732339615605437,0.1681289185074311,100000,uneven,3391
3351,500,-23.404054980856845,3.89,4.268,189,107,0,0.18722973445797636,0.169239952147007,100000,low_uniform,3392
3352,500,-62.642398646386695,31.506,32.736,615,91,0,0.18713611959074739,0.16981346447765827,100000,rush_hour,3393
3353,500,-26.318419138868187,2.99,3.344,177,112,0,0.18704255153095203,0.17064913211762905,100000,low_uniform,3394
3354,500,-55.19981559095395,32.532,33.788,628,85,0,0.18694903025518655,0.16642988027632236,100000,uneven,3395
3355,500,-77.35359716441235,35.3,36.6,650,84,0,0.18685555574005897,0.1686944487094879,100000,rush_hour,3396
3356,54,-44.0883332310175,39.55555555555556,40.629629629629626,58,8,1,0.18676212796218894,0.1742885092066394,100000,high_uniform,3397
3357,500,-30.70313037295578,3.536,3.916,190,122,0,0.18666874689820787,0.16841195507347584,100000,low_uniform,3398
3358,442,-239.50253565471837,53.839366515837106,55.085972850678736,551,79,1,0.18657541252475876,0.16594415756439732,100000,rush_hour,3399
3359,500,-19.891896067929384,3.568,3.972,202,113,0,0.18648212481849638,0.1678743245601654,100000,low_uniform,3400
3360,95,-94.5488830777503,60.44210526315789,61.82105263157895,131,14,1,0.18638888375608714,0.17275665088703757,100000,high_uniform,3401
3361,129,-52.00613340211653,36.74418604651163,37.93023255813954,153,23,1,0.18629568931420912,0.1744443315637204,100000,rush_hour,3402
3362,500,-93.16908962449719,36.656,37.936,640,86,0,0.18620254146955204,0.16986826184391976,100000,uneven,3403
3363,500,-11.080043597148098,3.476,3.902,213,110,0,0.18610944019881728,0.17035029731690884,100000,low_uniform,3404
3364,500,-185.33325257798091,45.654,46.898,622,91,0,0.18601638547871788,0.16595680864155293,100000,rush_hour,3405
3365,500,-18.132027259418162,4.154,4.56,203,106,0,0.18592337728597852,0.17203996729850768,100000,low_uniform,3406
3366,320,-75.26801195860295,37.1875,38.4375,400,55,1,0.18583041559733554,0.16621542796492578,100000,uneven,3407
3367,500,-53.86587029398518,32.436,33.698,631,83,0,0.18573750038953687,0.16713179357349872,100000,uneven,3408
3368,500,18.598776760010054,19.756,20.89,567,102,0,0.1856446316393421,0.16956611938774585,100000,uniform_medium,3409
3369,84,-79.39398067639817,48.976190476190474,50.142857142857146,98,15,1,0.18555180932352244,0.16341809706673735,100000,high_uniform,3410
3370,500,-26.95615414674308,4.248,4.628,190,109,0,0.1854590334188607,0.16891382065415383,100000,low_uniform,3411
3371,500,-113.25028865330104,35.812,37.036,612,92,0,0.18536630390215128,0.165831410959363,100000,rush_hour,3412
3372,500,0.5484810688183963,25.258,26.462,602,88,0,0.1852736207502002,0.16600172702968122,100000,uniform_medium,3413
3373,500,38.59263922010422,18.08,19.21,565,100,0,0.18518098393982513,0.1670340001285076,100000,uniform_medium,3414
3374,132,-132.43428448726797,57.628787878787875,58.71969696969697,144,29,1,0.18508839344785522,0.16773867116055705,100000,high_uniform,3415
3375,319,-98.69206755397,38.76489028213166,39.98432601880878,389,59,1,0.1849958492511313,0.1686939015097005,100000,uneven,3416
3376,116,-82.74033383661758,48.724137931034484,50.043103448275865,153,17,1,0.18490335132650573,0.17058281099487996,100000,high_uniform,3417
3377,120,-54.77748694097715,41.05833333333333,42.425,164,16,1,0.1848108996508425,0.16818799916654825,100000,high_uniform,3418
3378,98,-122.90010413412551,60.40816326530612,61.43877551020408,101,24,1,0.18471849420101707,0.17992821206547777,100000,high_uniform,3419
3379,379,-271.57049925809133,63.1688654353562,64.3957783641161,465,71,1,0.18462613495391658,0.1769693635777622,100000,rush_hour,3420
3380,500,6.324857561349557,21.134,22.268,567,99,0,0.18453382188643963,0.17783014795184135,100000,uniform_medium,3421
3381,462,-37.62903219000917,28.96969696969697,30.242424242424242,588,80,1,0.1844415549754964,0.17672778965977878,100000,rush_hour,3422
3382,500,-146.65584920481405,44.042,45.344,651,82,0,0.18434933419800867,0.17589377619326116,100000,uneven,3423
3383,500,-47.09967709554477,28.684,29.888,602,93,0,0.18425715953090968,0.17044783189892768,100000,rush_hour,3424
3384,429,-197.41351181776344,49.29370629370629,50.53379953379953,532,78,1,0.18416503095114423,0.17324169817226473,100000,rush_hour,3425
3385,218,-47.082166042037315,32.22935779816514,33.46788990825688,270,37,1,0.18407294843566865,0.17106738033781357,100000,uneven,3426
3386,500,-62.688630640302755,31.658,32.846,594,92,0,0.18398091196145083,0.1728420889824629,100000,uniform_medium,3427
3387,500,-136.91579525001367,39.072,40.302,615,94,0,0.18388892150547012,0.16819069831073283,100000,uneven,3428
3388,500,-21.580775895867127,27.928,29.18,626,90,0,0.1837969770447174,0.1725494417101145,100000,uneven,3429
3389,500,-82.02386200438072,34.668,35.886,609,91,0,0.18370507855619506,0.17415192461013793,100000,uniform_medium,3430
3390,190,-61.74544873285786,30.16315789473684,31.16842105263158,191,42,1,0.18361322601691696,0.17366285202534576,100000,uneven,3431
3391,500,-9.464797385031902,23.302,24.418,558,97,0,0.1835214194039085,0.1712786519676447,100000,uniform_medium,3432
3392,71,-67.02141559959541,46.33802816901409,47.38028169014085,74,10,1,0.18342965869420658,0.16978074148507186,100000,high_uniform,3433
3393,457,-156.72503532984464,42.86870897155361,44.10722100656455,566,78,1,0.1833379438648595,0.17157993909110125,100000,uneven,3434
3394,500,-33.27771147379069,4.222,4.584,181,110,0,0.18324627489292708,0.17156812943518163,100000,low_uniform,3435
3395,500,3.121162460969209,22.406,23.548,571,98,0,0.18315465175548062,0.17224363493919373,100000,uniform_medium,3436
3396,268,-90.419828525433,38.01119402985075,39.17164179104478,311,52,1,0.1830630744296029,0.1776560216641693,100000,uneven,3437
3397,167,-149.13986673388538,63.053892215568865,64.37724550898204,221,26,1,0.18297154289238812,0.1730819825908381,100000,high_uniform,3438
3398,497,-70.05608795855206,34.7102615694165,36.0261569416499,654,80,1,0.18288005712094194,0.1814397424009724,100000,rush_hour,3439
3399,500,-23.2824653860616,3.278,3.662,192,115,0,0.18278861709238148,0.17376725523173808,100000,low_uniform,3440
3400,500,-59.63738388461338,33.202,34.478,638,84,0,0.1826972227838353,0.17396021181344987,100000,uneven,3441
3401,76,-55.936245439788564,31.276315789473685,32.14473684210526,66,19,1,0.1826058741724434,0.16376431776504768,100000,rush_hour,3442
3402,500,-182.9643346281688,46.764,48.04,638,85,0,0.1825145712353572,0.1664153641164303,100000,rush_hour,3443
3403,500,-6.023378695550244,3.512,3.898,193,90,0,0.1824233139497395,0.17384431606531142,100000,low_uniform,3444
3404,167,-111.64317300754793,45.287425149700596,46.293413173652695,168,39,1,0.18233210229276464,0.1716399547939529,100000,rush_hour,3445
3405,500,0.9130910884073762,21.084,22.196,556,101,0,0.18224093624161827,0.17304037036001682,100000,uniform_medium,3446
3406,500,-0.7243441397694452,22.312,23.466,577,99,0,0.18214981577349748,0.1701497951745987,100000,uniform_medium,3447
3407,500,-109.81797865152946,35.384,36.53,573,93,0,0.18205874086561075,0.16830411437153817,100000,uniform_medium,3448
3408,500,-146.69049461643556,40.53,41.758,614,90,0,0.18196771149517796,0.16363569915294648,100000,uneven,3449
3409,500,-16.323657255998214,28.638,29.922,642,84,0,0.18187672763943039,0.16892589363455773,100000,uneven,3450
3410,78,-86.85936210259774,51.43589743589744,52.6025641025641,91,15,1,0.18178578927561068,0.1719950079344786,100000,high_uniform,3451
3411,500,-12.450698590370196,3.486,3.864,189,95,0,0.1816948963809729,0.17019239059090616,100000,low_uniform,3452
3412,484,-83.93019219057693,31.725206611570247,32.91528925619835,576,91,1,0.1816040489327824,0.1663998094472018,100000,rush_hour,3453
3413,500,20.800809440162233,20.25,21.404,577,98,0,0.18151324690831602,0.165710323035717,100000,uniform_medium,3454
3414,500,-17.35862542877762,4.144,4.562,209,107,0,0.18142249028486188,0.17210607558488847,100000,low_uniform,3455
3415,82,-68.67840026823545,43.81707317073171,45.048780487804876,101,15,1,0.18133177903971945,0.17399621327839246,100000,high_uniform,3456
3416,121,-118.4332791629905,59.413223140495866,60.66115702479339,151,21,1,0.1812411131501996,0.16610025694547606,100000,high_uniform,3457
3417,263,-136.03447228776935,44.866920152091254,45.99239543726236,296,54,1,0.18115049259362453,0.1717810953467971,100000,uneven,3458
3418,146,-93.22861938600649,47.08904109589041,48.19178082191781,161,28,1,0.18105991734732774,0.16473473593184393,100000,rush_hour,3459
3419,500,-18.81643961955392,3.956,4.318,181,95,0,0.1809693873886541,0.16732203736901283,100000,low_uniform,3460
3420,500,-32.97101407229982,26.224,27.39,583,98,0,0.18087890269495976,0.16761078952252864,100000,uniform_medium,3461
3421,55,-56.25050741907969,41.50909090909091,42.54545454545455,57,8,1,0.1807884632436123,0.16784078167243438,100000,high_uniform,3462
3422,195,-92.29593260060881,42.14871794871795,43.235897435897435,212,39,1,0.1806980690119905,0.16877668633674964,100000,uneven,3463
3423,179,-80.36281843952231,41.42458100558659,42.608938547486034,212,36,1,0.1806077199774845,0.16903768134350217,100000,uneven,3464
3424,500,-68.76583755099855,30.52,31.696,588,100,0,0.18051741611749578,0.16723635110259055,100000,uniform_medium,3465
3425,237,-51.77386618173522,30.713080168776372,31.88607594936709,278,44,1,0.18042715740943704,0.16926824266900492,100000,uneven,3466
3426,500,-67.94944052480604,36.462,37.802,670,79,0,0.18033694383073234,0.16846936443448066,100000,rush_hour,3467
3427,89,-102.8407210891546,55.157303370786515,56.235955056179776,96,20,1,0.18024677535881697,0.1693594376190325,100000,high_uniform,3468
3428,466,-83.2918537228283,32.48497854077253,33.712446351931334,572,86,1,0.1801566519711376,0.16781866344195578,100000,rush_hour,3469
3429,275,-70.7325448750831,37.88,39.14909090909091,349,45,1,0.18006657364515202,0.17587873128327455,100000,uneven,3470
3430,500,22.7381391583949,18.446,19.54,547,99,0,0.17997654035832947,0.17358181163668632,100000,uniform_medium,3471
3431,500,27.243960262482556,20.556,21.716,580,95,0,0.17988655208815033,0.16815968728065492,100000,uniform_medium,3472
3432,486,-132.6127218890907,41.650205761316876,42.9238683127572,619,84,1,0.17979660881210627,0.17094203461835414,100000,uneven,3473
3433,500,4.201666750597501,22.308,23.46,576,97,0,0.17970671050770023,0.17130525904893876,100000,uniform_medium,3474
3434,500,-61.2691107056165,31.822,33.018,598,96,0,0.1796168571524464,0.17154184511303902,100000,uniform_medium,3475
3435,500,-21.611166820146902,23.342,24.456,557,105,0,0.17952704872387018,0.17584699933230877,100000,uniform_medium,3476
3436,500,-28.39775796877004,29.258,30.518,630,88,0,0.17943728519950825,0.1752240611165762,100000,uneven,3477
3437,500,22.231613172995825,20.32,21.442,561,96,0,0.1793475665569085,0.1729229377359152,100000,uniform_medium,3478
3438,174,-113.31462334965153,49.98275862068966,51.14367816091954,202,35,1,0.17925789277363005,0.16720621112263065,100000,uneven,3479
3439,447,-131.9362459798099,42.68903803131991,43.99552572706935,584,77,1,0.17916826382724324,0.16897195097584053,100000,rush_hour,3480
3440,500,-76.43938225276474,34.812,36.096,642,87,0,0.17907867969532962,0.17231254090368747,100000,rush_hour,3481
3441,488,-164.35273757696328,42.46926229508197,43.68647540983606,594,91,1,0.17898914035548197,0.17481761657800832,100000,rush_hour,3482
3442,500,-8.438463104022269,4.306,4.72,207,92,0,0.17889964578530423,0.17419237157702447,100000,low_uniform,3483
3443,73,-83.71632768964001,50.0,50.83561643835616,61,10,1,0.1788101959624116,0.17025447146941539,100000,high_uniform,3484
3444,500,2.4734450912055497,23.226,24.394,584,98,0,0.1787207908644304,0.17171095672249795,100000,uniform_medium,3485
3445,500,-91.90030002795832,36.568,37.852,642,84,0,0.1786314304689982,0.17431029817461968,100000,rush_hour,3486
3446,500,-14.471800714480057,30.976,32.31,667,81,0,0.17854211475376372,0.17104743400216102,100000,uneven,3487
3447,500,-2.8185709150570926,25.234,26.43,598,96,0,0.17845284369638684,0.17306008614599705,100000,uniform_medium,3488
3448,107,-112.39179004318103,59.32710280373832,60.55140186915888,131,19,1,0.17836361727453864,0.17830932126424023,100000,high_uniform,3489
3449,500,6.1746387800713105,27.508,28.816,654,77,0,0.17827443546590138,0.17187490636110306,100000,uneven,3490
3450,67,-80.58716524146585,50.940298507462686,52.0,71,15,1,0.17818529824816845,0.179689845487253,100000,high_uniform,3491
3451,89,-80.61457908354375,55.57303370786517,56.91011235955056,119,14,1,0.17809620559904438,0.18019712691226702,100000,high_uniform,3492
3452,500,-12.857113541884003,3.8,4.212,206,101,0,0.17800715749624488,0.17337397781014444,100000,low_uniform,3493
3453,99,-87.68601138854206,56.343434343434346,57.64646464646464,129,15,1,0.17791815391749677,0.17600315530793836,100000,high_uniform,3494
3454,500,-106.43185071032758,33.388,34.54,576,98,0,0.17782919484053802,0.17240347911417483,100000,uniform_medium,3495
3455,136,-36.35954271096277,28.75,29.941176470588236,162,24,1,0.17774028024311778,0.17982366779709563,100000,rush_hour,3496
3456,232,-96.65728612169995,42.55603448275862,43.758620689655174,279,41,1,0.17765141010299623,0.17048547063665143,100000,rush_hour,3497
3457,340,-100.0768157680145,39.05294117647059,40.26176470588236,411,59,1,0.17756258439794476,0.17105861207579864,100000,uneven,3498
3458,500,-21.28992078558555,3.932,4.258,163,87,0,0.1774738031057458,0.16916217282414436,100000,low_uniform,3499
3459,500,-114.09960738748549,41.936,43.274,669,79,0,0.17738506620419292,0.1662476731389761,100000,rush_hour,3500
3460,500,30.78725976191302,21.29,22.492,601,91,0,0.17729637367109083,0.17111532267928123,100000,uniform_medium,3501
3461,93,-89.69269247102098,55.70967741935484,57.02150537634409,122,15,1,0.17720772548425529,0.17641507177263177,100000,high_uniform,3502
3462,110,-69.8777102412692,40.0,41.08181818181818,119,21,1,0.17711912162151316,0.18028385801748795,100000,rush_hour,3503
3463,500,-222.58157088812607,47.186,48.368,591,99,0,0.17703056206070242,0.17595596538484096,100000,rush_hour,3504
3464,500,-7.375562478290358,3.444,3.846,201,99,0,0.17694204677967207,0.17202791191637515,100000,low_uniform,3505
3465,500,-15.173604377203674,21.368,22.472,552,107,0,0.17685357575628224,0.17493245294690132,100000,uniform_medium,3506
3466,312,-55.20462532685236,36.830128205128204,38.18269230769231,422,49,1,0.17676514896840412,0.17493072176017824,100000,uneven,3507
3467,88,-82.89338868519631,43.21590909090909,44.22727272727273,89,17,1,0.17667676639391994,0.17433027965439993,100000,high_uniform,3508
3468,467,-45.45437422854368,22.957173447537475,24.014989293361886,494,97,1,0.176588428010723,0.174745583160914,100000,uniform_medium,3509
3469,93,-43.51598945498519,40.655913978494624,42.064516129032256,131,12,1,0.17650013379671764,0.17521483010502273,100000,high_uniform,3510
3470,473,-111.14849074211261,35.71458773784355,36.906976744186046,564,85,1,0.17641188372981928,0.17220060109903143,100000,rush_hour,3511
3471,500,14.109689822994433,18.716,19.818,551,101,0,0.17632367778795438,0.16966320605576038,100000,uniform_medium,3512
3472,500,-6.448622753385113,28.876,30.166,645,83,0,0.17623551594906042,0.17265566079318523,100000,uneven,3513
3473,162,-54.14973363172305,35.0,36.20987654320987,196,30,1,0.1761473981910859,0.17039389282832912,100000,uneven,3514
3474,452,-160.65783305511283,44.517699115044245,45.76327433628319,563,81,1,0.17605932449199038,0.1725347467854751,100000,rush_hour,3515
3475,500,37.640262642609976,20.396,21.582,593,90,0,0.17597129482974438,0.17037769047915935,100000,uniform_medium,3516
3476,500,39.82969623893817,17.578,18.704,563,104,0,0.17588330918232953,0.17453092984855176,100000,uniform_medium,3517
3477,88,-69.48549125855149,49.56818181818182,50.92045454545455,119,11,1,0.17579536752773836,0.17374753215434877,100000,high_uniform,3518
3478,98,-101.15410210294954,54.642857142857146,55.80612244897959,114,18,1,0.1757074698439745,0.17394107618198104,100000,high_uniform,3519
3479,127,-109.71550878487861,57.07874015748032,58.44094488188976,173,17,1,0.17561961610905252,0.17428781174299285,100000,high_uniform,3520
3480,341,-133.15756120701124,45.73020527859237,47.00879765395894,436,60,1,0.17553180630099802,0.1737571022858368,100000,uneven,3521
3481,500,-126.65766609841916,37.036,38.228,596,91,0,0.17544404039784753,0.1718901850283146,100000,uneven,3522
3482,500,20.132112503910513,20.008,21.14,566,101,0,0.17535631837764862,0.1744739348590374,100000,uniform_medium,3523
3483,340,-143.81618645231111,45.86764705882353,47.0735294117647,410,62,1,0.1752686402184598,0.17090222506838687,100000,uneven,3524
3484,500,20.348463561401438,17.904,18.99,543,107,0,0.1751810058983506,0.17398032088577747,100000,uniform_medium,3525
3485,130,-100.33903701855364,52.65384615384615,53.92307692307692,165,22,1,0.17509341539540144,0.17932982238439413,100000,high_uniform,3526
3486,500,-5.586001815659667,4.674,5.086,206,86,0,0.17500586868770374,0.17561126954853534,100000,low_uniform,3527
3487,500,15.14613933301336,21.26,22.412,576,100,0,0.1749183657533599,0.17259015095233918,100000,uniform_medium,3528
3488,416,-95.977204352254,37.32451923076923,38.58894230769231,526,73,1,0.17483090657048322,0.17501886498827773,100000,rush_hour,3529
3489,73,-104.98994710860241,59.28767123287671,60.205479452054796,67,16,1,0.174743491117198,0.17335722176995996,100000,high_uniform,3530
3490,279,-100.19531196009338,37.69892473118279,38.82437275985663,314,55,1,0.1746561193716394,0.175105687618042,100000,uneven,3531
3491,500,-27.35016252197686,4.428,4.77,171,94,0,0.1745687913119536,0.17671656581759454,100000,low_uniform,3532
3492,161,-48.79422434525874,34.46583850931677,35.67701863354037,195,23,1,0.17448150691629763,0.1720642952815346,100000,uneven,3533
3493,500,-78.25025600432883,31.482,32.63,574,98,0,0.17439426616283948,0.1728656992316246,100000,uniform_medium,3534
3494,259,-137.92012892883392,51.351351351351354,52.61776061776062,328,44,1,0.17430706902975807,0.17675658347063544,100000,uneven,3535
3495,500,-196.21147090614892,46.524,47.752,614,88,0,0.17421991549524318,0.17231889636814593,100000,rush_hour,3536
3496,103,-93.13306695014579,50.53398058252427,51.66990291262136,117,21,1,0.17413280553749558,0.18189593267093584,100000,high_uniform,3537
3497,500,-16.81436515322095,4.778,5.21,216,103,0,0.17404573913472685,0.17288064959645272,100000,low_uniform,3538
3498,96,-119.32476708984369,57.395833333333336,58.427083333333336,99,22,1,0.1739587162651595,0.17546359271121523,100000,high_uniform,3539
3499,500,-3.5891672676163617,4.532,4.968,218,92,0,0.17387173690702692,0.17609490770101546,100000,low_uniform,3540
3500,82,-66.89849211276484,56.76829268292683,58.23170731707317,120,10,1,0.1737848010385734,0.17382506199362802,100000,high_uniform,3541
3501,500,-6.581719436286721,3.356,3.78,212,106,0,0.17369790863805412,0.17470326341688633,100000,low_uniform,3542
3502,500,-66.60292469931244,36.612,37.936,662,82,0,0.1736110596837351,0.17435717396438122,100000,uneven,3543
3503,500,16.628000981708926,19.11,20.228,559,99,0,0.17352425415389325,0.17526055443286895,100000,uniform_medium,3544
3504,500,-0.3057159759833399,23.156,24.306,575,98,0,0.1734374920268163,0.17496722623705863,100000,uniform_medium,3545
3505,500,-14.840224941,4.316,4.734,209,103,0,0.1733507732808029,0.17191002908349037,100000,low_uniform,3546
3506,500,-126.35193447185829,44.11,45.448,669,78,0,0.1732640978941625,0.1693270782828331,100000,rush_hour,3547
3507,500,-61.17565976710538,31.952,33.202,625,84,0,0.17317746584521543,0.1727071949839592,100000,rush_hour,3548
3508,392,-105.50565402414728,40.23724489795919,41.5,495,68,1,0.17309087711229282,0.17694376312120227,100000,rush_hour,3549
3509,500,-13.774298591242035,3.23,3.606,188,99,0,0.1730043316737367,0.17719682002067566,100000,low_uniform,3550
3510,500,-81.35904039564996,32.622,33.78,579,99,0,0.17291782950789983,0.17615906412899493,100000,uniform_medium,3551
3511,500,-86.79902143502868,35.382,36.632,625,88,0,0.17283137059314588,0.17312031233310698,100000,rush_hour,3552
3512,99,-71.20559457175267,47.484848484848484,48.696969696969695,120,16,1,0.1727449549078493,0.17667462518720917,100000,high_uniform,3553
3513,500,-5.734715654535724,4.062,4.484,211,95,0,0.1726585824303954,0.17695452573895454,100000,low_uniform,3554
3514,500,-25.396670304037244,3.49,3.86,185,109,0,0.1725722531391802,0.17495144662261009,100000,low_uniform,3555
3515,500,20.374573393279057,20.962,22.13,584,97,0,0.17248596701261062,0.17328117422759534,100000,uniform_medium,3556
3516,160,-75.87655500736007,39.25625,40.40625,184,33,1,0.17239972402910433,0.17583353244699537,100000,rush_hour,3557
3517,500,-4.6226669637618105,3.796,4.236,220,101,0,0.17231352416708978,0.17412665365636348,100000,low_uniform,3558
3518,140,-92.3336541351239,45.15,46.285714285714285,159,27,1,0.17222736740500624,0.1748365953564644,100000,rush_hour,3559
3519,500,-95.92539630409622,36.526,37.828,651,84,0,0.17214125372130376,0.1734589300751686,100000,uneven,3560
3520,500,-62.30252754711796,35.612,36.928,658,83,0,0.17205518309444312,0.17377836176753045,100000,rush_hour,3561
3521,500,-37.50527228583371,31.302,32.588,643,81,0,0.1719691555028959,0.17672227753698827,100000,rush_hour,3562
3522,500,-21.67965321174917,25.578,26.756,589,96,0,0.17188317092514446,0.1734847022742033,100000,uniform_medium,3563
3523,169,-43.364953055916395,32.828402366863905,34.082840236686394,212,28,1,0.1717972293396819,0.17348407548383848,100000,rush_hour,3564
3524,500,-17.817605228359497,3.95,4.382,216,113,0,0.17171133072501205,0.17691448386013509,100000,low_uniform,3565
3525,500,-58.44218781452723,28.126,29.264,569,99,0,0.17162547505964956,0.17895455089211465,100000,uniform_medium,3566
3526,500,-53.29684792800403,28.812,29.942,565,98,0,0.17153966232211976,0.17710383071005345,100000,uniform_medium,3567
3527,500,-10.033496884892095,3.588,3.956,184,90,0,0.17145389249095871,0.17553540767729284,100000,low_uniform,3568
3528,500,-20.464849778254386,4.202,4.574,186,97,0,0.17136816554471324,0.174836580529809,100000,low_uniform,3569
3529,500,-9.85069525914616,3.394,3.762,184,90,0,0.1712824814619409,0.17373433457314968,100000,low_uniform,3570
3530,500,-22.596853674372788,4.55,4.97,210,112,0,0.17119684022120993,0.17064187851548196,100000,low_uniform,3571
3531,500,-3.403187390154912,21.188,22.302,557,103,0,0.17111124180109932,0.16920039147138596,100000,uniform_medium,3572
3532,500,-17.814968613094628,3.97,4.376,203,107,0,0.17102568618019878,0.16789231902360915,100000,low_uniform,3573
3533,500,-22.410341103858325,4.16,4.508,174,93,0,0.1709401733371087,0.16894329310953618,100000,low_uniform,3574
3534,500,-95.44063695787268,36.318,37.568,625,89,0,0.17085470325044017,0.17131537799537183,100000,rush_hour,3575
3535,500,-5.692509521475083,3.04,3.446,203,100,0,0.17076927589881497,0.17010535883903505,100000,low_uniform,3576
3536,500,-14.073321634234746,3.964,4.328,182,86,0,0.17068389126086556,0.16606761434674264,100000,low_uniform,3577
3537,500,-6.403690096409916,3.532,3.912,190,89,0,0.17059854931523513,0.16781071884930135,100000,low_uniform,3578
3538,500,-20.87735943900084,2.962,3.288,163,98,0,0.17051325004057752,0.16598394985496998,100000,low_uniform,3579
3539,106,-78.90931022873055,48.632075471698116,49.9622641509434,141,16,1,0.17042799341555723,0.1633281758371389,100000,high_uniform,3580
3540,500,-28.39312279732487,32.236,33.572,668,77,0,0.17034277941884945,0.16739277704060077,100000,rush_hour,3581
3541,500,-130.22257304172112,42.434,43.762,664,82,0,0.17025760802914003,0.16845323599874973,100000,uneven,3582
3542,93,-60.27747223509586,48.24731182795699,49.72043010752688,137,12,1,0.17017247922512546,0.1693523194520704,100000,high_uniform,3583
3543,500,-28.683582882731258,3.734,4.1,183,110,0,0.1700873929855129,0.16790708623826503,100000,low_uniform,3584
3544,500,-70.12911562879094,37.612,38.964,676,78,0,0.17000234928902014,0.16642548140883445,100000,uneven,3585
3545,500,-17.81063388461553,3.74,4.144,202,107,0,0.16991734811437564,0.16817799343168735,100000,low_uniform,3586
3546,500,-186.21676251027674,47.682,48.954,636,90,0,0.16983238944031848,0.16782864446938037,100000,uneven,3587
3547,91,-84.72412008157957,43.86813186813187,44.857142857142854,90,21,1,0.16974747324559833,0.16217843041970179,100000,high_uniform,3588
3548,161,-43.25660232150787,33.900621118012424,35.099378881987576,193,28,1,0.16966259950897553,0.17012162724081775,100000,rush_hour,3589
3549,500,29.964180366270753,17.348,18.442,547,103,0,0.16957776820922105,0.16808270464837552,100000,uniform_medium,3590
3550,500,-82.22016680998594,35.678,36.944,633,85,0,0.16949297932511645,0.16902640073001385,100000,uneven,3591
3551,118,-71.97636692481525,46.144067796610166,47.40677966101695,149,17,1,0.1694082328354539,0.1640900675901922,100000,high_uniform,3592
3552,78,-73.09501560046722,40.64102564102564,41.52564102564103,69,15,1,0.16932352871903616,0.171963540216287,100000,high_uniform,3593
3553,500,-21.184546188682724,27.538,28.778,620,90,0,0.16923886695467666,0.16655975970625878,100000,rush_hour,3594
3554,254,-54.909159888591596,32.976377952755904,34.22047244094488,316,46,1,0.16915424752119934,0.17008039569408875,100000,uneven,3595
3555,92,-95.19047113907047,55.0,56.141304347826086,105,18,1,0.16906967039743875,0.16676442065964575,100000,high_uniform,3596
3556,73,-69.20217650175582,44.794520547945204,45.821917808219176,75,14,1,0.16898513556224004,0.16444667806364086,100000,high_uniform,3597
3557,274,-104.02626289503728,40.693430656934304,41.916058394160586,335,51,1,0.16890064299445892,0.17253123599029804,100000,uneven,3598
3558,500,-4.9236318387275775,23.616,24.798,591,97,0,0.1688161926729617,0.17080856715142728,100000,uniform_medium,3599
3559,500,-9.44061738098526,4.704,5.11,203,85,0,0.16873178457662522,0.1702642148435116,100000,low_uniform,3600
3560,76,-77.47782388866119,44.328947368421055,45.30263157894737,74,17,1,0.1686474186843369,0.16995690517911785,100000,high_uniform,3601
3561,500,-19.25226891956465,3.95,4.34,195,104,0,0.16856309497499475,0.16966112123429775,100000,low_uniform,3602
3562,500,-16.757436164911137,3.216,3.598,191,107,0,0.16847881342750726,0.16962274537980557,100000,low_uniform,3603
3563,99,-78.31190068209825,51.75757575757576,53.06060606060606,129,14,1,0.16839457402079352,0.16914331642064181,100000,high_uniform,3604
3564,500,-120.93913782662162,37.406,38.642,618,94,0,0.16831037673378313,0.16939555157721042,100000,uneven,3605
3565,500,-18.35706305933512,31.782,33.112,665,81,0,0.16822622154541625,0.16647626850008965,100000,uneven,3606
3566,500,3.69115878922643,19.414,20.478,532,100,0,0.16814210843464356,0.16928366573154927,100000,uniform_medium,3607
3567,95,-75.76888820672326,50.8421052631579,52.16842105263158,126,14,1,0.16805803738042624,0.1687867962216076,100000,high_uniform,3608
3568,500,-21.848401254252707,3.382,3.754,186,110,0,0.16797400836173604,0.16847471457719804,100000,low_uniform,3609
3569,321,-76.42799293950641,35.57943925233645,36.809968847352025,395,57,1,0.16789002135755518,0.17218946036520033,100000,uneven,3610
3570,500,-0.5624359886579686,23.196,24.358,581,94,0,0.16780607634687641,0.16660425585508346,100000,uniform_medium,3611
3571,500,-19.422435724384087,27.068,28.306,619,91,0,0.16772217330870298,0.16707671464979648,100000,uneven,3612
3572,455,-91.88469039606197,32.12527472527473,33.283516483516486,527,88,1,0.16763831222204864,0.17157247436570597,100000,rush_hour,3613
3573,374,-29.2900680375941,28.331550802139038,29.58823529411765,470,68,1,0.16755449306593762,0.16799605111865437,100000,uneven,3614
3574,500,16.25065605084277,20.47,21.59,560,101,0,0.16747071581940465,0.17014309564232827,100000,uniform_medium,3615
3575,500,-173.53396478500838,46.588,47.882,647,86,0,0.16738698046149494,0.16760683739185334,100000,rush_hour,3616
3576,451,-81.88792028949949,36.175166297117514,37.470066518847005,584,77,1,0.1673032869712642,0.16875446665445612,100000,uneven,3617
3577,372,-135.47321200138555,43.21774193548387,44.45967741935484,462,67,1,0.1672196353277786,0.16210440205790663,100000,uneven,3618
3578,470,-116.94770324863546,39.08936170212766,40.34468085106383,590,82,1,0.1671360255101147,0.16637303255339886,100000,rush_hour,3619
3579,464,-84.97126407683321,35.67025862068966,36.952586206896555,595,79,1,0.16705245749735964,0.16774484677368712,100000,rush_hour,3620
3580,500,-3.6823632073413424,3.946,4.358,206,91,0,0.16696893126861098,0.1650504053682089,100000,low_uniform,3621
3581,173,-58.21733582061967,35.67052023121387,36.86705202312139,207,28,1,0.16688544680297668,0.16362326897982227,100000,rush_hour,3622
3582,305,-39.86828460355228,29.557377049180328,30.80327868852459,380,54,1,0.1668020040795752,0.1692573252759996,100000,uneven,3623
3583,500,29.171820462666155,22.138,23.35,606,92,0,0.16671860307753544,0.16847712753713132,100000,uniform_medium,3624
3584,500,25.354497066362775,20.658,21.83,586,97,0,0.16663524377599667,0.17130962340533734,100000,uniform_medium,3625
3585,500,-75.80073124967545,32.984,34.25,633,88,0,0.1665519261541087,0.16850382295250893,100000,uneven,3626
3586,500,-86.1786577968468,31.146,32.264,559,104,0,0.16646865019103163,0.16762800197303296,100000,uniform_medium,3627
3587,78,-41.54991200263932,38.6025641025641,39.87179487179487,99,10,1,0.16638541586593614,0.1717603071950949,100000,high_uniform,3628
3588,500,-82.14550028056539,33.93,35.19,630,91,0,0.16630222315800317,0.17132433986663817,100000,uneven,3629
3589,500,-104.95840976146246,37.08,38.344,632,86,0,0.16621907204642417,0.17509905961155892,100000,uneven,3630
3590,164,-87.75228920383638,43.896341463414636,45.03048780487805,186,34,1,0.16613596251040097,0.17285582863884727,100000,rush_hour,3631
3591,500,-1.9395489021977754,3.072,3.498,213,103,0,0.1660528945291458,0.16983027908205986,100000,low_uniform,3632
3592,500,50.52369990196276,18.05,19.214,582,96,0,0.16596986808188122,0.1727280082255602,100000,uniform_medium,3633
3593,125,-39.66693024376739,28.136,29.208,134,27,1,0.16588688314784028,0.16207934761047363,100000,rush_hour,3634
3594,89,-66.22177762805725,45.52808988764045,46.764044943820224,110,13,1,0.16580393970626636,0.17594028992599317,100000,high_uniform,3635
3595,500,-32.44763451573499,26.564,27.73,583,98,0,0.16572103773641325,0.1697172874957323,100000,uniform_medium,3636
3596,500,17.056000909823165,21.074,22.242,584,95,0,0.16563817721754506,0.17104045729339123,100000,uniform_medium,3637
3597,500,29.226327186823518,21.648,22.846,599,91,0,0.1655553581289363,0.16746763618290425,100000,uniform_medium,3638
3598,71,-70.19343242161575,47.67605633802817,48.859154929577464,84,14,1,0.16547258044987184,0.16778578189477114,100000,high_uniform,3639
3599,500,17.346965093418277,20.13,21.254,562,104,0,0.16538984415964691,0.16626809729635716,100000,uniform_medium,3640
3600,208,-68.26824082240118,37.60576923076923,38.83653846153846,256,39,1,0.1653071492375671,0.17188909538806632,100000,uneven,3641
3601,91,-70.09030580584029,54.76923076923077,56.175824175824175,128,12,1,0.1652244956629483,0.17572324313632734,100000,high_uniform,3642
3602,500,25.327431452611624,23.914,25.19,638,79,0,0.16514188341511685,0.1712379278242588,100000,uneven,3643
3603,500,-5.855638634947267,4.73,5.156,213,87,0,0.1650593124734093,0.1702964226603508,100000,low_uniform,3644
3604,500,-7.896727756910252,31.702,33.068,683,75,0,0.1649767828171726,0.16665394708514214,100000,uneven,3645
3605,380,-151.0769593568575,45.642105263157895,46.915789473684214,484,67,1,0.16489429442576403,0.16833588541730454,100000,rush_hour,3646
3606,500,-19.246813363191826,3.168,3.566,199,116,0,0.16481184727855117,0.16577237442135812,100000,low_uniform,3647
3607,500,40.24702101622679,18.55,19.7,575,97,0,0.1647294413549119,0.1650048972517252,100000,uniform_medium,3648
3608,500,-127.99267164271318,42.484,43.802,659,83,0,0.16464707663423447,0.17057625643908977,100000,uneven,3649
3609,321,-131.77015086641666,41.532710280373834,42.69470404984423,373,64,1,0.16456475309591737,0.16582694217980465,100000,uneven,3650
3610,113,-91.61312450044394,51.309734513274336,52.38053097345133,121,25,1,0.16448247071936942,0.16382229361122688,100000,uneven,3651
3611,82,-73.59282563051806,45.59756097560975,46.74390243902439,94,17,1,0.16440022948400973,0.16993173520739485,100000,high_uniform,3652
3612,500,-57.78899713849541,31.378,32.628,625,84,0,0.16431802936926773,0.1686136811375618,100000,uneven,3653
3613,500,11.633389522659387,27.522,28.844,661,76,0,0.16423587035458312,0.1682662860006094,100000,uneven,3654
3614,500,-3.0093148864904586,3.466,3.864,199,91,0,0.16415375241940583,0.16845147514343262,100000,low_uniform,3655
3615,500,-62.200574771610285,35.088,36.408,660,81,0,0.16407167554319613,0.166066387668252,100000,uneven,3656
3616,131,-109.09618311994643,58.3206106870229,59.656488549618324,175,19,1,0.16398963970542454,0.16751976123520437,100000,high_uniform,3657
3617,500,-5.6512487953914,4.452,4.89,219,95,0,0.16390764488557183,0.17253594788908957,100000,low_uniform,3658
3618,90,-70.25240213351105,47.5,48.74444444444445,112,14,1,0.16382569106312905,0.16838416697250472,100000,high_uniform,3659
3619,81,-91.02484318802532,52.5679012345679,53.53086419753087,78,17,1,0.1637437782175975,0.1648159972679468,100000,high_uniform,3660
3620,500,-16.0846372248909,3.41,3.756,173,93,0,0.1636619063284887,0.1689838145673275,100000,low_uniform,3661
3621,500,-93.95469881669386,36.768,38.018,625,91,0,0.16358007537532446,0.16815793171525,100000,rush_hour,3662
3622,500,63.99640218720386,15.372,16.494,561,94,0,0.1634982853376368,0.16908381643891335,100000,uniform_medium,3663
3623,500,47.30785279358143,16.968,18.102,567,97,0,0.163416536194968,0.1659065756648779,100000,uniform_medium,3664
3624,103,-71.92086244457471,43.9126213592233,45.00970873786408,113,10,1,0.1633348279268705,0.16921411027896752,100000,high_uniform,3665
3625,500,21.060623325625734,25.384,26.67,643,83,0,0.1632531605129071,0.17108919516205787,100000,rush_hour,3666
3626,500,14.320046775792052,24.342,25.612,635,85,0,0.16317153393265063,0.16731096336245538,100000,uneven,3667
3627,386,-84.43712503463247,36.43782383419689,37.7020725388601,488,68,1,0.1630899481656843,0.1676956616496484,100000,uneven,3668
3628,500,20.05180395903591,21.234,22.414,590,95,0,0.16300840319160148,0.16915740826725958,100000,uniform_medium,3669
3629,500,-90.50397709123338,36.796,38.06,632,88,0,0.16292689899000568,0.17311328054964542,100000,rush_hour,3670
3630,500,-37.75722368035603,31.29,32.57,640,86,0,0.16284543554051067,0.16982559178769588,100000,rush_hour,3671
3631,103,-106.33327454479574,55.650485436893206,56.79611650485437,118,19,1,0.16276401282274042,0.16810977632559618,100000,high_uniform,3672
3632,92,-78.73334778699228,55.20652173913044,56.57608695652174,126,13,1,0.16268263081632905,0.16945058334132898,100000,high_uniform,3673
3633,500,-6.5024718020052905,4.3,4.718,209,94,0,0.1626012895009209,0.16871185997128488,100000,low_uniform,3674
3634,500,-56.33641701529261,31.91,33.158,624,89,0,0.16251998885617044,0.1777595783174038,100000,uneven,3675
3635,490,-81.77297608419711,33.39591836734694,34.638775510204084,609,86,1,0.16243872886174238,0.17750502292598996,100000,rush_hour,3676
3636,80,-81.05923855554822,47.3,48.3375,83,15,1,0.1623575094973115,0.18484940323978663,100000,high_uniform,3677
3637,105,-99.64130965511794,59.99047619047619,61.285714285714285,136,16,1,0.16227633074256287,0.18247886009159542,100000,high_uniform,3678
3638,90,-99.67561245636817,50.522222222222226,51.522222222222226,90,22,1,0.1621951925771916,0.17601787398258845,100000,high_uniform,3679
3639,500,-14.256026362723201,4.474,4.884,205,94,0,0.162114094980903,0.17431410665810107,100000,low_uniform,3680
3640,171,-100.17244005991999,45.97076023391813,47.11695906432749,196,35,1,0.16203303793341256,0.18020918446848963,100000,uneven,3681
3641,500,-10.650296399806663,26.756,28.02,632,86,0,0.16195202141444587,0.1721525464206934,100000,uneven,3682
3642,500,-50.772058138744015,32.462,33.75,644,85,0,0.16187104540373864,0.17386931337416173,100000,rush_hour,3683
3643,500,26.003453148382434,22.118,23.366,624,88,0,0.1617901098810368,0.1705921513289213,100000,rush_hour,3684
3644,107,-101.79511416591997,58.00934579439252,59.28971962616822,137,19,1,0.16170921482609626,0.17026431336302625,100000,high_uniform,3685
3645,469,-62.184660365763094,36.12579957356077,37.501066098081026,645,70,1,0.16162836021868324,0.1740726809194093,100000,rush_hour,3686
3646,101,-90.98772144566708,55.71287128712871,57.01980198019802,132,17,1,0.1615475460385739,0.17503216759403153,100000,high_uniform,3687
3647,500,-15.115494604134552,30.158,31.46,651,84,0,0.16146677226555464,0.1721831783503294,100000,uneven,3688
3648,500,-88.76879317602315,36.722,38.026,652,80,0,0.16138603887942188,0.170934310734272,100000,uneven,3689
3649,500,-21.684130905368388,27.8,29.048,624,89,0,0.16130534585998219,0.17144266468286515,100000,rush_hour,3690
3650,192,-77.14285095377421,38.088541666666664,39.192708333333336,212,34,1,0.1612246931870522,0.16915608562218645,100000,uneven,3691
3651,500,-6.895426404332947,3.78,4.208,214,101,0,0.1611440808404587,0.17357096642255784,100000,low_uniform,3692
3652,500,-1.5830431466210946,4.262,4.702,220,93,0,0.16106350880003847,0.17348228603601457,100000,low_uniform,3693
3653,75,-86.1125256043157,55.61333333333334,56.88,95,13,1,0.16098297704563846,0.17464005122582119,100000,high_uniform,3694
3654,66,-66.02233549528722,47.65151515151515,48.72727272727273,71,10,1,0.16090248555711564,0.17435371345191292,100000,high_uniform,3695
3655,368,-63.2907244702768,34.65217391304348,35.97282608695652,486,59,1,0.1608220343143371,0.17222667991629112,100000,uneven,3696
3656,79,-40.69798345144603,34.20253164556962,35.45569620253165,99,10,1,0.16074162329717992,0.17564198487921606,100000,high_uniform,3697
3657,95,-106.4567205870946,63.07368421052632,64.41052631578947,127,12,1,0.16066125248553134,0.16689944031991458,100000,high_uniform,3698
3658,233,-168.81858234871487,53.36480686695279,54.467811158798284,257,50,1,0.16058092185928857,0.17487917344841322,100000,rush_hour,3699
3659,500,9.380081962026043,24.522,25.738,608,89,0,0.16050063139835893,0.17309863357245922,100000,uniform_medium,3700
3660,104,-91.2470352429334,54.40384615384615,55.68269230769231,133,16,1,0.16042038108265977,0.16743586054788187,100000,high_uniform,3701
3661,59,-59.61044076308625,44.610169491525426,45.728813559322035,66,13,1,0.16034017089211844,0.18078908501035076,100000,high_uniform,3702
3662,93,-73.6275966878917,46.68817204301075,47.87096774193548,110,17,1,0.16026000080667238,0.16729905792782385,100000,high_uniform,3703
3663,499,-106.24927942854616,35.91983967935872,37.15230460921844,615,90,1,0.16017987080626905,0.17465465692038049,100000,rush_hour,3704
3664,500,-60.53304711188103,35.666,37.004,669,80,0,0.16009978087086593,0.17656323759257794,100000,rush_hour,3705
3665,132,-103.06734995724753,54.61363636363637,55.95454545454545,177,20,1,0.1600197309804305,0.1762723722918467,100000,high_uniform,3706
3666,92,-74.6265798949424,50.68478260869565,52.06521739130435,127,13,1,0.15993972111494031,0.17263850893663324,100000,high_uniform,3707
3667,71,-77.82888489326886,46.57746478873239,47.563380281690144,70,15,1,0.15985975125438284,0.17488904255376736,100000,high_uniform,3708
3668,500,-11.833536290326773,5.668,6.152,242,105,0,0.15977982137875565,0.17368504318594932,100000,low_uniform,3709
3669,86,-79.91552239181816,46.69767441860465,47.93023255813954,106,14,1,0.1596999314680663,0.1789242472759513,100000,high_uniform,3710
3670,500,-3.275698167612722,24.288,25.468,590,95,0,0.15962008150233228,0.17065207006037236,100000,uniform_medium,3711
3671,500,-5.338763452973824,3.336,3.75,207,102,0,0.15954027146158112,0.1741590161025524,100000,low_uniform,3712
3672,500,-17.778811977847443,3.896,4.31,207,111,0,0.15946050132585032,0.1711541998386383,100000,low_uniform,3713
3673,87,-58.58178949572313,41.54022988505747,42.86206896551724,115,12,1,0.15938077107518742,0.17184905296769634,100000,high_uniform,3714
3674,500,-10.072198856102291,3.872,4.23,179,83,0,0.15930108068964982,0.17234468272328377,100000,low_uniform,3715
3675,500,29.321017070351346,25.184,26.5,658,80,0,0.159221430149305,0.16948472680151463,100000,uneven,3716
3676,81,-53.813625633133526,41.148148148148145,42.407407407407405,102,12,1,0.15914181943423036,0.1752264436196398,100000,high_uniform,3717
3677,500,-50.88381138080452,29.742,30.922,590,92,0,0.15906224852451326,0.17451348567008973,100000,uniform_medium,3718
3678,246,-90.52865122324681,33.21951219512195,34.260162601626014,256,55,1,0.158982717400251,0.17353923152375028,100000,uneven,3719
3679,90,-87.46180997204979,52.922222222222224,54.15555555555556,111,15,1,0.15890322604155088,0.1805055326057805,100000,high_uniform,3720
3680,500,-28.08235027400288,32.29,33.612,661,76,0,0.15882377442853013,0.17278542689979076,100000,uneven,3721
3681,211,-71.55559290872391,36.824644549763036,37.99052132701422,246,42,1,0.15874436254131588,0.17364764679664685,100000,uneven,3722
3682,500,-19.588191785608803,3.564,3.912,174,94,0,0.15866499036004522,0.17094616109132768,100000,low_uniform,3723
3683,500,-14.561819109873769,25.91,27.118,604,95,0,0.1585856578648652,0.1712692500948906,100000,uniform_medium,3724
3684,75,-60.289957765542404,37.13333333333333,38.22666666666667,82,13,1,0.15850636503593277,0.17536812086900075,100000,high_uniform,3725
3685,500,-45.798509917724864,32.63,33.918,644,81,0,0.15842711185341482,0.17156855671107768,100000,rush_hour,3726
3686,500,-13.72397929943887,3.878,4.308,215,109,0,0.15834789829748813,0.16989863212406636,100000,low_uniform,3727
3687,500,-26.709660258832287,4.542,4.956,207,115,0,0.15826872434833938,0.17060870338976383,100000,low_uniform,3728
3688,166,-81.46521657337487,41.37951807228916,42.5722891566265,198,33,1,0.15818958998616522,0.1778587284666228,100000,rush_hour,3729
3689,500,12.414837650250377,20.982,22.146,582,99,0,0.15811049519117215,0.16840950299799443,100000,rush_hour,3730
3690,500,-5.9180965158409515,3.55,3.946,198,92,0,0.15803143994357657,0.1713968092352152,100000,low_uniform,3731
3691,72,-54.86800409803211,42.44444444444444,43.625,85,10,1,0.15795242422360478,0.16616742519868744,100000,high_uniform,3732
3692,382,-74.25541743852439,29.99214659685864,31.130890052356023,435,79,1,0.157873448011493,0.16545939221198022,100000,uneven,3733
3693,500,-13.35365782866226,2.882,3.256,187,103,0,0.15779451128748725,0.17081880962848664,100000,low_uniform,3734
3694,500,34.904582970187384,18.226,19.346,560,102,0,0.15771561403184353,0.16798940123617648,100000,uniform_medium,3735
3695,500,15.875823143699543,22.628,23.808,590,92,0,0.15763675622482762,0.1671185137182474,100000,uniform_medium,3736
3696,316,-24.21755816588259,27.484177215189874,28.7373417721519,396,56,1,0.1575579378467152,0.16943532770758943,100000,uneven,3737
3697,500,-79.5514391750008,31.258,32.422,582,99,0,0.15747915887779185,0.1710546022206545,100000,uniform_medium,3738
3698,74,-58.771441774148535,40.689189189189186,41.78378378378378,81,13,1,0.15740041929835297,0.17358335792212873,100000,high_uniform,3739
3699,500,35.57620159552078,19.362,20.536,587,96,0,0.1573217190887038,0.16522163683176042,100000,uniform_medium,3740
3700,244,-81.47325011468286,38.549180327868854,39.75,293,48,1,0.15724305822915946,0.16794669197597464,100000,uneven,3741
3701,500,-4.576764591813904,3.474,3.872,199,93,0,0.1571644367000449,0.16416714425384998,100000,low_uniform,3742
3702,500,28.426408472453357,22.162,23.358,598,85,0,0.15708585448169488,0.164160547465086,100000,uniform_medium,3743
3703,500,-1.890458760101272,20.614,21.714,550,101,0,0.15700731155445405,0.16628204756975173,100000,uniform_medium,3744
3704,496,-99.75491235607443,34.528225806451616,35.73588709677419,599,89,1,0.15692880789867683,0.16349529547076072,100000,rush_hour,3745
3705,449,-3.8160671227964715,24.824053452115812,26.062360801781736,556,75,1,0.1568503434947275,0.16264714582725728,100000,rush_hour,3746
3706,117,-92.80327144230647,57.452991452991455,58.888888888888886,168,16,1,0.15677191832298015,0.16035323042390692,100000,high_uniform,3747
3707,500,-3.9403290699589695,3.188,3.594,203,96,0,0.15669353236381867,0.16938939152657986,100000,low_uniform,3748
3708,491,-43.85654959179254,30.238289205702646,31.511201629327903,625,85,1,0.15661518559763676,0.16717245241592954,100000,uneven,3749
3709,130,-110.54927347348229,55.99230769230769,57.215384615384615,159,22,1,0.15653687800483795,0.16451645923348573,100000,high_uniform,3750
3710,484,-96.08535801537305,40.03512396694215,41.392561983471076,657,74,1,0.15645860956583554,0.1643777120981581,100000,rush_hour,3751
3711,500,71.99970346661377,14.964,16.098,567,95,0,0.15638038026105264,0.16623039692640304,100000,uniform_medium,3752
3712,469,-66.4644854733941,30.042643923240938,31.23454157782516,559,82,1,0.1563021900709221,0.1648462538970813,100000,rush_hour,3753
3713,154,-32.60024166933903,29.5,30.68831168831169,183,26,1,0.15622403897588666,0.16545347961318957,100000,rush_hour,3754
3714,500,11.86917775420673,23.366,24.576,605,89,0,0.15614592695639873,0.16554141975939274,100000,uniform_medium,3755
3715,500,-130.34050727806368,44.108,45.452,672,73,0,0.15606785399292053,0.16396165911853314,100000,uneven,3756
3716,500,3.1419819756897374,23.872,25.048,588,95,0,0.15598982006592407,0.1682538322508335,100000,uniform_medium,3757
3717,500,-0.05948878829121229,21.386,22.516,565,95,0,0.1559118251558911,0.1675617044121027,100000,uniform_medium,3758
3718,500,42.289666656916225,17.892,19.034,571,92,0,0.15583386924331316,0.16488291227817536,100000,uniform_medium,3759
3719,495,-78.46735048238472,31.581818181818182,32.80404040404041,605,89,1,0.15575595230869152,0.1652983645447577,100000,uneven,3760
3720,500,-9.533267120514108,25.022,26.18,579,99,0,0.1556780743325372,0.16675119429826737,100000,uniform_medium,3761
3721,313,-55.7626208832761,27.600638977635782,28.731629392971247,354,65,1,0.15560023529537093,0.16101943903837723,100000,uneven,3762
3722,92,-92.11125357981956,52.380434782608695,53.59782608695652,112,18,1,0.15552243517772324,0.16864013048293797,100000,high_uniform,3763
3723,391,-147.82139024710722,43.18925831202046,44.42455242966752,483,71,1,0.1554446739601344,0.16535735677194108,100000,uneven,3764
3724,414,-15.869949206779811,21.7512077294686,22.88888888888889,471,82,1,0.15536695162315434,0.1659250723351027,100000,rush_hour,3765
3725,500,-6.297700421882501,3.24,3.604,182,87,0,0.15528926814734276,0.16307195673882963,100000,low_uniform,3766
3726,500,-16.802673789032724,30.564,31.892,664,81,0,0.1552116235132691,0.16331778244674205,100000,rush_hour,3767
3727,500,-13.957213770365456,3.564,3.946,191,100,0,0.15513401770151247,0.1621033401042223,100000,low_uniform,3768
3728,73,-79.15481782923,49.28767123287671,50.41095890410959,82,16,1,0.15505645069266172,0.16119517590085122,100000,high_uniform,3769
3729,500,-6.693339380719519,23.854,25.02,583,98,0,0.1549789224673154,0.16603878994286062,100000,uniform_medium,3770
3730,500,-5.702302999420284,24.49,25.688,599,94,0,0.15490143300608175,0.1661366805881262,100000,uneven,3771
3731,500,-108.39575851656112,36.868,38.11,621,93,0,0.15482398228957872,0.1603824389129877,100000,uneven,3772
3732,500,-71.02241912271333,33.74,34.994,627,88,0,0.15474657029843394,0.16493759033083916,100000,rush_hour,3773
3733,93,-56.126840744444834,45.516129032258064,46.806451612903224,120,9,1,0.15466919701328474,0.16503988310534468,100000,high_uniform,3774
3734,500,-47.28949851366339,28.936,30.142,603,93,0,0.1545918624147781,0.16350328354537488,100000,rush_hour,3775
3735,500,52.14124502954389,16.656,17.79,567,96,0,0.1545145664835707,0.16560596287250517,100000,uniform_medium,3776
3736,500,68.46271431449912,14.086,15.196,555,98,0,0.15443730920032891,0.1599204483628273,100000,uniform_medium,3777
3737,500,44.78378239831842,16.486,17.602,558,100,0,0.15436009054572875,0.1630912954956293,100000,uniform_medium,3778
3738,110,-102.86029604090292,54.10909090909091,55.31818181818182,133,21,1,0.1542829105004559,0.15690465826879849,100000,high_uniform,3779
3739,500,31.313999228217355,25.662,26.984,661,81,0,0.15420576904520567,0.16074285119771958,100000,uneven,3780
3740,500,-32.85614901435954,30.836,32.148,656,80,0,0.15412866616068308,0.16269029209017755,100000,rush_hour,3781
3741,500,-37.604051417487504,26.502,27.676,587,92,0,0.15405160182760275,0.16579325990378857,100000,uniform_medium,3782
3742,500,32.372258401280604,18.482,19.588,553,98,0,0.15397457602668896,0.1656044568270445,100000,uniform_medium,3783
3743,500,0.5904421520332255,27.822,29.116,647,79,0,0.15389758873867562,0.1640559450685978,100000,rush_hour,3784
3744,98,-60.261983917966816,47.234693877551024,48.683673469387756,142,12,1,0.15382063994430628,0.16082474855440004,100000,high_uniform,3785
3745,500,-11.766092158842614,23.65,24.786,568,100,0,0.15374372962433414,0.1628339352309704,100000,uniform_medium,3786
3746,498,-177.12853807114456,48.86546184738956,50.21285140562249,671,77,1,0.15366685775952196,0.1614882973542654,100000,rush_hour,3787
3747,65,-62.268730535701835,51.815384615384616,53.01538461538462,78,9,1,0.1535900243306422,0.15891044231561513,100000,high_uniform,3788
3748,438,-93.09469084950548,42.045662100456624,43.43607305936073,609,64,1,0.15351322931847688,0.16237011844436872,100000,rush_hour,3789
3749,500,-33.641698952523555,29.336,30.604,634,87,0,0.15343647270381766,0.16556440171599388,100000,rush_hour,3790
3750,500,-29.750816435782777,31.478,32.814,668,77,0,0.15335975446746575,0.165308722153306,100000,rush_hour,3791
3751,83,-81.78200270832866,49.18072289156626,50.2289156626506,87,17,1,0.15328307459023202,0.17034150211207838,100000,high_uniform,3792
3752,500,11.152371196235057,28.84,30.182,671,76,0,0.1532064330529369,0.16607993566989898,100000,uneven,3793
3753,438,-112.91978674441874,37.98858447488585,39.22374429223744,541,77,1,0.15312982983641044,0.16780519095934146,100000,rush_hour,3794
3754,500,26.95687226287174,18.906,20.01,552,94,0,0.15305326492149224,0.16713609130680562,100000,uniform_medium,3795
3755,500,-11.931769265900712,3.78,4.16,190,91,0,0.1529767382890315,0.1683710649907589,100000,low_uniform,3796
3756,500,56.44886161934225,17.586,18.766,590,92,0,0.152900249919887,0.16626311291754245,100000,uniform_medium,3797
3757,500,21.812596994223746,25.042,26.348,653,80,0,0.15282379979492705,0.16561519177258013,100000,uneven,3798
3758,104,-78.43913791030307,48.88461538461539,50.14423076923077,131,17,1,0.1527473878950296,0.1676971145117512,100000,high_uniform,3799
3759,500,-10.831944592802987,4.12,4.528,204,96,0,0.1526710142010821,0.16681223776936532,100000,low_uniform,3800
3760,101,-69.12565804901188,49.56435643564357,50.93069306930693,138,16,1,0.15259467869398155,0.16917535227419125,100000,high_uniform,3801
3761,500,-20.61276484301047,3.514,3.83,158,85,0,0.15251838135463458,0.16613825392723083,100000,low_uniform,3802
3762,99,-92.25258079163733,45.80808080808081,46.90909090909091,109,22,1,0.15244212216395728,0.16189075329086997,100000,high_uniform,3803
3763,51,-36.8684812488857,36.90196078431372,38.1764705882353,65,6,1,0.15236590110287532,0.15779685404370813,100000,high_uniform,3804
3764,165,-64.34380563670591,41.096969696969694,42.42424242424242,219,25,1,0.1522897181523239,0.16406202934908146,100000,uneven,3805
3765,82,-73.76933918302376,48.08536585365854,49.24390243902439,95,12,1,0.15221357329324775,0.16056271024593494,100000,high_uniform,3806
3766,71,-50.10905518521264,44.901408450704224,46.183098591549296,91,11,1,0.15213746650660112,0.16449399575800963,100000,high_uniform,3807
3767,500,-65.86924748354767,34.952,36.248,648,81,0,0.15206139777334782,0.16601201279461383,100000,uneven,3808
3768,186,-63.18197015853748,38.0,39.204301075268816,224,37,1,0.15198536707446114,0.16322680001938214,100000,uneven,3809
3769,500,-49.4926368853207,30.13,31.4,635,85,0,0.15190937439092392,0.16775617618858815,100000,rush_hour,3810
3770,500,4.197106865602126,23.27,24.424,577,92,0,0.15183341970372846,0.17029083125293254,100000,uniform_medium,3811
3771,60,-50.55056586138044,38.78333333333333,39.916666666666664,68,11,1,0.1517575029938766,0.1693084079772234,100000,high_uniform,3812
3772,500,13.09736762109004,21.764,22.918,577,99,0,0.1516816242423797,0.1695493530333042,100000,uniform_medium,3813
3773,91,-62.96681716562886,45.73626373626374,47.16483516483517,130,10,1,0.15160578343025852,0.16623088881209658,100000,high_uniform,3814
3774,500,-11.192408723740153,4.252,4.684,216,104,0,0.15152998053854339,0.16618397967517376,100000,low_uniform,3815
3775,121,-91.04837651513407,49.17355371900826,50.33057851239669,140,24,1,0.15145421554827412,0.16893683330825537,100000,high_uniform,3816
3776,500,-16.871389751817457,3.198,3.58,191,108,0,0.1513784884405,0.17095974278450013,100000,low_uniform,3817
3777,115,-123.47205575738255,60.74782608695652,61.92173913043478,135,22,1,0.15130279919627976,0.16835264537645422,100000,high_uniform,3818
3778,500,2.796278773733986,27.52,28.838,659,82,0,0.15122714779668162,0.1675906233638525,100000,rush_hour,3819
3779,500,-133.31479673664825,43.178,44.498,660,81,0,0.1511515342227833,0.16419565176963807,100000,rush_hour,3820
3780,112,-67.68592791019515,42.61607142857143,43.92857142857143,147,18,1,0.1510759584556719,0.1614896903878876,100000,high_uniform,3821
3781,500,-4.290192673252385,3.674,4.082,204,91,0,0.15100042047644407,0.16596377816796304,100000,low_uniform,3822
3782,500,20.78301759970653,18.976,20.072,548,95,0,0.15092492026620585,0.16609553222358225,100000,uniform_medium,3823
3783,500,-25.086828481810883,5.106,5.452,173,84,0,0.15084945780607276,0.1644231986105442,100000,low_uniform,3824
3784,500,-54.146408707585415,34.998,36.332,667,79,0,0.15077403307716972,0.1719292042851448,100000,uneven,3825
3785,453,-149.97871296237312,42.43046357615894,43.65783664459161,556,78,1,0.15069864606063113,0.16803772298508132,100000,rush_hour,3826
3786,89,-77.05765009523398,46.752808988764045,47.831460674157306,96,16,1,0.15062329673760083,0.18039816341708215,100000,high_uniform,3827
3787,500,-14.232183074215294,5.228,5.672,222,99,0,0.15054798508923203,0.17186515797674656,100000,low_uniform,3828
3788,500,-4.674901957101211,4.692,5.104,206,82,0,0.15047271109668742,0.16823863552510737,100000,low_uniform,3829
3789,500,-37.12345980348413,32.726,34.04,657,78,0,0.15039747474113907,0.16578580063581466,100000,rush_hour,3830
3790,500,32.34846032419191,20.23,21.406,588,97,0,0.15032227600376852,0.1659367555230856,100000,uniform_medium,3831
3791,500,-9.228502204477309,3.574,3.982,204,100,0,0.15024711486576664,0.16369031812250615,100000,low_uniform,3832
3792,500,-4.518392058568721,4.21,4.662,226,102,0,0.15017199130833375,0.16436938853561878,100000,low_uniform,3833
3793,500,12.147614239950139,22.194,23.358,582,98,0,0.1500969053126796,0.16800124150514603,100000,uniform_medium,3834
3794,500,23.402947818287654,25.86,27.176,658,79,0,0.15002185686002328,0.16334421874582766,100000,uneven,3835
3795,469,-123.81661101674665,42.52665245202559,43.85501066098081,623,77,1,0.14994684593159327,0.16506889108210993,100000,rush_hour,3836
3796,500,39.32097119566421,19.376,20.56,592,96,0,0.1498718725086275,0.16437417681515218,100000,uniform_medium,3837
3797,500,-95.97338589801969,37.366,38.678,656,83,0,0.1497969365723732,0.1627754400074482,100000,uneven,3838
3798,500,-15.078298752783175,4.212,4.582,185,91,0,0.14972203810408702,0.1683600379675627,100000,low_uniform,3839
3799,500,-12.171448194118177,3.314,3.704,195,103,0,0.14964717708503497,0.1643880319595337,100000,low_uniform,3840
3800,500,-3.440466847650825,3.262,3.656,197,90,0,0.14957235349649245,0.16461192925274373,100000,low_uniform,3841
3801,500,32.53148063203506,24.052,25.36,654,82,0,0.1494975673197442,0.16816412660479546,100000,rush_hour,3842
3802,67,-59.743589711412675,45.417910447761194,46.59701492537314,79,11,1,0.14942281853608433,0.16423883378060897,100000,high_uniform,3843
3803,461,-30.147781569381586,25.171366594360087,26.349240780911064,543,85,1,0.1493481071268163,0.16499711857571261,100000,rush_hour,3844
3804,500,0.1319881010129027,3.952,4.346,197,82,0,0.1492734330732529,0.16515826877951623,100000,low_uniform,3845
3805,500,-8.676715573931723,4.646,5.044,199,84,0,0.14919879635671626,0.1679894344806671,100000,low_uniform,3846
3806,500,-132.5562758627857,44.564,45.904,670,76,0,0.1491241969585379,0.16709341438114644,100000,rush_hour,3847
3807,500,-3.5723794644673377,3.844,4.256,206,92,0,0.14904963486005865,0.16233289581537247,100000,low_uniform,3848
3808,500,-7.109480219720691,3.546,3.934,194,93,0,0.14897511004262862,0.1625109399855137,100000,low_uniform,3849
3809,90,-55.29505167467788,46.15555555555556,47.56666666666667,127,9,1,0.1489006224876073,0.173735002345509,100000,high_uniform,3850
3810,500,38.98497546348139,26.808,28.192,692,72,0,0.1488261721763635,0.16307555252313613,100000,uneven,3851
3811,500,35.58716895785008,19.77,20.932,581,94,0,0.14875175909027535,0.1593096268326044,100000,uniform_medium,3852
3812,100,-65.49081098747119,44.78,46.11,133,14,1,0.14867738321073024,0.16320957578718662,100000,high_uniform,3853
3813,500,-43.93844636422075,31.288,32.524,618,84,0,0.14860304451912487,0.16606925338506698,100000,uneven,3854
3814,131,-75.43764396650022,49.88549618320611,51.33587786259542,190,17,1,0.1485287429968653,0.16240624167764459,100000,high_uniform,3855
3815,500,67.37396341942122,15.484,16.638,577,94,0,0.14845447862536687,0.15992758706212043,100000,uniform_medium,3856
3816,500,-5.8328644884948195,3.826,4.23,202,92,0,0.1483802513860542,0.15762615366280078,100000,low_uniform,3857
3817,95,-61.512862933224184,45.10526315789474,46.410526315789475,124,15,1,0.1483060612603612,0.16153242180221958,100000,high_uniform,3858
3818,491,-62.001058678926405,31.281059063136457,32.509164969450104,603,90,1,0.148231908229731,0.1580859779127989,100000,rush_hour,3859
3819,388,-100.16669139146369,35.48711340206186,36.66237113402062,456,77,1,0.14815779227561615,0.15821750246986901,100000,uneven,3860
3820,148,-98.61588742472881,44.189189189189186,45.2027027027027,150,35,1,0.14808371337947834,0.1642639086254545,100000,rush_hour,3861
3821,500,-14.924650626031804,4.466,4.89,212,104,0,0.1480096715227886,0.16350916504859925,100000,low_uniform,3862
3822,500,-5.358584548343259,3.77,4.146,188,83,0,0.1479356666870272,0.1623858533501625,100000,low_uniform,3863
3823,79,-70.52319352343974,50.87341772151899,52.08860759493671,96,15,1,0.1478616988536837,0.1605365836544882,100000,high_uniform,3864
3824,500,-3.966300460876768,3.338,3.714,188,86,0,0.14778776800425686,0.1623575311601162,100000,low_uniform,3865
3825,86,-90.70754791651376,52.56976744186046,53.69767441860465,97,19,1,0.14771387412025475,0.16344422067320624,100000,high_uniform,3866
3826,500,-39.56830312106316,32.788,34.13,671,76,0,0.14764001718319464,0.1609014149159193,100000,rush_hour,3867
3827,500,63.4184285276573,16.184,17.33,573,94,0,0.14756619717460304,0.16350634424388408,100000,uniform_medium,3868
3828,125,-96.19143320216749,52.008,53.264,157,21,1,0.14749241407601574,0.16103278595209122,100000,high_uniform,3869
3829,500,-68.04996188731805,34.66,35.972,656,82,0,0.14741866786897773,0.16345029650628567,100000,uneven,3870
3830,500,-14.384231935248604,3.932,4.324,196,99,0,0.14734495853504326,0.16800122620165348,100000,low_uniform,3871
3831,433,-86.24783697738604,37.96304849884527,39.270207852194,566,73,1,0.14727128605577575,0.1690745021777946,100000,rush_hour,3872
3832,500,26.45088591956833,19.094,20.21,558,99,0,0.14719765041274788,0.16142740546166898,100000,uniform_medium,3873
3833,500,-59.714008322540444,30.42,31.632,606,89,0,0.14712405158754152,0.16786640429496766,100000,rush_hour,3874
3834,500,8.792444757154822,26.902,28.23,664,79,0,0.14705048956174777,0.1637196619659662,100000,uneven,3875
3835,500,-7.6130105561242605,3.758,4.17,206,99,0,0.1469769643169669,0.16269969460368156,100000,low_uniform,3876
3836,500,7.864865963071179,26.484,27.77,643,85,0,0.14690347583480845,0.162930103123188,100000,uneven,3877
3837,500,-5.950495707929569,3.104,3.47,183,90,0,0.14683002409689105,0.16527326917648316,100000,low_uniform,3878
3838,114,-115.2905912608815,56.04385964912281,57.21052631578947,133,20,1,0.14675660908484262,0.15535979227800117,100000,high_uniform,3879
3839,500,-59.694631258980046,34.862,36.204,671,75,0,0.1466832307803002,0.16294227761030197,100000,rush_hour,3880
3840,485,-37.11614350818802,26.554639175257734,27.783505154639176,596,90,1,0.14660988916491008,0.15904029540179931,100000,rush_hour,3881
3841,500,-109.18005827379736,39.114,40.44,663,79,0,0.14653658422032764,0.16195616066455842,100000,rush_hour,3882
3842,77,-46.966998204501174,40.467532467532465,41.701298701298704,95,11,1,0.14646331592821749,0.1605603898113424,100000,high_uniform,3883
3843,99,-80.09627182530677,47.60606060606061,48.898989898989896,128,14,1,0.14639008427025338,0.16481654383618421,100000,high_uniform,3884
3844,500,12.449544266143196,23.322,24.54,609,90,0,0.14631688922811825,0.16100444905459882,100000,uniform_medium,3885
3845,492,-34.91306396005601,28.727642276422763,30.0,626,82,1,0.1462437307835042,0.1629874833927649,100000,rush_hour,3886
3846,113,-91.74771851343715,51.92920353982301,53.24778761061947,149,19,1,0.14617060891811245,0.16786699887134332,100000,high_uniform,3887
3847,323,-179.96578944858038,54.3219814241486,55.55417956656347,398,47,1,0.1460975236136534,0.16557856164757312,100000,uneven,3888
3848,500,34.7089257420998,17.288,18.378,545,98,0,0.14602447485184658,0.16812938149273396,100000,uniform_medium,3889
3849,500,-148.07729697297594,40.726,41.954,614,89,0,0.14595146261442066,0.16615892693400383,100000,uneven,3890
3850,500,46.35550239064027,19.794,20.994,600,89,0,0.14587848688311345,0.16356938283145428,100000,uniform_medium,3891
3851,323,-54.34451917543577,31.75232198142415,33.01547987616099,408,55,1,0.1458055476396719,0.16119590083327456,100000,uneven,3892
3852,500,-12.881800152663098,3.886,4.274,194,93,0,0.14573264486585208,0.1624074156731367,100000,low_uniform,3893
3853,500,-6.7891349998687165,3.882,4.312,215,101,0,0.14565977854341916,0.1628126733005047,100000,low_uniform,3894
3854,500,16.781668378087065,22.578,23.758,590,92,0,0.14558694865414745,0.16253743521869182,100000,uniform_medium,3895
3855,120,-94.55846096172856,54.483333333333334,55.766666666666666,154,18,1,0.1455141551798204,0.16291471645236016,100000,high_uniform,3896
3856,500,10.301784728974265,27.354,28.688,667,79,0,0.14544139810223047,0.16227909216284753,100000,uneven,3897
3857,500,-9.517667200246285,24.75,25.906,578,93,0,0.14536867740317935,0.16075665356218816,100000,uniform_medium,3898
3858,500,-14.745927210247444,2.406,2.74,167,98,0,0.14529599306447777,0.16124766156077386,100000,low_uniform,3899
3859,500,2.7240881445428102,26.438,27.668,615,86,0,0.14522334506794554,0.1598774750828743,100000,uniform_medium,3900
3860,87,-98.31381314642493,54.51724137931034,55.57471264367816,92,19,1,0.14515073339541157,0.16267825500375924,100000,high_uniform,3901
3861,103,-74.76078456641383,50.1747572815534,51.50485436893204,137,16,1,0.14507815802871388,0.15269008148642418,100000,high_uniform,3902
3862,500,22.81723668984921,22.84,24.092,626,88,0,0.14500561894969952,0.15919786541163922,100000,uneven,3903
3863,500,12.279387128836005,21.242,22.384,571,95,0,0.14493311614022467,0.16019180862605573,100000,uniform_medium,3904
3864,500,-104.90638389222201,42.492,43.864,686,74,0,0.14486064958215455,0.15932570661604403,100000,uneven,3905
3865,500,3.300554248180558,28.906,30.234,664,78,0,0.1447882192573635,0.16321169765293597,100000,uneven,3906
3866,500,-18.809188305759967,33.892,35.28,694,72,0,0.14471582514773482,0.15957034882903098,100000,uneven,3907
3867,109,-93.16432237699719,56.45871559633027,57.76146788990825,142,19,1,0.14464346723516094,0.16057826188999577,100000,high_uniform,3908
3868,500,-19.951475006733187,30.662,31.986,662,77,0,0.14457114550154337,0.16387422558665277,100000,rush_hour,3909
3869,500,-38.63526401366573,28.422,29.62,599,95,0,0.1444988599287926,0.1674580515176058,100000,uniform_medium,3910
3870,193,-51.82701783355686,33.145077720207254,34.32124352331606,227,35,1,0.1444266104988282,0.16350046715124902,100000,uneven,3911
3871,500,-4.86617405784222,4.092,4.504,206,89,0,0.14435439719357882,0.16654098244011403,100000,low_uniform,3912
3872,500,-1.4753387027593634,3.252,3.654,201,92,0,0.14428221999498203,0.15989577139914035,100000,low_uniform,3913
3873,500,17.675232058243967,24.036,25.284,624,84,0,0.14421007888498455,0.1606363671720028,100000,rush_hour,3914
3874,91,-87.88752865091294,48.956043956043956,50.07692307692308,102,18,1,0.14413797384554206,0.15739045857073186,100000,high_uniform,3915
3875,500,12.292173102248604,27.866,29.19,662,79,0,0.14406590485861928,0.16175030028820037,100000,uneven,3916
3876,217,-79.14519988171563,44.115207373271886,45.42857142857143,285,36,1,0.14399387190618998,0.15771000949056468,100000,uneven,3917
3877,500,-18.359952955908092,31.556,32.902,673,79,0,0.1439218749702369,0.16149323591589929,100000,uneven,3918
3878,500,29.04929560302985,20.154,21.32,583,90,0,0.1438499140327518,0.16142112571001052,100000,uniform_medium,3919
3879,500,-12.298733870951795,3.094,3.456,181,96,0,0.14377798907573544,0.15871335971355438,100000,low_uniform,3920
3880,500,-13.843472584332867,2.954,3.308,177,99,0,0.14370610008119758,0.15941938188672067,100000,low_uniform,3921
3881,493,-90.75514465027767,36.95943204868154,38.27180527383367,647,80,1,0.143634247031157,0.15840413129716568,100000,rush_hour,3922
3882,500,38.528023825038005,19.656,20.822,583,92,0,0.14356242990764143,0.15706213638186456,100000,uniform_medium,3923
3883,69,-54.43575553329241,41.34782608695652,42.52173913043478,81,14,1,0.1434906486926876,0.15945660571257272,100000,high_uniform,3924
3884,74,-81.47671581641005,51.25675675675676,52.37837837837838,83,16,1,0.14341890336834126,0.15568601752857905,100000,high_uniform,3925
3885,500,-8.381826327216224,3.34,3.736,198,97,0,0.1433471939166571,0.16137059308588506,100000,low_uniform,3926
3886,101,-42.79353978778419,39.08910891089109,40.48514851485149,141,15,1,0.14327552031969878,0.16108297431232907,100000,high_uniform,3927
3887,500,-10.533750166200203,3.342,3.72,189,96,0,0.14320388255953895,0.16237254755198954,100000,low_uniform,3928
3888,500,-13.155317486919841,3.576,3.974,199,102,0,0.1431322806182592,0.16246288479864598,100000,low_uniform,3929
3889,500,-4.924727199452419,3.324,3.738,207,99,0,0.14306071447795007,0.15990562023222446,100000,low_uniform,3930
3890,500,52.89736333938806,24.348,25.692,672,76,0,0.1429891841207111,0.15889972479641437,100000,rush_hour,3931
3891,138,-90.88310154935671,51.26086956521739,52.68115942028985,196,19,1,0.14291768952865075,0.15671232774637747,100000,high_uniform,3932
3892,500,-24.205846715169255,32.178,33.518,670,74,0,0.14284623068388644,0.15639430952072145,100000,rush_hour,3933
3893,112,-43.38072839710095,42.61607142857143,44.125,169,12,1,0.1427748075685445,0.15882038484726632,100000,high_uniform,3934
3894,500,53.310688390809446,15.71,16.826,558,98,0,0.14270342016476023,0.1636708774715662,100000,uniform_medium,3935
3895,442,-177.40077690648633,50.92307692307692,52.28054298642534,600,67,1,0.14263206845467785,0.16125693337410285,100000,uneven,3936
3896,488,-69.5333252807714,32.96311475409836,34.23360655737705,620,83,1,0.14256075242045052,0.15916082527122047,100000,rush_hour,3937
3897,66,-79.7320450637628,51.81818181818182,52.86363636363637,69,15,1,0.1424894720442403,0.1620150129451896,100000,high_uniform,3938
3898,500,-6.6617433378519255,3.436,3.82,192,93,0,0.1424182273082182,0.1657607817798853,100000,low_uniform,3939
3899,500,-22.096988794441685,26.406,27.582,588,95,0,0.1423470181945641,0.16061513358354568,100000,uniform_medium,3940
3900,500,-96.58000887469068,36.626,37.872,623,89,0,0.14227584468546683,0.1617949812412262,100000,rush_hour,3941
3901,89,-81.60724480559166,49.91011235955056,51.13483146067416,109,17,1,0.1422047067631241,0.162060365415691,100000,high_uniform,3942
3902,500,-34.67656690715462,30.206,31.47,632,87,0,0.14213360440974254,0.1631709765344858,100000,rush_hour,3943
3903,74,-81.77316734888666,58.16216216216216,59.32432432432432,86,12,1,0.14206253760753768,0.16455120150301908,100000,high_uniform,3944
3904,500,-4.251375198425953,3.702,4.102,200,90,0,0.14199150633873392,0.1604446212500334,100000,low_uniform,3945
3905,500,-39.39120190834038,28.814,30.024,605,89,0,0.14192051058556457,0.16207275076210498,100000,rush_hour,3946
3906,500,-10.992280856038883,31.872,33.23,679,74,0,0.1418495503302718,0.16293886019289494,100000,uneven,3947
3907,500,22.132193408315906,24.086,25.344,629,82,0,0.14177862555510667,0.15943089182674886,100000,uneven,3948
3908,500,-97.32447241391246,39.954,41.318,682,75,0,0.14170773624232913,0.162183186635375,100000,rush_hour,3949
3909,500,-11.34991509138501,3.274,3.664,195,103,0,0.14163688237420796,0.15979010516405107,100000,low_uniform,3950
3910,500,-175.82878330901946,47.708,49.036,664,79,0,0.14156606393302087,0.1579011123776436,100000,rush_hour,3951
3911,500,43.82845667021872,20.176,21.384,604,90,0,0.14149528090105437,0.15953118012845516,100000,uniform_medium,3952
3912,500,-27.310553559796716,32.002,33.352,675,73,0,0.14142453326060386,0.1573954716771841,100000,rush_hour,3953
3913,500,-5.259843723182282,3.352,3.744,196,94,0,0.14135382099397356,0.158637296885252,100000,low_uniform,3954
3914,78,-53.054587391250955,43.1025641025641,44.333333333333336,96,11,1,0.1412831440834766,0.1634300288099509,100000,high_uniform,3955
3915,242,-67.59976904266574,34.235537190082646,35.388429752066116,279,47,1,0.14121250251143486,0.16364263167435472,100000,uneven,3956
3916,500,-3.219644570959745,3.624,4.064,220,103,0,0.14114189626017914,0.1609145620316267,100000,low_uniform,3957
3917,500,-8.07805132219131,3.07,3.482,206,108,0,0.14107132531204905,0.15913980434834957,100000,low_uniform,3958
3918,500,58.47135568623065,21.954,23.246,646,82,0,0.14100078964939303,0.1576154703050852,100000,rush_hour,3959
3919,500,-9.098667291203261,4.512,4.914,201,88,0,0.14093028925456833,0.15688145336508752,100000,low_uniform,3960
3920,404,-128.52822981233933,46.15841584158416,47.527227722772274,553,61,1,0.14085982410994105,0.1586626005349773,100000,uneven,3961
3921,500,-52.8442005520671,30.414,31.674,630,85,0,0.14078939419788608,0.15271632036566735,100000,rush_hour,3962
3922,500,-10.58344949108889,29.178,30.478,650,78,0,0.14071899950078715,0.15595703116059303,100000,uneven,3963
3923,89,-57.482240378009124,43.30337078651685,44.640449438202246,119,9,1,0.14064864000103677,0.1480789455804932,100000,high_uniform,3964
3924,72,-65.10087887196009,51.291666666666664,52.611111111111114,95,8,1,0.14057831568103626,0.1546503785583708,100000,high_uniform,3965
3925,401,-110.13287287875399,37.750623441396506,38.99501246882793,499,71,1,0.14050802652319574,0.15637376557041582,100000,uneven,3966
3926,90,-96.04992799549143,55.044444444444444,56.24444444444445,108,17,1,0.14043777250993417,0.1556289381451077,100000,high_uniform,3967
3927,103,-82.44168324626608,50.398058252427184,51.650485436893206,129,18,1,0.1403675536236792,0.15859799976777106,100000,high_uniform,3968
3928,500,-11.09918337225254,3.022,3.398,188,101,0,0.14029736984686736,0.15566265912353994,100000,low_uniform,3969
3929,500,-48.99076896914524,31.668,32.95,641,78,0,0.14022722116194394,0.15632294265925883,100000,uneven,3970
3930,454,-47.892600241856535,32.041850220264315,33.33259911894273,586,74,1,0.14015710755136299,0.15710820502187187,100000,uneven,3971
3931,211,-95.83625244389592,42.06635071090047,43.21327014218009,242,45,1,0.14008702899758732,0.1571362884759338,100000,uneven,3972
3932,500,-19.50424648864018,3.44,3.808,184,103,0,0.14001698548308852,0.16093845807015897,100000,low_uniform,3973
3933,500,-73.97189823544038,36.864,38.198,667,78,0,0.139946976990347,0.15688050277531146,100000,uneven,3974
3934,332,-41.31541997578615,27.849397590361445,29.06024096385542,402,61,1,0.13987700350185184,0.1589081295462976,100000,uneven,3975
3935,500,-7.339565894810634,3.858,4.212,177,75,0,0.13980706500010093,0.1576635366678238,100000,low_uniform,3976
3936,500,24.1725839743073,22.566,23.806,620,88,0,0.13973716146760087,0.15944013066589832,100000,rush_hour,3977
3937,87,-61.01633011511771,46.310344827586206,47.701149425287355,121,13,1,0.13966729288686708,0.16047437095094,100000,high_uniform,3978
3938,109,-84.36238716335585,52.63302752293578,53.91743119266055,140,16,1,0.13959745924042366,0.16028703257031396,100000,high_uniform,3979
3939,500,8.428167166236124,26.828,28.132,652,81,0,0.13952766051080345,0.1586756852120161,100000,uneven,3980
3940,86,-71.66428411006945,47.651162790697676,48.906976744186046,108,16,1,0.13945789668054806,0.15630730284854424,100000,high_uniform,3981
3941,103,-61.660092346730465,48.0873786407767,49.58252427184466,154,13,1,0.1393881677322078,0.15938378407538517,100000,high_uniform,3982
3942,500,40.2168085568778,21.62,22.854,617,85,0,0.1393184736483417,0.15925048027932645,100000,uniform_medium,3983
3943,500,-93.48436773346961,39.036,40.34,652,79,0,0.13924881441151754,0.16186058834195138,100000,rush_hour,3984
3944,500,-15.032018889825085,28.344,29.628,642,83,0,0.13917919000431178,0.16506409853696824,100000,rush_hour,3985
3945,500,-18.042557400850367,3.896,4.256,180,94,0,0.13910960040930964,0.15799880792200566,100000,low_uniform,3986
3946,500,0.299531604515074,26.984,28.276,646,83,0,0.139040045609105,0.15958467070758342,100000,uneven,3987
3947,500,-0.18558791333059022,5.476,5.896,210,73,0,0.13897052558630044,0.16015240782499313,100000,low_uniform,3988
3948,500,24.993907913376336,19.536,20.676,570,94,0,0.13890104032350728,0.16197721397876738,100000,uniform_medium,3989
3949,423,-96.35455447056853,40.614657210401894,41.938534278959814,560,64,1,0.13883158980334553,0.15752851418780942,100000,rush_hour,3990
3950,500,-6.249095899413653,4.606,5.046,220,96,0,0.13876217400844387,0.16323088054358958,100000,low_uniform,3991
3951,500,7.083013550765222,22.858,24.02,581,96,0,0.13869279292143966,0.1604867320507765,100000,uniform_medium,3992
3952,500,-108.43591873858796,35.726,36.912,593,95,0,0.13862344652497893,0.15855719436705112,100000,uniform_medium,3993
3953,500,23.829401453492864,23.854,25.106,626,83,0,0.13855413480171644,0.15863108590245248,100000,uneven,3994
3954,81,-42.042201371568574,37.641975308641975,38.98765432098765,109,13,1,0.1384848577343156,0.16372175450310295,100000,high_uniform,3995
3955,75,-61.32622405368962,44.21333333333333,45.32,83,16,1,0.13841561530544844,0.1589869111776352,100000,high_uniform,3996
3956,500,-22.99731789188791,30.546,31.836,645,85,0,0.13834640749779573,0.16307731860876085,100000,rush_hour,3997
3957,109,-140.9760390203253,55.25688073394495,56.174311926605505,100,29,1,0.13827723429404684,0.16812087219516073,100000,high_uniform,3998
3958,500,44.67291944699151,24.016,25.342,663,72,0,0.13820809567689982,0.16329525378346443,100000,uneven,3999
3959,500,-13.250390197985363,3.696,4.072,188,95,0,0.13813899162906138,0.1633427188694477,100000,low_uniform,4000
3960,500,48.70131762624209,17.638,18.816,589,94,0,0.13806992213324684,0.16251570676267146,100000,uniform_medium,4001
3961,500,22.10551257234124,24.114,25.38,633,83,0,0.13800088717218023,0.16005644404888153,100000,rush_hour,4002
3962,144,-54.41021346830227,32.65277777777778,33.708333333333336,152,29,1,0.13793188672859416,0.15496597423528632,100000,rush_hour,4003
3963,500,-52.960784240254014,34.926,36.26,667,75,0,0.13786292078522988,0.1560351852029562,100000,uneven,4004
3964,500,-15.967521379121186,23.988,25.118,565,96,0,0.13779398932483727,0.15835979834198952,100000,uniform_medium,4005
3965,500,-6.732373201013396,4.218,4.662,222,101,0,0.13772509233017485,0.1607686537951231,100000,low_uniform,4006
3966,500,-70.8834235590142,32.356,33.57,607,86,0,0.13765622978400976,0.1574330867379904,100000,rush_hour,4007
3967,500,13.9077802542179,28.338,29.66,661,78,0,0.13758740166911776,0.16185215283930302,100000,uneven,4008
3968,500,27.346052765920795,20.402,21.57,584,94,0,0.13751860796828322,0.15972879949212074,100000,uniform_medium,4009
3969,82,-59.40628126749493,46.58536585365854,47.9390243902439,111,13,1,0.13744984866429907,0.1681866286004462,100000,high_uniform,4010
3970,500,-8.405336009597166,30.986,32.338,676,76,0,0.13738112373996694,0.15769404411315918,100000,uneven,4011
3971,78,-54.106640058747224,43.67948717948718,45.06410256410256,108,12,1,0.13731243317809697,0.16470899251409066,100000,high_uniform,4012
3972,500,-24.24148793263514,30.472,31.784,656,81,0,0.1372437769615079,0.15830455605685712,100000,rush_hour,4013
3973,500,-6.556630297835845,4.908,5.384,238,102,0,0.13717515507302716,0.16107893596589565,100000,low_uniform,4014
3974,500,-0.2962274210682061,21.774,22.9,563,100,0,0.13710656749549066,0.15977694876492024,100000,uniform_medium,4015
3975,500,-9.166104240884128,3.148,3.528,190,97,0,0.13703801421174291,0.15696867990493774,100000,low_uniform,4016
3976,365,-78.25614720741808,32.4027397260274,33.57260273972603,427,67,1,0.13696949520463705,0.1623333838296263,100000,uneven,4017
3977,500,-42.99518155801568,33.538,34.888,675,76,0,0.13690101045703473,0.16074507561326026,100000,uneven,4018
3978,500,-13.62743354799394,31.662,33.02,679,76,0,0.1368325599518062,0.15904096318781377,100000,rush_hour,4019
3979,148,-69.90857027813578,46.560810810810814,47.972972972972975,209,19,1,0.13676414367183032,0.15491386296579968,100000,high_uniform,4020
3980,500,8.52750836314044,3.432,3.856,212,85,0,0.13669576159999441,0.1580945914685726,100000,low_uniform,4021
3981,79,-56.40098771312829,43.40506329113924,44.69620253164557,102,12,1,0.13662741371919443,0.15501460546179663,100000,high_uniform,4022
3982,500,-9.753442096564543,3.402,3.802,200,102,0,0.13655910001233484,0.1599962823987007,100000,low_uniform,4023
3983,500,14.742365991017236,27.784,29.114,665,76,0,0.1364908204623287,0.1569852352440357,100000,uneven,4024
3984,500,8.410576921250248,27.946,29.26,657,82,0,0.13642257505209754,0.15724368521571158,100000,uneven,4025
3985,151,-51.57258858856636,34.56953642384106,35.72185430463576,174,29,1,0.1363543637645715,0.15681065584452736,100000,rush_hour,4026
3986,500,34.8980626027439,20.25,21.44,595,94,0,0.1362861865826892,0.15820786507427692,100000,uniform_medium,4027
3987,500,-6.325151199801088,25.672,26.87,599,88,0,0.13621804348939787,0.15649948339164257,100000,uniform_medium,4028
3988,500,-10.340111387622528,4.188,4.594,203,92,0,0.13614993446765317,0.15390798908472061,100000,low_uniform,4029
3989,121,-104.69395236357737,56.86776859504132,58.11570247933884,151,18,1,0.13608185950041934,0.1559765406630256,100000,high_uniform,4030
3990,107,-101.07866426093288,51.8411214953271,53.02803738317757,127,20,1,0.13601381857066913,0.1579331106671663,100000,high_uniform,4031
3991,203,-73.07977685736434,37.48275862068966,38.64039408866995,235,38,1,0.1359458116613838,0.15443824782160115,100000,uneven,4032
3992,500,-7.118575914476341,31.728,33.11,691,73,0,0.13587783875555312,0.1583094384819269,100000,uneven,4033
3993,500,-7.421323172068909,4.624,5.042,209,89,0,0.13580989983617536,0.15912608715891838,100000,low_uniform,4034
3994,500,55.9164343024617,16.174,17.328,577,97,0,0.1357419948862573,0.1528696938753128,100000,uniform_medium,4035
3995,91,-67.2439450774265,40.86813186813187,41.989010989010985,102,18,1,0.13567412388881417,0.1552416511944362,100000,high_uniform,4036
3996,500,-14.102597497655609,24.892,26.046,577,93,0,0.13560628682686976,0.15688541589677335,100000,uniform_medium,4037
3997,500,0.7943969640244188,3.968,4.388,210,88,0,0.13553848368345633,0.15939047645032406,100000,low_uniform,4038
3998,500,2.2043306341907476,28.144,29.464,660,79,0,0.13547071444161463,0.15883610694110392,100000,rush_hour,4039
3999,258,-51.93194355347709,32.22868217054263,33.434108527131784,311,46,1,0.13540297908439383,0.15416995877789896,100000,uneven,4040
4000,92,-48.71502063542572,36.619565217391305,37.78260869565217,107,16,1,0.13533527759485164,0.15883184702176115,100000,high_uniform,4041
4001,500,-1.2513286559196817,21.514,22.66,573,99,0,0.13526760995605422,0.16222796139121057,100000,uniform_medium,4042
4002,206,-39.27219986102964,33.14563106796116,34.41747572815534,262,33,1,0.1351999761510762,0.16247159155827123,100000,rush_hour,4043
4003,500,-6.309583779426149,3.426,3.782,178,83,0,0.13513237616300067,0.15568099476397038,100000,low_uniform,4044
4004,91,-69.84302094476442,46.23076923076923,47.62637362637363,127,13,1,0.13506480997491918,0.16267595849521868,100000,high_uniform,4045
4005,500,-79.78716815251566,33.802,35.064,631,88,0,0.13499727756993174,0.15772133637964725,100000,rush_hour,4046
4006,500,37.81919198484907,23.664,24.944,640,80,0,0.13492977893114677,0.15375221626460553,100000,rush_hour,4047
4007,500,44.105338438395236,19.33,20.522,596,94,0,0.1348623140416812,0.15458568154275418,100000,uniform_medium,4048
4008,500,-2.70250716883169,27.666,28.946,640,80,0,0.13479488288466038,0.15377426573634148,100000,uneven,4049
4009,500,-0.5842461658909308,3.598,3.938,170,67,0,0.13472748544321805,0.15436592802405358,100000,low_uniform,4050
4010,500,-18.042231446599164,4.372,4.76,194,97,0,0.13466012170049646,0.15459719660878182,100000,low_uniform,4051
4011,500,-12.921840495972702,24.056,25.218,581,95,0,0.13459279163964621,0.1540386648476124,100000,uniform_medium,4052
4012,500,-27.054185675926398,30.952,32.264,656,80,0,0.1345254952438264,0.14985068266093732,100000,rush_hour,4053
4013,500,57.96676767644336,21.974,23.26,643,76,0,0.1344582324962045,0.1549570225775242,100000,uneven,4054
4014,111,-91.73971372062387,52.52252252252252,53.77477477477478,139,16,1,0.1343910033799564,0.15313255666075526,100000,high_uniform,4055
4015,500,60.650875262628354,16.068,17.184,558,90,0,0.13432380787826645,0.15468186819553376,100000,uniform_medium,4056
4016,500,-8.4094493329583,3.44,3.82,190,94,0,0.13425664597432732,0.15498737965524195,100000,low_uniform,4057
4017,500,1.4738099756524081,22.892,24.05,579,96,0,0.13418951765134016,0.15596459409594535,100000,uniform_medium,4058
4018,500,-8.278128707343669,3.5,3.87,185,88,0,0.1341224228925145,0.15554219648241996,100000,low_uniform,4059
4019,500,-10.891237021739997,3.086,3.438,176,91,0,0.13405536168106824,0.15560841430723668,100000,low_uniform,4060
4020,500,4.960506441024242,25.676,26.948,636,87,0,0.13398833400022772,0.1530185157954693,100000,uneven,4061
4021,500,-14.391545889363893,4.098,4.554,228,119,0,0.13392133983322763,0.15023732604086398,100000,low_uniform,4062
4022,500,-9.283660837137072,3.124,3.484,180,91,0,0.13385437916331103,0.15509583859145643,100000,low_uniform,4063
4023,134,-87.84453345536086,55.23134328358209,56.67164179104478,193,16,1,0.13378745197372938,0.14637746556258913,100000,high_uniform,4064
4024,500,55.439387770308386,18.064,19.226,581,88,0,0.1337205582477425,0.14904025287926198,100000,uniform_medium,4065
4025,139,-74.77897589052729,47.21582733812949,48.611510791366904,194,20,1,0.13365369796861865,0.14765305173911636,100000,high_uniform,4066
4026,500,-6.374832709396623,2.728,3.134,203,107,0,0.13358687111963435,0.15109436832368373,100000,low_uniform,4067
4027,500,49.81619695955634,19.27,20.434,582,80,0,0.13352007768407453,0.1495479509830475,100000,uniform_medium,4068
4028,83,-45.99656503657132,41.48192771084337,42.78313253012048,108,12,1,0.1334533176452325,0.15284964918013078,100000,high_uniform,4069
4029,263,-57.07056276405768,36.38403041825095,37.68060836501901,341,42,1,0.1333865909864099,0.15236806186773025,100000,uneven,4070
4030,99,-86.00905832840769,56.101010101010104,57.44444444444444,133,12,1,0.1333198976909167,0.1555349695110562,100000,high_uniform,4071
4031,66,-62.513801865782106,47.696969696969695,48.78787878787879,72,13,1,0.13325323774207126,0.15370047160170294,100000,high_uniform,4072
4032,86,-72.23307979980288,54.93023255813954,56.24418604651163,113,13,1,0.13318661112320024,0.1582092176689658,100000,high_uniform,4073
4033,500,55.74985337624528,19.622,20.842,610,90,0,0.13312001781763866,0.1487108490616083,100000,uniform_medium,4074
4034,500,11.919125880339516,21.024,22.162,569,96,0,0.13305345780872985,0.1480938599407673,100000,uniform_medium,4075
4035,110,-49.459179207501165,36.7,38.018181818181816,145,18,1,0.13298693107982548,0.15547479485923593,100000,high_uniform,4076
4036,500,-12.658075223756486,3.162,3.528,183,97,0,0.13292043761428557,0.14912535405158997,100000,low_uniform,4077
4037,500,-7.806682563260635,31.258,32.622,682,76,0,0.13285397739547844,0.14989503635466098,100000,uneven,4078
4038,500,10.519525264816231,27.262,28.578,658,83,0,0.1327875504067807,0.1519960352629423,100000,uneven,4079
4039,500,7.429774856611941,21.53,22.672,571,95,0,0.13272115663157733,0.15028835214674474,100000,uniform_medium,4080
4040,500,15.277219432962502,19.73,20.846,558,99,0,0.13265479605326155,0.15128722789883614,100000,uniform_medium,4081
4041,500,31.665555950472328,18.808,19.946,569,92,0,0.13258846865523494,0.14678938552737236,100000,uniform_medium,4082
4042,500,-22.740215908139024,31.768,33.114,673,76,0,0.13252217442090733,0.1471789599955082,100000,uneven,4083
4043,312,-86.91894517919086,38.381410256410255,39.66025641025641,399,54,1,0.13245591333369688,0.14873864644995102,100000,uneven,4084
4044,500,-12.295423073108928,3.72,4.122,201,96,0,0.13238968537703005,0.14976268456876277,100000,low_uniform,4085
4045,112,-88.18380671271154,50.776785714285715,52.0,137,19,1,0.13232349053434156,0.1436422448605299,100000,high_uniform,4086
4046,500,-19.15956288633584,3.596,3.974,189,104,0,0.1322573287890744,0.14988129414618015,100000,low_uniform,4087
4047,101,-78.9960279684172,53.960396039603964,55.366336633663366,142,14,1,0.13219120012467986,0.1464062670965006,100000,high_uniform,4088
4048,500,23.212099425518783,21.23,22.408,589,96,0,0.13212510452461754,0.14930001358687878,100000,uniform_medium,4089
4049,500,11.881608554801034,23.254,24.432,589,89,0,0.13205904197235524,0.1492934210151434,100000,uniform_medium,4090
4050,106,-88.0438650787675,50.87735849056604,52.06603773584906,126,19,1,0.13199301245136907,0.15216864757942702,100000,high_uniform,4091
4051,500,54.41153375733382,17.568,18.736,584,93,0,0.1319270159451434,0.15294353592395782,100000,uniform_medium,4092
4052,500,49.107494665597045,19.38,20.57,595,90,0,0.13186105243717083,0.15222118978202342,100000,uniform_medium,4093
4053,500,17.317954366368344,26.758,28.086,664,77,0,0.13179512191095225,0.15203798197209836,100000,uneven,4094
4054,457,-102.92418981485619,39.53391684901532,40.84901531728665,601,74,1,0.1317292243499968,0.14655184378965677,100000,rush_hour,4095
4055,500,-10.62209724663556,3.524,3.934,205,105,0,0.13166335973782178,0.15100315169990064,100000,low_uniform,4096
4056,500,49.356237346982255,17.16,18.284,562,96,0,0.13159752805795288,0.15295357313752175,100000,uniform_medium,4097
4057,500,-35.409027684738966,34.504,35.882,689,75,0,0.13153172929392393,0.1474954116642475,100000,rush_hour,4098
4058,106,-104.82759316863869,62.339622641509436,63.716981132075475,146,14,1,0.13146596342927697,0.15272558382097282,100000,high_uniform,4099
4059,500,33.37118212153812,18.314,19.444,565,94,0,0.13140023044756233,0.15267923986911774,100000,uniform_medium,4100
4060,86,-80.91035319623288,53.383720930232556,54.69767441860465,113,14,1,0.13133453033233855,0.15154692469987757,100000,high_uniform,4101
4061,500,-13.101777156844225,3.088,3.432,172,92,0,0.1312688630671724,0.15466569525003432,100000,low_uniform,4102
4062,500,-7.691814782299556,4.066,4.476,205,95,0,0.13120322863563882,0.15004395344853402,100000,low_uniform,4103
4063,500,29.21930092003176,26.442,27.78,669,75,0,0.131137627021321,0.14796175874769688,100000,uneven,4104
4064,95,-54.08702941401274,32.71578947368421,33.810526315789474,104,20,1,0.13107205820781034,0.1569281601592114,100000,high_uniform,4105
4065,500,-16.16636133898835,29.428,30.72,646,82,0,0.13100652217870645,0.1492330424040556,100000,uneven,4106
4066,500,19.47410023691745,21.796,22.958,581,94,0,0.1309410189176171,0.15084871454536916,100000,uniform_medium,4107
4067,163,-40.74873163866959,32.47852760736196,33.76687116564417,210,27,1,0.13087554840815832,0.14829830057416227,100000,rush_hour,4108
4068,99,-47.90120725168901,38.74747474747475,40.16161616161616,140,14,1,0.13081011063395426,0.14632151193088955,100000,high_uniform,4109
4069,413,-119.26832406343625,33.05811138014528,34.15980629539951,455,87,1,0.1307447055786373,0.15310831147879722,100000,uneven,4110
4070,500,-2.4433286194319486,3.994,4.404,205,83,0,0.130679333225848,0.15175728353857995,100000,low_uniform,4111
4071,500,-2.226712811961182,3.538,3.95,206,93,0,0.13061399355923506,0.14852399478852749,100000,low_uniform,4112
4072,500,32.87248983902041,21.13,22.344,607,90,0,0.13054868656245544,0.15057026432454587,100000,uneven,4113
4073,500,27.21889449188253,23.968,25.268,650,81,0,0.13048341221917423,0.1485525176078081,100000,rush_hour,4114
4074,356,-146.40391731723014,43.39887640449438,44.53651685393258,405,50,1,0.13041817051306465,0.1511689799345946,100000,rush_hour,4115
4075,500,14.889937351626761,23.238,24.418,590,80,0,0.1303529614278081,0.1478233315050602,100000,uniform_medium,4116
4076,500,-5.283926874087769,4.238,4.636,199,86,0,0.13028778494709423,0.14624160507321357,100000,low_uniform,4117
4077,500,63.562353855051484,19.678,20.95,636,75,0,0.1302226410546207,0.1463531810492277,100000,rush_hour,4118
4078,446,-108.57425915657535,40.143497757847534,41.43946188340807,578,73,1,0.1301575297340934,0.14826253043161913,100000,uneven,4119
4079,500,45.827270074308224,17.782,18.95,584,93,0,0.13009245096922636,0.1470089422389865,100000,uniform_medium,4120
4080,500,15.689799192710392,26.832,28.15,659,79,0,0.13002740474374175,0.1458479394763708,100000,uneven,4121
4081,500,-14.355056974525612,26.084,27.346,631,83,0,0.1299623910413699,0.14631388953328134,100000,rush_hour,4122
4082,500,54.04814793731505,16.842,17.984,571,92,0,0.12989740984584922,0.14826389627158643,100000,uniform_medium,4123
4083,500,51.514025551234305,21.402,22.684,641,82,0,0.1298324611409263,0.15003046385943888,100000,uneven,4124
4084,500,-41.78400465079761,33.356,34.674,659,81,0,0.12976754491035586,0.14860408021509647,100000,uneven,4125
4085,98,-56.339814612373296,41.1530612244898,42.40816326530612,123,17,1,0.1297026611379007,0.15026039767022037,100000,high_uniform,4126
4086,100,-53.63003993914894,36.1,37.2,110,21,1,0.12963780980733175,0.14564945489168168,100000,uneven,4127
4087,500,64.88162560186325,15.416,16.56,572,91,0,0.1295729909024281,0.14845996755361557,100000,uniform_medium,4128
4088,449,-81.2152165292586,35.369710467706014,36.648106904231625,574,62,1,0.12950820440697688,0.14705079203193597,100000,rush_hour,4129
4089,500,7.212230728791608,25.972,27.26,644,80,0,0.12944345030477342,0.1514085492938757,100000,rush_hour,4130
4090,500,-111.47968477666373,39.02,40.318,649,78,0,0.12937872857962104,0.14861086355149747,100000,rush_hour,4131
4091,500,15.286477020210203,27.022,28.33,654,80,0,0.12931403921533124,0.1485996359884739,100000,uneven,4132
4092,500,-9.135405112248522,3.404,3.796,196,96,0,0.12924938219572357,0.1519376713335514,100000,low_uniform,4133
4093,500,45.560394892334855,19.148,20.342,597,87,0,0.1291847575046257,0.14852889336645603,100000,uniform_medium,4134
4094,93,-112.31524089170368,62.29032258064516,63.494623655913976,112,14,1,0.1291201651258734,0.1496441274560908,100000,high_uniform,4135
4095,500,-64.61900133992656,36.68,38.05,685,74,0,0.12905560504331048,0.14803863018751146,100000,rush_hour,4136
4096,86,-38.816209899292176,44.43023255813954,45.95348837209303,131,10,1,0.12899107724078884,0.14685042211136154,100000,high_uniform,4137
4097,95,-88.08989247276463,51.863157894736844,53.11578947368421,119,16,1,0.12892658170216845,0.14775022362407886,100000,high_uniform,4138
4098,500,-8.411931514411254,2.894,3.258,182,95,0,0.12886211841131737,0.15332059240341187,100000,low_uniform,4139
4099,500,-27.456424624192625,37.912,39.368,728,66,0,0.12879768735211172,0.14786736519634724,100000,uneven,4140
4100,500,4.850429038102295,23.076,24.242,583,92,0,0.12873328850843568,0.14656249451637268,100000,uniform_medium,4141
4101,500,-7.1137664995711045,3.94,4.35,205,95,0,0.12866892186418147,0.14900154170393945,100000,low_uniform,4142
4102,500,-79.30932346994521,37.808,39.158,675,79,0,0.12860458740324937,0.1491350609511137,100000,rush_hour,4143
4103,500,-9.417154346073497,3.45,3.884,217,110,0,0.12854028510954776,0.14543362852931022,100000,low_uniform,4144
4104,500,-1.4586140541203696,3.308,3.706,199,92,0,0.12847601496699299,0.14793471762537957,100000,low_uniform,4145
4105,500,-14.654999100862938,3.526,3.884,179,93,0,0.1284117769595095,0.14350875836610794,100000,low_uniform,4146
4106,86,-72.6508773969603,53.04651162790697,54.48837209302326,124,12,1,0.12834757107102976,0.14429062319009803,100000,high_uniform,4147
4107,500,-14.909840391958264,3.276,3.65,187,100,0,0.12828339728549426,0.14827998065948486,100000,low_uniform,4148
4108,500,29.117103718381166,24.52,25.828,654,80,0,0.12821925558685152,0.14594565208256244,100000,rush_hour,4149
4109,89,-75.02591946776778,46.49438202247191,47.70786516853933,108,17,1,0.1281551459590581,0.14597520073143283,100000,high_uniform,4150
4110,500,33.62697705107268,19.934,21.11,588,87,0,0.1280910683860786,0.14418718408048153,100000,uniform_medium,4151
4111,500,-7.7416461178453035,3.894,4.304,205,97,0,0.12802702285188555,0.14290782545506955,100000,low_uniform,4152
4112,90,-61.09419973971989,42.888888888888886,44.111111111111114,110,15,1,0.12796300934045962,0.1470206744968891,100000,high_uniform,4153
4113,500,-10.433681730227427,2.962,3.296,167,86,0,0.1278990278357894,0.14674127957224845,100000,low_uniform,4154
4114,500,16.007924367582618,24.672,25.968,648,79,0,0.12783507832187152,0.14517315413057805,100000,rush_hour,4155
4115,500,21.093546360153486,19.79,20.924,567,97,0,0.12777116078271059,0.150209249407053,100000,uniform_medium,4156
4116,109,-41.83941598517901,40.18348623853211,41.642201834862384,159,13,1,0.12770727520231923,0.14820251237908635,100000,high_uniform,4157
4117,500,-7.142271757780091,5.754,6.164,205,74,0,0.12764342156471808,0.1483543378710747,100000,low_uniform,4158
4118,500,2.11909356847558,3.626,4.03,202,83,0,0.12757959985393574,0.14510413733124733,100000,low_uniform,4159
4119,500,45.71560292410128,17.19,18.312,561,96,0,0.12751581005400878,0.14339134219288827,100000,uniform_medium,4160
4120,500,-8.487620687497278,2.744,3.066,161,82,0,0.12745205214898178,0.1430491536408663,100000,low_uniform,4161
4121,500,14.773480402967177,28.294,29.648,677,76,0,0.1273883261229073,0.14180901643633842,100000,uneven,4162
4122,500,14.776342174748299,27.582,28.91,664,75,0,0.12732463195984584,0.14206797118484973,100000,rush_hour,4163
4123,500,-50.45632320275481,33.192,34.492,650,77,0,0.1272609696438659,0.1463854725211859,100000,rush_hour,4164
4124,500,47.81727690701566,19.124,20.324,600,92,0,0.127197339159044,0.1444684015735984,100000,uniform_medium,4165
4125,500,-147.06015637775477,44.262,45.566,652,82,0,0.12713374048946446,0.14543852664530277,100000,uneven,4166
4126,112,-80.88908270521183,55.419642857142854,56.875,163,13,1,0.12707017361921974,0.1494192526941853,100000,high_uniform,4167
4127,500,-5.447624417715388,3.386,3.774,194,90,0,0.12700663853241015,0.1427877282053232,100000,low_uniform,4168
4128,500,-5.794210965913361,3.39,3.778,194,93,0,0.12694313521314396,0.14314900651574136,100000,low_uniform,4169
4129,138,-100.46006403390963,56.11594202898551,57.528985507246375,195,18,1,0.1268796636455374,0.14982716685187988,100000,high_uniform,4170
4130,104,-66.94790816499626,45.09615384615385,46.33653846153846,129,17,1,0.12681622381371466,0.1428876485532293,100000,high_uniform,4171
4131,500,1.8370834851481619,2.904,3.29,193,87,0,0.1267528157018078,0.14344261549413204,100000,low_uniform,4172
4132,415,-101.87249555738774,38.2,39.42650602409638,509,71,1,0.1266894392939569,0.14593920217580106,100000,rush_hour,4173
4133,500,1.2296527301128188,30.704,32.062,679,76,0,0.12662609457430993,0.14456882894039155,100000,uneven,4174
4134,132,-103.59399186302653,51.57575757575758,52.84090909090909,167,22,1,0.12656278152702277,0.14325750455486053,100000,high_uniform,4175
4135,500,-26.458984705602035,29.788,31.074,643,82,0,0.12649950013625927,0.14490409886837005,100000,rush_hour,4176
4136,500,-6.7690402156728355,30.338,31.69,676,74,0,0.12643625038619113,0.146106711640954,100000,rush_hour,4177
4137,500,-68.36316034250927,35.96,37.278,659,82,0,0.12637303226099805,0.1468545967936516,100000,rush_hour,4178
4138,500,65.0845928835886,15.26,16.406,573,97,0,0.12630984574486756,0.14477459287643432,100000,uniform_medium,4179
4139,500,-53.3115173403718,35.706,37.06,677,77,0,0.12624669082199513,0.14478780694305896,100000,rush_hour,4180
4140,97,-49.25547825640462,41.865979381443296,43.22680412371134,132,14,1,0.12618356747658413,0.14736703844721785,100000,high_uniform,4181
4141,500,-83.13340752659703,37.912,39.216,652,83,0,0.12612047569284585,0.15254105277359487,100000,uneven,4182
4142,500,2.060657068373139,26.556,27.852,648,79,0,0.12605741545499943,0.14885121373832225,100000,rush_hour,4183
4143,500,-5.421360815293825,2.652,3.032,190,95,0,0.12599438674727195,0.15134214895963669,100000,low_uniform,4184
4144,135,-94.70124014313947,53.54814814814815,54.903703703703705,183,20,1,0.12593138955389832,0.15078360029944668,100000,high_uniform,4185
4145,500,4.091031055104796,3.406,3.764,179,70,0,0.1258684238591214,0.1486996817663312,100000,low_uniform,4186
4146,500,28.106700455222466,23.686,24.936,625,85,0,0.12580548964719185,0.14992184934020042,100000,uniform_medium,4187
4147,82,-60.72708265109564,45.292682926829265,46.5609756097561,104,12,1,0.12574258690236825,0.1471432320228437,100000,high_uniform,4188
4148,470,-100.29805309070821,38.234042553191486,39.53617021276596,612,72,1,0.12567971560891708,0.15085823042912685,100000,rush_hour,4189
4149,500,-23.932872923485654,33.258,34.634,688,75,0,0.12561687575111263,0.14713714057207108,100000,rush_hour,4190
4150,500,67.61503116272182,14.708,15.826,559,96,0,0.1255540673132371,0.15179004737734794,100000,uniform_medium,4191
4151,500,69.65723729578241,13.69,14.79,550,97,0,0.12549129027958048,0.15243186485767365,100000,uniform_medium,4192
4152,69,-70.27423844118087,46.88405797101449,47.91304347826087,71,13,1,0.1254285446344407,0.14825247930011887,100000,high_uniform,4193
4153,152,-62.094620210482475,30.69736842105263,31.730263157894736,157,31,1,0.12536583036212348,0.14919888899710618,100000,rush_hour,4194
4154,500,-71.91276519500296,41.548,42.982,717,67,0,0.12530314744694243,0.14787584786117078,100000,rush_hour,4195
4155,500,56.236721555251954,15.368,16.488,560,96,0,0.12524049587321898,0.1500250805914402,100000,uniform_medium,4196
4156,500,3.795041304332491,4.406,4.808,201,72,0,0.12517787562528238,0.15010515902936458,100000,low_uniform,4197
4157,500,3.179060887374834,26.628,27.918,645,78,0,0.12511528668746974,0.14214189940690994,100000,uneven,4198
4158,500,26.666275577230163,23.146,24.364,609,84,0,0.125052729044126,0.14620613315701483,100000,uniform_medium,4199
4159,500,-6.389575888482677,4.102,4.502,200,89,0,0.12499020267960395,0.14516506211459637,100000,low_uniform,4200
4160,500,-10.0158932209957,4.328,4.73,201,90,0,0.12492770757826416,0.14570502746105193,100000,low_uniform,4201
4161,120,-102.31641535567435,57.483333333333334,58.825,161,17,1,0.12486524372447504,0.13993670530617236,100000,high_uniform,4202
4162,500,75.45737987969815,15.262,16.422,580,87,0,0.1248028111026128,0.14485550229996444,100000,uniform_medium,4203
4163,99,-62.55335429695054,44.77777777777778,46.02020202020202,123,15,1,0.1247404096970615,0.14461187085117957,100000,high_uniform,4204
4164,500,35.544206881342625,20.958,22.142,592,91,0,0.12467803949221298,0.14348123076558114,100000,uniform_medium,4205
4165,500,31.793615983916055,26.91,28.284,687,74,0,0.12461570047246688,0.1429454692006111,100000,uneven,4206
4166,218,-73.995291255032,38.22477064220183,39.43119266055046,263,39,1,0.12455339262223065,0.14290409955546396,100000,uneven,4207
4167,112,-85.30425125529872,51.464285714285715,52.723214285714285,141,16,1,0.12449111592591955,0.14511404332837888,100000,high_uniform,4208
4168,500,-6.7543115933888975,3.732,4.132,200,93,0,0.12442887036795659,0.14631024850904942,100000,low_uniform,4209
4169,88,-82.91969121781352,52.07954545454545,53.30681818181818,108,13,1,0.12436665593277262,0.14114098606461828,100000,high_uniform,4210
4170,500,20.24469826283853,23.7,24.946,623,85,0,0.12430447260480623,0.14269002696871758,100000,uneven,4211
4171,500,25.12598643267655,19.822,20.964,571,99,0,0.12424232036850384,0.14472147059440613,100000,uniform_medium,4212
4172,500,77.22861467773289,16.966,18.18,607,88,0,0.1241801992083196,0.14621267668902874,100000,uniform_medium,4213
4173,119,-55.31256924672065,40.588235294117645,41.84873949579832,150,17,1,0.12411810910871544,0.14656494326200806,100000,high_uniform,4214
4174,500,57.607749233875865,16.78,17.916,568,97,0,0.1240560500541611,0.1431789807677269,100000,uniform_medium,4215
4175,95,-64.62977713940778,44.77894736842105,46.01052631578948,117,16,1,0.12399402202913402,0.14935599541977831,100000,high_uniform,4216
4176,500,64.51666474044075,15.766,16.916,575,94,0,0.12393202501811947,0.14214517097175122,100000,uniform_medium,4217
4177,500,68.81119429015767,12.908,13.97,531,96,0,0.12387005900561042,0.14536077190935612,100000,uniform_medium,4218
4178,500,-14.347098680102317,26.26,27.488,614,83,0,0.12380812397610762,0.14335105139017104,100000,uneven,4219
4179,123,-64.4650290600835,44.951219512195124,46.357723577235774,173,16,1,0.12374621991411958,0.14124106712699905,100000,high_uniform,4220
4180,83,-44.948111710704865,38.98795180722892,40.397590361445786,117,12,1,0.12368434680416253,0.14699714298707894,100000,high_uniform,4221
4181,500,63.379770480895445,21.784,23.084,650,78,0,0.12362250463076045,0.14312185974419117,100000,uneven,4222
4182,500,51.752964528857014,18.288,19.478,595,91,0,0.12356069337844508,0.14235892656445504,100000,uniform_medium,4223
4183,500,-6.480103420434131,4.144,4.572,214,97,0,0.12349891303175586,0.1463820846527815,100000,low_uniform,4224
4184,500,-7.727815182575323,30.218,31.558,670,76,0,0.12343716357524,0.14155749087035657,100000,rush_hour,4225
4185,500,1.6933863582842053,4.452,4.876,212,82,0,0.12337544499345239,0.14249901984632016,100000,low_uniform,4226
4186,123,-100.32028440197172,60.47154471544715,61.91056910569106,177,17,1,0.12331375727095567,0.14713252650770714,100000,high_uniform,4227
4187,500,45.80166551807607,17.974,19.128,577,98,0,0.1232521003923202,0.14627287727594376,100000,uniform_medium,4228
4188,500,38.878075604890775,19.716,20.898,591,96,0,0.12319047434212405,0.1468580247461796,100000,uniform_medium,4229
4189,500,2.618451178406234,3.644,4.052,204,86,0,0.12312887910495299,0.14401984670758247,100000,low_uniform,4230
4190,500,-31.89735672806907,33.694,35.05,678,73,0,0.12306731466540052,0.14549180667102338,100000,rush_hour,4231
4191,90,-74.78949337033139,51.43333333333333,52.77777777777778,121,14,1,0.12300578100806783,0.14202187615964149,100000,high_uniform,4232
4192,500,17.09822174876512,19.144,20.256,556,98,0,0.12294427811756381,0.14339451156556607,100000,uniform_medium,4233
4193,249,-47.15851749852228,33.55421686746988,34.83935742971887,320,40,1,0.12288280597850504,0.14005385979591126,100000,uneven,4234
4194,500,-7.052793044047191,3.196,3.574,189,93,0,0.12282136457551579,0.14315667497366666,100000,low_uniform,4235
4195,88,-66.9986593962338,50.82954545454545,52.18181818181818,119,11,1,0.12275995389322804,0.14907502467659386,100000,high_uniform,4236
4196,156,-148.64490895718257,69.38461538461539,70.84615384615384,228,20,1,0.12269857391628143,0.1410646134366592,100000,high_uniform,4237
4197,79,-52.09815682810959,39.41772151898734,40.67088607594937,99,14,1,0.12263722462932329,0.14357628258346003,100000,high_uniform,4238
4198,500,-6.666623559142925,4.02,4.446,213,98,0,0.12257590601700864,0.14234465377777814,100000,low_uniform,4239
4199,500,22.83832224152044,23.2,24.444,622,82,0,0.12251461806400014,0.1423446200788021,100000,rush_hour,4240
4200,500,64.85291551097494,17.104,18.3,598,92,0,0.12245336075496815,0.14419320817291736,100000,uniform_medium,4241
4201,500,29.354198380439954,25.986,27.33,672,78,0,0.12239213407459068,0.14429371303319932,100000,uneven,4242
4202,500,54.141339352859724,22.592,23.896,652,78,0,0.12233093800755339,0.14185456154495477,100000,uneven,4243
4203,500,5.1069671554410725,25.878,27.118,620,82,0,0.12226977253854962,0.1408219757080078,100000,uniform_medium,4244
4204,500,-1.9994945266079214,3.912,4.28,184,75,0,0.12220863765228035,0.1395729626864195,100000,low_uniform,4245
4205,500,60.20158885064102,14.546,15.636,545,100,0,0.12214753333345421,0.14322049514949323,100000,uniform_medium,4246
4206,500,-2.724387594145437,28.334,29.64,653,77,0,0.12208645956678749,0.14393663105368615,100000,rush_hour,4247
4207,500,26.033167939845466,25.634,26.972,669,78,0,0.1220254163370041,0.14231007416546346,100000,rush_hour,4248
4208,500,-58.91488315527688,37.382,38.752,685,74,0,0.12196440362883561,0.14154174177348613,100000,rush_hour,4249
4209,500,38.75109165799399,19.89,21.062,586,91,0,0.1219034214270212,0.14635008390247822,100000,uniform_medium,4250
4210,500,31.87515891006189,25.028,26.34,656,79,0,0.12184246971630769,0.14313707430660724,100000,uneven,4251
4211,500,0.18285093538924557,3.83,4.232,201,82,0,0.12178154848144954,0.14461048872768878,100000,low_uniform,4252
4212,500,75.5265755231617,21.2,22.536,668,78,0,0.12172065770720882,0.14398181101679802,100000,uneven,4253
4213,125,-80.66915414965948,52.144,53.568,178,16,1,0.12165979737835522,0.1446503413915634,100000,high_uniform,4254
4214,500,51.662146111937766,25.422,26.786,682,72,0,0.12159896747966605,0.14142693336308002,100000,uneven,4255
4215,500,29.15011027082088,26.646,28.002,678,76,0,0.12153816799592622,0.13833221708238125,100000,uneven,4256
4216,500,49.13566425792625,24.224,25.578,677,74,0,0.12147739891192827,0.14228001242876054,100000,rush_hour,4257
4217,144,-109.47542537875066,58.88194444444444,60.270833333333336,200,18,1,0.12141666021247231,0.14187102506144178,100000,high_uniform,4258
4218,500,71.92422150695307,17.328,18.544,608,91,0,0.12135595188236609,0.13922306728363038,100000,uniform_medium,4259
4219,87,-84.84497038904803,51.13793103448276,52.367816091954026,107,16,1,0.12129527390642492,0.14238771736279301,100000,high_uniform,4260
4220,500,-4.988115781441726,3.682,4.068,193,88,0,0.12123462626947171,0.13888132882118226,100000,low_uniform,4261
4221,500,2.4917427868932145,3.678,4.096,209,89,0,0.12117400895633698,0.13724649905413389,100000,low_uniform,4262
4222,67,-61.282772070685986,47.82089552238806,49.07462686567164,84,12,1,0.12111342195185881,0.1326712404391659,100000,high_uniform,4263
4223,500,44.493644257171674,23.114,24.43,658,74,0,0.12105286524088289,0.13751031681895257,100000,rush_hour,4264
4224,100,-53.14292495325324,39.6,40.91,131,15,1,0.12099233880826246,0.12781202241778375,100000,high_uniform,4265
4225,500,-8.31229255344539,32.562,33.962,700,71,0,0.12093184263885834,0.14009962122887373,100000,uneven,4266
4226,500,0.5671953347912193,3.15,3.556,203,93,0,0.12087137671753892,0.13841042575240134,100000,low_uniform,4267
4227,122,-79.71724454131781,51.90163934426229,53.295081967213115,170,17,1,0.12081094102918016,0.1327896836961879,100000,high_uniform,4268
4228,500,10.626269595819698,29.594,30.96,683,74,0,0.12075053555866558,0.1379319611787796,100000,uneven,4269
4229,500,-7.052604160103605,25.06,26.242,591,92,0,0.12069016029088625,0.14002486142516135,100000,uniform_medium,4270
4230,500,-8.499146298281104,4.002,4.428,213,100,0,0.12062981521074082,0.13943944029510022,100000,low_uniform,4271
4231,500,-1.4710039742802377,2.998,3.41,206,100,0,0.12056950030313546,0.13570151117444038,100000,low_uniform,4272
4232,500,23.10525995430108,27.11,28.446,668,75,0,0.1205092155529839,0.1382780108898878,100000,rush_hour,4273
4233,500,-41.09162124059609,32.406,33.688,641,85,0,0.1204489609452074,0.13469845673441888,100000,uneven,4274
4234,500,41.71673845787626,15.758,16.836,539,102,0,0.1203887364647348,0.13622636011242867,100000,uniform_medium,4275
4235,500,71.10163073083625,17.14,18.344,602,91,0,0.12032854209650244,0.13641694417595862,100000,uniform_medium,4276
4236,500,-3.034090826332736,3.774,4.164,195,85,0,0.1202683778254542,0.13296042461693286,100000,low_uniform,4277
4237,500,-5.300408572198892,26.356,27.626,635,84,0,0.12020824363654148,0.13469074542820453,100000,rush_hour,4278
4238,500,-10.234334113968789,3.256,3.624,184,94,0,0.12014813951472321,0.13659524914622306,100000,low_uniform,4279
4239,360,-9.945906367055313,25.780555555555555,27.072222222222223,465,55,1,0.12008806544496585,0.13846412714984682,100000,uneven,4280
4240,500,42.04503549773255,21.03,22.242,606,86,0,0.12002802141224338,0.13503995011746883,100000,uniform_medium,4281
4241,500,33.015587406488144,19.662,20.796,567,89,0,0.11996800740153726,0.1357247646152973,100000,uniform_medium,4282
4242,500,53.48823410541363,18.25,19.432,591,93,0,0.1199080233978365,0.1341673545539379,100000,uniform_medium,4283
4243,443,0.598172013165598,24.693002257336342,25.945823927765236,555,77,1,0.1198480693861376,0.1394072673020729,100000,rush_hour,4284
4244,500,-2.2607374443209944,3.612,3.988,188,80,0,0.11978814535144454,0.13669499745965005,100000,low_uniform,4285
4245,500,45.493993341961996,18.358,19.532,587,96,0,0.11972825127876882,0.13821126006543635,100000,uniform_medium,4286
4246,500,59.69289950035319,17.856,19.058,601,93,0,0.11966838715312944,0.13459778389334678,100000,uniform_medium,4287
4247,500,63.701471396786,13.81,14.916,553,101,0,0.11960855295955289,0.13390105983614922,100000,uniform_medium,4288
4248,500,5.180504581389417,2.73,3.154,212,98,0,0.11954874868307312,0.13817888548970222,100000,low_uniform,4289
4249,500,23.814335987872433,24.41,25.702,646,78,0,0.1194889743087316,0.13105658943206072,100000,rush_hour,4290
4250,500,68.34348816033099,17.306,18.51,602,87,0,0.11942922982157723,0.13047627374529838,100000,uniform_medium,4291
4251,92,-72.982895523721,49.66304347826087,50.98913043478261,122,11,1,0.11936951520666646,0.13065040799910607,100000,high_uniform,4292
4252,500,43.11121836600815,17.824,18.914,545,84,0,0.11930983044906313,0.13090082140266895,100000,uniform_medium,4293
4253,500,26.17618308317646,21.732,22.984,626,85,0,0.1192501755338386,0.13365298184752464,100000,rush_hour,4294
4254,500,26.90727626554327,22.234,23.448,607,92,0,0.11919055044607169,0.12890665059536696,100000,uniform_medium,4295
4255,500,31.27216574099347,18.82,19.94,560,95,0,0.11913095517084865,0.128886708304286,100000,uniform_medium,4296
4256,500,63.0412416983199,16.724,17.88,578,91,0,0.11907138969326324,0.13206363298743964,100000,uniform_medium,4297
4257,500,55.876749281049705,16.904,18.066,581,94,0,0.11901185399841661,0.1302793133035302,100000,uniform_medium,4298
4258,500,0.15940065612006307,3.688,4.052,182,74,0,0.11895234807141741,0.1321903007775545,100000,low_uniform,4299
4259,500,40.813630443293,25.124,26.464,670,75,0,0.11889287189738171,0.1282377345561981,100000,uneven,4300
4260,500,0.5814977192777865,4.278,4.716,219,88,0,0.11883342546143302,0.13177453771978617,100000,low_uniform,4301
4261,500,72.824334966316,14.934,16.074,570,91,0,0.11877400874870231,0.1323168325945735,100000,uniform_medium,4302
4262,500,38.672283531341186,19.318,20.5,591,93,0,0.11871462174432797,0.13070932465791701,100000,uniform_medium,4303
4263,500,31.148937287016505,18.022,19.122,550,99,0,0.11865526443345581,0.1335583303272724,100000,uniform_medium,4304
4264,500,57.27694107087648,24.144,25.512,684,75,0,0.11859593680123909,0.13225222066044806,100000,uneven,4305
4265,81,-74.72515548088765,45.641975308641975,46.79012345679013,93,13,1,0.11853663883283848,0.1330955826022007,100000,high_uniform,4306
4266,500,38.657434367072064,21.37,22.614,622,86,0,0.11847737051342207,0.1363588975071907,100000,rush_hour,4307
4267,500,59.990801715452214,17.674,18.878,602,94,0,0.11841813182816537,0.13526408986747265,100000,uniform_medium,4308
4268,500,49.33088521559465,22.464,23.754,645,82,0,0.1183589227622513,0.13599908904731273,100000,rush_hour,4309
4269,500,1.8211167301947357,3.122,3.5,189,82,0,0.11829974330087017,0.1344972671121359,100000,low_uniform,4310
4270,76,-90.14467151509623,53.48684210526316,54.51315789473684,78,15,1,0.11824059342921975,0.14663384452854333,100000,high_uniform,4311
4271,500,21.10272413677113,28.33,29.704,687,71,0,0.11818147313250514,0.1367037096619606,100000,uneven,4312
4272,84,-62.72778819567502,48.845238095238095,50.17857142857143,112,13,1,0.11812238239593889,0.14220848209446385,100000,high_uniform,4313
4273,500,-17.92226159043811,31.776,33.126,675,74,0,0.11806332120474093,0.13935192520916462,100000,rush_hour,4314
4274,500,51.33576996106594,16.684,17.81,563,100,0,0.11800428954413857,0.13916965553164481,100000,uniform_medium,4315
4275,500,5.924088248890385,3.588,4.044,228,97,0,0.11794528739936651,0.14252702429890632,100000,low_uniform,4316
4276,500,-105.28870921841134,37.232,38.47,619,88,0,0.11788631475566683,0.13818685473501682,100000,uneven,4317
4277,500,3.3495945268798653,3.588,4.028,220,94,0,0.117827371598289,0.13612081412225963,100000,low_uniform,4318
4278,500,53.705541414850444,21.198,22.45,626,84,0,0.11776845791248987,0.13304744717478753,100000,uneven,4319
4279,500,-61.7488144096323,33.34,34.598,629,84,0,0.11770957368353363,0.1356068213135004,100000,uneven,4320
4280,500,3.447670108309371,27.698,28.978,640,85,0,0.11765071889669187,0.1359915737360716,100000,rush_hour,4321
4281,101,-86.5052913668161,57.415841584158414,58.82178217821782,142,11,1,0.11759189353724353,0.138250603239135,100000,high_uniform,4322
4282,500,44.03767114474985,20.644,21.88,618,87,0,0.11753309759047491,0.1355514357984066,100000,rush_hour,4323
4283,500,-9.753766100577007,3.402,3.75,174,84,0,0.11747433104167967,0.14207164561748506,100000,low_uniform,4324
4284,105,-54.666365714089366,41.695238095238096,43.02857142857143,140,16,1,0.11741559387615884,0.13362911038455508,100000,high_uniform,4325
4285,500,1.6225588001303586,3.686,4.108,211,92,0,0.11735688607922076,0.13575141044706107,100000,low_uniform,4326
4286,500,-59.51434813137606,38.606,40.028,711,70,0,0.11729820763618116,0.13785503697395324,100000,uneven,4327
4287,500,-15.650014993706701,27.956,29.212,628,85,0,0.11723955853236308,0.13831863741576672,100000,uneven,4328
4288,488,-45.536980639224325,31.80122950819672,33.08606557377049,627,76,1,0.1171809387530969,0.1390990755963521,100000,rush_hour,4329
4289,500,2.7548547586733334,28.886,30.224,669,77,0,0.11712234828372035,0.14010884926468134,100000,uneven,4330
4290,500,40.74006242812534,17.428,18.564,568,98,0,0.1170637871095785,0.13869006794691086,100000,uniform_medium,4331
4291,500,-5.730818483446558,3.96,4.34,190,82,0,0.11700525521602372,0.1351695908755064,100000,low_uniform,4332
4292,500,5.542964738681592,29.248,30.602,677,75,0,0.1169467525884157,0.13815093871206044,100000,rush_hour,4333
4293,98,-51.3163643331041,41.95918367346939,43.36734693877551,138,13,1,0.1168882792121215,0.14018674316454907,100000,high_uniform,4334
4294,500,-4.684592107486179,3.658,4.038,190,84,0,0.11682983507251544,0.13704900446534157,100000,low_uniform,4335
4295,500,38.97059650557424,24.554,25.888,667,80,0,0.1167714201549792,0.13972282947599887,100000,rush_hour,4336
4296,500,-6.73979738761514,29.596,30.914,659,83,0,0.11671303444490172,0.13770546950399876,100000,rush_hour,4337
4297,107,-60.401949776225315,45.570093457943926,46.981308411214954,151,15,1,0.11665467792767928,0.13658307931412048,100000,high_uniform,4338
4298,500,9.79311460874804,24.592,25.86,634,85,0,0.11659635058871544,0.13765904138982296,100000,uneven,4339
4299,500,1.309851538406062,3.196,3.558,181,78,0,0.11653805241342109,0.14011830253899096,100000,low_uniform,4340
4300,500,-10.256149434533754,3.608,3.982,187,92,0,0.11647978338721439,0.13547515930235385,100000,low_uniform,4341
4301,500,55.67484162294677,17.704,18.882,589,93,0,0.1164215434955208,0.13706554647535085,100000,uniform_medium,4342
4302,500,20.632003944785797,26.33,27.642,656,80,0,0.11636333272377304,0.137236788764596,100000,uneven,4343
4303,500,-7.490484409517167,3.012,3.368,178,86,0,0.11630515105741115,0.13730974535644055,100000,low_uniform,4344
4304,500,-8.813050961319682,2.878,3.246,184,97,0,0.11624699848188245,0.13688537739217282,100000,low_uniform,4345
4305,500,-1.6771123999664863,30.476,31.822,673,76,0,0.11618887498264152,0.1391946949660778,100000,uneven,4346
4306,500,17.157686361409347,24.482,25.75,634,79,0,0.1161307805451502,0.1338793345093727,100000,uneven,4347
4307,500,54.27836557894577,24.486,25.846,680,70,0,0.11607271515487763,0.13991853813827038,100000,uneven,4348
4308,500,4.23074867042423,26.864,28.144,640,83,0,0.1160146787973002,0.13853501111268998,100000,uneven,4349
4309,500,9.50243378149163,27.132,28.452,660,80,0,0.11595667145790155,0.1386650730073452,100000,rush_hour,4350
4310,404,-106.83837336450246,43.6509900990099,45.03712871287129,560,60,1,0.1158986931221726,0.13704040143085588,100000,uneven,4351
4311,79,-65.2181821869049,47.822784810126585,49.0,93,14,1,0.11584074377561153,0.14067496481952788,100000,high_uniform,4352
4312,500,-9.976643955814145,30.306,31.652,673,78,0,0.11578282340372373,0.140183446213603,100000,rush_hour,4353
4313,500,54.68303264208067,17.738,18.918,590,92,0,0.11572493199202187,0.1380242586582899,100000,uniform_medium,4354
4314,500,-1.4429005804750452,2.848,3.262,207,101,0,0.11566706952602586,0.13485544092953206,100000,low_uniform,4355
4315,500,12.20561736456814,28.492,29.826,667,74,0,0.11560923599126285,0.13416295363008976,100000,uneven,4356
4316,500,39.46682259949117,17.47,18.604,567,96,0,0.11555143137326723,0.13829487930983306,100000,uniform_medium,4357
4317,500,-53.845861022056454,32.644,33.914,635,69,0,0.1154936556575806,0.13708391557633876,100000,rush_hour,4358
4318,91,-48.500486431974835,38.23076923076923,39.45054945054945,111,10,1,0.11543590882975181,0.13829591346311046,100000,high_uniform,4359
4319,476,-7.047254588914006,26.327731092436974,27.592436974789916,602,79,1,0.11537819087533695,0.13637440462260186,100000,rush_hour,4360
4320,500,-1.3032249834815732,3.39,3.812,211,96,0,0.11532050177989929,0.13758237162232398,100000,low_uniform,4361
4321,500,62.019483057845925,21.048,22.338,645,81,0,0.11526284152900934,0.13616884365677834,100000,uneven,4362
4322,109,-93.17024751602925,52.018348623853214,53.24770642201835,134,17,1,0.11520521010824485,0.14086966346436686,100000,high_uniform,4363
4323,137,-81.95205038593126,47.86861313868613,49.262773722627735,191,20,1,0.11514760750319072,0.136888718898714,100000,high_uniform,4364
4324,500,72.8500275646405,17.298,18.514,608,83,0,0.11509003369943914,0.1384922184944153,100000,uniform_medium,4365
4325,500,-26.956390257742367,32.992,34.356,682,73,0,0.11503248868258943,0.13724722161889077,100000,rush_hour,4366
4326,500,74.69781475136253,15.506,16.678,586,93,0,0.11497497243824814,0.13349995497614145,100000,uniform_medium,4367
4327,500,76.94918995433953,20.518,21.868,675,76,0,0.11491748495202903,0.1368044600635767,100000,rush_hour,4368
4328,104,-62.0519840882262,37.09615384615385,38.25,120,15,1,0.11486002620955302,0.1424976999226671,100000,high_uniform,4369
4329,500,-3.059991494546191,3.682,4.102,210,97,0,0.11480259619644825,0.13456651705503464,100000,low_uniform,4370
4330,500,14.803324740659777,27.948,29.286,669,76,0,0.11474519489835004,0.1347046140730381,100000,rush_hour,4371
4331,500,-8.728980642301648,4.08,4.488,204,93,0,0.11468782230090087,0.13390198608487844,100000,low_uniform,4372
4332,500,49.72480878594566,17.402,18.578,588,94,0,0.11463047838975042,0.1327001504972577,100000,uniform_medium,4373
4333,500,-53.8427223683557,38.228,39.636,704,68,0,0.11457316315055555,0.13564738821983338,100000,rush_hour,4374
4334,500,-65.4149335541444,36.798,38.144,673,77,0,0.11451587656898027,0.13536768558621406,100000,rush_hour,4375
4335,500,-57.4612492591679,37.31,38.678,684,69,0,0.11445861863069579,0.13862616938352584,100000,rush_hour,4376
4336,80,-43.54259243056852,37.1125,38.425,105,11,1,0.11440138932138044,0.14220494301989675,100000,high_uniform,4377
4337,500,-15.437712927610201,30.222,31.54,659,74,0,0.11434418862671976,0.13861863215267659,100000,uneven,4378
4338,500,33.5323955334741,18.168,19.304,568,98,0,0.1142870165324064,0.1371492452546954,100000,uniform_medium,4379
4339,500,38.190286485699865,24.054,25.372,659,77,0,0.1142298730241402,0.13615287342667579,100000,uneven,4380
4340,75,-58.853889890104846,44.57333333333333,45.82666666666667,94,14,1,0.11417275808762814,0.14305652191241583,100000,high_uniform,4381
4341,500,-3.8824687172855645,3.366,3.762,198,92,0,0.11411567170858433,0.14047226978093386,100000,low_uniform,4382
4342,88,-52.46284213414833,36.71590909090909,37.92045454545455,106,17,1,0.11405861387273004,0.13986369501799345,100000,high_uniform,4383
4343,122,-41.701961720136076,39.08196721311475,40.57377049180328,182,15,1,0.11400158456579368,0.13773055991432706,100000,high_uniform,4384
4344,500,66.21552245020322,15.132,16.274,571,95,0,0.11394458377351079,0.1385443835556507,100000,uniform_medium,4385
4345,500,64.98663546339839,13.208,14.282,537,99,0,0.11388761148162403,0.13566506746411325,100000,uniform_medium,4386
4346,78,-39.39899543817154,41.0,42.3974358974359,109,10,1,0.11383066767588322,0.1370612648435128,100000,high_uniform,4387
4347,500,-1.0762989096321138,4.348,4.764,208,83,0,0.11377375234204529,0.13981603310257196,100000,low_uniform,4388
4348,500,-4.113865347067284,3.184,3.554,185,86,0,0.11371686546587427,0.1394035564959049,100000,low_uniform,4389
4349,500,-83.99992115534738,39.036,40.366,665,76,0,0.11366000703314134,0.13577916362881662,100000,uneven,4390
4350,500,34.21836456141543,18.528,19.648,560,95,0,0.11360317702962477,0.13933644551038743,100000,uniform_medium,4391
4351,500,23.28995110703006,24.862,26.162,650,82,0,0.11354637544110997,0.13746366743743418,100000,uneven,4392
4352,73,-28.810749155471097,33.87671232876713,35.16438356164384,94,9,1,0.11348960225338943,0.13736265356818292,100000,high_uniform,4393
4353,82,-61.73020722261793,42.146341463414636,43.30487804878049,95,14,1,0.11343285745226274,0.13083985138957094,100000,high_uniform,4394
4354,86,-63.22728553353629,45.383720930232556,46.674418604651166,111,13,1,0.11337614102353662,0.13925013015436571,100000,high_uniform,4395
4355,77,-50.169095989402166,39.33766233766234,40.55844155844156,94,14,1,0.11331945295302485,0.1294616326302677,100000,high_uniform,4396
4356,500,21.84324701096268,21.904,23.136,616,85,0,0.11326279322654835,0.1392031476199627,100000,rush_hour,4397
4357,500,-23.706341809113656,33.152,34.538,693,72,0,0.11320616182993508,0.13941883824765683,100000,rush_hour,4398
4358,500,61.12237690934568,15.146,16.28,567,101,0,0.11314955874902012,0.13803716669976712,100000,uniform_medium,4399
4359,500,1.5717232781986867,27.728,29.048,660,80,0,0.11309298396964562,0.1348157900571823,100000,uneven,4400
4360,500,19.87512193010495,26.33,27.648,659,81,0,0.1130364374776608,0.13713473717868327,100000,rush_hour,4401
4361,500,-5.028357764337446,3.324,3.72,198,94,0,0.11297991925892198,0.13844546672701835,100000,low_uniform,4402
4362,500,-20.964430743541804,31.52,32.868,674,79,0,0.11292342929929253,0.14142327746748926,100000,uneven,4403
4363,88,-33.64089374810078,37.65909090909091,39.06818181818182,124,10,1,0.11286696758464289,0.14806447914716872,100000,high_uniform,4404
4364,500,34.24054652347052,26.366,27.726,680,73,0,0.11281053410085057,0.139604607924819,100000,rush_hour,4405
4365,109,-67.44345036470659,45.908256880733944,47.26605504587156,148,17,1,0.11275412883380015,0.14104414922655176,100000,high_uniform,4406
4366,488,-18.18457821395207,26.37704918032787,27.637295081967213,615,81,1,0.11269775176938325,0.13861124625154694,100000,rush_hour,4407
4367,500,-5.229183524742342,4.422,4.862,220,98,0,0.11264140289349857,0.14187581990659237,100000,low_uniform,4408
4368,500,-8.559306273803678,3.75,4.108,179,83,0,0.11258508219205182,0.13793024149537086,100000,low_uniform,4409
4369,500,33.366271201513676,23.564,24.858,647,78,0,0.11252878965095581,0.13638722684979437,100000,rush_hour,4410
4370,130,-67.4569234695353,46.83846153846154,48.223076923076924,180,19,1,0.11247252525613033,0.134292921767785,100000,high_uniform,4411
4371,60,-71.55099390033733,48.6,49.56666666666667,58,9,1,0.11241628899350227,0.13296469276150066,100000,high_uniform,4412
4372,500,3.685649552660327,3.866,4.26,197,75,0,0.11236008084900552,0.1384766034781933,100000,low_uniform,4413
4373,500,69.01077919487227,17.166,18.354,594,89,0,0.11230390080858102,0.13857695508003234,100000,uniform_medium,4414
4374,500,36.47948160061574,22.376,23.654,639,84,0,0.11224774885817673,0.1357748496234417,100000,rush_hour,4415
4375,500,68.224823491827,16.414,17.59,588,94,0,0.11219162498374766,0.14126148708164693,100000,uniform_medium,4416
4376,72,-40.296398322355806,43.59722222222222,45.125,110,8,1,0.11213552917125579,0.13874239495231044,100000,high_uniform,4417
4377,500,2.4814689208849385,25.166,26.396,615,89,0,0.11207946140667016,0.13929714208841323,100000,uniform_medium,4418
4378,500,38.062291557004954,15.624,16.692,534,100,0,0.11202342167596684,0.13849105578660964,100000,uniform_medium,4419
4379,500,4.236335679149119,4.608,5.046,219,82,0,0.11196740996512886,0.13447031198441983,100000,low_uniform,4420
4380,500,72.03551101707055,19.63,20.922,646,81,0,0.1119114262601463,0.13620643493533136,100000,rush_hour,4421
4381,500,11.637358079720844,30.432,31.826,697,69,0,0.11185547054701624,0.13842122779786586,100000,rush_hour,4422
4382,500,-9.93516939280672,3.392,3.74,174,85,0,0.11179954281174273,0.13619866475462913,100000,low_uniform,4423
4383,500,47.1537063356761,20.01,21.228,609,90,0,0.11174364304033686,0.13362636731564997,100000,uniform_medium,4424
4384,120,-82.69981434809944,49.791666666666664,51.108333333333334,158,20,1,0.1116877712188167,0.1397669395431876,100000,high_uniform,4425
4385,500,35.21203755797953,19.148,20.292,572,97,0,0.1116319273332073,0.1355614362359047,100000,uniform_medium,4426
4386,500,66.97803220496411,18.642,19.892,625,86,0,0.11157611136954071,0.13633158920705318,100000,uneven,4427
4387,500,18.91941485463375,22.75,23.948,599,93,0,0.11152032331385595,0.13668903446942568,100000,uniform_medium,4428
4388,500,-1.3136576584028665,4.428,4.844,208,85,0,0.11146456315219902,0.1325669943243265,100000,low_uniform,4429
4389,500,42.96219760974705,18.716,19.888,586,96,0,0.11140883087062292,0.1318840043991804,100000,uniform_medium,4430
4390,97,-68.67226272832963,45.2680412371134,46.5360824742268,123,17,1,0.11135312645518762,0.13470551740262926,100000,high_uniform,4431
4391,500,3.09401589869647,3.524,3.91,193,79,0,0.11129744989196003,0.1334094237089157,100000,low_uniform,4432
4392,500,11.44338878314654,25.0,26.284,642,84,0,0.11124180116701406,0.1284648907482624,100000,rush_hour,4433
4393,500,0.7210240699075994,3.424,3.834,205,91,0,0.11118618026643055,0.13027447256445884,100000,low_uniform,4434
4394,500,-2.4653825154236997,3.184,3.574,195,87,0,0.11113058717629734,0.13344661340117456,100000,low_uniform,4435
4395,55,-83.02267810565846,57.72727272727273,58.872727272727275,63,12,1,0.1110750218827092,0.1340956235473806,100000,high_uniform,4436
4396,92,-87.85395823206315,51.45652173913044,52.69565217391305,114,11,1,0.11101948437176784,0.13150907162091005,100000,high_uniform,4437
4397,500,55.53580646578393,16.72,17.884,582,92,0,0.11096397462958196,0.13555838322639466,100000,uniform_medium,4438
4398,500,65.0917900471168,17.548,18.732,592,88,0,0.11090849264226718,0.13054403033852577,100000,uniform_medium,4439
4399,500,1.1589444923713075,3.792,4.194,201,85,0,0.11085303839594605,0.12716756670176982,100000,low_uniform,4440
4400,500,42.24969441825314,25.396,26.754,679,70,0,0.11079761187674808,0.13301440933346748,100000,uneven,4441
4401,500,60.720500232019674,18.11,19.314,602,92,0,0.11074221307080971,0.1306454072445631,100000,uniform_medium,4442
4402,500,6.198907019405796,3.378,3.778,200,81,0,0.11068684196427431,0.1310179923027754,100000,low_uniform,4443
4403,500,54.130530948522654,16.482,17.624,571,94,0,0.11063149854329217,0.12922460401058197,100000,uniform_medium,4444
4404,500,16.604905875258044,25.692,26.992,650,79,0,0.11057618279402052,0.13373066169023515,100000,rush_hour,4445
4405,500,80.33876042261329,16.888,18.116,614,86,0,0.11052089470262352,0.1332160941362381,100000,uniform_medium,4446
4406,500,18.125687746753712,25.194,26.486,646,80,0,0.11046563425527221,0.13112128096818923,100000,rush_hour,4447
4407,500,77.36099621394077,14.88,16.03,575,92,0,0.11041040143814458,0.13160479364544153,100000,uniform_medium,4448
4408,500,-8.634973172814126,3.206,3.556,175,86,0,0.11035519623742551,0.13460260114073752,100000,low_uniform,4449
4409,500,66.745365500925,17.58,18.776,598,88,0,0.1103000186393068,0.1295472819209099,100000,uniform_medium,4450
4410,500,82.0662071016922,14.132,15.262,565,89,0,0.11024486862998716,0.12912314502894878,100000,uniform_medium,4451
4411,500,3.2569702545198593,3.206,3.568,181,74,0,0.11018974619567216,0.12691812601685523,100000,low_uniform,4452
4412,72,-62.52650822176012,45.30555555555556,46.47222222222222,84,13,1,0.11013465132257433,0.12323023244324657,100000,high_uniform,4453
4413,500,53.20696849686122,15.932,17.046,557,95,0,0.11007958399691305,0.12708234222233294,100000,uniform_medium,4454
4414,500,25.743739436951056,24.224,25.5,638,84,0,0.1100245442049146,0.12806041719019412,100000,uneven,4455
4415,104,-75.15029621116233,49.39423076923077,50.67307692307692,133,14,1,0.10996953193281216,0.13099328557459208,100000,high_uniform,4456
4416,87,-81.36915433768843,49.10344827586207,50.298850574712645,104,16,1,0.10991454716684576,0.12979677173940615,100000,high_uniform,4457
4417,101,-63.21880749034687,45.2970297029703,46.67326732673267,139,12,1,0.10985958989326235,0.12574609605097534,100000,high_uniform,4458
4418,500,1.1903900460207386,2.892,3.25,179,79,0,0.10980466009831572,0.12822077668458223,100000,low_uniform,4459
4419,500,7.488255755786387,24.084,25.334,625,88,0,0.10974975776826656,0.12576242025196552,100000,uneven,4460
4420,500,-10.51899161796492,4.35,4.73,190,84,0,0.10969488288938244,0.12948013830184937,100000,low_uniform,4461
4421,500,69.1339393068909,20.642,21.942,650,78,0,0.10964003544793775,0.12768058928847312,100000,uneven,4462
4422,500,-12.665419169220893,29.36,30.674,657,80,0,0.1095852154302138,0.1271606468334794,100000,rush_hour,4463
4423,500,-33.35880400322251,32.05,33.362,656,78,0,0.1095304228224987,0.12668406122922898,100000,uneven,4464
4424,87,-56.94574113239065,43.87356321839081,45.206896551724135,116,13,1,0.10947565761108745,0.12827811210319914,100000,high_uniform,4465
4425,500,85.28501092887336,14.402,15.576,587,90,0,0.10942091978228191,0.1278975273743272,100000,uniform_medium,4466
4426,500,21.565859343437918,25.532,26.844,656,69,0,0.10936620932239077,0.13266316971182823,100000,rush_hour,4467
4427,500,52.05190409350287,19.12,20.308,594,89,0,0.10931152621772958,0.12931051336228847,100000,uniform_medium,4468
4428,108,-97.73436781715105,55.25,56.46296296296296,131,19,1,0.10925687045462072,0.1299408374492217,100000,high_uniform,4469
4429,500,47.4888362783165,21.9,23.154,627,76,0,0.10920224201939342,0.127198222219944,100000,uneven,4470
4430,500,19.96033730133102,27.11,28.464,677,74,0,0.10914764089838373,0.12795927436649798,100000,rush_hour,4471
4431,500,55.61839930392366,22.592,23.916,662,76,0,0.10909306707793455,0.1272953010573983,100000,rush_hour,4472
4432,500,-5.087754228218882,3.42,3.816,198,93,0,0.10903852054439558,0.1280931536257267,100000,low_uniform,4473
4433,500,53.35728659570807,21.68,22.962,641,79,0,0.10898400128412339,0.12665150863677263,100000,rush_hour,4474
4434,500,3.472586355668744,3.676,4.098,211,89,0,0.10892950928348133,0.1214229501336813,100000,low_uniform,4475
4435,102,-88.70656810352145,53.55882352941177,54.85294117647059,132,17,1,0.1088750445288396,0.12767862703870325,100000,high_uniform,4476
4436,500,-31.836392127710308,35.166,36.518,676,68,0,0.10882060700657518,0.1242361566722393,100000,rush_hour,4477
4437,500,-55.11747603412236,38.174,39.592,709,69,0,0.1087661967030719,0.12499155047535897,100000,uneven,4478
4438,500,26.115085268871216,24.416,25.728,656,80,0,0.10871181360472038,0.12711458943784237,100000,rush_hour,4479
4439,500,67.27425229970096,14.976,16.11,567,96,0,0.10865745769791803,0.1280443692281842,100000,uniform_medium,4480
4440,500,60.23427506678511,16.342,17.496,577,90,0,0.10860312896906907,0.12431227741390467,100000,uniform_medium,4481
4441,500,65.90766728497809,13.036,14.108,536,101,0,0.10854882740458453,0.1288422242552042,100000,uniform_medium,4482
4442,500,31.88412057852391,23.96,25.242,641,82,0,0.10849455299088225,0.12977700809389353,100000,uniform_medium,4483
4443,500,60.421543387550955,23.814,25.18,683,70,0,0.10844030571438681,0.12984733847528696,100000,uneven,4484
4444,102,-60.66172925567344,43.90196078431372,45.26470588235294,139,14,1,0.10838608556152962,0.13010670799835056,100000,high_uniform,4485
4445,500,-22.118737916482548,31.752,33.096,672,76,0,0.10833189251874886,0.12834369616210461,100000,uneven,4486
4446,178,-95.1271050243523,51.01123595505618,52.43258426966292,253,22,1,0.10827772657248949,0.1271423940661918,100000,high_uniform,4487
4447,500,70.4981392306139,14.264,15.396,566,101,0,0.10822358770920325,0.1268172906935215,100000,uniform_medium,4488
4448,500,-8.77732431526811,3.482,3.874,196,94,0,0.10816947591534866,0.12746153096854687,100000,low_uniform,4489
4449,68,-75.55046311340678,47.0735294117647,47.86764705882353,54,6,1,0.108115391177391,0.11765263525440413,100000,high_uniform,4490
4450,500,33.48921458167388,23.452,24.726,637,83,0,0.1080613334818023,0.12759378418326378,100000,rush_hour,4491
4451,500,1.0788936039058525,26.26,27.55,645,83,0,0.1080073028150614,0.12581188529729842,100000,rush_hour,4492
4452,500,60.2218354110258,18.67,19.884,607,87,0,0.10795329916365388,0.1257905217409134,100000,uniform_medium,4493
4453,121,-41.86812607606738,43.17355371900826,44.70247933884298,185,14,1,0.10789932251407207,0.12700302572536074,100000,high_uniform,4494
4454,476,-90.45586766270895,41.205882352941174,42.61344537815126,670,65,1,0.10784537285281504,0.13101577187473534,100000,uneven,4495
4455,500,31.45017066336043,26.954,28.304,675,74,0,0.10779145016638864,0.12876434411108495,100000,uneven,4496
4456,500,-2.5334988351308567,3.136,3.516,190,87,0,0.10773755444130545,0.13073598864674568,100000,low_uniform,4497
4457,118,-65.20725332426393,45.90677966101695,47.33898305084746,169,15,1,0.1076836856640848,0.1267480460011353,100000,high_uniform,4498
4458,500,5.198264629336464,3.432,3.818,193,74,0,0.10762984382125276,0.12983915024995804,100000,low_uniform,4499
4459,500,1.3659077926820062,4.326,4.71,192,71,0,0.10757602889934215,0.12807624737918377,100000,low_uniform,4500
4460,500,43.963085519734655,26.442,27.824,691,74,0,0.10752224088489248,0.1274774559289217,100000,uneven,4501
4461,500,3.6580245966795095,3.514,3.904,195,79,0,0.10746847976445004,0.13238884222507477,100000,low_uniform,4502
4462,500,40.01971535204914,18.898,20.072,587,94,0,0.10741474552456781,0.1249590970352292,100000,uniform_medium,4503
4463,93,-77.38355880688069,48.354838709677416,49.54838709677419,111,14,1,0.10736103815180553,0.1412677324266844,100000,high_uniform,4504
4464,485,4.262011665469853,26.35463917525773,27.655670103092785,631,75,1,0.10730735763272964,0.12567338716891624,100000,uneven,4505
4465,88,-60.30058380447128,45.15909090909091,46.5,118,12,1,0.10725370395391327,0.13670881041748958,100000,high_uniform,4506
4466,500,-7.1709435817407385,3.35,3.734,192,94,0,0.10720007710193633,0.1265642789453268,100000,low_uniform,4507
4467,500,33.19109672849167,25.368,26.684,658,76,0,0.10714647706338536,0.12474298770725727,100000,uneven,4508
4468,500,-58.159353638990204,34.092,35.41,659,81,0,0.10709290382485367,0.12891308261454104,100000,rush_hour,4509
4469,500,-7.505643020996764,30.248,31.596,674,76,0,0.10703935737294125,0.1283032972663641,100000,rush_hour,4510
4470,500,-18.352355878214794,31.8,33.158,679,73,0,0.10698583769425478,0.13252001696825028,100000,uneven,4511
4471,96,-66.43914937897486,45.260416666666664,46.520833333333336,121,17,1,0.10693234477540765,0.1304946894136568,100000,high_uniform,4512
4472,500,36.46879240717682,25.522,26.88,679,75,0,0.10687887860301995,0.12615875092148782,100000,rush_hour,4513
4473,190,-78.9481112406324,46.857894736842105,48.310526315789474,276,25,1,0.10682543916371845,0.12611837002791856,100000,high_uniform,4514
4474,500,-7.213453394976963,3.526,3.92,197,94,0,0.1067720264441366,0.12804431749880313,100000,low_uniform,4515
4475,500,-40.14745557556522,32.938,34.254,658,79,0,0.10671864043091453,0.1270182340890169,100000,rush_hour,4516
4476,500,73.35949903292834,14.32,15.434,557,94,0,0.10666528111069908,0.1314341057986021,100000,uniform_medium,4517
4477,500,2.445428883029222,30.838,32.236,699,67,0,0.10661194847014373,0.12990565629303455,100000,rush_hour,4518
4478,500,16.381708689267985,21.208,22.36,576,97,0,0.10655864249590866,0.13588374780118465,100000,uniform_medium,4519
4479,453,-6.5558628416009395,26.896247240618102,28.198675496688743,590,72,1,0.10650536317466071,0.13442253781108404,100000,rush_hour,4520
4480,98,-69.94672741980203,53.54081632653061,55.05102040816327,148,11,1,0.10645211049307339,0.13199344482652994,100000,high_uniform,4521
4481,128,-101.83418620902526,58.3359375,59.75,181,19,1,0.10639888443782686,0.13742636889219284,100000,high_uniform,4522
4482,500,52.212180290359036,15.95,17.104,577,98,0,0.10634568499560795,0.13519592685997486,100000,uniform_medium,4523
4483,500,38.22625884486523,24.302,25.604,651,80,0,0.10629251215311016,0.13334107638895512,100000,rush_hour,4524
4484,500,-6.202765488508822,3.178,3.56,191,94,0,0.1062393658970336,0.13329617315530776,100000,low_uniform,4525
4485,109,-51.89132697450595,44.477064220183486,45.95412844036697,161,12,1,0.1061862462140851,0.1318207990822442,100000,high_uniform,4526
4486,500,65.69812038177669,16.816,17.976,580,89,0,0.10613315309097805,0.1331070965975523,100000,uniform_medium,4527
4487,77,-53.0498373794575,43.81818181818182,45.12987012987013,101,12,1,0.10608008651443257,0.13562191674461613,100000,high_uniform,4528
4488,500,32.08198895686098,20.432,21.596,582,88,0,0.10602704647117536,0.1306971623301506,100000,uniform_medium,4529
4489,500,-22.18376469438559,33.918,35.292,687,73,0,0.10597403294793978,0.13379952731728553,100000,uneven,4530
4490,500,33.29369965545844,17.268,18.39,561,102,0,0.10592104593146581,0.13491516065597534,100000,uniform_medium,4531
4491,500,-6.701618486062006,3.18,3.56,190,94,0,0.10586808540850008,0.13198582273721696,100000,low_uniform,4532
4492,500,-1.8030610312366218,3.85,4.282,216,96,0,0.10581515136579583,0.1330378642529249,100000,low_uniform,4533
4493,500,11.60174627401758,26.898,28.19,646,76,0,0.10576224379011294,0.13241430339217186,100000,uneven,4534
4494,500,63.38497794340851,18.874,20.094,610,85,0,0.10570936266821788,0.1323242096155882,100000,uniform_medium,4535
4495,500,34.620465108286965,17.634,18.75,558,100,0,0.10565650798688378,0.13246567259728909,100000,uniform_medium,4536
4496,500,21.9427987421834,26.034,27.344,655,79,0,0.10560367973289034,0.13621787706017494,100000,uneven,4537
4497,500,15.095004610970147,21.228,22.402,587,92,0,0.10555087789302389,0.13653522704541682,100000,uniform_medium,4538
4498,500,-2.110981880797093,26.202,27.43,614,88,0,0.10549810245407738,0.13329810631275177,100000,uniform_medium,4539
4499,500,59.98109752245382,20.802,22.068,633,82,0,0.10544535340285036,0.13234879675507547,100000,uniform_medium,4540
4500,500,80.36310009203626,13.882,15.024,571,96,0,0.10539263072614893,0.1332747864276171,100000,uniform_medium,4541
4501,500,66.04640246924735,22.154,23.476,661,78,0,0.10533993441078586,0.133323867470026,100000,uneven,4542
4502,73,-58.49567131543262,45.93150684931507,47.24657534246575,96,12,1,0.10528726444358047,0.1320437548095233,100000,high_uniform,4543
4503,500,0.9892273768815781,31.466,32.854,694,69,0,0.10523462081135869,0.13436175255477428,100000,rush_hour,4544
4504,500,40.31978268908014,25.808,27.154,673,77,0,0.10518200350095301,0.1347755250930786,100000,uneven,4545
4505,500,-6.699527363609043,3.578,3.96,191,85,0,0.10512941249920255,0.13209294618666173,100000,low_uniform,4546
4506,500,-2.0236332197128286,24.144,25.332,594,93,0,0.10507684779295295,0.13425457136332988,100000,uniform_medium,4547
4507,500,40.97361723534761,18.132,19.27,569,93,0,0.10502430936905649,0.13167105185985564,100000,uniform_medium,4548
4508,53,-42.02882516399731,33.84905660377358,34.9811320754717,60,11,1,0.10497179721437197,0.13636814943462047,100000,high_uniform,4549
4509,500,77.36761975986533,16.572,17.796,612,89,0,0.10491931131576479,0.13607670910656453,100000,uniform_medium,4550
4510,500,28.667324825956072,27.662,29.04,689,71,0,0.10486685166010691,0.13506289100646973,100000,rush_hour,4551
4511,500,84.03079170401048,14.928,16.094,583,89,0,0.10481441823427687,0.137772312797606,100000,uniform_medium,4552
4512,79,-55.11379762881178,43.962025316455694,45.265822784810126,103,8,1,0.10476201102515974,0.13409255397847936,100000,high_uniform,4553
4513,500,-21.200028075509117,4.442,4.808,183,94,0,0.10470963001964716,0.1339574583619833,100000,low_uniform,4554
4514,500,-14.825689748121441,32.672,34.066,697,72,0,0.10465727520463734,0.1330545728057623,100000,rush_hour,4555
4515,500,10.293176476287314,26.642,27.96,659,78,0,0.10460494656703503,0.1328610771149397,100000,rush_hour,4556
4516,500,56.13723996259797,26.326,27.74,707,70,0,0.10455264409375152,0.13645411360263823,100000,uneven,4557
4517,500,8.318943227721292,18.358,19.458,550,105,0,0.10450036777170466,0.13472295382618904,100000,uniform_medium,4558
4518,500,6.650913525004928,3.33,3.756,213,88,0,0.10444811758781881,0.13597317630052566,100000,low_uniform,4559
4519,500,52.804880512436675,23.554,24.904,675,76,0,0.10439589352902491,0.13803324495255948,100000,uneven,4560
4520,56,-47.79939463461928,42.267857142857146,43.57142857142857,73,9,1,0.1043436955822604,0.1359105920419097,100000,high_uniform,4561
4521,500,-17.266608433087377,30.328,31.658,665,72,0,0.10429152373446929,0.13585817529261113,100000,rush_hour,4562
4522,500,-9.56430909228172,23.644,24.84,598,88,0,0.10423937797260206,0.13519810946285724,100000,uneven,4563
4523,108,-65.56221711791633,49.601851851851855,51.00925925925926,152,13,1,0.10418725828361576,0.1378330114401049,100000,high_uniform,4564
4524,500,12.107313433529159,25.552,26.844,646,84,0,0.10413516465447396,0.13322184917330743,100000,rush_hour,4565
4525,500,-0.06199215004448533,26.484,27.776,646,82,0,0.10408309707214673,0.13930435986816883,100000,rush_hour,4566
4526,102,-73.15652308013122,43.529411764705884,44.745098039215684,124,18,1,0.10403105552361067,0.1418323551907259,100000,high_uniform,4567
4527,500,5.969309300573273,4.154,4.58,213,79,0,0.10397903999584887,0.1407544717043638,100000,low_uniform,4568
4528,500,6.126893528609479,3.468,3.882,207,82,0,0.10392705047585095,0.13610153496265412,100000,low_uniform,4569
4529,115,-75.48365665461613,48.77391304347826,50.21739130434783,166,16,1,0.10387508695061302,0.13346446791420813,100000,high_uniform,4570
4530,76,-38.56246587504417,34.60526315789474,35.9078947368421,99,12,1,0.10382314940713773,0.14018110185861588,100000,high_uniform,4571
4531,500,1.7225379070400066,3.528,3.922,197,84,0,0.10377123783243417,0.1358798959851265,100000,low_uniform,4572
4532,500,0.837249387631875,3.836,4.21,187,74,0,0.10371935221351795,0.13178146538138388,100000,low_uniform,4573
4533,500,50.444232105417754,24.04,25.374,667,75,0,0.1036674925374112,0.13101755088567735,100000,uneven,4574
4534,298,-53.93070289098238,32.37919463087248,33.62751677852349,372,54,1,0.1036156587911425,0.1353604981313216,100000,uneven,4575
4535,500,4.072312181270273,3.268,3.674,203,87,0,0.10356385096174693,0.14093552367389203,100000,low_uniform,4576
4536,80,-90.49180160586731,55.875,57.025,92,16,1,0.10351206903626606,0.1391814268194139,100000,high_uniform,4577
4537,500,-2.234373044164469,4.11,4.494,192,75,0,0.10346031300174793,0.13355818915367126,100000,low_uniform,4578
4538,500,83.61858876745372,20.236,21.562,663,80,0,0.10340858284524707,0.13435139897465706,100000,uneven,4579
4539,500,44.947043478331416,22.728,24.02,646,81,0,0.10335687855382444,0.13704356247931718,100000,rush_hour,4580
4540,500,17.816607718690427,24.768,26.042,637,82,0,0.10330520011454754,0.13571995477378368,100000,rush_hour,4581
4541,103,-63.84304321884002,42.349514563106794,43.62135922330097,131,17,1,0.10325354751449027,0.1373236250240826,100000,high_uniform,4582
4542,500,32.51157215784118,25.124,26.416,646,70,0,0.10320192074073303,0.13536840660870075,100000,uneven,4583
4543,500,-1.2334251727600634,31.494,32.884,695,71,0,0.10315031978036267,0.13778444618731736,100000,rush_hour,4584
4544,500,34.55111487738107,29.584,31.018,717,66,0,0.10309874462047249,0.13902128873765468,100000,uneven,4585
4545,79,-48.26278507283286,43.50632911392405,44.835443037974684,105,10,1,0.10304719524816225,0.13355749939815909,100000,high_uniform,4586
4546,500,83.35415617346958,19.756,21.082,663,78,0,0.10299567165053818,0.13816730338335037,100000,uneven,4587
4547,85,-55.68808090018737,41.84705882352941,43.22352941176471,117,12,1,0.10294417381471291,0.1361173267750179,100000,high_uniform,4588
4548,500,72.73706525939849,20.614,21.934,660,78,0,0.10289270172780556,0.13553792421519756,100000,rush_hour,4589
4549,91,-63.42117564318335,39.46153846153846,40.472527472527474,92,10,1,0.10284125537694165,0.1429605054167601,100000,high_uniform,4590
4550,500,62.27153525010319,22.268,23.592,662,74,0,0.10278983474925318,0.13812773647159338,100000,rush_hour,4591
4551,500,2.071126248627792,4.096,4.532,218,90,0,0.10273843983187857,0.1356375561952591,100000,low_uniform,4592
4552,500,-10.69094333523647,4.224,4.604,190,85,0,0.10268707061196264,0.13893359721451998,100000,low_uniform,4593
4553,500,-0.0760718028771174,4.04,4.458,209,89,0,0.10263572707665666,0.13368414740264417,100000,low_uniform,4594
4554,98,-62.16743809335435,48.38775510204081,49.83673469387755,142,12,1,0.10258440921311834,0.13478364962704328,100000,high_uniform,4595
4555,500,8.895133815540426,30.204,31.592,694,72,0,0.1025331170085118,0.13620029136538506,100000,uneven,4596
4556,500,45.34327447248662,19.548,20.756,604,86,0,0.10248185045000754,0.13577124962210654,100000,uniform_medium,4597
4557,500,1.6106008194048673,3.21,3.588,189,80,0,0.10243060952478254,0.13367037597298623,100000,low_uniform,4598
4558,500,11.030525706625003,25.552,26.83,639,79,0,0.10237939422002015,0.13451749381422998,100000,rush_hour,4599
4559,309,-69.09743630077195,38.46601941747573,39.786407766990294,408,49,1,0.10232820452291015,0.13461534434200104,100000,uneven,4600
4560,500,49.04216658826443,23.22,24.544,662,79,0,0.1022770404206487,0.1351868438720703,100000,uneven,4601
4561,95,-77.11623069836806,51.82105263157895,53.136842105263156,125,15,1,0.10222590190043837,0.13520401661333284,100000,high_uniform,4602
4562,89,-34.078763771697034,38.62921348314607,40.1123595505618,132,11,1,0.10217478894948816,0.1387664828909917,100000,high_uniform,4603
4563,500,-13.528242260721173,3.64,4.016,188,96,0,0.10212370155501342,0.13644855466485023,100000,low_uniform,4604
4564,500,7.487270280722232,4.006,4.402,198,69,0,0.10207263970423593,0.135403814971447,100000,low_uniform,4605
4565,500,43.15733099539551,25.742,27.102,680,72,0,0.10202160338438382,0.1342041734084487,100000,rush_hour,4606
4566,500,82.19784026264755,12.774,13.896,561,97,0,0.10197059258269163,0.13442697575688362,100000,uniform_medium,4607
4567,500,7.000733718038628,26.934,28.24,653,83,0,0.10191960728640029,0.13350613071024417,100000,uneven,4608
4568,500,62.73231524760494,20.618,21.914,648,81,0,0.10186864748275709,0.13501972929388284,100000,uneven,4609
4569,500,69.68254207231654,13.508,14.616,554,99,0,0.10181771315901572,0.13504044270515442,100000,uniform_medium,4610
4570,500,90.00419629662161,13.842,15.018,588,90,0,0.10176680430243622,0.13263827395439148,100000,uniform_medium,4611
4571,500,24.672881180063836,28.14,29.528,694,69,0,0.101715920900285,0.13214495974779128,100000,uneven,4612
4572,500,4.888542211203831,3.044,3.406,181,73,0,0.10166506293983486,0.13152075293660165,100000,low_uniform,4613
4573,103,-61.200923083618505,38.019417475728154,39.24271844660194,126,19,1,0.10161423040836495,0.1264701636815534,100000,high_uniform,4614
4574,500,45.08036589733585,23.384,24.696,656,76,0,0.10156342329316077,0.13102478992938996,100000,rush_hour,4615
4575,500,-81.37851216891723,38.472,39.824,676,73,0,0.1015126415815142,0.13111136133968831,100000,uneven,4616
4576,500,7.131714346788706,30.644,32.024,690,72,0,0.10146188526072344,0.13604333063960075,100000,uneven,4617
4577,500,-2.4049768267873195,3.14,3.528,194,90,0,0.10141115431809308,0.13331772091984748,100000,low_uniform,4618
4578,500,1.9265239319533396,4.45,4.876,213,83,0,0.10136044874093404,0.13806082321703433,100000,low_uniform,4619
4579,500,58.78226856118605,16.358,17.502,572,95,0,0.10130976851656358,0.131753886282444,100000,uniform_medium,4620
4580,500,59.666663359455434,16.31,17.458,574,95,0,0.1012591136323053,0.12992900854349138,100000,uniform_medium,4621
4581,500,8.082195695662845,2.958,3.32,181,71,0,0.10120848407548916,0.12925060644745825,100000,low_uniform,4622
4582,500,60.348876038013515,22.488,23.83,671,76,0,0.10115787983345143,0.13150875021517278,100000,rush_hour,4623
4583,500,-7.743234578159538,3.112,3.51,199,100,0,0.1011073008935347,0.1314548918902874,100000,low_uniform,4624
4584,500,-28.648695144284712,35.5,36.916,708,67,0,0.10105674724308794,0.13264941047132014,100000,uneven,4625
4585,130,-67.99084925439887,49.96923076923077,51.4,186,17,1,0.1010062188694664,0.12754794892210228,100000,high_uniform,4626
4586,500,48.39795533058994,23.73,25.054,662,78,0,0.10095571576003166,0.12844520761072636,100000,uneven,4627
4587,500,76.79353937093032,16.378,17.608,615,90,0,0.10090523790215165,0.1326025443598628,100000,uniform_medium,4628
4588,500,46.37125608145199,15.718,16.832,557,102,0,0.10085478528320059,0.13144307671487332,100000,uniform_medium,4629
4589,500,46.88474436223442,23.938,25.284,673,77,0,0.100804357890559,0.1299314641058445,100000,uneven,4630
4590,500,87.4182848992492,14.862,16.052,595,91,0,0.10075395571161372,0.135261126562953,100000,uniform_medium,4631
4591,500,-9.57564886768704,32.25,33.626,688,73,0,0.10070357873375792,0.13081422720849514,100000,uneven,4632
4592,500,5.129373759823688,3.542,3.994,226,96,0,0.10065322694439105,0.13278885407745838,100000,low_uniform,4633
4593,500,-5.355007713549707,3.242,3.64,199,96,0,0.10060290033091886,0.13325868736952542,100000,low_uniform,4634
4594,338,-58.971327038147784,38.162721893491124,39.53846153846154,465,50,1,0.10055259888075341,0.1341319158893718,100000,uneven,4635
4595,500,13.33044442099522,25.05,26.324,637,79,0,0.10050232258131303,0.13259875476360322,100000,uneven,4636
4596,500,-5.870907413515625,3.628,3.97,171,75,0,0.10045207142002238,0.13108169886469842,100000,low_uniform,4637
4597,500,69.15487171172106,18.738,20.0,631,82,0,0.10040184538431238,0.1286775896549225,100000,rush_hour,4638
4598,500,10.401239479256112,3.794,4.254,230,90,0,0.10035164446162023,0.13304835602641105,100000,low_uniform,4639
4599,500,-1.0440592946873375,25.366,26.634,634,83,0,0.10030146863938942,0.12985348366200924,100000,rush_hour,4640
4600,500,16.986705601964992,28.464,29.826,681,75,0,0.10025131790506973,0.1295609153211117,100000,uneven,4641
4601,500,-19.673052563603154,33.652,35.024,686,72,0,0.1002011922461172,0.1288897300362587,100000,rush_hour,4642
4602,500,51.64013937760396,27.59,29.014,712,65,0,0.10015109164999415,0.12669208927452563,100000,rush_hour,4643
4603,500,44.447681537415946,19.762,20.94,589,90,0,0.10010101610416916,0.12864948685467242,100000,uniform_medium,4644
4604,500,45.032501325461766,25.514,26.874,680,74,0,0.10005096559611708,0.13010927261412145,100000,uneven,4645
4605,500,67.06307929296044,16.01,17.178,584,93,0,0.10000094011331903,0.13099477434158324,100000,uniform_medium,4646
4606,104,-79.3695077534635,49.59615384615385,50.83653846153846,129,14,1,0.09995093964326238,0.13288589445157692,100000,high_uniform,4647
4607,500,90.10777907614583,16.92,18.154,617,81,0,0.09990096417344076,0.13086260471493005,100000,uniform_medium,4648
4608,99,-76.62148727277777,47.24242424242424,48.494949494949495,124,16,1,0.09985101369135405,0.12786271934858476,100000,high_uniform,4649
4609,500,44.578550993534535,26.12,27.494,687,71,0,0.09980108818450838,0.12958975049853325,100000,rush_hour,4650
4610,86,-60.08501420171237,50.75581395348837,52.22093023255814,126,10,1,0.09975118764041613,0.13070088564309962,100000,high_uniform,4651
4611,500,-9.2552053145276,3.972,4.366,197,93,0,0.09970131204659592,0.13177401888370513,100000,low_uniform,4652
4612,500,74.9829883364077,15.91,17.092,591,90,0,0.09965146139057263,0.1335370486676693,100000,uniform_medium,4653
4613,500,74.36944550863548,21.318,22.646,664,75,0,0.09960163565987734,0.13147943498194217,100000,uneven,4654
4614,110,-47.62657989494243,41.9,43.3,154,13,1,0.09955183484204741,0.13208949802951378,100000,high_uniform,4655
4615,99,-58.01907833352132,43.525252525252526,44.878787878787875,134,13,1,0.0995020589246264,0.13142902562112518,100000,high_uniform,4656
4616,86,-74.24138827279171,50.63953488372093,51.94186046511628,112,13,1,0.09945230789516409,0.13272095662216807,100000,high_uniform,4657
4617,500,59.86009925559259,17.518,18.716,599,94,0,0.09940258174121651,0.13212315902113914,100000,uniform_medium,4658
4618,127,-72.33328168248273,50.48031496062992,51.98425196850393,191,15,1,0.0993528804503459,0.13202802549431644,100000,high_uniform,4659
4619,500,8.177595498871117,26.688,28.014,663,79,0,0.09930320401012073,0.1319227265268564,100000,uneven,4660
4620,500,37.29129709144003,23.582,24.89,654,79,0,0.09925355240811568,0.1309717075228691,100000,rush_hour,4661
4621,500,10.856453455137894,26.892,28.224,666,77,0,0.09920392563191162,0.13352454186975957,100000,uneven,4662
4622,500,22.04834500860464,24.526,25.81,642,81,0,0.09915432366909567,0.1340620226934552,100000,rush_hour,4663
4623,500,47.81297139710366,25.614,27.002,694,73,0,0.09910474650726113,0.13441926257312298,100000,rush_hour,4664
4624,500,-3.119160851672622,3.498,3.906,204,94,0,0.0990551941340075,0.13255712212622164,100000,low_uniform,4665
4625,500,54.24289478814396,18.508,19.71,601,91,0,0.0990056665369405,0.13483240050822495,100000,uniform_medium,4666
4626,500,68.29032308959881,13.612,14.706,547,101,0,0.09895616370367204,0.1343269419670105,100000,uniform_medium,4667
4627,500,12.133799767604675,3.538,3.962,212,79,0,0.0989066856218202,0.13067520913481712,100000,low_uniform,4668
4628,500,-0.49242823584522544,3.554,3.958,202,86,0,0.09885723227900929,0.12884910960495471,100000,low_uniform,4669
4629,500,80.19473410428853,20.31,21.626,658,76,0,0.09880780366286979,0.1261319446414709,100000,uneven,4670
4630,500,61.41371744605945,15.318,16.432,557,100,0,0.09875839976103835,0.1298016983270645,100000,uniform_medium,4671
4631,500,-2.1933361876262594,3.452,3.802,175,74,0,0.09870902056115784,0.1287679705619812,100000,low_uniform,4672
4632,500,79.15138549296151,16.154,17.356,601,92,0,0.09865966605087727,0.12583580255508423,100000,uniform_medium,4673
4633,500,60.0185172874669,15.002,16.128,563,97,0,0.09861033621785184,0.1298473112806678,100000,uniform_medium,4674
4634,500,8.127195258546317,3.854,4.29,218,84,0,0.09856103104974293,0.1306478593349457,100000,low_uniform,4675
4635,500,1.5409075080552603,3.822,4.216,197,79,0,0.09851175053421805,0.1301409614533186,100000,low_uniform,4676
4636,500,10.899658670817589,30.94,32.348,704,72,0,0.09846249465895095,0.13382323675602675,100000,uneven,4677
4637,500,-20.09540119059084,32.062,33.436,687,73,0,0.09841326341162147,0.13240578240156173,100000,rush_hour,4678
4638,83,-80.47191540574913,49.45783132530121,50.6144578313253,96,16,1,0.09836405677991567,0.12902666933565254,100000,high_uniform,4679
4639,330,-89.39113204665065,37.61818181818182,38.875757575757575,415,59,1,0.09831487475152571,0.13223070913191998,100000,uneven,4680
4640,500,26.45017000009244,23.744,25.018,637,82,0,0.09826571731414996,0.13564070177078247,100000,rush_hour,4681
4641,500,36.18499616854277,22.482,23.742,630,80,0,0.09821658445549289,0.13436419561505317,100000,rush_hour,4682
4642,500,-0.4191057405958731,3.47,3.882,206,92,0,0.09816747616326515,0.1361437809318304,100000,low_uniform,4683
4643,500,44.14815368885028,28.528,29.97,721,67,0,0.09811839242518353,0.1345870727300644,100000,rush_hour,4684
4644,500,-1.3645466673322897,4.04,4.438,199,83,0,0.09806933322897093,0.13522109660506249,100000,low_uniform,4685
4645,500,-7.408691439272733,3.734,4.092,179,81,0,0.09802029856235646,0.13572415171563626,100000,low_uniform,4686
4646,75,-50.553744068979704,39.2,40.42666666666667,92,12,1,0.09797128841307529,0.12996322919925055,100000,high_uniform,4687
4647,500,-90.53435478979809,42.216,43.616,700,65,0,0.09792230276886875,0.12852099838852882,100000,uneven,4688
4648,500,14.186982781427723,3.942,4.374,216,73,0,0.09787334161748432,0.12945620246231557,100000,low_uniform,4689
4649,500,57.57220491366744,15.438,16.568,565,96,0,0.09782440494667557,0.1322559059560299,100000,uniform_medium,4690
4650,500,82.42507953510558,15.544,16.728,592,90,0,0.09777549274420225,0.1355776184052229,100000,uniform_medium,4691
4651,500,58.36478935008551,15.936,17.086,575,99,0,0.09772660499783015,0.13702363178133964,100000,uniform_medium,4692
4652,500,46.81340267327007,22.162,23.454,646,81,0,0.09767774169533124,0.13459450086951255,100000,rush_hour,4693
4653,500,92.1869871169636,15.428,16.636,604,86,0,0.09762890282448358,0.1343356804549694,100000,uniform_medium,4694
4654,500,27.07527218139595,18.102,19.21,554,99,0,0.09758008837307135,0.1334767055362463,100000,uniform_medium,4695
4655,500,6.840410939111079,3.042,3.432,195,82,0,0.09753129832888481,0.13600653198361395,100000,low_uniform,4696
4656,500,-1.3181174089312857,3.38,3.754,187,82,0,0.09748253267972037,0.1348232343196869,100000,low_uniform,4697
4657,500,1.125480489211999,4.588,5.038,225,87,0,0.09743379141338052,0.13468377844244242,100000,low_uniform,4698
4658,80,-56.761539222889844,47.975,49.3875,113,11,1,0.09738507451767384,0.14020361648872495,100000,high_uniform,4699
4659,97,-26.390430016157737,36.21649484536083,37.71134020618557,145,10,1,0.097336381980415,0.1324405763874349,100000,high_uniform,4700
4660,102,-46.827177261621536,35.55882352941177,36.85294117647059,132,16,1,0.0972877137894248,0.1390415814285185,100000,high_uniform,4701
4661,500,72.05350897717656,18.192,19.442,625,83,0,0.09723906993253009,0.13400148966908454,100000,rush_hour,4702
4662,112,-57.49801895640322,37.607142857142854,38.82142857142857,136,19,1,0.09719045039756383,0.13029057213238307,100000,high_uniform,4703
4663,500,5.196702343575334,3.16,3.544,192,79,0,0.09714185517236505,0.13301483418047427,100000,low_uniform,4704
4664,500,58.12510913489725,18.308,19.516,604,90,0,0.09709328424477888,0.13545052586495876,100000,uniform_medium,4705
4665,500,82.07313690173382,11.054,12.138,542,103,0,0.0970447376026565,0.1315537305921316,100000,uniform_medium,4706
4666,500,68.1340381543871,21.414,22.746,666,79,0,0.09699621523385518,0.13329271110892296,100000,rush_hour,4707
4667,500,81.87064548389132,16.3,17.518,609,88,0,0.09694771712623826,0.1331752360612154,100000,uniform_medium,4708
4668,500,16.69886613897138,3.74,4.188,224,79,0,0.09689924326767514,0.13597791658341885,100000,low_uniform,4709
4669,500,39.40436647564068,24.83,26.182,676,75,0,0.09685079364604131,0.13262776881456376,100000,uneven,4710
4670,92,-52.58609804964915,43.23913043478261,44.58695652173913,124,10,1,0.0968023682492183,0.1381662652382384,100000,high_uniform,4711
4671,500,6.198564409034551,3.358,3.782,212,87,0,0.09675396706509369,0.13174973273277282,100000,low_uniform,4712
4672,500,14.679377323192961,26.05,27.35,650,84,0,0.09670559008156115,0.13409043252468109,100000,uneven,4713
4673,500,91.26983776059193,16.37,17.596,613,85,0,0.09665723728652038,0.13428762585669757,100000,uniform_medium,4714
4674,500,22.361583720527495,28.836,30.228,696,72,0,0.09660890866787714,0.13382220778614282,100000,rush_hour,4715
4675,500,58.23473817502537,22.812,24.12,654,72,0,0.0965606042135432,0.1327322177886963,100000,rush_hour,4716
4676,500,80.28458288991658,15.504,16.696,596,92,0,0.09651232391143644,0.13056615090370177,100000,uniform_medium,4717
4677,63,-37.2103324911715,37.3968253968254,38.77777777777778,87,8,1,0.09646406774948073,0.12681038642213457,100000,high_uniform,4718
4678,96,-27.893189703233134,32.125,33.510416666666664,133,12,1,0.096415835715606,0.13650010502897203,100000,high_uniform,4719
4679,500,13.792811591840469,26.972,28.302,665,78,0,0.0963676277977482,0.13067212584614754,100000,uneven,4720
4680,500,-1.5987419143850912,3.826,4.204,189,78,0,0.09631944398384933,0.12839813071489334,100000,low_uniform,4721
4681,500,74.79964445505954,14.12,15.258,569,93,0,0.09627128426185741,0.12943801040947436,100000,uniform_medium,4722
4682,500,-7.316303792100784,3.43,3.816,193,92,0,0.09622314861972649,0.12996548821032047,100000,low_uniform,4723
4683,500,27.636973925647286,27.552,28.948,698,71,0,0.09617503704541663,0.12991108302772045,100000,uneven,4724
4684,500,10.796914175195552,2.756,3.2,222,96,0,0.09612694952689393,0.12812374602258206,100000,low_uniform,4725
4685,108,-89.84398862581698,51.97222222222222,53.25,138,19,1,0.0960788860521305,0.1264671633640925,100000,high_uniform,4726
4686,500,16.32370084727418,28.198,29.56,681,75,0,0.09603084660910444,0.12983097924292086,100000,uneven,4727
4687,500,-20.141915877577546,33.824,35.226,701,70,0,0.0959828311857999,0.13211601078510285,100000,rush_hour,4728
4688,500,84.19177929616224,12.296,13.396,550,92,0,0.095934839770207,0.1301494170576334,100000,uniform_medium,4729
4689,500,-5.140155124041973,3.388,3.766,189,87,0,0.09588687235032191,0.12714462193846704,100000,low_uniform,4730
4690,230,-49.00765890111624,34.63913043478261,35.917391304347824,294,39,1,0.09583892891414675,0.13056069923483807,100000,uneven,4731
4691,500,-4.317245961868213,3.526,3.876,175,76,0,0.09579100944968968,0.12859531868249177,100000,low_uniform,4732
4692,500,-4.869849740131941,3.84,4.202,181,79,0,0.09574311394496485,0.12694278038293122,100000,low_uniform,4733
4693,500,37.6385171745423,25.756,27.098,671,76,0,0.09569524238799237,0.12501363649964334,100000,rush_hour,4734
4694,500,48.67136862990222,25.17,26.54,685,73,0,0.09564739476679839,0.12192429953813552,100000,rush_hour,4735
4695,500,32.061971923542416,27.774,29.128,677,73,0,0.095599571069415,0.12466374449431897,100000,uneven,4736
4696,500,86.85258241903661,18.046,19.33,642,81,0,0.09555177128388029,0.12498113866895437,100000,rush_hour,4737
4697,500,-9.119347077993202,3.416,3.788,186,92,0,0.09550399539823835,0.13023531728982926,100000,low_uniform,4738
4698,500,7.5968852386719075,3.326,3.76,217,90,0,0.09545624340053924,0.13123664124310017,100000,low_uniform,4739
4699,500,75.49059383875881,11.85,12.904,527,99,0,0.09540851527883898,0.12533071166276932,100000,uniform_medium,4740
4700,500,10.195564859561586,4.148,4.584,218,76,0,0.09536081102119956,0.1266053848415613,100000,low_uniform,4741
4701,500,53.24722304220394,23.018,24.354,668,75,0,0.09531313061568897,0.12602167931199074,100000,rush_hour,4742
4702,500,3.5095417650359373,3.526,3.89,182,72,0,0.09526547405038113,0.12335943759977817,100000,low_uniform,4743
4703,74,-50.59063242335938,41.9054054054054,43.2027027027027,96,11,1,0.09521784131335595,0.11926011378700668,100000,high_uniform,4744
4704,500,-1.0707152430796723,28.718,30.064,673,73,0,0.09517023239269928,0.12812930496782066,100000,rush_hour,4745
4705,500,34.39432876019689,26.892,28.242,675,74,0,0.09512264727650294,0.12899925015866756,100000,uneven,4746
4706,500,53.04233701492843,18.944,20.14,598,89,0,0.0950750859528647,0.12437296423316002,100000,uniform_medium,4747
4707,96,-51.836085294006566,34.291666666666664,35.46875,113,18,1,0.09502754840988827,0.13023017750432095,100000,high_uniform,4748
4708,105,-43.09407666790934,40.523809523809526,41.923809523809524,147,13,1,0.09498003463568333,0.1260105224592345,100000,high_uniform,4749
4709,500,41.041195006734384,25.164,26.516,676,71,0,0.09493254461836549,0.12489210864901543,100000,uneven,4750
4710,115,-76.16633002110322,44.99130434782609,46.2695652173913,147,19,1,0.09488507834605632,0.125539391649806,100000,high_uniform,4751
4711,500,62.163223639085814,13.51,14.594,542,100,0,0.0948376358068833,0.12574606475234032,100000,uniform_medium,4752
4712,500,19.221976465492308,25.64,26.92,640,80,0,0.09479021698897987,0.12637164977192877,100000,uneven,4753
4713,500,1.5076010268381763,27.882,29.202,660,79,0,0.09474282188048538,0.1271364507675171,100000,rush_hour,4754
4714,63,-64.44702267531981,42.73015873015873,43.76190476190476,65,11,1,0.09469545046954515,0.135921577612559,100000,high_uniform,4755
4715,500,2.590509786607281,3.818,4.238,210,86,0,0.09464810274431039,0.12627354430407287,100000,low_uniform,4756
4716,91,-59.69477278807014,44.527472527472526,45.9010989010989,125,12,1,0.09460077869293824,0.12654759317308992,100000,high_uniform,4757
4717,500,38.83241808959315,24.612,25.954,671,75,0,0.09455347830359179,0.12623933286964895,100000,rush_hour,4758
4718,500,-54.28290933418913,35.592,36.942,675,77,0,0.09450620156443999,0.1286283144876361,100000,rush_hour,4759
4719,100,-37.708998599136116,40.07,41.47,140,14,1,0.09445894846365778,0.1270638132467866,100000,high_uniform,4760
4720,500,-12.83275093511732,3.678,4.08,201,103,0,0.09441171898942595,0.12923178847134115,100000,low_uniform,4761
4721,98,-71.4682358229819,47.54081632653061,48.775510204081634,121,16,1,0.09436451312993124,0.12656279927005573,100000,high_uniform,4762
4722,79,-39.04801662493998,33.36708860759494,34.32911392405063,76,10,1,0.09431733087336629,0.12239971549450597,100000,rush_hour,4763
4723,500,83.72360100973488,20.56,21.92,680,71,0,0.0942701722079296,0.127680922023952,100000,rush_hour,4764
4724,500,-0.0390826507624944,4.962,5.382,210,76,0,0.09422303712182564,0.12653897806257008,100000,low_uniform,4765
4725,500,69.47193554549273,16.62,17.81,595,90,0,0.09417592560326474,0.12771001216769218,100000,uniform_medium,4766
4726,98,-72.04820370772406,51.57142857142857,53.0,140,13,1,0.0941288376404631,0.12354252145302538,100000,high_uniform,4767
4727,500,1.5802034207060602,3.36,3.738,189,79,0,0.09408177322164288,0.12810248199105262,100000,low_uniform,4768
4728,500,46.420223577694166,25.604,26.972,684,75,0,0.09403473233503207,0.1293404528051615,100000,rush_hour,4769
4729,500,-5.2079550079309795,2.838,3.178,170,83,0,0.09398771496886456,0.12626777704805137,100000,low_uniform,4770
4730,500,24.222958228723364,27.952,29.302,675,75,0,0.09394072111138013,0.12523451428115367,100000,uneven,4771
4731,500,47.792897644129,19.75,20.988,619,83,0,0.09389375075082444,0.12655985674262046,100000,rush_hour,4772
4732,500,98.90642057857168,17.024,18.308,642,79,0,0.09384680387544904,0.12736741895973683,100000,uneven,4773
4733,500,81.39108217107419,21.406,22.762,678,73,0,0.09379988047351132,0.12900994217395784,100000,uneven,4774
4734,500,65.21786490372551,15.312,16.464,576,93,0,0.09375298053327456,0.12652067801356315,100000,uniform_medium,4775
4735,500,15.48777798122999,27.784,29.118,667,75,0,0.09370610404300793,0.12438854036480189,100000,rush_hour,4776
4736,98,-70.31689121955719,43.94897959183673,45.13265306122449,116,14,1,0.09365925099098643,0.13004264851309816,100000,high_uniform,4777
4737,500,0.671282063424989,3.042,3.43,194,87,0,0.09361242136549094,0.12337049899250269,100000,low_uniform,4778
4738,500,62.15554741403045,17.744,18.93,593,91,0,0.0935656151548082,0.12424639666080475,100000,uniform_medium,4779
4739,500,75.98891152520112,16.446,17.646,600,91,0,0.0935188323472308,0.12838332764059304,100000,uniform_medium,4780
4740,138,-113.48632763633121,58.92028985507246,60.289855072463766,189,17,1,0.09347207293105718,0.12680796177490897,100000,high_uniform,4781
4741,500,51.68655022284166,18.894,20.074,590,83,0,0.09342533689459166,0.12426050387322903,100000,uniform_medium,4782
4742,118,-99.58468953443194,51.32203389830509,52.567796610169495,147,22,1,0.09337862422614437,0.1224826320500697,100000,high_uniform,4783
4743,73,-43.292476926952276,42.6986301369863,44.06849315068493,100,8,1,0.09333193491403131,0.12849282085487287,100000,high_uniform,4784
4744,500,80.46829489292116,14.618,15.762,572,85,0,0.09328526894657431,0.12428172409534455,100000,uniform_medium,4785
4745,500,89.45560823707727,20.044,21.384,670,75,0,0.09323862631210103,0.12351550526171923,100000,uneven,4786
4746,500,78.82936053349323,14.818,15.988,585,92,0,0.09319200699894499,0.12339707900583743,100000,uniform_medium,4787
4747,500,78.89917305574106,23.462,24.858,698,68,0,0.09314541099544553,0.11939370651543141,100000,uneven,4788
4748,500,43.829287236847364,20.696,21.922,613,88,0,0.0930988382899478,0.1203773025944829,100000,uniform_medium,4789
4749,500,45.119386254602965,23.026,24.32,647,80,0,0.09305228887080283,0.12246442720293998,100000,rush_hour,4790
4750,500,17.85746158611755,21.606,22.768,581,97,0,0.09300576272636743,0.1208106883764267,100000,uniform_medium,4791
4751,500,5.310428823726616,3.458,3.854,198,80,0,0.09295925984500425,0.12331720298528671,100000,low_uniform,4792
4752,500,-5.607463720449555,3.246,3.618,186,86,0,0.09291278021508176,0.12031647206097841,100000,low_uniform,4793
4753,500,49.339385532859644,23.486,24.83,672,73,0,0.09286632382497423,0.11877975352108479,100000,rush_hour,4794
4754,500,25.532283737139874,26.88,28.254,687,73,0,0.09281989066306175,0.12325414937734604,100000,rush_hour,4795
4755,500,56.87267863928254,15.572,16.708,568,98,0,0.09277348071773021,0.11841907854378224,100000,uniform_medium,4796
4756,500,72.00879253787103,17.706,18.958,626,84,0,0.09272709397737135,0.11856809894740582,100000,uneven,4797
4757,90,-63.91790377553614,47.94444444444444,49.36666666666667,128,13,1,0.09268073043038266,0.11898402604791854,100000,high_uniform,4798
4758,500,-8.579105095097505,3.838,4.168,165,64,0,0.09263439006516748,0.12192262130230665,100000,low_uniform,4799
4759,86,-40.88585152480355,35.325581395348834,36.58139534883721,108,13,1,0.0925880728701349,0.11795035351154416,100000,high_uniform,4800
4760,500,-33.982967682475405,37.914,39.366,726,65,0,0.09254177883369984,0.12038323900103569,100000,uneven,4801
4761,500,37.5821929330769,25.352,26.69,669,69,0,0.09249550794428299,0.12140807852894067,100000,rush_hour,4802
4762,500,32.84580447886542,26.322,27.682,680,76,0,0.09244926019031086,0.11985581666976214,100000,rush_hour,4803
4763,500,4.20501838475849,4.472,4.902,215,81,0,0.0924030355602157,0.12011185497045516,100000,low_uniform,4804
4764,500,45.76254826355151,17.992,19.13,569,94,0,0.0923568340424356,0.12189044419676065,100000,uniform_medium,4805
4765,102,-47.64425818202063,38.13725490196079,39.3921568627451,128,17,1,0.09231065562541438,0.11520265780535399,100000,high_uniform,4806
4766,500,3.3399325012867274,3.552,3.94,194,79,0,0.09226450029760168,0.11889600950479508,100000,low_uniform,4807
4767,122,-101.28814800962425,57.81147540983606,59.18032786885246,167,16,1,0.09221836804745288,0.12483962979473051,100000,high_uniform,4808
4768,500,-4.3489447968257275,4.208,4.598,195,78,0,0.09217225886342917,0.1228930891752243,100000,low_uniform,4809
4769,500,4.575552256408803,4.104,4.506,201,75,0,0.09212617273399745,0.11925604786723852,100000,low_uniform,4810
4770,500,-9.837346513098847,3.152,3.49,169,85,0,0.09208010964763046,0.12211702075600624,100000,low_uniform,4811
4771,500,73.38369250000184,15.656,16.83,587,95,0,0.09203406959280665,0.12151067300885916,100000,uniform_medium,4812
4772,252,-68.97748794590449,38.416666666666664,39.67063492063492,316,38,1,0.09198805255801025,0.11778539410304456,100000,uneven,4813
4773,500,4.87267430374661,4.018,4.412,197,73,0,0.09194205853173125,0.1192363121882081,100000,low_uniform,4814
4774,500,17.134494981403762,24.68,25.97,645,80,0,0.09189608750246539,0.12054985643923283,100000,rush_hour,4815
4775,500,66.27399773142213,17.54,18.746,603,91,0,0.09185013945871416,0.11887764029949903,100000,uniform_medium,4816
4776,500,-0.6026486039073073,2.946,3.312,183,84,0,0.09180421438898481,0.12127279853820801,100000,low_uniform,4817
4777,500,64.23955715248,14.102,15.208,553,97,0,0.09175831228179032,0.12013014820218086,100000,uniform_medium,4818
4778,500,55.629355197581134,21.558,22.832,637,78,0,0.09171243312564943,0.11820313502848148,100000,uneven,4819
4779,500,3.251788303292011,3.384,3.776,196,81,0,0.09166657690908661,0.11899022985994816,100000,low_uniform,4820
4780,500,-5.44664136751356,2.916,3.298,191,94,0,0.09162074362063208,0.11589427569508552,100000,low_uniform,4821
4781,99,-35.39741844652907,28.767676767676768,29.838383838383837,106,19,1,0.09157493324882177,0.11502327325970235,100000,rush_hour,4822
4782,72,-59.163172800608784,46.15277777777778,47.40277777777778,90,11,1,0.09152914578219735,0.11467242727263106,100000,high_uniform,4823
4783,500,86.98792976197015,14.094,15.244,575,88,0,0.09148338120930626,0.11568582946807146,100000,uniform_medium,4824
4784,500,87.47713134613839,20.308,21.664,678,74,0,0.09143763951870161,0.11544562093913555,100000,uneven,4825
4785,500,43.597669781534194,24.158,25.486,664,77,0,0.09139192069894227,0.11877328796684741,100000,rush_hour,4826
4786,500,32.95978119631081,21.112,22.3,594,94,0,0.0913462247385928,0.11545181035995483,100000,uniform_medium,4827
4787,74,-62.8536647335886,40.5,41.63513513513514,84,11,1,0.09130055162622351,0.11066224627398155,100000,high_uniform,4828
4788,500,1.7445675787174033,4.268,4.666,199,75,0,0.09125490135041041,0.11666826379299164,100000,low_uniform,4829
4789,500,84.64132850789076,15.026,16.206,590,89,0,0.09120927389973521,0.11679394073784351,100000,uniform_medium,4830
4790,104,-65.65649690557812,45.02884615384615,46.32692307692308,135,18,1,0.09116366926278535,0.11485013444549762,100000,high_uniform,4831
4791,500,8.600691130459193,2.978,3.406,214,90,0,0.09111808742815397,0.12017880022525787,100000,low_uniform,4832
4792,500,80.4907104361503,17.416,18.662,623,85,0,0.0910725283844399,0.11529135851562024,100000,rush_hour,4833
4793,500,63.82088814782465,22.906,24.25,672,77,0,0.09102699212024769,0.11669752279669046,100000,rush_hour,4834
4794,500,74.2613207872067,15.92,17.086,583,87,0,0.09098147862418757,0.1167835423052311,100000,uniform_medium,4835
4795,500,33.61142234222411,22.744,24.008,632,85,0,0.09093598788487547,0.11517083616554737,100000,uniform_medium,4836
4796,500,11.234657889771732,4.032,4.482,225,83,0,0.09089051989093304,0.11400873362272977,100000,low_uniform,4837
4797,138,-100.24640127752185,56.471014492753625,57.95652173913044,205,14,1,0.09084507463098758,0.1106505571068197,100000,high_uniform,4838
4798,500,-1.9088311672033342,3.336,3.704,184,82,0,0.09079965209367209,0.11107414092868567,100000,low_uniform,4839
4799,500,50.950060970895166,18.664,19.834,585,84,0,0.09075425226762526,0.11461966821551323,100000,uniform_medium,4840
4800,103,-65.04549441951609,50.22330097087379,51.66990291262136,149,10,1,0.09070887514149145,0.11631715095158919,100000,high_uniform,4841
4801,500,76.14139794362454,17.674,18.936,631,84,0,0.09066352070392071,0.11784486081451177,100000,uneven,4842
4802,83,-68.42084968893215,46.325301204819276,47.506024096385545,98,9,1,0.09061818894356875,0.11439411440886647,100000,high_uniform,4843
4803,500,74.72913528296249,13.292,14.394,551,96,0,0.09057287984909697,0.11665831254422665,100000,uniform_medium,4844
4804,500,63.63766800155481,25.208,26.612,702,70,0,0.09052759340917242,0.11514298846572638,100000,uneven,4845
4805,500,39.176576755683094,25.522,26.862,670,74,0,0.09048232961246784,0.11562096214294433,100000,uneven,4846
4806,500,-15.358943731153119,31.62,32.958,669,73,0,0.09043708844766161,0.11427830652147532,100000,uneven,4847
4807,110,-69.45833327172325,49.872727272727275,51.263636363636365,153,14,1,0.09039186990343778,0.11477679020979188,100000,high_uniform,4848
4808,500,81.30244806658327,20.31,21.628,659,70,0,0.09034667396848607,0.11727607386559248,100000,rush_hour,4849
4809,500,75.26865506515885,14.916,16.06,572,86,0,0.09030150063150183,0.12034595412015915,100000,uniform_medium,4850
4810,413,-32.271413838001045,28.65133171912833,29.93220338983051,529,64,1,0.09025634988118608,0.11461922428942765,100000,rush_hour,4851
4811,500,91.20169331609283,15.372,16.584,606,86,0,0.0902112217062455,0.11953923016041518,100000,uniform_medium,4852
4812,500,25.775991332914785,23.738,24.99,626,83,0,0.09016611609539238,0.11588629348576068,100000,uniform_medium,4853
4813,98,-54.81224005525995,39.80612244897959,41.04081632653061,121,16,1,0.09012103303734469,0.1181739295775793,100000,high_uniform,4854
4814,87,-70.29286927292303,51.35632183908046,52.666666666666664,114,11,1,0.09007597252082603,0.11778587389780187,100000,high_uniform,4855
4815,500,75.99410042092045,22.85,24.208,679,73,0,0.09003093453456562,0.11545685133337974,100000,uneven,4856
4816,500,36.107658617841956,19.896,21.068,586,88,0,0.08998591906729834,0.11575346723943948,100000,uniform_medium,4857
4817,500,7.636790936536147,25.14,26.412,636,83,0,0.0899409261077647,0.11784726320952177,100000,rush_hour,4858
4818,500,64.88338819612346,20.894,22.168,637,77,0,0.08989595564471083,0.12035056468099356,100000,uniform_medium,4859
4819,82,-31.692451321652648,34.97560975609756,36.3780487804878,115,11,1,0.08985100766688847,0.1208292007809732,100000,high_uniform,4860
4820,500,39.96661390589943,25.814,27.166,676,69,0,0.08980608216305504,0.11867410561442375,100000,rush_hour,4861
4821,86,-80.88516002283752,55.69767441860465,57.05813953488372,117,14,1,0.08976117912197351,0.11772275776710621,100000,high_uniform,4862
4822,261,-47.39397848884765,35.51724137931034,36.88505747126437,357,39,1,0.08971629853241253,0.12021978522054994,100000,uneven,4863
4823,500,-8.564168701083121,27.276,28.526,625,69,0,0.08967144038314633,0.12241058979928493,100000,rush_hour,4864
4824,500,45.2413987009068,23.278,24.616,669,75,0,0.08962660466295476,0.12156477414816617,100000,rush_hour,4865
4825,87,-45.92389963727261,44.666666666666664,46.08045977011494,123,9,1,0.08958179136062329,0.12010217894767893,100000,high_uniform,4866
4826,61,-47.945259457356784,39.19672131147541,40.442622950819676,76,8,1,0.08953700046494298,0.11551480245639066,100000,high_uniform,4867
4827,500,7.427531206469527,4.07,4.496,213,78,0,0.08949223196471051,0.1250731230005622,100000,low_uniform,4868
4828,119,-67.2877353398166,44.49579831932773,45.90756302521008,168,16,1,0.08944748584872816,0.12353186625517718,100000,high_uniform,4869
4829,500,28.688798823120564,24.512,25.83,659,80,0,0.0894027621058038,0.12295825999230146,100000,rush_hour,4870
4830,134,-88.35277487336224,52.850746268656714,54.23134328358209,185,20,1,0.08935806072475092,0.122103706975259,100000,high_uniform,4871
4831,500,98.55430190058037,16.66,17.93,635,81,0,0.08931338169438854,0.12063258662074804,100000,uniform_medium,4872
4832,500,7.723945758989237,4.314,4.758,222,80,0,0.08926872500354135,0.12006346967071295,100000,low_uniform,4873
4833,500,77.40062954951448,16.348,17.542,597,87,0,0.08922409064103959,0.12095532593876124,100000,uniform_medium,4874
4834,500,86.0018244313367,15.534,16.752,609,84,0,0.08917947859571908,0.1207856353521347,100000,uniform_medium,4875
4835,500,73.8214182714872,20.202,21.494,646,78,0,0.08913488885642122,0.12174485749006271,100000,rush_hour,4876
4836,147,-59.59146123294482,48.2108843537415,49.72789115646258,223,15,1,0.08909032141199301,0.11868456619329193,100000,high_uniform,4877
4837,500,-1.5553403302489115,2.938,3.334,198,95,0,0.08904577625128701,0.12149158618599176,100000,low_uniform,4878
4838,500,2.6069366057869283,4.408,4.77,181,62,0,0.08900125336316138,0.12072450472414493,100000,low_uniform,4879
4839,500,48.00223975421616,25.166,26.536,685,72,0,0.08895675273647981,0.12120654638111591,100000,rush_hour,4880
4840,500,57.40896919130919,23.85,25.194,672,73,0,0.08891227436011158,0.11998549123108387,100000,rush_hour,4881
4841,500,6.937622641671795,27.58,28.878,649,81,0,0.08886781822293152,0.12191791328787803,100000,uneven,4882
4842,500,-3.788012221736257,3.818,4.228,205,90,0,0.08882338431382006,0.1207130709439516,100000,low_uniform,4883
4843,500,-3.2524328718096123,3.494,3.872,189,82,0,0.08877897262166315,0.1241553672477603,100000,low_uniform,4884
4844,500,-5.20065014174149,3.63,4.038,204,94,0,0.08873458313535232,0.12297982066869735,100000,low_uniform,4885
4845,500,27.72116688596852,27.536,28.894,679,75,0,0.08869021584378464,0.11968021938949823,100000,uneven,4886
4846,500,2.485125373112976,31.55,32.978,714,66,0,0.08864587073586276,0.12180493696779013,100000,uneven,4887
4847,500,40.64911508867925,22.404,23.682,639,82,0,0.08860154780049484,0.12046448554098606,100000,rush_hour,4888
4848,500,-0.09424518389974801,3.584,3.992,204,89,0,0.0885572470265946,0.1199491441398859,100000,low_uniform,4889
4849,500,7.320018176376664,3.276,3.68,202,80,0,0.0885129684030813,0.11794804772734642,100000,low_uniform,4890
4850,500,54.69368661260586,24.41,25.776,683,69,0,0.08846871191887977,0.11767525335401297,100000,rush_hour,4891
4851,500,35.06754598798033,23.792,25.114,661,77,0,0.08842447756292034,0.11736279651522637,100000,rush_hour,4892
4852,500,65.56527944461062,21.408,22.722,657,78,0,0.08838026532413888,0.11450670148432254,100000,uneven,4893
4853,500,-0.058136997281273806,3.37,3.754,192,83,0,0.08833607519147682,0.1179317333623767,100000,low_uniform,4894
4854,500,-2.375333421296604,3.62,3.996,188,82,0,0.08829190715388109,0.11585912040621042,100000,low_uniform,4895
4855,500,-3.5187645112099033,4.054,4.43,188,78,0,0.08824776120030416,0.11683833564072847,100000,low_uniform,4896
4856,500,83.84983743784245,16.28,17.5,610,83,0,0.08820363731970401,0.11473975314199925,100000,uneven,4897
4857,500,81.40227207641307,17.424,18.702,639,83,0,0.08815953550104416,0.11716857893019915,100000,rush_hour,4898
4858,500,55.31892528463042,21.488,22.77,641,85,0,0.08811545573329364,0.11490121933817864,100000,uneven,4899
4859,500,100.31978003600831,12.708,13.88,586,89,0,0.088071398005427,0.11847786283493042,100000,uniform_medium,4900
4860,500,48.39839741216021,18.486,19.688,601,90,0,0.08802736230642429,0.11386559119075537,100000,uneven,4901
4861,500,-5.095529964038413,3.656,4.054,199,91,0,0.08798334862527107,0.11473869549483061,100000,low_uniform,4902
4862,500,5.638325760773482,27.688,29.026,669,75,0,0.08793935695095845,0.11452223148941994,100000,rush_hour,4903
4863,500,-61.96777980831238,35.09,36.424,667,80,0,0.08789538727248297,0.1132379553169012,100000,rush_hour,4904
4864,500,57.69031071001423,24.076,25.434,679,72,0,0.08785143957884674,0.12000494222342968,100000,uneven,4905
4865,500,10.824268614161674,27.502,28.832,665,76,0,0.08780751385905732,0.1173694947808981,100000,rush_hour,4906
4866,68,-52.6561644769079,37.69117647058823,38.794117647058826,75,13,1,0.0877636101021278,0.12100847185972859,100000,high_uniform,4907
4867,73,-65.23352515814778,53.42465753424658,54.917808219178085,109,8,1,0.08771972829707674,0.11822408948042622,100000,high_uniform,4908
4868,500,74.72223727542962,17.014,18.222,604,85,0,0.0876758684329282,0.12051956371217966,100000,uniform_medium,4909
4869,500,60.74516761273713,24.144,25.526,691,71,0,0.08763203049871174,0.11877270451933146,100000,rush_hour,4910
4870,500,41.22188323595166,24.93,26.264,667,76,0,0.08758821448346239,0.12095488524436951,100000,uneven,4911
4871,500,0.5042851906262613,3.03,3.394,182,79,0,0.08754442037622066,0.1200910087376833,100000,low_uniform,4912
4872,500,68.62094268964779,21.914,23.26,673,74,0,0.08750064816603256,0.11940251602977514,100000,rush_hour,4913
4873,500,-6.35916183366382,3.496,3.844,174,81,0,0.08745689784194956,0.11972416254132986,100000,low_uniform,4914
4874,103,-52.79248016416181,41.70873786407767,43.03883495145631,137,16,1,0.08741316939302858,0.12191675552754726,100000,high_uniform,4915
4875,500,7.2352276068979755,3.8,4.2,200,71,0,0.08736946280833208,0.1194248950406909,100000,low_uniform,4916
4876,500,63.47772595084703,23.408,24.78,686,75,0,0.08732577807692792,0.12270458251237869,100000,uneven,4917
4877,81,-33.892457984100666,36.69135802469136,38.160493827160494,119,9,1,0.08728211518788946,0.12094600995381673,100000,high_uniform,4918
4878,95,-57.61690121322923,46.642105263157895,48.09473684210526,138,11,1,0.08723847413029552,0.11592145703340831,100000,high_uniform,4919
4879,500,77.13864843824997,21.044,22.394,675,75,0,0.08719485489323038,0.11855242087692022,100000,uneven,4920
4880,478,-80.4909385393457,32.61297071129707,33.83682008368201,585,85,1,0.08715125746578377,0.11905050994711441,100000,uneven,4921
4881,500,82.83343246223126,13.352,14.48,564,89,0,0.08710768183705088,0.12443852175027131,100000,uniform_medium,4922
4882,500,40.34308372198567,24.602,25.926,662,77,0,0.08706412799613236,0.12064606860280037,100000,rush_hour,4923
4883,138,-58.400416902226816,42.82608695652174,44.2536231884058,197,18,1,0.0870205959321343,0.11804846765986388,100000,high_uniform,4924
4884,500,0.4908248414401492,3.864,4.252,194,78,0,0.08697708563416824,0.12192523862421513,100000,low_uniform,4925
4885,500,7.151699543482338,4.618,5.004,193,60,0,0.08693359709135116,0.1179562501385808,100000,low_uniform,4926
4886,500,28.760150886981442,22.432,23.654,611,86,0,0.0868901302928055,0.11910519202053547,100000,uniform_medium,4927
4887,500,67.0993092644187,19.436,20.696,630,84,0,0.0868466852276591,0.12170759070664644,100000,uneven,4928
4888,106,-54.268158437829555,41.886792452830186,43.24528301886792,144,16,1,0.08680326188504528,0.12592340970657906,100000,high_uniform,4929
4889,500,97.70711189250869,15.86,17.102,621,86,0,0.08675986025410276,0.12358755791187287,100000,uniform_medium,4930
4890,69,-44.05236995977789,40.391304347826086,41.72463768115942,92,10,1,0.08671648032397572,0.11574782436524612,100000,high_uniform,4931
4891,500,69.75187420650123,22.202,23.55,674,77,0,0.08667312208381374,0.12233684927225114,100000,rush_hour,4932
4892,122,-59.751830035638754,43.86065573770492,45.30327868852459,176,15,1,0.08662978552277184,0.12220079146447729,100000,high_uniform,4933
4893,500,-14.479442424005995,4.182,4.512,165,68,0,0.08658647063001046,0.12287495925277471,100000,low_uniform,4934
4894,500,-6.056574711520125,3.618,4.016,199,94,0,0.08654317739469546,0.12145751977711916,100000,low_uniform,4935
4895,131,-72.21705831499722,48.64885496183206,50.083969465648856,188,17,1,0.08649990580599812,0.11643305130814778,100000,high_uniform,4936
4896,172,-95.4436367842227,52.44767441860465,53.91860465116279,253,16,1,0.08645665585309513,0.1259650053499743,100000,high_uniform,4937
4897,500,43.66310493782519,24.89,26.228,669,79,0,0.08641342752516859,0.12251528803259135,100000,rush_hour,4938
4898,88,-65.60332341018815,49.86363636363637,51.17045454545455,115,13,1,0.08637022081140601,0.12213621512902054,100000,high_uniform,4939
4899,500,79.147446817735,22.746,24.122,688,68,0,0.08632703570100031,0.1211271847486496,100000,uneven,4940
4900,84,-35.877571176606544,34.833333333333336,36.142857142857146,110,14,1,0.08628387218314981,0.11669909856503918,100000,high_uniform,4941
4901,500,80.6768051098438,13.042,14.174,566,96,0,0.08624073024705824,0.12395303931832313,100000,uniform_medium,4942
4902,500,35.89476565431888,23.582,24.882,650,77,0,0.08619760988193471,0.12406632155179978,100000,uneven,4943
4903,500,37.01191153100294,27.458,28.822,682,68,0,0.08615451107699375,0.12431811966747046,100000,uneven,4944
4904,500,-2.6278520685177713,33.738,35.172,717,65,0,0.08611143382145525,0.12026845706999302,100000,uneven,4945
4905,500,-2.57966010634245,3.154,3.498,172,74,0,0.08606837810454453,0.12298327895998955,100000,low_uniform,4946
4906,500,44.90570489185637,22.992,24.3,654,80,0,0.08602534391549226,0.12030049365013838,100000,uneven,4947
4907,500,80.19460085077696,15.204,16.378,587,91,0,0.08598233124353452,0.12441140732914209,100000,uniform_medium,4948
4908,500,64.9011927922218,20.82,22.118,649,81,0,0.08593934007791276,0.12708361399173737,100000,uneven,4949
4909,500,17.323486496161717,27.126,28.468,671,78,0,0.08589637040787382,0.12264779029041528,100000,uneven,4950
4910,500,21.553840158441105,26.168,27.486,659,78,0,0.08585342222266988,0.12339895226061344,100000,uneven,4951
4911,500,37.91131230809959,27.316,28.708,696,69,0,0.08581049551155855,0.12382118618488312,100000,rush_hour,4952
4912,118,-53.81237155172826,47.49152542372882,49.02542372881356,181,13,1,0.08576759026380278,0.12411556506561021,100000,high_uniform,4953
4913,500,-0.7519786582996025,2.894,3.268,187,88,0,0.08572470646867088,0.12038176636397839,100000,low_uniform,4954
4914,500,111.43009796459586,16.854,18.18,663,79,0,0.08568184411543654,0.12520017597079278,100000,uneven,4955
4915,500,85.88551111108507,21.852,23.23,689,71,0,0.08563900319337883,0.1225916264206171,100000,uneven,4956
4916,500,3.7935032428857105,4.216,4.626,205,78,0,0.08559618369178215,0.1212952131330967,100000,low_uniform,4957
4917,500,-3.3108609913705287,4.04,4.446,203,83,0,0.08555338559993626,0.1211159603446722,100000,low_uniform,4958
4918,500,71.44867344278288,16.992,18.178,593,89,0,0.0855106089071363,0.1235400496572256,100000,uniform_medium,4959
4919,500,70.67780981041838,18.298,19.546,624,83,0,0.08546785360268273,0.12238433831930161,100000,rush_hour,4960
4920,117,-74.72229823328679,50.36752136752137,51.76923076923077,164,17,1,0.0854251196758814,0.1249912737781166,100000,high_uniform,4961
4921,500,48.05518224237357,23.976,25.33,677,75,0,0.08538240711604346,0.1211796858087182,100000,rush_hour,4962
4922,500,65.5671696348617,22.584,23.928,672,77,0,0.08533971591248544,0.12565124167501926,100000,rush_hour,4963
4923,90,-75.6699278430016,46.8,47.87777777777778,97,13,1,0.0852970460545292,0.12045410109890832,100000,high_uniform,4964
4924,500,41.671269782406014,24.418,25.746,664,76,0,0.08525439753150194,0.126746559381485,100000,uneven,4965
4925,500,87.12979727915142,16.206,17.412,603,84,0,0.08521177033273619,0.12368627522140742,100000,uniform_medium,4966
4926,500,-1.4067623188259828,4.096,4.448,176,67,0,0.08516916444756983,0.12441897914558649,100000,low_uniform,4967
4927,500,90.1141787525249,16.542,17.784,621,82,0,0.08512657986534605,0.126674408107996,100000,uniform_medium,4968
4928,177,-86.31849067847081,49.96610169491525,51.429378531073446,259,22,1,0.08508401657541338,0.12466821613284827,100000,high_uniform,4969
4929,500,-7.91580056070857,4.022,4.394,186,81,0,0.08504147456712569,0.1263263675570488,100000,low_uniform,4970
4930,500,72.07961576504015,15.5,16.656,578,94,0,0.08499895382984213,0.12372630032896996,100000,uniform_medium,4971
4931,500,-0.28918539873617377,3.282,3.696,207,92,0,0.08495645435292722,0.12205784578621387,100000,low_uniform,4972
4932,500,78.46013180538371,23.622,25.028,703,70,0,0.08491397612575076,0.12316190906614065,100000,uneven,4973
4933,500,75.58597198704307,21.116,22.446,665,75,0,0.0848715191376879,0.12610900458693505,100000,rush_hour,4974
4934,500,4.184747450980128,26.454,27.724,635,78,0,0.08482908337811905,0.12496960271894932,100000,rush_hour,4975
4935,500,84.47454727317532,13.256,14.38,562,95,0,0.08478666883642999,0.1274709701910615,100000,uniform_medium,4976
4936,77,-35.125351794894755,33.54545454545455,34.8051948051948,97,13,1,0.08474427550201177,0.1295372090943448,100000,high_uniform,4977
4937,500,22.55322889761246,23.628,24.93,651,82,0,0.08470190336426077,0.12798629090934993,100000,rush_hour,4978
4938,100,-30.611430950975095,35.44,36.87,143,13,1,0.08465955241257864,0.12347997896373272,100000,high_uniform,4979
4939,500,94.14590309876758,13.124,14.278,577,90,0,0.08461722263637235,0.12874737250804902,100000,uniform_medium,4980
4940,500,82.36192562806562,16.16,17.366,603,87,0,0.08457491402505417,0.1236272884979844,100000,uniform_medium,4981
4941,500,28.926703727971137,27.284,28.64,678,73,0,0.08453262656804164,0.12423491131514311,100000,uneven,4982
4942,128,-87.18155487522317,56.8671875,58.3359375,188,14,1,0.08449036025475762,0.1282266583875753,100000,high_uniform,4983
4943,500,5.327635661588208,30.056,31.42,682,72,0,0.08444811507463025,0.1244983885139227,100000,rush_hour,4984
4944,500,14.341608191346136,29.792,31.19,699,70,0,0.08440589101709293,0.12578535244613887,100000,rush_hour,4985
4945,500,-1.014340453667646,3.61,3.964,177,70,0,0.0843636880715844,0.12672649462521077,100000,low_uniform,4986
4946,500,14.807009510875274,27.17,28.462,646,79,0,0.08432150622754861,0.12895596011728047,100000,uneven,4987
4947,500,94.37329419153076,11.686,12.806,560,93,0,0.08427934547443484,0.1224680673778057,100000,uniform_medium,4988
4948,131,-53.45233936022552,43.0,44.465648854961835,192,17,1,0.08423720580169763,0.12627698742706356,100000,high_uniform,4989
4949,500,82.9742825231954,11.584,12.672,544,101,0,0.08419508719879679,0.12549264691770076,100000,uniform_medium,4990
4950,500,63.95994187178109,14.588,15.702,557,99,0,0.0841529896551974,0.12433840791881084,100000,uniform_medium,4991
4951,500,82.34389326194446,13.272,14.406,567,97,0,0.0841109131603698,0.1230632173717022,100000,uniform_medium,4992
4952,500,-1.0690130803087303,3.172,3.55,189,84,0,0.08406885770378962,0.12613778398185968,100000,low_uniform,4993
4953,500,44.97338236720281,25.934,27.296,681,70,0,0.08402682327493773,0.12282130308449268,100000,uneven,4994
4954,500,4.149304740853804,3.386,3.758,186,74,0,0.08398480986330026,0.12227870808541774,100000,low_uniform,4995
4955,500,56.08115382648693,15.73,16.858,564,96,0,0.08394281745836861,0.12347946918010712,100000,uniform_medium,4996
4956,500,6.459114537810828,3.08,3.482,201,84,0,0.08390084604963943,0.12069249209761619,100000,low_uniform,4997
4957,500,0.7140546764023408,4.098,4.518,210,86,0,0.08385889562661462,0.12720043706893921,100000,low_uniform,4998
4958,500,74.25141628570928,13.818,14.93,556,92,0,0.08381696617880133,0.12377191488444805,100000,uniform_medium,4999
4959,500,-4.490080080685917,31.218,32.6,691,72,0,0.08377505769571193,0.12092354614287615,100000,rush_hour,5000
4960,500,36.26997491458083,22.516,23.792,638,84,0,0.08373317016686409,0.11932005532830954,100000,rush_hour,5001
4961,500,69.25286501809295,14.226,15.348,561,96,0,0.08369130358178066,0.12320377679169178,100000,uniform_medium,5002
4962,96,-58.16487805151006,43.489583333333336,44.8125,127,13,1,0.08364945792998978,0.11586574057582766,100000,high_uniform,5003
4963,500,79.33643766922492,21.974,23.33,678,70,0,0.08360763320102478,0.11919090899080038,100000,rush_hour,5004
4964,500,95.33088322579066,12.638,13.798,580,90,0,0.08356582938442428,0.12294295059889555,100000,uniform_medium,5005
4965,500,68.21470315905084,24.158,25.572,707,66,0,0.08352404646973208,0.1260883591324091,100000,rush_hour,5006
4966,500,3.5491616816991867,3.088,3.476,194,82,0,0.08348228444649722,0.12110731372237206,100000,low_uniform,5007
4967,500,53.221205776599014,17.376,18.542,583,89,0,0.08344054330427397,0.11819397282600402,100000,uniform_medium,5008
4968,500,77.1486519804391,15.814,16.998,592,94,0,0.08339882303262185,0.12078104709088802,100000,uniform_medium,5009
4969,500,-6.408756544021515,4.046,4.426,190,80,0,0.08335712362110555,0.12312601990997792,100000,low_uniform,5010
4970,500,5.73764905870318,25.65,26.94,645,83,0,0.083315445059295,0.12147785192728043,100000,rush_hour,5011
4971,500,85.11367414014734,16.53,17.766,618,83,0,0.08327378733676535,0.12134270928800106,100000,rush_hour,5012
4972,500,75.03777061594889,15.292,16.474,591,93,0,0.08323215044309698,0.11930351701378822,100000,uniform_medium,5013
4973,500,44.98951307440117,26.18,27.558,689,73,0,0.08319053436787543,0.12234389978647232,100000,rush_hour,5014
4974,500,51.89470121283809,27.064,28.482,709,68,0,0.0831489391006915,0.12235334055125713,100000,uneven,5015
4975,500,30.218079294403168,25.746,27.066,660,77,0,0.08310736463114116,0.12133756922185421,100000,rush_hour,5016
4976,500,57.08902193538362,21.03,22.312,641,71,0,0.08306581094882559,0.1221423145532608,100000,rush_hour,5017
4977,85,-67.74997035092557,49.92941176470588,51.27058823529412,114,12,1,0.08302427804335118,0.120633845381877,100000,high_uniform,5018
4978,500,2.859314089027462,2.814,3.202,194,86,0,0.0829827659043295,0.12380959590524435,100000,low_uniform,5019
4979,500,47.55220129925939,24.69,26.028,669,78,0,0.08294127452137734,0.11874622879177332,100000,rush_hour,5020
4980,500,89.85928577559122,18.514,19.812,649,73,0,0.08289980388411665,0.12224018743634224,100000,uneven,5021
4981,500,-34.69950629282278,33.448,34.792,672,75,0,0.0828583539821746,0.12280087214708328,100000,rush_hour,5022
4982,500,-4.418174525311499,31.414,32.832,709,69,0,0.08281692480518352,0.124916236191988,100000,rush_hour,5023
4983,500,-15.893227346457984,3.952,4.302,175,86,0,0.08277551634278094,0.12274711307883263,100000,low_uniform,5024
4984,124,-101.39520811317787,62.62096774193548,64.09677419354838,183,13,1,0.08273412858460955,0.1269915401334724,100000,high_uniform,5025
4985,500,3.1671355115051854,3.826,4.23,202,80,0,0.08269276152031725,0.12293301165103912,100000,low_uniform,5026
4986,500,13.891437725732368,3.368,3.782,207,76,0,0.0826514151395571,0.12383441605418921,100000,low_uniform,5027
4987,500,56.33002391066742,17.32,18.53,605,88,0,0.08261008943198732,0.12211641093343496,100000,rush_hour,5028
4988,500,38.91474055979747,28.666,30.088,711,66,0,0.08256878438727133,0.12200539591908455,100000,rush_hour,5029
4989,500,40.68820488167996,24.678,26.028,675,75,0,0.0825274999950777,0.12139864979684353,100000,rush_hour,5030
4990,500,79.66303850654052,18.638,19.918,640,82,0,0.08248623624508017,0.12282333105802536,100000,rush_hour,5031
4991,500,75.20747225277519,20.758,22.094,668,75,0,0.08244499312695763,0.12253563944250345,100000,uneven,5032
4992,106,-64.22029515292621,45.18867924528302,46.56603773584906,146,13,1,0.08240377063039415,0.1202521025431606,100000,high_uniform,5033
4993,500,14.649129834125766,30.826,32.228,701,67,0,0.08236256874507897,0.1209882618561387,100000,rush_hour,5034
4994,131,-83.95032219768642,54.534351145038165,56.01526717557252,194,14,1,0.08232138746070643,0.12586538880380965,100000,high_uniform,5035
4995,500,5.259001310593075,28.106,29.426,660,76,0,0.08228022676697608,0.11875582536309957,100000,uneven,5036
4996,500,74.71237170412785,14.062,15.198,568,97,0,0.0822390866535926,0.12114548721909522,100000,uniform_medium,5037
4997,500,92.84892382337428,19.322,20.668,673,76,0,0.08219796711026581,0.12082559581845999,100000,uneven,5038
4998,500,57.50020983603445,23.576,24.934,679,74,0,0.08215686812671068,0.12239324747771024,100000,rush_hour,5039
4999,500,65.84687490789169,25.094,26.486,696,69,0,0.08211578969264732,0.12157543110847473,100000,uneven,5040
5000,130,-84.24893062063276,46.19230769230769,47.5,170,22,1,0.082074731797801,0.11714663740534048,100000,high_uniform,5041
5001,500,3.4234886894942007,3.72,4.108,194,77,0,0.0820336944319021,0.12029092000424862,100000,low_uniform,5042
5002,500,7.760874993803336,3.606,4.006,200,77,0,0.08199267758468616,0.11906498550623655,100000,low_uniform,5043
5003,500,93.11499461327217,17.97,19.27,650,78,0,0.08195168124589382,0.12138857661187649,100000,uneven,5044
5004,500,65.16946502074063,22.064,23.396,666,75,0,0.08191070540527087,0.12251910004764795,100000,uneven,5045
5005,500,-22.103629189681698,33.33,34.708,689,64,0,0.08186975005256825,0.12123671646416187,100000,uneven,5046
5006,500,71.59208658960532,19.856,21.14,642,81,0,0.08182881517754197,0.12231604830175638,100000,rush_hour,5047
5007,87,-52.87439815645556,37.95402298850575,39.229885057471265,111,14,1,0.0817879007699532,0.1176643377148557,100000,high_uniform,5048
5008,500,31.24339163913153,26.158,27.52,681,69,0,0.08174700681956823,0.12128741595894098,100000,rush_hour,5049
5009,500,14.338662277950121,28.828,30.178,675,68,0,0.08170613331615845,0.12131957711279392,100000,uneven,5050
5010,500,84.68725315391437,14.322,15.488,583,93,0,0.08166528024950037,0.12503147403895856,100000,uniform_medium,5051
5011,500,83.47216893347128,19.66,20.976,658,77,0,0.08162444760937562,0.12376166921854019,100000,rush_hour,5052
5012,500,6.5955373040231855,4.15,4.59,220,84,0,0.08158363538557094,0.12720195487141608,100000,low_uniform,5053
5013,83,-40.15704867961353,38.0,39.31325301204819,109,12,1,0.08154284356787815,0.12768124169613942,100000,high_uniform,5054
5014,500,76.24501641613479,22.288,23.65,681,68,0,0.08150207214609421,0.12870197288691998,100000,rush_hour,5055
5015,500,67.03436272765306,22.446,23.798,676,74,0,0.08146132111002118,0.12452793446928263,100000,uneven,5056
5016,500,73.01060876820827,21.41,22.742,666,79,0,0.08142059044946617,0.125991486415267,100000,rush_hour,5057
5017,500,0.587565823450011,3.326,3.676,175,73,0,0.08137988015424144,0.12816021125018598,100000,low_uniform,5058
5018,122,-80.94015037226755,51.15573770491803,52.52459016393443,167,11,1,0.08133919021416433,0.12875406853243954,100000,high_uniform,5059
5019,500,56.374156590233255,22.24,23.572,666,77,0,0.08129852061905725,0.12406077586859465,100000,uneven,5060
5020,500,96.51337602347802,22.778,24.21,716,67,0,0.08125787135874772,0.12501660814881324,100000,uneven,5061
5021,500,64.37180461827786,21.03,22.322,646,80,0,0.08121724242306835,0.1253409444987774,100000,rush_hour,5062
5022,76,-68.22805294565492,43.328947368421055,44.39473684210526,81,7,1,0.08117663380185683,0.12439886794278496,100000,high_uniform,5063
5023,500,15.054039803672215,28.188,29.546,679,71,0,0.0811360454849559,0.12542814293503762,100000,uneven,5064
5024,128,-46.75716123323026,36.984375,38.3671875,177,18,1,0.08109547746221342,0.12445538165047765,100000,high_uniform,5065
5025,500,50.85514250044615,26.298,27.688,695,69,0,0.08105492972348231,0.12910973232984543,100000,rush_hour,5066
5026,500,2.2845039311988002,3.296,3.706,205,91,0,0.08101440225862058,0.12769829367101193,100000,low_uniform,5067
5027,500,50.429557891992836,16.668,17.79,561,93,0,0.08097389505749128,0.12451975747942924,100000,uniform_medium,5068
5028,500,7.0897518929217025,3.52,3.964,222,93,0,0.08093340810996254,0.12715423585474492,100000,low_uniform,5069
5029,285,-58.943906721650855,31.67719298245614,32.84561403508772,333,47,1,0.08089294140590757,0.12718653020105863,100000,uneven,5070
5030,500,94.92153577979153,13.87,15.048,589,87,0,0.08085249493520462,0.12645801681280136,100000,uniform_medium,5071
5031,500,89.86599560656487,14.234,15.414,590,89,0,0.08081206868773702,0.12650043070316314,100000,uniform_medium,5072
5032,500,56.95238548132676,22.086,23.392,653,78,0,0.08077166265339315,0.12920834133774042,100000,rush_hour,5073
5033,500,85.11066507224129,16.31,17.518,604,81,0,0.08073127682206646,0.13193441060930491,100000,uniform_medium,5074
5034,500,11.57480906860453,2.906,3.288,191,74,0,0.08069091118365543,0.12743171095848083,100000,low_uniform,5075
5035,500,4.808110594518627,3.396,3.774,189,73,0,0.0806505657280636,0.12978896555304528,100000,low_uniform,5076
5036,500,69.13928973454404,15.74,16.892,576,92,0,0.08061024044519957,0.1277640504539013,100000,uniform_medium,5077
5037,154,-49.67807755119379,32.142857142857146,33.324675324675326,182,28,1,0.08056993532497697,0.1273285714643342,100000,rush_hour,5078
5038,54,-44.926820039383465,38.148148148148145,39.31481481481482,63,5,1,0.08052965035731449,0.12599976015863595,100000,high_uniform,5079
5039,500,62.44404521582925,20.656,21.924,634,81,0,0.08048938553213583,0.1305252228975296,100000,rush_hour,5080
5040,500,70.83510073317555,12.922,13.996,537,97,0,0.08044914083936977,0.1283156176805496,100000,uniform_medium,5081
5041,500,95.11774606888538,15.028,16.24,606,84,0,0.0804089162689501,0.13049197168648244,100000,uniform_medium,5082
5042,500,1.0729175913826758,4.556,4.962,203,72,0,0.08036871181081562,0.1263250466734171,100000,low_uniform,5083
5043,500,76.38524331709125,14.486,15.624,569,90,0,0.08032852745491022,0.1268993708342314,100000,uniform_medium,5084
5044,114,-87.27406949468312,57.54385964912281,58.95614035087719,161,11,1,0.08028836319118277,0.12697877774113103,100000,high_uniform,5085
5045,500,45.805068688996144,24.14,25.488,674,71,0,0.08024821900958717,0.12728049179166556,100000,rush_hour,5086
5046,500,88.45969615866727,14.864,16.058,597,87,0,0.08020809490008239,0.128769903101027,100000,uniform_medium,5087
5047,500,78.38407708458278,20.556,21.874,659,75,0,0.08016799085263235,0.12354857692122459,100000,uneven,5088
5048,500,74.24131132208238,23.848,25.242,697,66,0,0.08012790685720604,0.12886601051688193,100000,uneven,5089
5049,500,71.51280844978596,15.502,16.648,573,87,0,0.08008784290377745,0.12963339502364396,100000,uniform_medium,5090
5050,500,88.33914434392618,18.534,19.852,659,78,0,0.08004779898232556,0.12814884021878242,100000,rush_hour,5091
5051,132,-95.76327322228575,55.15909090909091,56.59090909090909,189,17,1,0.0800077750828344,0.1320199757024194,100000,high_uniform,5092
5052,500,6.124640404150284,3.082,3.462,190,78,0,0.07996777119529298,0.1289847543388605,100000,low_uniform,5093
5053,500,68.49064794490828,21.438,22.746,654,77,0,0.07992778730969534,0.12642910307645797,100000,rush_hour,5094
5054,500,32.7108304450367,25.652,26.988,668,76,0,0.07988782341604049,0.12693395361304283,100000,rush_hour,5095
5055,500,9.365956241310732,4.47,4.884,207,69,0,0.07984787950433248,0.1260854994803667,100000,low_uniform,5096
5056,500,82.09612910658073,20.21,21.53,660,72,0,0.07980795556458031,0.12554145665466784,100000,rush_hour,5097
5057,500,21.216449953654447,25.398,26.718,660,80,0,0.07976805158679803,0.1251169814541936,100000,rush_hour,5098
5058,500,71.71155565018495,20.734,22.066,666,78,0,0.07972816756100463,0.1254633882045746,100000,rush_hour,5099
5059,500,85.55616915348782,14.992,16.196,602,92,0,0.07968830347722414,0.12312693060934543,100000,uniform_medium,5100
5060,500,56.19128424178299,22.616,23.918,651,75,0,0.07964845932548553,0.12375997488200664,100000,uneven,5101
5061,104,-71.82580248915177,49.45192307692308,50.77884615384615,138,12,1,0.07960863509582279,0.12407214466768962,100000,high_uniform,5102
5062,500,85.89057884566753,18.56,19.86,650,81,0,0.07956883077827488,0.12279574409127235,100000,uneven,5103
5063,500,83.35938852356493,20.158,21.48,661,78,0,0.07952904636288576,0.1259566895067692,100000,uneven,5104
5064,500,78.9702774562494,21.286,22.638,676,75,0,0.07948928183970431,0.12507472898066044,100000,uneven,5105
5065,162,-93.04154380554552,51.166666666666664,52.574074074074076,228,19,1,0.07944953719878446,0.12293854813424894,100000,high_uniform,5106
5066,500,76.51666973469345,21.896,23.246,675,74,0,0.07940981243018508,0.12090780897438526,100000,uneven,5107
5067,85,-69.43365489240637,41.94117647058823,43.09411764705882,98,16,1,0.07937010752396999,0.12320833714569317,100000,high_uniform,5108
5068,500,7.169200459405061,3.65,4.078,214,85,0,0.07933042247020801,0.12482601831853389,100000,low_uniform,5109
5069,500,1.811626225040889,4.076,4.478,201,79,0,0.07929075725897292,0.12308732135593892,100000,low_uniform,5110
5070,500,47.51665502881222,22.92,24.252,666,76,0,0.07925111188034344,0.12434910546243191,100000,rush_hour,5111
5071,500,57.099575301369356,18.37,19.568,599,81,0,0.07921148632440327,0.12252919662743807,100000,rush_hour,5112
5072,94,-71.4973261674664,48.244680851063826,49.58510638297872,126,13,1,0.07917188058124107,0.12642037186850894,100000,high_uniform,5113
5073,500,-7.19088018072642,3.46,3.83,185,87,0,0.07913229464095045,0.12405015827715397,100000,low_uniform,5114
5074,500,59.58160851006931,26.48,27.914,717,63,0,0.07909272849362999,0.12283376921713353,100000,uneven,5115
5075,500,-1.6620208434743924,3.14,3.508,184,80,0,0.07905318212938317,0.1236471439152956,100000,low_uniform,5116
5076,500,93.82327534269373,14.218,15.376,579,82,0,0.07901365553831849,0.12393332952260971,100000,uniform_medium,5117
5077,500,83.49630572045386,17.028,18.274,623,86,0,0.07897414871054934,0.12255745549499988,100000,uniform_medium,5118
5078,500,3.006352088764886,3.33,3.694,182,71,0,0.07893466163619406,0.12294688032567501,100000,low_uniform,5119
5079,500,95.34245904224662,20.012,21.372,680,72,0,0.07889519430537596,0.1209193480014801,100000,rush_hour,5120
5080,87,-52.903132471658274,47.252873563218394,48.735632183908045,129,10,1,0.07885574670822328,0.12225799579387424,100000,high_uniform,5121
5081,500,79.81766535250893,15.546,16.728,591,87,0,0.07881631883486917,0.11883154080808163,100000,uniform_medium,5122
5082,114,-84.89596148268316,44.26315789473684,45.31578947368421,120,11,1,0.07877691067545174,0.11951364233697716,100000,high_uniform,5123
5083,500,-14.004773375093224,3.81,4.144,167,78,0,0.07873752222011401,0.12289967967569829,100000,low_uniform,5124
5084,82,-42.40599100622986,39.926829268292686,41.292682926829265,112,11,1,0.07869815345900397,0.1266337240614542,100000,high_uniform,5125
5085,118,-79.71665255011597,50.99152542372882,52.3728813559322,163,17,1,0.07865880438227447,0.1216960963556322,100000,high_uniform,5126
5086,500,89.92288566467897,13.51,14.664,577,90,0,0.07861947498008334,0.12396179301291704,100000,uniform_medium,5127
5087,500,104.54696372215068,16.792,18.092,650,76,0,0.0785801652425933,0.12373325031995773,100000,rush_hour,5128
5088,500,89.63905806404355,11.858,12.994,568,98,0,0.078540875159972,0.12636462689191102,100000,uniform_medium,5129
5089,500,3.033081373368261,3.466,3.842,188,72,0,0.07850160472239202,0.12459466726332903,100000,low_uniform,5130
5090,102,-67.18484406225835,50.549019607843135,52.029411764705884,151,10,1,0.07846235392003083,0.12209419942661828,100000,high_uniform,5131
5091,500,-66.69929127844244,37.85,39.23,690,72,0,0.07842312274307081,0.12710909314453603,100000,rush_hour,5132
5092,500,87.62276601810694,14.85,16.006,578,78,0,0.07838391118169928,0.12677795451134444,100000,uniform_medium,5133
5093,500,10.367101293518783,4.008,4.438,215,78,0,0.07834471922610843,0.12385962264239789,100000,low_uniform,5134
5094,500,56.93897163053055,22.668,24.012,672,74,0,0.07830554686649538,0.12637380252033473,100000,rush_hour,5135
5095,119,-90.87152748994417,54.747899159663866,56.09243697478992,160,11,1,0.07826639409306213,0.1282493319331097,100000,high_uniform,5136
5096,500,-4.506994707043742,4.012,4.4,194,83,0,0.0782272608960156,0.12810899138450624,100000,low_uniform,5137
5097,500,52.41815472931672,24.872,26.242,685,72,0,0.0781881472655676,0.12564127275347708,100000,uneven,5138
5098,500,85.34991853544342,12.242,13.342,550,93,0,0.07814905319193481,0.12630483476817608,100000,uniform_medium,5139
5099,500,71.84960580690735,21.76,23.112,676,74,0,0.07810997866533885,0.12602437002956868,100000,rush_hour,5140
5100,500,76.14674903454544,16.002,17.182,590,90,0,0.07807092367600618,0.12298903004825115,100000,uniform_medium,5141
5101,126,-57.24850063143711,44.682539682539684,46.111111111111114,180,17,1,0.07803188821416818,0.12507674943596597,100000,high_uniform,5142
5102,77,-44.50214951547092,35.54545454545455,36.8051948051948,97,13,1,0.0779928722700611,0.12499372380507456,100000,high_uniform,5143
5103,500,108.44447192825024,12.954,14.142,594,87,0,0.07795387583392607,0.1275900564864278,100000,uniform_medium,5144
5104,158,-100.08884256077081,55.64556962025316,57.139240506329116,236,19,1,0.07791489889600911,0.1260912848424308,100000,high_uniform,5145
5105,500,10.068344287476762,3.624,4.006,191,66,0,0.07787594144656111,0.12835169035196303,100000,low_uniform,5146
5106,500,94.23871297374524,19.716,21.068,676,71,0,0.07783700347583783,0.1246514626443386,100000,uneven,5147
5107,500,53.58963947743578,26.926,28.344,709,66,0,0.07779808497409992,0.12557367704063654,100000,uneven,5148
5108,170,-18.40578574304317,25.076470588235296,26.258823529411764,201,23,1,0.07775918593161286,0.11980687086196506,100000,rush_hour,5149
5109,500,82.982168575183,13.582,14.728,573,92,0,0.07772030633864706,0.12524427054822446,100000,uniform_medium,5150
5110,500,76.84998040298268,14.316,15.454,569,90,0,0.07768144618547773,0.12728904953598977,100000,uniform_medium,5151
5111,121,-77.98991660306456,49.46280991735537,50.8099173553719,163,18,1,0.077642605462385,0.13054329624845962,100000,high_uniform,5152
5112,500,45.122120430393224,26.604,27.978,687,70,0,0.07760378415965381,0.1286283678561449,100000,uneven,5153
5113,500,65.69924815416185,22.894,24.228,667,74,0,0.077564982267574,0.12900995582342148,100000,rush_hour,5154
5114,500,9.629923153113047,4.128,4.498,185,59,0,0.07752619977644021,0.12765967006981374,100000,low_uniform,5155
5115,500,69.09566038038484,13.642,14.74,549,97,0,0.07748743667655199,0.12548100452125072,100000,uniform_medium,5156
5116,500,67.13344440614192,13.532,14.616,542,97,0,0.07744869295821372,0.1248499884903431,100000,uniform_medium,5157
5117,500,82.4969641033752,13.272,14.422,575,100,0,0.07740996861173462,0.12477767758816481,100000,uniform_medium,5158
5118,136,-91.96263554442574,55.69117647058823,57.154411764705884,199,15,1,0.07737126362742876,0.12732144549269886,100000,high_uniform,5159
5119,500,69.99295080496688,19.21,20.494,642,82,0,0.07733257799561505,0.12985385026037694,100000,rush_hour,5160
5120,500,4.5567868841842865,4.278,4.684,203,75,0,0.07729391170661724,0.12711559277772905,100000,low_uniform,5161
5121,500,82.91465119116916,19.498,20.802,652,77,0,0.07725526475076394,0.12566576240211724,100000,rush_hour,5162
5122,500,59.9912883847388,21.012,22.306,647,77,0,0.07721663711838857,0.12732265904545784,100000,uneven,5163
5123,500,7.787933320788184,28.032,29.38,674,76,0,0.07717802879982938,0.12542527189850808,100000,uneven,5164
5124,500,103.13931438936571,17.79,19.124,667,75,0,0.07713943978542946,0.12576271457970142,100000,uneven,5165
5125,500,9.561964934934648,3.188,3.592,202,78,0,0.07710087006553674,0.12735844863206147,100000,low_uniform,5166
5126,500,81.68332918456925,19.982,21.294,656,79,0,0.07706231963050399,0.12436325946450233,100000,uneven,5167
5127,500,95.17337557117513,14.426,15.628,601,92,0,0.07702378847068873,0.1268192765042186,100000,uniform_medium,5168
5128,116,-72.47451956523737,51.91379310344828,53.439655172413794,177,13,1,0.07698527657645339,0.12478958667609198,100000,high_uniform,5169
5129,500,95.98811708206591,19.474,20.848,687,72,0,0.07694678393816516,0.12446368040144444,100000,uneven,5170
5130,500,83.38015373894046,20.164,21.506,671,74,0,0.07690831054619608,0.1240825065523386,100000,uneven,5171
5131,500,92.49760649344454,13.23,14.388,579,91,0,0.07686985639092299,0.12384583002328872,100000,uniform_medium,5172
5132,500,92.44490386768464,12.78,13.914,567,91,0,0.07683142146272753,0.1219132881462574,100000,uniform_medium,5173
5133,79,-64.96955824634544,46.9746835443038,48.18987341772152,96,10,1,0.07679300575199617,0.12202843335233157,100000,high_uniform,5174
5134,500,5.8575024224357035,3.228,3.586,179,69,0,0.07675460924912018,0.12422717910259962,100000,low_uniform,5175
5135,500,45.29358785912413,25.924,27.312,694,69,0,0.07671623194449563,0.12162490753829479,100000,uneven,5176
5136,500,1.8376869450218256,3.692,4.114,211,91,0,0.07667787382852338,0.12328255505114794,100000,low_uniform,5177
5137,58,-48.059993212024246,41.793103448275865,43.06896551724138,74,10,1,0.07663953489160913,0.11713136873882392,100000,high_uniform,5178
5138,500,63.24073727397139,21.216,22.508,646,82,0,0.07660121512416333,0.12240914405882358,100000,uneven,5179
5139,500,0.6229665152503919,3.43,3.788,179,75,0,0.07656291451660126,0.1202375829666853,100000,low_uniform,5180
5140,500,-2.9026803574662394,32.994,34.416,711,66,0,0.07652463305934296,0.12414475894719362,100000,rush_hour,5181
5141,500,76.33080169768259,14.66,15.792,566,92,0,0.0764863707428133,0.11839052672684193,100000,uniform_medium,5182
5142,500,-3.8545011509334945,3.738,4.114,188,82,0,0.07644812755744189,0.12163943979889154,100000,low_uniform,5183
5143,500,69.55408692576505,21.716,23.05,667,75,0,0.07640990349366317,0.11878557521104813,100000,uneven,5184
5144,128,-126.4782354646935,60.796875,62.078125,164,19,1,0.07637169854191633,0.12060607539024204,100000,high_uniform,5185
5145,500,42.6955954092157,25.57,26.908,669,72,0,0.07633351269264538,0.12221048693358898,100000,uneven,5186
5146,500,76.05591719871556,21.278,22.588,655,70,0,0.07629534593629905,0.117110402867198,100000,uneven,5187
5147,69,-47.73926645160536,31.81159420289855,32.7536231884058,65,7,1,0.07625719826333091,0.1264773662323537,100000,high_uniform,5188
5148,500,69.25392573549063,20.192,21.508,658,79,0,0.07621906966419925,0.11836996614187956,100000,rush_hour,5189
5149,500,96.13699311614381,11.986,13.122,568,95,0,0.07618096012936716,0.12164908462017775,100000,uniform_medium,5190
5150,109,-27.179638549984126,31.256880733944953,32.642201834862384,151,16,1,0.07614286964930249,0.1221804191623259,100000,high_uniform,5191
5151,500,-8.173488917703741,3.576,3.95,187,87,0,0.07610479821447784,0.1185175010189414,100000,low_uniform,5192
5152,500,68.73078865482998,21.87,23.212,671,75,0,0.07606674581537061,0.12388821095973253,100000,uneven,5193
5153,500,66.03225514227552,14.468,15.584,558,95,0,0.07602871244246293,0.12121318896114826,100000,uniform_medium,5194
5154,500,60.221591024447854,25.474,26.866,696,69,0,0.0759906980862417,0.1185047068297863,100000,uneven,5195
5155,500,63.589198019568315,26.11,27.532,711,67,0,0.07595270273719859,0.11946036693453789,100000,rush_hour,5196
5156,500,58.70531668884139,23.978,25.362,692,73,0,0.07591472638583,0.12062929180264473,100000,rush_hour,5197
5157,431,12.099141644456953,22.661252900232018,23.900232018561486,534,70,1,0.07587676902263708,0.11821257940162916,100000,rush_hour,5198
5158,500,-0.10452732548659749,3.204,3.582,189,83,0,0.07583883063812577,0.1205842093974352,100000,low_uniform,5199
5159,500,12.644031510324083,3.318,3.756,219,84,0,0.07580091122280672,0.11928422559797763,100000,low_uniform,5200
5160,500,8.936571249511633,30.732,32.126,697,66,0,0.07576301076719531,0.11800964878499508,100000,rush_hour,5201
5161,500,68.92317658921195,15.764,16.928,582,92,0,0.07572512926181171,0.12037663019448519,100000,uniform_medium,5202
5162,500,0.8751564851995495,4.568,4.976,204,76,0,0.07568726669718082,0.11861117373406888,100000,low_uniform,5203
5163,500,77.57042698982312,16.844,18.044,600,87,0,0.07564942306383222,0.11587577432394028,100000,uniform_medium,5204
5164,500,24.25309844563661,26.716,28.068,676,74,0,0.07561159835230032,0.11957408650964499,100000,rush_hour,5205
5165,500,56.989267554482936,18.388,19.576,594,90,0,0.07557379255312417,0.12298874220252037,100000,uniform_medium,5206
5166,500,6.8764801955338966,3.666,4.056,195,73,0,0.07553600565684761,0.11994365546107293,100000,low_uniform,5207
5167,500,99.36901290593316,18.262,19.578,658,67,0,0.07549823765401918,0.11959936858713627,100000,uneven,5208
5168,500,5.271799525459505,3.964,4.392,214,84,0,0.07546048853519217,0.11842617529630661,100000,low_uniform,5209
5169,500,82.35033253178698,15.286,16.47,592,93,0,0.07542275829092458,0.11938461017608643,100000,uniform_medium,5210
5170,500,7.74780765385592,5.1,5.496,198,57,0,0.07538504691177912,0.1186484974399209,100000,low_uniform,5211
5171,500,68.16768904713496,23.954,25.328,687,71,0,0.07534735438832324,0.11875923369079829,100000,uneven,5212
5172,101,-29.97935438191364,34.46534653465346,35.851485148514854,140,11,1,0.07530968071112908,0.11411342364136536,100000,high_uniform,5213
5173,500,61.03171530698428,24.262,25.644,691,68,0,0.07527202587077352,0.1170204659923911,100000,rush_hour,5214
5174,500,77.06319284633803,15.842,17.018,588,88,0,0.07523438985783813,0.11444188363105058,100000,uniform_medium,5215
5175,500,82.0291924382925,15.942,17.12,589,88,0,0.07519677266290922,0.11340337878465652,100000,uniform_medium,5216
5176,500,4.265509501980542,3.314,3.744,215,92,0,0.07515917427657777,0.11258244325965643,100000,low_uniform,5217
5177,500,93.80865780935969,10.802,11.884,541,96,0,0.07512159468943949,0.11479661922156811,100000,uniform_medium,5218
5178,84,-33.91890976308158,36.42857142857143,37.82142857142857,117,9,1,0.07508403389209478,0.1190846607621227,100000,high_uniform,5219
5179,500,1.90075347323743,3.774,4.166,196,81,0,0.07504649187514874,0.11317894688248634,100000,low_uniform,5220
5180,135,-89.49548895002442,56.51111111111111,57.97037037037037,197,15,1,0.07500896862921116,0.11272491481569079,100000,high_uniform,5221
5181,500,51.17140756009787,24.328,25.676,674,74,0,0.07497146414489657,0.11484922756254673,100000,rush_hour,5222
5182,500,60.83192818309703,23.596,24.94,672,70,0,0.07493397841282412,0.11480394564568996,100000,uneven,5223
5183,500,72.84510084495965,18.158,19.39,616,83,0,0.07489651142361771,0.11712787659466267,100000,uneven,5224
5184,500,42.031109896872,23.098,24.418,660,71,0,0.0748590631679059,0.1187531362697482,100000,rush_hour,5225
5185,500,75.27855504247589,22.158,23.506,674,74,0,0.07482163363632195,0.11648962140083313,100000,uneven,5226
5186,500,117.43147207379762,16.556,17.878,661,75,0,0.0747842228195038,0.11655851723998785,100000,uneven,5227
5187,500,26.98559429250436,29.966,31.388,711,66,0,0.07474683070809404,0.11589700315892697,100000,rush_hour,5228
5188,500,9.23028746830645,2.77,3.158,194,78,0,0.07470945729274,0.1164672304391861,100000,low_uniform,5229
5189,500,90.49466557430127,18.428,19.722,647,77,0,0.07467210256409364,0.11539387769252062,100000,rush_hour,5230
5190,500,88.34808826249292,12.66,13.794,567,92,0,0.07463476651281159,0.11564665240794421,100000,uniform_medium,5231
5191,500,54.664449635264376,26.424,27.83,703,67,0,0.07459744912955518,0.11658170277625322,100000,uneven,5232
5192,500,100.65863348586436,21.058,22.462,702,66,0,0.07456015040499041,0.11531434328854084,100000,rush_hour,5233
5193,74,-59.66695641832047,44.945945945945944,46.25675675675676,97,9,1,0.07452287032978791,0.11896694124349065,100000,high_uniform,5234
5194,500,6.489878771195241,3.032,3.42,194,80,0,0.07448560889462302,0.11645827063173056,100000,low_uniform,5235
5195,500,89.6343604013563,12.878,14.012,567,93,0,0.07444836609017572,0.11445363041758537,100000,uniform_medium,5236
5196,106,-43.542757669784265,38.867924528301884,40.216981132075475,143,16,1,0.07441114190713063,0.11137116686353143,100000,high_uniform,5237
5197,500,60.10697015988992,22.194,23.498,652,70,0,0.07437393633617707,0.11605552141368389,100000,rush_hour,5238
5198,500,66.5997736596297,23.092,24.446,677,77,0,0.07433674936800899,0.1122567961215973,100000,rush_hour,5239
5199,111,-47.656539736251254,41.78378378378378,43.270270270270274,165,13,1,0.074299580993325,0.11274777661572706,100000,high_uniform,5240
5200,500,-91.92898718150322,41.164,42.564,700,69,0,0.07426243120282834,0.11735269206017256,100000,rush_hour,5241
5201,91,-66.95768959468312,44.79120879120879,46.08791208791209,118,16,1,0.07422529998722693,0.11294242674177819,100000,high_uniform,5242
5202,126,-45.51173582410696,45.007936507936506,46.57142857142857,197,12,1,0.07418818733723333,0.11135415218415715,100000,high_uniform,5243
5203,500,66.27859202243285,20.928,22.234,653,76,0,0.07415109324356471,0.11889405170828105,100000,rush_hour,5244
5204,500,30.01062480062551,27.098,28.454,678,73,0,0.07411401769694294,0.11820520030707121,100000,uneven,5245
5205,62,-60.63553508898539,45.564516129032256,46.774193548387096,75,10,1,0.07407696068809447,0.1087603337101398,100000,high_uniform,5246
5206,97,-78.11792319362675,52.75257731958763,54.16494845360825,137,10,1,0.07403992220775042,0.12434988991194165,100000,high_uniform,5247
5207,500,63.78478191144486,23.572,24.928,678,76,0,0.07400290224664655,0.11915730886161327,100000,uneven,5248
5208,500,40.70969619823245,24.266,25.588,661,79,0,0.07396590079552323,0.12097052593529224,100000,uneven,5249
5209,107,-33.27901419702012,36.598130841121495,38.14018691588785,165,12,1,0.07392891784512548,0.12468250430075922,100000,high_uniform,5250
5210,500,4.234950101275505,3.464,3.868,202,82,0,0.07389195338620293,0.1245852103382349,100000,low_uniform,5251
5211,500,4.287345379143037,3.434,3.77,168,63,0,0.07385500740950983,0.12131036234647036,100000,low_uniform,5252
5212,500,1.9183214441476737,2.99,3.368,189,84,0,0.07381807990580508,0.12090616858750582,100000,low_uniform,5253
5213,111,-76.32784321273726,47.369369369369366,48.612612612612615,138,18,1,0.07378117086585217,0.12115233552616995,100000,high_uniform,5254
5214,401,-19.01612913879953,31.271820448877804,32.61596009975062,539,53,1,0.07374428028041925,0.1214641572679962,100000,uneven,5255
5215,500,60.19727815328076,22.982,24.326,672,70,0,0.07370740814027904,0.12059902419149876,100000,rush_hour,5256
5216,500,70.08120098814484,18.652,19.888,618,85,0,0.0736705544362089,0.12023273928463458,100000,uniform_medium,5257
5217,500,33.017191666458984,24.81,26.116,653,78,0,0.0736337191589908,0.12284926760196686,100000,uneven,5258
5218,500,87.69338031892357,19.798,21.146,674,73,0,0.07359690229941132,0.12070521219074726,100000,uneven,5259
5219,500,-5.344863349654725,3.692,4.11,209,98,0,0.07356010384826162,0.1196570437848568,100000,low_uniform,5260
5220,500,83.20804778105264,12.488,13.606,559,95,0,0.07352332379633748,0.1194169630855322,100000,uniform_medium,5261
5221,500,63.87737068401428,14.414,15.504,545,94,0,0.07348656213443931,0.11897804920375347,100000,uniform_medium,5262
5222,500,82.97186396632496,21.624,22.996,686,71,0,0.0734498188533721,0.12273267780989408,100000,rush_hour,5263
5223,500,56.4225225372754,22.492,23.85,679,76,0,0.0734130939439454,0.12393607444316149,100000,rush_hour,5264
5224,500,53.87316597183716,22.128,23.426,649,81,0,0.07337638739697344,0.1217972495406866,100000,rush_hour,5265
5225,88,-72.1513411289034,49.42045454545455,50.67045454545455,110,11,1,0.07333969920327496,0.12718077981844544,100000,high_uniform,5266
5226,104,-45.29917400228331,43.81730769230769,45.30769230769231,155,13,1,0.07330302935367333,0.11864652241078708,100000,high_uniform,5267
5227,500,84.25636917994336,13.452,14.566,557,86,0,0.0732663778389965,0.11794813020527363,100000,uniform_medium,5268
5228,500,77.18786550851823,22.192,23.546,677,73,0,0.073229744650077,0.12068274845927954,100000,uneven,5269
5229,500,-0.1409761722375873,3.874,4.276,201,80,0,0.07319312977775197,0.11739013212919235,100000,low_uniform,5270
5230,500,98.19749765227635,12.726,13.886,580,91,0,0.0731565332128631,0.11763269241154194,100000,uniform_medium,5271
5231,500,-0.87169148175429,2.8,3.166,183,86,0,0.07311995494625667,0.11570481890439988,100000,low_uniform,5272
5232,97,-57.188067481276846,46.30927835051546,47.71134020618557,136,11,1,0.07308339496878355,0.11247898891721804,100000,high_uniform,5273
5233,500,84.83556056464123,12.428,13.562,567,98,0,0.07304685327129916,0.11529229623824358,100000,uniform_medium,5274
5234,500,-6.702879041886328,3.338,3.716,189,89,0,0.07301032984466352,0.11671793538331986,100000,low_uniform,5275
5235,500,92.13018443767399,15.49,16.714,612,86,0,0.07297382467974119,0.11636845780909061,100000,uniform_medium,5276
5236,500,85.54793596694874,18.174,19.464,645,80,0,0.07293733776740131,0.1154677106514573,100000,rush_hour,5277
5237,63,-52.236596093593086,43.507936507936506,44.80952380952381,82,11,1,0.07290086909851762,0.11308377993012232,100000,high_uniform,5278
5238,500,43.36381585788182,26.718,28.092,687,73,0,0.07286441866396837,0.1153337405025959,100000,rush_hour,5279
5239,500,62.88920539973364,22.156,23.492,668,77,0,0.07282798645463638,0.11581828072667122,100000,rush_hour,5280
5240,500,62.37445636993149,22.194,23.55,678,74,0,0.07279157246140906,0.11689265266805887,100000,rush_hour,5281
5241,500,81.1974249793332,12.524,13.632,554,96,0,0.07275517667517836,0.11764572835713626,100000,uniform_medium,5282
5242,500,60.10063040081147,24.154,25.52,683,75,0,0.07271879908684077,0.11829020328819752,100000,rush_hour,5283
5243,500,38.30629421510224,25.712,27.068,678,73,0,0.07268243968729736,0.11608581839501858,100000,rush_hour,5284
5244,500,71.37652584201143,16.858,18.098,620,86,0,0.07264609846745372,0.11595465131103992,100000,rush_hour,5285
5245,500,86.97015890861931,15.24,16.426,593,88,0,0.07260977541822,0.1146546965315938,100000,uniform_medium,5286
5246,500,77.71522072026643,14.698,15.842,572,91,0,0.0725734705305109,0.11411576277762651,100000,uniform_medium,5287
5247,171,-59.81417888733524,42.35672514619883,43.771929824561404,242,24,1,0.07253718379524565,0.11723213740869572,100000,high_uniform,5288
5248,500,72.5181178038093,19.082,20.372,645,82,0,0.07250091520334803,0.1167645921856165,100000,rush_hour,5289
5249,500,49.71686133649132,24.712,26.086,687,69,0,0.07246466474574637,0.11836167453974486,100000,rush_hour,5290
5250,85,-71.1204391178271,50.44705882352941,51.72941176470588,109,11,1,0.0724284324133735,0.11252526956446031,100000,high_uniform,5291
5251,500,9.20430137150731,3.828,4.226,199,70,0,0.07239221819716682,0.11620798748731613,100000,low_uniform,5292
5252,113,-69.23406998769173,50.336283185840706,51.78761061946903,164,13,1,0.07235602208806824,0.1126070433024284,100000,high_uniform,5293
5253,500,82.74086920094702,19.814,21.14,663,73,0,0.07231984407702421,0.1159202673882246,100000,uneven,5294
5254,134,-72.98409744921561,50.91044776119403,52.38805970149254,198,15,1,0.0722836841549857,0.1151443772685172,100000,high_uniform,5295
5255,500,70.74717845448758,14.384,15.534,575,98,0,0.07224754231290821,0.11918299752473831,100000,uniform_medium,5296
5256,500,35.05279719093873,24.96,26.262,651,82,0,0.07221141854175177,0.12011528338491917,100000,uniform_medium,5297
5257,500,15.194710068618555,3.55,3.956,203,69,0,0.0721753128324809,0.11953678552806378,100000,low_uniform,5298
5258,500,90.6686759582492,15.03,16.224,597,88,0,0.07213922517606466,0.11631449618190527,100000,uniform_medium,5299
5259,500,83.2152614075053,22.372,23.754,691,70,0,0.07210315556347664,0.11693967147171497,100000,uneven,5300
5260,500,64.31427669427468,16.628,17.802,587,91,0,0.07206710398569491,0.11697255728393793,100000,uniform_medium,5301
5261,500,26.554492066943524,27.136,28.502,683,72,0,0.07203107043370206,0.11446518847346306,100000,rush_hour,5302
5262,500,4.5121578237032685,3.082,3.504,211,93,0,0.07199505489848522,0.11529295736551284,100000,low_uniform,5303
5263,83,-64.38595360950924,46.66265060240964,47.963855421686745,108,12,1,0.07195905737103599,0.11555464081017368,100000,high_uniform,5304
5264,112,-63.08239424256757,41.098214285714285,42.339285714285715,139,17,1,0.07192307784235047,0.11670406728184649,100000,high_uniform,5305
5265,500,75.70419391070897,24.01,25.43,710,68,0,0.0718871163034293,0.11771470019221306,100000,rush_hour,5306
5266,500,72.71622347060224,19.506,20.776,635,77,0,0.07185117274527758,0.11555775231868029,100000,rush_hour,5307
5267,101,-61.31979192153401,50.13861386138614,51.62376237623762,150,12,1,0.07181524715890494,0.11397299236885391,100000,high_uniform,5308
5268,500,62.57902876809097,22.34,23.67,665,76,0,0.07177933953532549,0.11584884233772755,100000,uneven,5309
5269,500,92.06777566867697,17.716,18.99,637,81,0,0.07174344986555783,0.11470047583431006,100000,uneven,5310
5270,114,-49.54744776427723,43.18421052631579,44.59649122807018,161,13,1,0.07170757814062506,0.12319958334167798,100000,high_uniform,5311
5271,500,-3.3877213912177484,3.778,4.148,185,79,0,0.07167172435155475,0.11575911298394204,100000,low_uniform,5312
5272,97,-72.92531267667009,46.28865979381443,47.51546391752577,119,14,1,0.07163588848937898,0.11442926072889996,100000,high_uniform,5313
5273,500,79.15410624984118,17.862,19.106,622,85,0,0.07160007054513429,0.11566154846549034,100000,uniform_medium,5314
5274,114,-67.77841959231155,48.10526315789474,49.54385964912281,164,15,1,0.07156427050986172,0.1120437833300808,100000,high_uniform,5315
5275,500,7.467774327256794,27.79,29.126,668,74,0,0.07152848837460679,0.11625294960290193,100000,uneven,5316
5276,500,80.2559729334952,15.206,16.394,594,87,0,0.07149272413041949,0.11748601530492306,100000,uniform_medium,5317
5277,500,91.45891599090609,14.936,16.132,598,88,0,0.07145697776835429,0.11844677774608135,100000,uniform_medium,5318
5278,176,-28.159066035348154,32.26704545454545,33.63636363636363,241,26,1,0.07142124927947012,0.11555939451368018,100000,rush_hour,5319
5279,500,81.55503556995146,16.884,18.116,616,87,0,0.07138553865483038,0.11929385894536972,100000,uniform_medium,5320
5280,500,3.092919295117133,4.134,4.532,199,76,0,0.07134984588550297,0.11852060403674841,100000,low_uniform,5321
5281,500,9.028802082125626,28.494,29.818,662,75,0,0.07131417096256022,0.11651211738586426,100000,uneven,5322
5282,500,73.41651587013502,23.426,24.8,687,68,0,0.07127851387707895,0.11716192451119423,100000,uneven,5323
5283,500,47.21322848487473,24.47,25.774,652,70,0,0.07124287462014042,0.11640356653183699,100000,rush_hour,5324
5284,500,79.11586282312582,20.498,21.836,669,74,0,0.07120725318283036,0.11833695297688246,100000,uneven,5325
5285,500,57.90319524887959,24.686,26.06,687,70,0,0.07117164955623895,0.118977908462286,100000,rush_hour,5326
5286,97,-37.29269451527422,38.55670103092783,39.96907216494845,137,13,1,0.07113606373146084,0.11864495553921178,100000,high_uniform,5327
5287,500,93.70180620620243,11.998,13.14,571,91,0,0.0711004956995951,0.12040892530977726,100000,uniform_medium,5328
5288,500,77.31109329922717,19.76,21.068,654,77,0,0.07106494545174531,0.11718439834564924,100000,rush_hour,5329
5289,500,86.495057920272,15.802,17.03,614,90,0,0.07102941297901945,0.12148080131411552,100000,uniform_medium,5330
5290,500,88.54072300376394,11.496,12.6,552,101,0,0.07099389827252994,0.12107090762257576,100000,uniform_medium,5331
5291,500,95.97006310513703,20.162,21.52,679,74,0,0.07095840132339368,0.12319584883749485,100000,rush_hour,5332
5292,500,49.286293798338555,23.292,24.61,659,74,0,0.07092292212273199,0.11768185367435217,100000,rush_hour,5333
5293,500,92.82339712753351,17.862,19.134,636,79,0,0.07088746066167063,0.12091954149305821,100000,uniform_medium,5334
5294,500,58.0251899452881,20.12,21.39,635,80,0,0.0708520169313398,0.11839385711401701,100000,uneven,5335
5295,500,60.80447798476508,21.92,23.24,660,76,0,0.07081659092287414,0.11913186140358448,100000,rush_hour,5336
5296,500,59.444887251129614,22.642,23.954,656,71,0,0.0707811826274127,0.11797625076025725,100000,uneven,5337
5297,500,10.1986537380977,3.144,3.548,202,77,0,0.070745792036099,0.11458874733000994,100000,low_uniform,5338
5298,500,117.56752800532442,17.548,18.91,681,72,0,0.07071041914008096,0.11923275654017926,100000,uneven,5339
5299,500,6.272533194830731,4.164,4.566,201,74,0,0.07067506393051091,0.12096308591216802,100000,low_uniform,5340
5300,500,51.22379698724914,22.942,24.258,658,76,0,0.07063972639854567,0.11643609318137169,100000,rush_hour,5341
5301,500,-0.024574146625759852,3.354,3.718,182,78,0,0.0706044065353464,0.11636507833749056,100000,low_uniform,5342
5302,500,78.3489352920461,20.828,22.18,676,70,0,0.07056910433207873,0.11899517149478198,100000,rush_hour,5343
5303,500,5.056118319561855,3.798,4.192,197,72,0,0.0705338197799127,0.11795701416581869,100000,low_uniform,5344
5304,74,-70.51191362576978,47.891891891891895,48.91891891891892,76,7,1,0.07049855287002275,0.108778394406309,100000,high_uniform,5345
5305,500,93.79949002124758,14.594,15.8,603,90,0,0.07046330359358775,0.11535676537454129,100000,uniform_medium,5346
5306,500,23.882555055553233,26.094,27.424,665,77,0,0.07042807194179096,0.11503969684243202,100000,rush_hour,5347
5307,500,85.11140759677748,14.238,15.42,591,94,0,0.07039285790582007,0.11482533736526966,100000,uniform_medium,5348
5308,500,45.97849921368184,26.032,27.404,686,74,0,0.07035766147686717,0.11716955797374248,100000,uneven,5349
5309,500,6.795331565597531,3.358,3.74,191,74,0,0.07032248264612874,0.11427388139814139,100000,low_uniform,5350
5310,84,-63.01956628977874,48.44047619047619,49.726190476190474,108,9,1,0.07028732140480567,0.11133208431835685,100000,high_uniform,5351
5311,500,89.00489731702056,18.216,19.52,652,82,0,0.07025217774410328,0.11378581420332193,100000,rush_hour,5352
5312,500,62.35231704535397,22.486,23.826,670,74,0,0.07021705165523123,0.1155279195830226,100000,rush_hour,5353
5313,500,82.15006306959783,14.266,15.414,574,88,0,0.07018194312940362,0.11675403982400895,100000,uniform_medium,5354
5314,500,106.76658426654276,13.648,14.848,600,84,0,0.07014685215783893,0.11553017921000719,100000,uniform_medium,5355
5315,81,-62.61418868781176,41.96296296296296,43.148148148148145,96,10,1,0.07011177873176001,0.11498624978610027,100000,high_uniform,5356
5316,125,-71.08145140953219,49.584,50.992,176,13,1,0.07007672284239413,0.11854437553882599,100000,high_uniform,5357
5317,113,-45.03044756025446,43.24778761061947,44.716814159292035,166,11,1,0.07004168448097293,0.1168820222724328,100000,high_uniform,5358
5318,500,4.978019637965941,3.3,3.69,195,79,0,0.07000666363873245,0.1177883662879467,100000,low_uniform,5359
5319,500,77.85483425652502,21.27,22.636,683,76,0,0.0699716603069131,0.11791090574115515,100000,uneven,5360
5320,500,80.01522681346087,13.522,14.658,568,96,0,0.06993667447675965,0.11483766012638807,100000,uniform_medium,5361
5321,500,82.85871496468967,13.516,14.642,563,91,0,0.06990170613952128,0.11649948031455279,100000,uniform_medium,5362
5322,500,29.838997087366412,27.044,28.416,686,68,0,0.06986675528645152,0.11620294513553381,100000,rush_hour,5363
5323,500,82.67161734746487,21.214,22.566,676,67,0,0.0698318219088083,0.11592031844705343,100000,uneven,5364
5324,500,100.35528152554355,14.032,15.234,601,85,0,0.06979690599785389,0.11620439855009318,100000,uniform_medium,5365
5325,500,89.0044283976294,19.72,21.07,675,76,0,0.06976200754485497,0.11599807745963335,100000,rush_hour,5366
5326,500,94.76900653069517,12.624,13.764,570,89,0,0.06972712654108254,0.1187438001036644,100000,uniform_medium,5367
5327,90,-42.540035625933754,39.81111111111111,41.21111111111111,126,10,1,0.069692262977812,0.119904743341936,100000,high_uniform,5368
5328,500,71.91034716142343,15.154,16.292,569,82,0,0.0696574168463231,0.1179134302213788,100000,uniform_medium,5369
5329,500,10.11627072689013,3.492,3.902,205,79,0,0.06962258813789994,0.11590853981673717,100000,low_uniform,5370
5330,82,-39.793575480770365,38.926829268292686,40.31707317073171,114,10,1,0.069587776843831,0.1188025934303679,100000,high_uniform,5371
5331,120,-75.7083722019189,49.275,50.61666666666667,161,14,1,0.06955298295540908,0.11610968308523298,100000,high_uniform,5372
5332,500,83.34319076137895,19.788,21.12,666,77,0,0.06951820646393138,0.11925582315027713,100000,rush_hour,5373
5333,500,88.69029163358297,12.71,13.832,561,91,0,0.06948344736069942,0.1172537935897708,100000,uniform_medium,5374
5334,500,92.71140445358257,18.85,20.176,663,77,0,0.06944870563701908,0.11688371185213327,100000,rush_hour,5375
5335,500,75.23716800737213,22.246,23.596,675,75,0,0.06941398128420057,0.11656646840274335,100000,uneven,5376
5336,500,-0.09399580306911659,2.91,3.34,215,103,0,0.06937927429355847,0.11437921543419362,100000,low_uniform,5377
5337,500,48.272711040609835,26.486,27.86,687,71,0,0.0693445846564117,0.1139177206158638,100000,uneven,5378
5338,61,-47.75672086913808,41.0655737704918,42.295081967213115,75,11,1,0.0693099123640835,0.11383116587263639,100000,high_uniform,5379
5339,500,100.78901775286266,13.212,14.384,586,84,0,0.06927525740790147,0.11491651017218828,100000,uniform_medium,5380
5340,125,-57.148890309451794,42.24,43.648,176,17,1,0.06924061977919753,0.11671742367744446,100000,high_uniform,5381
5341,500,74.23014322074671,16.154,17.316,581,87,0,0.06920599946930793,0.11341337892413139,100000,uniform_medium,5382
5342,500,69.77460942275795,22.148,23.492,672,75,0,0.06917139646957328,0.11616197842359542,100000,uneven,5383
5343,74,-97.80051674948375,55.5945945945946,56.486486486486484,66,8,1,0.0691368107713385,0.1201262359280844,100000,high_uniform,5384
5344,93,-68.72175145350415,46.333333333333336,47.55913978494624,114,17,1,0.06910224236595283,0.11472122459321894,100000,high_uniform,5385
5345,500,81.6830185599021,12.554,13.672,559,95,0,0.06906769124476986,0.11421815113723278,100000,uniform_medium,5386
5346,500,74.08876365982273,14.554,15.696,571,91,0,0.06903315739914748,0.11661796100437641,100000,uniform_medium,5387
5347,145,-87.58193308456605,52.703448275862065,54.13103448275862,207,16,1,0.0689986408204479,0.11191622686797174,100000,high_uniform,5388
5348,98,-70.63852835723486,50.0,51.42857142857143,140,12,1,0.06896414150003768,0.11625306353885301,100000,high_uniform,5389
5349,500,100.11042454657577,14.66,15.872,606,86,0,0.06892965942928767,0.11539412025362253,100000,uniform_medium,5390
5350,120,-60.69312246021666,45.416666666666664,46.791666666666664,165,16,1,0.06889519459957302,0.11185116960356632,100000,high_uniform,5391
5351,500,102.42759479603791,13.888,15.104,608,89,0,0.06886074700227324,0.11395658119767904,100000,uniform_medium,5392
5352,77,-65.38309183772813,45.701298701298704,46.922077922077925,94,11,1,0.0688263166287721,0.11349189029885577,100000,high_uniform,5393
5353,500,10.40076817911873,2.874,3.222,174,65,0,0.06879190347045772,0.11106219299137593,100000,low_uniform,5394
5354,171,-74.29551755005521,45.409356725146196,46.84795321637427,246,18,1,0.06875750751872249,0.1140202754422238,100000,high_uniform,5395
5355,500,95.44290706854753,18.326,19.624,649,78,0,0.06872312876496313,0.11324208843708038,100000,uneven,5396
5356,500,12.116004540860233,30.778,32.208,715,67,0,0.06868876720058065,0.11567774195224047,100000,rush_hour,5397
5357,500,86.90790890441893,19.864,21.18,658,74,0,0.06865442281698036,0.11328498011827469,100000,uneven,5398
5358,500,62.505037708219206,21.928,23.246,659,73,0,0.06862009560557188,0.11817377514392137,100000,uneven,5399
5359,500,20.788887108306596,3.21,3.648,219,75,0,0.06858578555776909,0.11674687709659338,100000,low_uniform,5400
5360,500,68.17293672681441,17.404,18.608,602,90,0,0.06855149266499021,0.11767981584370137,100000,uniform_medium,5401
5361,500,95.71787118494903,18.584,19.898,657,76,0,0.06851721691865771,0.1173912938311696,100000,uneven,5402
5362,500,85.34230784564411,18.228,19.532,652,79,0,0.06848295831019839,0.11729911444336176,100000,rush_hour,5403
5363,135,-79.20415231378804,53.82962962962963,55.28888888888889,197,12,1,0.0684487168310433,0.1163831523447125,100000,high_uniform,5404
5364,500,91.43520400567105,18.824,20.146,661,79,0,0.06841449247262778,0.11760136234015227,100000,rush_hour,5405
5365,500,85.54977271431835,13.044,14.15,553,85,0,0.06838028522639147,0.11497676203399897,100000,uniform_medium,5406
5366,500,9.772922303591947,3.9,4.308,204,71,0,0.06834609508377829,0.11631040576845407,100000,low_uniform,5407
5367,500,6.6783522546651835,3.612,4.0,194,70,0,0.0683119220362364,0.11612771575897932,100000,low_uniform,5408
5368,108,-48.85155262403079,40.425925925925924,41.833333333333336,152,13,1,0.06827776607521828,0.11428707575908413,100000,high_uniform,5409
5369,500,71.41195013442346,23.076,24.466,695,72,0,0.06824362719218068,0.11773069627583027,100000,uneven,5410
5370,500,99.41167843995201,14.71,15.932,611,87,0,0.06820950537858458,0.11706801047176123,100000,uniform_medium,5411
5371,500,91.688468305124,19.722,21.06,669,75,0,0.06817540062589529,0.11205518001317978,100000,uneven,5412
5372,500,88.50158456893901,17.158,18.424,633,83,0,0.06814131292558234,0.11209128557890653,100000,uneven,5413
5373,500,97.74057199519045,14.184,15.39,603,90,0,0.06810724226911956,0.11333955932408571,100000,uniform_medium,5414
5374,500,66.0832953478073,16.68,17.85,585,90,0,0.068073188647985,0.11213693855702878,100000,uniform_medium,5415
5375,500,46.3496480138776,27.894,29.312,709,68,0,0.06803915205366101,0.11356728842109441,100000,uneven,5416
5376,500,-0.4692387223970451,30.302,31.59,644,59,0,0.06800513247763418,0.11365723995864391,100000,uneven,5417
5377,500,7.676840367771484,3.952,4.348,198,70,0,0.06797112991139537,0.11278439934551716,100000,low_uniform,5418
5378,500,89.10650833862051,12.826,13.958,566,93,0,0.06793714434643967,0.11341739378869534,100000,uniform_medium,5419
5379,113,-67.59399057605569,47.47787610619469,48.849557522123895,155,11,1,0.06790317577426645,0.10923999027077076,100000,high_uniform,5420
5380,120,-37.61074139924781,41.8,43.34166666666667,185,13,1,0.06786922418637932,0.11385871414095164,100000,high_uniform,5421
5381,500,2.554027197108887,3.416,3.8,192,79,0,0.06783528957428614,0.11428047476708889,100000,low_uniform,5422
5382,500,82.04294480578696,22.6,23.982,691,69,0,0.067801371929499,0.11575347813218832,100000,rush_hour,5423
5383,500,85.62664653307596,15.176,16.356,590,86,0,0.06776747124353426,0.11212661434710026,100000,uniform_medium,5424
5384,500,73.03786513246028,13.156,14.24,542,94,0,0.06773358750791249,0.11503579612076283,100000,uniform_medium,5425
5385,500,5.479306368343349,3.692,4.074,191,72,0,0.06769972071415853,0.11497820946574211,100000,low_uniform,5426
5386,500,53.093584433885624,23.742,25.08,669,69,0,0.06766587085380145,0.11346016431599855,100000,rush_hour,5427
5387,500,74.53957342737547,17.15,18.362,606,85,0,0.06763203791837455,0.11244317927211524,100000,uniform_medium,5428
5388,500,88.37116913313491,18.34,19.64,650,75,0,0.06759822189941536,0.11200587467849255,100000,rush_hour,5429
5389,97,-43.02123456072308,43.876288659793815,45.41237113402062,149,9,1,0.06756442278846565,0.11518085755638241,100000,high_uniform,5430
5390,500,12.686645209425533,28.176,29.534,679,73,0,0.06753064057707142,0.11589140402525663,100000,rush_hour,5431
5391,500,8.644284791632177,3.576,3.998,211,80,0,0.06749687525678288,0.1135650490373373,100000,low_uniform,5432
5392,500,-0.5274620929599934,3.528,3.922,197,87,0,0.06746312681915449,0.1169684807434678,100000,low_uniform,5433
5393,500,97.6048355434958,18.416,19.742,663,76,0,0.06742939525574491,0.11464898099005222,100000,rush_hour,5434
5394,500,29.461231022469693,26.842,28.216,687,74,0,0.06739568055811705,0.11417553190886974,100000,rush_hour,5435
5395,108,-55.85334006630816,42.629629629629626,43.99074074074074,147,17,1,0.067361982717838,0.10935307680456727,100000,high_uniform,5436
5396,500,-4.733691723899475,3.226,3.596,185,87,0,0.06732830172647908,0.11687124791741371,100000,low_uniform,5437
5397,500,65.02216293429115,23.154,24.516,681,70,0,0.06729463757561584,0.11418869800120592,100000,rush_hour,5438
5398,500,58.506919667007985,19.292,20.534,621,90,0,0.06726099025682804,0.11433940107375383,100000,uniform_medium,5439
5399,500,73.90535014954524,18.232,19.494,631,82,0,0.06722735976169962,0.11691826336830854,100000,rush_hour,5440
5400,500,15.18208466116217,25.916,27.206,645,70,0,0.06719374608181877,0.11562523636966944,100000,rush_hour,5441
5401,500,42.96099568425243,23.294,24.582,644,76,0,0.06716014920877787,0.11522438897937536,100000,rush_hour,5442
5402,500,63.10295814845245,25.25,26.662,706,67,0,0.06712656913417349,0.1170456619784236,100000,uneven,5443
5403,500,49.79018835592096,19.476,20.714,619,86,0,0.06709300584960641,0.11573180452734232,100000,uneven,5444
5404,144,-95.15546041249482,53.173611111111114,54.638888888888886,211,18,1,0.06705945934668162,0.12237488887169296,100000,high_uniform,5445
5405,500,5.829218420265485,3.346,3.758,206,87,0,0.06702592961700828,0.11632940597087145,100000,low_uniform,5446
5406,500,73.17674390557242,14.238,15.378,570,99,0,0.06699241665219978,0.12004473873972893,100000,uniform_medium,5447
5407,500,66.6219761387171,22.056,23.406,675,77,0,0.06695892044387368,0.11910457234084607,100000,uneven,5448
5408,500,85.69116417442133,18.13,19.428,649,79,0,0.06692544098365175,0.11781592430174351,100000,rush_hour,5449
5409,116,-26.048421959313956,34.48275862068966,35.991379310344826,175,14,1,0.06689197826315993,0.11844738283804779,100000,high_uniform,5450
5410,500,83.7653957599586,20.164,21.484,660,69,0,0.06685853227402835,0.11443718659132719,100000,uneven,5451
5411,500,-5.493990521606364,3.29,3.688,199,95,0,0.06682510300789134,0.11657030349969864,100000,low_uniform,5452
5412,103,-61.13100200224596,49.310679611650485,50.74757281553398,148,14,1,0.0667916904563874,0.11651278388442345,100000,high_uniform,5453
5413,108,-47.42946117882863,42.68518518518518,44.129629629629626,156,14,1,0.06675829461115922,0.12578722834587097,100000,high_uniform,5454
5414,500,82.4441274072053,21.86,23.224,682,71,0,0.06672491546385365,0.12050666215270758,100000,rush_hour,5455
5415,500,80.84405721418932,13.76,14.89,565,89,0,0.06669155300612173,0.11784922232478857,100000,uniform_medium,5456
5416,500,106.11686186617968,16.222,17.496,637,81,0,0.06665820722961867,0.11406553464382888,100000,uniform_medium,5457
5417,500,54.18909750904336,19.096,20.286,595,89,0,0.06662487812600386,0.11633199603110551,100000,uniform_medium,5458
5418,500,-1.201985320747632,3.098,3.482,192,85,0,0.06659156568694086,0.11656262361258268,100000,low_uniform,5459
5419,113,-69.90053997403734,48.769911504424776,50.203539823008846,162,14,1,0.06655826990409738,0.11530391951050378,100000,high_uniform,5460
5420,500,104.50631663764155,20.424,21.826,701,68,0,0.06652499076914534,0.11810990548878908,100000,uneven,5461
5421,500,72.2886336383541,19.718,21.028,655,79,0,0.06649172827376076,0.11464241895079613,100000,rush_hour,5462
5422,500,87.11163212959109,19.542,20.854,656,78,0,0.06645848240962389,0.1165309397727251,100000,rush_hour,5463
5423,500,-6.614570891646624,3.97,4.352,191,85,0,0.06642525316841909,0.11511316508054734,100000,low_uniform,5464
5424,500,86.93679894040423,14.906,16.084,589,86,0,0.06639204054183488,0.11619225841015578,100000,uniform_medium,5465
5425,500,85.7475223518296,11.566,12.644,539,93,0,0.06635884452156397,0.11378331912308931,100000,uniform_medium,5466
5426,500,105.64447664045946,12.338,13.508,585,88,0,0.0663256650993032,0.11472543096542358,100000,uniform_medium,5467
5427,500,56.597276772295444,23.518,24.864,673,72,0,0.06629250226675355,0.11409844264388085,100000,rush_hour,5468
5428,500,11.379641747013103,2.884,3.284,200,79,0,0.06625935601562018,0.11493447110801935,100000,low_uniform,5469
5429,500,0.7783798102035357,3.582,3.98,199,84,0,0.06622622633761237,0.11408067103475332,100000,low_uniform,5470
5430,500,76.29399101049877,21.406,22.752,673,74,0,0.06619311322444356,0.1127758974134922,100000,rush_hour,5471
5431,500,53.26261056159806,22.094,23.412,659,77,0,0.06616001666783133,0.11296011240780354,100000,rush_hour,5472
5432,500,100.77516634467659,13.862,15.062,600,87,0,0.06612693665949743,0.115252038449049,100000,uniform_medium,5473
5433,500,90.45227578886163,13.728,14.888,580,92,0,0.06609387319116768,0.11368123481422662,100000,uniform_medium,5474
5434,94,-48.35502542387989,42.9468085106383,44.297872340425535,127,14,1,0.0660608262545721,0.10894512052231646,100000,high_uniform,5475
5435,90,-52.5334942713854,42.36666666666667,43.72222222222222,122,13,1,0.06602779584144482,0.11608762650026215,100000,high_uniform,5476
5436,500,57.96127814456254,20.474,21.772,649,78,0,0.0659947819435241,0.1118820019364357,100000,rush_hour,5477
5437,95,-70.76113864545685,46.810526315789474,48.126315789473686,125,14,1,0.06596178455255233,0.10782345015751688,100000,high_uniform,5478
5438,500,6.986048655093597,3.31,3.688,189,73,0,0.06592880366027606,0.11290171529352665,100000,low_uniform,5479
5439,159,-103.31762679960204,54.41509433962264,55.76100628930818,214,22,1,0.06589583925844593,0.11343318812033665,100000,high_uniform,5480
5440,157,-66.44362079137062,45.31210191082803,46.7515923566879,226,19,1,0.0658628913388167,0.1111475040151435,100000,high_uniform,5481
5441,86,-54.67195776118331,39.5,40.674418604651166,101,13,1,0.0658299598931473,0.11389311862199805,100000,high_uniform,5482
5442,119,-73.33154268883408,51.26890756302521,52.78991596638655,181,13,1,0.06579704491320074,0.11455909945383794,100000,high_uniform,5483
5443,500,108.251213833776,16.148,17.454,653,77,0,0.06576414639074414,0.11490329931676388,100000,rush_hour,5484
5444,500,50.68251960504539,22.018,23.338,660,80,0,0.06573126431754878,0.1141408713310957,100000,rush_hour,5485
5445,500,72.12721106275407,16.85,18.066,608,89,0,0.06569839868539,0.11442771404981614,100000,uniform_medium,5486
5446,500,100.74216174247555,12.176,13.322,573,88,0,0.0656655494860473,0.11164980026334524,100000,uniform_medium,5487
5447,500,113.15480465673367,18.474,19.832,679,72,0,0.06563271671130429,0.11555068825930356,100000,uneven,5488
5448,96,-45.46932357139616,39.6875,41.104166666666664,136,12,1,0.06559990035294865,0.11081113511075576,100000,high_uniform,5489
5449,96,-60.59474523253179,42.135416666666664,43.447916666666664,126,14,1,0.06556710040277218,0.11210484406910837,100000,high_uniform,5490
5450,500,6.363723440688416,3.25,3.67,210,88,0,0.0655343168525708,0.11226168026030063,100000,low_uniform,5491
5451,500,80.90835812367612,13.138,14.248,555,94,0,0.06550154969414453,0.11229893857985734,100000,uniform_medium,5492
5452,500,114.08498437309582,17.352,18.696,672,75,0,0.06546879891929745,0.11205612898617982,100000,uneven,5493
5453,500,-16.31560592522985,37.548,39.036,744,61,0,0.06543606451983781,0.1128132356107235,100000,rush_hour,5494
5454,500,105.5586576161643,18.858,20.216,679,72,0,0.0654033464875779,0.11510552368313075,100000,uneven,5495
5455,500,84.54059345753431,15.374,16.576,601,91,0,0.0653706448143341,0.11372746922075748,100000,uniform_medium,5496
5456,500,4.228198296092223,2.856,3.214,179,76,0,0.06533795949192694,0.11167143047600984,100000,low_uniform,5497
5457,500,-4.666444901016657,3.58,3.972,196,90,0,0.06530529051218098,0.11136642454564571,100000,low_uniform,5498
5458,500,82.99725307766941,15.042,16.23,594,91,0,0.06527263786692489,0.10944691819697619,100000,uniform_medium,5499
5459,83,-74.80108841684876,48.144578313253014,49.36144578313253,101,7,1,0.06524000154799142,0.11566522546920431,100000,high_uniform,5500
5460,500,73.3088369375584,21.74,23.084,672,71,0,0.06520738154721743,0.1104772287979722,100000,rush_hour,5501
5461,500,101.57615162716064,20.634,22.012,689,67,0,0.06517477785644382,0.10939726378768683,100000,rush_hour,5502
5462,500,4.7347638749549255,3.374,3.746,186,74,0,0.0651421904675156,0.11019662818312645,100000,low_uniform,5503
5463,500,99.1708575035406,20.452,21.846,697,69,0,0.06510961937228184,0.11057479415088892,100000,uneven,5504
5464,500,86.66750473148804,14.97,16.144,587,85,0,0.0650770645625957,0.11179297634214162,100000,uniform_medium,5505
5465,500,-5.028746873098663,3.604,3.986,191,87,0,0.0650445260303144,0.11272873901575804,100000,low_uniform,5506
5466,145,-87.63356656827052,56.86896551724138,58.40689655172414,223,16,1,0.06501200376729924,0.11423134153773044,100000,high_uniform,5507
5467,500,0.17344975929852666,4.574,4.978,202,73,0,0.06497949776541559,0.11409511551260948,100000,low_uniform,5508
5468,500,102.65402901315262,13.442,14.634,596,86,0,0.06494700801653289,0.10854642360657453,100000,uniform_medium,5509
5469,157,-72.8599638054282,49.75796178343949,51.254777070063696,235,17,1,0.06491453451252463,0.11060099588457946,100000,high_uniform,5510
5470,500,89.77316326431603,16.076,17.308,616,89,0,0.06488207724526837,0.11061181331425905,100000,uniform_medium,5511
5471,153,-81.9845886426825,50.63398692810458,52.04575163398693,216,21,1,0.06484963620664574,0.1065313575509327,100000,high_uniform,5512
5472,74,-55.669209542779676,42.229729729729726,43.36486486486486,84,5,1,0.06481721138854242,0.10617735397976798,100000,high_uniform,5513
5473,500,70.11111023739062,26.09,27.544,727,63,0,0.06478480278284815,0.11031565141677857,100000,uneven,5514
5474,500,5.068158061156171,3.55,3.892,171,60,0,0.06475241038145672,0.10728218670189381,100000,low_uniform,5515
5475,500,-0.14792890962276983,4.08,4.446,183,70,0,0.064720034176266,0.10622279831022025,100000,low_uniform,5516
5476,123,-54.87943409852924,42.78048780487805,44.27642276422764,184,15,1,0.06468767415917787,0.10864849055443353,100000,high_uniform,5517
5477,500,77.15270596608622,17.634,18.88,623,87,0,0.06465533032209828,0.10888785241544247,100000,uniform_medium,5518
5478,500,86.77718978843919,20.2,21.544,672,71,0,0.06462300265693723,0.11212633012235165,100000,uneven,5519
5479,500,13.769568675075947,3.204,3.622,209,78,0,0.06459069115560875,0.11298844227939844,100000,low_uniform,5520
5480,146,-95.01812921926243,52.19178082191781,53.64383561643836,212,18,1,0.06455839581003095,0.11345154406783516,100000,high_uniform,5521
5481,500,76.76074588263212,18.122,19.392,635,82,0,0.06452611661212594,0.11084866270422936,100000,rush_hour,5522
5482,500,1.083115591354649,3.26,3.622,181,75,0,0.06449385355381988,0.10957372030615807,100000,low_uniform,5523
5483,500,74.94432334515456,14.904,16.064,580,93,0,0.06446160662704298,0.11175670178979635,100000,uniform_medium,5524
5484,500,66.67151526275917,22.836,24.212,688,72,0,0.06442937582372946,0.10894977539032698,100000,rush_hour,5525
5485,169,-62.299749530560646,51.36094674556213,52.9585798816568,270,13,1,0.0643971611358176,0.10934664033485587,100000,high_uniform,5526
5486,500,14.952282921997455,3.68,4.104,212,73,0,0.06436496255524969,0.11203441648185253,100000,low_uniform,5527
5487,500,71.6449557415518,15.178,16.356,589,93,0,0.06433278007397207,0.10793576163053513,100000,uniform_medium,5528
5488,500,75.27011074203392,21.91,23.25,670,71,0,0.06430061368393508,0.1099128629937768,100000,uneven,5529
5489,500,36.45043151286284,27.738,29.14,701,72,0,0.06426846337709312,0.1089449565410614,100000,rush_hour,5530
5490,500,102.92704173503184,13.696,14.894,599,86,0,0.06423632914540457,0.1098746640086174,100000,uniform_medium,5531
5491,128,-38.169457829835025,47.0703125,48.7109375,210,11,1,0.06420421098083187,0.10760539388866164,100000,high_uniform,5532
5492,500,76.24609960080367,19.796,21.114,659,78,0,0.06417210887534146,0.10922518981993198,100000,uneven,5533
5493,500,10.938926607755803,3.4,3.784,192,68,0,0.0641400228209038,0.107863315731287,100000,low_uniform,5534
5494,500,95.79802853322137,15.546,16.77,612,85,0,0.06410795280949334,0.11097169306874276,100000,uniform_medium,5535
5495,500,103.62798604306701,18.592,19.938,673,75,0,0.0640758988330886,0.10759418937563896,100000,uneven,5536
5496,500,5.305995247751296,2.944,3.296,176,71,0,0.06404386088367206,0.11035361605137586,100000,low_uniform,5537
5497,500,73.46851618852511,22.296,23.636,670,71,0,0.06401183895323023,0.10644713713228703,100000,uneven,5538
5498,133,-64.75907822173727,52.067669172932334,53.67669172932331,214,12,1,0.06397983303375362,0.10905438975283974,100000,high_uniform,5539
5499,500,59.20412837545292,22.306,23.6,647,79,0,0.06394784311723675,0.10925095785409213,100000,rush_hour,5540
5500,500,5.2391974509302255,3.904,4.312,204,77,0,0.06391586919567814,0.10653120236843824,100000,low_uniform,5541
5501,500,73.2360675033153,22.008,23.366,679,70,0,0.06388391126108031,0.10420381937175989,100000,rush_hour,5542
5502,500,101.15344849062252,15.526,16.764,619,80,0,0.06385196930544977,0.10735669483989477,100000,uniform_medium,5543
5503,500,11.41244865422176,3.058,3.432,187,68,0,0.06382004332079705,0.10759976559132338,100000,low_uniform,5544
5504,500,85.18212983301622,18.936,20.242,653,79,0,0.06378813329913666,0.10840781255811453,100000,uneven,5545
5505,96,-51.84199701412815,39.052083333333336,40.3125,121,9,1,0.06375623923248709,0.11222655322247495,100000,high_uniform,5546
5506,500,103.30306556907041,16.884,18.17,643,76,0,0.06372436111287084,0.10710658358037471,100000,rush_hour,5547
5507,500,8.564449066626342,4.19,4.596,203,70,0,0.0636924989323144,0.10917751571536063,100000,low_uniform,5548
5508,500,9.453822933682964,4.326,4.728,201,66,0,0.06366065268284825,0.1065812972187996,100000,low_uniform,5549
5509,97,-65.92719139824939,47.45360824742268,48.824742268041234,133,15,1,0.06362882235650683,0.10769834884048737,100000,high_uniform,5550
5510,500,-5.024156398883978,33.438,34.862,712,69,0,0.06359700794532858,0.10746714773774146,100000,rush_hour,5551
5511,80,-50.47110777646403,35.9375,37.075,91,14,1,0.06356520944135592,0.10512574189342558,100000,high_uniform,5552
5512,500,100.00311939317623,19.658,21.014,678,73,0,0.06353342683663525,0.1078698931261897,100000,uneven,5553
5513,500,34.04498424240162,25.34,26.704,682,68,0,0.06350166012321694,0.10839468928426504,100000,rush_hour,5554
5514,500,70.44775787807588,19.658,20.944,643,77,0,0.06346990929315534,0.10879212643951178,100000,rush_hour,5555
5515,82,-80.89032726818408,54.109756097560975,55.40243902439025,106,11,1,0.06343817433850876,0.10861869438028918,100000,high_uniform,5556
5516,500,68.41666511649873,24.818,26.23,706,68,0,0.0634064552513395,0.10864629738777876,100000,uneven,5557
5517,123,-57.4897048654588,37.82113821138211,39.1219512195122,160,20,1,0.06337475202371384,0.10855194656708377,100000,high_uniform,5558
5518,500,97.27796172473818,16.264,17.526,631,82,0,0.063343064647702,0.10964080327749252,100000,uneven,5559
5519,126,-60.868153537591255,50.76190476190476,52.34920634920635,200,11,1,0.06331139311537815,0.11067906226075831,100000,high_uniform,5560
5520,83,-52.78199709037303,49.506024096385545,51.096385542168676,132,6,1,0.06327973741882045,0.10739798080849361,100000,high_uniform,5561
5521,63,-36.22249335433764,36.26984126984127,37.58730158730159,83,7,1,0.06324809755011104,0.1162091495971831,100000,high_uniform,5562
5522,500,81.29561840100867,21.33,22.674,672,74,0,0.063216473501336,0.11120036669820547,100000,uneven,5563
5523,500,76.77098975729132,22.594,23.972,689,69,0,0.06318486526458533,0.11247329311072826,100000,uneven,5564
5524,500,79.42693707638458,20.946,22.288,671,75,0,0.06315327283195304,0.10842972358316183,100000,rush_hour,5565
5525,500,68.42538887280193,25.83,27.246,708,65,0,0.06312169619553708,0.11123806475102901,100000,uneven,5566
5526,500,0.16070966057309632,3.718,4.092,187,73,0,0.06309013534743932,0.1102146775200963,100000,low_uniform,5567
5527,111,-80.92787595572389,56.21621621621622,57.73873873873874,169,11,1,0.0630585902797656,0.11404787057691866,100000,high_uniform,5568
5528,500,84.30424717072798,13.168,14.284,558,93,0,0.06302706098462572,0.1107958581596613,100000,uniform_medium,5569
5529,500,7.834085885913917,4.162,4.54,189,61,0,0.06299554745413341,0.10854985632002354,100000,low_uniform,5570
5530,500,-0.10892715871449779,3.738,4.144,203,86,0,0.06296404968040635,0.10624964458495378,100000,low_uniform,5571
5531,112,-45.69847983236126,40.892857142857146,42.32142857142857,160,13,1,0.06293256765556615,0.10581957801644291,100000,high_uniform,5572
5532,500,92.10120959680573,15.53,16.758,614,83,0,0.06290110137173838,0.10949222452938556,100000,rush_hour,5573
5533,117,-53.762479011911196,43.572649572649574,45.05982905982906,174,14,1,0.06286965082105252,0.10996398613111585,100000,high_uniform,5574
5534,114,-37.29845698903216,42.728070175438596,44.26315789473684,175,12,1,0.06283821599564199,0.10686531809991912,100000,high_uniform,5575
5535,500,3.801455686592792,3.084,3.472,194,83,0,0.06280679688764416,0.10925125999748707,100000,low_uniform,5576
5536,500,69.27719368891667,21.108,22.426,659,79,0,0.06277539348920035,0.10438762906938791,100000,uneven,5577
5537,500,5.076030694233177,3.606,4.004,199,78,0,0.06274400579245575,0.10804536677151919,100000,low_uniform,5578
5538,500,70.52176992505257,22.526,23.9,687,71,0,0.06271263378955952,0.10545470536500215,100000,rush_hour,5579
5539,500,70.52258902300944,21.604,22.958,677,73,0,0.06268127747266475,0.1074034560918808,100000,rush_hour,5580
5540,500,79.18521547434284,20.306,21.646,670,78,0,0.06264993683392842,0.10804961390048265,100000,rush_hour,5581
5541,500,76.40584976767005,12.094,13.172,539,95,0,0.06261861186551146,0.10699331486970186,100000,uniform_medium,5582
5542,500,9.480224313796423,3.522,3.926,202,75,0,0.0625873025595787,0.10251888003200292,100000,low_uniform,5583
5543,500,82.20532573720205,13.586,14.726,570,93,0,0.06255600890829892,0.10812220673263073,100000,uniform_medium,5584
5544,500,97.62248008782677,18.77,20.094,662,72,0,0.06252473090384478,0.10746212378144264,100000,uneven,5585
5545,500,84.04368233607048,14.378,15.544,583,90,0,0.06249346853839286,0.10380424850434065,100000,uniform_medium,5586
5546,500,98.28951070337281,19.894,21.282,694,70,0,0.06246222180412367,0.10895995504409074,100000,rush_hour,5587
5547,500,9.591241505739738,3.578,3.978,200,71,0,0.06243099069322161,0.1052705833092332,100000,low_uniform,5588
5548,500,1.2530897395507345,2.872,3.214,171,74,0,0.062399775197875006,0.10723250240832567,100000,low_uniform,5589
5549,500,89.4296132455479,14.044,15.23,593,93,0,0.06236857531027607,0.10668308804184198,100000,uniform_medium,5590
5550,500,75.69055619036733,22.522,23.914,696,68,0,0.06233739102262094,0.10765775514394045,100000,uneven,5591
5551,500,100.1429621796242,18.29,19.596,653,76,0,0.06230622232710963,0.10579563568532467,100000,uneven,5592
5552,500,85.82561779621601,14.39,15.562,586,92,0,0.06227506921594608,0.10602763963490724,100000,uniform_medium,5593
5553,500,104.60222315254539,18.486,19.844,679,71,0,0.06224393168133811,0.10610816174000502,100000,uneven,5594
5554,500,65.94391176912215,23.642,25.026,692,71,0,0.06221280971549745,0.10887367503345012,100000,uneven,5595
5555,161,-60.65139928916065,48.12422360248447,49.608695652173914,239,17,1,0.0621817033106397,0.1120461203990886,100000,high_uniform,5596
5556,68,-54.04523661402771,39.8235294117647,40.970588235294116,78,9,1,0.062150612458984386,0.11338949696544338,100000,high_uniform,5597
5557,500,6.481875928620692,3.56,3.956,198,76,0,0.062119537152754895,0.11003932999819517,100000,low_uniform,5598
5558,500,97.90731753691979,14.442,15.65,604,83,0,0.06208847738417852,0.10728469035029412,100000,uniform_medium,5599
5559,112,-76.15624686147952,53.598214285714285,55.00892857142857,158,10,1,0.06205743314548643,0.11511876114777156,100000,high_uniform,5600
5560,500,8.682778262446163,3.592,3.96,184,65,0,0.06202640442891369,0.10923449324816466,100000,low_uniform,5601
5561,147,-64.25592747566185,50.585034013605444,52.142857142857146,229,14,1,0.06199539122669923,0.10672587115748398,100000,high_uniform,5602
5562,500,13.322159697697101,4.254,4.686,216,70,0,0.06196439353108588,0.11069876365363598,100000,low_uniform,5603
5563,500,92.58040221402477,18.728,20.03,651,76,0,0.06193341133432034,0.10784965113550425,100000,uneven,5604
5564,500,4.406602038848973,3.648,4.022,187,72,0,0.061902444628653186,0.1087024552822113,100000,low_uniform,5605
5565,500,7.574055075396437,3.552,3.914,181,65,0,0.061871493406338865,0.10666043528169393,100000,low_uniform,5606
5566,500,80.25002165947505,22.954,24.332,689,70,0,0.0618405576596357,0.10588289062678814,100000,uneven,5607
5567,500,81.44098118531029,15.67,16.868,599,86,0,0.06180963738080588,0.10564618019759656,100000,uniform_medium,5608
5568,500,97.26964763379367,15.384,16.598,607,81,0,0.06177873256211548,0.1067827447578311,100000,uniform_medium,5609
5569,500,92.67839357015804,13.788,14.95,581,89,0,0.06174784319583443,0.11101048900932074,100000,uniform_medium,5610
5570,500,80.74918348508687,12.614,13.724,555,93,0,0.06171696927423651,0.10459397649765015,100000,uniform_medium,5611
5571,500,72.16207905695023,25.234,26.656,711,68,0,0.061686110789599395,0.10717525582760573,100000,uneven,5612
5572,500,83.03298666821257,22.252,23.64,694,69,0,0.0616552677342046,0.10651917389035225,100000,uneven,5613
5573,500,98.22679844739565,13.174,14.352,589,93,0,0.0616244401003375,0.10911101826280356,100000,uniform_medium,5614
5574,500,103.31578577446626,20.594,22.016,711,67,0,0.061593627880287334,0.10740936601907015,100000,uneven,5615
5575,500,73.60099333501964,23.34,24.722,691,70,0,0.0615628310663472,0.10651185428351163,100000,uneven,5616
5576,148,-52.98152983917698,43.986486486486484,45.479729729729726,221,14,1,0.061532049650814026,0.10477651992963778,100000,high_uniform,5617
5577,108,-56.42159806418469,38.69444444444444,40.0,141,17,1,0.061501283625988626,0.10963239137911135,100000,high_uniform,5618
5578,500,30.660833870275173,27.838,29.222,692,67,0,0.06147053298417564,0.1082579276561737,100000,rush_hour,5619
5579,102,-76.61885389472243,57.411764705882355,58.911764705882355,153,12,1,0.061439797717683556,0.11096405241565377,100000,high_uniform,5620
5580,500,82.9165975914388,13.336,14.468,566,91,0,0.061409077818824716,0.10679490205645562,100000,uniform_medium,5621
5581,98,-85.86879074021235,56.16326530612245,57.52040816326531,133,11,1,0.061378373279915306,0.1034857202321291,100000,high_uniform,5622
5582,500,75.42154143731236,23.338,24.728,695,65,0,0.06134768409327535,0.10769520208239555,100000,rush_hour,5623
5583,500,85.72755181690096,18.644,19.932,644,79,0,0.06131701025122872,0.10649008494615554,100000,uneven,5624
5584,500,0.11952550790996819,3.42,3.786,183,79,0,0.061286351746103106,0.10707180557399988,100000,low_uniform,5625
5585,119,-57.15937338324055,46.09243697478992,47.53781512605042,172,15,1,0.06125570857023006,0.10068460366054743,100000,high_uniform,5626
5586,500,93.87162205967407,20.542,21.904,681,68,0,0.06122508071594494,0.10781983627378941,100000,uneven,5627
5587,500,86.49664766755701,13.794,14.962,584,92,0,0.06119446817558698,0.10869892363250255,100000,uniform_medium,5628
5588,500,84.40755158816624,20.792,22.152,680,72,0,0.061163870941499186,0.10635260123759509,100000,rush_hour,5629
5589,500,48.990843689661915,22.63,23.964,667,76,0,0.06113328900602844,0.1065574468895793,100000,rush_hour,5630
5590,500,56.72006571864367,23.968,25.318,675,70,0,0.06110272236152543,0.10779557209461928,100000,rush_hour,5631
5591,500,10.841451956374703,3.71,4.172,231,91,0,0.06107217100034467,0.10981899355351925,100000,low_uniform,5632
5592,105,-53.820851545156415,44.93333333333333,46.39047619047619,153,13,1,0.0610416349148445,0.10858024663868404,100000,high_uniform,5633
5593,131,-74.08731468102502,51.38167938931298,52.88549618320611,197,14,1,0.06101111409738708,0.11174866386497294,100000,high_uniform,5634
5594,500,86.50522393453971,21.95,23.334,692,71,0,0.06098060854033839,0.10614286822080612,100000,uneven,5635
5595,500,85.80600067706253,19.7,21.03,665,76,0,0.060950118236068225,0.10863685718178749,100000,rush_hour,5636
5596,500,87.81683607285102,12.204,13.312,554,94,0,0.06091964317695019,0.10690577130019664,100000,uniform_medium,5637
5597,162,-89.04561378404468,57.02469135802469,58.55555555555556,248,11,1,0.06088918335536172,0.10882516644527147,100000,high_uniform,5638
5598,500,87.82766675126378,17.968,19.248,640,78,0,0.06085873876368404,0.1040539779663086,100000,uneven,5639
5599,500,87.2915854024664,21.954,23.318,682,68,0,0.060828309394302206,0.10676167669892311,100000,uneven,5640
5600,500,101.47620950020777,19.538,20.914,688,73,0,0.060797895239605056,0.10687899877130985,100000,uneven,5641
5601,500,95.85880039327547,12.362,13.51,574,95,0,0.06076749629198526,0.10732913316041232,100000,uniform_medium,5642
5602,500,52.72241012240477,24.576,25.936,680,73,0,0.06073711254383927,0.10478520603477955,100000,rush_hour,5643
5603,500,7.455334820576643,3.978,4.376,199,70,0,0.060706743987567355,0.1058865936845541,100000,low_uniform,5644
5604,134,-58.07548172234884,47.08955223880597,48.634328358208954,207,15,1,0.060676390615573575,0.11120637984418158,100000,high_uniform,5645
5605,500,96.96603010659479,20.806,22.174,684,68,0,0.06064605242026579,0.10730531506985426,100000,uneven,5646
5606,500,-1.3129278895091436,3.728,4.14,206,89,0,0.06061572939405566,0.10447562512755394,100000,low_uniform,5647
5607,106,-60.486401635810225,44.35849056603774,45.735849056603776,146,10,1,0.06058542152935864,0.108680715995296,100000,high_uniform,5648
5608,97,-40.946374004026985,44.381443298969074,45.93814432989691,151,9,1,0.06055512881859396,0.10310866779734179,100000,high_uniform,5649
5609,500,97.16754670569767,19.822,21.178,678,73,0,0.06052485125418467,0.10659945873171091,100000,uneven,5650
5610,500,5.81751177060934,2.66,3.032,186,78,0,0.06049458882855758,0.10513283628225327,100000,low_uniform,5651
5611,500,92.66400185660827,12.906,14.04,567,88,0,0.060464341534143304,0.10851363448053598,100000,uniform_medium,5652
5612,500,78.9723004299396,16.25,17.448,599,86,0,0.06043410936337624,0.10621505481004714,100000,uniform_medium,5653
5613,500,84.50205848258312,21.848,23.236,694,69,0,0.06040389230869456,0.1068915367424488,100000,uneven,5654
5614,500,98.97992301891796,13.694,14.888,597,90,0,0.060373690362540214,0.10610129680484533,100000,uniform_medium,5655
5615,96,-71.14781793018685,51.8125,53.322916666666664,145,11,1,0.06034350351735895,0.10981060358850907,100000,high_uniform,5656
5616,500,80.38353677921911,18.992,20.27,639,79,0,0.06031333176560027,0.10620458512753249,100000,uneven,5657
5617,500,112.0236090531682,19.732,21.124,696,69,0,0.06028317509971747,0.11126430465281009,100000,uneven,5658
5618,500,10.084083935675183,3.698,4.094,198,69,0,0.06025303351216762,0.10978426015377045,100000,low_uniform,5659
5619,500,104.01079238102223,17.782,19.11,664,72,0,0.06022290699541154,0.10726071563363075,100000,rush_hour,5660
5620,500,7.851702305452875,3.506,3.908,201,78,0,0.060192795541913834,0.10744569032639265,100000,low_uniform,5661
5621,500,7.114416229625206,3.852,4.274,211,77,0,0.06016269914414288,0.10790120494365692,100000,low_uniform,5662
5622,500,12.15121720518051,4.184,4.612,214,73,0,0.06013261779457081,0.10356641713529825,100000,low_uniform,5663
5623,500,65.2026138750525,18.98,20.22,620,82,0,0.060102551485673526,0.10576181504875422,100000,uniform_medium,5664
5624,500,69.72824526910578,22.504,23.846,671,73,0,0.06007250020993069,0.10443785240501166,100000,rush_hour,5665
5625,500,87.56775273133329,14.844,16.036,596,91,0,0.06004246395982573,0.10742857819050551,100000,uniform_medium,5666
5626,500,110.82429517965687,20.514,21.93,708,65,0,0.06001244272784582,0.10750566910207271,100000,uneven,5667
5627,93,-28.141878748541355,35.645161290322584,37.11827956989247,137,11,1,0.0599824365064819,0.109912776979067,100000,high_uniform,5668
5628,500,5.795908850918083,3.616,4.034,209,84,0,0.05995244528822866,0.10645077290385961,100000,low_uniform,5669
5629,91,-44.32357230203614,42.417582417582416,43.89010989010989,134,10,1,0.05992246906558455,0.1044816554083929,100000,high_uniform,5670
5630,500,5.051392532082761,3.832,4.238,203,80,0,0.05989250783105176,0.10417786403745413,100000,low_uniform,5671
5631,88,-61.56661371393475,50.60227272727273,52.02272727272727,125,10,1,0.059862561577136236,0.10368762448938056,100000,high_uniform,5672
5632,119,-67.98257280667936,50.18487394957983,51.69747899159664,180,12,1,0.05983263029634767,0.10696923967544772,100000,high_uniform,5673
5633,116,-81.570346269511,55.043103448275865,56.474137931034484,166,17,1,0.059802713981199504,0.10379169621215813,100000,high_uniform,5674
5634,500,94.58527030337605,13.452,14.618,583,87,0,0.05977281262420891,0.1061950965449214,100000,uniform_medium,5675
5635,500,58.92538820953401,22.644,23.972,664,71,0,0.059742926217896807,0.10779435770958662,100000,uneven,5676
5636,99,-58.314874720286056,41.74747474747475,42.95959595959596,120,9,1,0.05971305475478786,0.10011218898374626,100000,high_uniform,5677
5637,500,82.26784677260567,14.01,15.166,578,92,0,0.059683198227410465,0.10195762782543898,100000,uniform_medium,5678
5638,101,-50.76201009251991,43.08910891089109,44.554455445544555,148,12,1,0.059653356628296766,0.10603664225280875,100000,high_uniform,5679
5639,500,12.093166725709008,2.984,3.428,222,93,0,0.05962352994998262,0.10723948349058628,100000,low_uniform,5680
5640,500,91.95932479980141,19.918,21.268,675,75,0,0.05959371818500763,0.10858697044849396,100000,rush_hour,5681
5641,500,93.30386239295154,16.336,17.578,621,82,0,0.059563921325915134,0.10786308157444001,100000,uneven,5682
5642,500,84.39540995506172,14.57,15.748,589,88,0,0.05953413936525218,0.10448585173487664,100000,uniform_medium,5683
5643,500,10.008607014383555,30.28,31.678,699,69,0,0.05950437229556956,0.10573030369728803,100000,uneven,5684
5644,500,71.86094885908736,20.03,21.34,655,78,0,0.05947462010942178,0.1074741609171033,100000,uneven,5685
5645,500,34.90008604650655,26.544,27.9,678,74,0,0.05944488279936708,0.1090578767284751,100000,uneven,5686
5646,500,4.704692430507279,4.012,4.406,197,72,0,0.05941516035796739,0.10710774254053831,100000,low_uniform,5687
5647,500,98.01801505583549,17.362,18.666,652,77,0,0.059385452777788415,0.10770514834672212,100000,rush_hour,5688
5648,500,74.26674435787534,22.594,23.962,684,73,0,0.059355760051399524,0.1072485664486885,100000,rush_hour,5689
5649,500,41.56677662562296,22.068,23.368,650,80,0,0.05932608217137383,0.10910549582540989,100000,rush_hour,5690
5650,500,82.70355085737162,20.802,22.158,678,69,0,0.059296419130288144,0.1082734955996275,100000,rush_hour,5691
5651,500,89.45040529874451,17.814,19.084,635,75,0,0.059266770920723,0.10979762588441372,100000,rush_hour,5692
5652,500,78.17901868040448,20.326,21.634,654,74,0,0.05923713753526264,0.10868110471218824,100000,uneven,5693
5653,500,2.9040567028859936,3.858,4.23,186,71,0,0.05920751896649502,0.1077092214524746,100000,low_uniform,5694
5654,102,-60.99135453004432,47.794117647058826,49.26470588235294,150,10,1,0.05917791520701177,0.10456809715605249,100000,high_uniform,5695
5655,500,78.09916064175792,12.0,13.096,548,97,0,0.05914832624940827,0.10880113662779331,100000,uniform_medium,5696
5656,500,107.40085080555328,14.652,15.9,624,86,0,0.059118752086283574,0.10806673064082861,100000,uniform_medium,5697
5657,500,78.63833523964134,19.22,20.508,644,71,0,0.059089192710240435,0.1054040312319994,100000,rush_hour,5698
5658,500,53.80876492788333,24.772,26.128,678,70,0,0.05905964811388532,0.10580589661747217,100000,rush_hour,5699
5659,110,-79.25975435455399,58.43636363636364,59.99090909090909,171,11,1,0.059030118289828376,0.10949207666245374,100000,high_uniform,5700
5660,500,95.67323693701978,19.382,20.754,686,67,0,0.059000603230683464,0.10721825691312552,100000,uneven,5701
5661,500,-0.1217788605786812,3.486,3.85,182,76,0,0.058971102929068125,0.11236521258950233,100000,low_uniform,5702
5662,500,91.98745261111635,11.786,12.876,545,88,0,0.058941617377603596,0.10903869090229273,100000,uniform_medium,5703
5663,500,62.485082502874654,22.066,23.422,678,74,0,0.058912146568914796,0.1101224281936884,100000,rush_hour,5704
5664,76,-83.33474621452295,53.44736842105263,54.5921052631579,87,15,1,0.058882690495630344,0.10085098636581709,100000,high_uniform,5705
5665,71,-35.363907944979786,32.901408450704224,34.070422535211264,83,6,1,0.05885324915038253,0.11025890120318238,100000,high_uniform,5706
5666,121,-75.48646607729101,53.611570247933884,55.12396694214876,183,13,1,0.05882382252580734,0.10911483705536393,100000,high_uniform,5707
5667,500,101.2269833867455,16.094,17.356,631,78,0,0.05879441061454444,0.10765645596385003,100000,uniform_medium,5708
5668,500,68.56072322733212,22.076,23.442,683,69,0,0.05876501340923717,0.10920175513625145,100000,rush_hour,5709
5669,500,111.98857324581465,19.278,20.66,691,69,0,0.05873563090253255,0.11057869040966034,100000,uneven,5710
5670,500,79.123476556939,20.25,21.566,658,71,0,0.05870626308708129,0.11090206977725028,100000,uneven,5711
5671,500,92.32952577270902,12.444,13.574,565,93,0,0.05867690995553775,0.10934963976591826,100000,uniform_medium,5712
5672,500,94.6637159263281,16.87,18.15,640,78,0,0.058647571500559985,0.1104420058503747,100000,uneven,5713
5673,500,74.98567773128609,19.018,20.316,649,82,0,0.05861824771480971,0.1116843112334609,100000,rush_hour,5714
5674,500,102.82682904694819,18.894,20.258,682,72,0,0.05858893859095231,0.10524741383641958,100000,uneven,5715
5675,120,-63.668173049696364,50.391666666666666,51.94166666666667,186,11,1,0.05855964412165684,0.11072290632873774,100000,high_uniform,5716
5676,500,84.9856809684957,16.628,17.868,620,84,0,0.058530364299596016,0.11278017514944076,100000,uniform_medium,5717
5677,109,-55.588170135236005,43.972477064220186,45.44954128440367,161,13,1,0.05850109911744622,0.11336914094489649,100000,high_uniform,5718
5678,500,91.20736517381678,16.122,17.346,612,84,0,0.0584718485678875,0.11268803430348635,100000,uniform_medium,5719
5679,500,97.58997557382287,22.256,23.672,708,65,0,0.05844261264360356,0.11634798619151115,100000,uneven,5720
5680,500,15.950242198411878,3.93,4.344,207,65,0,0.05841339133728176,0.11632760202139616,100000,low_uniform,5721
5681,500,14.324304456227052,2.878,3.262,192,70,0,0.05838418464161312,0.11569174806028605,100000,low_uniform,5722
5682,500,77.3657155270009,19.546,20.84,647,80,0,0.05835499254929232,0.11197741438448429,100000,uneven,5723
5683,500,100.60770378969616,12.956,14.124,584,91,0,0.05832581505301768,0.11001141393184662,100000,uniform_medium,5724
5684,104,-53.28334502502176,43.25961538461539,44.66346153846154,146,14,1,0.05829665214549117,0.11083649335285792,100000,high_uniform,5725
5685,109,-56.86816176905356,41.211009174311926,42.55045871559633,146,17,1,0.05826750381941843,0.11451456518074789,100000,high_uniform,5726
5686,123,-44.56104979163265,40.040650406504064,41.49593495934959,179,14,1,0.05823837006750872,0.11525915890205198,100000,high_uniform,5727
5687,500,92.69627973392954,21.018,22.398,690,70,0,0.058209250882474965,0.10894567554444075,100000,uneven,5728
5688,500,96.28861522519091,11.61,12.736,563,90,0,0.05818014625703373,0.11165530081093311,100000,uniform_medium,5729
5689,500,108.00043366601481,16.236,17.536,650,77,0,0.05815105618390522,0.11167736640572548,100000,uneven,5730
5690,500,76.96826115017376,13.554,14.634,540,83,0,0.05812198065581327,0.11269393125921488,100000,uniform_medium,5731
5691,500,82.50139834261843,17.052,18.294,621,89,0,0.05809291966548537,0.11215257197618485,100000,uniform_medium,5732
5692,174,-93.37875663917654,52.09770114942529,53.5632183908046,255,20,1,0.05806387320565263,0.11916044037575009,100000,high_uniform,5733
5693,500,66.12056114908097,22.76,24.14,690,71,0,0.05803484126904981,0.11244865983724595,100000,rush_hour,5734
5694,500,93.4672856681663,14.514,15.686,586,83,0,0.05800582384841529,0.1089706909507513,100000,uniform_medium,5735
5695,101,-54.541688527728816,49.336633663366335,50.86138613861386,154,8,1,0.057976820936491084,0.10900287130976667,100000,high_uniform,5736
5696,500,7.028104254819797,3.718,4.098,190,69,0,0.05794783252602284,0.1118138981834054,100000,low_uniform,5737
5697,500,15.622281294507886,3.366,3.784,209,75,0,0.05791885860975983,0.11066156344860792,100000,low_uniform,5738
5698,500,99.50423955780211,15.908,17.192,642,83,0,0.05788989918045495,0.10867390095442533,100000,uneven,5739
5699,500,126.39421364752268,19.126,20.548,711,65,0,0.05786095423086473,0.11064638592302799,100000,uneven,5740
5700,500,94.56492988974799,14.714,15.91,598,87,0,0.0578320237537493,0.10734015761315822,100000,uniform_medium,5741
5701,500,89.72386704668554,19.406,20.748,671,76,0,0.05780310774187243,0.10860897661745549,100000,uneven,5742
5702,500,80.64676307715877,11.852,12.932,540,94,0,0.0577742061880015,0.10627309568226337,100000,uniform_medium,5743
5703,500,72.38120384412984,19.85,21.144,647,80,0,0.0577453190849075,0.11015588668733835,100000,uniform_medium,5744
5704,86,-44.72928927716485,38.96511627906977,40.31395348837209,116,13,1,0.05771644642536505,0.10876243085015652,100000,high_uniform,5745
5705,500,99.21311422866417,11.946,13.078,566,92,0,0.057687588202152376,0.11128353725373745,100000,uniform_medium,5746
5706,500,98.34781575112312,18.474,19.802,664,75,0,0.057658744408051306,0.10810483532398939,100000,rush_hour,5747
5707,125,-59.541187152560866,49.424,50.936,189,9,1,0.05762991503584728,0.11008699947595596,100000,high_uniform,5748
5708,500,87.1922207540297,13.06,14.182,561,91,0,0.05760110007832936,0.11079081059247255,100000,uniform_medium,5749
5709,126,-60.89970940740868,45.611111111111114,47.06349206349206,183,16,1,0.0575722995282902,0.11354563805082488,100000,high_uniform,5750
5710,500,84.68103322943685,19.542,20.862,660,78,0,0.057543513378526055,0.11614944604039192,100000,uneven,5751
5711,500,87.74459547529977,12.586,13.714,564,93,0,0.0575147416218368,0.11253376398980618,100000,uniform_medium,5752
5712,500,62.09461398247747,22.972,24.342,685,74,0,0.057485984251025884,0.11047485870867968,100000,rush_hour,5753
5713,85,-55.795580511369714,48.1764705882353,49.64705882352941,125,11,1,0.05745724125890037,0.1089049137690488,100000,high_uniform,5754
5714,500,48.19489481932391,23.24,24.584,672,76,0,0.05742851263827092,0.11311473869532347,100000,uneven,5755
5715,500,79.69509703849657,19.528,20.844,658,79,0,0.05739979838195179,0.11250693786889315,100000,rush_hour,5756
5716,110,-44.663673082001495,43.06363636363636,44.6,169,10,1,0.05737109848276082,0.10917356075211004,100000,high_uniform,5757
5717,500,9.107901049629973,3.922,4.352,215,80,0,0.057342412933519445,0.11188888063281774,100000,low_uniform,5758
5718,500,79.17798199412574,22.538,23.918,690,69,0,0.05731374172705269,0.11095544284582139,100000,uneven,5759
5719,500,1.5418421096283785,3.2,3.562,181,77,0,0.05728508485618917,0.11045588453114033,100000,low_uniform,5760
5720,128,-72.29198007596463,54.0,55.5234375,195,14,1,0.05725644231376108,0.10616407470661215,100000,high_uniform,5761
5721,500,70.92188338441557,20.116,21.422,653,77,0,0.0572278140926042,0.11232472240924835,100000,rush_hour,5762
5722,111,-60.14352018166463,49.27927927927928,50.78378378378378,167,9,1,0.0571992001855579,0.11065826672422993,100000,high_uniform,5763
5723,500,95.43851546678191,22.676,24.106,715,67,0,0.05717060058546512,0.10880432583391667,100000,uneven,5764
5724,153,-75.97155828269206,50.04575163398693,51.470588235294116,218,15,1,0.05714201528517239,0.1103792864756257,100000,high_uniform,5765
5725,500,73.87159479134577,14.766,15.914,574,96,0,0.057113444277529804,0.11138036272674799,100000,uniform_medium,5766
5726,500,76.81782735451519,15.57,16.766,598,92,0,0.05708488755539104,0.10951155530661344,100000,uniform_medium,5767
5727,114,-52.853241218811995,43.75438596491228,45.19298245614035,164,14,1,0.057056345111613345,0.10749638747227819,100000,high_uniform,5768
5728,500,10.69357777205305,2.648,3.012,182,71,0,0.05702781693905754,0.10935564914345741,100000,low_uniform,5769
5729,124,-78.30279300448207,52.024193548387096,53.45161290322581,177,15,1,0.05699930303058802,0.10864329740645425,100000,high_uniform,5770
5730,114,-57.8817114473028,44.10526315789474,45.526315789473685,162,14,1,0.05697080337907273,0.1114759100764467,100000,high_uniform,5771
5731,500,87.26951485035457,21.636,23.014,689,69,0,0.0569423179773832,0.10984022196382284,100000,rush_hour,5772
5732,500,6.822060850200909,3.482,3.882,200,79,0,0.056913846818394516,0.10897820898145437,100000,low_uniform,5773
5733,500,74.07446498261814,22.382,23.746,682,75,0,0.05688538989498532,0.10907545476406813,100000,rush_hour,5774
5734,94,-45.06879416545085,46.244680851063826,47.744680851063826,141,11,1,0.05685694720003783,0.11407041985620843,100000,high_uniform,5775
5735,500,127.29243691663476,15.532,16.86,664,74,0,0.056828518726437814,0.10990873388946057,100000,uneven,5776
5736,128,-64.72096890499691,42.9765625,44.4140625,184,15,1,0.0568001044670746,0.10979960154509172,100000,high_uniform,5777
5737,500,80.64573657258106,18.288,19.554,633,84,0,0.056771704414841064,0.1079826203212142,100000,uniform_medium,5778
5738,500,108.2633619412995,17.634,18.984,675,77,0,0.05674331856263365,0.1089677551984787,100000,rush_hour,5779
5739,500,83.8410187345206,15.356,16.538,591,87,0,0.05671494690335233,0.11058085778355599,100000,uniform_medium,5780
5740,500,3.424231877298468,4.926,5.33,202,66,0,0.05668658942990066,0.11147996190935373,100000,low_uniform,5781
5741,500,79.67386290372974,21.038,22.374,668,73,0,0.05665824613518571,0.10965970838814974,100000,uneven,5782
5742,500,79.42493528299474,20.338,21.656,659,78,0,0.05662991701211812,0.10864141812175512,100000,uneven,5783
5743,500,102.82130643558774,19.528,20.922,697,70,0,0.05660160205361207,0.11276088973879814,100000,rush_hour,5784
5744,120,-83.55516163255749,50.95,52.30833333333333,163,18,1,0.056573301252585265,0.11403467978040377,100000,high_uniform,5785
5745,500,-6.203696189604466,4.74,5.112,186,70,0,0.05654501460195897,0.11194562194496394,100000,low_uniform,5786
5746,500,10.082292592920282,3.266,3.678,206,79,0,0.056516742094658,0.1088879498243332,100000,low_uniform,5787
5747,102,-33.539823225060076,38.029411764705884,39.490196078431374,149,10,1,0.05648848372361067,0.10996986896383996,100000,high_uniform,5788
5748,500,82.5030901746092,13.462,14.6,569,94,0,0.056460239481748865,0.10899121227115392,100000,uniform_medium,5789
5749,500,83.78598750465619,18.68,19.98,650,76,0,0.05643200936200799,0.11217765796929598,100000,rush_hour,5790
5750,500,4.060469704161026,3.092,3.442,175,71,0,0.05640379335732699,0.10722456229478121,100000,low_uniform,5791
5751,500,103.97315003343434,18.698,20.04,671,74,0,0.05637559146064833,0.11042430309951305,100000,rush_hour,5792
5752,500,90.80660866111637,15.328,16.554,613,87,0,0.05634740366491801,0.10785040843486786,100000,uniform_medium,5793
5753,500,-0.33426282201099383,4.038,4.438,200,81,0,0.056319229963085554,0.10905062802135944,100000,low_uniform,5794
5754,500,101.28987254380554,13.794,15.004,605,89,0,0.056291070348104016,0.10983331683278084,100000,uniform_medium,5795
5755,500,6.624753957527789,2.934,3.312,189,79,0,0.056262924812929965,0.10792544884979725,100000,low_uniform,5796
5756,153,-96.61937840042945,47.56209150326797,48.888888888888886,203,24,1,0.056234793350523504,0.11178419395696883,100000,high_uniform,5797
5757,500,95.88322163037188,16.66,17.916,628,82,0,0.05620667595384825,0.10949266144633293,100000,uniform_medium,5798
5758,116,-50.4273605379426,45.724137931034484,47.293103448275865,182,12,1,0.05617857261587133,0.110815298293942,100000,high_uniform,5799
5759,93,-51.075613025621664,42.87096774193548,44.24731182795699,128,11,1,0.0561504833295634,0.11157600685793867,100000,high_uniform,5800
5760,500,6.270529451202152,3.128,3.506,189,76,0,0.05612240808789862,0.10735963287949563,100000,low_uniform,5801
5761,500,12.38402687435968,3.254,3.668,207,78,0,0.05609434688385467,0.1089700324088335,100000,low_uniform,5802
5762,500,17.01454310789877,3.328,3.712,192,62,0,0.05606629971041275,0.10842753265053034,100000,low_uniform,5803
5763,500,10.505707748456786,2.88,3.268,194,77,0,0.05603826656055755,0.10489273649454117,100000,low_uniform,5804
5764,500,9.587662720707458,3.618,4.026,204,77,0,0.056010247427277275,0.1050389028415084,100000,low_uniform,5805
5765,500,100.30565307243852,13.486,14.672,593,88,0,0.05598224230356364,0.1025160278826952,100000,uniform_medium,5806
5766,137,-89.8814741588468,51.416058394160586,52.81021897810219,191,19,1,0.05595425118241186,0.10076646359950087,100000,high_uniform,5807
5767,500,90.02014077749942,13.982,15.15,584,91,0,0.05592627405682066,0.10208624505996704,100000,uniform_medium,5808
5768,500,97.09211662507076,11.924,13.038,557,88,0,0.05589831091979225,0.10372534983605146,100000,uniform_medium,5809
5769,108,-70.14326885059529,49.861111111111114,51.333333333333336,159,12,1,0.055870361764332355,0.10632789707570164,100000,high_uniform,5810
5770,145,-50.771542765078976,44.172413793103445,45.689655172413794,220,16,1,0.05584242658345019,0.10299769835225467,100000,high_uniform,5811
5771,500,93.06759829752147,15.378,16.608,615,86,0,0.05581450537015847,0.10705617781728506,100000,uniform_medium,5812
5772,500,88.99158769436443,9.556,10.594,519,101,0,0.05578659811747339,0.10621812029927968,100000,uniform_medium,5813
5773,88,-48.16589679469807,41.22727272727273,42.54545454545455,116,12,1,0.05575870481841466,0.10936832013116642,100000,high_uniform,5814
5774,500,-1.2062307201636127,3.094,3.47,188,87,0,0.055730825466005454,0.10659955898672342,100000,low_uniform,5815
5775,98,-75.8643928572232,50.98979591836735,52.33673469387755,132,11,1,0.05570296005327245,0.10495436567889184,100000,high_uniform,5816
5776,500,112.90336672975371,16.29,17.604,657,75,0,0.05567510857324582,0.10773211277276278,100000,rush_hour,5817
5777,500,89.6385521646953,14.64,15.84,600,86,0,0.0556472710189592,0.10660973428934813,100000,uniform_medium,5818
5778,500,11.974651303568612,3.524,3.958,217,80,0,0.055619447383449726,0.10950198124349117,100000,low_uniform,5819
5779,500,85.85624600895176,22.928,24.336,704,66,0,0.055591637659758004,0.10757444447278977,100000,uneven,5820
5780,500,3.276102461429957,3.134,3.478,172,69,0,0.05556384184092813,0.10709117507934571,100000,low_uniform,5821
5781,500,0.1607338848874592,3.764,4.166,201,86,0,0.055536059920007666,0.10991206493973732,100000,low_uniform,5822
5782,500,9.57784236082492,3.18,3.614,217,89,0,0.05550829189004766,0.10716965062916278,100000,low_uniform,5823
5783,500,115.92096087521703,16.016,17.326,655,76,0,0.055480537744102644,0.10613566618412733,100000,rush_hour,5824
5784,144,-42.07381216443372,32.333333333333336,33.486111111111114,166,20,1,0.055452797475230596,0.10999336285102698,100000,rush_hour,5825
5785,72,-61.21541169442569,46.06944444444444,47.30555555555556,89,10,1,0.055425071076492985,0.10410796524956822,100000,high_uniform,5826
5786,500,43.83848295655586,25.954,27.314,680,70,0,0.05539735854095474,0.10645255382359028,100000,uneven,5827
5787,500,99.24591076097632,15.94,17.214,637,83,0,0.05536965986168427,0.1079865550249815,100000,uneven,5828
5788,500,92.71016812207269,19.09,20.424,667,73,0,0.05534197503175343,0.1061929031535983,100000,uneven,5829
5789,82,-49.391398360478256,40.58536585365854,41.9390243902439,111,12,1,0.05531430404423755,0.10506712172816439,100000,high_uniform,5830
5790,500,68.4792244188302,21.174,22.512,669,78,0,0.055286646892215435,0.10885632932186126,100000,rush_hour,5831
5791,500,104.45315913510373,17.328,18.652,662,72,0,0.05525900356876933,0.1087919637337327,100000,uneven,5832
5792,500,13.531064874097108,3.754,4.152,199,67,0,0.05523137406698495,0.10759723817557096,100000,low_uniform,5833
5793,500,85.89629220752867,12.904,14.042,569,88,0,0.055203758379951465,0.11035442181676626,100000,uniform_medium,5834
5794,500,14.640048098302056,27.508,28.886,689,74,0,0.05517615650076149,0.11215393605083226,100000,rush_hour,5835
5795,96,-82.61148068657462,51.552083333333336,52.833333333333336,123,14,1,0.05514856842251111,0.10564024459260206,100000,high_uniform,5836
5796,500,95.4552007151527,12.24,13.37,565,95,0,0.05512099413829986,0.11272306136041879,100000,uniform_medium,5837
5797,500,91.8745731605184,19.592,20.92,664,73,0,0.05509343364123071,0.11064146031439305,100000,rush_hour,5838
5798,500,85.73215886355436,20.66,22.026,683,73,0,0.0550658869244101,0.1093945875391364,100000,uneven,5839
5799,91,-36.05698738132776,40.494505494505496,42.02197802197802,139,10,1,0.0550383539809479,0.11631071837721291,100000,high_uniform,5840
5800,96,-69.7054714999421,53.458333333333336,54.90625,139,12,1,0.05501083480395743,0.1202413123100996,100000,high_uniform,5841
5801,500,5.2087758279170675,3.984,4.376,196,71,0,0.05498332938655545,0.11337497336417436,100000,low_uniform,5842
5802,500,113.04460784971786,14.706,15.976,635,83,0,0.054955837721862175,0.11178750442713499,100000,uniform_medium,5843
5803,122,-80.79015175325283,53.25409836065574,54.68032786885246,174,16,1,0.054928359803001245,0.11409893192228723,100000,high_uniform,5844
5804,500,101.96706094215735,17.262,18.582,660,78,0,0.05490089562309975,0.11310677547752858,100000,rush_hour,5845
5805,500,96.26024579443502,12.866,14.032,583,92,0,0.0548734451752882,0.1141816403567791,100000,uniform_medium,5846
5806,500,5.0765091320575335,3.104,3.5,198,83,0,0.05484600845270056,0.11137988911569119,100000,low_uniform,5847
5807,107,-56.60210568503701,40.018691588785046,41.299065420560744,137,13,1,0.05481858544847421,0.10680151546252108,100000,high_uniform,5848
5808,500,56.02375139460545,23.96,25.322,681,71,0,0.05479117615574998,0.1157722462490201,100000,rush_hour,5849
5809,104,-39.21203902904355,44.25961538461539,45.79807692307692,160,9,1,0.05476378056767211,0.11446240590885282,100000,high_uniform,5850
5810,500,94.95293916603569,16.146,17.388,621,80,0,0.054736398677388276,0.11120439955592155,100000,uniform_medium,5851
5811,500,91.3545063520352,20.306,21.674,684,74,0,0.054709030478049585,0.11355555576831103,100000,uneven,5852
5812,500,100.53953059670245,17.028,18.316,644,80,0,0.054681675962810566,0.11314621296525001,100000,uneven,5853
5813,500,100.38251542252445,14.2,15.41,605,85,0,0.054654335124829166,0.11529837983846665,100000,uniform_medium,5854
5814,500,75.99773717301449,23.976,25.39,707,68,0,0.05462700795726676,0.11567014960199594,100000,rush_hour,5855
5815,116,-66.83770055257672,48.91379310344828,50.310344827586206,162,14,1,0.054599694453288126,0.11268582933678709,100000,high_uniform,5856
5816,500,10.393431950927924,3.446,3.818,186,65,0,0.05457239460606148,0.1143047400265932,100000,low_uniform,5857
5817,142,-59.28655069414492,44.028169014084504,45.443661971830984,201,16,1,0.05454510840875845,0.11058236123390601,100000,high_uniform,5858
5818,500,27.867109336336675,24.674,26.022,674,76,0,0.054517835854554074,0.11534581269323826,100000,rush_hour,5859
5819,500,92.96751905614475,17.582,18.866,642,80,0,0.0544905769366268,0.11342569794505834,100000,uniform_medium,5860
5820,141,-52.47269642997379,46.156028368794324,47.751773049645394,225,14,1,0.05446333164815849,0.11831497720687102,100000,high_uniform,5861
5821,500,87.16507470594583,23.548,24.978,715,65,0,0.05443609998233441,0.11313148783892393,100000,uneven,5862
5822,500,97.43426550362047,18.578,19.938,680,75,0,0.054408881932343243,0.11714524086564779,100000,uneven,5863
5823,500,11.158857627735605,33.832,35.304,736,61,0,0.054381677491377074,0.11727523984014988,100000,rush_hour,5864
5824,500,12.942807122724885,3.734,4.138,202,68,0,0.05435448665263139,0.11798896376788616,100000,low_uniform,5865
5825,90,-49.163252611238896,43.56666666666667,44.977777777777774,127,8,1,0.05432730940930507,0.1160307592815823,100000,high_uniform,5866
5826,80,-69.33145964099445,53.9,55.3125,113,10,1,0.054300145754600425,0.11597829000093043,100000,high_uniform,5867
5827,500,-2.5426729044665732,3.6,3.97,185,76,0,0.05427299568172313,0.11740262995660306,100000,low_uniform,5868
5828,500,94.28821964201063,16.586,17.856,635,83,0,0.05424585918388227,0.11747794453799724,100000,uneven,5869
5829,500,11.442529617102416,3.398,3.806,204,77,0,0.054218736254290335,0.11612981779873371,100000,low_uniform,5870
5830,50,-47.809954281828595,40.18,41.38,60,10,1,0.05419162688616319,0.11852214880287647,100000,high_uniform,5871
5831,500,69.22396675064513,15.38,16.53,575,94,0,0.05416453107272011,0.11610452121496201,100000,uniform_medium,5872
5832,500,-2.8437628455979116,4.018,4.384,183,73,0,0.054137448807183755,0.11338002271950245,100000,low_uniform,5873
5833,500,95.83918261085378,14.454,15.688,617,83,0,0.054110380082780164,0.11081004797667265,100000,rush_hour,5874
5834,500,71.31081146261995,16.512,17.696,592,92,0,0.054083324892738774,0.11649689034372568,100000,uniform_medium,5875
5835,500,82.45741362244537,16.33,17.552,611,83,0,0.05405628323029241,0.11269840203970671,100000,uniform_medium,5876
5836,500,99.88726976530262,17.168,18.5,666,76,0,0.054029255088677265,0.11512496815621853,100000,rush_hour,5877
5837,500,100.55811731080061,17.322,18.626,652,76,0,0.05400224046113293,0.11383494723588228,100000,rush_hour,5878
5838,500,9.624787700275204,4.006,4.444,219,79,0,0.05397523934090237,0.11216446047276259,100000,low_uniform,5879
5839,500,108.58225733499258,12.308,13.48,586,87,0,0.053948251721231924,0.110847357429564,100000,uniform_medium,5880
5840,500,90.8289872243887,19.416,20.756,670,77,0,0.05392127759537131,0.11385561033338308,100000,uneven,5881
5841,500,96.84845814119242,18.448,19.776,664,76,0,0.05389431695657363,0.11476984608918428,100000,uneven,5882
5842,500,91.85704973775938,19.684,21.046,681,70,0,0.053867369798095345,0.11348409957438707,100000,rush_hour,5883
5843,120,-40.06855949050153,37.266666666666666,38.666666666666664,168,15,1,0.0538404361131963,0.11436471172297995,100000,high_uniform,5884
5844,500,4.658504984742614,3.472,3.844,186,73,0,0.053813515895139705,0.11051300187408925,100000,low_uniform,5885
5845,500,104.99601350894997,17.568,18.874,653,77,0,0.05378660913719214,0.1091326746866107,100000,rush_hour,5886
5846,500,14.193285560549276,3.236,3.636,200,70,0,0.053759715832623546,0.10882491039484739,100000,low_uniform,5887
5847,500,9.21934823076895,3.312,3.716,202,79,0,0.05373283597470724,0.1100238795503974,100000,low_uniform,5888
5848,500,86.66294722723862,18.428,19.726,649,75,0,0.053705969556719885,0.10666434705257416,100000,uneven,5889
5849,500,55.95190509326366,22.14,23.458,659,80,0,0.05367911657194153,0.10879583526402711,100000,uneven,5890
5850,500,4.017367899722939,3.91,4.278,184,67,0,0.05365227701365556,0.1079538003578782,100000,low_uniform,5891
5851,500,0.8935474545441415,3.766,4.116,175,67,0,0.053625450875148736,0.10647296273708344,100000,low_uniform,5892
5852,62,-44.286552451188136,32.25806451612903,33.354838709677416,68,10,1,0.053598638149711164,0.1079666937791532,100000,high_uniform,5893
5853,500,98.68197364216114,10.91,12.016,553,96,0,0.05357183883063631,0.10585380736738444,100000,uniform_medium,5894
5854,500,95.8494284357519,19.354,20.696,671,71,0,0.053545052911221,0.10667677290737629,100000,uneven,5895
5855,140,-67.89034844848442,51.49285714285714,53.06428571428572,220,13,1,0.05351828038476539,0.10991921110876969,100000,high_uniform,5896
5856,97,-79.76120179996686,49.92783505154639,51.1958762886598,123,10,1,0.05349152124457301,0.1010084478664644,100000,high_uniform,5897
5857,108,-66.57469636713937,49.379629629629626,50.833333333333336,157,11,1,0.053464775483950726,0.10985846469109808,100000,high_uniform,5898
5858,500,106.90819027095374,11.714,12.868,577,94,0,0.053438043096208754,0.10680534629523754,100000,uniform_medium,5899
5859,500,95.8526373420845,13.474,14.64,583,87,0,0.053411324074660656,0.10555526075512171,100000,uniform_medium,5900
5860,500,106.30281033752358,16.214,17.508,647,75,0,0.053384618412623326,0.10371813704073429,100000,uneven,5901
5861,151,-49.69364696592369,45.211920529801326,46.78145695364238,237,16,1,0.05335792610341702,0.10633773704534334,100000,high_uniform,5902
5862,79,-65.5939745832036,44.45569620253165,45.734177215189874,101,14,1,0.053331247140365315,0.10472072344980662,100000,high_uniform,5903
5863,75,-54.935747965098074,41.92,43.266666666666666,101,10,1,0.05330458151679514,0.10963143875201543,100000,high_uniform,5904
5864,500,90.73491484334784,12.542,13.688,573,94,0,0.053277929226036747,0.10786131930351257,100000,uniform_medium,5905
5865,500,77.37834769030434,20.712,22.074,681,70,0,0.05325129026142373,0.11085467921942473,100000,rush_hour,5906
5866,64,-42.126361019649686,40.265625,41.640625,88,7,1,0.05322466461629302,0.10732085478957742,100000,high_uniform,5907
5867,500,42.268487915269375,26.172,27.53,679,69,0,0.05319805228398488,0.11050576070696115,100000,uneven,5908
5868,500,48.623061936892654,23.306,24.636,665,76,0,0.05317145325784289,0.10961547503620386,100000,rush_hour,5909
5869,500,84.91647432643263,20.554,21.912,679,74,0,0.053144867531213974,0.109374864526093,100000,rush_hour,5910
5870,500,31.9959677133931,30.544,31.984,720,67,0,0.05311829509744837,0.10942618148773908,100000,uneven,5911
5871,500,102.32004783000215,20.11,21.504,697,68,0,0.05309173594989965,0.11417150748521089,100000,uneven,5912
5872,84,-53.29489919110468,43.583333333333336,44.94047619047619,114,11,1,0.05306519008192471,0.11607145553543455,100000,high_uniform,5913
5873,500,64.14001240531593,25.816,27.23,707,67,0,0.05303865748688375,0.11086674515902996,100000,uneven,5914
5874,500,91.33543620585979,14.348,15.52,586,89,0,0.053012138158140314,0.1098310403302312,100000,uniform_medium,5915
5875,500,90.0534782784431,22.774,24.188,707,66,0,0.05298563208906125,0.11544273643940688,100000,uneven,5916
5876,500,10.648116857972568,3.758,4.174,208,74,0,0.05295913927301672,0.11807603435963392,100000,low_uniform,5917
5877,500,96.73987339510262,21.576,22.97,697,68,0,0.052932659703380215,0.11327228192239999,100000,rush_hour,5918
5878,500,80.1904198928417,11.666,12.74,537,98,0,0.052906193373528525,0.1148314086869359,100000,uniform_medium,5919
5879,500,64.4492468671911,25.692,27.094,701,68,0,0.052879740276841766,0.11407809469103813,100000,uneven,5920
5880,500,10.964948397541043,3.854,4.282,214,77,0,0.05285330040670335,0.11431681438535451,100000,low_uniform,5921
5881,500,13.139078616089998,3.66,4.108,224,84,0,0.052826873756500005,0.11290418882668019,100000,low_uniform,5922
5882,500,59.45595541119389,24.27,25.592,661,63,0,0.05280046031962176,0.11148717325925828,100000,rush_hour,5923
5883,500,88.90858308699683,20.486,21.86,687,72,0,0.05277406008946195,0.11436957260221244,100000,rush_hour,5924
5884,500,91.71855574242367,15.374,16.584,605,84,0,0.05274767305941722,0.11226806877553464,100000,uniform_medium,5925
5885,500,14.205521046897232,4.06,4.494,217,71,0,0.05272129922288752,0.11614893894642592,100000,low_uniform,5926
5886,500,98.92433872804735,16.834,18.124,645,74,0,0.052694938573276076,0.11113188709318637,100000,rush_hour,5927
5887,500,70.53839443922449,24.592,26.006,707,69,0,0.05266859110398944,0.11213273561000824,100000,rush_hour,5928
5888,500,16.711708322402533,3.014,3.448,217,82,0,0.052642256808437454,0.11082997260987759,100000,low_uniform,5929
5889,500,106.67581039777468,20.078,21.478,700,69,0,0.05261593568003324,0.11072582861036062,100000,uneven,5930
5890,500,87.84770867216474,13.926,15.098,586,90,0,0.05258962771219323,0.11391625706106424,100000,uniform_medium,5931
5891,500,112.9310063916158,15.71,17.0,645,77,0,0.05256333289833713,0.10999228651821613,100000,uneven,5932
5892,88,-30.223530040616478,38.28409090909091,39.76136363636363,130,10,1,0.05253705123188797,0.11364510045810179,100000,high_uniform,5933
5893,500,7.163305395403544,4.108,4.5,196,67,0,0.052510782706272026,0.11108660796284675,100000,low_uniform,5934
5894,500,98.46947887532492,13.274,14.432,579,89,0,0.05248452731491889,0.10952404739707708,100000,uniform_medium,5935
5895,100,-89.56933899499477,62.25,63.76,151,10,1,0.05245828505126143,0.10753689602017402,100000,high_uniform,5936
5896,500,62.59671657360224,24.792,26.212,710,67,0,0.05243205590873581,0.10946599568426608,100000,uneven,5937
5897,500,11.252633575801985,2.976,3.356,190,73,0,0.052405839880781444,0.11254058104753495,100000,low_uniform,5938
5898,500,40.57088686085383,25.792,27.16,684,71,0,0.05237963696084105,0.11109018763154745,100000,rush_hour,5939
5899,500,90.69090008770945,19.668,21.006,669,75,0,0.052353447142360635,0.11109613001346588,100000,uneven,5940
5900,500,104.13137665153982,17.986,19.316,665,76,0,0.05232727041878946,0.11005065666139126,100000,rush_hour,5941
5901,500,78.29352661528776,17.738,18.996,629,83,0,0.05230110678358006,0.11161330860108137,100000,rush_hour,5942
5902,500,10.26342032976631,3.404,3.802,199,74,0,0.052274956230188276,0.11224503734707833,100000,low_uniform,5943
5903,500,9.742889789340014,3.7,4.106,203,72,0,0.052248818752073184,0.11199416676908731,100000,low_uniform,5944
5904,500,83.00634671267224,21.882,23.248,683,70,0,0.05222269434269715,0.11010799323022366,100000,uneven,5945
5905,500,4.738871496679028,3.436,3.812,188,72,0,0.052196582995525806,0.10883889204263687,100000,low_uniform,5946
5906,500,4.202323802431868,3.322,3.696,187,74,0,0.05217048470402805,0.10760360537469386,100000,low_uniform,5947
5907,134,-42.306891771041094,39.149253731343286,40.59701492537314,194,16,1,0.05214439946167604,0.10954554943340038,100000,high_uniform,5948
5908,500,86.34709745090112,20.652,22.004,676,71,0,0.0521183272619452,0.10580888013541699,100000,rush_hour,5949
5909,500,81.5780067876935,23.584,24.976,696,65,0,0.05209226809831423,0.10929366376250982,100000,uneven,5950
5910,91,-59.973202136126524,42.62637362637363,43.89010989010989,115,15,1,0.05206622196426507,0.10966121405363083,100000,high_uniform,5951
5911,500,13.364848169059593,3.646,4.03,192,62,0,0.052040188853282945,0.11149480725824833,100000,low_uniform,5952
5912,500,86.5547109026711,13.586,14.734,574,93,0,0.052014168758856304,0.10851730014383792,100000,uniform_medium,5953
5913,500,103.99835596247233,17.748,19.064,658,75,0,0.051988161674476875,0.10927454160898924,100000,uneven,5954
5914,500,5.467886742742751,4.284,4.696,206,75,0,0.05196216759363964,0.10698809660226107,100000,low_uniform,5955
5915,81,-28.21741738829298,31.098765432098766,32.45679012345679,110,11,1,0.05193618650984282,0.10381682727623869,100000,high_uniform,5956
5916,500,16.161741159403668,3.372,3.78,204,71,0,0.051910218416587904,0.10711912285536528,100000,low_uniform,5957
5917,500,89.0074880575983,12.468,13.594,563,92,0,0.051884263307379615,0.10423529411107302,100000,uniform_medium,5958
5918,500,100.28225124179794,13.496,14.67,587,86,0,0.051858321175725926,0.10489763793349266,100000,uniform_medium,5959
5919,500,56.89459780159641,22.178,23.512,667,77,0,0.05183239201513806,0.10625528004765511,100000,uneven,5960
5920,500,81.07427095534261,20.524,21.884,680,73,0,0.0518064758191305,0.10617753084748983,100000,rush_hour,5961
5921,500,9.71694067249784,3.456,3.866,205,78,0,0.051780572581220936,0.10890782154351474,100000,low_uniform,5962
5922,500,114.17639220727563,15.192,16.48,644,76,0,0.051754682294930326,0.10789715361595154,100000,uneven,5963
5923,500,64.03870892480391,23.67,25.052,691,70,0,0.05172880495378286,0.10665485718101263,100000,uneven,5964
5924,500,95.53612851955764,16.228,17.476,624,77,0,0.051702940551305976,0.10468310376256704,100000,rush_hour,5965
5925,500,107.05524083313823,18.946,20.314,684,69,0,0.051677089081030324,0.10224123910069466,100000,rush_hour,5966
5926,500,8.91734791237888,4.446,4.882,218,75,0,0.051651250536489814,0.10618939577043056,100000,low_uniform,5967
5927,500,92.4146217794065,21.306,22.694,694,71,0,0.051625424911221574,0.10946546724438667,100000,uneven,5968
5928,62,-54.85028169330997,38.82258064516129,39.693548387096776,54,4,1,0.051599612198765965,0.10556343299967627,100000,high_uniform,5969
5929,500,5.863514940292206,3.558,3.91,176,64,0,0.05157381239266658,0.11005426603555679,100000,low_uniform,5970
5930,500,84.52080739188311,14.054,15.224,585,93,0,0.05154802548647025,0.10550299958884717,100000,uniform_medium,5971
5931,500,78.87082847300242,18.792,20.094,651,80,0,0.05152225147372702,0.10763672518730164,100000,rush_hour,5972
5932,99,-60.09434270486,48.96969696969697,50.464646464646464,148,12,1,0.05149649034799016,0.10455544349370581,100000,high_uniform,5973
5933,500,100.08539661239615,11.936,13.076,570,89,0,0.05147074210281617,0.10334694279730319,100000,uniform_medium,5974
5934,500,93.10229040072845,10.562,11.614,526,90,0,0.05144500673176477,0.10376776541769504,100000,uniform_medium,5975
5935,165,-32.40070587652107,30.224242424242423,31.418181818181818,197,17,1,0.051419284228398886,0.108971168236299,100000,rush_hour,5976
5936,500,87.41090022242963,15.27,16.464,597,89,0,0.05139357458628469,0.10516380065679551,100000,uniform_medium,5977
5937,500,14.877740751358187,3.524,3.908,192,62,0,0.05136787779899155,0.10361156249791384,100000,low_uniform,5978
5938,95,-71.12903395160352,51.23157894736842,52.49473684210526,120,7,1,0.05134219386009206,0.10647075662487432,100000,high_uniform,5979
5939,500,85.50616739127796,19.116,20.438,661,72,0,0.051316522763162016,0.10231568185240031,100000,rush_hour,5980
5940,500,14.18793403912088,2.876,3.218,171,58,0,0.051290864501780435,0.10309978076815605,100000,low_uniform,5981
5941,500,93.4175270055636,14.588,15.79,601,88,0,0.05126521906952955,0.10301406413316727,100000,uniform_medium,5982
5942,162,-70.94311941620263,51.339506172839506,52.925925925925924,257,14,1,0.05123958645999479,0.10313231808443864,100000,high_uniform,5983
5943,500,11.585569648015749,2.796,3.2,202,81,0,0.051213966666764796,0.1037751365751028,100000,low_uniform,5984
5944,500,102.04416058069926,21.94,23.376,718,60,0,0.05118835968343142,0.10779993634670973,100000,uneven,5985
5945,500,98.06152909957395,11.072,12.182,555,95,0,0.051162765503589704,0.10211477322131396,100000,uniform_medium,5986
5946,500,10.10195558676099,3.76,4.148,194,67,0,0.05113718412083791,0.103789691247046,100000,low_uniform,5987
5947,500,104.9421389931608,13.8,15.01,605,86,0,0.05111161552877749,0.1024369043931365,100000,uniform_medium,5988
5948,500,92.30548459601312,18.218,19.518,650,75,0,0.051086059721013106,0.10132476539909839,100000,rush_hour,5989
5949,500,54.10984535058164,23.34,24.662,661,78,0,0.0510605166911526,0.10270955921709538,100000,rush_hour,5990
5950,114,-62.77753667657668,54.87719298245614,56.473684210526315,182,9,1,0.051034986432807024,0.10426153079198118,100000,high_uniform,5991
5951,75,-51.06259413430297,42.50666666666667,43.906666666666666,105,9,1,0.05100946893959062,0.10527613461017608,100000,high_uniform,5992
5952,500,93.56761928462628,17.838,19.142,652,75,0,0.05098396420512083,0.10379043964296579,100000,rush_hour,5993
5953,500,7.8723094192997385,4.368,4.764,198,67,0,0.050958472223018275,0.1017729055210948,100000,low_uniform,5994
5954,500,103.98909061383458,17.97,19.31,670,77,0,0.05093299298690677,0.10334174340963363,100000,uneven,5995
5955,500,67.47810230396553,24.496,25.906,705,69,0,0.050907526490413316,0.10219981437176466,100000,uneven,5996
5956,500,92.07761830263502,17.796,19.06,632,73,0,0.05088207272716811,0.10282150188088417,100000,uneven,5997
5957,500,99.77169159458862,12.8,13.938,569,81,0,0.05085663169080453,0.10311319846659898,100000,uniform_medium,5998
5958,500,55.08890081381174,20.592,21.838,623,78,0,0.05083120337495913,0.1034377958253026,100000,uneven,5999
5959,500,107.88304102200676,16.652,17.952,650,77,0,0.05080578777327165,0.10041056606918573,100000,uneven,6000
5960,500,101.68639750650787,18.534,19.888,677,75,0,0.05078038487938502,0.10077550046890973,100000,rush_hour,6001
5961,500,-8.714570322393177,4.982,5.342,180,70,0,0.05075499468694533,0.10199003579467535,100000,low_uniform,6002
5962,500,83.30685808151219,23.988,25.398,705,62,0,0.05072961718960186,0.10162671530991793,100000,uneven,6003
5963,500,78.25842831669223,21.27,22.598,664,71,0,0.050704252381007064,0.10320486972481012,100000,rush_hour,6004
5964,500,88.11498638180986,14.174,15.36,593,92,0,0.05067890025481656,0.10122087394446135,100000,uniform_medium,6005
5965,500,78.96311793594617,20.974,22.324,675,74,0,0.050653560804689156,0.1011829402372241,100000,uneven,6006
5966,500,13.572222852207146,3.506,3.92,207,71,0,0.05062823402428682,0.09919369877129793,100000,low_uniform,6007
5967,500,78.74166278761875,21.604,22.97,683,73,0,0.050602919907274675,0.10076267289370298,100000,uneven,6008
5968,500,107.78036604579965,18.45,19.794,672,73,0,0.05057761844732104,0.099781384550035,100000,uneven,6009
5969,500,6.636825491630785,3.294,3.698,202,82,0,0.05055232963809738,0.09952212278544903,100000,low_uniform,6010
5970,500,12.72971970141894,3.486,3.896,205,73,0,0.050527053473278336,0.10049867866188288,100000,low_uniform,6011
5971,500,92.96445440192315,18.68,20.0,660,76,0,0.0505017899465417,0.0975527633652091,100000,uneven,6012
5972,500,99.42327477344016,13.21,14.388,589,91,0,0.05047653905156843,0.10297297497838735,100000,uniform_medium,6013
5973,112,-69.7060654413827,46.669642857142854,48.0,149,15,1,0.05045130078204265,0.09799611062875815,100000,high_uniform,6014
5974,500,12.985341160275489,3.64,4.044,202,69,0,0.050426075131651635,0.09858189166337251,100000,low_uniform,6015
5975,500,109.7690707789805,17.118,18.456,669,75,0,0.05040086209408581,0.09639177484065295,100000,rush_hour,6016
5976,97,-47.83737331135476,46.36082474226804,47.90721649484536,150,10,1,0.05037566166303877,0.09743659305818302,100000,high_uniform,6017
5977,500,114.04706256964685,17.54,18.884,672,71,0,0.050350473832207254,0.10171432735025883,100000,rush_hour,6018
5978,500,14.663644105297271,3.212,3.61,199,69,0,0.050325298595291154,0.10270854010432959,100000,low_uniform,6019
5979,500,92.73480000299955,15.488,16.704,608,82,0,0.05030013594599351,0.10275675912946462,100000,uniform_medium,6020
5980,500,118.36283319862207,19.766,21.184,709,64,0,0.05027498587802051,0.10139115975052118,100000,uneven,6021
5981,500,106.93225419179751,16.936,18.244,654,77,0,0.0502498483850815,0.10118581272661686,100000,uneven,6022
5982,500,73.31903170032096,22.794,24.172,689,72,0,0.050224723460888965,0.10008852456510067,100000,uneven,6023
5983,500,118.59891169143458,14.574,15.854,640,79,0,0.05019961109915852,0.1018242207840085,100000,rush_hour,6024
5984,500,58.244037266410416,23.662,25.006,672,74,0,0.05017451129360894,0.0982488096728921,100000,rush_hour,6025
5985,500,6.782690314368284,3.258,3.65,196,79,0,0.05014942403796214,0.101304462403059,100000,low_uniform,6026
5986,500,89.14184068846258,15.62,16.846,613,84,0,0.05012434932594316,0.1024265112131834,100000,uniform_medium,6027
5987,500,98.67345518860967,21.294,22.694,700,66,0,0.05009928715128019,0.10042440281808376,100000,rush_hour,6028
5988,84,-43.67885253150668,48.273809523809526,49.80952380952381,129,8,1,0.05007423750770455,0.09674140726703973,100000,high_uniform,6029
5989,500,99.09569845411704,17.578,18.888,655,77,0,0.0500492003889507,0.10011601945757866,100000,rush_hour,6030
5990,94,-70.74426151324468,42.46808510638298,43.58510638297872,105,12,1,0.050024175788756224,0.10260672966374997,100000,high_uniform,6031
5991,500,-2.3547862247502627,2.912,3.206,147,61,0,0.05,0.09986421399563551,100000,low_uniform,6032
5992,136,-67.63603599408091,53.463235294117645,55.02205882352941,212,10,1,0.05,0.0974466522662517,100000,high_uniform,6033
5993,500,82.03419682516936,21.506,22.874,684,71,0,0.05,0.10146630036085844,100000,rush_hour,6034
5994,500,88.67686050296395,19.792,21.13,669,75,0,0.05,0.10065224771946668,100000,uneven,6035
5995,500,16.91949267090884,3.066,3.456,195,67,0,0.05,0.10077672830224037,100000,low_uniform,6036
5996,500,91.84115779918335,12.476,13.606,565,92,0,0.05,0.10070456486195326,100000,uniform_medium,6037
5997,500,112.02252649220218,16.192,17.496,652,76,0,0.05,0.09902699334174395,100000,rush_hour,6038
5998,500,81.1050332384883,20.024,21.382,679,76,0,0.05,0.10112411631643772,100000,rush_hour,6039
5999,500,100.57256071018858,16.018,17.292,637,81,0,0.05,0.10050127391517162,100000,uneven,6040
6000,500,7.836375990330053,3.234,3.646,206,83,0,0.05,0.09856563162058592,100000,low_uniform,6041
6001,500,118.24330032026447,16.402,17.726,662,75,0,0.05,0.09912624360620975,100000,uneven,6042
6002,500,96.79000708428808,16.122,17.396,637,81,0,0.05,0.10207139965891839,100000,rush_hour,6043
6003,500,98.5793341657447,22.344,23.79,723,62,0,0.05,0.10245232079178095,100000,uneven,6044
6004,82,-52.780922760869316,48.5,49.97560975609756,121,9,1,0.05,0.09729517051359503,100000,high_uniform,6045
6005,117,-73.62519755427836,54.76923076923077,56.34188034188034,184,11,1,0.05,0.0986031874632224,100000,high_uniform,6046
6006,500,105.08225281081225,17.468,18.78,656,78,0,0.05,0.10103262880444527,100000,uniform_medium,6047
6007,500,98.66510797862064,13.274,14.452,589,90,0,0.05,0.09930485386401415,100000,uniform_medium,6048
6008,500,98.66096965816327,17.866,19.168,651,75,0,0.05,0.10013575983792543,100000,uneven,6049
6009,500,3.53744227640048,3.75,4.132,191,72,0,0.05,0.10015645012259483,100000,low_uniform,6050
6010,500,9.105672149485128,3.63,4.03,200,73,0,0.05,0.09904686322808266,100000,low_uniform,6051
6011,500,107.35714487797364,11.44,12.61,585,90,0,0.05,0.09863182578980922,100000,uniform_medium,6052
6012,500,76.21158182473822,21.244,22.586,671,74,0,0.05,0.1003747598528862,100000,uneven,6053
6013,500,101.00053770095919,15.098,16.346,624,85,0,0.05,0.10076882512122393,100000,uneven,6054
6014,112,-60.92531591387964,50.36607142857143,51.88392857142857,170,12,1,0.05,0.1044692595356277,100000,high_uniform,6055
6015,111,-37.43643447281136,40.47747747747748,42.04504504504504,174,11,1,0.05,0.1026244688074331,100000,high_uniform,6056
6016,500,4.835800655248236,3.432,3.794,181,70,0,0.05,0.10114214397966861,100000,low_uniform,6057
6017,500,115.76275024996363,13.006,14.228,611,85,0,0.05,0.10023123341798783,100000,uniform_medium,6058
6018,500,12.422870523739224,3.852,4.238,193,59,0,0.05,0.10056241869926452,100000,low_uniform,6059
6019,500,83.48679727220906,21.276,22.646,685,71,0,0.05,0.10039569403231144,100000,uneven,6060
6020,500,108.06578901167569,18.216,19.574,679,72,0,0.05,0.09942849047482014,100000,uneven,6061
6021,500,90.30996228963245,15.992,17.224,616,86,0,0.05,0.10062796448916198,100000,uniform_medium,6062
6022,500,92.44378432676173,10.506,11.576,535,96,0,0.05,0.09747805964201689,100000,uniform_medium,6063
6023,500,81.75074448387738,15.66,16.852,596,87,0,0.05,0.09697007551789284,100000,uniform_medium,6064
6024,500,102.57403042967705,18.866,20.234,684,72,0,0.05,0.1005341650620103,100000,rush_hour,6065
6025,146,-43.97896027889966,44.06849315068493,45.66438356164384,233,14,1,0.05,0.09770082353218777,100000,high_uniform,6066
6026,500,94.86509541100706,19.174,20.504,665,75,0,0.05,0.0993837094977498,100000,uneven,6067
6027,78,-46.30424673111845,40.17948717948718,41.41025641025641,96,11,1,0.05,0.09402091920566864,100000,high_uniform,6068
6028,500,83.56570358309011,19.386,20.714,664,78,0,0.05,0.0980844926610589,100000,uneven,6069
6029,101,-51.44618387722889,47.62376237623762,49.118811881188115,151,11,1,0.05,0.09999914825110152,100000,high_uniform,6070
6030,500,112.26902880477081,12.214,13.396,591,87,0,0.05,0.09883618520200252,100000,uniform_medium,6071
6031,500,117.06710320357679,16.276,17.59,657,78,0,0.05,0.09840861026197673,100000,rush_hour,6072
6032,500,106.05017762273616,17.066,18.378,656,78,0,0.05,0.09436772883683443,100000,uneven,6073
6033,500,98.1379536990744,19.966,21.338,686,72,0,0.05,0.09546323586255312,100000,uneven,6074
6034,500,87.77479564907864,22.218,23.604,693,65,0,0.05,0.09815827050805091,100000,rush_hour,6075
6035,500,95.60834422952671,12.522,13.68,579,89,0,0.05,0.09887067775428295,100000,uniform_medium,6076
6036,500,8.331853085291595,2.934,3.322,194,78,0,0.05,0.1000155907869339,100000,low_uniform,6077
6037,94,-70.02838823031017,51.08510638297872,52.340425531914896,118,7,1,0.05,0.1014249685042082,100000,high_uniform,6078
6038,500,93.79001745918448,12.278,13.396,559,91,0,0.05,0.09951783007383347,100000,uniform_medium,6079
6039,100,-48.07618079250916,43.37,44.8,143,12,1,0.05,0.09864674109965563,100000,high_uniform,6080
6040,500,94.53432960860835,15.238,16.45,606,85,0,0.05,0.10199361515045166,100000,uniform_medium,6081
6041,500,99.68098735474977,13.738,14.924,593,86,0,0.05,0.10241817154735326,100000,uniform_medium,6082
6042,500,95.6305283350159,12.712,13.844,566,83,0,0.05,0.09940298373252153,100000,uniform_medium,6083
6043,500,85.63264563202203,13.624,14.766,571,88,0,0.05,0.10006368536502123,100000,uniform_medium,6084
6044,500,44.55830810086658,21.738,23.02,641,72,0,0.05,0.09822993774712085,100000,uneven,6085
6045,79,-51.487482246537475,39.74683544303797,41.075949367088604,105,10,1,0.05,0.1034369684661491,100000,high_uniform,6086
6046,103,-48.87663224404864,39.77669902912621,41.18446601941748,145,12,1,0.05,0.09968806314960267,100000,high_uniform,6087
6047,500,12.468102380825922,2.546,2.916,185,73,0,0.05,0.10450351549685001,100000,low_uniform,6088
6048,116,-60.23340337330802,49.12068965517241,50.6551724137931,178,13,1,0.05,0.09994323317218444,100000,high_uniform,6089
6049,500,5.966071175673501,3.774,4.19,208,82,0,0.05,0.10307648374140263,100000,low_uniform,6090
6050,500,74.53156040309996,13.446,14.556,555,90,0,0.05,0.10080316341668367,100000,uniform_medium,6091
6051,113,-112.49765274542042,65.12389380530973,66.49557522123894,155,17,1,0.05,0.09935324909412756,100000,high_uniform,6092
6052,500,7.202603258293056,4.098,4.462,182,60,0,0.05,0.10065529784560204,100000,low_uniform,6093
6053,500,90.99123104137986,13.714,14.862,574,85,0,0.05,0.10119328995794058,100000,uniform_medium,6094
6054,500,91.26102596219616,12.802,13.962,580,91,0,0.05,0.10174900910258293,100000,uniform_medium,6095
6055,500,104.42550866783772,19.684,21.066,691,70,0,0.05,0.09586214026808738,100000,rush_hour,6096
6056,500,81.19971879103133,20.636,21.99,677,69,0,0.05,0.09824375040829182,100000,rush_hour,6097
6057,500,13.737294505036576,4.072,4.486,207,67,0,0.05,0.0993570985198021,100000,low_uniform,6098
6058,500,57.51957433714777,21.266,22.534,634,82,0,0.05,0.09771567256748677,100000,uneven,6099
6059,500,121.91545296973797,15.706,17.024,659,76,0,0.05,0.09620560486614704,100000,uneven,6100
6060,500,99.33040350099566,15.914,17.156,621,80,0,0.05,0.09870791163295507,100000,uniform_medium,6101
6061,127,-30.205514330615276,39.645669291338585,41.181102362204726,195,13,1,0.05,0.1001180074815675,100000,high_uniform,6102
6062,500,103.61624046321526,18.708,20.056,674,75,0,0.05,0.09851291178911924,100000,uneven,6103
6063,500,104.38541093705295,14.556,15.802,623,84,0,0.05,0.0970746139883995,100000,uniform_medium,6104
6064,500,3.944205456241077,3.53,3.934,202,81,0,0.05,0.09665793337672948,100000,low_uniform,6105
6065,500,89.86780165520112,13.722,14.864,571,89,0,0.05,0.09558335138857364,100000,uniform_medium,6106
6066,500,80.33828650896918,12.226,13.318,546,96,0,0.05,0.0981005279123783,100000,uniform_medium,6107
6067,500,102.55931923629511,12.748,13.934,593,92,0,0.05,0.09957646161317825,100000,uniform_medium,6108
6068,500,93.74661825579437,15.614,16.86,623,85,0,0.05,0.09734726934880018,100000,uniform_medium,6109
6069,500,12.476848411204763,3.212,3.596,192,70,0,0.05,0.09919630563259124,100000,low_uniform,6110
6070,500,66.88708681575675,24.046,25.438,696,71,0,0.05,0.09546390871703625,100000,rush_hour,6111
6071,500,3.15173652343928,3.332,3.704,186,74,0,0.05,0.09679321490973235,100000,low_uniform,6112
6072,500,77.49172789236759,21.296,22.638,671,73,0,0.05,0.09478558111935854,100000,uneven,6113
6073,500,93.51590989076917,21.162,22.54,689,66,0,0.05,0.09896308945864439,100000,uneven,6114
6074,500,45.47582561845999,27.31,28.716,703,68,0,0.05,0.09855126900970936,100000,uneven,6115
6075,500,101.18695575496233,16.816,18.104,644,77,0,0.05,0.09767811735719442,100000,rush_hour,6116
6076,500,7.730542699853292,3.476,3.838,181,65,0,0.05,0.09863915930688381,100000,low_uniform,6117
6077,500,89.0100026948279,16.9,18.162,631,82,0,0.05,0.09648000429570674,100000,uniform_medium,6118
6078,500,17.979125759978306,3.664,4.1,218,73,0,0.05,0.0960855550467968,100000,low_uniform,6119
6079,112,-53.65604787951638,47.67857142857143,49.232142857142854,174,11,1,0.05,0.0959042111810829,100000,high_uniform,6120
6080,500,88.29707793879622,19.914,21.258,672,78,0,0.05,0.09636941562592984,100000,uneven,6121
6081,500,92.02185859084767,18.994,20.326,666,75,0,0.05,0.09675623191893101,100000,rush_hour,6122
6082,500,92.95182157535166,14.308,15.482,587,86,0,0.05,0.09642794387042522,100000,uniform_medium,6123
6083,500,85.61263636009326,13.452,14.568,558,90,0,0.05,0.0989035407602787,100000,uniform_medium,6124
6084,500,80.96380249342077,17.74,18.998,629,82,0,0.05,0.09534602634608745,100000,rush_hour,6125
6085,500,101.30457550572524,16.108,17.39,641,79,0,0.05,0.09561468011885882,100000,uneven,6126
6086,500,51.59432828495792,28.142,29.58,719,64,0,0.05,0.09518875792622566,100000,uneven,6127
6087,83,-52.73666119834187,34.903614457831324,36.024096385542165,93,12,1,0.05,0.09544626569532487,100000,high_uniform,6128
6088,83,-34.23840214222928,35.674698795180724,37.10843373493976,119,11,1,0.05,0.09109645256076951,100000,high_uniform,6129
6089,500,86.92023305656201,17.236,18.504,634,81,0,0.05,0.09849868795275687,100000,uniform_medium,6130
6090,500,67.76221236491119,23.376,24.79,707,67,0,0.05,0.09680425710976123,100000,uneven,6131
6091,500,83.64988764868107,12.348,13.456,554,96,0,0.05,0.09706626711785793,100000,uniform_medium,6132
6092,500,96.31922245082184,17.692,18.978,643,73,0,0.05,0.09479219055175782,100000,rush_hour,6133
6093,500,11.68311892257865,3.16,3.516,178,62,0,0.05,0.095882672034204,100000,low_uniform,6134
6094,94,-40.32178290952002,40.808510638297875,42.287234042553195,139,11,1,0.05,0.09524147993231073,100000,high_uniform,6135
6095,500,93.34322469732194,12.756,13.896,570,92,0,0.05,0.09513750845193863,100000,uniform_medium,6136
6096,500,104.96456666832985,21.294,22.698,702,66,0,0.05,0.09399838373064995,100000,uneven,6137
6097,500,67.97981773656802,27.0,28.458,729,64,0,0.05,0.09532134584337473,100000,uneven,6138
6098,500,93.99894990391282,17.574,18.862,644,80,0,0.05,0.09461540802568197,100000,rush_hour,6139
6099,500,105.74662325004725,21.744,23.19,723,65,0,0.05,0.0923262833431363,100000,uneven,6140
6100,500,90.99827505806695,13.726,14.888,581,90,0,0.05,0.09316216930001973,100000,uniform_medium,6141
6101,500,94.51871303222053,16.014,17.256,621,84,0,0.05,0.09262110217660666,100000,uniform_medium,6142
6102,500,90.94620639771864,17.546,18.828,641,76,0,0.05,0.0906576670408249,100000,rush_hour,6143
6103,77,-44.96139340176469,44.55844155844156,46.02597402597402,113,7,1,0.05,0.09875472586650352,100000,high_uniform,6144
6104,500,8.387747337561333,4.052,4.442,195,66,0,0.05,0.0905970652922988,100000,low_uniform,6145
6105,500,62.94609222063828,23.794,25.176,691,72,0,0.05,0.09371597824990749,100000,rush_hour,6146
6106,500,75.6066223620704,24.052,25.48,714,67,0,0.05,0.09450887082517147,100000,uneven,6147
6107,500,11.836489543707536,3.078,3.492,207,82,0,0.05,0.09268591998517513,100000,low_uniform,6148
6108,500,67.38611523422672,25.95,27.39,720,65,0,0.05,0.09531231892853975,100000,uneven,6149
6109,500,89.6243797965108,20.98,22.362,691,70,0,0.05,0.09579781578481197,100000,uneven,6150
6110,500,89.2364075001799,18.282,19.594,656,79,0,0.05,0.09743857473134994,100000,uneven,6151
6111,500,108.15592548462728,17.978,19.318,670,72,0,0.05,0.09711084444075822,100000,rush_hour,6152
6112,138,-59.877439210065724,49.94202898550725,51.44927536231884,208,14,1,0.05,0.09540534456786902,100000,high_uniform,6153
6113,113,-47.63134656285594,42.80530973451327,44.30088495575221,169,13,1,0.05,0.09578490422099037,100000,high_uniform,6154
6114,500,106.32658290332702,17.15,18.448,649,78,0,0.05,0.09834054677933454,100000,uneven,6155
6115,500,7.726394197694757,3.8,4.194,197,71,0,0.05,0.09732704186439514,100000,low_uniform,6156
6116,500,3.577619154547412,4.4,4.804,202,73,0,0.05,0.09504504341632128,100000,low_uniform,6157
6117,500,106.90107143788937,19.104,20.48,688,70,0,0.05,0.09608730261772871,100000,rush_hour,6158
6118,500,109.70985621043484,14.384,15.63,623,84,0,0.05,0.09568119437247515,100000,uniform_medium,6159
6119,125,-45.66308994596469,44.16,45.608,181,15,1,0.05,0.09668818879127503,100000,high_uniform,6160
6120,500,89.88889477506659,14.632,15.822,595,89,0,0.05,0.09617794850468636,100000,uniform_medium,6161
6121,500,100.92480136621522,11.946,13.084,569,91,0,0.05,0.0971413344964385,100000,uniform_medium,6162
6122,139,-86.91844989205089,54.172661870503596,55.63309352517986,203,17,1,0.05,0.0981163909966997,100000,high_uniform,6163
6123,500,67.06338991762752,23.45,24.806,678,73,0,0.05,0.09683575583994389,100000,rush_hour,6164
6124,105,-47.939605542723626,41.8,43.17142857142857,144,10,1,0.05,0.10033613393704097,100000,high_uniform,6165
6125,500,11.36376432112282,2.88,3.256,188,72,0,0.05,0.09780682914704085,100000,low_uniform,6166
6126,500,104.7107014829447,13.992,15.218,613,88,0,0.05,0.09875693198293448,100000,uniform_medium,6167
6127,500,16.938798348496935,4.436,4.872,218,67,0,0.05,0.09555203767120839,100000,low_uniform,6168
6128,500,91.17198156864372,17.594,18.898,652,79,0,0.05,0.09663717370480299,100000,rush_hour,6169
6129,500,106.43853727078502,10.968,12.104,568,94,0,0.05,0.09598902013897896,100000,uniform_medium,6170
6130,500,101.2059936385564,10.788,11.898,555,94,0,0.05,0.09626323721557856,100000,uniform_medium,6171
6131,500,10.398092633658232,3.692,4.09,199,68,0,0.05,0.09563887569308281,100000,low_uniform,6172
6132,64,-43.23034176310026,35.75,36.765625,65,6,1,0.05,0.09795975359156728,100000,high_uniform,6173
6133,500,73.96963701641886,21.76,23.102,671,77,0,0.05,0.09433147218078375,100000,rush_hour,6174
6134,136,-66.24181003052512,48.205882352941174,49.63970588235294,195,12,1,0.05,0.09626113779514152,100000,high_uniform,6175
6135,500,128.42892607456668,13.492,14.768,638,80,0,0.05,0.09744903171062469,100000,uneven,6176
6136,500,1.2483881763860052,3.024,3.37,173,71,0,0.05,0.0950170211866498,100000,low_uniform,6177
6137,500,8.146556522450172,3.954,4.348,197,70,0,0.05,0.0949589694365859,100000,low_uniform,6178
6138,500,74.83334617718214,19.332,20.648,658,78,0,0.05,0.09404753897339106,100000,uneven,6179
6139,500,15.308384199663632,2.78,3.202,211,82,0,0.05,0.09710029309242964,100000,low_uniform,6180
6140,109,-63.11491412572072,47.678899082568805,49.20183486238532,166,12,1,0.05,0.09243279951838178,100000,high_uniform,6181
6141,500,89.57484519664919,15.048,16.26,606,86,0,0.05,0.09473321180790663,100000,uniform_medium,6182
6142,500,9.114695685486414,4.608,5.03,211,71,0,0.05,0.09424314433336257,100000,low_uniform,6183
6143,105,-64.53255143835003,51.523809523809526,53.02857142857143,158,13,1,0.05,0.08840065264985675,100000,high_uniform,6184
6144,500,109.49689381117823,15.45,16.728,639,80,0,0.05,0.09211783473193645,100000,rush_hour,6185
6145,500,7.048796797252313,3.442,3.83,194,74,0,0.05,0.09618004405498505,100000,low_uniform,6186
6146,500,96.50890285403915,19.848,21.206,679,71,0,0.05,0.09364925419539213,100000,rush_hour,6187
6147,74,-35.85469818265791,38.86486486486486,40.310810810810814,107,8,1,0.05,0.09998731128871441,100000,high_uniform,6188
6148,500,93.63625363562144,19.776,21.13,677,75,0,0.05,0.09631109290570021,100000,uneven,6189
6149,500,7.040101165740977,3.404,3.78,188,68,0,0.05,0.09586250738054514,100000,low_uniform,6190
6150,500,97.49106818291021,18.516,19.86,672,75,0,0.05,0.09944388150423765,100000,rush_hour,6191
6151,500,4.5384757254698025,3.892,4.278,193,71,0,0.05,0.0958720887452364,100000,low_uniform,6192
6152,500,55.77247808313856,25.458,26.856,699,68,0,0.05,0.09647208327054978,100000,rush_hour,6193
6153,500,106.40907623070265,19.024,20.382,679,69,0,0.05,0.09650110367685556,100000,uneven,6194
6154,500,102.42667490034623,13.602,14.81,604,89,0,0.05,0.09620967593044043,100000,uniform_medium,6195
6155,500,0.32405507539643746,3.56,3.918,179,72,0,0.05,0.09566913186758756,100000,low_uniform,6196
6156,500,116.70997604503596,17.592,18.956,682,72,0,0.05,0.09489423981308936,100000,uneven,6197
6157,500,5.686608378547815,3.318,3.694,188,74,0,0.05,0.09343866138905287,100000,low_uniform,6198
6158,500,91.0344762810305,22.234,23.616,691,65,0,0.05,0.09219456518441439,100000,uneven,6199
6159,500,102.94878742666766,18.824,20.174,675,72,0,0.05,0.09674930255115032,100000,uneven,6200
6160,500,98.99383758161414,12.276,13.434,579,95,0,0.05,0.09411008632183075,100000,uniform_medium,6201
6161,500,105.50620760844453,15.408,16.674,633,80,0,0.05,0.09190664545446635,100000,uniform_medium,6202
6162,500,87.6415421957353,12.852,13.994,571,94,0,0.05,0.09426216603070497,100000,uniform_medium,6203
6163,500,103.08865896161035,12.374,13.546,586,91,0,0.05,0.09388177477568388,100000,uniform_medium,6204
6164,500,7.825161197408814,3.916,4.324,204,76,0,0.05,0.09392385956645012,100000,low_uniform,6205
6165,500,100.47322094933429,10.436,11.544,554,97,0,0.05,0.09401391715556383,100000,uniform_medium,6206
6166,500,123.33331933936105,15.416,16.744,664,78,0,0.05,0.09388318820297718,100000,uneven,6207
6167,500,99.84769720349291,12.448,13.6,576,90,0,0.05,0.09633729556947947,100000,uniform_medium,6208
6168,500,119.32898656112054,16.102,17.418,658,75,0,0.05,0.09364523984491825,100000,uneven,6209
6169,500,92.1701143157362,19.298,20.65,676,72,0,0.05,0.09164687965810299,100000,rush_hour,6210
6170,500,104.28407309009084,17.346,18.644,649,74,0,0.05,0.09371936868876218,100000,uneven,6211
6171,67,-54.75921775647237,40.47761194029851,41.582089552238806,74,6,1,0.05,0.09626667407244,100000,high_uniform,6212
6172,500,99.720169714023,13.416,14.592,588,87,0,0.05,0.09387342192977667,100000,uniform_medium,6213
6173,500,88.44702225846584,18.99,20.322,666,74,0,0.05,0.0935273429453373,100000,rush_hour,6214
6174,500,94.83194608662268,10.94,12.036,548,95,0,0.05,0.09406430381536483,100000,uniform_medium,6215
6175,122,-68.03017524208032,49.540983606557376,51.09016393442623,189,13,1,0.05,0.09756584957119871,100000,high_uniform,6216
6176,99,-65.2851101932235,46.26262626262626,47.656565656565654,138,14,1,0.05,0.09609730421292662,100000,high_uniform,6217
6177,500,86.25641938561532,22.124,23.522,699,70,0,0.05,0.09665868291258813,100000,uneven,6218
6178,91,-47.27231645842113,45.10989010989011,46.604395604395606,136,11,1,0.05,0.09760078632242077,100000,high_uniform,6219
6179,500,111.3347088177122,17.476,18.808,666,76,0,0.05,0.09615157490223646,100000,uneven,6220
6180,500,30.646995217731693,27.152,28.524,686,67,0,0.05,0.09554959865659475,100000,rush_hour,6221
6181,500,54.313219684158994,19.658,20.872,607,87,0,0.05,0.09676607084274293,100000,uniform_medium,6222
6182,500,100.01399028875556,21.794,23.226,716,65,0,0.05,0.095523166783154,100000,rush_hour,6223
6183,500,6.437315873365927,2.988,3.338,175,69,0,0.05,0.09474382022768259,100000,low_uniform,6224
6184,500,105.79888960538794,19.496,20.872,688,69,0,0.05,0.09652175819128751,100000,rush_hour,6225
6185,500,17.578211145749258,3.762,4.156,197,57,0,0.05,0.09249931295216084,100000,low_uniform,6226
6186,500,106.87554084157097,16.764,18.078,657,79,0,0.05,0.0918721039518714,100000,rush_hour,6227
6187,500,105.23583668927836,13.24,14.402,581,81,0,0.05,0.0918465893343091,100000,uniform_medium,6228
6188,500,89.28486862700126,19.608,20.924,658,75,0,0.05,0.09093895837664605,100000,rush_hour,6229
6189,500,14.464784445296097,3.382,3.806,212,77,0,0.05,0.09399179215729236,100000,low_uniform,6230
6190,75,-52.14651325671857,46.6,48.0,105,10,1,0.05,0.0917059684296449,100000,high_uniform,6231
6191,500,43.669380255422865,26.452,27.826,687,73,0,0.05,0.09221590959280729,100000,rush_hour,6232
6192,500,5.866173829632683,3.196,3.55,177,70,0,0.05,0.09347616942226887,100000,low_uniform,6233
6193,500,103.6561086669339,12.37,13.54,585,89,0,0.05,0.0918724175542593,100000,uniform_medium,6234
6194,500,7.174082630934809,3.542,3.904,181,65,0,0.05,0.09272845450043678,100000,low_uniform,6235
6195,500,113.25040121023827,12.338,13.524,593,83,0,0.05,0.09167040646076202,100000,uniform_medium,6236
6196,500,101.67716999429058,12.632,13.792,580,90,0,0.05,0.08954509177058935,100000,uniform_medium,6237
6197,500,108.41944641438171,21.988,23.424,718,60,0,0.05,0.09089604245126247,100000,uneven,6238
6198,500,88.51962145924062,14.894,16.088,597,84,0,0.05,0.09225738482922316,100000,uniform_medium,6239
6199,500,0.23834461022595077,3.786,4.138,176,67,0,0.05,0.0901149972602725,100000,low_uniform,6240
6200,500,9.664197166303488,3.392,3.814,211,82,0,0.05,0.09273578731715679,100000,low_uniform,6241
6201,500,72.14451042277207,22.788,24.158,685,73,0,0.05,0.09318770142644643,100000,rush_hour,6242
6202,500,91.51981786726222,19.22,20.554,667,77,0,0.05,0.0953120538815856,100000,rush_hour,6243
6203,500,99.43894736665112,13.184,14.39,603,88,0,0.05,0.09588296765834094,100000,uniform_medium,6244
6204,500,10.483047155381856,3.644,4.048,202,71,0,0.05,0.09391831005364656,100000,low_uniform,6245
6205,500,18.201606789180673,2.654,3.008,177,59,0,0.05,0.09396068232506513,100000,low_uniform,6246
6206,500,100.5716899263935,19.126,20.478,676,75,0,0.05,0.09834357067942619,100000,rush_hour,6247
6207,500,98.6613574799536,20.4,21.776,688,69,0,0.05,0.09525772820413113,100000,uneven,6248
6208,500,105.67540853337081,21.71,23.128,709,61,0,0.05,0.09590062430500984,100000,uneven,6249
6209,500,108.10684509827551,11.474,12.626,576,88,0,0.05,0.0982005956992507,100000,uniform_medium,6250
6210,500,72.55438931896983,25.352,26.764,706,61,0,0.05,0.09801019106060266,100000,uneven,6251
6211,500,4.902202205621084,4.186,4.586,200,73,0,0.05,0.09548852064460515,100000,low_uniform,6252
6212,500,95.56858957918548,18.72,20.05,665,74,0,0.05,0.09664118535071611,100000,uneven,6253
6213,86,-44.21531284692948,42.63953488372093,44.06976744186046,123,11,1,0.05,0.09865906388433866,100000,high_uniform,6254
6214,500,104.18760461945057,12.042,13.198,578,92,0,0.05,0.09649707973748446,100000,uniform_medium,6255
6215,500,86.76629076806816,17.114,18.378,632,80,0,0.05,0.0964697394669056,100000,uneven,6256
6216,500,65.8174190156923,21.954,23.298,672,76,0,0.05,0.09463519547879697,100000,uneven,6257
6217,109,-78.1875029515988,49.055045871559635,50.38532110091743,145,12,1,0.05,0.0940048459814776,100000,high_uniform,6258
6218,500,-3.3512911508255474,3.112,3.522,205,98,0,0.05,0.09536576800048352,100000,low_uniform,6259
6219,500,17.56213083741836,4.108,4.506,199,57,0,0.05,0.0973157599568367,100000,low_uniform,6260
6220,500,110.17552661092861,16.394,17.674,640,73,0,0.05,0.09486359456926584,100000,rush_hour,6261
6221,500,84.03555642168531,14.056,15.186,565,84,0,0.05,0.09468711566179991,100000,uniform_medium,6262
6222,500,86.17481283488702,13.432,14.586,577,92,0,0.05,0.09589006645977496,100000,uniform_medium,6263
6223,500,118.1674043642604,15.722,17.044,661,75,0,0.05,0.09517093788832426,100000,uneven,6264
6224,500,108.24736078033088,13.514,14.748,617,88,0,0.05,0.09571018704026937,100000,uniform_medium,6265
6225,500,102.4697914106657,11.888,13.032,572,87,0,0.05,0.09455571654438973,100000,uniform_medium,6266
6226,500,103.29183412002907,18.034,19.362,664,74,0,0.05,0.09662480068951845,100000,uneven,6267
6227,139,-81.35112715901548,47.86330935251799,49.23741007194245,191,19,1,0.05,0.10061058131374902,100000,high_uniform,6268
6228,500,103.52123976182477,15.844,17.134,645,79,0,0.05,0.09475951306521893,100000,uneven,6269
6229,500,10.676879297967158,3.114,3.486,186,69,0,0.05,0.09408906489610672,100000,low_uniform,6270
6230,70,-39.89031127533197,35.885714285714286,37.142857142857146,88,10,1,0.05,0.09822368680366449,100000,high_uniform,6271
6231,140,-42.774756665664356,44.65714285714286,46.24285714285714,222,12,1,0.05,0.09802700935729912,100000,high_uniform,6272
6232,500,32.920564901094586,28.45,29.848,699,70,0,0.05,0.09776573840528727,100000,uneven,6273
6233,500,7.1660536138071596,3.536,3.908,186,67,0,0.05,0.09742432271689176,100000,low_uniform,6274
6234,500,6.378800374980605,4.208,4.59,191,65,0,0.05,0.09604949638992548,100000,low_uniform,6275
6235,500,91.72580958604283,21.63,23.008,689,67,0,0.05,0.09428172679245472,100000,uneven,6276
6236,500,110.15070655344242,19.438,20.824,693,69,0,0.05,0.0938840070143342,100000,uneven,6277
6237,500,89.01830598036847,19.592,20.918,663,71,0,0.05,0.09515855742990971,100000,rush_hour,6278
6238,500,111.04680495735396,14.386,15.61,612,79,0,0.05,0.09350708932429552,100000,uniform_medium,6279
6239,500,91.7434017812674,20.928,22.302,687,71,0,0.05,0.0947606393545866,100000,rush_hour,6280
6240,500,118.60885836033702,13.488,14.72,616,79,0,0.05,0.097067429125309,100000,uniform_medium,6281
6241,500,100.50543762238432,19.744,21.106,681,72,0,0.05,0.093429658934474,100000,uneven,6282
6242,500,0.883274831390342,4.376,4.746,185,64,0,0.05,0.09551388756930829,100000,low_uniform,6283
6243,500,114.04126440290278,18.278,19.65,686,73,0,0.05,0.09341543395072222,100000,rush_hour,6284
6244,500,110.06961608376332,12.208,13.39,591,90,0,0.05,0.09356791514158248,100000,uniform_medium,6285
6245,500,77.77516053352547,21.896,23.266,685,71,0,0.05,0.09551770026236772,100000,rush_hour,6286
6246,500,108.49565119844466,12.306,13.486,590,91,0,0.05,0.09463024411350489,100000,uniform_medium,6287
6247,500,61.714682171946016,21.722,23.05,664,77,0,0.05,0.09162556915730238,100000,uneven,6288
6248,90,-54.2807607588631,44.32222222222222,45.74444444444445,128,12,1,0.05,0.09456990659236908,100000,high_uniform,6289
6249,500,4.331553305593518,2.996,3.352,178,73,0,0.05,0.09363514272123576,100000,low_uniform,6290
6250,500,8.260508159117729,3.508,3.92,206,80,0,0.05,0.0960627538561821,100000,low_uniform,6291
6251,500,109.34491699938508,20.432,21.82,694,66,0,0.05,0.09379667920619249,100000,uneven,6292
6252,500,1.5714835648803533,3.24,3.596,178,72,0,0.05,0.09485688281059265,100000,low_uniform,6293
6253,500,101.87113991456773,12.044,13.176,566,88,0,0.05,0.09697527360171079,100000,uniform_medium,6294
6254,110,-68.87195814240778,47.22727272727273,48.654545454545456,157,12,1,0.05,0.09164848927069794,100000,high_uniform,6295
6255,500,92.34662677446671,13.592,14.754,581,91,0,0.05,0.09316066298633814,100000,uniform_medium,6296
6256,500,7.461181435949436,3.368,3.776,204,82,0,0.05,0.0949152128919959,100000,low_uniform,6297
6257,500,80.1399836172561,21.584,22.954,685,72,0,0.05,0.09359847274422646,100000,uneven,6298
6258,500,80.45923613400625,23.422,24.828,703,67,0,0.05,0.08962349501252174,100000,uneven,6299
6259,500,99.62275630647841,21.864,23.272,704,68,0,0.05,0.09524521761387586,100000,uneven,6300
6260,500,95.51592393338254,16.992,18.28,644,80,0,0.05,0.09154735881090165,100000,rush_hour,6301
6261,500,18.556002815945583,3.45,3.88,215,74,0,0.05,0.09092018639296293,100000,low_uniform,6302
6262,123,-72.62755147647248,45.552845528455286,46.829268292682926,157,13,1,0.05,0.09136285581360988,100000,high_uniform,6303
6263,500,106.97371085583046,11.368,12.516,574,92,0,0.05,0.0927485139593482,100000,uniform_medium,6304
6264,500,104.05670427140308,18.438,19.78,671,71,0,0.05,0.0957533804550767,100000,rush_hour,6305
6265,125,-38.291755582716334,39.048,40.544,187,15,1,0.05,0.09406104028224944,100000,high_uniform,6306
6266,500,15.268472071496593,3.814,4.244,215,73,0,0.05,0.09459148432314396,100000,low_uniform,6307
6267,500,113.4896417246022,17.73,19.09,680,67,0,0.05,0.09017170584201813,100000,uneven,6308
6268,500,10.79729961623993,2.878,3.232,177,67,0,0.05,0.09341912494599819,100000,low_uniform,6309
6269,500,104.64289208062254,12.44,13.584,572,85,0,0.05,0.09363221632689238,100000,uniform_medium,6310
6270,500,90.78743495006907,21.854,23.248,697,67,0,0.05,0.09309351900219917,100000,uneven,6311
6271,88,-70.91884594530362,49.60227272727273,50.84090909090909,109,9,1,0.05,0.08788119760257276,100000,high_uniform,6312
6272,500,86.41707973654508,21.794,23.176,691,69,0,0.05,0.09348723136633634,100000,uneven,6313
6273,115,-78.18008063155439,53.26086956521739,54.68695652173913,164,8,1,0.05,0.09461756870150566,100000,high_uniform,6314
6274,500,99.56426760634903,17.586,18.892,653,75,0,0.05,0.095526049092412,100000,rush_hour,6315
6275,127,-54.15517838269205,40.77952755905512,42.13385826771653,172,14,1,0.05,0.09293336154321047,100000,high_uniform,6316
6276,500,10.05262691335395,3.168,3.564,198,75,0,0.05,0.09626385468989611,100000,low_uniform,6317
6277,500,7.937528274239616,3.616,3.994,189,67,0,0.05,0.09577300292253495,100000,low_uniform,6318
6278,500,96.70845206576764,22.594,24.024,715,63,0,0.05,0.09669290463626384,100000,uneven,6319
6279,500,11.22792079046975,2.528,2.886,179,71,0,0.05,0.09691627076268196,100000,low_uniform,6320
6280,500,99.96124826272738,10.84,11.958,559,97,0,0.05,0.09666707765311003,100000,uniform_medium,6321
6281,500,3.914701778680973,3.432,3.846,207,86,0,0.05,0.09444269604980945,100000,low_uniform,6322
6282,500,91.13362673198506,12.71,13.854,572,89,0,0.05,0.0923153295069933,100000,uniform_medium,6323
6283,114,-56.94984247289128,47.91228070175438,49.44736842105263,175,12,1,0.05,0.08762788769315209,100000,high_uniform,6324
6284,500,5.257132256526081,3.21,3.596,193,79,0,0.05,0.09490443277359009,100000,low_uniform,6325
6285,114,-43.98252307107986,40.55263157894737,42.06140350877193,172,11,1,0.05,0.09711755210893196,100000,high_uniform,6326
6286,500,76.75786378701414,19.62,20.9,640,80,0,0.05,0.09604879605025053,100000,rush_hour,6327
6287,500,8.442529617102423,3.41,3.812,201,77,0,0.05,0.09398645513504744,100000,low_uniform,6328
6288,500,8.823258251515158,4.096,4.504,204,72,0,0.05,0.09381986337900161,100000,low_uniform,6329
6289,500,74.13695289897734,15.714,16.896,591,83,0,0.05,0.09151617450267077,100000,uniform_medium,6330
6290,500,-18.894916753586433,28.198,29.458,630,64,0,0.05,0.09376978769898414,100000,rush_hour,6331
6291,120,-41.45645845062142,40.575,42.05,177,15,1,0.05,0.09283102722838521,100000,high_uniform,6332
6292,500,123.22181224092162,14.432,15.722,645,77,0,0.05,0.09607158613950015,100000,uneven,6333
6293,500,4.982745425445038,3.23,3.626,198,83,0,0.05,0.09681128818541765,100000,low_uniform,6334
6294,500,108.55710289859746,19.172,20.566,697,67,0,0.05,0.09633943106234073,100000,uneven,6335
6295,500,23.726580424015317,3.878,4.31,216,61,0,0.05,0.09611875475943088,100000,low_uniform,6336
6296,500,83.3423978379753,21.232,22.588,678,73,0,0.05,0.09641868065297604,100000,uneven,6337
6297,500,9.69731855909156,2.588,2.98,196,82,0,0.05,0.09903211662918329,100000,low_uniform,6338
6298,500,87.34090822515718,21.226,22.6,687,69,0,0.05,0.0966484689116478,100000,rush_hour,6339
6299,500,78.1195890974785,13.318,14.434,558,86,0,0.05,0.09727790534496307,100000,uniform_medium,6340
6300,500,7.765463003590557,3.63,4.014,192,69,0,0.05,0.09587952019274235,100000,low_uniform,6341
6301,500,86.62207451614081,11.438,12.53,546,101,0,0.05,0.09695568430423737,100000,uniform_medium,6342
6302,500,7.641664832487381,3.08,3.486,203,85,0,0.05,0.09570294170826674,100000,low_uniform,6343
6303,500,13.726392247456022,3.324,3.742,209,78,0,0.05,0.09626840168982745,100000,low_uniform,6344
6304,110,-30.94679318781878,33.8,35.263636363636365,161,14,1,0.05,0.08921572681177746,100000,high_uniform,6345
6305,500,106.72110041511866,11.886,13.056,585,91,0,0.05,0.09484358767420054,100000,uniform_medium,6346
6306,500,94.12086869016878,15.1,16.338,619,89,0,0.05,0.09824476736038923,100000,uniform_medium,6347
6307,500,86.35889342962044,21.128,22.498,685,74,0,0.05,0.0978334249407053,100000,rush_hour,6348
6308,500,7.254976029324322,3.144,3.54,198,79,0,0.05,0.09413750521838665,100000,low_uniform,6349
6309,500,104.48079251574238,13.372,14.562,595,85,0,0.05,0.093126817651093,100000,uniform_medium,6350
6310,500,8.978941483896488,4.046,4.428,191,64,0,0.05,0.09238177558034659,100000,low_uniform,6351
6311,131,-68.6202204357299,47.81679389312977,49.274809160305345,191,14,1,0.05,0.09247177205126704,100000,high_uniform,6352
6312,500,98.80075186404277,11.65,12.784,567,92,0,0.05,0.09156525192409753,100000,uniform_medium,6353
6313,500,7.426398909904045,3.156,3.546,195,78,0,0.05,0.09310951895266771,100000,low_uniform,6354
6314,500,10.70072063623632,3.428,3.84,206,77,0,0.05,0.09375030303746462,100000,low_uniform,6355
6315,500,98.20496194653046,19.182,20.538,678,73,0,0.05,0.09303630344569683,100000,rush_hour,6356
6316,500,5.2047817595704435,3.794,4.17,188,68,0,0.05,0.09496988801658153,100000,low_uniform,6357
6317,500,57.24087247772171,26.81,28.214,702,56,0,0.05,0.09385737410187721,100000,uneven,6358
6318,500,80.36335513038753,22.652,24.04,694,70,0,0.05,0.09332790879905224,100000,rush_hour,6359
6319,80,-32.51339048294525,34.8375,36.1875,108,12,1,0.05,0.09020330151543021,100000,high_uniform,6360
6320,500,99.97565468215844,10.814,11.92,553,96,0,0.05,0.09296665189415217,100000,uniform_medium,6361
6321,500,83.0127463890513,21.504,22.878,687,71,0,0.05,0.09409158803522587,100000,uneven,6362
6322,500,93.39093031120379,16.328,17.594,633,80,0,0.05,0.09481193824857473,100000,rush_hour,6363
6323,500,9.191585497096272,3.042,3.426,192,75,0,0.05,0.09656830593198538,100000,low_uniform,6364
6324,500,83.65564236104916,17.612,18.854,621,76,0,0.05,0.09264830596745015,100000,rush_hour,6365
6325,500,76.9830290236466,23.604,25.014,705,67,0,0.05,0.0930534355044365,100000,rush_hour,6366
6326,500,14.271522019837034,3.64,4.066,213,75,0,0.05,0.09149934224039316,100000,low_uniform,6367
6327,500,12.627625247741983,3.2,3.608,204,77,0,0.05,0.09203282756358386,100000,low_uniform,6368
6328,500,65.96224715215095,24.134,25.536,701,68,0,0.05,0.09155189043283463,100000,uneven,6369
6329,500,10.195668894506012,3.018,3.398,190,72,0,0.05,0.09638983479887248,100000,low_uniform,6370
6330,500,101.90979324395371,19.696,21.072,688,70,0,0.05,0.09254984061419964,100000,uneven,6371
6331,500,9.906600088610237,3.192,3.58,194,73,0,0.05,0.09176228553801775,100000,low_uniform,6372
6332,500,113.59308801340538,18.052,19.406,677,71,0,0.05,0.09089415900409221,100000,uneven,6373
6333,500,91.53055246531586,10.536,11.61,537,93,0,0.05,0.09161758617311716,100000,uniform_medium,6374
6334,500,13.03050986285217,3.114,3.504,195,71,0,0.05,0.0884994292408228,100000,low_uniform,6375
6335,500,11.352936686724092,2.83,3.228,199,79,0,0.05,0.09134687261283397,100000,low_uniform,6376
6336,500,12.092088728488491,3.626,4.0,187,62,0,0.05,0.09029625476896763,100000,low_uniform,6377
6337,84,-63.91400855468572,48.0,49.38095238095238,116,11,1,0.05,0.08868523620601211,100000,high_uniform,6378
6338,500,14.141992736977333,4.024,4.438,207,67,0,0.05,0.08920584716647863,100000,low_uniform,6379
6339,500,117.46899763079827,18.142,19.528,693,68,0,0.05,0.08861316797882318,100000,rush_hour,6380
6340,500,116.42810440266817,20.054,21.464,705,64,0,0.05,0.08643880388140679,100000,uneven,6381
6341,500,99.55094004060206,12.184,13.342,579,94,0,0.05,0.08640460949391127,100000,uniform_medium,6382
6342,500,106.63330187150918,17.464,18.802,669,74,0,0.05,0.08612361599504947,100000,rush_hour,6383
6343,500,121.76633921669698,17.174,18.51,668,70,0,0.05,0.08806191842257977,100000,uneven,6384
6344,500,75.17980902986668,24.486,25.902,708,64,0,0.05,0.0873894552141428,100000,uneven,6385
6345,500,8.402630244577967,3.072,3.46,194,77,0,0.05,0.08759176645427942,100000,low_uniform,6386
6346,500,64.41323752806879,26.71,28.152,721,63,0,0.05,0.09005827867984771,100000,uneven,6387
6347,60,-47.20074118828271,41.71666666666667,43.03333333333333,79,9,1,0.05,0.08530562712500493,100000,high_uniform,6388
6348,500,73.40139805540841,22.938,24.344,703,67,0,0.05,0.08951159324496985,100000,rush_hour,6389
6349,129,-69.34929883630365,48.10852713178294,49.55038759689923,186,15,1,0.05,0.08860134420006774,100000,high_uniform,6390
6350,500,117.14315921134876,16.564,17.888,662,74,0,0.05,0.08913068628311158,100000,uneven,6391
6351,500,93.61303627425835,11.376,12.482,553,93,0,0.05,0.08835267707705498,100000,uniform_medium,6392
6352,500,10.315333269331985,2.96,3.322,181,68,0,0.05,0.09094115473330021,100000,low_uniform,6393
6353,500,0.02888442258099455,3.614,4.008,197,84,0,0.05,0.08741208640486002,100000,low_uniform,6394
6354,500,84.09079662201843,21.81,23.182,686,70,0,0.05,0.0900756349414587,100000,rush_hour,6395
6355,500,91.50950760088352,17.878,19.184,653,76,0,0.05,0.088277018353343,100000,uneven,6396
6356,500,105.64340426119462,13.03,14.222,596,86,0,0.05,0.08914254732429981,100000,uniform_medium,6397
6357,500,99.06637472165411,14.246,15.462,608,83,0,0.05,0.09266664079576731,100000,uneven,6398
6358,500,12.484445488898038,3.432,3.84,204,72,0,0.05,0.09037223206460476,100000,low_uniform,6399
6359,500,-1.2094184461959157,3.354,3.716,181,77,0,0.05,0.08922879658639431,100000,low_uniform,6400
6360,76,-49.533771777007885,48.11842105263158,49.671052631578945,118,8,1,0.05,0.08642858227616862,100000,high_uniform,6401
6361,500,108.02300364305576,18.508,19.868,680,72,0,0.05,0.08901291237771511,100000,uneven,6402
6362,500,109.31672037603934,19.936,21.344,704,69,0,0.05,0.08924100030958652,100000,rush_hour,6403
6363,500,116.52064582038419,16.006,17.33,662,74,0,0.05,0.08822462356090546,100000,uneven,6404
6364,500,91.64922860249169,12.834,13.992,579,94,0,0.05,0.0907010582536459,100000,uniform_medium,6405
6365,500,108.26682912319305,18.174,19.516,671,69,0,0.05,0.08895935330539942,100000,rush_hour,6406
6366,103,-55.30717879509662,44.86407766990291,46.33980582524272,152,12,1,0.05,0.088189599004764,100000,high_uniform,6407
6367,500,57.4241161850379,21.336,22.636,650,80,0,0.05,0.08828693916648626,100000,rush_hour,6408
6368,500,10.19840045678959,2.89,3.308,209,85,0,0.05,0.0879812439456582,100000,low_uniform,6409
6369,500,9.878571317986863,4.028,4.438,205,72,0,0.05,0.09151289214938879,100000,low_uniform,6410
6370,500,13.211985828024991,3.346,3.778,216,81,0,0.05,0.0894798901155591,100000,low_uniform,6411
6371,500,100.3688489536881,17.77,19.092,661,77,0,0.05,0.0902672419026494,100000,rush_hour,6412
6372,500,7.476530025147885,3.27,3.69,210,85,0,0.05,0.09408065522462129,100000,low_uniform,6413
6373,500,59.37449725036574,21.808,23.128,660,74,0,0.05,0.08908679603040218,100000,rush_hour,6414
6374,500,102.87710312733215,17.052,18.36,654,74,0,0.05,0.09119160127639771,100000,uneven,6415
6375,500,15.571718239829673,3.454,3.882,214,76,0,0.05,0.09185526368767023,100000,low_uniform,6416
6376,500,69.2964381622335,23.674,25.046,686,72,0,0.05,0.08865517526865005,100000,rush_hour,6417
6377,500,7.661325876089323,3.122,3.516,197,80,0,0.05,0.08908212012052535,100000,low_uniform,6418
6378,500,9.046437687609918,3.726,4.152,213,81,0,0.05,0.08806914625316858,100000,low_uniform,6419
6379,117,-53.20347360702977,42.44444444444444,43.914529914529915,172,13,1,0.05,0.08448121648950455,100000,high_uniform,6420
6380,500,97.60079755070082,12.886,14.044,579,90,0,0.05,0.08989511019736528,100000,uniform_medium,6421
6381,500,99.34761739286276,13.68,14.888,604,89,0,0.05,0.08832145767658948,100000,uniform_medium,6422
6382,500,12.970381679838274,3.47,3.87,200,69,0,0.05,0.09063616462051868,100000,low_uniform,6423
6383,500,68.64888213120813,21.3,22.64,670,77,0,0.05,0.08796987082064152,100000,uneven,6424
6384,500,4.886801267316417,3.228,3.614,193,78,0,0.05,0.08907305718958378,100000,low_uniform,6425
6385,500,112.2655877974302,12.22,13.402,591,85,0,0.05,0.08982992462813855,100000,uniform_medium,6426
6386,162,-81.6539089321375,53.401234567901234,54.907407407407405,244,15,1,0.05,0.09024843283825451,100000,high_uniform,6427
6387,103,-78.77167535532256,53.79611650485437,55.20388349514563,145,11,1,0.05,0.09157302682694879,100000,high_uniform,6428
6388,500,118.42640691315685,14.24,15.51,635,83,0,0.05,0.0896951684653759,100000,uneven,6429
6389,500,100.21817548882737,13.386,14.58,597,86,0,0.05,0.0877585389688611,100000,uniform_medium,6430
6390,500,101.51352784378327,18.574,19.908,667,69,0,0.05,0.08814726987481117,100000,uneven,6431
6391,500,76.28718233202905,24.894,26.336,721,65,0,0.05,0.0869553098976612,100000,uneven,6432
6392,500,104.61320022650321,11.808,12.938,565,87,0,0.05,0.08824818105250597,100000,uniform_medium,6433
6393,500,78.14308287068876,16.744,17.922,589,79,0,0.05,0.09049114245921373,100000,uniform_medium,6434
6394,109,-42.00672929379587,42.37614678899082,43.88073394495413,164,13,1,0.05,0.08636327785089476,100000,high_uniform,6435
6395,87,-76.40983192773535,50.12643678160919,51.206896551724135,94,10,1,0.05,0.09305903478257957,100000,high_uniform,6436
6396,500,14.11003110227863,3.45,3.874,212,78,0,0.05,0.08816992722451687,100000,low_uniform,6437
6397,66,-41.36537138324472,39.42424242424242,40.78787878787879,90,8,1,0.05,0.09578480306222584,100000,high_uniform,6438
6398,500,15.40171034888617,2.77,3.158,194,73,0,0.05,0.08727773201465606,100000,low_uniform,6439
6399,122,-80.1971459403259,51.68032786885246,53.122950819672134,176,15,1,0.05,0.08608472338098971,100000,high_uniform,6440
6400,500,85.1341006456292,17.396,18.664,634,79,0,0.05,0.08954322677105665,100000,rush_hour,6441
6401,102,-42.8076444772784,40.88235294117647,42.35294117647059,150,10,1,0.05,0.09040163209040959,100000,high_uniform,6442
6402,500,98.91635059135415,16.418,17.694,638,80,0,0.05,0.08701525618135929,100000,uneven,6443
6403,500,81.01942376424815,13.334,14.472,569,100,0,0.05,0.0855210081487894,100000,uniform_medium,6444
6404,500,35.00905537717736,28.324,29.754,715,66,0,0.05,0.08847753557562828,100000,rush_hour,6445
6405,500,77.77567918851635,17.79,19.05,630,76,0,0.05,0.08870976692438126,100000,rush_hour,6446
6406,500,74.65881085701984,23.472,24.882,705,69,0,0.05,0.08775053425133228,100000,rush_hour,6447
6407,500,122.83679798992634,17.382,18.748,683,72,0,0.05,0.08668766538053752,100000,uneven,6448
6408,500,86.37590705255374,22.95,24.356,703,67,0,0.05,0.08789766518771648,100000,uneven,6449
6409,138,-84.96350504125003,55.97826086956522,57.471014492753625,206,10,1,0.05,0.08874998643886352,100000,high_uniform,6450
6410,500,106.27218454509884,19.434,20.812,689,71,0,0.05,0.08839958915859461,100000,rush_hour,6451
6411,500,98.87877572926128,19.538,20.918,690,70,0,0.05,0.08916144047677517,100000,rush_hour,6452
6412,105,-66.86900509132477,46.97142857142857,48.31428571428572,141,14,1,0.05,0.09146336121928124,100000,high_uniform,6453
6413,500,14.037099666029253,3.706,4.124,209,72,0,0.05,0.09187911616265773,100000,low_uniform,6454
6414,500,12.745915513366114,3.428,3.828,200,73,0,0.05,0.09194377491623164,100000,low_uniform,6455
6415,500,90.99338531834283,13.32,14.474,577,92,0,0.05,0.09154293972998857,100000,uniform_medium,6456
6416,500,15.86649588340639,2.752,3.166,207,79,0,0.05,0.08982141778618097,100000,low_uniform,6457
6417,500,81.7725967843992,14.03,15.198,584,95,0,0.05,0.09119410622119904,100000,uniform_medium,6458
6418,500,10.393821059689099,3.166,3.552,193,72,0,0.05,0.09231928653270007,100000,low_uniform,6459
6419,500,95.9309661744494,19.406,20.758,676,69,0,0.05,0.09118757354468107,100000,rush_hour,6460
6420,500,13.648686575098814,3.486,3.872,193,66,0,0.05,0.09232502882927657,100000,low_uniform,6461
6421,500,114.62944558085445,17.184,18.526,671,71,0,0.05,0.08938805355131627,100000,uneven,6462
6422,500,99.78751862161145,12.188,13.342,577,93,0,0.05,0.0927880598679185,100000,uniform_medium,6463
6423,500,4.370996514369209,3.454,3.854,200,80,0,0.05,0.09046582797914743,100000,low_uniform,6464
6424,500,85.52065990256254,21.206,22.584,689,71,0,0.05,0.0923018725886941,100000,uneven,6465
6425,500,93.16410698532802,17.042,18.324,641,80,0,0.05,0.08995761893689633,100000,rush_hour,6466
6426,500,84.51413196692484,22.66,24.062,701,65,0,0.05,0.09075368471443652,100000,uneven,6467
6427,500,58.202901562376,23.54,24.89,675,78,0,0.05,0.09095019245147705,100000,rush_hour,6468
6428,107,-52.88622159669869,39.12149532710281,40.44859813084112,142,16,1,0.05,0.089711156229828,100000,high_uniform,6469
6429,500,108.64051935887423,18.958,20.354,698,68,0,0.05,0.09193885340541601,100000,uneven,6470
6430,500,12.044348515395697,3.828,4.216,194,63,0,0.05,0.09043689657747746,100000,low_uniform,6471
6431,500,89.39926928973055,20.548,21.924,688,70,0,0.05,0.09178277642279864,100000,rush_hour,6472
6432,500,96.93322448635675,17.866,19.176,655,76,0,0.05,0.09345479970425367,100000,uneven,6473
6433,500,98.72365916999213,13.59,14.778,594,87,0,0.05,0.09219832361489534,100000,uniform_medium,6474
6434,500,87.77389627041923,13.034,14.18,573,95,0,0.05,0.09167205927520991,100000,uniform_medium,6475
6435,500,116.29968252879162,18.016,19.386,685,71,0,0.05,0.08927154829353094,100000,uneven,6476
6436,500,12.801694262019595,4.246,4.66,207,65,0,0.05,0.08998271906375885,100000,low_uniform,6477
6437,500,63.19995997996483,25.504,26.926,711,64,0,0.05,0.08926455928385257,100000,rush_hour,6478
6438,500,90.63176014234567,17.644,18.902,629,76,0,0.05,0.09057787441462278,100000,uniform_medium,6479
6439,500,-2.047862423888744,3.244,3.58,168,71,0,0.05,0.08948076704144478,100000,low_uniform,6480
6440,500,91.58277665325137,11.464,12.576,556,96,0,0.05,0.09026366941630841,100000,uniform_medium,6481
6441,500,84.8315976651004,18.926,20.23,652,77,0,0.05,0.08951833422482014,100000,rush_hour,6482
6442,500,80.1937313539526,15.534,16.708,587,86,0,0.05,0.09113277915120124,100000,uniform_medium,6483
6443,68,-57.46309541545643,46.14705882352941,47.55882352941177,96,9,1,0.05,0.09510200536426376,100000,high_uniform,6484
6444,500,77.98678970401473,20.718,22.036,659,75,0,0.05,0.09155661225318909,100000,rush_hour,6485
6445,500,0.06815611091743357,3.094,3.45,178,75,0,0.05,0.09299051028490067,100000,low_uniform,6486
6446,500,99.24951638382963,19.628,20.976,674,75,0,0.05,0.09325527848303318,100000,uneven,6487
6447,500,104.36956097268657,12.248,13.42,586,92,0,0.05,0.08963003385066987,100000,uniform_medium,6488
6448,500,101.79780575745112,18.75,20.108,679,75,0,0.05,0.09226884889602661,100000,uneven,6489
6449,500,7.455161349898602,2.524,2.864,170,69,0,0.05,0.09016409543156624,100000,low_uniform,6490
6450,500,16.649490967174398,3.46,3.872,206,70,0,0.05,0.08940510323643684,100000,low_uniform,6491
6451,500,102.96404668680294,18.96,20.332,686,73,0,0.05,0.09193603088706732,100000,uneven,6492
6452,500,112.09410804356413,16.316,17.64,662,79,0,0.05,0.0904147967621684,100000,rush_hour,6493
6453,500,48.17830038018256,22.564,23.866,651,74,0,0.05,0.08943132718652487,100000,rush_hour,6494
6454,500,21.694381351781423,25.536,26.856,660,72,0,0.05,0.0886558467373252,100000,uneven,6495
6455,135,-49.38650428976942,36.851851851851855,38.22222222222222,185,18,1,0.05,0.0920261634444749,100000,high_uniform,6496
6456,500,4.823893073390216,3.548,3.886,169,61,0,0.05,0.09016953791677952,100000,low_uniform,6497
6457,500,90.5119216335736,12.994,14.158,582,95,0,0.05,0.08893171668052674,100000,uniform_medium,6498
6458,500,94.20583210662276,22.11,23.518,704,66,0,0.05,0.08851319448649883,100000,uneven,6499
6459,500,99.69021182295288,13.89,15.094,602,92,0,0.05,0.09250165055692196,100000,uniform_medium,6500
6460,98,-50.84029500043638,41.38775510204081,42.724489795918366,131,13,1,0.05,0.09912895274405577,100000,high_uniform,6501
6461,500,4.782438983298927,3.476,3.86,192,76,0,0.05,0.09262848763912916,100000,low_uniform,6502
6462,67,-39.60011969130373,35.62686567164179,36.776119402985074,77,6,1,0.05,0.09261698498209911,100000,high_uniform,6503
6463,500,78.48030327251422,15.73,16.916,593,88,0,0.05,0.08835500451922416,100000,uniform_medium,6504
6464,500,16.212946604151224,3.258,3.656,199,69,0,0.05,0.08996728781610727,100000,low_uniform,6505
6465,500,14.441040004284384,3.372,3.808,218,81,0,0.05,0.09142359558492899,100000,low_uniform,6506
6466,73,-66.59448871401415,41.136986301369866,42.19178082191781,77,12,1,0.05,0.08689071855520548,100000,high_uniform,6507
6467,500,79.53120503708618,14.766,15.938,586,91,0,0.05,0.0916602939516306,100000,uniform_medium,6508
6468,500,18.93810555956014,3.874,4.288,207,61,0,0.05,0.09179425340145826,100000,low_uniform,6509
6469,72,-47.628831732430825,42.041666666666664,43.40277777777778,98,10,1,0.05,0.08980724443164137,100000,high_uniform,6510
6470,500,2.824192853088299,3.474,3.85,188,78,0,0.05,0.0908549083173275,100000,low_uniform,6511
6471,500,12.703152418821743,3.362,3.78,209,77,0,0.05,0.09211513663828373,100000,low_uniform,6512
6472,500,15.962190660704369,3.452,3.842,195,62,0,0.05,0.0917182415574789,100000,low_uniform,6513
6473,60,-38.41718028786595,37.65,38.983333333333334,80,6,1,0.05,0.09216865530858437,100000,high_uniform,6514
6474,500,75.33456023461638,19.454,20.744,645,76,0,0.05,0.09211376850306988,100000,rush_hour,6515
6475,500,93.77349374274742,11.42,12.526,553,91,0,0.05,0.09321888072043658,100000,uniform_medium,6516
6476,500,109.6020561562864,12.276,13.448,586,86,0,0.05,0.09176142564415932,100000,uniform_medium,6517
6477,500,13.928213234118788,24.492,25.696,602,82,0,0.05,0.08987519907206297,100000,uniform_medium,6518
6478,500,106.47073553067176,12.252,13.416,582,84,0,0.05,0.08982808340340853,100000,uniform_medium,6519
6479,500,99.41693805837578,20.944,22.348,702,67,0,0.05,0.08972365815192461,100000,uneven,6520
6480,500,92.12115462044906,11.16,12.24,540,91,0,0.05,0.09159726169705391,100000,uniform_medium,6521
6481,500,106.36236123521684,15.568,16.832,632,79,0,0.05,0.08850608175247908,100000,uneven,6522
6482,500,64.63829373550409,25.67,27.11,720,66,0,0.05,0.08921804061532021,100000,rush_hour,6523
6483,500,78.69989939939634,20.6,21.932,666,76,0,0.05,0.08978764101117849,100000,rush_hour,6524
6484,131,-73.302102165784,49.69465648854962,51.16030534351145,192,16,1,0.05,0.09086612725758371,100000,high_uniform,6525
6485,500,115.74867996648477,17.764,19.124,680,72,0,0.05,0.08983624220639468,100000,uneven,6526
6486,500,99.50512571074647,15.122,16.354,616,79,0,0.05,0.09096784866601229,100000,rush_hour,6527
6487,500,94.94383129522411,21.568,22.98,706,64,0,0.05,0.09347634379565715,100000,uneven,6528
6488,500,109.64543351610826,11.33,12.498,584,94,0,0.05,0.09157265055179596,100000,uniform_medium,6529
6489,500,4.412914336403569,3.932,4.324,196,72,0,0.05,0.09155009626597166,100000,low_uniform,6530
6490,500,12.989050154805323,2.992,3.336,172,57,0,0.05,0.08988059441745282,100000,low_uniform,6531
6491,500,85.7964208428455,20.888,22.252,682,71,0,0.05,0.09120541280508042,100000,rush_hour,6532
6492,97,-67.6035933476163,46.56701030927835,47.94845360824742,134,14,1,0.05,0.09283547706364356,100000,high_uniform,6533
6493,500,92.1975869813394,12.54,13.666,563,85,0,0.05,0.08956518952548503,100000,uniform_medium,6534
6494,500,111.00646217672337,12.82,14.026,603,87,0,0.05,0.09030758018046617,100000,uniform_medium,6535
6495,500,103.88947529759663,12.516,13.676,580,89,0,0.05,0.08985881339758635,100000,uniform_medium,6536
6496,500,93.19055876430903,16.866,18.152,643,80,0,0.05,0.09183764839917422,100000,rush_hour,6537
6497,500,117.30777470042932,17.274,18.616,671,69,0,0.05,0.09265175055712462,100000,uneven,6538
6498,500,103.58822444823437,18.196,19.532,668,75,0,0.05,0.09212180306017399,100000,rush_hour,6539
6499,500,83.90783880541743,14.014,15.168,577,93,0,0.05,0.09015029741823673,100000,uniform_medium,6540
6500,89,-52.610786610667,42.57303370786517,43.93258426966292,121,13,1,0.05,0.08842620132177063,100000,high_uniform,6541
6501,500,9.595438456527019,3.394,3.794,200,75,0,0.05,0.0890892401188612,100000,low_uniform,6542
6502,500,93.88621794263523,18.26,19.562,651,75,0,0.05,0.08888325657695532,100000,rush_hour,6543
6503,64,-31.608539767431353,35.65625,37.046875,89,8,1,0.05,0.08999869972467422,100000,high_uniform,6544
6504,124,-76.13844226538123,48.064516129032256,49.45967741935484,173,18,1,0.05,0.08640669124020685,100000,high_uniform,6545
6505,106,-40.419898000731685,40.132075471698116,41.64150943396226,160,12,1,0.05,0.0883303100840663,100000,high_uniform,6546
6506,500,91.12044388842142,13.856,15.032,588,89,0,0.05,0.0901266525760293,100000,uniform_medium,6547
6507,500,55.70551890801407,20.398,21.688,645,78,0,0.05,0.09054610469192266,100000,rush_hour,6548
6508,91,-58.281997090373046,45.175824175824175,46.61538461538461,131,12,1,0.05,0.09330995163910992,100000,high_uniform,6549
6509,500,83.36630233075451,20.826,22.19,682,73,0,0.05,0.09207935692369938,100000,uneven,6550
6510,500,11.95801598399273,3.234,3.662,214,82,0,0.05,0.09107975278794765,100000,low_uniform,6551
6511,500,92.44685526220691,12.784,13.928,572,89,0,0.05,0.0924307824075222,100000,uniform_medium,6552
6512,500,99.66788412862061,21.748,23.166,709,66,0,0.05,0.09348582945764065,100000,rush_hour,6553
6513,500,3.259642562770869,4.75,5.134,192,65,0,0.05,0.09170376102626324,100000,low_uniform,6554
6514,500,7.417048132680793,4.516,4.916,200,64,0,0.05,0.09051750675588846,100000,low_uniform,6555
6515,500,68.88497341922816,24.034,25.394,680,64,0,0.05,0.09264411109685898,100000,rush_hour,6556
6516,500,81.99202267781278,15.084,16.268,592,88,0,0.05,0.09048546818643809,100000,uniform_medium,6557
6517,500,102.13204974034262,13.326,14.518,596,88,0,0.05,0.09185314396768808,100000,uniform_medium,6558
6518,101,-65.39096209005909,46.56435643564357,48.0,145,12,1,0.05,0.09125874202587816,100000,high_uniform,6559
6519,500,21.75319420500247,3.686,4.156,235,78,0,0.05,0.08996698251366615,100000,low_uniform,6560
6520,500,6.127764975672565,3.59,3.992,201,80,0,0.05,0.08757526797801256,100000,low_uniform,6561
6521,500,0.1469865116458028,3.32,3.676,178,73,0,0.05,0.08705703385174274,100000,low_uniform,6562
6522,500,-4.76741462632245,3.706,4.052,173,72,0,0.05,0.08855750856548547,100000,low_uniform,6563
6523,500,17.27292035335321,3.424,3.856,216,76,0,0.05,0.08731226447224617,100000,low_uniform,6564
6524,500,68.6949618743115,23.3,24.65,675,68,0,0.05,0.08746679172664881,100000,uneven,6565
6525,500,68.01367599637149,14.74,15.888,574,97,0,0.05,0.08967193062603473,100000,uniform_medium,6566
6526,500,3.688219112937674,3.726,4.138,206,83,0,0.05,0.08945191409438849,100000,low_uniform,6567
6527,500,10.741580784886995,3.678,4.07,196,69,0,0.05,0.08456494562327861,100000,low_uniform,6568
6528,97,-75.47949149633754,53.68041237113402,55.02061855670103,130,9,1,0.05,0.08736756820346891,100000,high_uniform,6569
6529,500,81.9004666910449,21.182,22.556,687,69,0,0.05,0.0862406790703535,100000,rush_hour,6570
6530,500,88.65601500688582,9.716,10.756,520,99,0,0.05,0.08964850705862046,100000,uniform_medium,6571
6531,500,10.989929170062698,3.648,4.044,198,69,0,0.05,0.0897093235179782,100000,low_uniform,6572
6532,500,79.2846250573217,12.308,13.402,547,101,0,0.05,0.08596409683674575,100000,uniform_medium,6573
6533,83,-54.646552186914256,47.18072289156626,48.57831325301205,116,9,1,0.05,0.0919285960585238,100000,high_uniform,6574
6534,500,10.280306980411533,3.472,3.886,207,79,0,0.05,0.08960022445768118,100000,low_uniform,6575
6535,500,98.2525643819314,19.038,20.376,669,72,0,0.05,0.0908482429087162,100000,rush_hour,6576
6536,500,103.46229817472121,18.586,19.93,672,74,0,0.05,0.09008860339224338,100000,uneven,6577
6537,500,92.34714414248666,12.276,13.4,562,91,0,0.05,0.08962373634427787,100000,uniform_medium,6578
6538,500,90.03513833166879,18.208,19.532,662,71,0,0.05,0.09386210618168116,100000,rush_hour,6579
6539,500,98.59274430925888,12.83,13.972,571,79,0,0.05,0.0893178296983242,100000,uniform_medium,6580
6540,500,14.315709622450637,4.048,4.448,200,62,0,0.05,0.09087037267535925,100000,low_uniform,6581
6541,500,95.20722848990019,21.486,22.89,702,62,0,0.05,0.0916405151039362,100000,rush_hour,6582
6542,500,57.85699177069762,18.63,19.872,621,77,0,0.05,0.0915565192848444,100000,rush_hour,6583
6543,500,92.34327314595066,12.948,14.094,573,86,0,0.05,0.0920702765956521,100000,uniform_medium,6584
6544,116,-58.444725626412186,47.62931034482759,49.12068965517241,173,10,1,0.05,0.08926037223688488,100000,high_uniform,6585
6545,500,10.808412324455478,3.778,4.18,201,71,0,0.05,0.09048579873144627,100000,low_uniform,6586
6546,500,98.96727529326982,18.342,19.678,668,75,0,0.05,0.09069786505401134,100000,uneven,6587
6547,500,106.63722393018071,20.638,22.028,695,66,0,0.05,0.0888277102932334,100000,uneven,6588
6548,500,121.8118191676435,18.056,19.434,689,69,0,0.05,0.0909916630461812,100000,uneven,6589
6549,89,-68.29181159953936,51.438202247191015,52.80898876404494,122,11,1,0.05,0.0958990009313219,100000,high_uniform,6590
6550,500,97.55009219415047,18.196,19.498,651,76,0,0.05,0.09227424846589566,100000,uneven,6591
6551,115,-54.537040600641085,50.26086956521739,51.86086956521739,184,10,1,0.05,0.09760562038939932,100000,high_uniform,6592
6552,500,98.93709981387771,20.134,21.536,701,69,0,0.05,0.09498728007078171,100000,rush_hour,6593
6553,500,4.206278940582815,4.338,4.758,210,78,0,0.05,0.09432735232263803,100000,low_uniform,6594
6554,123,-50.84802552483674,44.10569105691057,45.60162601626016,184,15,1,0.05,0.090909718104252,100000,high_uniform,6595
6555,105,-58.508492511758895,46.91428571428571,48.34285714285714,150,12,1,0.05,0.09288620370484534,100000,high_uniform,6596
6556,110,-43.87538639410564,40.67272727272727,42.17272727272727,165,11,1,0.05,0.10013941512866453,100000,high_uniform,6597
6557,500,12.293704175087608,3.386,3.794,204,76,0,0.05,0.09477431736886502,100000,low_uniform,6598
6558,500,103.80323404549566,12.176,13.336,580,91,0,0.05,0.09672612509131431,100000,uniform_medium,6599
6559,500,68.77149241943005,22.206,23.576,685,75,0,0.05,0.0944574840143323,100000,rush_hour,6600
6560,500,0.017684335541078955,3.4,3.744,172,71,0,0.05,0.09455986674129963,100000,low_uniform,6601
6561,500,104.38749948556455,20.522,21.92,699,69,0,0.05,0.09329336684942245,100000,uneven,6602
6562,478,5.297540616529078,25.799163179916317,27.056485355648537,601,58,1,0.05,0.09738908305171892,100000,uneven,6603
6563,97,-35.07371007972803,39.88659793814433,41.350515463917525,142,11,1,0.05,0.09469355105124798,100000,high_uniform,6604
6564,500,3.9428722274736763,3.442,3.814,186,73,0,0.05,0.09297700791805982,100000,low_uniform,6605
6565,500,10.978688202588378,3.796,4.19,197,68,0,0.05,0.09368161563575268,100000,low_uniform,6606
6566,500,96.69486103701145,12.73,13.904,587,91,0,0.05,0.09219357674568891,100000,uniform_medium,6607
6567,500,4.7059454181373095,3.34,3.662,161,59,0,0.05,0.09266283132135868,100000,low_uniform,6608
6568,500,11.695099177379781,3.266,3.688,211,82,0,0.05,0.09067755369096994,100000,low_uniform,6609
6569,500,3.034829885449994,3.772,4.21,219,93,0,0.05,0.09484353835880756,100000,low_uniform,6610
6570,500,16.32555030617007,3.632,4.056,212,73,0,0.05,0.09378067167848349,100000,low_uniform,6611
6571,500,75.77820853162734,21.298,22.662,682,72,0,0.05,0.09020048049837351,100000,rush_hour,6612
6572,500,71.76917809069955,22.992,24.348,678,68,0,0.05,0.09168077963590622,100000,uneven,6613
6573,500,6.113628493669698,3.414,3.762,174,64,0,0.05,0.08971838050335645,100000,low_uniform,6614
6574,500,99.54790979239566,17.608,18.916,654,78,0,0.05,0.09296760510653257,100000,uneven,6615
6575,500,6.3558730816870295,2.8,3.198,199,86,0,0.05,0.09112107398360968,100000,low_uniform,6616
6576,109,-45.89488153522386,45.03669724770642,46.596330275229356,170,11,1,0.05,0.08824927110327493,100000,high_uniform,6617
6577,500,3.794184563150732,3.364,3.744,190,76,0,0.05,0.09289619185030461,100000,low_uniform,6618
6578,500,15.654883369037162,3.45,3.876,213,74,0,0.05,0.09323483683168889,100000,low_uniform,6619
6579,500,15.92317030343731,3.762,4.194,216,74,0,0.05,0.08948251384496689,100000,low_uniform,6620
6580,78,-30.861971256338727,35.64102564102564,37.1025641025641,114,8,1,0.05,0.08714769202738236,100000,high_uniform,6621
6581,84,-47.11802075415216,39.142857142857146,40.44047619047619,109,6,1,0.05,0.0857202663485493,100000,high_uniform,6622
6582,500,102.05024920190401,12.054,13.188,567,87,0,0.05,0.09075235155969859,100000,uniform_medium,6623
6583,500,94.2579332227477,22.188,23.59,701,67,0,0.05,0.09175808105617761,100000,uneven,6624
6584,500,101.17394961928622,17.066,18.366,650,80,0,0.05,0.0901727120578289,100000,uneven,6625
6585,500,115.61825501224752,17.92,19.282,681,73,0,0.05,0.08856199638545513,100000,uneven,6626
6586,143,-119.9510385476696,59.27972027972028,60.61538461538461,191,23,1,0.05,0.0893072855587189,100000,high_uniform,6627
6587,99,-71.8150010293061,49.44444444444444,50.76767676767677,131,15,1,0.05,0.09506537309951252,100000,high_uniform,6628
6588,103,-35.97169219947159,33.44660194174757,34.76699029126213,136,14,1,0.05,0.09085961196173742,100000,high_uniform,6629
6589,500,94.65260321811253,15.946,17.19,622,82,0,0.05,0.09267813921719789,100000,uniform_medium,6630
6590,100,-78.29560797289359,52.71,54.09,138,10,1,0.05,0.0952650048211217,100000,high_uniform,6631
6591,500,16.452558477381174,3.552,3.99,219,75,0,0.05,0.09272051725536584,100000,low_uniform,6632
6592,500,97.78816600593362,18.336,19.668,666,76,0,0.05,0.09263586881011725,100000,rush_hour,6633
6593,500,98.54467814191486,12.52,13.666,573,89,0,0.05,0.09360527012497187,100000,uniform_medium,6634
6594,500,122.37324293619976,15.864,17.202,669,71,0,0.05,0.09223115486651659,100000,uneven,6635
6595,500,63.5880631094961,21.538,22.858,660,74,0,0.05,0.09209873072803021,100000,rush_hour,6636
6596,104,-60.35325073724505,43.25961538461539,44.56730769230769,136,17,1,0.05,0.09685684672485177,100000,high_uniform,6637
6597,500,83.43146321863247,18.884,20.178,647,80,0,0.05,0.09327209411561489,100000,rush_hour,6638
6598,108,-42.33475335220997,43.76851851851852,45.31481481481482,167,11,1,0.05,0.09447365968177716,100000,high_uniform,6639
6599,500,16.83061870402038,3.61,4.002,196,61,0,0.05,0.09413265380263329,100000,low_uniform,6640
6600,500,15.899490967174366,3.472,3.878,203,67,0,0.05,0.09340138202160597,100000,low_uniform,6641
6601,500,3.6402422746568326,3.242,3.618,188,75,0,0.05,0.0919498043358326,100000,low_uniform,6642
6602,500,82.68102176076508,18.12,19.392,636,78,0,0.05,0.09480799257755279,100000,rush_hour,6643
6603,50,-31.24581732458675,28.96,30.06,55,7,1,0.05,0.09327784366905689,100000,high_uniform,6644
6604,500,85.12488460208375,12.924,14.042,559,94,0,0.05,0.08829081285744905,100000,uniform_medium,6645
6605,155,-60.60628488592891,43.58064516129032,45.03225806451613,225,18,1,0.05,0.0901473420281564,100000,high_uniform,6646
6606,500,90.45383612438397,13.56,14.728,584,90,0,0.05,0.09315702111274005,100000,uniform_medium,6647
6607,478,30.514995845793585,23.443514644351463,24.744769874476987,622,69,1,0.05,0.0939509027781721,100000,rush_hour,6648
6608,500,91.45355409458125,18.408,19.708,650,74,0,0.05,0.09570401079207659,100000,rush_hour,6649
6609,500,8.112075726341592,4.148,4.536,194,64,0,0.05,0.09466767862439156,100000,low_uniform,6650
6610,500,83.96120352138063,19.684,21.01,663,78,0,0.05,0.09662059674412012,100000,uneven,6651
6611,500,93.11874382496853,13.658,14.82,581,86,0,0.05,0.09473060937970877,100000,uniform_medium,6652
6612,500,5.599386026483649,3.888,4.264,188,69,0,0.05,0.09280401823669672,100000,low_uniform,6653
6613,500,69.71352370082741,20.254,21.558,652,79,0,0.05,0.0945384269580245,100000,rush_hour,6654
6614,500,7.416038907925843,4.44,4.854,207,70,0,0.05,0.09286673702299594,100000,low_uniform,6655
6615,500,94.0126680585875,11.83,12.942,556,88,0,0.05,0.09299176519364119,100000,uniform_medium,6656
6616,500,9.221390904593187,3.546,3.932,193,68,0,0.05,0.0910822470933199,100000,low_uniform,6657
6617,118,-66.1760253589365,47.49152542372882,48.99152542372882,177,14,1,0.05,0.08815137786254035,100000,high_uniform,6658
6618,112,-35.31585020229359,41.044642857142854,42.598214285714285,174,11,1,0.05,0.09425016103445419,100000,high_uniform,6659
6619,500,87.76321160116063,11.028,12.11,541,97,0,0.05,0.09580215719342232,100000,uniform_medium,6660
6620,500,20.87125736387163,4.198,4.67,236,76,0,0.05,0.09468301951885223,100000,low_uniform,6661
6621,500,15.359794477090542,2.768,3.14,186,66,0,0.05,0.09274542485922575,100000,low_uniform,6662
6622,500,88.29468313616759,18.718,20.03,656,76,0,0.05,0.09265258776396514,100000,rush_hour,6663
6623,500,106.76483879847511,19.02,20.37,675,66,0,0.05,0.09293679559975862,100000,rush_hour,6664
6624,500,39.8688764547772,24.952,26.31,679,73,0,0.05,0.09246505718678236,100000,rush_hour,6665
6625,95,-47.47486650659336,47.55789473684211,49.07368421052632,144,11,1,0.05,0.0950552192565642,100000,high_uniform,6666
6626,97,-61.125408668181244,48.27835051546392,49.74226804123711,142,10,1,0.05,0.09558677915291688,100000,high_uniform,6667
6627,500,83.8980106841449,21.138,22.51,686,72,0,0.05,0.09564466502517462,100000,uneven,6668
6628,500,105.21567407731288,18.892,20.258,683,74,0,0.05,0.09506851409375668,100000,uneven,6669
6629,88,-74.27527707769845,46.875,48.10227272727273,108,15,1,0.05,0.08847879013046622,100000,high_uniform,6670
6630,500,104.42646249947256,12.966,14.15,592,89,0,0.05,0.09529952780902386,100000,uniform_medium,6671
6631,67,-61.820908225247415,41.223880597014926,42.32835820895522,74,13,1,0.05,0.10200426088117842,100000,high_uniform,6672
6632,500,6.083465769920207,3.798,4.208,205,79,0,0.05,0.0965657666027546,100000,low_uniform,6673
6633,500,7.855198899109008,2.242,2.55,154,62,0,0.05,0.09462389342486859,100000,low_uniform,6674
6634,500,98.4344575806573,19.988,21.362,687,72,0,0.05,0.09489274774491786,100000,uneven,6675
6635,500,98.38629256581703,18.934,20.266,666,73,0,0.05,0.09574430718272925,100000,rush_hour,6676
6636,500,11.04728491035862,3.794,4.184,195,66,0,0.05,0.09428012501448393,100000,low_uniform,6677
6637,500,6.793378220836418,2.926,3.298,186,75,0,0.05,0.09478293740004301,100000,low_uniform,6678
6638,500,4.696979849197794,3.504,3.88,188,70,0,0.05,0.09398927811533213,100000,low_uniform,6679
6639,500,93.50987314859823,20.75,22.124,687,70,0,0.05,0.09159955508261919,100000,uneven,6680
6640,500,87.55491249814096,16.022,17.216,597,81,0,0.05,0.09166636119037866,100000,uniform_medium,6681
6641,500,120.02977791551015,10.658,11.826,584,89,0,0.05,0.09165197332203388,100000,uniform_medium,6682
6642,500,9.640112065159313,3.838,4.272,217,77,0,0.05,0.0878654499053955,100000,low_uniform,6683
6643,500,101.45336073057362,19.744,21.124,690,72,0,0.05,0.08836088718473911,100000,rush_hour,6684
6644,88,-55.016631845054555,43.40909090909091,44.75,118,11,1,0.05,0.09497266711497848,100000,high_uniform,6685
6645,500,84.54101568534016,22.234,23.624,695,73,0,0.05,0.09230501490831375,100000,uneven,6686
6646,500,97.04223793467159,16.862,18.156,647,82,0,0.05,0.08937052899599075,100000,uneven,6687
6647,500,2.596587409212548,3.868,4.244,188,70,0,0.05,0.09124479323625564,100000,low_uniform,6688
6648,500,125.10920530169327,16.4,17.746,673,71,0,0.05,0.08896312703192234,100000,rush_hour,6689
6649,165,-83.06383951417352,51.36969696969697,52.85454545454545,245,15,1,0.05,0.09081498969233397,100000,high_uniform,6690
6650,500,127.6075084754498,13.832,15.096,632,76,0,0.05,0.09008023069798947,100000,uneven,6691
6651,500,95.65570356532042,16.38,17.632,626,79,0,0.05,0.09033865634351969,100000,uniform_medium,6692
6652,500,102.86061705411984,18.146,19.49,672,72,0,0.05,0.09221223281323909,100000,rush_hour,6693
6653,500,53.175362034980836,22.13,23.45,660,78,0,0.05,0.08985979594290257,100000,rush_hour,6694
6654,105,-65.9014840940435,50.65714285714286,52.15238095238095,157,13,1,0.05,0.09031661234441257,100000,high_uniform,6695
6655,500,9.63402687435969,3.262,3.672,205,79,0,0.05,0.09433858477324247,100000,low_uniform,6696
6656,500,72.59203490376707,22.05,23.388,669,73,0,0.05,0.09549381297826767,100000,rush_hour,6697
6657,500,73.57010407958583,22.11,23.462,676,71,0,0.05,0.09460725319385528,100000,rush_hour,6698
6658,111,-55.956369121558275,43.0990990990991,44.5045045045045,156,15,1,0.05,0.09290299594805047,100000,high_uniform,6699
6659,139,-78.64400185669855,49.726618705035975,51.15827338129496,199,16,1,0.05,0.0974059106795479,100000,high_uniform,6700
6660,500,82.99044763640917,16.18,17.386,603,84,0,0.05,0.09684796463698149,100000,uniform_medium,6701
6661,500,-0.012061154655333195,4.514,4.908,197,72,0,0.05,0.09427270491421223,100000,low_uniform,6702
6662,500,83.80877573328718,22.888,24.264,688,66,0,0.05,0.09629209234565496,100000,rush_hour,6703
6663,121,-82.51165730044767,53.85123966942149,55.27272727272727,172,14,1,0.05,0.09640507698674833,100000,high_uniform,6704
6664,500,92.17015020191796,12.734,13.874,570,88,0,0.05,0.09512383610755205,100000,uniform_medium,6705
6665,500,104.82253196169384,21.08,22.492,706,66,0,0.05,0.0943186989352107,100000,uneven,6706
6666,500,8.583000087738398,2.936,3.322,193,77,0,0.05,0.09509032095968724,100000,low_uniform,6707
6667,500,11.375772700715784,3.996,4.412,208,71,0,0.05,0.0929927969649434,100000,low_uniform,6708
6668,500,97.70418630294948,14.122,15.326,602,83,0,0.05,0.09044038732349872,100000,uniform_medium,6709
6669,119,-52.31150400514269,43.95798319327731,45.45378151260504,178,11,1,0.05,0.09098201495509188,100000,high_uniform,6710
6670,500,95.12583629028433,13.85,15.038,594,85,0,0.05,0.09216388660669327,100000,uniform_medium,6711
6671,500,20.479719701418873,3.482,3.894,206,64,0,0.05,0.09145026428252459,100000,low_uniform,6712
6672,500,98.72630854089961,12.238,13.378,570,90,0,0.05,0.09144952098280192,100000,uniform_medium,6713
6673,500,77.46551098153148,13.678,14.788,555,88,0,0.05,0.08964381567388773,100000,uniform_medium,6714
6674,105,-79.46785190166894,52.51428571428571,53.94285714285714,150,8,1,0.05,0.08941950141673996,100000,high_uniform,6715
6675,131,-60.52531167690931,45.55725190839695,47.083969465648856,200,15,1,0.05,0.08928322806271888,100000,high_uniform,6716
6676,500,86.54793401670989,17.766,19.046,640,71,0,0.05,0.09277790834009647,100000,rush_hour,6717
6677,500,106.65653218171035,16.428,17.72,646,76,0,0.05,0.09300136511027814,100000,rush_hour,6718
6678,500,100.49135735040002,12.182,13.312,565,87,0,0.05,0.09267910231649876,100000,uniform_medium,6719
6679,500,91.68414438204863,18.176,19.482,653,75,0,0.05,0.0944482897222042,100000,rush_hour,6720
6680,88,-40.22779014591376,43.71590909090909,45.22727272727273,133,10,1,0.05,0.0897140031341802,100000,high_uniform,6721
6681,500,13.236184482546706,2.784,3.186,201,77,0,0.05,0.0925456348657608,100000,low_uniform,6722
6682,500,77.04781808258643,15.418,16.578,580,87,0,0.05,0.09615535569190979,100000,uniform_medium,6723
6683,500,81.48683815264344,20.874,22.216,671,75,0,0.05,0.0935166453793645,100000,uneven,6724
6684,500,80.70524011542084,22.788,24.186,699,68,0,0.05,0.09234314481914044,100000,rush_hour,6725
6685,500,87.85118232847726,9.742,10.762,510,94,0,0.05,0.09184920236468315,100000,uniform_medium,6726
6686,500,11.596131245463845,3.976,4.388,206,69,0,0.05,0.09350088039040566,100000,low_uniform,6727
6687,500,11.673672965576053,3.338,3.78,221,87,0,0.05,0.09161423107981682,100000,low_uniform,6728
6688,500,13.787995337406674,3.926,4.334,204,66,0,0.05,0.09337062393128871,100000,low_uniform,6729
6689,500,75.7230836417149,21.908,23.29,691,71,0,0.05,0.09393811797350646,100000,uneven,6730
6690,91,-55.69424395137831,45.065934065934066,46.51648351648352,132,12,1,0.05,0.09248487082320256,100000,high_uniform,6731
6691,103,-50.814842927777384,43.13592233009709,44.650485436893206,156,10,1,0.05,0.09376316336752141,100000,high_uniform,6732
6692,500,95.35960977960369,18.558,19.886,664,69,0,0.05,0.09207356408983469,100000,uneven,6733
6693,500,97.72943810667455,18.928,20.264,668,72,0,0.05,0.09383040198683738,100000,rush_hour,6734
6694,500,117.69912937377099,15.546,16.84,647,77,0,0.05,0.09378164853155613,100000,uneven,6735
6695,500,6.0494149630072895,3.338,3.714,188,72,0,0.05,0.09613272438198328,100000,low_uniform,6736
6696,82,-52.971753403742895,49.71951219512195,51.21951219512195,123,7,1,0.05,0.0902468256379773,100000,high_uniform,6737
6697,500,94.83968464928981,20.07,21.442,686,72,0,0.05,0.09303356914967298,100000,rush_hour,6738
6698,500,119.74540419836006,15.428,16.732,652,73,0,0.05,0.09130115641653538,100000,uneven,6739
6699,500,99.79032675731573,13.234,14.42,593,87,0,0.05,0.09297100219875575,100000,uniform_medium,6740
6700,500,102.49112829340618,12.026,13.172,573,88,0,0.05,0.09162862466275692,100000,uniform_medium,6741
6701,500,79.70569042845338,21.352,22.736,692,70,0,0.05,0.09157287782430648,100000,rush_hour,6742
6702,500,6.373152741570972,3.516,3.908,196,76,0,0.05,0.09546087562292814,100000,low_uniform,6743
6703,133,-86.53832861798927,52.92481203007519,54.38345864661654,194,14,1,0.05,0.08939645167692263,100000,high_uniform,6744
6704,500,8.421472190223055,4.048,4.438,195,66,0,0.05,0.09404972605407239,100000,low_uniform,6745
6705,500,87.15862720464077,17.73,19.0,635,79,0,0.05,0.09211871311068535,100000,rush_hour,6746
6706,500,8.636322829492038,3.718,4.112,197,72,0,0.05,0.09317937506735324,100000,low_uniform,6747
6707,500,12.04913940762356,3.466,3.828,181,60,0,0.05,0.0923112902417779,100000,low_uniform,6748
6708,500,90.70974784450549,12.654,13.802,574,96,0,0.05,0.09033556438982487,100000,uniform_medium,6749
6709,500,92.58867109355,17.082,18.34,629,81,0,0.05,0.09227965562045574,100000,uniform_medium,6750
6710,222,-84.27076969543964,52.95945945945946,54.54504504504504,352,20,1,0.05,0.09441743408505981,100000,high_uniform,6751
6711,500,101.96918666382122,13.874,15.062,594,84,0,0.05,0.09533268042653799,100000,uniform_medium,6752
6712,500,64.42860729756765,20.968,22.244,638,80,0,0.05,0.09507738281786442,100000,uniform_medium,6753
6713,131,-44.84820613320177,41.42748091603053,42.97709923664122,203,14,1,0.05,0.09648003048114194,100000,high_uniform,6754
6714,121,-64.63634919268952,52.45454545454545,54.0,187,12,1,0.05,0.0929407687349753,100000,high_uniform,6755
6715,500,45.959893893224866,25.814,27.198,692,70,0,0.05,0.0971155379936099,100000,rush_hour,6756
6716,149,-76.71359632055194,50.993288590604024,52.51006711409396,226,16,1,0.05,0.09678988553733633,100000,high_uniform,6757
6717,132,-42.21061970842254,43.31060606060606,44.85606060606061,204,13,1,0.05,0.09884423206588536,100000,high_uniform,6758
6718,500,93.7033109949741,22.398,23.816,709,66,0,0.05,0.09765092258155346,100000,uneven,6759
6719,500,10.604703805164602,3.192,3.558,183,65,0,0.05,0.09854653909057379,100000,low_uniform,6760
6720,500,70.08572065597383,21.354,22.666,656,70,0,0.05,0.0982174785360694,100000,uneven,6761
6721,500,31.31948724036689,28.814,30.24,713,68,0,0.05,0.10144864075630904,100000,rush_hour,6762
6722,500,94.44960024340095,14.554,15.76,603,87,0,0.05,0.09855434303730726,100000,uniform_medium,6763
6723,500,6.728084742714724,3.004,3.364,180,71,0,0.05,0.09911323548108339,100000,low_uniform,6764
6724,500,82.79833155012905,13.214,14.352,569,88,0,0.05,0.09998693456500769,100000,uniform_medium,6765
6725,500,84.48901165966802,14.42,15.584,582,87,0,0.05,0.09740762708336115,100000,uniform_medium,6766
6726,134,-63.15284673457351,46.02238805970149,47.43283582089552,189,16,1,0.05,0.10079552602968109,100000,high_uniform,6767
6727,500,113.00820745159552,15.552,16.86,654,78,0,0.05,0.09770774631202221,100000,rush_hour,6768
6728,119,-74.56757382679304,51.57983193277311,52.94117647058823,162,10,1,0.05,0.10180279208707209,100000,high_uniform,6769
6729,500,11.187414720862112,3.752,4.138,193,65,0,0.05,0.09914957936108112,100000,low_uniform,6770
6730,500,90.26255645544866,12.41,13.522,556,91,0,0.05,0.09998969208449125,100000,uniform_medium,6771
6731,500,52.85491344345235,26.154,27.554,700,66,0,0.05,0.09939707156270743,100000,uneven,6772
6732,500,88.933421087574,14.148,15.316,584,88,0,0.05,0.10207344970852136,100000,uniform_medium,6773
6733,106,-78.82371136669879,50.35849056603774,51.68867924528302,141,15,1,0.05,0.10007641524217038,100000,high_uniform,6774
6734,500,90.88417721904968,18.49,19.792,651,79,0,0.05,0.09943900741636753,100000,uneven,6775
6735,500,104.48921192860203,10.308,11.43,561,95,0,0.05,0.10238065882772207,100000,uniform_medium,6776
6736,500,31.549026992137605,26.884,28.214,665,65,0,0.05,0.09859078601747752,100000,uneven,6777
6737,500,88.0334097129167,14.96,16.16,600,91,0,0.05,0.10064857622236013,100000,uniform_medium,6778
6738,500,12.366246502575775,3.434,3.822,194,67,0,0.05,0.10108731099963188,100000,low_uniform,6779
6739,500,87.97535166525083,13.246,14.388,571,93,0,0.05,0.10289955588430166,100000,uniform_medium,6780
6740,149,-73.13723858284344,53.25503355704698,54.87919463087248,242,12,1,0.05,0.10096532991468507,100000,high_uniform,6781
6741,500,14.187803829623341,3.472,3.872,200,68,0,0.05,0.09923359321057797,100000,low_uniform,6782
6742,500,83.71262607921128,19.578,20.906,664,75,0,0.05,0.10221073509007693,100000,rush_hour,6783
6743,102,-70.02843106098332,46.872549019607845,48.205882352941174,136,10,1,0.05,0.10226069087637406,100000,high_uniform,6784
6744,500,9.510281052362723,3.804,4.22,208,75,0,0.05,0.1011573644131422,100000,low_uniform,6785
6745,500,71.75586632460914,21.98,23.336,678,71,0,0.05,0.09717678005248308,100000,rush_hour,6786
6746,500,80.94614195623782,21.12,22.474,677,71,0,0.05,0.10309094964712859,100000,rush_hour,6787
6747,500,5.2536931994244025,3.668,4.042,187,70,0,0.05,0.10074554713070392,100000,low_uniform,6788
6748,500,10.808414274694208,4.242,4.626,192,60,0,0.05,0.09864058842509985,100000,low_uniform,6789
6749,500,106.5784137999804,10.708,11.836,564,89,0,0.05,0.09671021198481321,100000,uniform_medium,6790
6750,152,-71.56642054312266,51.30921052631579,52.82236842105263,230,13,1,0.05,0.09673088051280693,100000,high_uniform,6791
6751,500,88.17330594224607,19.934,21.28,673,76,0,0.05,0.09727297206223011,100000,uneven,6792
6752,129,-50.674299120930364,45.98449612403101,47.55038759689923,202,13,1,0.05,0.09873752630958262,100000,high_uniform,6793
6753,500,64.84844799905662,23.57,24.94,685,72,0,0.05,0.10160500560700893,100000,uneven,6794
6754,500,7.984119534646816,2.944,3.33,193,79,0,0.05,0.09943843042850495,100000,low_uniform,6795
6755,500,69.34128847875327,23.234,24.614,690,73,0,0.05,0.09849786387383938,100000,uneven,6796
6756,500,94.06127952554787,19.826,21.178,676,70,0,0.05,0.09939400184154511,100000,rush_hour,6797
6757,82,-54.477929873844374,45.02439024390244,46.4390243902439,116,8,1,0.05,0.10358651727437973,100000,high_uniform,6798
6758,120,-54.57212485662331,45.541666666666664,46.975,172,12,1,0.05,0.09984332965686918,100000,high_uniform,6799
6759,500,78.67467700743393,13.954,15.086,566,91,0,0.05,0.09985635744780302,100000,uniform_medium,6800
6760,500,90.53431361575643,18.976,20.28,652,74,0,0.05,0.09989284748584032,100000,rush_hour,6801
6761,500,9.068945797111683,3.952,4.386,217,81,0,0.05,0.09714722342789173,100000,low_uniform,6802
6762,500,100.46537558458556,16.14,17.414,637,83,0,0.05,0.10048577422648668,100000,uniform_medium,6803
6763,500,11.414264221291008,3.56,3.934,187,63,0,0.05,0.10234196768701076,100000,low_uniform,6804
6764,500,101.36135201046186,15.524,16.786,631,81,0,0.05,0.10228642160445452,100000,rush_hour,6805
6765,116,-90.93597959603338,50.98275862068966,52.293103448275865,152,13,1,0.05,0.10197221741465659,100000,high_uniform,6806
6766,500,106.28575844766247,18.46,19.808,674,71,0,0.05,0.10630588314682245,100000,rush_hour,6807
6767,500,116.3309883545106,16.71,18.05,670,76,0,0.05,0.10191420771181584,100000,uneven,6808
6768,61,-37.16738317030659,40.032786885245905,41.50819672131148,90,6,1,0.05,0.10091655884609847,100000,high_uniform,6809
6769,185,-71.96603524082444,45.12432432432433,46.62162162162162,277,23,1,0.05,0.10434448062568097,100000,high_uniform,6810
6770,500,105.22897694867314,12.87,14.06,595,89,0,0.05,0.1023901195153594,100000,uniform_medium,6811
6771,54,-39.10078825592617,39.648148148148145,41.01851851851852,74,7,1,0.05,0.10406700300949591,100000,high_uniform,6812
6772,500,103.89120457961675,18.966,20.33,682,73,0,0.05,0.1079458089247346,100000,uneven,6813
6773,500,62.208975284503786,22.67,24.008,669,76,0,0.05,0.10678092328459024,100000,rush_hour,6814
6774,95,-54.6658853260263,45.88421052631579,47.252631578947366,130,10,1,0.05,0.11218586611120325,100000,high_uniform,6815
6775,500,75.44737438727014,20.04,21.378,669,75,0,0.05,0.10662920861691237,100000,rush_hour,6816
6776,500,82.22758750988716,20.188,21.514,663,74,0,0.05,0.11100522016733885,100000,rush_hour,6817
6777,118,-66.83932794308666,48.32203389830509,49.74576271186441,168,14,1,0.05,0.10415035438865929,100000,high_uniform,6818
6778,105,-38.192543887925325,39.65714285714286,41.15238095238095,157,13,1,0.05,0.10572777188249997,100000,high_uniform,6819
6779,500,11.32834697320239,3.22,3.646,213,83,0,0.05,0.11000962989777327,100000,low_uniform,6820
6780,500,103.555194958451,13.186,14.398,606,87,0,0.05,0.10913423540443182,100000,uniform_medium,6821
6781,500,48.63930491049781,26.214,27.62,703,69,0,0.05,0.10885647110641003,100000,rush_hour,6822
6782,500,8.831702551957184,4.38,4.778,199,63,0,0.05,0.1060200777798891,100000,low_uniform,6823
6783,500,87.07337419018987,14.986,16.178,596,92,0,0.05,0.10503154622763396,100000,uniform_medium,6824
6784,500,80.52823536944825,25.034,26.476,721,61,0,0.05,0.10581901322305202,100000,uneven,6825
6785,500,110.92511261458517,13.314,14.528,607,88,0,0.05,0.10576646146178245,100000,uniform_medium,6826
6786,500,89.90965546626181,19.79,21.144,677,74,0,0.05,0.10681025248020887,100000,rush_hour,6827
6787,500,98.06992799540126,16.906,18.18,637,75,0,0.05,0.11119719879329204,100000,uneven,6828
6788,500,11.576006469918822,3.528,3.914,193,67,0,0.05,0.10737537258118392,100000,low_uniform,6829
6789,500,94.91429839909688,15.222,16.452,615,84,0,0.05,0.10820253986120223,100000,uniform_medium,6830
6790,500,64.51870917130829,24.504,25.902,699,69,0,0.05,0.10768778899312019,100000,uneven,6831
6791,500,86.1601575046978,25.426,26.908,741,60,0,0.05,0.10572713680565357,100000,rush_hour,6832
6792,500,95.26037776097581,20.778,22.15,686,68,0,0.05,0.10751282692700624,100000,rush_hour,6833
6793,500,91.73296844307814,18.712,20.026,657,76,0,0.05,0.10429613800346851,100000,rush_hour,6834
6794,500,9.058337701273636,3.096,3.472,188,72,0,0.05,0.10334706611186266,100000,low_uniform,6835
6795,500,113.29538868074698,17.848,19.19,671,75,0,0.05,0.10395662498474122,100000,uneven,6836
6796,500,6.637283605618278,3.638,3.994,178,64,0,0.05,0.10388675447553396,100000,low_uniform,6837
6797,500,9.731847803828847,2.558,2.976,209,90,0,0.05,0.10559238106012345,100000,low_uniform,6838
6798,500,89.07724694376918,22.858,24.274,708,67,0,0.05,0.10317109842598439,100000,uneven,6839
6799,127,-57.77749017818667,48.14173228346457,49.69291338582677,197,10,1,0.05,0.09587953480209892,100000,high_uniform,6840
6800,500,101.3765909467603,16.446,17.714,634,79,0,0.05,0.10245138264447451,100000,uneven,6841
6801,500,82.64921955413104,23.186,24.608,711,68,0,0.05,0.10473123056441545,100000,rush_hour,6842
6802,500,14.584344785177588,4.466,4.922,228,73,0,0.05,0.10378945199400187,100000,low_uniform,6843
6803,102,-69.0814743468758,46.705882352941174,48.01960784313726,134,13,1,0.05,0.09859900950801138,100000,high_uniform,6844
6804,500,80.42343291453405,21.692,23.056,682,73,0,0.05,0.10337031846493483,100000,rush_hour,6845
6805,117,-53.27018964298199,43.1965811965812,44.623931623931625,167,15,1,0.05,0.11448074027131765,100000,high_uniform,6846
6806,98,-76.90730843534071,55.724489795918366,57.275510204081634,152,9,1,0.05,0.10432857579114485,100000,high_uniform,6847
6807,102,-70.3953841973626,50.57843137254902,52.009803921568626,146,11,1,0.05,0.11113229379350063,100000,high_uniform,6848
6808,500,82.5927480165408,21.814,23.196,691,70,0,0.05,0.10662561504542828,100000,rush_hour,6849
6809,500,13.495662232057986,3.198,3.6,201,72,0,0.05,0.10493081257492304,100000,low_uniform,6850
6810,500,96.19810610640272,19.712,21.074,681,71,0,0.05,0.10467353858798742,100000,rush_hour,6851
6811,500,89.42123256968844,24.382,25.86,739,59,0,0.05,0.10263797403872013,100000,rush_hour,6852
6812,500,60.45958954978134,21.71,23.036,663,73,0,0.05,0.10688041795045138,100000,rush_hour,6853
6813,62,-47.533237752867784,44.435483870967744,45.74193548387097,81,7,1,0.05,0.1052913544399123,100000,high_uniform,6854
6814,129,-75.65141270807119,53.13953488372093,54.68217054263566,199,12,1,0.05,0.1117202891686628,100000,high_uniform,6855
6815,500,91.70333669945474,11.598,12.696,549,95,0,0.05,0.10669560600817203,100000,uniform_medium,6856
6816,500,100.91311765390259,14.108,15.3,596,86,0,0.05,0.10709883201122283,100000,uniform_medium,6857
6817,500,87.0176183788799,17.088,18.324,618,80,0,0.05,0.10652625803649425,100000,rush_hour,6858
6818,133,-51.93079959504429,41.46616541353384,42.857142857142854,185,17,1,0.05,0.10821020524752767,100000,high_uniform,6859
6819,500,99.73278026651877,18.146,19.452,653,73,0,0.05,0.10548777357488871,100000,uneven,6860
6820,500,0.184443296180971,5.54,5.918,189,57,0,0.05,0.10832844817638397,100000,low_uniform,6861
6821,500,75.94507024024068,25.05,26.488,719,65,0,0.05,0.10616902012377977,100000,uneven,6862
6822,500,50.080921571848776,27.23,28.628,699,66,0,0.05,0.11103270202130079,100000,uneven,6863
6823,500,86.80496399078378,21.924,23.32,698,67,0,0.05,0.10698068559914828,100000,rush_hour,6864
6824,500,7.171470239984302,3.592,3.996,202,76,0,0.05,0.11146526989340783,100000,low_uniform,6865
6825,163,-82.92392405478249,48.558282208588956,50.0,235,21,1,0.05,0.1086304414034621,100000,high_uniform,6866
6826,95,-61.89849406300358,46.578947368421055,47.92631578947368,128,13,1,0.05,0.11176357786906393,100000,high_uniform,6867
6827,85,-38.710296798185354,36.61176470588235,37.95294117647059,114,11,1,0.05,0.11138020315591027,100000,high_uniform,6868
6828,500,17.489977618691423,3.792,4.218,213,69,0,0.05,0.10806550811231136,100000,low_uniform,6869
6829,68,-40.42921612898279,41.661764705882355,43.05882352941177,95,8,1,0.05,0.11212465572444831,100000,high_uniform,6870
6830,500,100.45238415479086,15.482,16.728,623,84,0,0.05,0.11084074485301972,100000,uniform_medium,6871
6831,500,100.54923545296874,17.154,18.434,640,76,0,0.05,0.10886033811420202,100000,uneven,6872
6832,500,102.7778641642127,12.678,13.848,585,88,0,0.05,0.10946195532381535,100000,uniform_medium,6873
6833,125,-65.78717837833292,46.616,48.0,173,13,1,0.05,0.11071290111541748,100000,high_uniform,6874
6834,500,110.9861555058425,15.19,16.468,639,79,0,0.05,0.11274319498986006,100000,uneven,6875
6835,500,14.131621266327326,3.854,4.26,203,67,0,0.05,0.11159416399896145,100000,low_uniform,6876
6836,500,95.99923887820722,19.332,20.664,666,73,0,0.05,0.1098706663325429,100000,uneven,6877
6837,500,94.74970456038902,20.198,21.552,677,72,0,0.05,0.10794867573678493,100000,uneven,6878
6838,500,12.91140049927116,3.808,4.226,209,73,0,0.05,0.1108342442587018,100000,low_uniform,6879
6839,500,8.424495964010392,3.336,3.726,195,74,0,0.05,0.10809027491509915,100000,low_uniform,6880
6840,500,-35.70742175657295,33.366,34.682,658,56,0,0.05,0.1092451623827219,100000,rush_hour,6881
6841,500,107.37268554420884,12.756,13.95,597,90,0,0.05,0.10645071419328452,100000,uniform_medium,6882
6842,500,105.72084260963027,16.824,18.132,654,76,0,0.05,0.11018740925192833,100000,rush_hour,6883
6843,121,-59.138241333179344,45.710743801652896,47.1900826446281,179,14,1,0.05,0.1169259782788182,100000,high_uniform,6884
6844,500,79.60899247031217,13.856,14.976,560,87,0,0.05,0.11206234811246395,100000,uniform_medium,6885
6845,500,112.36097694431415,11.598,12.774,588,88,0,0.05,0.11028107772767544,100000,uniform_medium,6886
6846,500,95.74924905990814,23.568,25.008,720,63,0,0.05,0.11171840931475162,100000,uneven,6887
6847,500,5.415824556813415,3.356,3.756,200,81,0,0.05,0.11082826831936836,100000,low_uniform,6888
6848,112,-55.346813417641165,47.160714285714285,48.642857142857146,166,12,1,0.05,0.11325960626293506,100000,high_uniform,6889
6849,500,96.87242469470645,12.0,13.128,564,90,0,0.05,0.11004695945233106,100000,uniform_medium,6890
6850,500,6.603491697969027,3.482,3.882,200,78,0,0.05,0.10901987315714359,100000,low_uniform,6891
6851,500,104.98142343714,11.896,13.052,578,90,0,0.05,0.10711038488149643,100000,uniform_medium,6892
6852,111,-55.66275123607094,46.090090090090094,47.549549549549546,162,11,1,0.05,0.1076170389985179,100000,high_uniform,6893
6853,500,95.5455156530349,19.646,20.986,670,72,0,0.05,0.11209534638375043,100000,uneven,6894
6854,500,12.821809519131548,3.704,4.094,195,64,0,0.05,0.11060429448634386,100000,low_uniform,6895
6855,500,82.45709784989528,20.086,21.39,652,71,0,0.05,0.11099072944372892,100000,rush_hour,6896
6856,500,62.81368774708685,23.008,24.372,682,72,0,0.05,0.10720439593493938,100000,rush_hour,6897
6857,500,101.17705948492723,18.518,19.862,672,72,0,0.05,0.10902468624711037,100000,uneven,6898
6858,500,91.20132324419768,17.656,18.942,643,77,0,0.05,0.11158013296872378,100000,rush_hour,6899
6859,136,-94.1259158545003,55.13970588235294,56.5735294117647,195,17,1,0.05,0.11166335645076983,100000,high_uniform,6900
6860,500,94.16010967977192,19.198,20.544,673,75,0,0.05,0.1095644326210022,100000,rush_hour,6901
6861,500,83.4670992486502,22.524,23.918,697,66,0,0.05,0.10940727587789296,100000,uneven,6902
6862,132,-38.07675374684493,42.63636363636363,44.20454545454545,207,14,1,0.05,0.10431043290053353,100000,high_uniform,6903
6863,500,19.65834860069195,3.522,3.96,219,73,0,0.05,0.11077960155159235,100000,low_uniform,6904
6864,173,-96.12671201511354,54.26589595375722,55.71098265895954,250,19,1,0.05,0.11047879737839533,100000,high_uniform,6905
6865,500,109.86010163633857,19.874,21.264,695,69,0,0.05,0.11186048050969839,100000,rush_hour,6906
6866,500,102.31217129644779,19.126,20.5,687,72,0,0.05,0.11203805250674487,100000,rush_hour,6907
6867,102,-77.38565511678195,51.6764705882353,53.07843137254902,143,12,1,0.05,0.11445748900958136,100000,high_uniform,6908
6868,500,86.57033699749208,13.836,14.986,575,85,0,0.05,0.11327403312176466,100000,uniform_medium,6909
6869,500,114.60648520808147,17.958,19.31,676,72,0,0.05,0.11603396724909544,100000,uneven,6910
6870,500,-3.0314561613066076,3.342,3.718,188,86,0,0.05,0.11098177087306976,100000,low_uniform,6911
6871,500,13.431752381571158,3.968,4.404,218,75,0,0.05,0.10951487049460411,100000,low_uniform,6912
6872,145,-65.5119514621902,45.324137931034485,46.717241379310344,202,10,1,0.05,0.11166775298529658,100000,high_uniform,6913
6873,500,113.40493096575358,16.97,18.296,663,77,0,0.05,0.11265886509418488,100000,rush_hour,6914
6874,500,104.2413783375048,14.602,15.826,612,85,0,0.05,0.11191764244437218,100000,uniform_medium,6915
6875,67,-40.74722084555119,37.62686567164179,38.95522388059702,89,9,1,0.05,0.10792657343754128,100000,high_uniform,6916
6876,500,100.33244746179072,13.318,14.49,586,86,0,0.05,0.11043823233246804,100000,uniform_medium,6917
6877,133,-49.37930712624121,45.962406015037594,47.5187969924812,207,13,1,0.05,0.10679517994473751,100000,high_uniform,6918
6878,500,8.29510445884253,3.65,4.038,194,70,0,0.05,0.1096860103532672,100000,low_uniform,6919
6879,84,-61.51758872070327,51.42857142857143,52.86904761904762,121,11,1,0.05,0.10909772172038044,100000,high_uniform,6920
6880,113,-63.378720752994916,50.9646017699115,52.389380530973455,161,12,1,0.05,0.1148153615670394,100000,high_uniform,6921
6881,500,95.56235642899296,13.958,15.156,599,89,0,0.05,0.10746499146521092,100000,uniform_medium,6922
6882,500,96.28162160737108,12.178,13.316,569,92,0,0.05,0.10723531109839678,100000,uniform_medium,6923
6883,500,61.608342982120966,24.674,26.052,689,71,0,0.05,0.10914223597198724,100000,uneven,6924
6884,500,12.108772496693051,4.068,4.474,203,66,0,0.05,0.10838521091639995,100000,low_uniform,6925
6885,500,16.731646871626943,3.38,3.804,212,74,0,0.05,0.10851390073448419,100000,low_uniform,6926
6886,500,15.548314458950477,3.012,3.44,214,81,0,0.05,0.10477927505970001,100000,low_uniform,6927
6887,500,80.99595663566345,21.772,23.166,697,70,0,0.05,0.10777591358870268,100000,rush_hour,6928
6888,500,94.51758073565512,15.088,16.3,606,88,0,0.05,0.10975257737934589,100000,uniform_medium,6929
6889,500,14.181124697383133,3.086,3.482,198,73,0,0.05,0.11202662942558526,100000,low_uniform,6930
6890,500,85.81125853844296,17.406,18.664,629,78,0,0.05,0.11138370281457902,100000,rush_hour,6931
6891,500,4.155266859842836,3.112,3.464,176,70,0,0.05,0.10750192345678806,100000,low_uniform,6932
6892,500,88.95761650488616,15.924,17.146,611,86,0,0.05,0.10731069923937321,100000,uniform_medium,6933
6893,500,3.1238117877603604,3.038,3.376,169,69,0,0.05,0.10994587160646915,100000,low_uniform,6934
6894,500,119.67496512526468,20.438,21.874,718,65,0,0.05,0.10663906173408032,100000,uneven,6935
6895,500,91.05883822452917,18.882,20.188,653,75,0,0.05,0.10921160913258791,100000,uneven,6936
6896,500,91.2908140898702,19.806,21.146,670,72,0,0.05,0.10905682107061147,100000,uneven,6937
6897,500,92.72606672826313,13.462,14.636,587,90,0,0.05,0.10644994701445103,100000,uniform_medium,6938
6898,500,103.23729622706581,11.836,12.992,578,93,0,0.05,0.10628696266561746,100000,uniform_medium,6939
6899,500,81.49775121562786,19.81,21.132,661,76,0,0.05,0.10802009516954422,100000,rush_hour,6940
6900,500,93.58185980157357,16.908,18.198,645,79,0,0.05,0.10975137779861689,100000,rush_hour,6941
6901,500,17.973731407876752,3.226,3.658,216,76,0,0.05,0.10733856700360775,100000,low_uniform,6942
6902,500,107.47514359536193,15.494,16.754,630,79,0,0.05,0.10292594134062528,100000,uneven,6943
6903,500,98.22464721444673,19.306,20.66,677,69,0,0.05,0.10835372161120177,100000,rush_hour,6944
6904,155,-52.10943758224305,38.748387096774195,40.18064516129032,222,19,1,0.05,0.10947076985912939,100000,high_uniform,6945
6905,500,21.10907602778939,31.006,32.44,717,66,0,0.05,0.1084512355402112,100000,uneven,6946
6906,500,7.684942057842214,4.18,4.608,214,79,0,0.05,0.11066209640353918,100000,low_uniform,6947
6907,500,12.86023593495801,3.56,3.94,190,63,0,0.05,0.10989959634095431,100000,low_uniform,6948
6908,500,15.578903934686089,4.324,4.74,208,63,0,0.05,0.10741948343068361,100000,low_uniform,6949
6909,500,0.2141587113467931,2.964,3.33,183,84,0,0.05,0.1061054650619626,100000,low_uniform,6950
6910,414,25.88311587794925,22.797101449275363,24.10144927536232,540,59,1,0.05,0.11011836195481572,100000,rush_hour,6951
6911,500,124.9729841309507,17.746,19.11,682,67,0,0.05,0.10621448555588722,100000,uneven,6952
6912,500,81.69285214549977,22.926,24.328,701,69,0,0.05,0.10930382284522057,100000,uneven,6953
6913,500,98.54170281675627,13.372,14.55,589,91,0,0.05,0.1100891407802701,100000,uniform_medium,6954
6914,500,77.1876197954044,22.548,23.942,697,67,0,0.05,0.10637188535183668,100000,rush_hour,6955
6915,500,10.423918678689844,3.074,3.43,178,64,0,0.05,0.10854657401144505,100000,low_uniform,6956
6916,500,67.0934332372833,21.862,23.192,665,76,0,0.05,0.10559561099112034,100000,rush_hour,6957
6917,500,17.97449125180113,3.964,4.366,201,60,0,0.05,0.10737579107284546,100000,low_uniform,6958
6918,500,-3.624488148786637,3.228,3.584,178,81,0,0.05,0.1043354083225131,100000,low_uniform,6959
6919,500,12.325639635233225,3.426,3.826,200,71,0,0.05,0.10457628485560418,100000,low_uniform,6960
6920,500,92.82417405808505,20.14,21.488,674,72,0,0.05,0.10543125097453594,100000,uneven,6961
6921,500,105.52757714015715,11.356,12.478,561,87,0,0.05,0.10369619635492563,100000,uniform_medium,6962
6922,96,-83.9139951357752,52.15625,53.354166666666664,115,8,1,0.05,0.10164808598347008,100000,high_uniform,6963
6923,157,-77.22820367218482,51.05732484076433,52.57324840764331,238,15,1,0.05,0.0989621611205256,100000,high_uniform,6964
6924,500,82.0722685382499,25.944,27.414,735,59,0,0.05,0.10676735769957305,100000,uneven,6965
6925,500,93.53342051832045,13.156,14.336,590,93,0,0.05,0.10374688856303692,100000,uniform_medium,6966
6926,500,1.2320156565513032,3.954,4.342,194,76,0,0.05,0.10487064963579178,100000,low_uniform,6967
6927,500,83.63947077341642,17.74,19.008,634,81,0,0.05,0.10580038633942604,100000,uniform_medium,6968
6928,500,96.09453175153612,12.35,13.504,577,89,0,0.05,0.10132829896360636,100000,uniform_medium,6969
6929,500,106.87702721717956,19.128,20.498,685,73,0,0.05,0.10515947270393372,100000,uneven,6970
6930,500,100.24675474651552,18.338,19.664,663,74,0,0.05,0.1064333220794797,100000,uneven,6971
6931,500,11.94484784631041,3.484,3.898,207,76,0,0.05,0.10629186765849591,100000,low_uniform,6972
6932,500,97.11765092867114,23.208,24.644,718,62,0,0.05,0.10346704730391502,100000,uneven,6973
6933,500,13.408277877987608,3.768,4.144,188,58,0,0.05,0.10045627600699664,100000,low_uniform,6974
6934,500,90.5358631458749,20.572,21.924,676,76,0,0.05,0.10552487568557263,100000,uneven,6975
6935,500,104.29622895900414,11.318,12.444,563,91,0,0.05,0.10438050210475922,100000,uniform_medium,6976
6936,500,87.65395438997069,12.792,13.942,575,94,0,0.05,0.10514620435982942,100000,uniform_medium,6977
6937,114,-69.95349783134414,43.42982456140351,44.780701754385966,154,17,1,0.05,0.10513274665725858,100000,high_uniform,6978
6938,500,73.4123113115883,13.762,14.9,569,95,0,0.05,0.10421424335241318,100000,uniform_medium,6979
6939,500,94.08738112596315,19.068,20.398,665,74,0,0.05,0.10457073201239109,100000,uneven,6980
6940,500,72.22246871316935,19.674,20.984,655,77,0,0.05,0.10640538477897644,100000,rush_hour,6981
6941,500,94.44005738914097,14.464,15.686,611,88,0,0.05,0.1050514713153243,100000,rush_hour,6982
6942,125,-89.74790602672856,57.6,59.024,178,16,1,0.05,0.1069234014749527,100000,high_uniform,6983
6943,74,-43.530772227534875,44.054054054054056,45.58108108108108,113,7,1,0.05,0.10046841254508174,100000,high_uniform,6984
6944,79,-50.83365156118235,44.139240506329116,45.51898734177215,109,11,1,0.05,0.10586410977795155,100000,high_uniform,6985
6945,500,50.00488783815277,26.596,27.994,699,70,0,0.05,0.10845080683380365,100000,uneven,6986
6946,78,-39.210939188254684,40.11538461538461,41.55128205128205,112,10,1,0.05,0.10734765355785687,100000,high_uniform,6987
6947,104,-62.38008405679289,48.19230769230769,49.63461538461539,150,12,1,0.05,0.109237267385022,100000,high_uniform,6988
6948,90,-67.09586411018674,50.36666666666667,51.72222222222222,122,13,1,0.05,0.11169676983522045,100000,high_uniform,6989
6949,500,85.26375385676299,13.028,14.146,559,92,0,0.05,0.1059754729270935,100000,uniform_medium,6990
6950,101,-52.534074793915465,48.00990099009901,49.475247524752476,148,9,1,0.05,0.1141025684773922,100000,high_uniform,6991
6951,409,-17.415094308744994,30.193154034229828,31.506112469437653,537,50,1,0.05,0.11038208485086856,100000,uneven,6992
6952,73,-67.99284652360842,50.02739726027397,51.178082191780824,84,7,1,0.05,0.10481006305103432,100000,high_uniform,6993
6953,500,102.86126334466668,18.976,20.32,672,73,0,0.05,0.11011937101185322,100000,rush_hour,6994
6954,500,121.22746939276428,16.11,17.442,666,73,0,0.05,0.11146387058496475,100000,rush_hour,6995
6955,137,-67.21257238991566,52.262773722627735,53.7956204379562,210,10,1,0.05,0.11502788879357985,100000,high_uniform,6996
6956,500,76.03330505426926,22.182,23.54,679,74,0,0.05,0.11180334148555994,100000,rush_hour,6997
6957,500,-0.80343543411654,3.23,3.604,187,83,0,0.05,0.11023596010357141,100000,low_uniform,6998
6958,500,49.212666335942814,25.32,26.696,688,68,0,0.05,0.10885418890416622,100000,rush_hour,6999
6959,500,98.16148074495965,13.182,14.332,575,84,0,0.05,0.11088226597011089,100000,uniform_medium,7000
6960,71,-84.39952037438587,51.70422535211268,52.478873239436616,55,4,1,0.05,0.11247123515521976,100000,high_uniform,7001
6961,500,72.02059694124816,13.898,15.018,560,96,0,0.05,0.10982168393582106,100000,uniform_medium,7002
6962,87,-87.63316969811947,50.54022988505747,51.666666666666664,98,8,1,0.05,0.10928440530752313,100000,high_uniform,7003
6963,500,101.21127443728055,11.354,12.48,563,96,0,0.05,0.11435678262263536,100000,uniform_medium,7004
6964,500,49.910759247093345,27.072,28.472,700,68,0,0.05,0.1139220356196165,100000,uneven,7005
6965,500,11.189040161133294,3.268,3.642,187,64,0,0.05,0.1088804100304842,100000,low_uniform,7006
6966,500,103.63510468293586,19.314,20.686,686,72,0,0.05,0.11113303592801094,100000,rush_hour,7007
6967,500,110.69339307456613,18.358,19.718,680,74,0,0.05,0.11586324378103018,100000,rush_hour,7008
6968,103,-53.44811104743692,47.1747572815534,48.592233009708735,146,10,1,0.05,0.11686071182049594,100000,high_uniform,7009
6969,77,-43.38292983572192,45.36363636363637,46.922077922077925,120,8,1,0.05,0.1098321738181176,100000,high_uniform,7010
6970,500,76.3135754806801,20.31,21.632,661,76,0,0.05,0.11345855673402548,100000,uneven,7011
6971,500,15.458472147741498,3.118,3.514,198,69,0,0.05,0.11118873588740825,100000,low_uniform,7012
6972,500,34.018563201719246,30.124,31.554,715,60,0,0.05,0.11252049806714058,100000,uneven,7013
6973,500,97.87402267345378,13.78,14.966,593,86,0,0.05,0.11220538879185915,100000,uniform_medium,7014
6974,500,121.20865685888184,13.306,14.562,628,84,0,0.05,0.1139521740078926,100000,uneven,7015
6975,500,108.69623319597449,11.968,13.156,594,90,0,0.05,0.11283965469151735,100000,uniform_medium,7016
6976,500,97.8264399381868,19.158,20.516,679,77,0,0.05,0.1128053165897727,100000,uneven,7017
6977,500,94.03138868946523,20.436,21.784,674,69,0,0.05,0.11277985927462578,100000,uneven,7018
6978,500,100.54889607980701,14.784,16.01,613,84,0,0.05,0.11127600689232349,100000,uniform_medium,7019
6979,500,62.17015652270665,25.444,26.856,706,68,0,0.05,0.11214529915899038,100000,uneven,7020
6980,133,-74.8691608121075,49.62406015037594,51.07518796992481,193,18,1,0.05,0.11313657689475476,100000,high_uniform,7021
6981,500,92.68049616128275,15.604,16.818,607,84,0,0.05,0.10982101438939572,100000,uniform_medium,7022
6982,102,-56.88642057866183,47.205882352941174,48.6078431372549,143,13,1,0.05,0.11515231591229345,100000,high_uniform,7023
6983,500,111.7722751611328,16.394,17.698,652,76,0,0.05,0.11058803063631058,100000,rush_hour,7024
6984,500,7.017568831924833,3.096,3.454,179,67,0,0.05,0.11202512691915036,100000,low_uniform,7025
6985,500,77.8027318534292,23.994,25.432,719,66,0,0.05,0.11410485626012087,100000,rush_hour,7026
6986,500,93.07027817396674,17.484,18.786,651,79,0,0.05,0.11255799500644206,100000,rush_hour,7027
6987,105,-67.14811770988491,47.457142857142856,48.79047619047619,140,10,1,0.05,0.12447961001169114,100000,high_uniform,7028
6988,500,93.0635123261701,21.002,22.37,684,71,0,0.05,0.11128817047178745,100000,uneven,7029
6989,500,97.30009476809204,12.596,13.764,584,93,0,0.05,0.11287293904274702,100000,uniform_medium,7030
6990,500,15.344868739400763,3.646,4.086,220,78,0,0.05,0.11397003023326396,100000,low_uniform,7031
6991,107,-60.461372414659834,43.691588785046726,45.02803738317757,143,8,1,0.05,0.11055817176526953,100000,high_uniform,7032
6992,500,78.54369684875618,21.586,22.958,686,67,0,0.05,0.11374650820344687,100000,rush_hour,7033
6993,500,106.75792561498827,12.32,13.496,588,88,0,0.05,0.1120000891238451,100000,uniform_medium,7034
6994,500,29.216439811518633,30.384,31.814,715,68,0,0.05,0.11336119882762433,100000,uneven,7035
6995,500,111.12497307468334,17.48,18.816,668,73,0,0.05,0.11596154718846083,100000,uneven,7036
6996,500,82.22393281470235,22.344,23.72,688,71,0,0.05,0.11423098061978817,100000,uneven,7037
6997,500,97.33641340534533,12.582,13.754,586,86,0,0.05,0.11335527803748846,100000,uniform_medium,7038
6998,500,96.24015671187615,13.93,15.124,597,91,0,0.05,0.11277255189418793,100000,uniform_medium,7039
6999,68,-33.15854781086464,38.88235294117647,40.338235294117645,99,9,1,0.05,0.11314605225754135,100000,high_uniform,7040
7000,500,68.46553891312777,22.74,24.102,681,72,0,0.05,0.1111774153932929,100000,rush_hour,7041
7001,500,95.06018292196842,20.42,21.792,686,71,0,0.05,0.11631703060120344,100000,rush_hour,7042
7002,74,-40.27890302438866,35.37837837837838,36.608108108108105,91,12,1,0.05,0.12122224653894836,100000,high_uniform,7043
7003,500,82.74991824823346,18.072,19.364,646,81,0,0.05,0.11521061454713345,100000,rush_hour,7044
7004,102,-67.34037286082774,48.21568627450981,49.61764705882353,143,13,1,0.05,0.11575784198209352,100000,high_uniform,7045
7005,500,89.03682520897196,17.682,18.934,626,79,0,0.05,0.1114142901673913,100000,uniform_medium,7046
7006,500,10.63712722156761,3.696,4.114,209,76,0,0.05,0.11120054133236408,100000,low_uniform,7047
7007,500,79.14430754033137,23.146,24.54,697,68,0,0.05,0.11452897130697966,100000,uneven,7048
7008,500,118.56399961915952,18.212,19.586,687,69,0,0.05,0.11185073205083608,100000,uneven,7049
7009,500,73.17995004476802,22.062,23.412,675,74,0,0.05,0.11318332765996456,100000,rush_hour,7050
7010,500,99.13534649557215,18.138,19.452,657,70,0,0.05,0.11017530120164155,100000,uneven,7051
7011,500,2.241783667327633,3.332,3.694,181,72,0,0.05,0.1114080576300621,100000,low_uniform,7052
7012,136,-66.11723364189945,48.125,49.60294117647059,201,14,1,0.05,0.10742955901386107,100000,high_uniform,7053
7013,500,111.8265400726538,17.116,18.446,665,71,0,0.05,0.11227463792264461,100000,uneven,7054
7014,108,-61.03346938380307,50.76851851851852,52.18518518518518,153,8,1,0.05,0.11316934883318565,100000,high_uniform,7055
7015,119,-82.26875171600219,52.10084033613445,53.46218487394958,162,15,1,0.05,0.11047833644542374,100000,high_uniform,7056
7016,500,88.08276760489078,21.8,23.184,692,68,0,0.05,0.11226197899878025,100000,rush_hour,7057
7017,500,99.939168662255,20.85,22.258,704,68,0,0.05,0.11213122490793466,100000,uneven,7058
7018,500,87.26880735553644,21.978,23.376,699,69,0,0.05,0.11036534019559621,100000,uneven,7059
7019,99,-43.812720443323045,39.55555555555556,40.898989898989896,133,10,1,0.05,0.11054658592499868,100000,high_uniform,7060
7020,500,88.99351034039216,14.618,15.806,594,91,0,0.05,0.1090826853364706,100000,uniform_medium,7061
7021,125,-60.48717228513837,41.864,43.24,172,18,1,0.05,0.11302270436286926,100000,high_uniform,7062
7022,500,69.19820690413756,21.004,22.352,674,77,0,0.05,0.1101116583198309,100000,rush_hour,7063
7023,500,120.50580184356316,16.096,17.424,664,78,0,0.05,0.11040738008916379,100000,uneven,7064
7024,500,101.93901941589138,19.458,20.828,685,72,0,0.05,0.11151539063453675,100000,uneven,7065
7025,500,6.795128683156886,3.708,4.118,205,81,0,0.05,0.11080475328862667,100000,low_uniform,7066
7026,500,96.02555287949617,19.214,20.546,666,73,0,0.05,0.10716088891029357,100000,rush_hour,7067
7027,500,104.88898020365218,13.494,14.698,602,85,0,0.05,0.10831179285794497,100000,uniform_medium,7068
7028,500,91.5430148652233,19.168,20.524,678,73,0,0.05,0.11335659481585025,100000,rush_hour,7069
7029,108,-40.591922390946316,37.611111111111114,38.98148148148148,148,14,1,0.05,0.11228284601949984,100000,high_uniform,7070
7030,500,68.47901829918004,23.922,25.342,710,67,0,0.05,0.11335271338373423,100000,rush_hour,7071
7031,500,88.66984004732336,16.62,17.894,637,83,0,0.05,0.11562087086588144,100000,rush_hour,7072
7032,500,129.68439181264065,16.982,18.356,687,68,0,0.05,0.11218925920128822,100000,uneven,7073
7033,500,82.19155394645053,21.124,22.48,678,68,0,0.05,0.11168109106272459,100000,rush_hour,7074
7034,500,96.33189939503727,19.28,20.622,671,77,0,0.05,0.11307731922715902,100000,uneven,7075
7035,500,92.61871312623506,18.284,19.588,652,79,0,0.05,0.11371170068532228,100000,rush_hour,7076
7036,500,7.06577277696069,3.288,3.676,194,77,0,0.05,0.11306393296271562,100000,low_uniform,7077
7037,500,6.549480067756052,3.038,3.386,174,67,0,0.05,0.11216294502466917,100000,low_uniform,7078
7038,89,-64.65756409739484,45.8876404494382,47.0,99,7,1,0.05,0.11290962642498231,100000,high_uniform,7079
7039,500,105.18977535933824,19.276,20.648,686,71,0,0.05,0.11353002548217773,100000,rush_hour,7080
7040,500,95.41197693267934,17.494,18.792,649,79,0,0.05,0.11230568566918372,100000,uneven,7081
7041,125,-56.49894208930455,41.936,43.312,172,17,1,0.05,0.11217175444960595,100000,high_uniform,7082
7042,93,-67.93879725017057,52.215053763440864,53.623655913978496,131,12,1,0.05,0.10929406790803838,100000,high_uniform,7083
7043,500,92.59560026988892,20.048,21.386,669,74,0,0.05,0.11617385300248861,100000,uneven,7084
7044,500,62.63793208826673,23.666,25.032,683,70,0,0.05,0.11547973807156085,100000,rush_hour,7085
7045,500,87.05152817089144,19.98,21.312,666,77,0,0.05,0.11192079304903746,100000,rush_hour,7086
7046,500,6.395839509199015,3.298,3.666,184,72,0,0.05,0.1118251392915845,100000,low_uniform,7087
7047,70,-24.010277380094767,33.114285714285714,34.55714285714286,101,8,1,0.05,0.11519084168331964,100000,high_uniform,7088
7048,500,110.80701247575911,14.084,15.312,614,84,0,0.05,0.11347767385095357,100000,uniform_medium,7089
7049,500,123.78874457822504,15.744,17.07,663,75,0,0.05,0.11594947376102209,100000,uneven,7090
7050,117,-48.31022679319833,41.914529914529915,43.30769230769231,163,15,1,0.05,0.11025105811591841,100000,high_uniform,7091
7051,500,91.8545063520351,20.31,21.676,683,72,0,0.05,0.11543272134661675,100000,rush_hour,7092
7052,118,-80.92675317759146,52.50847457627118,53.90677966101695,165,12,1,0.05,0.10776730459499156,100000,high_uniform,7093
7053,500,28.037981769416906,28.148,29.54,696,67,0,0.05,0.11342259883135557,100000,uneven,7094
7054,500,7.774434190485632,3.528,3.944,208,83,0,0.05,0.11420840501785279,100000,low_uniform,7095
7055,500,97.82817136364119,17.972,19.262,645,73,0,0.05,0.11423735620081425,100000,rush_hour,7096
7056,500,12.89825658590318,4.14,4.554,207,68,0,0.05,0.11160674382746219,100000,low_uniform,7097
7057,500,96.72054606714163,14.508,15.72,606,89,0,0.05,0.11317410853505135,100000,uniform_medium,7098
7058,500,74.77173423206627,20.982,22.318,668,75,0,0.05,0.11292923795431853,100000,rush_hour,7099
7059,500,68.27653659296604,22.07,23.414,672,74,0,0.05,0.11114488438516855,100000,rush_hour,7100
7060,74,-35.17606733314615,42.189189189189186,43.729729729729726,114,8,1,0.05,0.11241347010473947,100000,high_uniform,7101
7061,146,-74.71045704314834,50.64383561643836,52.14383561643836,219,16,1,0.05,0.11342947179936383,100000,high_uniform,7102
7062,500,6.989588509930206,4.096,4.496,200,68,0,0.05,0.1083784321770072,100000,low_uniform,7103
7063,500,89.68781315941199,21.104,22.472,684,75,0,0.05,0.10879687347263098,100000,rush_hour,7104
7064,500,1.5167235594148636,3.488,3.866,189,77,0,0.05,0.11145979077368974,100000,low_uniform,7105
7065,500,9.783332704437631,3.232,3.624,196,74,0,0.05,0.11097824925184249,100000,low_uniform,7106
7066,125,-46.09956358628352,42.672,44.16,186,12,1,0.05,0.10309615686535835,100000,high_uniform,7107
7067,500,12.08975384316044,4.0,4.418,209,70,0,0.05,0.11169556671380997,100000,low_uniform,7108
7068,500,12.361733115970383,4.12,4.536,208,67,0,0.05,0.11066388097405434,100000,low_uniform,7109
7069,500,103.46135276774436,21.008,22.406,699,68,0,0.05,0.11161023082584143,100000,uneven,7110
7070,500,90.51916595875981,18.248,19.536,644,79,0,0.05,0.10986644490063191,100000,uneven,7111
7071,500,83.48327664743398,14.406,15.582,588,93,0,0.05,0.11129022733867168,100000,uniform_medium,7112
7072,500,43.1780075449759,29.2,30.662,731,62,0,0.05,0.1089925037920475,100000,uneven,7113
7073,500,107.41730746700294,15.41,16.684,637,80,0,0.05,0.10785875435173511,100000,uneven,7114
7074,500,82.1596039736191,13.904,15.048,572,94,0,0.05,0.10621622972935438,100000,uniform_medium,7115
7075,500,79.07745111318057,19.722,21.036,657,77,0,0.05,0.1084914206713438,100000,uneven,7116
7076,94,-54.02997864086318,44.244680851063826,45.638297872340424,131,13,1,0.05,0.1153353234713382,100000,high_uniform,7117
7077,500,64.32990649637763,25.822,27.258,718,66,0,0.05,0.11139659554511308,100000,rush_hour,7118
7078,500,4.684820936270412,3.806,4.166,180,66,0,0.05,0.10845377748459578,100000,low_uniform,7119
7079,500,101.78465684983051,12.916,14.088,586,86,0,0.05,0.10510695052146912,100000,uniform_medium,7120
7080,500,85.15417069132202,14.304,15.468,582,90,0,0.05,0.10738514675945043,100000,uniform_medium,7121
7081,500,84.57573263656435,11.456,12.552,548,99,0,0.05,0.10965186154097319,100000,uniform_medium,7122
7082,500,88.05042442962517,22.092,23.51,709,66,0,0.05,0.10947051618248224,100000,rush_hour,7123
7083,500,84.95738358698014,24.186,25.616,715,64,0,0.05,0.10874382451176644,100000,uneven,7124
7084,110,-65.28322000297248,47.03636363636364,48.4,150,9,1,0.05,0.11033967665650628,100000,high_uniform,7125
7085,188,-42.19346397681262,42.75,44.329787234042556,297,18,1,0.05,0.10947509684619751,100000,high_uniform,7126
7086,500,101.41349900127403,21.37,22.778,704,66,0,0.05,0.10736226592212915,100000,rush_hour,7127
7087,89,-54.900473582317794,44.337078651685395,45.70786516853933,122,8,1,0.05,0.10836731089969699,100000,high_uniform,7128
7088,500,83.22365031482701,15.85,17.044,597,90,0,0.05,0.10851077006757259,100000,uniform_medium,7129
7089,500,-3.1809144749577127,4.41,4.804,197,69,0,0.05,0.1080589649155736,100000,low_uniform,7130
7090,500,108.29031400167305,14.554,15.788,617,84,0,0.05,0.10600872887670994,100000,uniform_medium,7131
7091,500,46.70745887342979,28.234,29.688,727,63,0,0.05,0.10906334322690964,100000,uneven,7132
7092,89,-43.04072646463181,39.46067415730337,40.7752808988764,117,11,1,0.05,0.11368022637253397,100000,high_uniform,7133
7093,100,-65.22369527983223,45.96,47.26,130,11,1,0.05,0.10808879673480988,100000,high_uniform,7134
7094,154,-66.86751633497019,47.688311688311686,49.24025974025974,239,15,1,0.05,0.1110789513142852,100000,high_uniform,7135
7095,500,68.1867535357896,20.516,21.838,661,80,0,0.05,0.11299139962345361,100000,rush_hour,7136
7096,500,99.65294064103561,17.856,19.17,657,77,0,0.05,0.11215691298991441,100000,rush_hour,7137
7097,500,17.258603262985346,3.216,3.65,217,79,0,0.05,0.11270894292742013,100000,low_uniform,7138
7098,500,12.66190316140989,3.404,3.822,209,74,0,0.05,0.11386314272135496,100000,low_uniform,7139
7099,500,86.09545554770555,13.532,14.674,571,91,0,0.05,0.11062508677691221,100000,uniform_medium,7140
7100,500,97.20521327759995,18.976,20.334,679,76,0,0.05,0.11166104089468717,100000,rush_hour,7141
7101,113,-67.90402747976779,49.92920353982301,51.29203539823009,154,11,1,0.05,0.10939610947286134,100000,high_uniform,7142
7102,500,112.25191809138455,18.152,19.518,683,71,0,0.05,0.10943378148227931,100000,rush_hour,7143
7103,500,102.90791647261318,20.386,21.772,693,68,0,0.05,0.10779303649067878,100000,uneven,7144
7104,118,-38.13912229867549,41.80508474576271,43.33898305084746,181,13,1,0.05,0.11113534274242692,100000,high_uniform,7145
7105,500,96.09997650250519,13.38,14.558,589,89,0,0.05,0.10973070745915174,100000,uniform_medium,7146
7106,500,102.68356015223671,11.248,12.374,563,92,0,0.05,0.107932642146945,100000,uniform_medium,7147
7107,500,6.966439960597854,4.348,4.728,190,62,0,0.05,0.10989069993048907,100000,low_uniform,7148
7108,126,-75.60452728592144,51.166666666666664,52.6031746031746,181,16,1,0.05,0.10854646235349633,100000,high_uniform,7149
7109,500,106.13422067342576,12.46,13.614,577,86,0,0.05,0.10758859034627676,100000,uniform_medium,7150
7110,500,106.24778320133206,12.306,13.458,576,85,0,0.05,0.1073587049394846,100000,uniform_medium,7151
7111,500,8.60734798862378,3.734,4.144,205,77,0,0.05,0.10892012937366963,100000,low_uniform,7152
7112,500,93.51539380972,19.688,21.032,672,71,0,0.05,0.10474516110122203,100000,uneven,7153
7113,500,78.40077750890738,20.518,21.828,655,78,0,0.05,0.1050730981528759,100000,rush_hour,7154
7114,174,-73.51548632277408,53.18390804597701,54.827586206896555,286,15,1,0.05,0.10813992117242567,100000,high_uniform,7155
7115,101,-72.37383296350957,57.08910891089109,58.633663366336634,156,9,1,0.05,0.10789782893244583,100000,high_uniform,7156
7116,500,81.74111858177766,19.18,20.508,664,75,0,0.05,0.10697200279682875,100000,rush_hour,7157
7117,107,-35.213035498155925,36.345794392523366,37.757009345794394,151,12,1,0.05,0.10477336478706832,100000,high_uniform,7158
7118,500,103.11228532506425,17.676,18.986,655,77,0,0.05,0.10728988890349865,100000,uneven,7159
7119,105,-68.46638651316526,51.86666666666667,53.304761904761904,151,11,1,0.05,0.10728626449902852,100000,high_uniform,7160
7120,84,-37.56704241615959,39.86904761904762,41.30952380952381,121,8,1,0.05,0.10720608330198697,100000,high_uniform,7161
7121,73,-37.369315052723884,38.28767123287671,39.602739726027394,96,8,1,0.05,0.10864526472271305,100000,high_uniform,7162
7122,500,78.65138853697539,21.9,23.28,690,73,0,0.05,0.1099733999222517,100000,uneven,7163
7123,500,65.0867004689661,23.254,24.628,687,72,0,0.05,0.10610449711978436,100000,uneven,7164
7124,94,-44.38386248705629,42.765957446808514,44.202127659574465,135,11,1,0.05,0.10646041407388576,100000,high_uniform,7165
7125,500,13.480175865167688,3.366,3.746,190,65,0,0.05,0.11113282305002213,100000,low_uniform,7166
7126,500,73.6542208969938,23.048,24.46,706,68,0,0.05,0.10715566878765821,100000,rush_hour,7167
7127,500,98.56703552488669,22.252,23.69,719,65,0,0.05,0.11097347021102905,100000,rush_hour,7168
7128,500,0.5970416227225583,3.28,3.646,183,78,0,0.05,0.11038306032121181,100000,low_uniform,7169
7129,500,106.40449469533435,14.288,15.512,612,85,0,0.05,0.11068912637233734,100000,uniform_medium,7170
7130,500,93.37070345095307,17.45,18.74,645,79,0,0.05,0.10820116158574819,100000,rush_hour,7171
7131,500,102.31736100906538,11.398,12.544,573,94,0,0.05,0.11143114475905895,100000,uniform_medium,7172
7132,500,97.94493242298371,15.782,17.05,634,82,0,0.05,0.11124109424650669,100000,rush_hour,7173
7133,500,100.41021176447758,17.6,18.91,655,75,0,0.05,0.1122540974020958,100000,uneven,7174
7134,500,131.46626540524676,14.948,16.276,664,75,0,0.05,0.11108499400317669,100000,rush_hour,7175
7135,500,2.2209533472032486,3.666,4.016,175,67,0,0.05,0.11145558383315801,100000,low_uniform,7176
7136,70,-52.86121141241442,45.27142857142857,46.542857142857144,89,8,1,0.05,0.11361327128750938,100000,high_uniform,7177
7137,82,-55.66353011686134,46.03658536585366,47.47560975609756,118,9,1,0.05,0.10861846677413801,100000,high_uniform,7178
7138,500,48.89614733171501,23.818,25.178,680,75,0,0.05,0.11111684808135033,100000,rush_hour,7179
7139,500,117.8356332375843,12.59,13.796,603,85,0,0.05,0.11062357056885957,100000,uniform_medium,7180
7140,500,99.46219238273352,11.216,12.348,566,96,0,0.05,0.10975273246318101,100000,uniform_medium,7181
7141,500,-5.007018931358102,3.95,4.318,184,76,0,0.05,0.11342597388476133,100000,low_uniform,7182
7142,500,114.09155190219728,18.318,19.666,674,68,0,0.05,0.11011142706871033,100000,uneven,7183
7143,500,102.86915197059582,15.382,16.646,632,78,0,0.05,0.1081773989200592,100000,rush_hour,7184
7144,500,13.131760994257952,4.252,4.648,198,60,0,0.05,0.11232405892759562,100000,low_uniform,7185
7145,500,103.59642194178734,13.514,14.704,595,82,0,0.05,0.11034103056788444,100000,uniform_medium,7186
7146,500,103.15455784984445,13.548,14.75,601,88,0,0.05,0.1142520453631878,100000,uniform_medium,7187
7147,500,71.93110332843837,25.44,26.898,729,64,0,0.05,0.11390598051249981,100000,rush_hour,7188
7148,93,-36.48738339904129,37.56989247311828,39.043010752688176,137,11,1,0.05,0.11989421934209844,100000,high_uniform,7189
7149,500,81.26235552324675,13.236,14.352,558,95,0,0.05,0.11159648276865482,100000,uniform_medium,7190
7150,500,91.67865765686999,12.234,13.364,565,93,0,0.05,0.11236809473484755,100000,uniform_medium,7191
7151,115,-78.93845982724758,50.70434782608696,52.06086956521739,156,15,1,0.05,0.1063916080671808,100000,high_uniform,7192
7152,500,102.12375858674184,15.33,16.55,610,79,0,0.05,0.1102270126119256,100000,uniform_medium,7193
7153,500,8.168027282405149,3.118,3.548,215,89,0,0.05,0.114005603633821,100000,low_uniform,7194
7154,500,85.11259723670206,22.386,23.782,698,66,0,0.05,0.11153471137583255,100000,rush_hour,7195
7155,107,-65.07500004731493,45.88785046728972,47.32710280373832,154,14,1,0.05,0.11787650399954519,100000,high_uniform,7196
7156,500,108.40269188390769,12.43,13.624,597,91,0,0.05,0.11491691603511572,100000,uniform_medium,7197
7157,500,97.80444985997313,20.846,22.224,689,69,0,0.05,0.11309411072731018,100000,uneven,7198
7158,500,106.86886365956947,16.83,18.128,649,77,0,0.05,0.11659648462384939,100000,uneven,7199
7159,500,6.183534205892995,3.43,3.79,180,65,0,0.05,0.11244819375127554,100000,low_uniform,7200
7160,500,5.068052075972982,4.204,4.626,211,79,0,0.05,0.11199645821005105,100000,low_uniform,7201
7161,500,10.672339736808642,3.278,3.674,198,71,0,0.05,0.10978418693691493,100000,low_uniform,7202
7162,500,111.41318513939743,16.264,17.57,653,76,0,0.05,0.11138395740091801,100000,uneven,7203
7163,500,101.29654196441726,21.266,22.696,715,66,0,0.05,0.11040559010952711,100000,uneven,7204
7164,500,92.98575040422925,19.228,20.574,673,73,0,0.05,0.10949922401458025,100000,uneven,7205
7165,500,106.79399986566395,19.086,20.456,685,71,0,0.05,0.1101663247719407,100000,uneven,7206
7166,67,-29.54353655057468,41.23880597014925,42.83582089552239,107,6,1,0.05,0.11608368947879592,100000,high_uniform,7207
7167,91,-32.97104980940226,37.714285714285715,39.20879120879121,136,9,1,0.05,0.10889435907477861,100000,high_uniform,7208
7168,500,75.67963232197921,25.374,26.814,720,63,0,0.05,0.10879933511465788,100000,uneven,7209
7169,500,97.34449477157936,13.608,14.79,591,88,0,0.05,0.11038908734172583,100000,uniform_medium,7210
7170,500,94.14349924777841,22.232,23.642,705,66,0,0.05,0.10964354586601258,100000,rush_hour,7211
7171,500,99.43841724298842,15.884,17.144,630,75,0,0.05,0.10725261076539755,100000,rush_hour,7212
7172,500,90.6000318956254,20.178,21.538,680,70,0,0.05,0.11018546129763127,100000,rush_hour,7213
7173,500,83.2101687853406,22.34,23.73,695,71,0,0.05,0.1113154082968831,100000,rush_hour,7214
7174,500,89.0460369215325,19.206,20.498,646,76,0,0.05,0.11088256558030844,100000,uniform_medium,7215
7175,500,5.251585420851378,3.738,4.156,209,84,0,0.05,0.11169160463660956,100000,low_uniform,7216
7176,65,-72.41420624967812,50.52307692307692,51.63076923076923,72,7,1,0.05,0.10907189169755349,100000,high_uniform,7217
7177,500,95.357290263425,21.254,22.652,699,67,0,0.05,0.1093017227947712,100000,uneven,7218
7178,500,102.88776680948585,16.614,17.904,645,77,0,0.05,0.10938094522804022,100000,uneven,7219
7179,500,101.94757551266757,11.05,12.162,556,92,0,0.05,0.10755340969562531,100000,uniform_medium,7220
7180,500,78.36380434964485,15.91,17.1,595,90,0,0.05,0.10865043820440769,100000,uniform_medium,7221
7181,96,-49.68244797265903,45.135416666666664,46.635416666666664,144,11,1,0.05,0.109424279925103,100000,high_uniform,7222
7182,500,82.34996117292108,20.372,21.696,662,75,0,0.05,0.11218149606138468,100000,rush_hour,7223
7183,500,6.2674143981129244,3.61,4.016,203,77,0,0.05,0.10990405900776386,100000,low_uniform,7224
7184,500,114.51295313240415,12.64,13.842,601,85,0,0.05,0.1161923088133335,100000,uniform_medium,7225
7185,500,99.5979874647579,11.416,12.54,562,91,0,0.05,0.11305733618140221,100000,uniform_medium,7226
7186,263,-43.79894708872382,31.874524714828897,33.08365019011407,318,42,1,0.05,0.10983774240195977,100000,rush_hour,7227
7187,81,-42.03935430566874,38.925925925925924,40.32098765432099,113,10,1,0.05,0.10826860248674582,100000,high_uniform,7228
7188,500,14.25993087379717,3.242,3.622,190,66,0,0.05,0.11189709946513177,100000,low_uniform,7229
7189,500,77.48636618923814,16.644,17.848,602,90,0,0.05,0.11380261059105397,100000,uniform_medium,7230
7190,500,7.734814273822396,4.014,4.382,184,57,0,0.05,0.11026189395040274,100000,low_uniform,7231
7191,101,-78.38650990772501,49.16831683168317,50.46534653465346,131,17,1,0.05,0.10513320679564288,100000,high_uniform,7232
7192,500,89.10373893991651,19.054,20.378,662,75,0,0.05,0.11431375679373741,100000,rush_hour,7233
7193,139,-53.699780605352004,46.510791366906474,48.02877697841727,211,16,1,0.05,0.1119458713977457,100000,high_uniform,7234
7194,500,106.49139413716132,18.98,20.358,689,70,0,0.05,0.1132020658031106,100000,rush_hour,7235
7195,500,57.894801347305,25.03,26.416,693,70,0,0.05,0.11343256311863661,100000,uneven,7236
7196,500,73.79474566697485,24.034,25.444,705,69,0,0.05,0.11255835879594088,100000,rush_hour,7237
7197,500,93.66081218033727,12.686,13.832,573,93,0,0.05,0.10944148749858142,100000,uniform_medium,7238
7198,500,105.72503827344666,19.454,20.822,684,67,0,0.05,0.11025688780844212,100000,rush_hour,7239
7199,500,79.06693492034731,13.004,14.13,563,96,0,0.05,0.11062306928634644,100000,uniform_medium,7240
7200,124,-59.456903145698384,45.903225806451616,47.435483870967744,190,14,1,0.05,0.1077121205387577,100000,high_uniform,7241
7201,500,90.64660911341932,23.68,25.136,728,64,0,0.05,0.11094892527163029,100000,uneven,7242
7202,500,81.73128565944796,12.026,13.142,558,97,0,0.05,0.11140138603001833,100000,uniform_medium,7243
7203,500,88.89950934532361,10.816,11.894,539,94,0,0.05,0.10977494609355927,100000,uniform_medium,7244
7204,500,17.09482029077204,3.49,3.906,208,71,0,0.05,0.11040315490216017,100000,low_uniform,7245
7205,500,15.169745952216951,3.312,3.692,190,64,0,0.05,0.1090813980549574,100000,low_uniform,7246
7206,125,-51.07233163954142,41.664,43.168,188,15,1,0.05,0.10695061606168747,100000,high_uniform,7247
7207,500,100.31589175964936,19.88,21.252,686,72,0,0.05,0.10540642027556896,100000,rush_hour,7248
7208,500,101.63987782526834,14.13,15.33,600,88,0,0.05,0.11079431714117527,100000,uniform_medium,7249
7209,102,-60.1435673433226,39.14705882352941,40.333333333333336,121,12,1,0.05,0.1073050430300189,100000,high_uniform,7250
7210,500,100.91270865181177,17.218,18.514,648,78,0,0.05,0.11053683949261904,100000,rush_hour,7251
7211,500,97.97439588337748,19.496,20.856,680,73,0,0.05,0.10906043716520071,100000,uneven,7252
7212,500,12.214281783157361,3.814,4.224,205,70,0,0.05,0.10566128201782704,100000,low_uniform,7253
7213,86,-55.12370341727999,44.31395348837209,45.651162790697676,115,12,1,0.05,0.10925739709027978,100000,high_uniform,7254
7214,500,18.090548716802946,2.972,3.372,200,71,0,0.05,0.10918085721880197,100000,low_uniform,7255
7215,500,90.46217834012025,15.402,16.616,607,86,0,0.05,0.11053076679259538,100000,uniform_medium,7256
7216,500,92.37112392171575,15.786,17.008,611,83,0,0.05,0.10756700783967972,100000,uniform_medium,7257
7217,500,112.70248105204828,15.794,17.088,647,77,0,0.05,0.10961080107092858,100000,uneven,7258
7218,500,3.1690404076375716,4.118,4.5,191,69,0,0.05,0.10879453471302986,100000,low_uniform,7259
7219,500,95.8767204929899,12.6,13.754,577,91,0,0.05,0.10996753089874983,100000,uniform_medium,7260
7220,500,107.36055085559579,13.152,14.334,591,83,0,0.05,0.10882805150002241,100000,uniform_medium,7261
7221,500,87.40647940209686,13.396,14.518,561,85,0,0.05,0.10715598971396685,100000,uniform_medium,7262
7222,500,60.481519750259665,27.678,29.124,723,58,0,0.05,0.11089812099188566,100000,uneven,7263
7223,500,90.46511797229275,13.002,14.148,573,95,0,0.05,0.1080766492113471,100000,uniform_medium,7264
7224,500,97.21306059258728,13.7,14.892,596,91,0,0.05,0.11076469586789608,100000,uniform_medium,7265
7225,90,-52.33568276633481,45.58888888888889,47.044444444444444,131,12,1,0.05,0.11465703248977661,100000,high_uniform,7266
7226,500,67.97586064817824,25.532,26.956,712,67,0,0.05,0.10962849358469248,100000,uneven,7267
7227,500,9.785172495821227,3.804,4.212,204,74,0,0.05,0.10746770096570253,100000,low_uniform,7268
7228,500,96.90958279331878,19.516,20.854,669,71,0,0.05,0.10990213772654533,100000,rush_hour,7269
7229,500,103.19214722462318,17.608,18.926,659,77,0,0.05,0.10924426963180303,100000,rush_hour,7270
7230,500,82.25941136689394,20.796,22.12,662,71,0,0.05,0.11041051238775253,100000,uneven,7271
7231,86,-53.07552369655851,45.116279069767444,46.48837209302326,118,9,1,0.05,0.11085349667903989,100000,high_uniform,7272
7232,500,125.00030345651722,16.824,18.186,681,67,0,0.05,0.11015367691218853,100000,uneven,7273
7233,163,-55.298202613948796,46.91411042944785,48.52147239263804,262,14,1,0.05,0.1095729180000311,100000,high_uniform,7274
7234,500,89.10199495201523,13.536,14.684,574,85,0,0.05,0.11289139489084482,100000,uniform_medium,7275
7235,500,94.27551847348083,14.892,16.108,608,86,0,0.05,0.11396213257312775,100000,uniform_medium,7276
7236,500,-4.98185193251587,3.826,4.198,186,78,0,0.05,0.11270889437943697,100000,low_uniform,7277
7237,500,110.01290015959516,17.652,18.966,657,70,0,0.05,0.11085012736916543,100000,rush_hour,7278
7238,500,104.76662319673837,12.818,13.99,586,87,0,0.05,0.10704771937429905,100000,uniform_medium,7279
7239,500,82.455943902957,13.486,14.612,563,88,0,0.05,0.10838951967656613,100000,uniform_medium,7280
7240,500,56.7197096893619,22.102,23.426,662,71,0,0.05,0.10921347923576832,100000,rush_hour,7281
7241,58,-52.819534116045595,45.05172413793103,46.293103448275865,72,5,1,0.05,0.10844998742485869,100000,high_uniform,7282
7242,500,102.47836701438048,16.802,18.102,650,78,0,0.05,0.10958962281048298,100000,uneven,7283
7243,500,98.95037412993872,11.082,12.188,553,95,0,0.05,0.10951219230145216,100000,uniform_medium,7284
7244,500,87.43086428293917,12.904,14.038,567,95,0,0.05,0.11340466234087944,100000,uniform_medium,7285
7245,500,100.98301689170677,18.848,20.196,674,75,0,0.05,0.10840250180661679,100000,uneven,7286
7246,112,-75.59193514658888,42.857142857142854,44.044642857142854,133,17,1,0.05,0.10472027561627328,100000,high_uniform,7287
7247,500,13.275720920863044,3.924,4.33,203,68,0,0.05,0.10906053832173347,100000,low_uniform,7288
7248,500,83.92554826130142,22.14,23.532,696,71,0,0.05,0.1059185561016202,100000,rush_hour,7289
7249,88,-33.625593607531066,36.17045454545455,37.53409090909091,120,11,1,0.05,0.1120614861138165,100000,high_uniform,7290
7250,500,71.91103218897042,23.222,24.602,690,71,0,0.05,0.1061528027355671,100000,uneven,7291
7251,500,98.87613997045982,14.672,15.878,603,83,0,0.05,0.10900324867665767,100000,uniform_medium,7292
7252,131,-74.37345984760046,57.13740458015267,58.770992366412216,214,9,1,0.05,0.10839735392395777,100000,high_uniform,7293
7253,500,92.58401669204324,20.2,21.548,674,71,0,0.05,0.10793146067112684,100000,uneven,7294
7254,478,26.518121704286617,21.098326359832637,22.326359832635983,587,68,1,0.05,0.10634597273987706,100000,rush_hour,7295
7255,500,98.30869221537513,15.104,16.312,604,86,0,0.05,0.10635811753571034,100000,uniform_medium,7296
7256,500,110.45487909188628,14.64,15.888,624,84,0,0.05,0.10810488363355399,100000,uneven,7297
7257,500,117.62802107278517,16.866,18.204,669,68,0,0.05,0.10676421150565148,100000,rush_hour,7298
7258,500,126.3326213629759,16.772,18.158,693,69,0,0.05,0.10607556228339672,100000,uneven,7299
7259,500,8.340686494494797,2.914,3.318,202,84,0,0.05,0.10488748251646757,100000,low_uniform,7300
7260,500,8.229809030482077,3.264,3.658,197,77,0,0.05,0.10666687789559365,100000,low_uniform,7301
7261,500,103.46608760358396,10.658,11.762,552,86,0,0.05,0.10547350745648146,100000,uniform_medium,7302
7262,500,10.522644797969486,3.564,3.976,206,77,0,0.05,0.10078497355431318,100000,low_uniform,7303
7263,500,56.294487430979096,26.964,28.36,698,62,0,0.05,0.10623020538687707,100000,uneven,7304
7264,500,87.54142968168357,25.29,26.758,734,61,0,0.05,0.10510040713101626,100000,rush_hour,7305
7265,100,-28.323207417589288,36.53,38.02,149,12,1,0.05,0.10225183144211769,100000,high_uniform,7306
7266,124,-88.92710854360527,55.5,56.975806451612904,183,13,1,0.05,0.1142356121431916,100000,high_uniform,7307
7267,500,88.04987331885764,22.312,23.72,704,70,0,0.05,0.10832636092603207,100000,uneven,7308
7268,120,-34.7646951564135,35.233333333333334,36.625,167,16,1,0.05,0.10551895756895344,100000,high_uniform,7309
7269,104,-35.91893722460548,40.30769230769231,41.76923076923077,152,10,1,0.05,0.1063736191449257,100000,high_uniform,7310
7270,99,-38.17236547630332,35.56565656565657,36.92929292929293,135,12,1,0.05,0.11131202437058844,100000,high_uniform,7311
7271,500,85.00121211629782,16.954,18.168,607,81,0,0.05,0.11006644765287638,100000,uniform_medium,7312
7272,500,11.59692806934505,3.424,3.794,185,63,0,0.05,0.11072308015078307,100000,low_uniform,7313
7273,91,-35.90720311342545,37.57142857142857,38.989010989010985,129,10,1,0.05,0.10950057888096505,100000,high_uniform,7314
7274,500,85.309050625403,19.542,20.86,659,72,0,0.05,0.11237690611183643,100000,rush_hour,7315
7275,500,5.879051706049977,3.994,4.382,194,70,0,0.05,0.1085135739147663,100000,low_uniform,7316
7276,500,94.8631243163506,13.96,15.114,577,79,0,0.05,0.11233399644494056,100000,uniform_medium,7317
7277,500,90.77703554782283,12.634,13.762,564,91,0,0.05,0.10921639017760754,100000,uniform_medium,7318
7278,500,90.0082898757323,18.054,19.334,640,78,0,0.05,0.10844113190472127,100000,rush_hour,7319
7279,68,-48.43738292380228,42.36764705882353,43.64705882352941,87,6,1,0.05,0.11042144489200677,100000,high_uniform,7320
7280,95,-59.23802707608142,52.06315789473684,53.65263157894737,151,8,1,0.05,0.10471634637368353,100000,high_uniform,7321
7281,500,98.55506736246022,17.496,18.804,654,78,0,0.05,0.11013813754916191,100000,uneven,7322
7282,500,87.32982426543629,15.22,16.43,605,89,0,0.05,0.10965762408077717,100000,uniform_medium,7323
7283,500,97.56785852332106,22.202,23.612,705,65,0,0.05,0.11457786098122597,100000,uneven,7324
7284,500,20.906471829351354,4.232,4.67,219,64,0,0.05,0.1142230675816536,100000,low_uniform,7325
7285,500,-0.36104055524308615,3.762,4.118,178,70,0,0.05,0.11393418785184622,100000,low_uniform,7326
7286,500,101.74551646476684,18.126,19.472,673,75,0,0.05,0.1107831677570939,100000,rush_hour,7327
7287,500,69.67939503352318,21.434,22.77,668,78,0,0.05,0.11309526447951794,100000,uneven,7328
7288,500,11.43784275981901,2.63,3.008,189,76,0,0.05,0.11034859281033277,100000,low_uniform,7329
7289,95,-51.99354449999348,45.11578947368421,46.536842105263155,135,10,1,0.05,0.10816392180951018,100000,high_uniform,7330
7290,500,8.915182166744078,3.386,3.784,199,76,0,0.05,0.11117134692519903,100000,low_uniform,7331
7291,500,98.9148246618471,20.924,22.3,688,66,0,0.05,0.10947150415182114,100000,uneven,7332
7292,500,97.0155462932932,18.69,20.014,662,75,0,0.05,0.10804103377461434,100000,uneven,7333
7293,500,109.98947344137243,14.326,15.564,619,83,0,0.05,0.10626559379696845,100000,uniform_medium,7334
7294,500,104.21649641247926,15.612,16.884,636,82,0,0.05,0.10997190094739198,100000,uniform_medium,7335
7295,500,96.17460043401331,12.788,13.922,567,84,0,0.05,0.10985938349366188,100000,uniform_medium,7336
7296,500,108.8631721017114,10.826,11.968,571,93,0,0.05,0.1079238396063447,100000,uniform_medium,7337
7297,500,101.07329761676937,13.828,15.018,595,87,0,0.05,0.1092702764943242,100000,uniform_medium,7338
7298,500,79.55476001456783,17.008,18.228,610,87,0,0.05,0.10852119205892086,100000,uniform_medium,7339
7299,84,-61.09132649926696,50.29761904761905,51.67857142857143,116,10,1,0.05,0.11339834394554298,100000,high_uniform,7340
7300,500,86.52741884543293,20.34,21.676,668,73,0,0.05,0.10937615451961756,100000,rush_hour,7341
7301,500,109.44931755033036,16.116,17.416,650,79,0,0.05,0.10406518641859293,100000,uneven,7342
7302,500,94.95934598010169,14.274,15.446,586,85,0,0.05,0.10938298731297255,100000,uniform_medium,7343
7303,500,101.700766282714,16.556,17.85,647,76,0,0.05,0.10718658010661603,100000,rush_hour,7344
7304,500,85.69358210758904,14.134,15.274,570,88,0,0.05,0.10435513510555029,100000,uniform_medium,7345
7305,500,91.8597105773386,19.762,21.12,679,73,0,0.05,0.10434968339651823,100000,rush_hour,7346
7306,500,88.75549578264153,12.866,14.01,572,93,0,0.05,0.10212349197268486,100000,uniform_medium,7347
7307,97,-70.43704873808888,52.03092783505155,53.50515463917526,143,11,1,0.05,0.1051402507138621,100000,high_uniform,7348
7308,500,92.78427097827864,10.846,11.926,540,93,0,0.05,0.1054512460231781,100000,uniform_medium,7349
7309,500,97.95685537399096,18.0,19.312,656,77,0,0.05,0.10604527343064546,100000,uneven,7350
7310,500,98.83242452444722,10.458,11.542,542,88,0,0.05,0.10374487836658955,100000,uniform_medium,7351
7311,500,65.03305048599046,24.786,26.196,705,69,0,0.05,0.10509867659211158,100000,rush_hour,7352
7312,500,0.6759466466327786,4.192,4.582,195,76,0,0.05,0.10000303100794554,100000,low_uniform,7353
7313,86,-30.760169014165513,37.383720930232556,38.94186046511628,134,9,1,0.05,0.0944856753096331,100000,high_uniform,7354
7314,500,11.72203329466254,3.492,3.892,200,73,0,0.05,0.10343856910616159,100000,low_uniform,7355
7315,500,116.32616243256442,18.79,20.168,689,70,0,0.05,0.10201065687090158,100000,rush_hour,7356
7316,90,-38.059884846095045,36.544444444444444,37.91111111111111,123,10,1,0.05,0.1006878754331006,100000,high_uniform,7357
7317,500,68.66162094296286,24.97,26.4,715,64,0,0.05,0.10730123541504144,100000,uneven,7358
7318,500,37.14284476533436,27.028,28.442,707,70,0,0.05,0.10006978479027748,100000,rush_hour,7359
7319,115,-46.96093290703117,41.85217391304348,43.321739130434786,169,12,1,0.05,0.10652740588006766,100000,high_uniform,7360
7320,500,9.187185663868362,3.576,3.988,206,78,0,0.05,0.1041362650692463,100000,low_uniform,7361
7321,500,69.4205170366035,12.876,13.982,553,100,0,0.05,0.1049845732972026,100000,uniform_medium,7362
7322,500,107.14107261307602,11.054,12.212,579,94,0,0.05,0.10273766910284758,100000,uniform_medium,7363
7323,500,72.84369408678573,22.658,24.034,688,69,0,0.05,0.10214090189337731,100000,rush_hour,7364
7324,500,76.41934561664678,20.872,22.234,681,74,0,0.05,0.1087798147276044,100000,rush_hour,7365
7325,103,-45.143669428028275,46.15533980582524,47.689320388349515,158,9,1,0.05,0.10820449418523936,100000,high_uniform,7366
7326,500,98.88900314099585,16.402,17.67,634,77,0,0.05,0.10254255598038435,100000,rush_hour,7367
7327,500,84.21859662285803,14.988,16.162,587,90,0,0.05,0.10202325205504895,100000,uniform_medium,7368
7328,500,26.792054361422817,29.912,31.328,708,63,0,0.05,0.10213284707814455,100000,uneven,7369
7329,500,112.79464873015223,14.3,15.544,622,86,0,0.05,0.10395357612520456,100000,uniform_medium,7370
7330,500,107.48783653242945,13.384,14.588,602,86,0,0.05,0.10555948304384946,100000,uniform_medium,7371
7331,500,94.9082259639398,13.298,14.47,586,87,0,0.05,0.10470278389751911,100000,uniform_medium,7372
7332,90,-49.99151329484101,40.733333333333334,42.01111111111111,115,11,1,0.05,0.107446406988634,100000,high_uniform,7373
7333,500,108.8388828311558,14.436,15.678,621,82,0,0.05,0.10362206993997097,100000,uniform_medium,7374
7334,500,85.29121162328926,15.266,16.458,596,88,0,0.05,0.10096211432665586,100000,uniform_medium,7375
7335,500,102.81696671285574,13.592,14.806,607,86,0,0.05,0.10150497176498174,100000,uniform_medium,7376
7336,500,11.140406226901801,3.694,4.084,195,67,0,0.05,0.10166133910417557,100000,low_uniform,7377
7337,500,100.04478003342504,19.026,20.388,681,71,0,0.05,0.10337044505029917,100000,rush_hour,7378
7338,500,99.50043257223948,10.966,12.064,549,93,0,0.05,0.10045593865960836,100000,uniform_medium,7379
7339,500,12.769846180698426,3.532,3.95,209,75,0,0.05,0.09868968727439642,100000,low_uniform,7380
7340,137,-67.71055784088328,49.503649635036496,51.02919708029197,209,14,1,0.05,0.10085135023959362,100000,high_uniform,7381
7341,500,79.51550541285884,19.152,20.474,661,77,0,0.05,0.09881217966973782,100000,rush_hour,7382
7342,500,103.35704474350663,13.466,14.672,603,88,0,0.05,0.10106261106580496,100000,uniform_medium,7383
7343,500,99.37258974072671,17.746,19.078,666,76,0,0.05,0.09960132822394371,100000,rush_hour,7384
7344,500,108.66782354805217,16.888,18.194,653,72,0,0.05,0.09966645120829344,100000,uneven,7385
7345,500,96.06803651817935,18.516,19.834,659,75,0,0.05,0.09798870491981507,100000,uneven,7386
7346,500,97.62180329174198,14.47,15.68,605,85,0,0.05,0.1028241937160492,100000,uniform_medium,7387
7347,500,12.631783268333553,3.878,4.298,210,70,0,0.05,0.10010937494784594,100000,low_uniform,7388
7348,500,99.6888147764076,11.316,12.442,563,92,0,0.05,0.10116099403053522,100000,uniform_medium,7389
7349,500,81.92990093287142,18.636,19.916,640,79,0,0.05,0.10328231555968523,100000,rush_hour,7390
7350,500,8.670990989812761,27.04,28.36,660,66,0,0.05,0.10047535323351621,100000,uneven,7391
7351,500,115.43488690658498,16.048,17.356,654,75,0,0.05,0.10172243417799473,100000,uneven,7392
7352,500,90.15474345246227,19.75,21.076,663,69,0,0.05,0.10117132091522217,100000,rush_hour,7393
7353,500,90.8155326863537,12.308,13.456,574,92,0,0.05,0.10168421106785536,100000,uniform_medium,7394
7354,500,86.76637381590774,13.504,14.648,572,93,0,0.05,0.09492678596824408,100000,uniform_medium,7395
7355,500,90.18352492932279,21.098,22.474,688,66,0,0.05,0.0980470897629857,100000,rush_hour,7396
7356,114,-57.188700352913116,43.91228070175438,45.29824561403509,158,11,1,0.05,0.09643790576803057,100000,high_uniform,7397
7357,500,86.18966071218546,14.182,15.34,579,90,0,0.05,0.09769708943367005,100000,uniform_medium,7398
7358,500,94.84830261360531,13.708,14.874,583,87,0,0.05,0.09401142869889736,100000,uniform_medium,7399
7359,500,87.081048935079,21.666,23.07,702,65,0,0.05,0.096473871268332,100000,rush_hour,7400
7360,500,7.42793697135082,3.346,3.728,191,72,0,0.05,0.09501001399755478,100000,low_uniform,7401
7361,500,17.253300190185637,3.02,3.416,198,69,0,0.05,0.09676037564128637,100000,low_uniform,7402
7362,500,127.1938708491226,14.59,15.9,655,77,0,0.05,0.10002366715669632,100000,uneven,7403
7363,500,14.14373368086472,3.84,4.23,195,62,0,0.05,0.09644208458811045,100000,low_uniform,7404
7364,500,3.2950540599750457,3.054,3.424,185,75,0,0.05,0.09726042664796114,100000,low_uniform,7405
7365,500,56.27097505141005,23.578,24.958,690,73,0,0.05,0.09742414958775043,100000,rush_hour,7406
7366,102,-70.88113221174348,53.127450980392155,54.65686274509804,156,9,1,0.05,0.093225100826399,100000,high_uniform,7407
7367,500,96.92309287810448,16.056,17.318,631,79,0,0.05,0.09720652355253696,100000,uneven,7408
7368,87,-47.85745915670408,44.298850574712645,45.735632183908045,125,11,1,0.05,0.10230465537343902,100000,high_uniform,7409
7369,500,19.202256747444295,3.138,3.568,215,76,0,0.05,0.09596567609161138,100000,low_uniform,7410
7370,500,24.10535376342817,3.656,4.108,226,72,0,0.05,0.09857866866886615,100000,low_uniform,7411
7371,500,124.78730731451324,16.782,18.134,676,71,0,0.05,0.09445668494701386,100000,uneven,7412
7372,500,11.715696772793576,3.162,3.516,177,60,0,0.05,0.09514450407028198,100000,low_uniform,7413
7373,97,-99.13372404609648,58.72164948453608,60.01030927835052,125,16,1,0.05,0.09660309806619723,100000,high_uniform,7414
7374,500,104.11807526034599,13.118,14.298,590,89,0,0.05,0.09576286829262971,100000,uniform_medium,7415
7375,500,93.30953682461717,11.494,12.61,558,94,0,0.05,0.09537966299802064,100000,uniform_medium,7416
7376,500,32.724177904113276,28.2,29.578,689,66,0,0.05,0.09890644995123148,100000,rush_hour,7417
7377,500,94.43867941902683,23.144,24.58,718,65,0,0.05,0.09673642222583294,100000,uneven,7418
7378,500,56.16703000094556,24.52,25.904,692,69,0,0.05,0.09846232958883047,100000,uneven,7419
7379,500,114.3756703878006,12.878,14.098,610,87,0,0.05,0.09820716610550881,100000,uniform_medium,7420
7380,500,86.01808339779379,14.708,15.908,600,92,0,0.05,0.09914477666467428,100000,uniform_medium,7421
7381,500,75.91825096330635,21.918,23.288,685,70,0,0.05,0.09792728351801634,100000,uneven,7422
7382,500,2.606128313233881,3.518,3.884,183,72,0,0.05,0.10085512767732144,100000,low_uniform,7423
7383,500,88.58011452670132,14.176,15.364,594,92,0,0.05,0.09824028324335814,100000,uniform_medium,7424
7384,500,84.8059093977606,19.51,20.848,669,73,0,0.05,0.09664952526241541,100000,uneven,7425
7385,500,98.6131107042446,20.154,21.542,694,66,0,0.05,0.09950865549594164,100000,uneven,7426
7386,500,9.04485117753444,3.408,3.804,198,73,0,0.05,0.10056148504465819,100000,low_uniform,7427
7387,500,106.98379705946805,18.752,20.11,679,70,0,0.05,0.10091228444874287,100000,uneven,7428
7388,121,-101.71501564117293,53.950413223140494,55.27272727272727,160,20,1,0.05,0.10319772381181559,100000,high_uniform,7429
7389,500,89.83322957979065,13.698,14.856,579,88,0,0.05,0.10141888090223074,100000,uniform_medium,7430
7390,500,105.05126018370207,20.622,22.014,696,67,0,0.05,0.10093665097653866,100000,uneven,7431
7391,500,87.29423910435861,23.526,24.964,719,67,0,0.05,0.10493683821707964,100000,rush_hour,7432
7392,138,-66.17054686522008,48.268115942028984,49.833333333333336,216,14,1,0.05,0.10034783497668695,100000,high_uniform,7433
7393,500,63.91188069868985,20.48,21.762,641,81,0,0.05,0.10285674324631691,100000,uniform_medium,7434
7394,500,110.0679644689391,12.194,13.372,589,85,0,0.05,0.10214309056848288,100000,uniform_medium,7435
7395,131,-60.88958731758931,46.954198473282446,48.36641221374046,185,14,1,0.05,0.1034502015370904,100000,high_uniform,7436
7396,500,1.3233642366983758,3.442,3.77,164,63,0,0.05,0.10500890184938907,100000,low_uniform,7437
7397,109,-58.622976885595776,42.62385321100918,43.972477064220186,147,12,1,0.05,0.10905985964821019,100000,high_uniform,7438
7398,500,-4.781871444620935,3.092,3.454,181,86,0,0.05,0.10449167292565108,100000,low_uniform,7439
7399,500,-0.9614349454670646,3.686,4.048,181,71,0,0.05,0.10475954900681972,100000,low_uniform,7440
7400,146,-45.842044368981625,42.97260273972603,44.52054794520548,226,13,1,0.05,0.10288775630601465,100000,high_uniform,7441
7401,500,115.96370602667055,19.352,20.756,702,68,0,0.05,0.10101054952293634,100000,uneven,7442
7402,500,81.04468508640636,19.166,20.468,651,80,0,0.05,0.10282578750699758,100000,rush_hour,7443
7403,500,-0.9488683174196564,3.076,3.416,170,74,0,0.05,0.10068916903436184,100000,low_uniform,7444
7404,500,99.04216978590874,11.456,12.58,562,90,0,0.05,0.10203328835964202,100000,uniform_medium,7445
7405,125,-57.2965687490198,42.184,43.592,176,18,1,0.05,0.09885154244303704,100000,high_uniform,7446
7406,114,-48.529138555801424,43.03508771929825,44.51754385964912,169,12,1,0.05,0.11062797665465296,100000,high_uniform,7447
7407,500,122.21718530093874,15.262,16.584,661,78,0,0.05,0.10129335822910071,100000,rush_hour,7448
7408,500,98.64213528071237,17.488,18.82,666,76,0,0.05,0.10313471179455519,100000,uneven,7449
7409,75,-39.77781917645188,39.93333333333333,41.24,98,8,1,0.05,0.09939193814992904,100000,high_uniform,7450
7410,500,8.482216588753191,3.12,3.508,194,77,0,0.05,0.10154782462865114,100000,low_uniform,7451
7411,500,4.734358110073632,4.134,4.532,199,68,0,0.05,0.10085740685462952,100000,low_uniform,7452
7412,500,8.356934655548189,3.948,4.326,189,64,0,0.05,0.10270992796123028,100000,low_uniform,7453
7413,500,78.53713322013242,21.488,22.85,681,72,0,0.05,0.10188385284692049,100000,uneven,7454
7414,500,84.60780330046018,17.006,18.248,621,88,0,0.05,0.10111803518235683,100000,uniform_medium,7455
7415,500,97.7307325984418,11.778,12.904,563,92,0,0.05,0.10302103185653687,100000,uniform_medium,7456
7416,500,110.83845155498948,17.884,19.224,670,74,0,0.05,0.1007400518283248,100000,uneven,7457
7417,500,77.92243839566042,20.724,22.054,665,75,0,0.05,0.10421033760160207,100000,rush_hour,7458
7418,97,-58.05199879410752,44.49484536082474,45.91752577319588,138,9,1,0.05,0.09705288569951795,100000,high_uniform,7459
7419,500,64.27421446328056,21.148,22.476,664,71,0,0.05,0.10321854916960001,100000,rush_hour,7460
7420,500,121.70045936532883,18.016,19.404,694,67,0,0.05,0.10138385435193777,100000,uneven,7461
7421,500,97.23199686154811,20.596,21.968,686,70,0,0.05,0.10181460063904524,100000,uneven,7462
7422,500,101.51021314546296,17.056,18.368,656,79,0,0.05,0.1042105773165822,100000,rush_hour,7463
7423,500,7.217218178120309,3.796,4.2,202,73,0,0.05,0.10657817227393389,100000,low_uniform,7464
7424,500,71.38171473773089,23.262,24.66,699,68,0,0.05,0.10212057126313448,100000,uneven,7465
7425,500,74.79241791933381,22.934,24.3,683,73,0,0.05,0.10653604433685541,100000,rush_hour,7466
7426,155,-84.69084316120434,38.4,39.43225806451613,160,18,1,0.05,0.09962599277496338,100000,rush_hour,7467
7427,89,-49.6505609611422,47.92134831460674,49.41573033707865,133,8,1,0.05,0.1024829637301102,100000,high_uniform,7468
7428,500,96.0986832977087,17.728,19.05,661,78,0,0.05,0.1042930460497737,100000,uneven,7469
7429,500,64.80715914818113,21.22,22.548,664,74,0,0.05,0.10141016369313002,100000,rush_hour,7470
7430,500,88.42363513370684,18.068,19.36,646,78,0,0.05,0.1044107743948698,100000,rush_hour,7471
7431,500,82.08056292906026,21.578,22.948,685,74,0,0.05,0.10825025172531605,100000,rush_hour,7472
7432,500,58.02492457160538,24.468,25.84,686,71,0,0.05,0.10737600898742676,100000,rush_hour,7473
7433,500,95.65792618424176,13.32,14.48,580,89,0,0.05,0.10752725471556186,100000,uniform_medium,7474
7434,500,101.19815650527,20.296,21.682,693,70,0,0.05,0.10485140596330166,100000,uneven,7475
7435,66,-41.065044953754565,33.34848484848485,34.36363636363637,67,7,1,0.05,0.09818134959222692,100000,high_uniform,7476
7436,500,106.39357839514041,17.75,19.048,649,66,0,0.05,0.10329141817241907,100000,rush_hour,7477
7437,500,64.15048401043276,23.976,25.354,689,69,0,0.05,0.10490912409126758,100000,rush_hour,7478
7438,500,94.61222022031538,18.02,19.336,658,78,0,0.05,0.10547299171984195,100000,rush_hour,7479
7439,71,-32.75233769203025,34.478873239436616,35.83098591549296,96,9,1,0.05,0.10877048769887064,100000,high_uniform,7480
7440,124,-67.2905224884159,48.38709677419355,49.91935483870968,190,13,1,0.05,0.10817318734142088,100000,high_uniform,7481
7441,500,15.718136123573348,3.614,4.046,216,74,0,0.05,0.10754266683757305,100000,low_uniform,7482
7442,500,95.5483008513955,17.796,19.098,651,78,0,0.05,0.10886656110733747,100000,uneven,7483
7443,106,-49.40605934818818,43.5377358490566,45.0188679245283,157,12,1,0.05,0.10749685310951944,100000,high_uniform,7484
7444,107,-72.34809819777983,49.925233644859816,51.3177570093458,149,14,1,0.05,0.11073380896699762,100000,high_uniform,7485
7445,500,125.25305491213025,13.886,15.158,636,74,0,0.05,0.10910846144706011,100000,uneven,7486
7446,500,46.32848070133755,28.366,29.834,734,62,0,0.05,0.10727815724164247,100000,rush_hour,7487
7447,500,13.267529901729176,3.906,4.302,198,65,0,0.05,0.10789757312834262,100000,low_uniform,7488
7448,123,-50.30696444398417,41.73170731707317,43.146341463414636,174,17,1,0.05,0.11141718805926602,100000,high_uniform,7489
7449,500,97.1175661237883,18.266,19.58,657,79,0,0.05,0.11025647845119238,100000,uneven,7490
7450,500,75.07574781251803,21.898,23.264,683,72,0,0.05,0.10832719077914953,100000,rush_hour,7491
7451,500,113.99801335210105,17.724,19.066,671,69,0,0.05,0.10773999343812465,100000,uneven,7492
7452,500,93.33254178510646,19.266,20.602,668,76,0,0.05,0.10538356447964907,100000,uneven,7493
7453,500,40.51071151618196,23.17,24.468,649,80,0,0.05,0.10580859529227019,100000,rush_hour,7494
7454,500,45.42532181781437,25.798,27.194,698,67,0,0.05,0.11005811496078968,100000,rush_hour,7495
7455,500,96.32053016830403,20.5,21.874,687,71,0,0.05,0.10926543874293566,100000,uneven,7496
7456,500,85.77866098809388,12.158,13.27,556,94,0,0.05,0.11185862278938294,100000,uniform_medium,7497
7457,79,-45.03557263819581,37.21518987341772,38.53164556962025,104,13,1,0.05,0.11199791144721116,100000,high_uniform,7498
7458,500,71.776456782336,23.298,24.7,701,69,0,0.05,0.10719900092482566,100000,uneven,7499
7459,500,6.078022969189932,3.208,3.588,190,76,0,0.05,0.10824654368311167,100000,low_uniform,7500
7460,500,113.36589913981462,15.898,17.198,650,73,0,0.05,0.10637850513309241,100000,uneven,7501
7461,90,-58.53383298127919,47.27777777777778,48.63333333333333,122,13,1,0.05,0.10327806460360686,100000,high_uniform,7502
7462,500,102.19719896635344,18.054,19.386,666,72,0,0.05,0.10712730769813061,100000,rush_hour,7503
7463,500,107.90091914751154,11.99,13.138,574,87,0,0.05,0.1091506457477808,100000,uniform_medium,7504
7464,500,87.47977943007514,21.746,23.126,690,72,0,0.05,0.10914648736268281,100000,rush_hour,7505
7465,65,-36.59135138684928,39.0,40.46153846153846,95,7,1,0.05,0.10346666540090854,100000,high_uniform,7506
7466,106,-58.26053323534441,47.5377358490566,48.9622641509434,151,13,1,0.05,0.10881826481869761,100000,high_uniform,7507
7467,500,101.90415902945466,20.91,22.316,703,66,0,0.05,0.10771297321468591,100000,uneven,7508
7468,125,-50.402772774659645,39.064,40.456,174,15,1,0.05,0.10926531356573105,100000,high_uniform,7509
7469,500,66.72321385121242,21.3,22.63,665,77,0,0.05,0.11087551248073578,100000,rush_hour,7510
7470,500,13.974351523870506,3.574,3.982,204,71,0,0.05,0.10778594689816237,100000,low_uniform,7511
7471,500,56.23444791376035,23.844,25.18,668,74,0,0.05,0.1083101919516921,100000,uneven,7512
7472,500,72.93957509040432,23.428,24.822,697,66,0,0.05,0.11034811060875654,100000,rush_hour,7513
7473,500,97.31585107241054,12.19,13.332,571,95,0,0.05,0.1107373837158084,100000,uniform_medium,7514
7474,500,81.49205013933683,12.8,13.924,562,97,0,0.05,0.10935801400244236,100000,uniform_medium,7515
7475,129,-39.030374887311396,38.74418604651163,40.1937984496124,187,14,1,0.05,0.10327297581951747,100000,high_uniform,7516
7476,500,89.51706208066427,19.226,20.532,653,79,0,0.05,0.10754943049699069,100000,uneven,7517
7477,500,90.02825893049466,21.854,23.256,701,68,0,0.05,0.11017159289121628,100000,rush_hour,7518
7478,500,102.73045880010146,20.402,21.784,691,70,0,0.05,0.11240124101936817,100000,uneven,7519
7479,500,117.60458031194892,17.69,19.052,681,71,0,0.05,0.10933307467401028,100000,uneven,7520
7480,103,-50.63227597698078,40.76699029126213,42.12621359223301,140,14,1,0.05,0.1069430562043653,100000,high_uniform,7521
7481,500,93.45539388596484,18.972,20.292,660,74,0,0.05,0.10902005458623171,100000,uneven,7522
7482,500,84.08712156343152,15.49,16.698,604,89,0,0.05,0.10763350223004818,100000,uniform_medium,7523
7483,86,-33.25048838221358,37.593023255813954,39.06976744186046,127,10,1,0.05,0.11351577513093172,100000,high_uniform,7524
7484,500,4.610122381580503,3.724,4.098,187,67,0,0.05,0.10830771658569574,100000,low_uniform,7525
7485,500,13.197534860442737,4.124,4.518,197,62,0,0.05,0.10990858395397664,100000,low_uniform,7526
7486,500,97.21011448599582,20.824,22.228,702,70,0,0.05,0.10583781857043505,100000,rush_hour,7527
7487,500,99.86573518756967,15.47,16.744,637,81,0,0.05,0.10622019459307194,100000,rush_hour,7528
7488,68,-45.45275768755386,39.0735294117647,40.3235294117647,85,9,1,0.05,0.10940434811088968,100000,high_uniform,7529
7489,500,14.027396760001702,4.044,4.452,204,65,0,0.05,0.1042600646018982,100000,low_uniform,7530
7490,500,6.15341236257792,3.428,3.814,193,76,0,0.05,0.10628004023432731,100000,low_uniform,7531
7491,500,7.996468574372286,3.628,4.042,207,79,0,0.05,0.10651088635623455,100000,low_uniform,7532
7492,500,79.99690465614707,23.012,24.416,702,69,0,0.05,0.10397796512395144,100000,uneven,7533
7493,500,94.69662815545199,13.064,14.22,578,88,0,0.05,0.10711844889819622,100000,uniform_medium,7534
7494,500,81.00693175938262,14.642,15.82,589,93,0,0.05,0.10380008594691753,100000,uniform_medium,7535
7495,500,87.4791497956482,20.436,21.776,670,70,0,0.05,0.10137791250646114,100000,rush_hour,7536
7496,500,86.17248879452802,21.316,22.666,675,67,0,0.05,0.10140139881521464,100000,rush_hour,7537
7497,500,67.39446197414331,22.64,23.982,671,72,0,0.05,0.10295368902385235,100000,uneven,7538
7498,500,92.18084134559555,10.016,11.076,530,98,0,0.05,0.10711974324285985,100000,uniform_medium,7539
7499,70,-43.64253065704374,40.957142857142856,42.31428571428572,95,7,1,0.05,0.10977193675935268,100000,high_uniform,7540
7500,500,85.82746839300343,13.174,14.334,580,96,0,0.05,0.10833588407188655,100000,uniform_medium,7541
7501,500,96.03850471582743,17.48,18.798,659,77,0,0.05,0.11018649896979332,100000,rush_hour,7542
7502,500,2.85777797781943,3.1,3.472,186,77,0,0.05,0.10883070722967386,100000,low_uniform,7543
7503,500,60.92690075969555,25.51,26.908,699,67,0,0.05,0.10525268432497978,100000,uneven,7544
7504,86,-76.03591263506034,56.127906976744185,57.46511627906977,115,8,1,0.05,0.10599085978817108,100000,high_uniform,7545
7505,500,63.943635590035576,29.786,31.296,755,58,0,0.05,0.10910091921687126,100000,uneven,7546
7506,77,-37.79270403370728,42.1948051948052,43.62337662337662,110,8,1,0.05,0.10153175963016299,100000,high_uniform,7547
7507,500,5.450724536713794,4.356,4.732,188,62,0,0.05,0.10494308154284954,100000,low_uniform,7548
7508,500,99.95458559341178,18.086,19.408,661,74,0,0.05,0.10800201410800218,100000,uneven,7549
7509,500,113.87194606368662,20.522,21.946,712,66,0,0.05,0.10840674243867397,100000,uneven,7550
7510,79,-46.06682806504717,49.32911392405063,50.91139240506329,125,7,1,0.05,0.10944411318890657,100000,high_uniform,7551
7511,500,62.54655623979129,18.382,19.604,611,91,0,0.05,0.1092646173760295,100000,uniform_medium,7552
7512,500,98.36998967491151,14.408,15.612,602,86,0,0.05,0.11031029955297708,100000,uniform_medium,7553
7513,75,-42.63691114842595,36.24,37.54666666666667,98,9,1,0.05,0.10784176697333654,100000,high_uniform,7554
7514,500,95.783007185245,13.33,14.498,584,90,0,0.05,0.10829018373787404,100000,uniform_medium,7555
7515,500,94.16775411231862,14.296,15.492,598,89,0,0.05,0.10754628949612378,100000,uniform_medium,7556
7516,500,98.01648346880773,12.46,13.622,581,91,0,0.05,0.10794724666327238,100000,uniform_medium,7557
7517,500,10.592340059557833,3.416,3.794,189,67,0,0.05,0.10845728896558285,100000,low_uniform,7558
7518,500,73.3325162738214,22.054,23.412,679,70,0,0.05,0.10642544272542,100000,rush_hour,7559
7519,500,100.38551692223618,13.846,15.04,597,89,0,0.05,0.10633777455985546,100000,uniform_medium,7560
7520,500,2.9151841169828185,3.85,4.23,190,73,0,0.05,0.10465466490387916,100000,low_uniform,7561
7521,500,15.542532948326452,3.33,3.716,193,62,0,0.05,0.10594356079399586,100000,low_uniform,7562
7522,500,72.97409676694727,22.836,24.206,685,72,0,0.05,0.10556031151860952,100000,rush_hour,7563
7523,97,-37.41457827181197,42.51546391752577,44.09278350515464,153,9,1,0.05,0.11160715469687256,100000,high_uniform,7564
7524,500,100.5817380167338,13.228,14.422,597,86,0,0.05,0.10789664521813393,100000,uniform_medium,7565
7525,70,-48.598458558046396,41.614285714285714,42.92857142857143,92,10,1,0.05,0.10812126312937055,100000,high_uniform,7566
7526,500,14.270350793075881,3.564,3.978,207,72,0,0.05,0.10781725281476974,100000,low_uniform,7567
7527,500,87.60118860970076,13.11,14.244,567,86,0,0.05,0.10623726565390826,100000,uniform_medium,7568
7528,500,96.78326046655305,13.568,14.73,581,86,0,0.05,0.10526458242535591,100000,uniform_medium,7569
7529,500,75.44837280662131,21.88,23.244,682,73,0,0.05,0.1061154900342226,100000,rush_hour,7570
7530,500,5.7375867165403625,3.496,3.868,186,70,0,0.05,0.10408474136143923,100000,low_uniform,7571
7531,85,-70.94176176992535,51.83529411764706,53.294117647058826,124,10,1,0.05,0.11404761224985123,100000,high_uniform,7572
7532,500,104.6767934479764,19.628,21.012,692,69,0,0.05,0.1033120625987649,100000,uneven,7573
7533,500,61.793057695896465,19.302,20.576,637,79,0,0.05,0.10272260536253452,100000,rush_hour,7574
7534,112,-47.66750124786441,45.42857142857143,46.901785714285715,165,10,1,0.05,0.10656802825230573,100000,high_uniform,7575
7535,500,108.1442737580189,12.708,13.896,594,85,0,0.05,0.10796779592335225,100000,uniform_medium,7576
7536,500,93.33608811436206,15.316,16.536,610,87,0,0.05,0.10006345218420029,100000,uniform_medium,7577
7537,500,74.34584726997342,16.966,18.16,597,88,0,0.05,0.10647667450457811,100000,uniform_medium,7578
7538,500,82.41617325976382,23.394,24.798,702,66,0,0.05,0.10425978422164917,100000,uneven,7579
7539,500,100.5863522010741,13.75,14.944,597,84,0,0.05,0.10480402808636427,100000,uniform_medium,7580
7540,500,104.71513248497855,20.146,21.53,692,67,0,0.05,0.10023532162606716,100000,uneven,7581
7541,500,85.51647699438877,17.24,18.518,639,77,0,0.05,0.10220079075545073,100000,uneven,7582
7542,500,75.52407668558882,21.158,22.506,674,72,0,0.05,0.10362240520864725,100000,rush_hour,7583
7543,500,110.42471008691334,11.708,12.878,585,90,0,0.05,0.10489663635194302,100000,uniform_medium,7584
7544,500,61.463080955989184,22.304,23.646,671,74,0,0.05,0.10402534011006355,100000,rush_hour,7585
7545,117,-45.26080317277258,43.965811965811966,45.52136752136752,182,10,1,0.05,0.09935205050895357,100000,high_uniform,7586
7546,500,26.643175283331033,31.65,33.128,739,61,0,0.05,0.10661037515103818,100000,uneven,7587
7547,500,102.06954645483435,17.72,19.044,662,74,0,0.05,0.1039615097939968,100000,uneven,7588
7548,500,94.66604367396904,17.966,19.292,663,74,0,0.05,0.10502302949875593,100000,rush_hour,7589
7549,102,-68.26581403406847,46.88235294117647,48.15686274509804,130,7,1,0.05,0.10153276944423423,100000,high_uniform,7590
7550,500,80.87937162094063,19.824,21.16,668,76,0,0.05,0.10780353817343712,100000,uneven,7591
7551,500,86.61054005019201,14.996,16.178,591,88,0,0.05,0.10599653097242116,100000,uniform_medium,7592
7552,93,-45.02706842045332,41.645161290322584,43.086021505376344,134,10,1,0.05,0.10367591699124665,100000,high_uniform,7593
7553,128,-88.299202750778,55.984375,57.4296875,185,9,1,0.05,0.1081057813426014,100000,high_uniform,7594
7554,500,118.48229597797841,17.268,18.624,678,72,0,0.05,0.10608080293983221,100000,uneven,7595
7555,500,128.27685798347173,18.268,19.67,701,67,0,0.05,0.10524335464835168,100000,uneven,7596
7556,500,9.201843414368778,3.352,3.75,199,76,0,0.05,0.10520802507549525,100000,low_uniform,7597
7557,500,75.43958784604679,22.064,23.432,684,69,0,0.05,0.10356829510629177,100000,rush_hour,7598
7558,500,65.03075648109683,24.786,26.198,706,69,0,0.05,0.10389256032556296,100000,uneven,7599
7559,500,17.489272074112076,4.586,5.02,217,62,0,0.05,0.10786976135522128,100000,low_uniform,7600
7560,500,71.4818253411088,19.646,20.922,638,79,0,0.05,0.10645084584504366,100000,rush_hour,7601
7561,500,110.28528000983812,18.934,20.298,682,70,0,0.05,0.10547967869788408,100000,uneven,7602
7562,500,7.945644670191664,2.936,3.306,185,74,0,0.05,0.10344185207784176,100000,low_uniform,7603
7563,102,-105.60644926868119,54.990196078431374,55.970588235294116,100,6,1,0.05,0.1092930716992009,100000,high_uniform,7604
7564,500,103.96027777497258,18.034,19.392,679,75,0,0.05,0.1068512052372098,100000,rush_hour,7605
7565,500,90.01612053459964,13.27,14.418,574,90,0,0.05,0.10804233801364899,100000,uniform_medium,7606
7566,500,116.31941819557545,18.732,20.12,694,70,0,0.05,0.10794179325550794,100000,rush_hour,7607
7567,81,-28.737783976474315,35.79012345679013,37.24691358024691,118,7,1,0.05,0.10178280263035386,100000,high_uniform,7608
7568,500,76.50854834448866,16.386,17.574,594,91,0,0.05,0.10778797311335803,100000,uniform_medium,7609
7569,500,94.86163470353256,13.934,15.116,591,87,0,0.05,0.10654149076342583,100000,uniform_medium,7610
7570,117,-45.45611584025017,41.717948717948715,43.11965811965812,164,13,1,0.05,0.1080852350872806,100000,high_uniform,7611
7571,500,77.14969927892618,19.922,21.256,667,76,0,0.05,0.10638113378733396,100000,uneven,7612
7572,500,56.669731057691344,20.974,22.256,641,78,0,0.05,0.10769954876601696,100000,rush_hour,7613
7573,500,0.8219881772578286,3.26,3.618,179,76,0,0.05,0.10763886664062738,100000,low_uniform,7614
7574,500,108.24619021683748,16.68,17.962,641,73,0,0.05,0.10560689886659384,100000,rush_hour,7615
7575,70,-46.101786012009306,40.542857142857144,41.871428571428574,93,9,1,0.05,0.10685727197144712,100000,high_uniform,7616
7576,500,1.064879055821974,3.548,3.92,186,75,0,0.05,0.10817932056635618,100000,low_uniform,7617
7577,500,71.20834174959948,20.456,21.778,661,76,0,0.05,0.10761482885479927,100000,rush_hour,7618
7578,500,96.23623726671121,14.426,15.628,601,88,0,0.05,0.11015628007054329,100000,uniform_medium,7619
7579,500,116.7199878186873,16.19,17.486,648,73,0,0.05,0.10564760916680098,100000,uneven,7620
7580,500,66.65290432434661,22.46,23.81,675,75,0,0.05,0.10845185517519712,100000,uneven,7621
7581,500,9.68583772921965,4.4,4.818,209,70,0,0.05,0.10939001435786486,100000,low_uniform,7622
7582,500,78.80210112522728,17.37,18.588,609,82,0,0.05,0.10665327236801386,100000,uniform_medium,7623
7583,500,82.54440563054507,18.438,19.726,644,72,0,0.05,0.10566880321502685,100000,uneven,7624
7584,500,98.49029772677757,11.522,12.642,560,90,0,0.05,0.10953823329508304,100000,uniform_medium,7625
7585,500,10.432279268024253,3.618,4.078,230,90,0,0.05,0.10673386435210705,100000,low_uniform,7626
7586,500,8.967568356685865,4.338,4.788,225,80,0,0.05,0.10752216667681933,100000,low_uniform,7627
7587,500,38.316550845403874,28.824,30.26,718,65,0,0.05,0.10766755001246929,100000,rush_hour,7628
7588,500,-1.210541224328369,3.442,3.812,185,76,0,0.05,0.10755118799209595,100000,low_uniform,7629
7589,500,3.9410177302087663,3.766,4.168,201,79,0,0.05,0.11045655009150505,100000,low_uniform,7630
7590,109,-64.0862148402362,48.10091743119266,49.53211009174312,156,11,1,0.05,0.10887716163735871,100000,high_uniform,7631
7591,500,15.100654150502269,4.272,4.71,219,70,0,0.05,0.1078911928012967,100000,low_uniform,7632
7592,500,59.53885060297333,24.492,25.866,687,70,0,0.05,0.11086749770492316,100000,uneven,7633
7593,121,-55.04280178742821,45.6198347107438,47.14049586776859,184,12,1,0.05,0.11090838758290307,100000,high_uniform,7634
7594,500,100.90816975392123,20.612,21.998,693,72,0,0.05,0.10916180387884379,100000,uneven,7635
7595,103,-43.140580549492164,41.18446601941748,42.61165048543689,147,14,1,0.05,0.10927512945191374,100000,high_uniform,7636
7596,500,120.04099770268418,16.166,17.508,671,72,0,0.05,0.11169402690976858,100000,uneven,7637
7597,500,114.18987744404394,17.658,19.004,673,74,0,0.05,0.10861085018515587,100000,uneven,7638
7598,137,-87.89705180503897,51.2043795620438,52.613138686131386,193,17,1,0.05,0.10974390611705119,100000,high_uniform,7639
7599,500,6.926335755394003,3.932,4.326,197,68,0,0.05,0.11335789900273084,100000,low_uniform,7640
7600,500,97.6333007777339,12.178,13.322,572,96,0,0.05,0.11363564620167017,100000,uniform_medium,7641
7601,500,1.0211106370001928,4.334,4.702,184,63,0,0.05,0.10770310820639134,100000,low_uniform,7642
7602,500,6.865743840437038,3.858,4.236,189,67,0,0.05,0.10873521465063095,100000,low_uniform,7643
7603,500,96.60577661948795,13.062,14.216,577,90,0,0.05,0.10922860255092383,100000,uniform_medium,7644
7604,500,97.6805848270779,12.12,13.268,574,94,0,0.05,0.11223818339407444,100000,uniform_medium,7645
7605,500,8.162612606466737,3.526,3.906,190,69,0,0.05,0.10889242888987065,100000,low_uniform,7646
7606,500,88.34546830334803,12.172,13.286,557,93,0,0.05,0.10587432148307561,100000,uniform_medium,7647
7607,88,-68.72632670764882,41.44318181818182,42.5,93,10,1,0.05,0.10900205576961691,100000,high_uniform,7648
7608,500,14.11778456402259,3.62,4.002,191,60,0,0.05,0.11056798627227545,100000,low_uniform,7649
7609,500,107.81782864148595,12.68,13.854,587,89,0,0.05,0.11001311521232128,100000,uniform_medium,7650
7610,500,8.407821714238864,3.872,4.286,207,77,0,0.05,0.10964664252102375,100000,low_uniform,7651
7611,500,10.45037997610379,3.852,4.28,214,79,0,0.05,0.11001921471953392,100000,low_uniform,7652
7612,500,-3.2025606558294424,3.292,3.628,168,72,0,0.05,0.10876876307278871,100000,low_uniform,7653
7613,135,-38.82804047722235,40.34074074074074,41.851851851851855,204,12,1,0.05,0.11127251003075529,100000,high_uniform,7654
7614,500,93.96702786267784,19.428,20.75,661,74,0,0.05,0.10878212724626064,100000,uneven,7655
7615,500,97.91438320397974,20.14,21.504,682,71,0,0.05,0.1097364324182272,100000,uneven,7656
7616,500,89.57833531588619,18.46,19.746,643,74,0,0.05,0.10843363478034734,100000,uneven,7657
7617,500,95.48403692186581,17.152,18.45,649,75,0,0.05,0.1091630524173379,100000,uneven,7658
7618,500,69.73939495727825,22.162,23.516,677,71,0,0.05,0.11151544075459242,100000,rush_hour,7659
7619,500,108.27215337629305,12.75,13.94,595,85,0,0.05,0.10663115950673818,100000,uniform_medium,7660
7620,500,108.70648853930535,17.882,19.216,667,73,0,0.05,0.1085958005040884,100000,uneven,7661
7621,500,60.42947788816721,25.976,27.42,722,63,0,0.05,0.10683117534965277,100000,rush_hour,7662
7622,107,-74.48138168658859,43.09345794392523,44.205607476635514,119,14,1,0.05,0.10335812912644626,100000,high_uniform,7663
7623,500,114.4979839403383,19.556,20.97,707,67,0,0.05,0.11047070095688105,100000,rush_hour,7664
7624,500,6.571746364621509,4.452,4.86,204,71,0,0.05,0.11004016634076834,100000,low_uniform,7665
7625,500,62.29567075011487,22.45,23.764,657,70,0,0.05,0.11130901999771595,100000,rush_hour,7666
7626,62,-41.61371976842046,42.20967741935484,43.62903225806452,88,8,1,0.05,0.10692044467695298,100000,high_uniform,7667
7627,500,91.45977206881994,12.748,13.9,576,92,0,0.05,0.11357653577625751,100000,uniform_medium,7668
7628,500,3.932411427760551,3.482,3.868,193,79,0,0.05,0.10864404762536287,100000,low_uniform,7669
7629,500,65.90125208581948,28.478,29.956,739,54,0,0.05,0.11072690353542566,100000,uneven,7670
7630,110,-63.940188015492424,47.554545454545455,49.00909090909091,160,13,1,0.05,0.11215449473397299,100000,high_uniform,7671
7631,500,101.5867949459123,11.744,12.878,567,84,0,0.05,0.10733896464109421,100000,uniform_medium,7672
7632,500,87.62412670839817,12.646,13.778,566,97,0,0.05,0.10860366581380368,100000,uniform_medium,7673
7633,500,99.05836864186993,17.124,18.426,651,77,0,0.05,0.10842995615303516,100000,rush_hour,7674
7634,73,-58.24185590521227,50.49315068493151,52.02739726027397,112,8,1,0.05,0.11004958873333996,100000,high_uniform,7675
7635,500,8.651874301131146,3.258,3.642,192,72,0,0.05,0.11012090066075325,100000,low_uniform,7676
7636,500,91.82875512338083,13.538,14.704,583,91,0,0.05,0.10558222591876984,100000,uniform_medium,7677
7637,500,-2.70563677872299,2.928,3.272,172,78,0,0.05,0.10618775922060013,100000,low_uniform,7678
7638,500,92.65123734037299,20.044,21.404,680,72,0,0.05,0.10299530407041312,100000,uneven,7679
7639,500,71.15323156556849,20.158,21.458,650,73,0,0.05,0.10489742811769247,100000,rush_hour,7680
7640,500,70.33681597258231,23.53,24.904,687,69,0,0.05,0.10721374314278365,100000,rush_hour,7681
7641,500,120.35397361486582,19.232,20.646,707,68,0,0.05,0.1074433915540576,100000,uneven,7682
7642,500,96.58191086370894,20.73,22.106,688,70,0,0.05,0.10660955792665482,100000,uneven,7683
7643,193,-94.2509453628606,53.994818652849744,55.5699481865285,304,17,1,0.05,0.11335159197372476,100000,high_uniform,7684
7644,500,109.18353573472665,19.246,20.626,690,66,0,0.05,0.10889590753614903,100000,uneven,7685
7645,500,11.274663247479387,3.716,4.1,192,64,0,0.05,0.10967603239417076,100000,low_uniform,7686
7646,66,-57.72393061804948,43.03030303030303,44.21212121212121,78,9,1,0.05,0.10541248140913068,100000,high_uniform,7687
7647,130,-68.27185725065839,53.23076923076923,54.83846153846154,209,11,1,0.05,0.10956046939469301,100000,high_uniform,7688
7648,500,15.739627440125872,3.25,3.63,190,62,0,0.05,0.11121519112586975,100000,low_uniform,7689
7649,91,-41.70248536937965,41.34065934065934,42.81318681318681,134,10,1,0.05,0.11012485574234973,100000,high_uniform,7690
7650,500,107.33607968970448,19.568,20.954,693,70,0,0.05,0.11126034360378981,100000,uneven,7691
7651,500,83.85686046742472,13.848,15.0,576,93,0,0.05,0.1116894420310855,100000,uniform_medium,7692
7652,123,-27.240235652389355,35.21138211382114,36.6910569105691,182,12,1,0.05,0.1119210906932509,100000,high_uniform,7693
7653,500,104.46021157644863,13.044,14.238,597,90,0,0.05,0.1103247982263565,100000,uniform_medium,7694
7654,500,92.52988261372259,12.814,13.964,575,95,0,0.05,0.11395839419960975,100000,uniform_medium,7695
7655,500,4.096285679275728,3.462,3.826,182,70,0,0.05,0.11141564803570508,100000,low_uniform,7696
7656,500,105.41186985372092,12.882,14.056,587,88,0,0.05,0.11094263331592083,100000,uniform_medium,7697
7657,500,84.88587599553198,21.518,22.886,684,69,0,0.05,0.1109176667034626,100000,rush_hour,7698
7658,500,85.99443523033658,21.094,22.46,683,71,0,0.05,0.1097472279816866,100000,rush_hour,7699
7659,500,100.04991029881472,21.01,22.412,701,68,0,0.05,0.1077856820821762,100000,uneven,7700
7660,500,101.2773907206411,19.334,20.694,680,73,0,0.05,0.11057826858013868,100000,uneven,7701
7661,500,98.92459200935554,17.052,18.346,647,78,0,0.05,0.11190289289504289,100000,uneven,7702
7662,134,-38.52311651951188,41.343283582089555,42.865671641791046,204,14,1,0.05,0.10649048372991939,100000,high_uniform,7703
7663,109,-38.402203057533434,43.330275229357795,44.89908256880734,171,11,1,0.05,0.1123174106650943,100000,high_uniform,7704
7664,500,91.45598392692786,17.91,19.218,654,77,0,0.05,0.11407415299117565,100000,uneven,7705
7665,500,92.71146437088302,20.468,21.846,689,71,0,0.05,0.11235588006675243,100000,uneven,7706
7666,90,-57.78452772045472,41.68888888888889,42.96666666666667,115,13,1,0.05,0.11695402185950014,100000,high_uniform,7707
7667,100,-58.00810145275894,50.14,51.64,150,10,1,0.05,0.11980342764407396,100000,high_uniform,7708
7668,91,-41.989878336136805,42.956043956043956,44.48351648351648,139,9,1,0.05,0.1102941927428429,100000,high_uniform,7709
7669,500,99.42122258118295,12.022,13.15,564,87,0,0.05,0.11208097323775291,100000,uniform_medium,7710
7670,500,98.91256264265785,13.48,14.658,589,88,0,0.05,0.11207579747587443,100000,uniform_medium,7711
7671,500,12.396228617960233,3.018,3.4,191,71,0,0.05,0.10959383986890316,100000,low_uniform,7712
7672,82,-57.41646651182431,46.292682926829265,47.69512195121951,115,7,1,0.05,0.11002303555426074,100000,high_uniform,7713
7673,500,75.45294416028865,22.372,23.766,697,70,0,0.05,0.10851957947760821,100000,uneven,7714
7674,500,96.92039572183621,20.462,21.824,681,70,0,0.05,0.11124438213557004,100000,uneven,7715
7675,500,95.55918645285607,19.012,20.356,672,72,0,0.05,0.1106585641130805,100000,rush_hour,7716
7676,500,17.35767004239748,3.274,3.752,239,93,0,0.05,0.1138770234361291,100000,low_uniform,7717
7677,500,118.98364586286566,16.892,18.232,670,73,0,0.05,0.11053581193089485,100000,uneven,7718
7678,500,80.75568138525938,19.048,20.326,639,74,0,0.05,0.10828060399740934,100000,uneven,7719
7679,75,-45.434424254763734,35.77333333333333,37.06666666666667,97,9,1,0.05,0.11090239693721135,100000,high_uniform,7720
7680,500,99.37080877286841,13.47,14.662,596,92,0,0.05,0.11174192443490029,100000,uniform_medium,7721
7681,500,98.32797300538097,13.162,14.34,589,93,0,0.05,0.11135336779057979,100000,uniform_medium,7722
7682,500,111.84948012159009,17.104,18.42,658,75,0,0.05,0.10939947648346424,100000,uneven,7723
7683,249,-110.24491813912284,40.72289156626506,41.83534136546185,277,26,1,0.05,0.11057539798887858,100000,rush_hour,7724
7684,500,82.95226802747179,21.29,22.642,676,69,0,0.05,0.10975322958081961,100000,uneven,7725
7685,104,-83.98110741817564,57.34615384615385,58.79807692307692,151,11,1,0.05,0.11233769536304933,100000,high_uniform,7726
7686,500,118.47131781024513,18.648,20.044,698,70,0,0.05,0.1111461658924818,100000,uneven,7727
7687,500,11.589980949915459,3.704,4.118,207,74,0,0.05,0.11114550405740738,100000,low_uniform,7728
7688,500,80.42690961486062,23.222,24.628,703,68,0,0.05,0.11129044798016548,100000,uneven,7729
7689,500,16.743759286164366,3.366,3.774,204,69,0,0.05,0.11000615519285202,100000,low_uniform,7730
7690,500,89.68597141778959,20.104,21.456,676,74,0,0.05,0.11002979846298695,100000,rush_hour,7731
7691,500,55.21103828216489,22.146,23.468,661,68,0,0.05,0.11247285757958889,100000,rush_hour,7732
7692,112,-44.291513770080016,38.330357142857146,39.74107142857143,158,15,1,0.05,0.1132478962120201,100000,high_uniform,7733
7693,500,77.23810713312558,16.464,17.642,589,84,0,0.05,0.1118039974719286,100000,uniform_medium,7734
7694,500,113.10383778741271,19.75,21.144,697,68,0,0.05,0.11140408649295569,100000,uneven,7735
7695,500,107.63849852861844,16.326,17.62,647,81,0,0.05,0.10972092171758413,100000,uneven,7736
7696,500,47.78508992260517,27.418,28.864,723,63,0,0.05,0.1105690628811717,100000,uneven,7737
7697,83,-49.25372650711337,37.12048192771084,38.36144578313253,103,9,1,0.05,0.11493542736553285,100000,high_uniform,7738
7698,500,98.44223027246284,14.026,15.21,592,87,0,0.05,0.1109676837772131,100000,uniform_medium,7739
7699,500,18.875016757268938,4.174,4.59,208,59,0,0.05,0.10982402195036411,100000,low_uniform,7740
7700,500,88.27910244596134,12.918,14.054,568,95,0,0.05,0.11178871688246728,100000,uniform_medium,7741
7701,102,-39.440210952836004,36.81372549019608,38.1764705882353,139,11,1,0.05,0.11549748860153497,100000,high_uniform,7742
7702,155,-78.69552373726422,46.58064516129032,47.987096774193546,218,22,1,0.05,0.11018285994087496,100000,high_uniform,7743
7703,114,-82.32260329444767,50.50877192982456,51.8421052631579,152,16,1,0.05,0.11420539603160139,100000,high_uniform,7744
7704,500,112.25444567745215,13.148,14.356,604,81,0,0.05,0.10996937265247106,100000,uniform_medium,7745
7705,500,66.10430803333996,24.858,26.262,702,70,0,0.05,0.11046086238324643,100000,rush_hour,7746
7706,500,102.60981913646349,13.416,14.606,595,87,0,0.05,0.10580793836712837,100000,uniform_medium,7747
7707,500,59.93618966937957,22.132,23.454,661,78,0,0.05,0.10691494756191969,100000,rush_hour,7748
7708,500,109.42726494130942,12.516,13.724,604,88,0,0.05,0.10645956346392632,100000,uniform_medium,7749
7709,83,-39.72054519702479,41.68674698795181,43.2289156626506,128,9,1,0.05,0.1055250335260328,100000,high_uniform,7750
7710,500,87.4883762140902,21.028,22.38,676,73,0,0.05,0.10865421081334352,100000,uneven,7751
7711,500,110.40056378149782,13.326,14.528,601,86,0,0.05,0.10580654080212117,100000,uniform_medium,7752
7712,500,92.87551033603307,13.35,14.522,586,93,0,0.05,0.10999433134496212,100000,uniform_medium,7753
7713,500,99.31363169069873,12.88,14.046,583,91,0,0.05,0.10623938599228859,100000,uniform_medium,7754
7714,500,74.87305998665394,22.794,24.166,686,68,0,0.05,0.1089514416307211,100000,rush_hour,7755
7715,500,8.669127786461987,3.44,3.82,190,68,0,0.05,0.10839029257744551,100000,low_uniform,7756
7716,92,-70.47215916862416,48.72826086956522,50.06521739130435,123,7,1,0.05,0.10539394892428232,100000,high_uniform,7757
7717,500,106.55712279192703,16.314,17.604,645,80,0,0.05,0.10688239216804504,100000,uneven,7758
7718,500,95.7440435080687,17.656,18.972,658,78,0,0.05,0.10970495235174894,100000,uneven,7759
7719,108,-57.04412031031428,46.370370370370374,47.80555555555556,155,14,1,0.05,0.11057667037541116,100000,high_uniform,7760
7720,500,14.764934166898742,3.512,3.892,190,61,0,0.05,0.10853657715022563,100000,low_uniform,7761
7721,500,7.578851585579884,3.264,3.68,208,83,0,0.05,0.11204525351524353,100000,low_uniform,7762
7722,63,-57.34417227819599,43.46031746031746,44.57142857142857,70,5,1,0.05,0.11332524272184523,100000,high_uniform,7763
7723,500,59.209183784900006,22.454,23.814,680,74,0,0.05,0.1086493801176548,100000,rush_hour,7764
7724,500,7.5449405065975705,3.174,3.56,193,77,0,0.05,0.1105925486907363,100000,low_uniform,7765
7725,500,69.94848635999878,21.756,23.106,675,74,0,0.05,0.10816427759081125,100000,rush_hour,7766
7726,500,78.1287062935277,16.986,18.236,625,82,0,0.05,0.11023701053112746,100000,uneven,7767
7727,500,11.641162170348656,3.532,3.914,191,63,0,0.05,0.10820170806348324,100000,low_uniform,7768
7728,500,95.96296174509096,12.928,14.088,580,93,0,0.05,0.11070880944281816,100000,uniform_medium,7769
7729,500,94.28669952365469,13.138,14.298,580,89,0,0.05,0.10797321912646293,100000,uniform_medium,7770
7730,500,75.30365498633054,21.922,23.294,686,74,0,0.05,0.10588797264546156,100000,rush_hour,7771
7731,77,-49.983145567819626,42.064935064935064,43.41558441558441,104,9,1,0.05,0.10835154359410336,100000,high_uniform,7772
7732,500,101.35974451328157,12.726,13.894,584,90,0,0.05,0.10988650111854076,100000,uniform_medium,7773
7733,500,96.35950465088398,14.386,15.584,599,87,0,0.05,0.10710963579267263,100000,uniform_medium,7774
7734,96,-65.69404430614716,53.28125,54.84375,150,7,1,0.05,0.10665807818683486,100000,high_uniform,7775
7735,500,-2.3135702795784816,3.794,4.186,196,78,0,0.05,0.10734032718092203,100000,low_uniform,7776
7736,500,99.53953059670239,17.032,18.318,643,80,0,0.05,0.10860290776193142,100000,uniform_medium,7777
7737,500,-8.405844373372911,3.97,4.322,176,70,0,0.05,0.10858091271668673,100000,low_uniform,7778
7738,500,80.94651897262433,25.442,26.898,728,61,0,0.05,0.10745096399635076,100000,uneven,7779
7739,500,100.7774761492268,18.24,19.592,676,75,0,0.05,0.10845176085829734,100000,uneven,7780
7740,70,-40.65728725504034,36.98571428571429,38.24285714285714,88,8,1,0.05,0.11350027333412852,100000,high_uniform,7781
7741,500,15.24297716816439,2.998,3.414,208,79,0,0.05,0.10887560243159533,100000,low_uniform,7782
7742,500,105.29515657973921,11.994,13.15,578,93,0,0.05,0.10976599675416947,100000,uniform_medium,7783
7743,500,93.03020080658386,20.832,22.212,690,71,0,0.05,0.10882169355452061,100000,rush_hour,7784
7744,500,89.91650502516615,15.892,17.126,617,87,0,0.05,0.10501810891926289,100000,uniform_medium,7785
7745,500,3.7652601211499186,3.984,4.394,205,80,0,0.05,0.10697711645066738,100000,low_uniform,7786
7746,500,27.248321121398426,2.832,3.238,203,61,0,0.05,0.1065520456135273,100000,low_uniform,7787
7747,500,102.20111841151827,17.558,18.882,662,75,0,0.05,0.10588788637518882,100000,rush_hour,7788
7748,500,14.593194850500879,4.002,4.416,207,66,0,0.05,0.102602429009974,100000,low_uniform,7789
7749,94,-49.05484586000731,44.680851063829785,46.170212765957444,140,8,1,0.05,0.10027253948786158,100000,high_uniform,7790
7750,500,66.7274471582537,25.882,27.32,719,66,0,0.05,0.1025921646207571,100000,rush_hour,7791
7751,500,112.09325001541158,18.088,19.45,681,70,0,0.05,0.10712014146149158,100000,uneven,7792
7752,77,-51.25147143241542,45.506493506493506,46.96103896103896,112,6,1,0.05,0.10147387234421519,100000,high_uniform,7793
7753,500,101.91593983222013,10.988,12.12,566,94,0,0.05,0.10321624092757702,100000,uniform_medium,7794
7754,500,-0.7823983310740339,3.45,3.784,167,67,0,0.05,0.10453624679893256,100000,low_uniform,7795
7755,500,3.597661738716276,3.636,3.974,169,61,0,0.05,0.10352607645094394,100000,low_uniform,7796
7756,500,66.03504276094735,24.376,25.774,699,71,0,0.05,0.10367195722460747,100000,rush_hour,7797
7757,500,12.432396721879233,4.398,4.82,211,67,0,0.05,0.10257118655741215,100000,low_uniform,7798
7758,500,6.14964540098631,2.958,3.316,179,71,0,0.05,0.1013436388000846,100000,low_uniform,7799
7759,500,107.22112963368576,18.138,19.498,680,74,0,0.05,0.10049941028654576,100000,rush_hour,7800
7760,114,-42.82138233208699,38.81578947368421,40.228070175438596,161,12,1,0.05,0.10291278793623573,100000,high_uniform,7801
7761,500,102.85457726793499,12.008,13.16,576,89,0,0.05,0.10470659472793341,100000,uniform_medium,7802
7762,500,74.09049684232036,21.872,23.212,670,73,0,0.05,0.10422502632439136,100000,uneven,7803
7763,76,-49.75235044767281,41.44736842105263,42.75,99,12,1,0.05,0.1051668074766272,100000,high_uniform,7804
7764,500,98.4114870261832,16.53,17.804,637,82,0,0.05,0.10454346219450235,100000,rush_hour,7805
7765,73,-70.22355426493084,46.602739726027394,47.80821917808219,88,13,1,0.05,0.10612561053609194,100000,high_uniform,7806
7766,500,111.06317100276974,18.144,19.488,672,74,0,0.05,0.10683564075827598,100000,uneven,7807
7767,500,115.53730536427436,16.37,17.714,672,77,0,0.05,0.10891542626172304,100000,rush_hour,7808
7768,70,-42.28344258554716,38.714285714285715,40.114285714285714,98,10,1,0.05,0.11180275923439435,100000,high_uniform,7809
7769,500,99.24722495287757,14.036,15.248,606,89,0,0.05,0.10862099447101355,100000,uniform_medium,7810
7770,500,80.2286975323771,21.456,22.804,674,74,0,0.05,0.10832069917023182,100000,rush_hour,7811
7771,500,96.03397552956532,13.788,14.98,596,89,0,0.05,0.10706713856011629,100000,uniform_medium,7812
7772,500,13.93530694228909,3.826,4.254,214,74,0,0.05,0.10815664542466402,100000,low_uniform,7813
7773,76,-45.53819064710187,38.421052631578945,39.5921052631579,89,9,1,0.05,0.1041526531212424,100000,high_uniform,7814
7774,500,56.36759686208677,23.034,24.338,652,72,0,0.05,0.11045774278044701,100000,rush_hour,7815
7775,500,10.47138895435447,3.062,3.476,207,84,0,0.05,0.11037173902988434,100000,low_uniform,7816
7776,96,-24.594604217630387,28.90625,30.177083333333332,122,12,1,0.05,0.10805394345273574,100000,rush_hour,7817
7777,500,17.17660359350418,29.338,30.716,689,72,0,0.05,0.10745316126942635,100000,rush_hour,7818
7778,500,39.706190749411235,27.822,29.228,703,68,0,0.05,0.10814592875540256,100000,rush_hour,7819
7779,137,-52.802104116022726,45.67883211678832,47.21897810218978,211,13,1,0.05,0.11094191322361466,100000,high_uniform,7820
7780,500,92.50796649542265,11.97,13.092,561,91,0,0.05,0.11223045201599598,100000,uniform_medium,7821
7781,93,-63.43005512026923,51.064516129032256,52.61290322580645,144,9,1,0.05,0.11825083969261056,100000,high_uniform,7822
7782,500,10.701703686438135,2.958,3.364,203,81,0,0.05,0.1118205009251833,100000,low_uniform,7823
7783,500,95.82211796535032,18.06,19.376,658,74,0,0.05,0.11444804625958205,100000,rush_hour,7824
7784,500,116.88326812876184,16.348,17.648,650,71,0,0.05,0.11445575028657913,100000,uneven,7825
7785,120,-36.75219363311486,34.09166666666667,35.43333333333333,161,14,1,0.05,0.10960168754681945,100000,high_uniform,7826
7786,70,-67.27676150306822,45.15714285714286,46.27142857142857,78,10,1,0.05,0.11405699497887066,100000,high_uniform,7827
7787,500,105.51393165842566,17.358,18.68,661,78,0,0.05,0.11611362876743078,100000,uneven,7828
7788,125,-68.37102677804421,48.392,49.872,185,14,1,0.05,0.11613435363769531,100000,high_uniform,7829
7789,500,90.12474663119643,21.062,22.44,689,71,0,0.05,0.11621377902477979,100000,rush_hour,7830
7790,500,59.59049684232032,21.936,23.244,654,71,0,0.05,0.11218295332789421,100000,rush_hour,7831
7791,500,37.23369758826908,24.244,25.586,671,69,0,0.05,0.11294463555514812,100000,rush_hour,7832
7792,500,38.492097340559816,25.164,26.504,670,77,0,0.05,0.11132380753755569,100000,uneven,7833
7793,500,93.0779180823332,17.746,19.036,645,78,0,0.05,0.10994789077341556,100000,uneven,7834
7794,500,94.62119788162958,13.23,14.416,593,92,0,0.05,0.1129541623517871,100000,uniform_medium,7835
7795,500,12.595691737835091,3.636,4.028,196,67,0,0.05,0.10924852764606476,100000,low_uniform,7836
7796,129,-75.79238455387511,45.69767441860465,47.03875968992248,173,19,1,0.05,0.11526355693160101,100000,high_uniform,7837
7797,500,103.6153804848239,20.04,21.432,696,69,0,0.05,0.11288718343526125,100000,rush_hour,7838
7798,500,5.753075033669427,3.768,4.156,194,74,0,0.05,0.1063652596399188,100000,low_uniform,7839
7799,108,-73.37227067774843,54.55555555555556,56.05555555555556,162,12,1,0.05,0.10752913718008333,100000,high_uniform,7840
7800,500,10.519887061132824,3.158,3.534,188,70,0,0.05,0.110429154984653,100000,low_uniform,7841
7801,173,-70.80818431256957,52.39884393063584,54.040462427745666,284,15,1,0.05,0.10992810203333121,100000,high_uniform,7842
7802,500,5.508482141413523,2.85,3.212,181,75,0,0.05,0.1112837200537324,100000,low_uniform,7843
7803,500,95.78895959260534,20.13,21.5,685,72,0,0.05,0.10964494334161282,100000,uneven,7844
7804,500,80.84540690588122,21.468,22.844,688,73,0,0.05,0.10919195883721113,100000,rush_hour,7845
7805,500,90.98163131383336,17.732,19.032,650,79,0,0.05,0.11024924229085445,100000,uneven,7846
7806,500,105.00043432928268,19.466,20.832,683,73,0,0.05,0.10923084844648838,100000,uneven,7847
7807,500,95.76722665661208,13.654,14.838,592,87,0,0.05,0.11137633410096169,100000,uniform_medium,7848
7808,123,-56.85716456445429,39.05691056910569,40.4390243902439,170,17,1,0.05,0.10694419777369112,100000,high_uniform,7849
7809,500,7.153388138263566,3.366,3.732,183,67,0,0.05,0.1051305532604456,100000,low_uniform,7850
7810,500,91.5674490511578,13.994,15.182,594,92,0,0.05,0.10922170170396567,100000,uniform_medium,7851
7811,128,-70.95731647877399,45.3046875,46.6640625,174,16,1,0.05,0.10559130294132046,100000,high_uniform,7852
7812,500,100.9794662314665,19.874,21.216,671,68,0,0.05,0.10782879386097192,100000,uneven,7853
7813,500,11.70826169710655,2.966,3.31,172,59,0,0.05,0.10851163271814585,100000,low_uniform,7854
7814,500,65.01504234418356,21.992,23.334,671,76,0,0.05,0.10486013809591532,100000,rush_hour,7855
7815,88,-41.841956133693714,40.04545454545455,41.39772727272727,119,13,1,0.05,0.10603216341273351,100000,high_uniform,7856
7816,500,96.25460510551675,18.816,20.15,667,72,0,0.05,0.10659800945222378,100000,rush_hour,7857
7817,116,-71.91355886535601,54.48275862068966,56.03448275862069,180,12,1,0.05,0.11016275329065733,100000,high_uniform,7858
7818,114,-45.4090831219755,43.42982456140351,44.89473684210526,167,12,1,0.05,0.10809521435907013,100000,high_uniform,7859
7819,500,98.5564012544955,20.85,22.238,694,66,0,0.05,0.11002138597518206,100000,uneven,7860
7820,500,72.07931836608812,18.042,19.296,627,84,0,0.05,0.10927856452018023,100000,rush_hour,7861
7821,500,12.01979773206966,3.38,3.772,196,70,0,0.05,0.10912706750631332,100000,low_uniform,7862
7822,118,-59.17842772975934,39.82203389830509,41.08474576271186,149,18,1,0.05,0.10964559110165653,100000,high_uniform,7863
7823,500,12.84504934776578,3.682,4.064,191,61,0,0.05,0.11067711585015058,100000,low_uniform,7864
7824,109,-51.56775314818724,43.22018348623853,44.706422018348626,162,14,1,0.05,0.11038471433684366,100000,high_uniform,7865
7825,500,77.62966125850274,24.824,26.264,720,64,0,0.05,0.11072919259965419,100000,rush_hour,7866
7826,500,119.19147670976201,16.632,17.972,670,75,0,0.05,0.11320693491399288,100000,rush_hour,7867
7827,500,101.16270042034955,13.41,14.598,594,89,0,0.05,0.10858319050818682,100000,uniform_medium,7868
7828,500,93.86833806008724,14.394,15.594,600,87,0,0.05,0.1096520820260048,100000,uniform_medium,7869
7829,109,-36.57565390605609,38.11009174311926,39.56880733944954,159,13,1,0.05,0.10573790933287472,100000,high_uniform,7870
7830,500,87.93722697936123,13.796,14.96,582,92,0,0.05,0.11147312763333321,100000,uniform_medium,7871
7831,500,16.245133395366146,3.076,3.476,200,71,0,0.05,0.10794829818606376,100000,low_uniform,7872
7832,500,111.95155292489426,11.704,12.88,588,88,0,0.05,0.10737157781422138,100000,uniform_medium,7873
7833,90,-22.793690984386604,33.48888888888889,34.977777777777774,134,10,1,0.05,0.0993431992828846,100000,high_uniform,7874
7834,113,-47.630136405899094,39.53982300884956,40.92920353982301,157,11,1,0.05,0.10372152809152561,100000,high_uniform,7875
7835,500,85.50811121760609,18.522,19.822,650,80,0,0.05,0.10915173482894898,100000,rush_hour,7876
7836,137,-61.81645494913804,41.051094890510946,42.35766423357664,179,20,1,0.05,0.10982555896043777,100000,high_uniform,7877
7837,500,107.02065619528071,12.182,13.34,579,86,0,0.05,0.11412450785189868,100000,uniform_medium,7878
7838,500,64.47422050202573,26.968,28.422,727,60,0,0.05,0.11061588352173567,100000,uneven,7879
7839,500,66.53122930096566,24.15,25.51,680,71,0,0.05,0.11037112805992365,100000,uneven,7880
7840,86,-47.42451780302756,45.883720930232556,47.33720930232558,125,9,1,0.05,0.11549894858238309,100000,high_uniform,7881
7841,87,-32.473416487238964,37.98850574712644,39.41379310344828,124,8,1,0.05,0.11101119755499664,100000,high_uniform,7882
7842,500,111.36024588844946,15.092,16.342,625,79,0,0.05,0.11714398308098316,100000,uniform_medium,7883
7843,500,101.96064979710648,16.21,17.478,634,77,0,0.05,0.11175254227221013,100000,rush_hour,7884
7844,500,86.83098144958417,19.454,20.772,659,80,0,0.05,0.1137855738773942,100000,rush_hour,7885
7845,500,17.0547180358069,3.526,3.944,209,70,0,0.05,0.11342126484960317,100000,low_uniform,7886
7846,500,100.16997154379155,13.146,14.334,594,92,0,0.05,0.11273126079142094,100000,uniform_medium,7887
7847,500,77.0011872287155,13.65,14.784,567,96,0,0.05,0.11036385160684585,100000,uniform_medium,7888
7848,500,95.63067305719932,19.236,20.56,662,72,0,0.05,0.10852616387605667,100000,rush_hour,7889
7849,500,3.6042738159689653,3.862,4.248,193,70,0,0.05,0.11278368114680051,100000,low_uniform,7890
7850,500,93.84525395223565,11.088,12.188,550,94,0,0.05,0.11100909132510424,100000,uniform_medium,7891
7851,500,77.00609990578312,16.94,18.158,609,86,0,0.05,0.11196517618745565,100000,uniform_medium,7892
7852,159,-71.21864049408794,48.15094339622642,49.685534591194966,244,17,1,0.05,0.11321955021915946,100000,high_uniform,7893
7853,500,115.68129989009039,12.292,13.494,601,88,0,0.05,0.1120797115266323,100000,uniform_medium,7894
7854,124,-51.31441422555251,44.33064516129032,45.82258064516129,185,14,1,0.05,0.11017133764201595,100000,high_uniform,7895
7855,500,32.35602412921019,30.708,32.168,730,64,0,0.05,0.11164090184867383,100000,uneven,7896
7856,500,99.45046197883563,21.742,23.162,710,67,0,0.05,0.11209660412371159,100000,rush_hour,7897
7857,500,5.230866703865749,3.492,3.898,203,81,0,0.05,0.11237279579788446,100000,low_uniform,7898
7858,500,12.510346157111497,3.5,3.89,195,68,0,0.05,0.11238287165760993,100000,low_uniform,7899
7859,500,11.000730629908333,3.164,3.54,188,68,0,0.05,0.11073676790297031,100000,low_uniform,7900
7860,500,93.44087196291757,18.71,20.048,669,75,0,0.05,0.11319680954515934,100000,rush_hour,7901
7861,500,126.36655428552673,14.46,15.758,649,77,0,0.05,0.1093157327324152,100000,uneven,7902
7862,123,-62.46926494106641,49.02439024390244,50.56910569105691,190,13,1,0.05,0.1079246823077764,100000,high_uniform,7903
7863,500,62.81672817699428,21.816,23.14,662,79,0,0.05,0.11161979939043522,100000,uneven,7904
7864,98,-68.69920960125498,50.714285714285715,52.16326530612245,142,13,1,0.05,0.11291774491570433,100000,high_uniform,7905
7865,500,93.47056077302291,13.604,14.774,585,90,0,0.05,0.11119415012001992,100000,uniform_medium,7906
7866,141,-61.58933313053492,47.12765957446808,48.659574468085104,216,16,1,0.05,0.1104535607898489,100000,high_uniform,7907
7867,500,52.86245450432259,25.624,26.99,683,72,0,0.05,0.11162794350087643,100000,uneven,7908
7868,500,3.5225963493407706,3.428,3.806,189,75,0,0.05,0.11871798940002919,100000,low_uniform,7909
7869,500,102.05407284358654,16.528,17.802,637,72,0,0.05,0.11669086901843548,100000,uneven,7910
7870,110,-34.93353182059582,35.72727272727273,37.09090909090909,150,12,1,0.05,0.11368264024230566,100000,high_uniform,7911
7871,500,11.445629964310355,3.848,4.256,204,70,0,0.05,0.11485257388651371,100000,low_uniform,7912
7872,500,75.69271066052595,14.028,15.172,572,98,0,0.05,0.11120387441664935,100000,uniform_medium,7913
7873,123,-61.91139183275044,44.235772357723576,45.61788617886179,170,12,1,0.05,0.11704017606571437,100000,high_uniform,7914
7874,500,95.25968126475705,11.244,12.348,552,91,0,0.05,0.11031845612823964,100000,uniform_medium,7915
7875,500,83.10108457475636,14.252,15.436,592,92,0,0.05,0.11469216512143612,100000,uniform_medium,7916
7876,500,49.00514111946084,26.83,28.224,697,70,0,0.05,0.11349953410029412,100000,uneven,7917
7877,119,-69.91755293370261,52.226890756302524,53.714285714285715,177,13,1,0.05,0.11509568964232918,100000,high_uniform,7918
7878,129,-58.388630441940585,43.86821705426357,45.248062015503876,178,14,1,0.05,0.11448907277496286,100000,high_uniform,7919
7879,500,99.19893862327004,20.648,22.034,693,70,0,0.05,0.11605823813378811,100000,uneven,7920
7880,500,-5.163139721129354,4.128,4.482,177,71,0,0.05,0.11356610912829637,100000,low_uniform,7921
7881,500,89.68809323897612,15.836,17.068,616,86,0,0.05,0.11437503366917372,100000,uniform_medium,7922
7882,500,8.561486497110268,3.694,4.098,202,73,0,0.05,0.11191388170421124,100000,low_uniform,7923
7883,500,121.66392637696298,16.974,18.33,678,73,0,0.05,0.11130342941731214,100000,rush_hour,7924
7884,500,8.164906611360344,3.526,3.904,189,69,0,0.05,0.1141115792542696,100000,low_uniform,7925
7885,500,111.35077570713248,15.26,16.55,645,79,0,0.05,0.11368478915840387,100000,rush_hour,7926
7886,500,9.45923004142707,3.404,3.782,189,68,0,0.05,0.11730814056098461,100000,low_uniform,7927
7887,500,76.63210275271689,17.684,18.908,612,82,0,0.05,0.1119195067808032,100000,uniform_medium,7928
7888,500,112.69315126192981,19.574,20.972,699,66,0,0.05,0.11055994649976492,100000,uneven,7929
7889,500,105.61135072349113,18.306,19.644,669,73,0,0.05,0.11008156544715166,100000,rush_hour,7930
7890,500,12.83956566660111,3.454,3.854,200,70,0,0.05,0.11150798773020507,100000,low_uniform,7931
7891,500,101.22361828955775,13.972,15.198,613,89,0,0.05,0.11038277392089367,100000,uniform_medium,7932
7892,500,75.0731406090158,20.074,21.38,653,70,0,0.05,0.11157695474475622,100000,rush_hour,7933
7893,500,104.2647202508447,12.998,14.17,586,85,0,0.05,0.11206817326694726,100000,uniform_medium,7934
7894,500,108.32511252057057,11.068,12.208,570,91,0,0.05,0.10940523048490286,100000,uniform_medium,7935
7895,500,91.89038743189865,20.364,21.724,680,72,0,0.05,0.10974933609366416,100000,uneven,7936
7896,500,11.65162297006178,3.468,3.848,190,65,0,0.05,0.10814244601130485,100000,low_uniform,7937
7897,500,93.57426338714828,19.918,21.25,666,69,0,0.05,0.10598483588546515,100000,rush_hour,7938
7898,500,98.852363543744,22.106,23.524,709,65,0,0.05,0.10869501195847989,100000,rush_hour,7939
7899,500,104.1085036575913,18.11,19.434,662,74,0,0.05,0.10951049415767193,100000,rush_hour,7940
7900,500,80.73825442925047,17.388,18.624,618,85,0,0.05,0.10776729473471641,100000,uniform_medium,7941
7901,500,9.302602689039592,3.098,3.478,190,71,0,0.05,0.10619500613957643,100000,low_uniform,7942
7902,158,-81.50940936343673,48.49367088607595,49.962025316455694,232,19,1,0.05,0.10876392985729477,100000,high_uniform,7943
7903,500,85.09537702404621,11.982,13.104,561,93,0,0.05,0.10591816788166761,100000,uniform_medium,7944
7904,500,84.53742348139735,20.428,21.776,674,74,0,0.05,0.10752651777118444,100000,rush_hour,7945
7905,500,47.143049598013754,27.054,28.466,706,68,0,0.05,0.10785884882509708,100000,uneven,7946
7906,500,102.58593044334081,18.2,19.536,668,75,0,0.05,0.10490582285821438,100000,rush_hour,7947
7907,500,90.0255905227211,21.178,22.552,687,75,0,0.05,0.11072564441710711,100000,uneven,7948
7908,500,95.77269110771508,19.93,21.286,678,73,0,0.05,0.1090223516970873,100000,uneven,7949
7909,500,1.0482679605604779,3.328,3.71,191,82,0,0.05,0.10833247647434473,100000,low_uniform,7950
7910,500,15.143439519122206,3.956,4.404,224,78,0,0.05,0.10232014134526253,100000,low_uniform,7951
7911,500,6.860924823417321,3.222,3.646,212,87,0,0.05,0.10397873888164759,100000,low_uniform,7952
7912,115,-77.71302141597742,56.6,58.06086956521739,168,11,1,0.05,0.10545131978781327,100000,high_uniform,7953
7913,500,94.09125988388901,10.882,11.974,546,96,0,0.05,0.10447916346043348,100000,uniform_medium,7954
7914,500,95.90802936272271,17.032,18.338,653,79,0,0.05,0.10578593716025353,100000,rush_hour,7955
7915,500,15.55024357939723,3.374,3.796,211,75,0,0.05,0.10648290670663119,100000,low_uniform,7956
7916,500,59.96027153331421,24.072,25.442,685,69,0,0.05,0.10248099029809236,100000,rush_hour,7957
7917,500,100.51360441720374,19.68,21.042,681,74,0,0.05,0.10657202362269164,100000,uneven,7958
7918,500,15.37487702933834,3.788,4.208,210,68,0,0.05,0.10513140230625868,100000,low_uniform,7959
7919,500,9.981648821865672,3.844,4.25,203,72,0,0.05,0.10626678730547429,100000,low_uniform,7960
7920,500,100.27351796706171,11.47,12.602,566,94,0,0.05,0.10567426801472903,100000,uniform_medium,7961
7921,500,88.8607684439178,11.902,13.012,555,96,0,0.05,0.10135776539891958,100000,uniform_medium,7962
7922,500,87.15507716810322,12.712,13.85,569,93,0,0.05,0.10604179196804762,100000,uniform_medium,7963
7923,61,-33.340076125143675,32.78688524590164,34.049180327868854,77,7,1,0.05,0.10859173224841961,100000,high_uniform,7964
7924,500,7.37932531119496,3.402,3.822,210,83,0,0.05,0.10503781490772962,100000,low_uniform,7965
7925,500,13.45127369724251,3.616,4.048,216,77,0,0.05,0.10637999684363604,100000,low_uniform,7966
7926,500,89.58740730051619,19.59,20.924,667,78,0,0.05,0.10803939106315374,100000,uneven,7967
7927,500,74.03644238143423,21.362,22.698,668,73,0,0.05,0.10491400070488453,100000,rush_hour,7968
7928,500,104.80378710650182,12.38,13.552,586,88,0,0.05,0.1033229069262743,100000,uniform_medium,7969
7929,500,73.32181689868139,20.956,22.29,667,74,0,0.05,0.10057687571644783,100000,rush_hour,7970
7930,500,102.61731736666043,12.868,14.048,590,88,0,0.05,0.10354289350658655,100000,uniform_medium,7971
7931,500,98.04063172446209,11.27,12.4,565,96,0,0.05,0.10648506241291761,100000,uniform_medium,7972
7932,500,12.7775976922036,3.214,3.62,203,76,0,0.05,0.10448525048792362,100000,low_uniform,7973
7933,108,-78.283169604105,50.833333333333336,52.22222222222222,150,16,1,0.05,0.09541131369769573,100000,high_uniform,7974
7934,131,-52.692057218638645,44.541984732824424,46.0763358778626,201,14,1,0.05,0.10242723326646645,100000,high_uniform,7975
7935,500,71.96556508768083,23.242,24.618,688,72,0,0.05,0.10170628013461828,100000,uneven,7976
7936,500,12.752756647612534,3.814,4.244,215,77,0,0.05,0.10153110699355603,100000,low_uniform,7977
7937,500,-3.6864541729454214,3.464,3.802,169,72,0,0.05,0.10091786073893308,100000,low_uniform,7978
7938,190,-38.4631472944902,43.1,44.66842105263158,298,18,1,0.05,0.09941052367028437,100000,high_uniform,7979
7939,500,-3.341820969508578,3.004,3.344,170,78,0,0.05,0.10430452090501785,100000,low_uniform,7980
7940,500,5.2278576359597215,3.296,3.662,183,71,0,0.05,0.10331727322936059,100000,low_uniform,7981
7941,500,104.70585438069838,21.728,23.164,718,64,0,0.05,0.10179069400578737,100000,uneven,7982
7942,500,81.00836321194335,21.566,22.924,679,73,0,0.05,0.10310309614241123,100000,rush_hour,7983
7943,98,-67.58763934830547,51.97959183673469,53.5,149,10,1,0.05,0.09975423785496731,100000,high_uniform,7984
7944,500,11.382742094221014,3.322,3.728,203,76,0,0.05,0.1017010992243886,100000,low_uniform,7985
7945,500,96.8037468893354,16.028,17.286,629,84,0,0.05,0.10159260445833206,100000,rush_hour,7986
7946,108,-50.367316496543566,39.648148148148145,40.97222222222222,143,15,1,0.05,0.1021593037854742,100000,high_uniform,7987
7947,500,99.89729885834211,18.528,19.812,642,64,0,0.05,0.10444921064376832,100000,uneven,7988
7948,500,18.610787045725445,3.284,3.702,209,70,0,0.05,0.10251070480048656,100000,low_uniform,7989
7949,75,-43.70601051833497,39.0,40.306666666666665,98,9,1,0.05,0.10117730716864268,100000,high_uniform,7990
7950,500,9.368743389910012,3.084,3.442,179,64,0,0.05,0.10189759556204081,100000,low_uniform,7991
7951,500,120.79363431794899,16.15,17.484,667,77,0,0.05,0.10456423690915108,100000,uneven,7992
7952,500,92.41119177066541,11.412,12.524,556,100,0,0.05,0.10151150265336037,100000,uniform_medium,7993
7953,500,76.98823843639842,21.122,22.452,665,75,0,0.05,0.10231609597802162,100000,rush_hour,7994
7954,500,8.595945019143217,3.894,4.27,188,63,0,0.05,0.10543745473772287,100000,low_uniform,7995
7955,500,63.52206084958553,24.736,26.142,703,69,0,0.05,0.10384053300321103,100000,uneven,7996
7956,500,15.94289645178803,3.512,3.9,194,62,0,0.05,0.10066595546901226,100000,low_uniform,7997
7957,500,98.13599278611912,18.972,20.284,656,71,0,0.05,0.10399679266661406,100000,uneven,7998
7958,87,-57.2771557992777,48.62068965517241,50.06896551724138,126,8,1,0.05,0.10342476088767764,100000,high_uniform,7999
7959,500,91.41738470369143,19.806,21.144,669,77,0,0.05,0.10257271628826857,100000,rush_hour,8000
7960,500,82.6091932093186,21.118,22.494,688,72,0,0.05,0.10260080126672984,100000,uneven,8001
7961,500,100.60250713258672,14.078,15.298,610,88,0,0.05,0.10105980910360814,100000,uniform_medium,8002
7962,500,14.907845938553251,3.946,4.374,214,72,0,0.05,0.10050724735110998,100000,low_uniform,8003
7963,86,-64.51568772504838,46.81395348837209,48.16279069767442,116,10,1,0.05,0.09890986879377864,100000,high_uniform,8004
7964,160,-103.16853098965171,59.81875,61.39375,252,12,1,0.05,0.10434809429571032,100000,high_uniform,8005
7965,500,1.6754809644509876,3.342,3.702,180,72,0,0.05,0.10102678371965886,100000,low_uniform,8006
7966,91,-68.45892397595432,48.527472527472526,49.83516483516483,119,11,1,0.05,0.10947226278565741,100000,high_uniform,8007
7967,500,94.87134279700855,11.674,12.788,557,97,0,0.05,0.10119813742488623,100000,uniform_medium,8008
7968,500,94.25567249052911,11.954,13.086,566,94,0,0.05,0.09766250997781753,100000,uniform_medium,8009
7969,500,4.2532798663488025,3.882,4.224,171,58,0,0.05,0.09688583642989397,100000,low_uniform,8010
7970,500,115.00531841148594,10.46,11.594,567,87,0,0.05,0.09679941624403,100000,uniform_medium,8011
7971,500,82.31243300241366,15.128,16.322,597,89,0,0.05,0.09627050818502902,100000,uniform_medium,8012
7972,500,3.934567654962305,3.576,3.938,181,67,0,0.05,0.09725159001350403,100000,low_uniform,8013
7973,119,-97.37097442893797,55.65546218487395,57.02521008403362,163,14,1,0.05,0.10111518936748264,100000,high_uniform,8014
7974,500,74.92712349590063,12.976,14.076,550,98,0,0.05,0.0970171015560627,100000,uniform_medium,8015
7975,500,13.042672676257055,3.704,4.092,194,65,0,0.05,0.09981349550187588,100000,low_uniform,8016
7976,121,-44.17405730829405,43.98347107438016,45.50413223140496,184,11,1,0.05,0.09539942446449572,100000,high_uniform,8017
7977,500,17.0209447345165,3.378,3.77,196,64,0,0.05,0.09927912274748087,100000,low_uniform,8018
7978,500,62.92854847404237,24.66,26.066,703,70,0,0.05,0.0986148731559515,100000,rush_hour,8019
7979,91,-75.5646960621598,43.24175824175824,44.252747252747255,92,12,1,0.05,0.10376257478044583,100000,high_uniform,8020
7980,500,93.73503467794868,15.766,17.022,628,82,0,0.05,0.09859184876829385,100000,rush_hour,8021
7981,500,64.41570886455278,19.806,21.082,638,75,0,0.05,0.09912052105367183,100000,rush_hour,8022
7982,500,57.90951706486716,25.984,27.414,715,65,0,0.05,0.09682743757218122,100000,rush_hour,8023
7983,79,-29.904529518203663,35.164556962025316,36.59493670886076,113,10,1,0.05,0.09973515598457071,100000,high_uniform,8024
7984,113,-50.78290551739306,41.283185840707965,42.68141592920354,158,14,1,0.05,0.09936459510859134,100000,high_uniform,8025
7985,500,111.455085018341,20.0,21.416,708,68,0,0.05,0.09856933367997409,100000,uneven,8026
7986,500,16.573369854653908,3.5,3.916,208,69,0,0.05,0.09808677864819765,100000,low_uniform,8027
7987,500,96.97635246534801,17.57,18.866,648,78,0,0.05,0.10212272000312805,100000,rush_hour,8028
7988,500,102.66840730779178,12.454,13.636,591,90,0,0.05,0.1014712436646223,100000,uniform_medium,8029
7989,500,6.412271946334241,3.95,4.346,198,73,0,0.05,0.10327053017914295,100000,low_uniform,8030
7990,500,99.27410867129294,13.634,14.822,594,89,0,0.05,0.10030907712131738,100000,uniform_medium,8031
7991,500,98.99446526580222,13.17,14.362,596,92,0,0.05,0.10282536417245865,100000,uniform_medium,8032
7992,500,6.076030694233162,3.602,4.002,200,78,0,0.05,0.10181109016388655,100000,low_uniform,8033
7993,500,92.50222305853079,16.26,17.534,637,80,0,0.05,0.10032954739779235,100000,uneven,8034
7994,500,11.126869304295123,3.39,3.792,201,73,0,0.05,0.1010874984189868,100000,low_uniform,8035
7995,500,95.7976922040736,18.926,20.272,673,72,0,0.05,0.09894153704494238,100000,rush_hour,8036
7996,146,-62.28960387969489,51.52054794520548,53.15068493150685,238,12,1,0.05,0.10005514076209232,100000,high_uniform,8037
7997,500,113.0606102976574,16.036,17.35,657,77,0,0.05,0.10024931772053242,100000,uneven,8038
7998,500,94.6466475735425,11.508,12.622,557,94,0,0.05,0.10113246426731348,100000,uniform_medium,8039
7999,500,16.017552175804777,3.528,3.95,211,72,0,0.05,0.09844503723829985,100000,low_uniform,8040
8000,500,14.545242236534405,3.576,3.976,200,67,0,0.05,0.09796582061052322,100000,low_uniform,8041
