episode,steps,cumulative_reward,average_queue_length,average_waiting_time,total_throughput,phase_switches,overflow_count,epsilon
1,120,-242.78149314782445,60.025,60.21666666666667,23,54,1,1.0
2,160,-324.25078503748773,68.3625,68.7,54,65,1,0.995
3,129,-263.05606143962075,63.72868217054263,63.96124031007752,30,57,1,0.990025
4,128,-286.1453678707834,70.7265625,70.9921875,34,55,1,0.985074875
5,139,-251.6073017783591,52.07194244604317,52.33812949640288,37,59,1,0.9801495006250001
6,144,-325.34661671665606,72.8125,73.07638888888889,38,63,1,0.9752487531218751
7,165,-359.2608655262345,76.41818181818182,76.69090909090909,45,71,1,0.9703725093562657
8,166,-342.1710640938611,75.1987951807229,75.48192771084338,47,71,1,0.9655206468094844
9,178,-375.42865539799686,76.86516853932584,77.14606741573034,50,77,1,0.960693043575437
10,119,-209.81040687877214,50.39495798319328,50.76470588235294,44,49,1,0.9558895783575597
11,184,-328.77249289376493,65.29891304347827,65.71195652173913,76,73,1,0.9511101304657719
12,151,-303.0100469707098,64.54304635761589,64.84105960264901,45,63,1,0.946354579813443
13,125,-201.0180572223478,50.344,50.8,57,48,1,0.9416228069143757
14,147,-304.22926280666456,65.21768707482993,65.48299319727892,39,63,1,0.9369146928798039
15,164,-282.84717359301817,58.96951219512195,59.28048780487805,51,69,1,0.9322301194154049
16,155,-321.8856728115019,70.01290322580645,70.39354838709677,59,62,1,0.9275689688183278
17,128,-268.6792599709531,68.71875,68.921875,26,58,1,0.9229311239742362
18,153,-323.2395907960167,71.20261437908496,71.45098039215686,38,67,1,0.918316468354365
19,126,-264.88740531573956,66.44444444444444,66.81746031746032,47,51,1,0.9137248860125932
20,101,-188.73782993466466,53.04950495049505,53.306930693069305,26,44,1,0.9091562615825302
21,134,-277.7356024292162,63.850746268656714,64.08955223880596,32,59,1,0.9046104802746175
22,160,-326.1272771303986,67.55,67.9125,58,65,1,0.9000874278732445
23,133,-279.2015865787438,67.65413533834587,67.90225563909775,33,58,1,0.8955869907338783
24,116,-235.52315934187254,60.9051724137931,61.13793103448276,27,51,1,0.8911090557802088
25,134,-268.75270316717945,61.156716417910445,61.440298507462686,38,58,1,0.8866535105013078
26,156,-294.8133433679998,63.08974358974359,63.44871794871795,56,64,1,0.8822202429488013
27,137,-305.0886541616122,71.72992700729927,71.93430656934306,28,61,1,0.8778091417340573
28,113,-207.31625150011303,50.24778761061947,50.575221238938056,37,46,1,0.8734200960253871
29,117,-220.86059533993762,55.94017094017094,56.22222222222222,33,50,1,0.8690529955452602
30,135,-248.55071181949063,57.94074074074074,58.25925925925926,43,56,1,0.8647077305675338
31,158,-296.2514037890012,63.51898734177215,63.936708860759495,66,62,1,0.8603841919146962
32,135,-251.69660820952174,59.71111111111111,60.08148148148148,50,54,1,0.8560822709551227
33,143,-281.26334053228834,63.29370629370629,63.59440559440559,43,61,1,0.851801859600347
34,122,-233.41072192595175,58.69672131147541,59.049180327868854,43,50,1,0.8475428503023453
35,138,-278.19605133315963,64.23188405797102,64.57971014492753,48,57,1,0.8433051360508336
36,174,-361.53002232274935,76.41379310344827,76.9080459770115,86,65,1,0.8390886103705794
37,155,-245.4435621485486,53.9741935483871,54.52903225806452,86,56,1,0.8348931673187264
38,158,-299.41390591578477,67.37974683544304,67.75316455696202,59,64,1,0.8307187014821328
39,156,-266.60040527944534,57.93589743589744,58.42307692307692,76,57,1,0.8265651079747222
40,141,-281.83647435275793,63.219858156028366,63.47517730496454,36,61,1,0.8224322824348486
41,158,-331.29519075246367,74.0632911392405,74.46835443037975,64,63,1,0.8183201210226743
42,124,-180.32756949188672,44.75806451612903,45.13709677419355,47,48,1,0.8142285204175609
43,148,-280.2073693249333,58.96621621621622,59.41891891891892,67,57,1,0.810157377815473
44,153,-315.4196886619743,68.0,68.41830065359477,64,59,1,0.8061065909263957
45,117,-197.4001464359942,52.98290598290598,53.452991452991455,55,45,1,0.8020760579717637
46,165,-264.774472898608,55.660606060606064,56.018181818181816,59,68,1,0.798065677681905
47,213,-428.87039481004206,78.02816901408451,78.52112676056338,105,78,1,0.7940753492934954
48,104,-224.40039393659958,56.51923076923077,56.71153846153846,20,47,1,0.7901049725470279
49,151,-292.7795131429814,66.25165562913908,66.71523178807946,70,57,1,0.7861544476842928
50,153,-245.19076358818086,54.69934640522876,55.1437908496732,68,59,1,0.7822236754458713
51,145,-264.2573102854934,66.33793103448276,66.80689655172414,68,56,1,0.778312557068642
52,154,-267.95973475924166,60.74025974025974,61.246753246753244,78,58,1,0.7744209942832988
53,152,-314.9924512315358,70.98684210526316,71.4342105263158,68,59,1,0.7705488893118823
54,149,-283.86980957656556,63.355704697986575,63.66442953020134,46,61,1,0.7666961448653229
55,138,-279.31955924024874,65.1159420289855,65.4927536231884,52,56,1,0.7628626641409962
56,170,-355.44612738686817,75.13529411764706,75.54705882352941,70,67,1,0.7590483508202912
57,151,-285.9202455383364,63.58278145695364,64.01986754966887,66,58,1,0.7552531090661897
58,115,-190.65909899345957,47.29565217391304,47.80869565217391,59,42,1,0.7514768435208588
59,116,-195.33298098716818,50.38793103448276,50.810344827586206,49,44,1,0.7477194593032545
60,118,-181.82787886764345,43.228813559322035,43.66101694915254,51,45,1,0.7439808620067382
61,112,-196.18142560125023,50.580357142857146,50.955357142857146,42,44,1,0.7402609576967045
62,145,-192.91152630291924,41.13103448275862,41.703448275862065,83,51,1,0.736559652908221
63,132,-203.0067392305741,48.50757575757576,49.0,65,48,1,0.7328768546436799
64,146,-234.1966700846731,54.57534246575342,54.945205479452056,54,58,1,0.7292124703704616
65,136,-274.4321204064722,63.88235294117647,64.32352941176471,60,51,1,0.7255664080186093
66,160,-285.8807563174312,61.3875,61.8875,80,58,1,0.7219385759785162
67,220,-379.1918438228681,67.44090909090909,68.01818181818182,127,77,1,0.7183288830986236
68,178,-328.9016597967409,67.76966292134831,68.30337078651685,95,64,1,0.7147372386831305
69,143,-210.47813487538315,49.86713286713287,50.40559440559441,77,48,1,0.7111635524897149
70,186,-294.6782699685316,54.61290322580645,55.086021505376344,88,70,1,0.7076077347272662
71,148,-238.8933118122318,53.58783783783784,54.08108108108108,73,54,1,0.7040696960536299
72,129,-185.74299392934074,46.24031007751938,46.798449612403104,72,46,1,0.7005493475733617
73,169,-279.60495052260796,62.4792899408284,63.05917159763314,98,60,1,0.697046600835495
74,185,-350.51354033629957,68.97297297297297,69.44324324324324,87,69,1,0.6935613678313175
75,235,-421.38115592545364,73.50212765957447,74.07659574468084,135,83,1,0.6900935609921609
76,198,-360.3779719356206,69.64141414141415,70.23737373737374,118,69,1,0.6866430931872001
77,139,-251.2975420082148,59.76258992805755,60.31654676258993,77,49,1,0.6832098777212641
78,165,-288.56017355672395,62.70909090909091,63.13333333333333,70,63,1,0.6797938283326578
79,172,-234.51663409386686,48.30813953488372,48.81976744186046,88,63,1,0.6763948591909945
80,177,-288.38057069197714,56.898305084745765,57.451977401129945,98,62,1,0.6730128848950395
81,230,-317.52522957898134,52.47391304347826,53.02173913043478,126,83,1,0.6696478204705644
82,149,-274.11719664165184,61.33557046979866,61.77181208053691,65,58,1,0.6662995813682115
83,177,-296.8630368279545,62.429378531073446,62.9774011299435,97,64,1,0.6629680834613705
84,150,-288.9650225042204,65.53333333333333,66.04666666666667,77,54,1,0.6596532430440636
85,133,-271.1624686087466,65.203007518797,65.65413533834587,60,51,1,0.6563549768288433
86,135,-204.16370611177354,50.97037037037037,51.49629629629629,71,48,1,0.653073201944699
87,186,-286.2847390128088,56.55913978494624,57.193548387096776,118,62,1,0.6498078359349755
88,121,-203.0405694555925,51.47107438016529,52.0,64,45,1,0.6465587967553006
89,155,-275.0665131792756,60.10322580645161,60.50967741935484,63,59,1,0.6433260027715241
90,140,-214.84890609725585,51.17142857142857,51.642857142857146,66,53,1,0.6401093727576664
91,143,-290.470990875864,65.3076923076923,65.75524475524476,64,52,1,0.6369088258938781
92,164,-312.020374960062,67.0548780487805,67.66463414634147,100,56,1,0.6337242817644086
93,165,-321.5705015460761,70.48484848484848,71.04848484848485,93,58,1,0.6305556603555866
94,144,-197.96712625936618,47.19444444444444,47.78472222222222,85,50,1,0.6274028820538087
95,203,-320.28387276069,57.995073891625616,58.54187192118226,111,71,1,0.6242658676435396
96,218,-316.68207270987807,58.27522935779817,58.977064220183486,153,69,1,0.6211445383053219
97,136,-198.3439277280338,45.838235294117645,46.39705882352941,76,46,1,0.6180388156137953
98,150,-192.30456225743126,41.82,42.446666666666665,94,50,1,0.6149486215357263
99,149,-267.7071836994793,60.369127516778526,60.81208053691275,66,58,1,0.6118738784280476
100,139,-228.57913054922756,52.726618705035975,53.17985611510792,63,53,1,0.6088145090359074
101,142,-254.7132139462742,59.098591549295776,59.63380281690141,76,52,1,0.6057704364907278
102,124,-212.54050758044116,51.07258064516129,51.45967741935484,48,48,1,0.6027415843082742
103,142,-238.66880823129827,53.605633802816904,54.183098591549296,82,48,1,0.5997278763867329
104,156,-282.85849158479186,61.083333333333336,61.56410256410256,75,58,1,0.5967292370047992
105,179,-266.8583678344892,54.06145251396648,54.64804469273743,105,63,1,0.5937455908197752
106,155,-308.2173260633774,68.15483870967742,68.60645161290323,70,59,1,0.5907768628656763
107,161,-284.35781095812706,65.14285714285714,65.73291925465838,95,56,1,0.5878229785513479
108,164,-247.33100098232512,52.853658536585364,53.30487804878049,74,61,1,0.5848838636585911
109,162,-254.8083031236264,55.46913580246913,55.96913580246913,81,59,1,0.5819594443402982
110,164,-267.8869103145288,55.15853658536585,55.676829268292686,85,57,1,0.5790496471185967
111,190,-297.6830627122996,59.578947368421055,60.17368421052632,113,67,1,0.5761543988830038
112,184,-308.43038790223454,60.44021739130435,61.08695652173913,119,62,1,0.5732736268885887
113,214,-313.0589979288484,55.929906542056074,56.57943925233645,139,70,1,0.5704072587541458
114,272,-454.8235140890123,70.98161764705883,71.73161764705883,204,85,1,0.567555222460375
115,154,-200.13012338736053,43.40909090909091,43.97402597402598,87,55,1,0.5647174463480732
116,138,-265.43777940235907,62.391304347826086,62.96376811594203,79,47,1,0.5618938591163328
117,161,-231.81470462132938,48.77639751552795,49.316770186335404,87,57,1,0.5590843898207511
118,139,-221.8658830849164,50.330935251798564,50.7410071942446,57,52,1,0.5562889678716474
119,162,-291.5659563029135,62.34567901234568,62.839506172839506,80,56,1,0.5535075230322891
120,121,-193.19815508830538,48.14876033057851,48.64462809917355,60,42,1,0.5507399854171277
121,138,-186.1306183885713,43.369565217391305,43.91304347826087,75,49,1,0.547986285490042
122,145,-223.70817370190082,52.12413793103448,52.66896551724138,79,50,1,0.5452463540625918
123,172,-212.8321766102007,40.325581395348834,40.99418604651163,115,53,1,0.5425201222922789
124,249,-404.55596604643245,65.45381526104417,66.14056224899599,171,79,1,0.5398075216808175
125,148,-214.3490917227099,46.479729729729726,47.0472972972973,84,49,1,0.5371084840724134
126,204,-310.7106151899177,59.06372549019608,59.833333333333336,157,59,1,0.5344229416520513
127,193,-277.5433203193661,53.248704663212436,53.968911917098445,139,60,1,0.531750826943791
128,155,-246.66818947978481,54.78064516129032,55.380645161290325,93,52,1,0.5290920728090721
129,220,-308.946808013533,53.31363636363636,53.92727272727273,135,73,1,0.5264466124450268
130,169,-206.42179241712006,43.36094674556213,44.03550295857988,114,53,1,0.5238143793828016
131,117,-170.74914792643835,44.36752136752137,45.00854700854701,75,38,1,0.5211953074858876
132,178,-270.7122239438527,54.87078651685393,55.57303370786517,125,54,1,0.5185893309484582
133,190,-264.99848147833075,53.38947368421053,54.026315789473685,121,62,1,0.5159963842937159
134,161,-226.20798807644678,48.52173913043478,49.09316770186335,92,54,1,0.5134164023722473
135,249,-347.3379877135046,58.93975903614458,59.65461847389558,178,76,1,0.510849320360386
136,144,-214.73130468665897,46.041666666666664,46.451388888888886,59,49,1,0.5082950737585841
137,219,-374.298250991994,69.8675799086758,70.52511415525115,144,71,1,0.5057535983897912
138,148,-196.5850370457198,46.49324324324324,47.141891891891895,96,50,1,0.5032248303978422
139,123,-167.52427309459677,44.08130081300813,44.63414634146341,68,43,1,0.500708706245853
140,159,-239.39263118556698,55.83647798742138,56.496855345911946,105,50,1,0.4982051627146237
141,141,-212.54579532541993,48.11347517730496,48.6241134751773,72,49,1,0.49571413690105054
142,148,-232.21327582142555,56.0,56.61486486486486,91,51,1,0.4932355662165453
143,270,-338.7487431574933,50.851851851851855,51.58888888888889,199,81,1,0.4907693883854626
144,142,-226.43815065326714,56.852112676056336,57.429577464788736,82,48,1,0.4883155414435353
145,160,-218.0566801911342,45.375,46.00625,101,54,1,0.4858739637363176
146,302,-436.5650565327577,63.91059602649007,64.75165562913908,254,88,1,0.483444593917636
147,165,-233.9266470360394,51.1030303030303,51.75757575757576,108,54,1,0.4810273709480478
148,186,-320.77249289376493,64.53763440860214,65.00537634408602,87,70,1,0.47862223409330756
149,205,-329.7606799007805,62.36585365853659,63.02926829268293,136,68,1,0.47622912292284103
150,173,-262.41415341639015,59.16184971098266,59.820809248554916,114,56,1,0.4738479773082268
151,167,-283.36925270020345,60.958083832335326,61.59880239520958,107,56,1,0.47147873742168567
152,170,-323.74506416644954,65.07058823529412,65.52941176470588,78,65,1,0.46912134373457726
153,156,-277.47652612144816,60.5,61.03846153846154,84,54,1,0.46677573701590436
154,237,-334.9511057560902,57.40506329113924,58.07172995780591,158,77,1,0.46444185833082485
155,241,-396.6798452044296,66.00829875518673,66.64315352697095,153,81,1,0.46211964903917074
156,150,-241.3813131937933,60.03333333333333,60.67333333333333,96,48,1,0.4598090507939749
157,163,-231.88790031695032,46.644171779141104,47.282208588957054,104,53,1,0.457510005540005
158,140,-189.3552457198075,43.55,44.22857142857143,95,45,1,0.45522245551230495
159,245,-317.38387843211285,54.20816326530612,55.06938775510204,211,69,1,0.4529463432347434
160,203,-265.27932751752735,50.27093596059113,50.94088669950739,136,67,1,0.4506816115185697
161,272,-338.2257977981892,52.9375,53.713235294117645,211,81,1,0.4484282034609769
162,167,-242.30836499877773,53.17964071856287,53.76047904191617,97,55,1,0.446186062443672
163,119,-180.01276947736903,48.7563025210084,49.36974789915966,73,39,1,0.4439551321314536
164,210,-308.03673319620907,55.576190476190476,56.23809523809524,139,67,1,0.4417353564707963
165,223,-319.01335471084553,58.0762331838565,58.80717488789238,163,71,1,0.43952667968844233
166,192,-272.0711821727409,55.104166666666664,55.958333333333336,164,51,1,0.43732904629000013
167,142,-182.79859388578768,47.7112676056338,48.38732394366197,96,46,1,0.4351424010585501
168,163,-290.1501606145514,62.441717791411044,63.030674846625764,96,54,1,0.43296668905325736
169,114,-165.878438579717,44.46491228070175,45.219298245614034,86,32,1,0.43080185560799106
170,154,-199.81544712314553,44.01948051948052,44.62337662337662,93,49,1,0.4286478463299511
171,99,-157.0532487006958,42.13131313131313,42.58585858585859,45,38,1,0.42650460709830135
172,105,-154.70449471085703,45.40952380952381,46.17142857142857,80,32,1,0.42437208406280985
173,331,-433.5812910186021,60.873111782477345,61.770392749244714,297,88,1,0.4222502236424958
174,221,-322.08076766027693,58.67420814479638,59.35746606334842,151,65,1,0.42013897252428334
175,229,-260.7617936535047,48.61135371179039,49.427947598253276,187,65,1,0.4180382776616619
176,260,-296.7379201669304,50.426923076923075,51.28846153846154,224,72,1,0.4159480862733536
177,193,-199.63522550688526,38.233160621761655,38.932642487046635,135,57,1,0.41386834584198684
178,229,-326.5743042874226,61.74235807860262,62.5938864628821,195,63,1,0.4117990041127769
179,202,-260.4873491120111,49.29207920792079,50.07920792079208,159,54,1,0.40974000909221303
180,381,-532.4934360730348,66.25721784776903,67.1994750656168,359,96,1,0.40769130904675194
181,123,-140.20455658600838,37.9349593495935,38.6910569105691,93,36,1,0.40565285250151817
182,128,-193.96762126057695,47.671875,48.1953125,67,44,1,0.4036245882390106
183,211,-285.91863678440143,55.99052132701422,56.78199052132702,167,60,1,0.4016064652978155
184,183,-243.47677362205354,49.37158469945355,50.08743169398907,131,55,1,0.3995984329713264
185,257,-362.89918479068706,60.32295719844358,61.159533073929964,215,70,1,0.3976004408064698
186,205,-274.4583116307607,55.234146341463415,55.99512195121951,156,57,1,0.39561243860243744
187,117,-169.29964576336056,45.14529914529915,45.794871794871796,76,35,1,0.3936343764094253
188,175,-233.3811894434906,52.142857142857146,53.02285714285714,154,48,1,0.39166620452737816
189,212,-353.9449517589926,67.84905660377359,68.55660377358491,150,63,1,0.3897078735047413
190,168,-259.8643980812841,54.095238095238095,54.69642857142857,101,55,1,0.3877593341372176
191,326,-462.75535863776474,62.24233128834356,63.11349693251534,284,87,1,0.3858205374665315
192,124,-183.51295510282307,44.596774193548384,45.225806451612904,78,34,1,0.38389143477919885
193,295,-421.63308823370255,62.433898305084746,63.284745762711864,251,83,1,0.3819719776053028
194,236,-308.20390431645797,57.529661016949156,58.38135593220339,201,65,1,0.3800621177172763
195,123,-148.21612207838746,34.22764227642276,34.83739837398374,75,39,1,0.37816180712868996
196,185,-184.70300970722474,36.994594594594595,37.75135135135135,140,49,1,0.37627099809304654
197,140,-220.84287585046093,55.15,55.878571428571426,102,40,1,0.3743896431025813
198,280,-362.43233438904065,58.128571428571426,59.003571428571426,245,73,1,0.37251769488706843
199,351,-552.6442489571366,75.58974358974359,76.51851851851852,326,91,1,0.3706551064126331
200,165,-220.04523844905782,45.69090909090909,46.406060606060606,118,48,1,0.36880183088056995
201,330,-395.6949659375498,55.266666666666666,56.224242424242426,316,78,1,0.3669578217261671
202,148,-232.9604772610578,55.82432432432432,56.513513513513516,102,44,1,0.36512303261753626
203,129,-162.04131195740865,39.81395348837209,40.49612403100775,88,32,1,0.3632974174544486
204,289,-401.81946384706043,58.826989619377166,59.70934256055364,255,78,1,0.3614809303671764
205,155,-245.85345134041847,55.9741935483871,56.6,97,48,1,0.3596735257153405
206,131,-153.40113643841573,36.29007633587786,36.87022900763359,76,44,1,0.3578751580867638
207,300,-412.94776449791755,61.10333333333333,61.89666666666667,238,88,1,0.35608578229633
208,223,-328.2269115509134,57.46188340807175,58.33183856502242,194,61,1,0.3543053533848483
209,149,-180.1416888797396,41.442953020134226,42.26845637583892,123,36,1,0.35253382661792404
210,173,-215.93255353253164,46.25433526011561,46.96531791907515,123,52,1,0.3507711574848344
211,246,-405.1170393733122,70.28455284552845,71.1829268292683,221,66,1,0.34901730169741024
212,274,-280.8902180546645,44.64233576642336,45.45255474452555,222,75,1,0.3472722151889232
213,285,-367.084322901018,55.54736842105263,56.43859649122807,254,77,1,0.3455358541129786
214,275,-355.12922361720473,57.85090909090909,58.71636363636364,238,72,1,0.3438081748424137
215,238,-314.39532017418924,54.55042016806723,55.445378151260506,213,64,1,0.3420891339682016
216,424,-493.74734838612676,55.7688679245283,56.64150943396226,370,113,1,0.3403786882983606
217,188,-249.43150165495877,50.473404255319146,51.265957446808514,149,51,1,0.3386767948568688
218,202,-272.77877064116524,54.381188118811885,55.15841584158416,157,58,1,0.33698341088258443
219,231,-252.756877159434,43.82251082251082,44.63203463203463,187,61,1,0.3352984938281715
220,187,-288.4923893563845,57.8235294117647,58.54010695187166,134,49,1,0.33362200135903064
221,261,-307.1026611420082,52.47126436781609,53.44827586206897,255,64,1,0.33195389135223546
222,192,-207.80892187513984,41.786458333333336,42.588541666666664,154,50,1,0.3302941218954743
223,301,-375.6391184804975,59.08637873754153,60.053156146179404,291,74,1,0.32864265128599696
224,381,-419.3512521920844,51.58267716535433,52.53805774278215,364,88,1,0.326999438029567
225,195,-209.6120945221271,42.47692307692308,43.3948717948718,179,48,1,0.3253644408394192
226,180,-217.13466863052315,45.46111111111111,46.19444444444444,132,55,1,0.3237376186352221
227,170,-210.1127751487919,43.17058823529412,44.01764705882353,144,43,1,0.322118930542046
228,308,-475.878000292735,70.32142857142857,71.25649350649351,288,76,1,0.32050833588933575
229,242,-257.58256203966596,42.731404958677686,43.54132231404959,196,66,1,0.31890579420988907
230,172,-170.76538241228275,35.02906976744186,35.79651162790697,132,48,1,0.3173112652388396
231,163,-214.51171759979616,44.71165644171779,45.32515337423313,100,50,1,0.3157247089126454
232,216,-252.1000959036886,43.416666666666664,44.254629629629626,181,60,1,0.3141460853680822
233,144,-154.15325437211868,39.604166666666664,40.44444444444444,121,35,1,0.3125753549412418
234,368,-421.09870113232205,52.453804347826086,53.38586956521739,343,90,1,0.31101247816653554
235,145,-194.59081979190933,45.86206896551724,46.48275862068966,90,49,1,0.30945741577570285
236,191,-237.80227287683147,49.78534031413613,50.575916230366495,151,52,1,0.3079101286968243
237,228,-287.6941332034679,50.32017543859649,51.18859649122807,198,52,1,0.3063705780533402
238,348,-416.07606514877466,56.26724137931034,57.132183908045974,301,94,1,0.30483872516307353
239,278,-381.69558468906325,62.63309352517986,63.539568345323744,252,69,1,0.3033145315372582
240,243,-268.66596197433637,47.59670781893004,48.510288065843625,222,60,1,0.3017979588795719
241,334,-388.8521803193546,54.97604790419162,55.93413173652694,320,78,1,0.30028896908517405
242,196,-258.5209318364241,51.683673469387756,52.53061224489796,166,53,1,0.2987875242397482
243,311,-366.24633002659084,54.958199356913184,55.948553054662376,308,77,1,0.29729358661854943
244,498,-594.3157796950941,60.45582329317269,61.51807228915663,529,113,1,0.29580711868545667
245,124,-151.4401306581102,42.08870967741935,42.79838709677419,88,37,1,0.2943280830920294
246,132,-169.90611480763778,42.75757575757576,43.56060606060606,106,39,1,0.29285644267656924
247,177,-229.77988439388946,52.932203389830505,53.898305084745765,171,42,1,0.2913921604631864
248,173,-211.0168197193209,46.26011560693642,46.994219653179194,127,45,1,0.28993519966087045
249,222,-313.2657820203052,60.56306306306306,61.54504504504504,218,52,1,0.2884855236625661
250,167,-223.29237801353872,45.712574850299404,46.293413173652695,97,47,1,0.28704309604425327
251,164,-194.17477660294185,43.048780487804876,43.84146341463415,130,44,1,0.285607880564032
252,347,-384.25603926442955,55.512968299711815,56.472622478386164,333,85,1,0.28417984116121187
253,142,-162.60829178078063,40.429577464788736,41.20422535211268,110,38,1,0.2827589419554058
254,189,-250.3248469852275,49.67195767195767,50.333333333333336,125,58,1,0.28134514724562876
255,267,-399.95416599562054,64.50187265917603,65.32584269662921,220,65,1,0.2799384215094006
256,254,-275.2387245438979,47.145669291338585,47.94488188976378,203,62,1,0.27853872940185365
257,136,-162.87253208322477,40.06617647058823,40.955882352941174,121,34,1,0.27714603575484437
258,226,-289.44662238807894,52.84070796460177,53.676991150442475,189,55,1,0.2757603055760701
259,309,-350.34265670696993,51.62135922330097,52.48867313915858,268,75,1,0.2743815040481898
260,333,-480.0799916404238,66.03603603603604,67.01201201201201,325,77,1,0.2730095965279488
261,210,-283.8401533438017,55.10952380952381,55.9,166,57,1,0.27164454854530906
262,228,-271.4804526130973,51.61842105263158,52.43421052631579,186,57,1,0.2702863258025825
263,359,-412.17743207352714,53.47353760445682,54.4066852367688,335,85,1,0.2689348941735696
264,366,-346.4826466005088,45.18852459016394,46.12021857923497,341,81,1,0.26759021970270175
265,200,-225.90979379868156,41.94,42.695,151,53,1,0.2662522686041882
266,175,-205.73622118072967,43.30285714285714,43.988571428571426,120,49,1,0.2649210072611673
267,261,-303.28288275826844,49.984674329501914,50.98850574712644,262,57,1,0.26359640222486147
268,284,-268.2563202830719,38.29225352112676,39.12323943661972,236,74,1,0.26227842021373715
269,146,-186.06271043792913,45.705479452054796,46.35616438356164,95,39,1,0.2609670281126685
270,240,-231.7681951512077,41.65,42.46666666666667,196,62,1,0.25966219297210513
271,188,-173.88876656906916,33.59574468085106,34.36702127659574,145,46,1,0.2583638820072446
272,135,-159.0969119138556,44.06666666666667,44.87407407407407,109,33,1,0.2570720625972084
273,130,-166.35561697071557,42.61538461538461,43.52307692307692,118,32,1,0.25578670228422234
274,238,-321.664105719796,59.85294117647059,60.747899159663866,213,63,1,0.25450776877280124
275,234,-279.750475661731,48.047008547008545,48.876068376068375,194,65,1,0.2532352299289372
276,500,-490.84206631257086,49.268,50.298,515,118,0,0.2519690537792925
277,405,-502.26942749331204,59.71111111111111,60.693827160493825,398,98,1,0.2507092085103961
278,341,-421.92992125813817,57.645161290322584,58.62756598240469,335,82,1,0.2494556624678441
279,402,-451.85474555767416,56.35820895522388,57.3955223880597,417,92,1,0.24820838415550486
280,138,-165.4738371328259,37.84782608695652,38.471014492753625,86,44,1,0.24696734223472733
281,171,-221.455003890625,46.953216374269005,47.69590643274854,127,45,1,0.2457325055235537
282,243,-285.13182237356125,50.18518518518518,51.065843621399175,214,62,1,0.24450384299593592
283,234,-230.9653937551285,39.08974358974359,40.05555555555556,226,53,1,0.24328132378095624
284,96,-136.55934082264207,36.3125,36.8125,48,31,1,0.24206491716205145
285,209,-284.3344324727635,55.92822966507177,56.8755980861244,198,52,1,0.2408545925762412
286,406,-440.6423024703305,52.1871921182266,53.145320197044335,389,96,1,0.23965031961336
287,330,-380.033144437431,50.6030303030303,51.43030303030303,273,94,1,0.2384520680152932
288,348,-340.0394221848313,45.10057471264368,46.043103448275865,328,85,1,0.23725980767521673
289,468,-510.8193065787208,53.626068376068375,54.62179487179487,466,106,1,0.23607350863684065
290,223,-246.78517213886823,44.08520179372197,44.91031390134529,184,59,1,0.23489314109365644
291,124,-129.0645666924695,32.37096774193548,33.04838709677419,84,38,1,0.23371867538818816
292,220,-275.9352425211539,55.14545454545455,56.08181818181818,206,51,1,0.23255008201124722
293,313,-359.6340782361241,54.031948881789134,55.09584664536741,333,69,1,0.231387331601191
294,170,-197.71432769899843,39.582352941176474,40.38823529411765,137,36,1,0.23023039494318503
295,141,-153.38981844664204,34.56737588652482,35.09219858156028,74,43,1,0.2290792429684691
296,122,-175.31600399950764,48.91803278688525,49.76229508196721,103,27,1,0.22793384675362674
297,500,-625.7583853592581,63.654,64.766,556,104,1,0.22679417751985861
298,209,-208.0841089184496,39.01913875598086,39.770334928229666,157,53,1,0.22566020663225933
299,124,-143.68788897410457,35.604838709677416,36.21774193548387,76,37,1,0.22453190559909803
300,148,-163.3665637115812,40.21621621621622,41.04054054054054,122,36,1,0.22340924607110255
301,141,-172.32191049599987,39.234042553191486,40.11347517730496,124,32,1,0.22229219984074702
302,478,-621.326602685657,64.35146443514644,65.3347280334728,470,111,1,0.2211807388415433
303,435,-491.50020882164586,53.93103448275862,55.03908045977011,482,82,1,0.22007483514733558
304,273,-297.49643959833634,47.42857142857143,48.35897435897436,254,66,1,0.2189744609715989
305,364,-383.05995441323296,50.6978021978022,51.684065934065934,359,83,1,0.2178795886667409
306,219,-249.09960090247785,45.97260273972603,46.89954337899543,203,54,1,0.2167901907234072
307,500,-508.00419718844637,51.464,52.572,554,102,0,0.21570623976979014
308,335,-399.4366321315979,54.14029850746269,54.985074626865675,283,87,1,0.21462770857094118
309,500,-423.87234129684816,42.968,44.012,522,110,0,0.21355457002808648
310,231,-214.47136212677208,37.5974025974026,38.39393939393939,184,66,1,0.21248679717794605
311,500,-478.1288188482597,48.554,49.62,533,114,0,0.21142436319205632
312,374,-394.1833385700194,50.149732620320854,51.11497326203209,361,94,1,0.21036724137609603
313,500,-569.9570689668112,57.714,58.856,571,104,0,0.20931540516921554
314,500,-462.34815843451713,47.922,48.934,506,108,0,0.20826882814336947
315,387,-445.1928003072527,54.97674418604651,55.992248062015506,393,90,1,0.20722748400265262
316,475,-454.6808016888142,46.94736842105263,47.92842105263158,466,112,1,0.20619134658263935
317,353,-347.16255884101236,46.23512747875354,47.26062322946176,362,80,1,0.20516038984972615
318,286,-304.0637906726164,45.57342657342657,46.48601398601399,261,73,1,0.2041345879004775
319,222,-256.049164940707,44.48198198198198,45.450450450450454,215,52,1,0.2031139149609751
320,471,-425.08589813691606,45.45859872611465,46.496815286624205,489,101,1,0.20209834538617025
321,500,-403.06966365107166,40.964,42.018,527,110,0,0.2010878536592394
322,500,-480.84710655694425,50.854,51.96,553,103,0,0.2000824143909432
323,118,-141.2779997822347,34.59322033898305,35.33898305084746,88,35,1,0.19908200231898848
324,170,-174.15866586740015,35.27058823529412,36.00588235294118,125,42,1,0.19808659230739353
325,500,-462.2188677812385,48.096,49.156,530,103,0,0.19709615934585656
326,208,-241.82994910475225,48.27403846153846,49.30288461538461,214,45,1,0.19611067854912728
327,179,-218.836845603666,46.072625698324025,47.01675977653631,169,39,1,0.19513012515638165
328,313,-324.3157229808653,45.543130990415335,46.50479233226837,301,71,1,0.19415447453059972
329,500,-511.3805036559032,51.796,52.854,529,108,0,0.19318370215794672
330,284,-291.8279690999092,45.25352112676056,46.13732394366197,251,69,1,0.192217783647157
331,118,-137.23888181223754,32.16101694915254,32.80508474576271,76,34,1,0.1912566947289212
332,500,-502.7227323977363,53.074,54.2,563,97,0,0.1903004112552766
333,296,-273.8173936099516,40.1554054054054,41.057432432432435,267,68,1,0.18934890919900021
334,366,-370.3866911710378,46.91256830601093,47.887978142076506,357,82,1,0.18840216465300522
335,500,-448.4332908734252,45.328,46.452,562,99,0,0.18746015382974018
336,302,-310.2257977981892,47.311258278145694,48.37748344370861,322,66,1,0.1865228530605915
337,500,-395.2500090176346,39.32,40.378,529,110,0,0.18559023879528855
338,261,-287.79992162108033,49.00766283524904,49.969348659003835,251,61,1,0.1846622876013121
339,500,-483.9156332590999,47.708,48.764,528,107,0,0.18373897616330553
340,357,-344.97176173479454,44.80672268907563,45.86834733893557,379,80,1,0.182820281282489
341,194,-185.0341679578895,37.36082474226804,38.24226804123711,171,44,1,0.18190617987607657
342,232,-270.00327422209875,48.452586206896555,49.36206896551724,211,54,1,0.18099664897669618
343,235,-250.54848431404218,46.1531914893617,47.10212765957447,223,55,1,0.1800916657318127
344,500,-440.99498295181843,45.624,46.756,566,101,0,0.17919120740315364
345,252,-297.7156554342911,50.76984126984127,51.73412698412698,243,56,1,0.17829525136613786
346,359,-364.06623216063326,48.72701949860724,49.760445682451255,371,80,1,0.17740377510930716
347,473,-446.444980116107,46.708245243128964,47.72515856236787,481,113,1,0.17651675623376062
348,500,-485.78006485842093,49.786,50.884,549,105,0,0.1756341724525918
349,350,-317.61342225741976,40.78285714285714,41.808571428571426,359,78,1,0.17475600159032884
350,500,-402.9853974642824,40.96,42.008,524,116,0,0.17388222158237718
351,500,-455.84921031209,44.85,45.908,529,113,0,0.1730128104744653
352,214,-207.61172327121903,41.05140186915888,42.03738317757009,211,51,1,0.17214774642209296
353,473,-441.9956017033319,46.43763213530655,47.54334038054968,523,101,1,0.1712870076899825
354,146,-167.6586039922488,41.67123287671233,42.534246575342465,126,40,1,0.17043057265153258
355,147,-167.46227164044683,38.63945578231292,39.34013605442177,103,40,1,0.16957841978827493
356,500,-381.0309169319826,39.306,40.352,523,105,0,0.16873052768933355
357,500,-411.11960461163176,42.728,43.804,538,105,0,0.1678868750508869
358,392,-431.154301088769,51.20663265306123,52.244897959183675,407,84,1,0.16704744067563246
359,500,-456.25294550686226,47.052,48.092,520,107,0,0.1662122034722543
360,500,-489.28516697794566,51.202,52.368,583,98,0,0.16538114245489302
361,500,-412.3273787055101,43.006,44.066,530,107,0,0.16455423674261854
362,500,-460.9212922549867,47.59,48.646,528,108,0,0.16373146555890544
363,290,-260.1096813912246,40.10689655172414,41.148275862068964,302,56,1,0.16291280823111093
364,404,-354.240671030704,42.210396039603964,43.21534653465346,406,90,1,0.16209824418995536
365,500,-437.55175853614094,44.008,45.042,517,102,0,0.16128775296900558
366,500,-477.72975264695276,49.076,50.166,545,107,0,0.16048131420416054
367,204,-220.0390844519602,40.372549019607845,41.31372549019608,192,51,1,0.15967890763313974
368,500,-397.0528104137138,40.944,42.016,536,106,0,0.15888051309497406
369,268,-222.95370451244673,36.35820895522388,37.406716417910445,281,53,1,0.1580861105294992
370,283,-252.96440375270697,37.30742049469965,38.15194346289753,239,66,1,0.1572956799768517
371,393,-382.801249356373,47.85496183206107,48.8880407124682,406,80,1,0.15650920157696743
372,232,-218.8529563392077,40.0,40.883620689655174,205,54,1,0.1557266555690826
373,500,-413.299826227892,41.41,42.52,555,100,0,0.1549480222912372
374,367,-331.14620060486527,42.4141689373297,43.514986376021795,404,73,1,0.15417328217978102
375,294,-307.5688927921411,46.73809523809524,47.744897959183675,296,64,1,0.1534024157688821
376,427,-342.9657314879996,38.63934426229508,39.73770491803279,469,85,1,0.1526354036900377
377,500,-412.42333413498113,41.724,42.772,524,102,0,0.1518722266715875
378,478,-457.85499305827955,46.43096234309623,47.52510460251046,523,93,1,0.15111286553822956
379,205,-198.77484414951607,41.52682926829268,42.482926829268294,196,44,1,0.15035730121053842
380,500,-399.7159931671622,40.202,41.264,531,102,0,0.14960551470448571
381,500,-401.76630537863036,40.916,41.982,533,101,0,0.14885748713096328
382,490,-429.0856506363107,44.26122448979592,45.42040816326531,568,94,1,0.14811319969530845
383,251,-283.50246984513126,49.342629482071715,50.235059760956176,224,61,1,0.1473726336968319
384,436,-376.33501770624,42.772935779816514,43.86697247706422,477,82,1,0.14663577052834775
385,498,-418.5299888047124,42.144578313253014,43.19477911646587,523,98,1,0.14590259167570602
386,377,-394.50945657631075,48.59416445623342,49.657824933687,401,77,1,0.1451730787173275
387,473,-448.7483383885483,46.64270613107822,47.76321353065539,530,90,1,0.14444721332374086
388,376,-353.2241890442542,43.9468085106383,45.01063829787234,400,82,1,0.14372497725712216
389,488,-458.97247071857373,46.950819672131146,48.02459016393443,524,97,1,0.14300635237083656
390,500,-363.25099902005616,36.448,37.53,541,102,0,0.14229132060898236
391,500,-386.6712162012782,39.716,40.784,534,107,0,0.14157986400593744
392,101,-111.87401708685707,33.2970297029703,34.0,71,31,1,0.14087196468590776
393,500,-339.2457112750774,35.45,36.58,565,99,0,0.14016760486247823
394,377,-325.5565847979459,40.291777188328915,41.323607427055705,389,76,1,0.13946676683816583
395,500,-356.7626263875866,35.388,36.404,508,111,0,0.138769433003975
396,500,-436.71401316231913,45.82,46.96,570,95,0,0.13807558583895513
397,184,-191.85444134284,39.02173913043478,39.94021739130435,169,45,1,0.13738520790976036
398,197,-164.48982411806492,32.56345177664975,33.27918781725889,141,59,1,0.13669828187021155
399,321,-343.4830178514169,49.81619937694704,50.92211838006231,355,64,1,0.13601479046086049
400,165,-191.66376798692488,40.806060606060605,41.593939393939394,130,41,1,0.1353347165085562
401,422,-392.41965514393735,43.10663507109005,44.06872037914692,406,97,1,0.1346580429260134
402,125,-116.56462856762084,31.256,32.072,102,31,1,0.13398475271138335
403,500,-511.048726653725,52.698,53.764,533,97,0,0.13331482894782642
404,371,-311.94445675778184,40.04043126684636,41.094339622641506,391,77,1,0.13264825480308728
405,500,-430.05256291310843,41.618,42.728,555,93,0,0.13198501352907185
406,207,-199.59561253567733,37.38647342995169,38.29468599033817,188,51,1,0.1313250884614265
407,500,-364.8071558528652,36.476,37.596,560,99,0,0.13066846301911936
408,500,-394.7947241083673,39.93,41.036,553,97,0,0.13001512070402377
409,500,-422.9230247592244,42.518,43.662,572,92,0,0.12936504510050365
410,500,-375.8621370577987,39.908,41.044,568,95,0,0.12871821987500112
411,175,-165.72035794579335,34.94857142857143,35.84571428571429,157,39,1,0.12807462877562611
412,165,-175.86650183642985,36.624242424242425,37.35151515151515,120,47,1,0.12743425563174798
413,383,-275.78319213402517,32.6266318537859,33.58485639686684,367,88,1,0.12679708435358925
414,351,-298.0127359593321,38.87749287749288,39.8974358974359,358,76,1,0.1261630989318213
415,168,-182.01215072585558,39.458333333333336,40.267857142857146,136,43,1,0.1255322834371622
416,500,-425.19218155573924,43.944,45.118,587,86,0,0.12490462201997637
417,500,-379.654486714223,39.388,40.426,519,103,0,0.1242800989098765
418,157,-162.6250212678358,37.681528662420384,38.40764331210191,114,37,1,0.12365869841532712
419,468,-392.4528666174423,40.297008547008545,41.26282051282051,452,100,1,0.12304040492325048
420,203,-219.59487003386118,43.2807881773399,44.310344827586206,209,41,1,0.12242520289863423
421,224,-232.53262107910587,42.13392857142857,43.05357142857143,206,53,1,0.12181307688414106
422,500,-406.9070377739854,40.15,41.168,509,113,0,0.12120401149972035
423,409,-350.91517177592607,40.46699266503668,41.479217603911984,414,85,1,0.12059799144222175
424,157,-170.64175075489095,38.63057324840764,39.547770700636946,144,33,1,0.11999500148501063
425,415,-356.99390271713116,39.616867469879516,40.60481927710843,410,96,1,0.11939502647758558
426,429,-331.75845239533203,36.58508158508158,37.58741258741259,430,92,1,0.11879805134519765
427,431,-437.16438157751577,50.324825986078885,51.37354988399072,452,86,1,0.11820406108847166
428,264,-240.63878074762636,38.82954545454545,39.70075757575758,230,67,1,0.1176130407830293
429,201,-209.9266470360394,41.56716417910448,42.48756218905473,185,45,1,0.11702497557911415
430,441,-403.4524953665342,43.950113378684804,45.0,463,85,1,0.11643985070121858
431,203,-200.0727909266759,40.566502463054185,41.52709359605911,195,44,1,0.11585765144771248
432,159,-177.7822356496406,38.0251572327044,38.729559748427675,112,41,1,0.11527836319047392
433,500,-412.7992693515299,43.006,44.122,558,98,0,0.11470197137452155
434,282,-249.52609583110018,37.851063829787236,38.826241134751776,275,67,1,0.11412846151764894
435,213,-195.4323679070776,38.46948356807512,39.39906103286385,198,49,1,0.1135578192100607
436,445,-394.3013112315243,41.93033707865168,42.975280898876406,465,90,1,0.11299003011401039
437,500,-392.5026838276997,39.634,40.764,565,99,0,0.11242507996344034
438,409,-323.2585142704834,38.18826405867971,39.2078239608802,417,87,1,0.11186295456362313
439,500,-478.81463758525547,47.28,48.396,558,105,0,0.11130363979080501
440,500,-363.2619457609218,37.24,38.362,561,104,0,0.11074712159185099
441,500,-367.55460479310284,35.768,36.854,543,107,0,0.11019338598389174
442,500,-420.88353553831917,42.96,44.132,586,96,0,0.10964241905397228
443,500,-397.6424262206332,41.646,42.798,576,95,0,0.10909420695870241
444,245,-231.3971764287296,41.926530612244896,42.96326530612245,254,52,1,0.1085487359239089
445,391,-301.29370574883137,34.53708439897698,35.55498721227622,398,82,1,0.10800599224428936
446,196,-166.3551219695048,31.51530612244898,32.5,193,44,1,0.10746596228306791
447,358,-320.9386740115923,42.15642458100559,43.24860335195531,391,71,1,0.10692863247165257
448,500,-348.27991275100385,34.12,35.16,520,101,0,0.1063939893092943
449,138,-164.95655076940864,42.166666666666664,42.97826086956522,112,37,1,0.10586201936274783
450,292,-260.80619936848063,40.36986301369863,41.41438356164384,305,57,1,0.10533270926593409
451,381,-285.9400352649219,34.44619422572178,35.498687664041995,401,79,1,0.10480604571960442
452,500,-434.9054290200504,44.664,45.796,566,92,0,0.1042820154910064
453,125,-136.55859832082592,35.928,36.816,111,28,1,0.10376060541355137
454,500,-373.04248242436165,38.216,39.404,594,86,0,0.1032418023864836
455,217,-210.29717075730673,40.21658986175115,41.096774193548384,191,55,1,0.10272559337455119
456,500,-325.2633070142514,33.368,34.446,539,100,0,0.10221196540767843
457,500,-369.78402486810705,38.416,39.492,538,96,0,0.10170090558064004
458,500,-347.1443443503249,36.152,37.28,564,98,0,0.10119240105273684
459,500,-438.6133887393828,44.362,45.524,581,95,0,0.10068643904747315
460,393,-334.73569266148195,40.98727735368957,42.083969465648856,431,79,1,0.10018300685223579
461,239,-196.55021681827986,34.85355648535565,35.88702928870293,247,49,1,0.0996820918179746
462,500,-411.7706031211876,44.57,45.78,605,90,0,0.09918368135888474
463,500,-369.05983066293027,36.84,37.982,571,101,0,0.09868776295209031
464,248,-207.97154775222612,33.78225806451613,34.685483870967744,224,61,1,0.09819432413732986
465,500,-315.1568998451255,32.344,33.484,570,90,0,0.09770335251664321
466,500,-353.3467069489218,35.834,36.948,557,101,0,0.09721483575406
467,118,-119.83440411564914,31.889830508474578,32.601694915254235,84,28,1,0.09672876157528969
468,500,-354.4924795886502,36.72,37.796,538,100,0,0.09624511776741324
469,316,-260.8230526058385,37.20886075949367,38.27215189873418,336,64,1,0.09576389217857617
470,500,-371.312629223298,36.856,38.012,578,95,0,0.09528507271768329
471,500,-363.55952128717354,37.728,38.872,572,98,0,0.09480864735409487
472,463,-335.00509695860217,35.38228941684665,36.524838012958966,529,87,1,0.0943346041173244
473,500,-378.3228334623475,39.882,40.98,549,97,0,0.09386293109673778
474,500,-347.4137486474451,36.858,38.024,583,89,0,0.09339361644125409
475,480,-395.6039270021495,40.954166666666666,42.104166666666664,552,88,1,0.09292664835904782
476,500,-354.8634983111283,36.012,37.128,558,97,0,0.09246201511725258
477,211,-190.10120965641283,36.73933649289099,37.71090047393365,205,43,1,0.09199970504166631
478,500,-349.26206951122447,36.86,38.006,573,91,0,0.09153970651645797
479,500,-405.8510665666304,39.46,40.568,554,103,0,0.09108200798387568
480,500,-349.3692191821665,35.712,36.832,560,97,0,0.0906265979439563
481,161,-148.74299392934074,36.515527950310556,37.49689440993789,158,35,1,0.09017346495423652
482,500,-323.7016149358582,33.098,34.142,522,102,0,0.08972259762946533
483,500,-341.12885236629666,32.252,33.362,555,91,0,0.089273984641318
484,500,-315.662496965861,32.454,33.544,545,104,0,0.0888276147181114
485,500,-335.28495299537724,35.718,36.822,552,103,0,0.08838347664452084
486,272,-218.6733534744609,32.99264705882353,33.95955882352941,263,56,1,0.08794155926129824
487,500,-349.7397429034338,36.434,37.588,577,96,0,0.08750185146499175
488,500,-305.5001185893801,30.876,31.982,553,106,0,0.08706434220766679
489,500,-297.1069588845654,30.588,31.698,555,96,0,0.08662902049662846
490,500,-325.80322936121604,31.542,32.73,594,91,0,0.08619587539414532
491,264,-196.15693336316247,31.647727272727273,32.625,258,63,1,0.08576489601717459
492,500,-365.4029256568822,35.688,36.836,574,88,0,0.08533607153708872
493,500,-352.4814090974819,36.196,37.32,562,94,0,0.08490939117940327
494,258,-208.84742109362355,35.201550387596896,36.30232558139535,284,46,1,0.08448484422350626
495,436,-374.2117572997563,41.66743119266055,42.76146788990825,477,87,1,0.08406242000238873
496,500,-354.1217083667775,36.618,37.752,567,94,0,0.08364210790237678
497,500,-305.7077689329558,31.542,32.6,529,99,0,0.0832238973628649
498,500,-361.9695342293461,37.968,39.158,595,85,0,0.08280777787605056
499,500,-350.3639314371877,34.782,35.882,550,102,0,0.08239373898667031
500,476,-325.5054063343589,33.4390756302521,34.59243697478992,549,77,1,0.08198177029173696
501,390,-346.8086408564975,41.646153846153844,42.723076923076924,420,72,1,0.08157186144027828
502,500,-321.7525458988398,32.0,33.08,540,100,0,0.0811640021330769
503,407,-287.6476237333462,33.08353808353808,34.20884520884521,458,83,1,0.08075818212241151
504,500,-336.20130556010145,33.912,35.032,560,94,0,0.08035439121179945
505,275,-218.81900236388663,34.70909090909091,35.77818181818182,294,49,1,0.07995261925574046
506,228,-192.76414490925583,33.80701754385965,34.81140350877193,229,46,1,0.07955285615946175
507,207,-186.09604566173675,34.48792270531401,35.28502415458937,165,52,1,0.07915509187866444
508,500,-442.2584807524464,47.17,48.33,580,84,0,0.07875931641927113
509,500,-372.8344608298779,38.698,39.854,578,84,0,0.07836551983717477
510,500,-324.2128710524805,33.03,34.084,527,97,0,0.07797369223798889
511,500,-339.79695161381574,33.512,34.628,558,86,0,0.07758382377679894
512,500,-331.5948365158242,33.148,34.248,550,92,0,0.07719590465791494
513,500,-297.2533502758073,29.748,30.766,509,102,0,0.07680992513462537
514,500,-311.854036573895,30.916,32.024,554,90,0,0.07642587550895225
515,500,-308.2192725501835,30.728,31.83,551,93,0,0.07604374613140748
516,500,-347.1053501306304,35.202,36.326,562,80,0,0.07566352740075044
517,500,-318.1229458698044,33.024,34.192,584,89,0,0.07528520976374668
518,500,-337.3468306992245,35.398,36.592,597,75,0,0.07490878371492794
519,500,-318.09539339218634,31.502,32.646,572,86,0,0.0745342397963533
520,126,-145.62551626904656,41.34920634920635,42.20634920634921,108,31,1,0.07416156859737154
521,500,-296.876425056837,31.184,32.264,540,99,0,0.07379076075438468
522,500,-327.9434667553603,32.204,33.34,568,92,0,0.07342180695061275
523,500,-372.953175993199,36.594,37.732,569,93,0,0.07305469791585968
524,500,-303.4666596152698,30.144,31.266,561,94,0,0.07268942442628039
525,500,-267.5070150882939,27.238,28.304,533,102,0,0.07232597730414898
526,500,-302.4944595934933,30.966,32.1,567,93,0,0.07196434741762824
527,500,-313.7353214105739,33.076,34.146,535,100,0,0.0716045256805401
528,500,-319.4152336510774,32.642,33.752,555,97,0,0.0712465030521374
529,500,-300.20783080810713,31.344,32.422,539,98,0,0.0708902705368767
530,500,-370.6207802395073,39.238,40.422,592,85,0,0.07053581918419231
531,500,-310.01653870067855,32.09,33.23,570,98,0,0.07018314008827135
532,500,-322.0282279433603,30.828,31.926,549,102,0,0.06983222438783
533,500,-257.8052093660591,25.94,27.034,547,100,0,0.06948306326589085
534,500,-323.56654153639,33.672,34.838,583,93,0,0.0691356479495614
535,500,-296.8037243624268,30.12,31.306,593,92,0,0.06878996970981359
536,500,-331.8582105661495,35.066,36.178,556,88,0,0.06844601986126451
537,201,-145.26593928864486,25.880597014925375,26.64676616915423,154,50,1,0.06810378976195819
538,500,-338.94284800384685,33.896,35.12,612,81,0,0.0677632708131484
539,500,-279.91665677955837,28.548,29.658,555,96,0,0.06742445445908266
540,500,-325.5550997943136,34.294,35.43,568,90,0,0.06708733218678724
541,500,-373.63812847807594,37.846,39.0,577,85,0,0.0667518955258533
542,500,-299.2082020590152,30.274,31.354,540,92,0,0.06641813604822402
543,500,-334.4928508395583,35.528,36.728,600,87,0,0.0660860453679829
544,500,-289.44993012821465,29.846,30.908,531,100,0,0.06575561514114299
545,500,-303.6855042003165,30.882,32.004,561,88,0,0.06542683706543727
546,500,-246.04152593997708,25.004,25.994,495,105,0,0.06509970288011008
547,500,-316.2016768110095,32.776,33.964,594,87,0,0.06477420436570952
548,500,-334.5099515775215,34.864,36.018,577,84,0,0.06445033334388098
549,500,-289.25347402611,29.292,30.41,559,85,0,0.06412808167716157
550,500,-294.55117330266444,29.434,30.564,565,91,0,0.06380744126877576
551,500,-284.15801359784973,29.194,30.28,543,93,0,0.06348840406243188
552,500,-328.3416667045484,34.174,35.286,556,98,0,0.06317096204211972
553,500,-290.22493154607037,30.532,31.712,590,90,0,0.06285510723190912
554,500,-299.219891301697,28.918,30.05,566,95,0,0.06254083169574957
555,500,-287.78724237597703,29.108,30.236,564,92,0,0.062228127537270826
556,500,-270.9900999757847,27.376,28.48,552,93,0,0.06191698689958447
557,500,-313.90422503506045,31.936,33.098,581,88,0,0.061607401965086545
558,500,-293.1186481272472,29.228,30.394,583,85,0,0.06129936495526111
559,243,-190.10096215580745,33.23456790123457,34.20987654320987,237,48,1,0.0609928681304848
560,500,-304.85465532540843,29.12,30.244,562,94,0,0.060687903789832374
561,500,-293.50590133556966,30.376,31.508,566,95,0,0.06038446427088321
562,500,-342.55559479552437,32.866,34.006,570,78,0,0.06008254194952879
563,500,-257.1423978635188,25.614,26.718,552,93,0,0.05978212923978115
564,500,-294.19134882165736,30.156,31.352,598,87,0,0.05948321859358224
565,500,-289.62990424386953,29.28,30.336,528,97,0,0.05918580250061433
566,500,-286.1069588845654,30.528,31.698,585,90,0,0.058889873488111255
567,500,-279.3545934502571,29.23,30.422,596,84,0,0.058595424120670696
568,500,-255.35545970237592,26.83,27.93,550,91,0,0.05830244700006734
569,500,-270.9002985434113,27.102,28.232,565,85,0,0.058010934765067
570,500,-285.7590711468455,29.328,30.47,571,96,0,0.05772088009124167
571,500,-272.14768560849757,26.544,27.668,562,86,0,0.05743227569078546
572,500,-308.6013617638299,30.408,31.638,615,84,0,0.05714511431233153
573,500,-271.1475618581949,26.936,28.024,544,96,0,0.05685938874076987
574,500,-299.6750524606616,28.564,29.748,592,86,0,0.056575091797066025
575,500,-290.9165330292557,28.862,30.014,576,88,0,0.056292216338080694
576,500,-282.0962596443052,29.004,30.154,575,92,0,0.05601075525639029
577,500,-244.04152593997708,24.842,25.994,576,89,0,0.05573070148010834
578,500,-248.3895374279997,25.718,26.866,574,88,0,0.0554520479727078
579,500,-273.54600930798836,28.106,29.258,576,91,0,0.05517478773284426
580,500,-398.3623226832527,39.304,40.51,603,82,0,0.05489891379418004
581,500,-314.5052825840562,32.1,33.288,594,91,0,0.05462441922520914
582,500,-278.5401028114961,28.904,30.088,592,87,0,0.0543512971290831
583,500,-251.2208813041185,26.068,27.202,567,86,0,0.05407954064343768
584,500,-291.42766539557533,29.178,30.312,567,91,0,0.05380914294022049
585,500,-274.70347119039855,27.668,28.802,567,95,0,0.05354009722551939
586,500,-252.42927414951032,24.562,25.684,561,89,0,0.05327239673939179
587,500,-286.1972553181496,29.47,30.522,526,96,0,0.053006034755694834
588,500,-286.8097546092217,28.986,30.12,567,91,0,0.052741004581916356
589,500,-267.4056481635414,27.872,29.004,566,93,0,0.052477299559006776
590,172,-155.153130621816,33.9593023255814,34.895348837209305,161,34,1,0.052214913061211746
591,500,-316.258266769878,31.66,32.784,562,84,0,0.05195383849590569
592,500,-250.8165273578328,25.648,26.798,575,87,0,0.05169406930342616
593,500,-268.13649136702657,26.414,27.548,567,88,0,0.05143559895690903
594,112,-109.5539293273606,28.071428571428573,28.901785714285715,93,22,1,0.051178420962124486
595,500,-285.9725042366107,29.42,30.614,597,84,0,0.05092252885731386
596,500,-296.5792207814933,29.618,30.686,534,98,0,0.05066791621302729
597,500,-276.6467574812274,29.194,30.338,572,80,0,0.05041457663196215
598,500,-263.59694027097,27.028,28.196,584,87,0,0.050162503748802344
599,500,-304.6404797338271,31.122,32.236,557,88,0,0.049911691230058335
600,500,-303.5503070505456,31.822,33.056,617,81,0,0.04966213277390804
601,500,-271.911616535185,26.934,27.996,531,89,0,0.0494138221100385
602,500,-259.09159065083986,26.352,27.424,536,95,0,0.04916675299948831
603,200,-161.68677522138034,29.5,30.465,193,38,1,0.04892091923449087
604,500,-283.08543665374225,27.798,28.966,584,85,0,0.04867631463831842
605,500,-311.42729414466726,30.21,31.38,585,84,0,0.048432933065126825
606,500,-367.3738881756318,38.308,39.562,627,82,0,0.048190768399801194
607,500,-283.48966684972527,28.532,29.726,597,88,0,0.04794981455780219
608,500,-259.5242395765598,26.07,27.238,584,93,0,0.04771006548501318
609,500,-307.75820489472665,31.852,32.962,555,93,0,0.047471515157588115
610,500,-252.14793310910295,25.836,26.956,560,95,0,0.047234157581800176
611,112,-109.27283578755862,30.625,31.401785714285715,87,28,1,0.046997986793891174
612,500,-263.0352481925768,26.854,27.892,519,100,0,0.04676299685992172
613,500,-278.6302754947776,28.086,29.268,591,88,0,0.04652918187562211
614,500,-306.2866854996149,30.638,31.838,600,86,0,0.046296535966244
615,500,-318.38718617224856,32.456,33.63,587,86,0,0.046065053286412784
616,500,-280.4391071376517,28.518,29.72,601,84,0,0.04583472801998072
617,500,-310.7302811662005,31.26,32.484,612,82,0,0.045605554379880814
618,500,-254.6814539583646,26.382,27.494,556,89,0,0.04537752660798141
619,500,-276.5853747785909,27.932,29.144,606,87,0,0.0451506389749415
620,500,-340.76791413256535,36.13,37.354,612,81,0,0.044924885780066794
621,500,-273.97927698522176,26.124,27.292,584,82,0,0.04470026135116646
622,500,-277.15284960317365,27.866,28.974,554,87,0,0.04447676004441063
623,500,-239.06957341880593,25.028,26.116,544,85,0,0.04425437624418858
624,500,-248.5805820348229,25.63,26.77,570,94,0,0.04403310436296763
625,500,-339.67798894988925,36.226,37.462,618,78,0,0.043812938841152796
626,500,-303.8034768618214,30.86,32.018,579,89,0,0.04359387414694703
627,500,-274.55707979915667,28.582,29.734,576,90,0,0.043375904776212296
628,500,-275.9335100169162,28.52,29.66,570,88,0,0.043159025252331236
629,500,-291.7702653883165,29.426,30.59,582,88,0,0.04294323012606958
630,500,-283.3042812387889,28.54,29.704,582,90,0,0.04272851397543923
631,500,-256.02454895231654,25.236,26.348,556,96,0,0.04251487140556204
632,500,-321.7073976820477,32.566,33.668,551,90,0,0.04230229704853423
633,500,-267.4056481635414,27.854,29.004,575,83,0,0.04209078556329156
634,500,-279.17523808611566,28.074,29.214,570,88,0,0.0418803316354751
635,500,-278.15297335347634,27.47,28.618,574,89,0,0.041670929977297724
636,500,-274.46740211708595,27.928,29.13,601,83,0,0.04146257532741124
637,500,-276.23133304377336,28.342,29.458,558,84,0,0.04125526245077418
638,500,-269.73730141541694,27.322,28.45,564,82,0,0.04104898613852031
639,500,-260.4007316694707,25.872,26.986,557,94,0,0.04084374120782771
640,500,-317.92648976769976,32.512,33.694,591,86,0,0.04063952250178857
641,500,-272.0746136631793,26.624,27.778,577,89,0,0.04043632488927963
642,500,-274.46715461648057,28.696,29.842,573,91,0,0.04023414326483323
643,500,-215.25029003627697,22.312,23.408,548,89,0,0.040032972548509065
644,500,-288.77051288892187,28.764,29.878,557,78,0,0.03983280768576652
645,500,-239.68773170576492,24.474,25.596,561,90,0,0.03963364364733769
646,500,-277.0399171860421,29.474,30.622,574,83,0,0.039435475429100995
647,500,-231.85060508345657,24.61,25.734,562,88,0,0.03923829805195549
648,500,-264.31043523588653,27.026,28.162,568,87,0,0.03904210656169572
649,500,-246.44625113717086,24.246,25.33,542,84,0,0.03884689602888724
650,500,-295.0063344616291,29.07,30.262,596,80,0,0.0386526615487428
651,500,-222.64910873697852,22.466,23.574,554,91,0,0.03845939824099909
652,500,-287.1294711178101,30.406,31.582,588,83,0,0.03826710124979409
653,500,-255.93437626903506,26.024,27.168,572,88,0,0.038075765743545126
654,500,-239.33922521653153,25.026,26.148,561,83,0,0.0378853869148274
655,500,-248.00781946526138,24.864,25.99,563,90,0,0.03769595998025326
656,500,-227.22199505684273,22.928,23.998,535,95,0,0.03750748018035199
657,500,-240.93462376964044,25.3,26.456,578,85,0,0.037319942779450235
658,500,-263.57479928863336,26.048,27.244,598,87,0,0.037133343065552986
659,500,-250.5867360319205,24.128,25.228,550,94,0,0.03694767635022522
660,500,-293.5680265400223,29.452,30.566,557,88,0,0.036762937968474095
661,500,-244.37883818773946,24.172,25.322,575,90,0,0.03657912327863173
662,500,-253.8387920904721,26.29,27.394,552,94,0,0.036396227662238566
663,500,-323.6179675005824,31.18,32.352,586,94,0,0.03621424652392737
664,500,-268.3721891894311,27.154,28.288,567,90,0,0.036033175291307735
665,352,-215.58896353736895,25.670454545454547,26.732954545454547,374,65,1,0.03585300941485119
666,500,-258.82218635371964,25.552,26.68,564,91,0,0.035673744367776934
667,500,-250.05850292763762,24.554,25.64,543,88,0,0.03549537564593805
668,500,-287.1407891095838,30.118,31.346,614,86,0,0.035317898767708356
669,500,-262.5804582845202,26.012,27.126,557,91,0,0.03514130927386981
670,500,-247.407009416871,23.976,25.088,556,84,0,0.03496560272750046
671,500,-244.77740938783563,25.058,26.2,571,91,0,0.03479077471386296
672,500,-246.10315614321894,25.294,26.476,591,89,0,0.03461682084029365
673,500,-265.3892899273943,26.386,27.578,596,83,0,0.034443736736092176
674,500,-214.8626655770464,22.274,23.362,544,100,0,0.034271518052411715
675,500,-255.6141647592359,25.958,27.13,586,88,0,0.034100160462149656
676,500,-258.63114174689645,25.656,26.776,560,89,0,0.03392965965983891
677,500,-253.74308416160648,26.756,27.976,610,86,0,0.033760011361539714
678,500,-243.31117773770268,24.904,26.026,561,87,0,0.03359121130473201
679,500,-271.8214438519035,27.668,28.816,574,90,0,0.033423255248208356
680,500,-240.6541489813519,24.108,25.236,564,81,0,0.03325613897196732
681,500,-232.5532770578102,23.372,24.512,570,80,0,0.03308985827710748
682,500,-232.54737056131796,24.216,25.342,563,84,0,0.032924408985721944
683,500,-219.83474184852025,21.798,22.884,543,88,0,0.03275978694079333
684,500,-232.49668709894172,24.578,25.692,557,86,0,0.032595988006089364
685,500,-235.10918639001386,24.132,25.29,579,78,0,0.032433008066058915
686,500,-240.10931014031655,23.792,24.934,571,88,0,0.03227084302572862
687,500,-280.2769762617762,26.404,27.446,521,91,0,0.032109488810599975
688,500,-238.73263242195162,24.514,25.72,603,80,0,0.031948941366546975
689,500,-288.50602508587235,29.874,31.152,639,73,0,0.03178919665971424
690,500,-246.10315614321894,25.32,26.476,578,82,0,0.03163025067641567
691,500,-282.0175287031001,29.194,30.382,594,81,0,0.03147209942303359
692,500,-233.54761806192334,23.484,24.63,573,82,0,0.03131473892591842
693,500,-268.7263546745513,26.454,27.618,582,79,0,0.031158165231288826
694,500,-253.12025688118217,24.57,25.766,598,80,0,0.03100237440513238
695,500,-217.9525907597225,22.134,23.254,560,91,0,0.030847362533106718
696,500,-250.48512160656264,25.554,26.64,543,93,0,0.030693125720441184
697,500,-228.42398640453155,23.538,24.734,598,85,0,0.030539660091838977
698,500,-221.73891016935193,22.656,23.822,583,88,0,0.03038696179137978
699,500,-248.65340647953576,26.146,27.372,613,80,0,0.030235026982422884
700,500,-259.2372395402656,27.458,28.628,585,84,0,0.030083851847510768
701,500,-236.94114901764613,22.722,23.846,562,85,0,0.029933432588273214
702,500,-211.74494041614685,21.496,22.636,570,79,0,0.029783765425331846
703,500,-230.5643475489785,23.896,24.988,546,92,0,0.029634846598205186
704,500,-231.51391158720764,23.566,24.626,530,97,0,0.02948667236521416
705,500,-257.78319213402517,24.558,25.726,584,86,0,0.029339239003388088
706,500,-259.8277215993038,25.758,26.918,580,86,0,0.029192542808371146
707,500,-262.9513532566956,25.686,26.814,564,88,0,0.02904658009432929
708,500,-237.08679790707185,23.888,25.05,581,85,0,0.028901347193857643
709,500,-251.04718493586392,24.698,25.876,589,90,0,0.028756840457888354
710,500,-264.89439204691905,27.952,29.062,555,85,0,0.02861305625559891
711,500,-224.098734650359,21.908,23.034,563,90,0,0.028469990974320916
712,500,-267.4057719138441,27.52,28.648,564,92,0,0.02832764101944931
713,500,-249.02467270261923,24.818,25.992,587,90,0,0.028186002814352063
714,500,-240.23269429710297,24.344,25.542,599,85,0,0.0280450728002803
715,500,-271.467773367994,26.9,28.062,581,83,0,0.0279048474362789
716,500,-242.03586694409023,24.92,26.112,596,88,0,0.027765323199097504
717,500,-253.4121734115471,25.25,26.394,572,85,0,0.027626496583102015
718,500,-244.94040651582998,24.806,25.982,588,81,0,0.027488364100186506
719,500,-259.7826971328144,26.006,27.15,572,84,0,0.027350922279685573
720,500,-220.81210586497286,22.202,23.356,577,88,0,0.027214167668287145
721,500,-244.22125255502658,24.958,26.134,588,85,0,0.02707809682994571
722,500,-241.59227127750466,24.316,25.466,575,84,0,0.02694270634579598
723,500,-234.42411015483424,23.252,24.378,563,90,0,0.026807992814067
724,500,-274.52362082504635,27.892,29.018,563,93,0,0.026673952849996664
725,500,-306.6012380135272,30.794,31.994,600,87,0,0.02654058308574668
726,500,-259.9961302225796,26.134,27.294,580,86,0,0.026407880170317945
727,500,-256.5132928356942,25.292,26.406,557,90,0,0.026275840769466357
728,500,-269.56864529153574,27.592,28.786,597,88,0,0.026144461565619025
729,350,-232.56558505200542,29.577142857142857,30.611428571428572,362,64,1,0.02601373925779093
730,500,-347.88010404788076,36.662,37.842,590,82,0,0.025883670561501974
731,500,-253.36161369947354,25.264,26.388,562,78,0,0.025754252208694463
732,500,-234.19898782238727,24.378,25.538,580,83,0,0.02562548094765099
733,500,-287.9725042366107,29.514,30.614,550,86,0,0.025497353542912736
734,500,-242.54724681101527,24.568,25.698,565,76,0,0.02536986677519817
735,500,-229.5530295572048,24.074,25.224,575,85,0,0.02524301744132218
736,500,-254.6140410089332,26.32,27.486,583,81,0,0.025116802354115567
737,500,-222.12099938299832,22.6,23.63,515,91,0,0.024991218342344988
738,500,-232.13194612386394,23.332,24.462,565,87,0,0.024866262250633264
739,500,-221.27280226952166,22.18,23.292,556,90,0,0.024741930939380097
740,500,-244.373426692458,23.662,24.728,533,103,0,0.024618221284683196
741,500,-281.871632313069,28.68,29.89,605,81,0,0.02449513017825978
742,500,-257.771255390738,26.524,27.742,609,84,0,0.02437265452736848
743,500,-223.51403533751034,23.122,24.27,574,89,0,0.024250791254731636
744,500,-210.694504454376,21.212,22.274,531,91,0,0.024129537298457977
745,500,-268.19271007498696,26.222,27.436,607,85,0,0.024008889611965685
746,500,-259.5690165424438,26.54,27.718,589,84,0,0.023888845163905856
747,500,-231.2274065521242,23.402,24.592,595,87,0,0.023769400938086327
748,500,-244.4971821001525,23.134,24.268,567,85,0,0.023650553933395897
749,500,-203.40812316959523,20.808,21.884,538,92,0,0.023532301163728918
750,500,-237.0698209194113,24.22,25.404,592,82,0,0.023414639657910272
751,500,-229.744074164028,23.906,25.128,611,83,0,0.023297566459620722
752,500,-228.87939506410157,22.574,23.72,573,89,0,0.023181078627322618
753,500,-208.36322245340853,20.686,21.76,537,91,0,0.023065173234186005
754,500,-228.28374901038728,22.958,24.124,583,86,0,0.022949847368015076
755,500,-213.5707490466815,21.606,22.734,564,86,0,0.022835098131175
756,500,-248.27168851679744,25.32,26.496,588,89,0,0.022720922640519125
757,500,-233.23281804740566,24.038,25.186,574,85,0,0.02260731802731653
758,500,-220.9188842850068,22.096,23.25,577,85,0,0.022494281437179946
759,500,-198.70090595207898,18.928,20.02,546,91,0,0.022381810029994047
760,500,-224.58144828694174,23.136,24.278,571,87,0,0.022269900979844076
761,500,-230.6543964819573,23.338,24.524,593,82,0,0.022158551474944856
762,500,-229.92983102587243,22.922,24.082,580,89,0,0.022047758717570132
763,500,-209.21683106216665,21.55,22.692,571,81,0,0.021937519923982282
764,500,-241.40663816596293,25.014,26.156,571,84,0,0.021827832324362372
765,500,-256.0864266561638,24.98,26.118,569,84,0,0.02171869316274056
766,500,-228.41894616015816,21.968,23.072,552,85,0,0.021610099696926857
767,500,-272.1473143575895,27.576,28.736,580,76,0,0.021502049198442223
768,500,-214.0989821509644,21.188,22.322,567,89,0,0.021394538952450012
769,500,-221.42976915072109,23.144,24.26,558,89,0,0.02128756625768776
770,500,-216.70532744493892,22.318,23.462,572,78,0,0.021181128426399323
771,500,-215.80066412289648,22.83,23.948,559,86,0,0.021075222784267326
772,500,-222.2724310186136,23.188,24.36,586,76,0,0.020969846670345987
773,500,-261.91801803288797,24.564,25.742,589,77,0,0.020864997436994256
774,500,-222.91297778851458,22.92,24.08,580,85,0,0.020760672449809284
775,500,-197.59350878053158,20.804,21.906,551,75,0,0.020656869087560238
776,500,-255.68698920394877,26.54,27.732,596,84,0,0.020553584742122436
777,500,-236.74985691021755,23.496,24.654,579,79,0,0.020450816818411825
778,500,-230.39618642630808,22.82,23.9,540,86,0,0.020348562734319765
779,500,-221.14338786594033,22.728,23.87,571,83,0,0.020246819920648168
780,500,-253.68711295425146,26.146,27.376,615,81,0,0.020145585821044927
781,500,-207.52043683521333,20.844,22.016,586,74,0,0.020044857891939702
782,500,-213.43567564721332,22.278,23.43,576,82,0,0.019944633602480003
783,500,-221.6269677546419,21.502,22.622,560,83,0,0.019844910434467605
784,500,-254.704089941912,25.806,27.022,608,78,0,0.019745685882295267
785,500,-237.0751086643901,25.156,26.354,599,76,0,0.01964695745288379
786,500,-231.74973315991485,23.79,25.01,610,78,0,0.01954872266561937
787,500,-194.7005347011709,20.014,21.088,537,77,0,0.019450979052291272
788,500,-275.89426829661636,28.16,29.418,629,78,0,0.019353724157029815
789,500,-227.78356338493325,23.456,24.658,601,79,0,0.019256955536244666
790,500,-256.4956970965202,27.332,28.54,604,75,0,0.019160670758563442
791,500,-226.99699647469845,23.602,24.802,600,84,0,0.019064867404770626
792,500,-220.41869865955277,22.63,23.784,577,82,0,0.018969543067746772
793,500,-218.08188141300116,21.89,23.032,571,82,0,0.018874695352408037
794,500,-245.64270723927552,24.71,25.828,559,83,0,0.018780321875645996
795,500,-263.2543402782288,26.778,27.918,570,84,0,0.018686420266267767
796,500,-237.4520338833604,23.768,24.856,544,88,0,0.018592988164936427
797,500,-281.5515445535725,28.254,29.496,621,76,0,0.018500023224111744
798,500,-219.17721809095872,22.408,23.518,555,84,0,0.018407523107991184
799,500,-234.7218094313887,23.394,24.532,569,82,0,0.01831548549245123
800,500,-234.18791733121896,23.922,25.062,570,84,0,0.018223908064988973
801,500,-223.25041378657966,21.894,23.052,579,82,0,0.018132788524664028
802,500,-211.45314763608462,20.596,21.652,528,82,0,0.018042124582040707
803,500,-215.43567564721332,22.286,23.43,572,80,0,0.017951913959130504
804,500,-212.68884545848914,21.262,22.392,565,81,0,0.01786215438933485
805,500,-259.1872985797055,25.632,26.842,605,78,0,0.017772843617388175
806,500,-268.0688309169898,27.056,28.252,598,77,0,0.017683979399301233
807,500,-250.32778347445515,25.558,26.74,591,78,0,0.017595559502304726
808,500,-249.3671489450577,25.388,26.626,619,81,0,0.0175075817047932
809,500,-209.00918071859098,21.012,22.074,531,92,0,0.017420043796269234
810,500,-220.1998540745061,21.906,23.046,570,81,0,0.017332943577287888
811,500,-241.9238007790775,24.084,25.268,592,82,0,0.01724627885940145
812,500,-227.50862384222887,22.526,23.676,575,83,0,0.017160047465104442
813,500,-231.1825058359375,23.322,24.468,573,80,0,0.01707424722777892
814,500,-204.68896920879183,20.946,22.036,545,83,0,0.016988875991640028
815,500,-247.70458494312277,24.458,25.598,570,81,0,0.016903931611681827
816,500,-254.31671298328683,25.034,26.264,615,78,0,0.01681941195362342
817,500,-220.66620947494175,21.76,22.864,552,86,0,0.016735314893855303
818,500,-216.84581233968856,22.22,23.36,570,78,0,0.016651638319386028
819,500,-239.81136336315672,24.248,25.492,622,81,0,0.0165683801277891
820,500,-219.39052743042123,22.912,24.018,553,90,0,0.016485538227150154
821,500,-231.85725408176495,21.706,22.768,531,90,0,0.0164031105360144
822,500,-232.3061374933293,23.206,24.364,579,86,0,0.01632109498333433
823,500,-227.60974326637597,22.51,23.688,589,89,0,0.016239489508417658
824,500,-209.45265263487386,21.92,23.076,578,87,0,0.01615829206087557
825,500,-241.80558061696718,24.806,25.966,580,85,0,0.01607750060057119
826,500,-272.7986841180534,28.354,29.644,645,78,0,0.015997113097568336
827,500,-274.4730611129728,27.808,29.012,602,80,0,0.015917127532080494
828,500,-273.4052769126333,28.884,30.072,594,77,0,0.01583754189442009
829,500,-226.46347562543679,23.138,24.264,563,84,0,0.01575835418494799
830,500,-246.7892223808201,23.464,24.54,538,90,0,0.01567956241402325
831,500,-224.22211880714542,22.554,23.642,544,83,0,0.015601164601953134
832,500,-258.33873021532077,26.382,27.572,595,81,0,0.015523158778943369
833,500,-245.29444825064752,24.494,25.668,587,85,0,0.015445542985048652
834,500,-219.46384687634486,22.108,23.196,544,90,0,0.015368315270123408
835,500,-264.8103733607352,27.102,28.34,619,78,0,0.01529147369377279
836,500,-192.386229687864,19.138,20.22,541,86,0,0.015215016325303928
837,500,-201.05986418096722,20.596,21.724,564,86,0,0.015138941243677408
838,500,-239.94606551171682,24.728,25.864,568,81,0,0.01506324653745902
839,500,-235.14301661503225,23.776,24.938,581,79,0,0.014987930304771725
840,500,-203.49817210257402,20.286,21.42,567,88,0,0.014912990653247866
841,500,-220.12075188239294,23.2,24.342,571,83,0,0.014838425699981627
842,500,-192.57173904910303,18.832,19.886,527,88,0,0.01476423357148172
843,500,-206.16651885069848,20.844,21.974,565,90,0,0.014690412403624311
844,500,-191.66104548026567,20.416,21.558,571,86,0,0.01461696034160619
845,500,-210.65513898377344,21.278,22.388,555,79,0,0.014543875539898159
846,500,-212.08212891360654,21.13,22.32,595,79,0,0.014471156162198668
847,500,-211.31266274133498,20.63,21.754,562,81,0,0.014398800381387675
848,500,-208.89686705297288,20.744,21.942,599,79,0,0.014326806379480736
849,500,-207.83486559882294,21.364,22.528,582,78,0,0.014255172347583332
850,500,-210.8292066029361,21.508,22.646,569,76,0,0.014183896485845416
851,500,-225.46359937573948,22.742,23.908,583,82,0,0.014112977003416188
852,500,-199.43654189933216,19.792,20.938,573,84,0,0.014042412118399107
853,500,-245.6479949842543,25.52,26.778,629,82,0,0.013972200057807112
854,500,-218.89058930557258,22.724,23.84,558,89,0,0.013902339057518077
855,500,-200.79021238324162,20.552,21.692,570,75,0,0.013832827362230486
856,500,-212.6717447205259,21.898,23.102,602,82,0,0.013763663225419333
857,500,-201.0714296733463,19.676,20.776,550,83,0,0.013694844909292236
858,500,-202.39139368254007,20.408,21.526,559,83,0,0.013626370684745774
859,500,-210.5145303387211,21.718,22.846,564,77,0,0.013558238831322046
860,500,-218.08175766269846,22.272,23.388,558,83,0,0.013490447637165436
861,500,-223.41882240985544,22.31,23.428,559,81,0,0.013422995398979608
862,500,-220.95812600530667,22.33,23.492,581,84,0,0.01335588042198471
863,500,-242.648118734557,25.174,26.422,624,75,0,0.013289101019874787
864,500,-245.78872737960933,24.82,25.964,572,86,0,0.013222655514775413
865,500,-267.24289853615244,27.292,28.51,609,80,0,0.013156542237201536
866,500,-207.98100948945944,21.198,22.308,555,82,0,0.013090759526015528
867,500,-223.94680801353297,22.628,23.728,550,88,0,0.01302530572838545
868,500,-272.101918640192,28.87,30.036,583,79,0,0.012960179199743523
869,500,-242.8900943043618,24.118,25.264,573,83,0,0.012895378303744804
870,500,-208.76732889908885,21.734,22.876,571,78,0,0.01283090141222608
871,500,-260.31634173237876,26.184,27.332,574,84,0,0.012766746905164949
872,500,-195.6780224679262,20.074,21.204,565,82,0,0.012702913170639124
873,500,-235.48020511249194,23.506,24.622,558,88,0,0.012639398604785928
874,500,-228.23318929831373,22.984,24.118,567,84,0,0.012576201611761997
875,500,-224.72759217757823,22.914,24.058,572,81,0,0.012513320603703188
876,500,-231.58760228403935,21.622,22.736,557,87,0,0.012450754000684672
877,500,-190.91962678682296,19.99,21.114,562,86,0,0.012388500230681249
878,500,-213.35153321072676,21.93,23.064,567,79,0,0.012326557729527843
879,500,-210.45290013547924,21.262,22.364,551,88,0,0.012264924940880204
880,500,-246.99059497699545,25.852,27.056,602,86,0,0.012203600316175803
881,500,-212.5708727969842,21.238,22.378,570,82,0,0.012142582314594924
882,500,-214.7843058867494,21.4,22.522,561,83,0,0.01208186940302195
883,500,-192.48131886521617,20.264,21.418,577,85,0,0.01202146005600684
884,500,-209.3907749310266,22.104,23.306,601,85,0,0.011961352755726806
885,500,-181.60003402853727,18.234,19.296,531,84,0,0.01190154599194817
886,500,-227.49139935396295,23.55,24.742,596,86,0,0.01184203826198843
887,500,-229.4184511589474,23.354,24.496,571,84,0,0.011782828070678488
888,500,-213.424605156045,21.844,22.954,555,90,0,0.011723913930325095
889,500,-191.1165778901384,19.05,20.188,569,86,0,0.01166529436067347
890,500,-215.5481130631341,22.05,23.206,578,93,0,0.011606967888870102
891,500,-219.00856196707753,22.694,23.854,580,79,0,0.01154893304942575
892,500,-224.41291591336324,23.066,24.258,596,84,0,0.011491188384178622
893,500,-223.97473174205913,22.996,24.206,605,84,0,0.011433732442257729
894,500,-233.6317604984099,23.776,24.996,610,83,0,0.01137656378004644
895,500,-206.91347278972535,21.454,22.656,601,79,0,0.011319680961146208
896,500,-225.19960657390072,22.578,23.758,590,81,0,0.011263082556340478
897,500,-223.22765405272958,22.746,23.88,567,88,0,0.011206767143558775
898,500,-212.2111720662798,21.69,22.81,560,85,0,0.011150733307840981
899,500,-213.77901814177062,20.418,21.572,577,91,0,0.011094979641301777
900,500,-213.80128287440994,21.042,22.168,563,86,0,0.011039504743095268
901,500,-224.96366125089082,22.572,23.73,579,83,0,0.01098430721937979
902,500,-203.2338080498272,21.22,22.338,559,83,0,0.010929385683282892
903,500,-210.83461809821756,22.126,23.24,557,94,0,0.010874738754866477
904,500,-228.9127302879092,23.658,24.792,567,89,0,0.010820365061092144
905,500,-211.98051448824867,22.636,23.732,548,88,0,0.010766263235786683
906,500,-219.01409721266168,22.864,24.092,614,79,0,0.01071243191960775
907,500,-191.397423929335,19.266,20.34,537,87,0,0.010658869760009713
908,500,-205.127524631004,19.888,21.02,566,81,0,0.010605575411209664
909,500,-226.98580223322745,23.464,24.682,609,79,0,0.010552547534153616
910,500,-217.1773418412614,21.98,23.162,591,88,0,0.010499784796482848
911,500,-222.29543825306905,21.66,22.82,580,89,0,0.010447285872500434
912,500,-207.68343396320768,20.604,21.798,597,85,0,0.01039504944313793
913,500,-220.58747853373666,21.972,23.092,560,93,0,0.010343074195922241
914,500,-196.3637174546193,19.224,20.336,556,83,0,0.01029135882494263
915,500,-215.22790155333496,21.932,23.168,618,78,0,0.010239902030817916
916,500,-199.09922965156977,20.462,21.61,574,80,0,0.010188702520663827
917,500,-204.01459221387245,21.454,22.668,607,82,0,0.010137759008060509
918,500,-211.7279634284863,21.802,22.99,594,82,0,0.010087070213020206
919,500,-235.06440942412985,23.614,24.81,598,78,0,0.010036634861955105
920,500,-222.0476799370747,23.212,24.452,620,77,0,0.01
921,500,-208.03169295183568,20.814,21.958,572,85,0,0.01
922,500,-226.11521663680878,22.958,24.104,573,84,0,0.01
923,500,-216.43001665132647,22.394,23.548,577,81,0,0.01
924,500,-224.3009734986532,21.846,23.058,606,80,0,0.01
925,500,-230.81185836436748,22.886,24.068,591,82,0,0.01
926,500,-233.04177344058246,24.15,25.282,566,81,0,0.01
927,500,-196.4248526566504,21.06,22.242,591,73,0,0.01
928,500,-230.732879922557,23.792,25.008,608,80,0,0.01
929,500,-249.6930194507437,25.326,26.546,610,69,0,0.01
930,500,-210.17771309216948,21.008,22.094,543,81,0,0.01
931,500,-212.08200516330385,21.54,22.676,568,79,0,0.01
932,500,-197.14425411805917,20.296,21.378,541,77,0,0.01
933,500,-214.5256008298894,22.166,23.322,578,77,0,0.01
934,500,-228.8514713355754,22.132,23.242,555,80,0,0.01
935,500,-213.52056058551602,20.59,21.66,535,87,0,0.01
936,500,-253.32790722475784,25.182,26.384,601,81,0,0.01
937,500,-224.76105115168855,23.638,24.774,568,85,0,0.01
938,500,-216.28461526250612,20.498,21.632,567,82,0,0.01
939,500,-225.4184511589474,23.334,24.496,581,82,0,0.01
940,500,-254.41758490682855,25.768,26.988,610,76,0,0.01
941,500,-223.66017922814683,22.906,24.05,572,82,0,0.01
942,500,-238.8342468473095,23.136,24.308,586,80,0,0.01
943,500,-197.44773614080316,19.894,21.058,582,82,0,0.01
944,500,-221.59264252841274,23.224,24.398,587,76,0,0.01
945,500,-194.50383109846086,20.206,21.302,548,85,0,0.01
946,500,-221.80644686908602,22.236,23.474,619,78,0,0.01
947,500,-193.87472607063626,19.874,20.99,558,81,0,0.01
948,500,-211.78984113233355,21.502,22.76,629,74,0,0.01
949,500,-196.56608005321618,18.95,20.004,527,91,0,0.01
950,500,-220.86807707232788,22.81,23.956,573,80,0,0.01
951,500,-224.9302022767805,21.914,23.014,550,85,0,0.01
952,500,-225.77839939025716,22.196,23.352,578,78,0,0.01
953,500,-206.41906991046085,21.594,22.716,561,82,0,0.01
954,500,-207.44736488989508,21.012,22.126,557,79,0,0.01
955,500,-194.6782699685316,19.462,20.492,515,80,0,0.01
956,500,-234.00228421967722,24.504,25.752,624,77,0,0.01
957,500,-227.49742960075787,22.37,23.556,593,78,0,0.01
958,500,-219.8180123614651,21.404,22.526,561,83,0,0.01
959,500,-184.06614192836753,18.766,19.826,530,79,0,0.01
960,500,-237.10943389061924,23.398,24.578,590,82,0,0.01
961,500,-208.24537354220627,20.232,21.39,579,85,0,0.01
962,500,-225.31770298570837,22.27,23.416,573,83,0,0.01
963,500,-252.05800792642685,25.81,27.064,627,81,0,0.01
964,500,-281.13550136460503,29.126,30.396,635,78,0,0.01
965,500,-257.3445129615103,25.932,27.098,583,77,0,0.01
966,500,-206.87447857003087,20.572,21.702,565,79,0,0.01
967,500,-235.10414614564047,22.53,23.628,549,90,0,0.01
968,500,-195.87484982093895,19.518,20.634,558,87,0,0.01
969,500,-247.19886407208458,24.644,25.894,625,77,0,0.01
970,500,-236.7327561722543,24.206,25.364,579,80,0,0.01
971,500,-221.48057636340002,22.356,23.554,599,84,0,0.01
972,500,-209.75084691263908,20.744,21.806,531,82,0,0.01
973,500,-206.4420771449163,20.122,21.176,527,85,0,0.01
974,500,-226.08188141300116,21.906,23.032,563,87,0,0.01
975,500,-205.52043683521333,20.868,22.016,574,80,0,0.01
976,500,-221.33455622306622,22.268,23.418,575,82,0,0.01
977,500,-204.62168000966312,20.548,21.672,562,77,0,0.01
978,500,-222.87976631500965,21.508,22.652,572,83,0,0.01
979,500,-228.7668338978781,23.154,24.3,573,80,0,0.01
980,500,-230.2050180691822,23.162,24.352,595,74,0,0.01
981,500,-217.16651885069848,20.81,21.974,582,78,0,0.01
982,500,-214.20022532541418,20.808,21.978,585,77,0,0.01
983,500,-195.2736685216405,19.658,20.8,571,82,0,0.01
984,500,-209.63262675052874,21.354,22.504,575,84,0,0.01
985,500,-212.17771309216948,20.94,22.094,577,71,0,0.01
986,500,-262.74320791190917,26.33,27.62,645,74,0,0.01
987,500,-204.1326886256801,21.14,22.326,593,81,0,0.01
988,500,-213.4360468981214,21.228,22.362,567,85,0,0.01
989,500,-265.55216330508597,26.534,27.716,591,84,0,0.01
990,500,-294.9950164698554,29.288,30.498,605,78,0,0.01
991,500,-222.5868597822232,23.616,24.872,628,79,0,0.01
992,500,-226.48057636340002,22.402,23.554,576,75,0,0.01
993,500,-234.17684684005064,23.404,24.586,591,82,0,0.01
994,500,-229.6267202540365,22.204,23.334,565,88,0,0.01
995,500,-258.71615043550185,23.514,24.65,568,82,0,0.01
996,500,-218.6492324872812,22.074,23.218,572,81,0,0.01
997,500,-231.53642382045234,23.374,24.51,568,84,0,0.01
998,500,-240.1934525768031,24.118,25.3,591,75,0,0.01
999,500,-256.9064525405089,25.456,26.69,617,72,0,0.01
1000,500,-218.45240513426847,22.612,23.788,588,86,0,0.01
1001,500,-233.62031875633352,24.38,25.588,604,77,0,0.01
1002,500,-234.72771592788092,22.56,23.702,571,87,0,0.01
1003,500,-213.46987712313978,20.884,22.01,563,83,0,0.01
1004,500,-198.3858584369559,20.184,21.288,552,81,0,0.01
1005,500,-207.07068717153015,21.798,22.912,557,92,0,0.01
1006,500,-197.08791165979608,20.73,21.846,558,87,0,0.01
1007,500,-246.9913374788116,23.724,24.92,598,79,0,0.01
1008,500,-190.97055774980458,19.002,20.052,525,89,0,0.01
1009,500,-215.94189151946227,20.566,21.71,572,82,0,0.01
1010,500,-241.46851586981018,24.726,25.926,600,83,0,0.01
1011,500,-218.91310153881727,22.516,23.724,604,85,0,0.01
1012,500,-213.65513898377344,21.286,22.388,551,85,0,0.01
1013,500,-221.96353750058813,22.876,24.086,605,83,0,0.01
1014,500,-219.83449434791487,22.43,23.596,583,83,0,0.01
1015,500,-219.39606267600539,23.094,24.256,581,86,0,0.01
1016,500,-197.3635937043166,19.582,20.692,555,83,0,0.01
1017,500,-210.96440375270697,20.464,21.594,565,77,0,0.01
1018,500,-193.34674046695875,19.538,20.69,576,79,0,0.01
1019,500,-204.67223972173667,20.564,21.678,557,91,0,0.01
1020,500,-206.0650281756433,21.87,23.03,580,82,0,0.01
1021,500,-192.04325844421476,19.862,21.01,574,82,0,0.01
1022,500,-208.55401955962634,21.208,22.376,584,79,0,0.01
1023,500,-201.75084691263908,20.674,21.806,566,80,0,0.01
1024,500,-204.95874475682012,20.516,21.712,598,76,0,0.01
1025,500,-231.8964958020648,21.818,23.01,596,78,0,0.01
1026,500,-231.58661228161782,24.414,25.584,585,82,0,0.01
1027,500,-210.04842243889084,21.128,22.316,594,82,0,0.01
1028,500,-205.20600807160372,20.388,21.504,558,80,0,0.01
1029,500,-213.08188141300116,21.89,23.032,571,76,0,0.01
1030,500,-212.06552317685407,20.51,21.606,548,86,0,0.01
1031,500,-246.86733457051173,24.866,26.092,613,74,0,0.01
1032,500,-261.2206338035131,26.656,27.914,629,78,0,0.01
1033,500,-214.9190080353095,21.756,22.894,569,79,0,0.01
1034,500,-233.9577547543986,23.408,24.56,576,81,0,0.01
1035,500,-211.9527145100252,21.708,22.898,595,79,0,0.01
1036,500,-203.08815916040146,20.038,21.134,548,84,0,0.01
1037,500,-263.14177911200534,27.198,28.498,650,81,0,0.01
1038,500,-201.39705267842692,20.31,21.408,549,84,0,0.01
1039,500,-217.5933850302289,21.126,22.262,568,80,0,0.01
1040,500,-200.75097066294177,20.34,21.45,555,86,0,0.01
1041,500,-196.68909295909452,20.518,21.68,581,82,0,0.01
1042,500,-217.45806413015532,22.52,23.67,575,81,0,0.01
1043,500,-227.87361231791203,23.012,24.194,591,84,0,0.01
1044,500,-210.2560727824665,21.772,22.934,581,81,0,0.01
1045,500,-188.4535188869927,19.492,20.584,546,77,0,0.01
1046,500,-185.90314480037318,18.936,20.044,554,91,0,0.01
1047,500,-197.44773614080316,19.948,21.058,555,87,0,0.01
1048,500,-201.41944116136892,20.432,21.648,608,78,0,0.01
1049,500,-209.91347278972535,21.536,22.656,560,77,0,0.01
1050,500,-247.54134031452304,25.272,26.528,628,75,0,0.01
1051,500,-195.65009873940005,19.618,20.726,554,79,0,0.01
1052,500,-218.2387245438979,23.15,24.356,603,83,0,0.01
1053,500,-204.9976152262119,21.866,23.022,578,77,0,0.01
1054,500,-196.91384404063342,20.416,21.588,586,79,0,0.01
1055,500,-203.52043683521333,20.89,22.016,563,80,0,0.01
1056,500,-191.81875486328124,19.302,20.39,544,85,0,0.01
1057,500,-201.29052175899835,19.632,20.802,585,83,0,0.01
1058,500,-212.56521380109734,21.292,22.496,602,75,0,0.01
1059,500,-208.25656778367727,20.354,21.51,578,76,0,0.01
1060,500,-211.28424401159805,21.548,22.7,576,88,0,0.01
1061,500,-206.4247289063477,21.456,22.598,571,82,0,0.01
1062,500,-234.54774181222604,23.098,24.274,588,85,0,0.01
1063,500,-200.38019944106907,20.24,21.406,583,82,0,0.01
1064,500,-211.34058646986114,21.092,22.232,570,81,0,0.01
1065,500,-203.71763543913414,19.284,20.378,547,87,0,0.01
1066,500,-220.43001665132647,22.322,23.548,613,72,0,0.01
1067,500,-204.85196633678618,20.694,21.818,562,76,0,0.01
1068,500,-205.96428000240428,20.748,21.95,601,80,0,0.01
1069,500,-175.0102944713152,17.766,18.87,552,79,0,0.01
1070,500,-172.0217362133916,17.248,18.278,515,85,0,0.01
1071,500,-202.07659366802238,20.92,22.082,581,88,0,0.01
1072,500,-256.30023099683706,24.026,25.194,584,78,0,0.01
1073,500,-192.56029730702664,19.324,20.478,577,75,0,0.01
1074,500,-252.83350434549334,25.188,26.444,628,78,0,0.01
1075,500,-213.39151743284276,20.032,21.17,569,74,0,0.01
1076,500,-207.07068717153015,21.744,22.912,584,83,0,0.01
1077,500,-206.53766132347926,19.86,20.95,545,78,0,0.01
1078,500,-210.9527145100252,21.778,22.898,560,73,0,0.01
1079,500,-205.84618359059664,21.158,22.292,567,77,0,0.01
1080,500,-223.48057636340002,22.382,23.554,586,80,0,0.01
1081,500,-182.88088006773387,18.314,19.448,567,77,0,0.01
1082,500,-187.27403977254858,18.614,19.732,559,81,0,0.01
1083,500,-175.18473334138594,17.002,18.06,529,83,0,0.01
1084,500,-224.37416919427415,21.374,22.592,609,76,0,0.01
1085,500,-174.82466135977347,18.404,19.56,578,77,0,0.01
1086,500,-195.05470018629114,19.29,20.418,564,83,0,0.01
1087,500,-204.12702962979324,21.218,22.444,613,78,0,0.01
1088,500,-202.060359182178,19.132,20.3,584,82,0,0.01
1089,500,-197.9591160077282,19.512,20.644,566,77,0,0.01
1090,500,-189.9366037744835,19.572,20.76,594,80,0,0.01
1091,500,-202.84089584561787,20.194,21.342,574,78,0,0.01
1092,500,-211.4247289063477,21.386,22.598,606,82,0,0.01
1093,500,-206.57653179287104,21.056,22.26,602,83,0,0.01
1094,500,-205.65526273407613,20.914,22.032,559,74,0,0.01
1095,500,-173.24045704813557,18.26,19.372,556,82,0,0.01
1096,500,-190.91962678682296,19.922,21.114,596,81,0,0.01
1097,500,-185.65625273649766,18.056,19.184,564,84,0,0.01
1098,500,-182.819249864492,17.836,18.966,565,83,0,0.01
1099,500,-211.12702962979324,21.332,22.444,556,78,0,0.01
1100,500,-228.75601090731516,21.938,23.112,587,79,0,0.01
1101,500,-190.4984196031794,19.52,20.708,594,77,0,0.01
1102,500,-202.2563202830719,21.098,22.222,562,85,0,0.01
1103,500,-191.43703690054292,18.382,19.514,566,89,0,0.01
1104,500,-203.12161813451178,20.704,21.85,573,80,0,0.01
1105,500,-201.75109441324446,19.986,21.094,554,89,0,0.01
1106,500,-192.0265289571596,19.526,20.652,563,85,0,0.01
1107,500,-203.51527284053725,19.61,20.71,550,84,0,0.01
1108,500,-198.2737922719432,19.324,20.444,560,88,0,0.01
1109,500,-205.78442963705209,20.986,22.166,590,81,0,0.01
1110,500,-225.86844832323595,21.702,22.888,593,86,0,0.01
1111,500,-200.51514909023456,19.896,21.066,585,82,0,0.01
1112,500,-189.801654125318,19.908,21.1,596,85,0,0.01
1113,500,-218.57616054196296,22.098,23.328,615,83,0,0.01
1114,500,-187.07167717395168,18.926,20.064,569,81,0,0.01
1115,500,-202.16098360511432,20.598,21.736,569,88,0,0.01
1116,500,-213.43026415193185,21.658,22.836,589,80,0,0.01
1117,500,-196.77348289618647,20.146,21.334,594,82,0,0.01
1118,500,-197.22286130896157,20.31,21.506,598,75,0,0.01
1119,500,-198.96428000240428,20.77,21.95,590,83,0,0.01
1120,500,-212.78984113233355,21.58,22.76,590,75,0,0.01
1121,500,-194.38069444227983,18.872,19.982,555,79,0,0.01
1122,500,-229.24438353978474,23.052,24.238,593,80,0,0.01
1123,500,-160.95998225984704,17.102,18.152,525,81,0,0.01
1124,500,-192.5772742946872,18.912,20.124,606,78,0,0.01
1125,500,-224.44662238807894,23.046,24.262,608,76,0,0.01
1126,500,-179.3697477014142,17.98,19.15,585,74,0,0.01
1127,500,-205.54270156785265,21.37,22.612,621,78,0,0.01
1128,500,-193.91975053712565,19.622,20.758,568,80,0,0.01
1129,500,-187.95948725863627,18.476,19.576,550,83,0,0.01
1130,500,-205.8742310694255,21.212,22.414,601,83,0,0.01
1131,500,-211.22802530363765,21.606,22.812,603,80,0,0.01
1132,500,-204.30134474956128,20.804,21.99,593,81,0,0.01
1133,500,-218.2223663077508,21.772,22.93,579,79,0,0.01
1134,500,-185.40320667552453,18.7,19.866,583,86,0,0.01
1135,500,-188.79649013064193,18.676,19.794,559,81,0,0.01
1136,500,-182.21228581900402,18.456,19.606,575,80,0,0.01
1137,500,-188.91987428742834,19.264,20.402,569,81,0,0.01
1138,500,-199.44785989110585,19.63,20.702,536,84,0,0.01
1139,500,-198.68343396320768,20.65,21.798,574,82,0,0.01
1140,500,-223.54786556252873,22.696,23.918,611,75,0,0.01
1141,500,-198.35793470842975,19.718,20.81,546,82,0,0.01
1142,500,-218.92454328089366,21.962,23.132,585,78,0,0.01
1143,500,-205.52031308491064,21.236,22.372,568,80,0,0.01
1144,500,-213.0425159423986,21.924,23.146,611,77,0,0.01
1145,500,-189.82994910475225,19.39,20.51,560,82,0,0.01
1146,500,-188.50407859906625,19.41,20.59,590,80,0,0.01
1147,500,-184.1838670892671,19.384,20.552,584,81,0,0.01
1148,500,-235.12038063148486,24.198,25.41,606,77,0,0.01
1149,500,-235.85110008466734,23.09,24.31,610,76,0,0.01
1150,500,-186.5434440696688,19.314,20.476,581,78,0,0.01
1151,500,-188.66154048147644,18.986,20.134,574,81,0,0.01
1152,500,-239.47429861599971,24.286,25.452,583,84,0,0.01
1153,500,-211.79574762882578,20.754,21.93,588,87,0,0.01
1154,500,-191.4760311202374,19.292,20.468,588,78,0,0.01
1155,500,-227.772864144673,21.898,23.114,608,80,0,0.01
1156,500,-194.29064550930104,19.334,20.446,556,86,0,0.01
1157,500,-168.91508154366034,16.976,18.028,526,81,0,0.01
1158,500,-187.83573185094178,18.876,20.036,580,81,0,0.01
1159,500,-217.6943807040733,21.406,22.63,612,81,0,0.01
1160,500,-205.17771309216948,20.948,22.094,573,82,0,0.01
1161,500,-211.3458742148399,22.002,23.182,590,74,0,0.01
1162,500,-216.09861090005631,22.202,23.39,594,80,0,0.01
1163,500,-218.1774655915641,21.622,22.806,592,81,0,0.01
1164,500,-202.78480088796016,20.004,21.098,547,78,0,0.01
1165,500,-195.39692892812423,20.57,21.764,597,76,0,0.01
1166,500,-191.2175735639828,19.428,20.556,564,71,0,0.01
1167,500,-209.18903108394318,20.69,21.858,584,77,0,0.01
1168,500,-183.90376355188664,17.24,18.264,512,78,0,0.01
1169,500,-216.3121677401242,21.988,23.178,595,80,0,0.01
1170,500,-187.1950613307381,19.552,20.672,560,83,0,0.01
1171,500,-185.67285847325013,18.84,19.898,529,77,0,0.01
1172,500,-185.85836783448917,18.468,19.564,548,79,0,0.01
1173,500,-167.60631177593757,16.36,17.398,519,75,0,0.01
1174,500,-215.36272745219776,22.012,23.184,586,81,0,0.01
1175,500,-203.07105842243823,20.75,21.844,547,85,0,0.01
1176,500,-220.38523968544246,21.894,23.068,587,84,0,0.01
1177,500,-188.27428727315396,17.964,19.02,528,85,0,0.01
1178,500,-202.2063793225118,19.304,20.436,566,80,0,0.01
1179,500,-190.34674046695875,19.556,20.69,567,76,0,0.01
1180,500,-203.48119511491348,20.642,21.774,566,73,0,0.01
1181,500,-224.9413965182515,21.98,23.134,577,80,0,0.01
1182,500,-188.5884685361582,19.08,20.244,582,79,0,0.01
1183,500,-187.21216206870133,18.844,19.962,559,78,0,0.01
1184,500,-190.61663976528973,18.898,20.01,556,83,0,0.01
1185,500,-216.37379794336607,22.5,23.66,580,77,0,0.01
1186,500,-183.13921387368578,18.618,19.716,549,79,0,0.01
1187,500,-214.12099938299832,22.444,23.63,593,78,0,0.01
1188,500,-170.80252037743685,17.47,18.608,569,80,0,0.01
1189,500,-198.29593325427982,20.176,21.396,610,78,0,0.01
1190,500,-216.01496346478052,20.484,21.6,558,84,0,0.01
1191,500,-227.67715621580737,22.464,23.696,616,78,0,0.01
1192,500,-219.02566270504076,21.986,23.144,579,77,0,0.01
1193,500,-183.05494768689653,18.542,19.706,582,80,0,0.01
1194,500,-203.37454044518222,20.368,21.524,578,80,0,0.01
1195,500,-211.50936634404502,20.394,21.54,573,80,0,0.01
1196,500,-205.73374617467584,21.346,22.516,585,74,0,0.01
1197,500,-208.18324833775364,21.18,22.332,576,78,0,0.01
1198,500,-183.63902824823174,19.108,20.25,571,82,0,0.01
1199,500,-227.18816483182434,23.172,24.35,589,74,0,0.01
1200,500,-200.71763543913414,19.236,20.378,571,80,0,0.01
1201,500,-226.35657345510015,23.532,24.726,597,84,0,0.01
1202,500,-216.26701952333212,22.558,23.766,604,80,0,0.01
1203,500,-220.53138357607895,21.672,22.848,588,78,0,0.01
1204,500,-208.3573159569163,21.418,22.59,586,81,0,0.01
1205,500,-200.76228865471546,20.046,21.214,584,81,0,0.01
1206,500,-216.74456916523877,22.492,23.704,606,80,0,0.01
1207,500,-191.6331217517395,19.952,21.08,564,88,0,0.01
1208,500,-194.08815916040146,19.96,21.134,587,84,0,0.01
1209,500,-188.7455591676603,19.684,20.856,586,86,0,0.01
1210,500,-205.19456632952733,20.934,22.096,581,78,0,0.01
1211,500,-195.26284553107757,18.45,19.612,581,74,0,0.01
1212,500,-181.77976064358677,18.304,19.436,566,74,0,0.01
1213,500,-186.59978652793188,18.814,20.008,597,80,0,0.01
1214,500,-205.49817210257402,20.238,21.42,591,79,0,0.01
1215,500,-199.11067139364616,19.822,21.018,598,80,0,0.01
1216,500,-224.01975620854853,22.748,23.974,613,82,0,0.01
1217,500,-195.3184454875245,20.116,21.28,582,86,0,0.01
1218,500,-213.57628429226565,21.774,22.972,599,79,0,0.01
1219,500,-207.7055749455443,21.568,22.75,591,75,0,0.01
1220,500,-207.87976631500965,21.422,22.652,615,81,0,0.01
1221,500,-191.36408870552737,18.162,19.268,553,81,0,0.01
1222,500,-199.00918071859098,20.914,22.074,580,85,0,0.01
1223,500,-211.96981524798844,21.05,22.188,569,77,0,0.01
1224,500,-184.3922599346589,17.902,19.034,566,80,0,0.01
1225,500,-222.1038986450351,23.146,24.34,597,77,0,0.01
1226,500,-182.9480455165599,19.11,20.168,529,75,0,0.01
1227,500,-184.47640237114547,18.32,19.4,540,77,0,0.01
1228,500,-248.9625474981666,25.782,26.934,576,88,0,0.01
1229,500,-233.13206987416663,22.992,24.106,557,88,0,0.01
1230,500,-201.98691598595167,20.362,21.478,558,79,0,0.01
1231,500,-184.07745992014122,18.47,19.59,560,83,0,0.01
1232,500,-219.73866266874654,23.292,24.534,621,81,0,0.01
1233,500,-206.88567281150188,20.696,21.822,563,83,0,0.01
1234,500,-215.63225549962067,22.352,23.572,610,78,0,0.01
1235,500,-205.7119764432473,19.378,20.496,559,83,0,0.01
1236,500,-179.60556927412142,18.38,19.534,577,80,0,0.01
1237,500,-192.02086996127275,19.66,20.77,555,79,0,0.01
1238,500,-225.32864972657399,22.992,24.248,628,70,0,0.01
1239,500,-206.82945410354148,20.746,21.934,594,74,0,0.01
1240,500,-205.87460232033357,20.206,21.346,570,80,0,0.01
1241,500,-196.4083706702006,20.01,21.172,581,76,0,0.01
1242,500,-183.44269589642977,18.272,19.396,562,79,0,0.01
1243,500,-214.6045792716999,21.21,22.382,586,85,0,0.01
1244,500,-203.81813611176779,21.002,22.17,584,82,0,0.01
1245,500,-178.20109157753302,18.34,19.486,573,77,0,0.01
1246,500,-202.43038790223454,21.354,22.48,563,79,0,0.01
1247,500,-228.76646264697,24.14,25.368,614,70,0,0.01
1248,500,-193.09960090247785,19.37,20.542,586,79,0,0.01
1249,500,-218.5034598475528,21.21,22.37,580,78,0,0.01
1250,500,-202.20022532541418,20.812,21.978,583,78,0,0.01
1251,500,-203.3184454875245,20.136,21.28,572,78,0,0.01
1252,500,-192.8466785918074,19.714,20.868,577,79,0,0.01
1253,500,-216.08212891360654,21.212,22.32,554,82,0,0.01
1254,500,-224.7668338978781,23.144,24.3,578,83,0,0.01
1255,500,-206.17205409628264,21.056,22.212,578,87,0,0.01
1256,500,-192.0038929736122,20.01,21.124,557,85,0,0.01
1257,500,-185.4034541761299,18.092,19.154,531,82,0,0.01
1258,500,-172.6956182071002,17.942,19.07,564,79,0,0.01
1259,500,-192.23430305103795,19.78,20.914,567,80,0,0.01
1260,500,-212.16061235420625,21.662,22.804,571,80,0,0.01
1261,500,-225.46347562543679,23.108,24.264,578,83,0,0.01
1262,500,-202.27342102103512,20.408,21.512,552,80,0,0.01
1263,500,-211.0201274594566,21.736,22.906,585,79,0,0.01
1264,500,-195.3298872296009,19.534,20.688,577,80,0,0.01
1265,500,-222.14413036775647,20.646,21.734,544,76,0,0.01
1266,500,-191.5495980667664,17.812,18.934,561,83,0,0.01
1267,500,-213.82970160414686,20.128,21.222,547,80,0,0.01
1268,500,-203.768071400905,19.602,20.74,569,79,0,0.01
1269,500,-195.62758650615535,19.734,20.842,554,85,0,0.01
1270,500,-208.26763827484558,20.816,21.986,585,82,0,0.01
1271,500,-234.65464398256267,22.64,23.812,586,78,0,0.01
1272,500,-208.76204115411008,20.708,21.926,609,78,0,0.01
1273,500,-236.3060137430266,23.488,24.72,616,82,0,0.01
1274,500,-193.62783400676074,18.994,20.13,568,84,0,0.01
1275,500,-207.5595548052105,21.43,22.614,592,81,0,0.01
1276,500,-206.18349583835902,20.484,21.62,568,85,0,0.01
1277,500,-218.2784612654085,21.922,23.174,626,77,0,0.01
1278,500,-175.90892754656272,18.502,19.57,534,88,0,0.01
1279,500,-207.42522390755846,20.008,21.174,583,80,0,0.01
1280,500,-203.61651601498704,19.264,20.366,551,83,0,0.01
1281,500,-206.87472607063626,19.846,20.99,572,80,0,0.01
1282,500,-223.99724397530383,22.902,24.09,594,84,0,0.01
1283,500,-184.6956182071002,18.02,19.07,525,84,0,0.01
1284,500,-223.86229432613834,23.252,24.43,589,86,0,0.01
1285,500,-171.62279376238735,17.41,18.468,529,95,0,0.01
1286,500,-190.02111746187813,18.954,20.058,552,78,0,0.01
1287,500,-203.67236347203936,20.212,21.322,555,83,0,0.01
1288,500,-196.06577067745945,19.728,20.894,583,85,0,0.01
1289,500,-175.0328067045599,17.674,18.754,540,87,0,0.01
1290,500,-232.86204682553296,23.912,25.142,615,84,0,0.01
1291,500,-197.54897931525295,19.578,20.714,568,83,0,0.01
1292,500,-215.07659366802238,20.924,22.082,579,78,0,0.01
1293,500,-256.87815756107466,26.02,27.28,630,77,0,0.01
1294,500,-210.41390591578477,20.328,21.41,541,82,0,0.01
1295,500,-224.01409721266168,22.908,24.092,592,78,0,0.01
1296,500,-204.464589378161,19.896,21.06,582,77,0,0.01
1297,500,-204.5820670384552,21.312,22.498,593,87,0,0.01
1298,500,-211.36309870310583,20.968,22.116,574,81,0,0.01
1299,500,-195.8578728332784,19.872,20.988,558,84,0,0.01
1300,500,-194.20096782723033,18.742,19.842,550,85,0,0.01
1301,500,-219.75563965640708,23.03,24.18,575,92,0,0.01
1302,500,-214.2900267577876,21.06,22.226,583,81,0,0.01
1303,500,-212.7953763779177,21.82,22.998,589,74,0,0.01
1304,500,-201.43063540283993,20.636,21.768,566,90,0,0.01
1305,500,-215.08175766269846,22.192,23.388,598,85,0,0.01
1306,500,-206.01459221387245,21.444,22.668,612,77,0,0.01
1307,500,-193.3186929881299,19.402,20.568,583,86,0,0.01
1308,500,-240.9064525405089,25.472,26.69,609,83,0,0.01
1309,500,-198.82404260826002,20.246,21.34,547,82,0,0.01
1310,500,-260.41143090973094,27.304,28.53,613,86,0,0.01
1311,500,-198.16110735541702,20.25,21.38,565,80,0,0.01
1312,500,-218.48057636340002,22.32,23.554,617,84,0,0.01
1313,500,-202.23417930073526,20.154,21.27,558,86,0,0.01
1314,500,-254.37305544154992,24.688,25.796,554,80,0,0.01
1315,500,-199.4532713863873,20.182,21.296,557,83,0,0.01
1316,500,-235.12075188239294,23.134,24.342,604,78,0,0.01
1317,368,-220.76278365592623,25.744565217391305,26.88858695652174,421,63,1,0.01
1318,500,-186.45389013790077,18.448,19.516,534,87,0,0.01
1319,500,-203.93069727799127,20.43,21.59,580,80,0,0.01
1320,500,-240.10402239533778,22.886,23.984,549,80,0,0.01
1321,500,-196.0378469489333,19.308,20.416,554,84,0,0.01
1322,500,-208.08237641421192,20.46,21.608,574,84,0,0.01
1323,500,-239.6879792063703,23.654,24.884,615,77,0,0.01
1324,500,-219.21695481246934,21.156,22.336,590,82,0,0.01
1325,500,-203.91937928621758,20.688,21.826,569,87,0,0.01
1326,500,-209.21695481246934,21.186,22.336,575,79,0,0.01
1327,500,-211.22777780303227,22.332,23.524,596,80,0,0.01
1328,500,-184.53790882408464,19.134,20.238,552,83,0,0.01
1329,500,-200.2061318219064,20.062,21.148,543,88,0,0.01
1330,500,-228.1372338688427,24.226,25.412,593,83,0,0.01
1331,500,-199.36912894990076,19.762,20.93,584,78,0,0.01
1332,500,-228.88455905877765,23.872,25.026,577,77,0,0.01
1333,500,-227.0588741785457,23.406,24.572,583,78,0,0.01
1334,500,-199.475783619632,20.034,21.18,573,84,0,0.01
1335,500,-209.72279943381022,20.544,21.684,570,89,0,0.01
1336,500,-216.7505994120337,21.364,22.518,577,85,0,0.01
1337,500,-230.61011451728405,21.486,22.62,567,80,0,0.01
1338,500,-226.92970727556974,23.228,24.438,605,78,0,0.01
1339,500,-213.6607979796603,21.17,22.27,550,82,0,0.01
1340,500,-197.35781095812706,20.04,21.166,563,81,0,0.01
1341,500,-228.002779220888,23.132,24.328,598,86,0,0.01
1342,500,-214.58219078875788,21.02,22.142,561,82,0,0.01
1343,500,-217.41931741106623,20.842,22.004,581,87,0,0.01
1344,500,-208.98063823855136,22.214,23.376,581,81,0,0.01
1345,500,-201.32963972899552,20.266,21.4,567,82,0,0.01
1346,500,-214.7278396781836,22.178,23.346,584,87,0,0.01
1347,500,-199.7342411758866,19.948,21.092,572,84,0,0.01
1348,500,-195.53187857728972,20.326,21.424,549,80,0,0.01
1349,500,-178.16184985723316,18.156,19.244,544,86,0,0.01
1350,500,-183.90351605128126,17.898,18.976,539,81,0,0.01
1351,500,-198.1837433389644,19.798,20.908,555,82,0,0.01
1352,500,-215.84593608999126,21.86,23.004,572,80,0,0.01
1353,500,-174.06713193078906,15.984,16.978,497,81,0,0.01
1354,500,-204.86857207353864,21.422,22.532,555,80,0,0.01
1355,500,-214.8065706193887,21.918,23.118,600,79,0,0.01
1356,500,-220.55364830871827,22.26,23.444,592,83,0,0.01
1357,500,-199.62771025645804,19.314,20.486,586,79,0,0.01
1358,500,-173.42621390998,17.248,18.326,539,79,0,0.01
1359,500,-194.89736205418365,19.382,20.518,568,86,0,0.01
1360,500,-186.26334053228834,17.138,18.188,525,80,0,0.01
1361,500,-172.66228298329258,16.922,17.998,538,90,0,0.01
1362,500,-239.4968108492444,24.122,25.336,607,80,0,0.01
1363,500,-226.03095045001953,22.872,24.094,611,84,0,0.01
1364,500,-204.84618359059664,21.154,22.292,569,88,0,0.01
1365,500,-235.2721835180082,23.89,25.072,591,83,0,0.01
1366,500,-271.96205249695583,27.154,28.358,602,82,0,0.01
1367,500,-215.031569201533,21.12,22.314,597,82,0,0.01
1368,500,-204.6444397435132,19.698,20.844,573,83,0,0.01
1369,500,-206.4472411395924,21.292,22.482,595,85,0,0.01
1370,500,-212.20034907571687,20.456,21.622,583,83,0,0.01
1371,500,-187.0153347156886,19.376,20.532,578,81,0,0.01
1372,500,-226.95787850470128,23.018,24.204,593,87,0,0.01
1373,500,-235.03033169850607,24.648,25.874,613,81,0,0.01
1374,500,-222.01975620854853,22.798,23.974,588,86,0,0.01
1375,500,-175.31931173964335,17.702,18.788,543,86,0,0.01
1376,500,-252.63101799659376,25.904,27.132,614,82,0,0.01
1377,500,-227.33996771834768,22.872,24.012,570,93,0,0.01
1378,500,-179.72366568592906,18.1,19.192,546,92,0,0.01
1379,500,-207.35756345752168,20.728,21.878,575,86,0,0.01
1380,500,-203.48697786110301,20.154,21.3,573,85,0,0.01
1381,500,-250.93412876842967,26.688,27.88,596,82,0,0.01
1382,500,-219.27292601982435,21.768,22.936,584,82,0,0.01
1383,500,-223.86229432613834,23.244,24.43,593,87,0,0.01
1384,500,-207.34674046695875,19.638,20.69,526,88,0,0.01
1385,500,-208.6270915049446,21.132,22.266,567,84,0,0.01
1386,500,-294.78687112506896,30.084,31.304,610,83,0,0.01
1387,500,-210.99245123153582,20.666,21.716,525,91,0,0.01
1388,500,-240.8338755964014,24.244,25.376,566,93,0,0.01
1389,500,-256.5295273215386,26.948,28.188,620,85,0,0.01
1390,500,-208.14954186303794,21.174,22.328,577,84,0,0.01
1391,500,-212.5257245801921,21.836,22.966,565,81,0,0.01
1392,500,-240.71602668519915,23.902,25.006,552,88,0,0.01
1393,500,-244.59227127750466,24.196,25.466,635,75,0,0.01
1394,500,-260.3785906871341,24.804,26.034,615,80,0,0.01
1395,500,-256.5408453133123,26.734,27.952,609,87,0,0.01
1396,500,-179.49866710378478,18.858,19.996,569,81,0,0.01
1397,500,-168.03846570044675,17.55,18.636,543,82,0,0.01
1398,500,-245.78331588432786,24.186,25.37,592,78,0,0.01
1399,500,-216.9862972344382,22.036,23.258,611,81,0,0.01
1400,500,-178.85861533509456,17.834,18.852,509,78,0,0.01
1401,500,-256.4902856012387,26.754,27.946,596,81,0,0.01
1402,500,-236.2099345632529,25.126,26.37,622,82,0,0.01
1403,500,-236.30023099683706,24.026,25.194,584,75,0,0.01
1404,500,-228.52535332928403,22.81,24.034,612,86,0,0.01
1405,500,-262.77100789013264,27.244,28.454,605,79,0,0.01
1406,500,-250.96820649405345,25.612,26.816,602,83,0,0.01
1407,500,-198.34083397046652,20.348,21.52,586,76,0,0.01
1408,500,-197.86390308007333,18.684,19.802,559,77,0,0.01
1409,500,-208.64960373818928,21.004,22.15,573,87,0,0.01
1410,500,-210.85737783206764,21.206,22.412,603,79,0,0.01
1411,500,-209.2223663077508,21.734,22.93,598,81,0,0.01
1412,500,-246.8563878296461,24.084,25.26,588,81,0,0.01
1413,500,-259.07436616257394,27.26,28.49,615,80,0,0.01
1414,500,-202.4135346648767,21.324,22.478,577,76,0,0.01
1415,500,-210.8967433026702,21.162,22.298,568,83,0,0.01
1416,500,-202.71135769173384,21.156,22.276,560,78,0,0.01
1417,500,-241.06453317443254,23.292,24.454,581,85,0,0.01
1418,500,-240.60396052018643,23.024,24.162,569,80,0,0.01
1419,500,-177.30799374786966,17.928,19.024,548,76,0,0.01
1420,500,-193.16738510281732,18.432,19.482,525,83,0,0.01
1421,500,-278.47256611176203,29.168,30.436,634,73,0,0.01
1422,500,-201.90830879504927,20.272,21.35,539,77,0,0.01
1423,500,-183.02136496248352,18.25,19.346,548,79,0,0.01
1424,500,-243.36186120007892,24.446,25.676,615,76,0,0.01
1425,500,-244.19874032178188,25.052,26.25,599,82,0,0.01
1426,500,-276.47859635855696,28.028,29.25,611,72,0,0.01
1427,500,-256.5916525259912,26.064,27.246,591,78,0,0.01
1428,500,-193.07684116862777,20.218,21.37,576,86,0,0.01
1429,500,-239.65968422693606,24.262,25.474,606,77,0,0.01
1430,500,-216.51415908781303,22.716,23.914,599,75,0,0.01
1431,500,-196.18915483424587,20.352,21.502,575,81,0,0.01
1432,500,-228.04780368737738,22.908,24.096,594,80,0,0.01
1433,500,-187.34698796756413,18.858,19.978,560,76,0,0.01
1434,500,-194.95320951123597,20.34,21.474,567,80,0,0.01
1435,500,-210.36875769899268,20.892,21.998,553,81,0,0.01
1436,500,-177.0889016622176,17.85,18.998,574,78,0,0.01
1437,500,-221.10426989594316,22.136,23.272,568,82,0,0.01
1438,500,-213.66645697554713,21.012,22.152,570,82,0,0.01
1439,500,-221.6604267287522,22.116,23.338,611,81,0,0.01
1440,500,-210.68281521169422,22.414,23.578,582,80,0,0.01
1441,500,-203.97596924508605,19.518,20.646,564,79,0,0.01
1442,500,-190.5996627776292,19.256,20.364,554,86,0,0.01
1443,500,-199.5769030437791,20.032,21.192,580,83,0,0.01
1444,500,-200.1050123977593,20.006,21.136,565,89,0,0.01
1445,500,-217.68822670697568,22.982,24.172,595,81,0,0.01
1446,500,-224.16590009918502,22.542,23.754,606,81,0,0.01
1447,500,-232.6205662569389,23.686,24.876,595,80,0,0.01
1448,500,-233.2723072683109,23.572,24.716,572,87,0,0.01
1449,500,-221.71098644082576,22.176,23.344,584,79,0,0.01
1450,500,-218.50296484634202,22.586,23.794,604,81,0,0.01
1451,500,-199.14413036775647,20.572,21.734,581,77,0,0.01
1452,500,-208.2061318219064,19.99,21.148,579,80,0,0.01
1453,500,-214.73399367528123,20.676,21.804,564,86,0,0.01
1454,500,-214.21683106216665,21.536,22.692,578,82,0,0.01
1455,500,-227.069944669714,23.868,25.048,590,78,0,0.01
1456,500,-199.04866993949622,20.514,21.604,545,81,0,0.01
1457,500,-295.3767344325937,30.072,31.374,651,74,0,0.01
1458,500,-184.20096782723033,18.68,19.842,581,77,0,0.01
1459,500,-223.47479361721048,22.89,24.028,569,82,0,0.01
1460,500,-247.29382949913406,26.246,27.448,601,83,0,0.01
1461,500,-211.95862100651743,20.942,22.068,563,79,0,0.01
1462,500,-214.67162097022322,22.28,23.458,589,82,0,0.01
1463,500,-229.74985691021755,23.412,24.654,621,76,0,0.01
1464,500,-274.75931864745087,28.6,29.758,579,93,0,0.01
1465,500,-218.48623535928687,22.286,23.436,575,80,0,0.01
1466,500,-217.39065118072392,22.452,23.662,605,86,0,0.01
1467,500,-276.20906831113405,27.71,28.862,576,89,0,0.01
1468,500,-215.065151925946,21.498,22.674,588,81,0,0.01
1469,500,-208.9079375441412,21.266,22.418,576,87,0,0.01
1470,500,-203.47528861842125,21.454,22.604,575,93,0,0.01
1471,500,-203.09922965156977,20.438,21.61,586,82,0,0.01
1472,500,-259.10315614321894,25.27,26.476,603,77,0,0.01
1473,500,-193.88616781271264,19.298,20.398,550,81,0,0.01
1474,500,-208.63237924992336,22.024,23.216,596,85,0,0.01
1475,500,-251.91789428258528,24.988,26.098,555,84,0,0.01
1476,500,-289.579344531796,29.156,30.33,587,82,0,0.01
1477,500,-188.9592397580309,19.134,20.288,577,81,0,0.01
1478,500,-199.35756345752168,20.712,21.878,583,90,0,0.01
1479,500,-209.61589726347358,21.006,22.146,570,84,0,0.01
1480,500,-232.3282784756659,24.156,25.316,580,85,0,0.01
1481,500,-193.7454354173576,20.112,21.212,550,84,0,0.01
1482,500,-217.82330010644387,22.306,23.476,585,88,0,0.01
1483,500,-179.03834195014406,17.908,18.992,542,76,0,0.01
1484,500,-226.59264252841274,23.27,24.398,564,75,0,0.01
1485,500,-213.21645981125857,22.572,23.76,594,80,0,0.01
1486,500,-223.89071305587527,22.326,23.484,579,83,0,0.01
1487,500,-206.475783619632,20.02,21.18,580,86,0,0.01
1488,500,-214.89120805708603,20.938,22.06,561,82,0,0.01
1489,500,-217.5593073046051,22.108,23.326,609,75,0,0.01
1490,500,-205.12702962979324,21.264,22.444,590,79,0,0.01
1491,500,-203.2112958165825,21.254,22.454,600,81,0,0.01
1492,500,-200.12161813451178,20.7,21.85,575,80,0,0.01
1493,500,-213.00918071859098,20.95,22.074,562,79,0,0.01
1494,500,-190.42005991288238,18.762,19.868,553,82,0,0.01
1495,500,-213.69991594965745,21.648,22.868,610,79,0,0.01
1496,500,-197.57677929347642,20.422,21.548,563,79,0,0.01
1497,500,-187.49866710378478,18.888,19.996,554,79,0,0.01
1498,500,-237.79426262519348,24.978,26.202,612,83,0,0.01
1499,500,-227.56484255018927,22.36,23.564,602,76,0,0.01
1500,500,-180.62229876117658,18.808,19.892,542,82,0,0.01
1501,500,-212.04288719330668,20.982,22.078,548,81,0,0.01
1502,500,-192.94816926686258,18.708,19.812,552,82,0,0.01
1503,500,-211.5096138446504,19.704,20.828,562,77,0,0.01
1504,500,-226.27784251389505,23.76,24.954,597,78,0,0.01
1505,500,-249.92355327847213,24.75,25.98,615,79,0,0.01
1506,500,-255.7428366610011,27.43,28.688,629,73,0,0.01
1507,500,-214.5595548052105,21.48,22.614,567,86,0,0.01
1508,500,-203.77323539558108,20.868,22.046,589,86,0,0.01
1509,500,-251.648118734557,25.316,26.422,553,94,0,0.01
1510,500,-228.33406122185545,23.716,24.842,563,91,0,0.01
1511,500,-215.2335605492218,21.87,23.05,590,80,0,0.01
1512,500,-191.1725490974934,19.7,20.788,544,87,0,0.01
1513,500,-185.21228581900402,18.556,19.606,525,82,0,0.01
1514,500,-211.0200037091539,22.086,23.262,588,82,0,0.01
1515,500,-240.51919933218642,24.412,25.576,582,88,0,0.01
1516,500,-226.34575046453722,22.378,23.538,580,85,0,0.01
1517,500,-216.03107420032222,22.5,23.738,619,77,0,0.01
1518,500,-226.77236914346224,23.286,24.538,626,81,0,0.01
1519,500,-193.65009873940005,19.626,20.726,550,83,0,0.01
1520,500,-203.6718684708286,21.642,22.746,552,81,0,0.01
1521,500,-245.72119067987524,25.144,26.312,584,82,0,0.01
1522,500,-226.26160802805066,21.974,23.172,599,80,0,0.01
1523,500,-234.5530295572048,24.03,25.224,597,85,0,0.01
1524,500,-245.95725975318783,24.716,25.984,634,78,0,0.01
1525,500,-272.92797477133206,28.24,29.422,591,81,0,0.01
1526,500,-200.18927858454856,20.026,21.146,560,86,0,0.01
1527,500,-231.68244396078614,23.518,24.646,564,96,0,0.01
1528,500,-270.3047762399997,27.11,28.28,585,83,0,0.01
1529,500,-240.4183274086447,23.626,24.852,613,81,0,0.01
1530,500,-203.77335914588377,20.518,21.69,586,82,0,0.01
1531,500,-261.5408453133123,26.708,27.952,622,83,0,0.01
1532,500,-190.61651601498704,19.25,20.366,558,87,0,0.01
1533,500,-227.93573752236466,22.186,23.252,533,94,0,0.01
1534,500,-221.85110008466734,23.164,24.31,573,86,0,0.01
1535,500,-228.1373576191454,23.93,25.056,563,91,0,0.01
1536,500,-195.04350594482014,19.214,20.298,542,84,0,0.01
1537,500,-227.0924569029587,23.734,24.932,599,82,0,0.01
1538,500,-209.716892937318,21.35,22.514,582,86,0,0.01
1539,500,-206.82391885795732,20.538,21.696,579,81,0,0.01
1540,500,-240.49115185335756,24.282,25.454,586,85,0,0.01
1541,500,-221.50850009192618,22.844,24.032,594,81,0,0.01
1542,500,-222.85122383497003,22.812,23.954,571,90,0,0.01
1543,500,-225.55401955962634,21.264,22.376,556,84,0,0.01
1544,500,-243.53026982335473,24.786,26.052,633,79,0,0.01
1545,500,-256.96833024435614,25.194,26.46,633,83,0,0.01
1546,500,-258.2544640285315,26.374,27.562,594,85,0,0.01
1547,500,-212.31819798691913,20.822,21.992,585,86,0,0.01
1548,500,-236.22150005563196,24.242,25.422,590,84,0,0.01
1549,500,-207.57112029758957,20.534,21.666,566,92,0,0.01
1550,500,-214.81247711588094,21.122,22.288,583,82,0,0.01
1551,500,-216.43629439872677,20.562,21.65,544,91,0,0.01
1552,500,-202.46421812725293,21.01,22.128,559,82,0,0.01
1553,500,-225.59276627871543,22.812,24.042,615,81,0,0.01
1554,500,-198.94201526976497,20.222,21.354,566,82,0,0.01
1555,500,-223.10414614564047,22.472,23.628,578,81,0,0.01
1556,500,-184.3023347519828,18.066,19.142,538,82,0,0.01
1557,500,-222.0813864117904,23.248,24.456,604,77,0,0.01
1558,500,-200.6780224679262,20.108,21.204,548,81,0,0.01
1559,500,-226.8454410887805,23.244,24.428,592,78,0,0.01
1560,500,-224.90190729734627,22.462,23.604,571,78,0,0.01
1561,500,-179.96514625452312,18.372,19.458,543,81,0,0.01
1562,500,-197.4982958528767,19.93,21.064,567,81,0,0.01
1563,500,-199.17205409628264,21.014,22.212,599,84,0,0.01
1564,500,-209.68872170818645,21.552,22.748,598,80,0,0.01
1565,500,-207.86316057825718,20.778,21.938,580,85,0,0.01
1566,500,-209.6830627122996,21.69,22.866,588,85,0,0.01
1567,500,-219.67715621580737,22.494,23.696,601,81,0,0.01
1568,500,-199.5433203193661,19.688,20.832,572,82,0,0.01
1569,500,-226.3683864480846,21.88,23.066,593,82,0,0.01
1570,500,-256.59115752478044,27.444,28.67,613,78,0,0.01
1571,500,-260.04668993465316,26.09,27.3,605,84,0,0.01
1572,500,-175.01595346720205,17.66,18.752,546,83,0,0.01
1573,500,-248.40663816596293,24.948,26.156,604,81,0,0.01
1574,500,-209.89773330509172,18.446,19.45,502,89,0,0.01
1575,500,-201.91975053712565,19.608,20.758,575,83,0,0.01
1576,500,-197.95333326153866,19.964,21.118,577,83,0,0.01
1577,500,-199.23971454631942,20.342,21.508,583,82,0,0.01
1578,500,-213.5483605637395,21.324,22.494,585,80,0,0.01
1579,500,-207.16110735541702,20.244,21.38,568,92,0,0.01
1580,500,-220.1212468836037,21.724,22.918,597,83,0,0.01
1581,500,-186.07708866923315,19.486,20.658,586,82,0,0.01
1582,500,-204.2625980304722,19.192,20.324,566,81,0,0.01
1583,500,-219.16073610450894,21.34,22.448,554,77,0,0.01
1584,500,-227.12641087827978,23.024,24.224,600,82,0,0.01
1585,500,-205.97547424387528,20.968,22.07,551,87,0,0.01
1586,500,-165.94903551898142,16.248,17.32,536,85,0,0.01
1587,500,-168.39829018145383,16.778,17.848,535,81,0,0.01
1588,500,-210.61589726347358,21.008,22.146,569,85,0,0.01
1589,500,-191.32422823371405,19.688,20.806,559,85,0,0.01
1590,500,-203.48697786110301,20.094,21.3,603,78,0,0.01
1591,500,-189.42018366318507,18.432,19.512,540,79,0,0.01
1592,500,-177.26296928138026,18.132,19.256,562,82,0,0.01
1593,500,-259.5071388385966,26.72,27.948,614,73,0,0.01
1594,500,-211.8404008444071,21.584,22.766,591,82,0,0.01
1595,500,-192.43678939993754,19.05,20.226,588,79,0,0.01
1596,500,-193.0375994483279,19.99,21.128,569,76,0,0.01
1597,500,-249.16528134767157,24.342,25.534,596,82,0,0.01
1598,500,-225.96919649647498,22.736,23.968,616,84,0,0.01
1599,500,-261.73238492134624,25.248,26.432,592,78,0,0.01
1600,500,-225.2274065521242,23.418,24.592,587,83,0,0.01
1601,500,-259.5241158262571,26.36,27.594,617,79,0,0.01
1602,500,-210.90252604885973,20.664,21.824,580,78,0,0.01
1603,500,-236.36764394626846,23.978,25.202,612,77,0,0.01
1604,500,-197.48131886521617,20.204,21.418,607,78,0,0.01
1605,500,-177.88100381803656,17.996,19.092,548,76,0,0.01
1606,500,-185.99331748365466,18.106,19.224,559,78,0,0.01
1607,500,-244.389413677697,25.974,27.222,624,80,0,0.01
1608,500,-188.18964983545663,18.95,20.078,564,80,0,0.01
1609,500,-182.63927574883712,18.418,19.538,560,82,0,0.01
1610,500,-206.37995194046368,20.972,22.118,573,77,0,0.01
1611,500,-220.78959363172817,22.254,23.472,609,78,0,0.01
1612,500,-204.2735447713378,19.986,21.156,585,73,0,0.01
1613,500,-180.90954629807618,16.706,17.79,542,78,0,0.01
1614,500,-212.6269677546419,21.442,22.622,590,79,0,0.01
1615,500,-255.31055898618922,26.586,27.806,610,74,0,0.01
1616,500,-196.16713760221194,19.044,20.194,575,81,0,0.01
1617,500,-209.16085985481163,20.894,22.092,599,76,0,0.01
1618,500,-197.67777496732083,20.718,21.916,599,79,0,0.01
1619,500,-211.67777496732083,20.79,21.916,563,81,0,0.01
1620,500,-180.35842970964052,18.25,19.386,568,79,0,0.01
1621,500,-217.01434471326706,22.176,23.38,602,80,0,0.01
1622,500,-226.96316624968006,23.884,25.154,635,69,0,0.01
1623,500,-188.35818220903514,18.922,20.098,588,79,0,0.01
1624,500,-231.36776769657115,23.604,24.846,621,78,0,0.01
1625,500,-180.46533187997716,17.786,18.924,569,76,0,0.01
1626,500,-162.66253048389797,16.202,17.286,542,76,0,0.01
1627,500,-235.72131443017793,24.724,25.956,616,74,0,0.01
1628,500,-186.45954913378762,18.29,19.398,554,74,0,0.01
1629,500,-202.04866993949622,20.44,21.604,582,76,0,0.01
1630,500,-177.0553189378046,17.53,18.638,554,81,0,0.01
1631,500,-196.8465548415047,20.1,21.224,562,83,0,0.01
1632,500,-238.36173744977623,24.81,26.032,611,79,0,0.01
1633,500,-195.6670757270606,19.258,20.372,557,77,0,0.01
1634,500,-173.91495779335764,17.266,18.384,559,79,0,0.01
1635,500,-194.98753473746513,18.606,19.698,546,81,0,0.01
1636,500,-197.1276483813067,19.576,20.664,544,79,0,0.01
1637,500,-220.01434471326706,22.198,23.38,591,79,0,0.01
1638,500,-190.18952608515394,19.274,20.434,580,79,0,0.01
1639,500,-184.94854051777065,17.638,18.744,553,77,0,0.01
1640,500,-233.90104104522743,24.862,26.096,617,76,0,0.01
1641,500,-200.53729007257118,20.824,22.018,597,77,0,0.01
1642,500,-191.2121620687013,18.814,19.962,574,76,0,0.01
1643,500,-208.71123394143115,21.464,22.632,584,83,0,0.01
1644,500,-172.47136212677208,16.668,17.738,535,81,0,0.01
1645,500,-173.7182541906476,17.442,18.598,578,73,0,0.01
1646,500,-187.80768437211293,18.804,19.914,555,78,0,0.01
1647,500,-186.97609299538874,19.166,20.29,562,72,0,0.01
1648,500,-199.10488864745662,20.322,21.492,585,73,0,0.01
1649,500,-168.4599203846957,17.246,18.33,542,72,0,0.01
1650,500,-199.28461526250612,20.416,21.632,608,72,0,0.01
1651,500,-170.79144988626854,16.992,18.132,570,75,0,0.01
1652,500,-177.56682255503233,16.736,17.868,566,72,0,0.01
1653,500,-202.75650590852592,20.496,21.688,596,74,0,0.01
1654,500,-160.05015494312852,16.218,17.332,557,72,0,0.01
1655,500,-215.1436353665457,21.922,23.158,618,73,0,0.01
1656,500,-192.37503544639299,18.958,20.1,571,71,0,0.01
1657,500,-181.52117933702948,18.742,19.88,569,77,0,0.01
1658,500,-170.55550456325864,16.972,18.104,566,74,0,0.01
1659,500,-159.60631177593757,16.31,17.398,544,74,0,0.01
1660,500,-176.46570313088523,16.722,17.856,567,78,0,0.01
1661,500,-185.67864121943967,18.23,19.424,597,75,0,0.01
1662,500,-175.02714770867306,17.728,18.872,572,74,0,0.01
1663,500,-179.8530800895104,17.504,18.614,555,77,0,0.01
1664,500,-167.44331464794323,16.55,17.616,533,74,0,0.01
1665,500,-208.5370425719658,21.484,22.73,623,69,0,0.01
1666,500,-203.23430305103795,19.722,20.914,596,74,0,0.01
1667,500,-194.13318362689085,19.74,20.902,581,75,0,0.01
1668,500,-191.1165778901384,19.074,20.188,557,82,0,0.01
1669,500,-161.51675784416955,15.38,16.438,529,73,0,0.01
1670,500,-189.4423246455217,19.322,20.464,571,74,0,0.01
1671,500,-186.81912611418932,18.17,19.322,576,77,0,0.01
1672,500,-207.53753757317656,20.134,21.306,586,77,0,0.01
1673,500,-184.2012153278357,18.016,19.13,557,74,0,0.01
1674,500,-178.69549445679752,18.28,19.426,573,73,0,0.01
1675,500,-208.9528382603279,21.37,22.542,586,77,0,0.01
1676,500,-180.8079318727183,18.064,19.202,569,74,0,0.01
1677,500,-172.65650023710305,17.378,18.472,547,67,0,0.01
1678,500,-204.4535188869927,19.432,20.584,576,81,0,0.01
1679,500,-160.66228298329258,16.848,17.998,575,71,0,0.01
1680,500,-201.4423246455217,19.342,20.464,561,76,0,0.01
1681,500,-162.59511753446657,16.204,17.278,537,75,0,0.01
1682,500,-153.15705711346516,15.76,16.87,555,74,0,0.01
1683,500,-186.59425128234773,18.616,19.77,577,76,0,0.01
1684,500,-189.15619086134632,18.184,19.362,589,74,0,0.01
1685,500,-219.3236094822006,21.342,22.586,622,74,0,0.01
1686,500,-198.37995194046368,20.914,22.118,602,75,0,0.01
1687,500,-171.81962111540008,16.736,17.898,581,73,0,0.01
1688,500,-171.65650023710305,17.328,18.472,572,75,0,0.01
1689,500,-195.6220512605712,19.432,20.604,586,73,0,0.01
1690,500,-216.705698695847,21.196,22.394,599,74,0,0.01
1691,500,-190.98716348655705,19.616,20.766,575,75,0,0.01
1692,500,-207.46446562785832,20.22,21.416,598,75,0,0.01
1693,500,-191.95358076214404,19.252,20.406,577,75,0,0.01
1694,500,-193.98703973625436,19.988,21.122,567,77,0,0.01
1695,500,-187.9592397580309,19.07,20.288,609,74,0,0.01
1696,500,-230.95197200820905,23.782,25.034,626,78,0,0.01
1697,500,-167.21290457051748,16.672,17.826,577,76,0,0.01
1698,500,-180.1564383619517,17.534,18.65,558,79,0,0.01
1699,500,-162.17944559640716,16.02,17.11,545,70,0,0.01
1700,500,-168.92627578513134,16.97,18.148,589,76,0,0.01
1701,500,-163.62882400918227,16.164,17.282,559,71,0,0.01
1702,500,-202.24537354220627,20.168,21.39,611,76,0,0.01
1703,500,-156.30307725379896,15.934,17.006,536,77,0,0.01
1704,500,-202.38548718604784,21.204,22.356,576,77,0,0.01
1705,500,-187.431006653748,19.474,20.7,613,78,0,0.01
1706,500,-201.3297634792982,19.872,21.044,586,77,0,0.01
1707,500,-178.63989450035058,16.64,17.758,559,77,0,0.01
1708,500,-185.49891460439017,18.108,19.284,588,80,0,0.01
1709,500,-198.90843254535196,19.802,20.994,596,78,0,0.01
1710,500,-190.1838670892671,19.36,20.552,596,76,0,0.01
1711,500,-177.28585276553304,16.908,18.072,582,77,0,0.01
1712,500,-193.3073749963562,19.616,20.804,594,79,0,0.01
1713,500,-197.65538648437882,20.5,21.676,588,77,0,0.01
1714,500,-172.09480815870984,17.01,18.168,579,74,0,0.01
1715,500,-151.82036361721623,14.718,15.762,522,73,0,0.01
1716,500,-154.3201779917622,15.258,16.296,519,80,0,0.01
1717,500,-187.20662682311718,18.594,19.724,565,76,0,0.01
1718,500,-201.80731312120486,19.77,20.982,606,74,0,0.01
1719,500,-192.7570009097367,19.132,20.264,566,84,0,0.01
1720,500,-188.94238652067304,19.136,20.286,575,74,0,0.01
1721,500,-171.03858945074944,17.122,18.28,579,79,0,0.01
1722,500,-210.13834762156694,20.948,22.208,630,76,0,0.01
1723,500,-172.2015865787438,16.978,18.062,542,78,0,0.01
1724,500,-211.20588432130103,20.602,21.86,629,79,0,0.01
1725,500,-199.05432893538307,20.29,21.486,598,79,0,0.01
1726,500,-268.36628269293885,27.882,29.118,618,73,0,0.01
1727,500,-192.30774624726428,18.618,19.736,559,76,0,0.01
1728,500,-202.51490158962918,20.586,21.778,596,73,0,0.01
1729,500,-199.9816282409729,19.356,20.528,586,79,0,0.01
1730,500,-219.19407132831657,22.32,23.52,600,71,0,0.01
1731,500,-180.87509732154433,18.772,19.922,575,77,0,0.01
1732,500,-203.16689010160655,19.768,20.906,569,75,0,0.01
1733,500,-241.28325400917652,24.266,25.548,641,76,0,0.01
1734,500,-216.70041095086822,20.294,21.444,575,81,0,0.01
1735,500,-197.35756345752168,20.722,21.878,578,76,0,0.01
1736,500,-242.97448424145375,23.724,24.918,597,80,0,0.01
1737,500,-187.0154584659913,18.978,20.176,599,78,0,0.01
1738,500,-213.71160519233922,20.326,21.564,619,77,0,0.01
1739,500,-174.33062973141705,17.416,18.552,568,78,0,0.01
1740,500,-186.84139084682863,18.722,19.918,598,77,0,0.01
1741,500,-216.18337208805633,20.844,21.976,566,80,0,0.01
1742,500,-224.18262958624018,22.9,24.112,606,80,0,0.01
1743,500,-173.80276787804223,16.81,17.896,543,81,0,0.01
1744,500,-172.0666369295783,17.294,18.402,554,78,0,0.01
1745,500,-180.40886567141138,18.634,19.748,557,76,0,0.01
1746,500,-174.111537645765,17.412,18.526,557,81,0,0.01
1747,500,-224.4918943551737,22.166,23.318,576,79,0,0.01
1748,500,-189.26825702635904,19.084,20.206,561,70,0,0.01
1749,500,-200.0938181562883,19.846,21.016,585,78,0,0.01
1750,500,-197.8130958673944,19.326,20.508,591,76,0,0.01
1751,500,-194.57173904910303,18.738,19.886,574,73,0,0.01
1752,500,-165.8083031236264,17.044,18.134,545,76,0,0.01
1753,500,-168.97130025162073,16.816,17.916,550,75,0,0.01
1754,500,-177.9090512968654,18.086,19.214,564,77,0,0.01
1755,500,-178.89207430920487,18.372,19.568,598,75,0,0.01
1756,500,-190.3300109799036,19.128,20.332,602,74,0,0.01
1757,500,-177.16750885312,17.984,19.126,571,75,0,0.01
1758,500,-187.68983546091067,18.378,19.544,583,75,0,0.01
1759,500,-231.14338786594033,22.622,23.87,624,76,0,0.01
1760,500,-178.49325560850332,18.28,19.402,561,79,0,0.01
1761,500,-200.37995194046368,20.898,22.118,610,81,0,0.01
1762,500,-195.71775918943683,18.87,20.022,576,75,0,0.01
1763,500,-182.06601817806484,19.008,20.182,587,78,0,0.01
1764,500,-177.19568008225156,17.786,18.892,553,73,0,0.01
1765,500,-187.09443690780176,18.05,19.236,593,74,0,0.01
1766,500,-227.3124152407296,21.246,22.466,610,81,0,0.01
1767,500,-192.97609299538874,19.142,20.29,574,80,0,0.01
1768,500,-206.85209008708887,20.3,21.462,581,76,0,0.01
1769,500,-203.00376922330952,20.302,21.48,589,77,0,0.01
1770,500,-181.9592397580309,19.138,20.288,575,76,0,0.01
1771,500,-207.40271167431376,20.094,21.29,598,74,0,0.01
1772,500,-161.90967004837887,16.418,17.434,508,81,0,0.01
1773,500,-184.2963045051879,19.21,20.328,559,76,0,0.01
1774,500,-181.25152753930388,18.658,19.848,595,76,0,0.01
1775,500,-212.30663249454005,21.71,22.94,615,80,0,0.01
1776,500,-155.1740341011257,15.456,16.516,530,76,0,0.01
1777,500,-173.52167433824025,17.292,18.456,582,79,0,0.01
1778,500,-178.4148959182063,17.378,18.562,592,72,0,0.01
1779,500,-165.15668586255708,16.886,17.938,526,75,0,0.01
1780,500,-188.3634699540139,19.852,21.048,598,74,0,0.01
1781,500,-178.9091750471681,17.678,18.858,590,73,0,0.01
1782,500,-194.50998509555848,18.582,19.76,589,70,0,0.01
1783,500,-180.74617791917376,17.948,19.076,564,75,0,0.01
1784,500,-204.9140915412388,19.7,20.876,588,75,0,0.01
1785,500,-212.0876641591907,21.32,22.558,619,79,0,0.01
1786,500,-177.29655200579327,18.416,19.616,600,70,0,0.01
1787,500,-230.44108714249478,22.774,24.024,625,77,0,0.01
1788,500,-171.70115345268437,18.21,19.308,549,79,0,0.01
1789,500,-168.83081535687108,16.9,18.018,559,77,0,0.01
1790,500,-204.25656778367727,20.298,21.51,606,73,0,0.01
1791,500,-163.65662398740574,17.052,18.116,532,77,0,0.01
1792,500,-179.75171316475792,18.236,19.314,539,81,0,0.01
1793,500,-199.03809444953868,18.586,19.704,559,74,0,0.01
1794,500,-166.4772686232643,15.812,16.908,548,77,0,0.01
1795,500,-171.52204558914832,16.282,17.388,553,78,0,0.01
1796,500,-171.5722340503138,17.324,18.462,569,77,0,0.01
1797,500,-188.66732322766597,18.52,19.66,570,75,0,0.01
1798,500,-205.02628145655422,20.186,21.364,589,77,0,0.01
1799,500,-185.69524695619214,18.966,20.138,586,77,0,0.01
1800,500,-174.5609160585401,17.544,18.698,577,75,0,0.01
1801,500,-224.8630368279545,21.118,22.294,588,77,0,0.01
1802,500,-191.94213902006766,19.838,20.998,580,83,0,0.01
1803,500,-194.3635937043166,19.444,20.692,624,71,0,0.01
1804,500,-195.43678939993754,19.062,20.226,582,77,0,0.01
1805,500,-171.16197360753586,17.744,18.888,572,79,0,0.01
1806,500,-202.3298872296009,19.566,20.688,561,74,0,0.01
1807,500,-196.23430305103795,19.736,20.914,589,78,0,0.01
1808,500,-195.13305987658816,20.036,21.258,611,72,0,0.01
1809,500,-211.86844832323595,21.686,22.888,601,72,0,0.01
1810,500,-168.05015494312852,16.244,17.332,544,80,0,0.01
1811,500,-180.03858945074944,17.196,18.28,542,75,0,0.01
1812,500,-165.1176916428626,15.932,16.984,526,76,0,0.01
1813,500,-216.70532744493892,22.164,23.462,649,76,0,0.01
1814,500,-194.67248722234206,19.816,20.966,575,77,0,0.01
1815,500,-204.6444397435132,19.658,20.844,593,77,0,0.01
1816,500,-222.56533755140003,20.936,22.14,602,70,0,0.01
1817,500,-185.36408870552737,18.138,19.268,565,75,0,0.01
1818,500,-182.15619086134632,18.246,19.362,558,80,0,0.01
1819,500,-167.58933478827703,16.63,17.752,561,76,0,0.01
1820,500,-243.4232439027154,25.626,26.87,622,74,0,0.01
1821,500,-196.93082102829396,20.136,21.234,549,82,0,0.01
1822,500,-221.020374960062,20.976,22.194,609,77,0,0.01
1823,500,-202.41919366076354,21.144,22.36,608,73,0,0.01
1824,500,-180.16184985723316,18.122,19.244,561,77,0,0.01
1825,500,-184.77410164769992,18.45,19.554,552,75,0,0.01
1826,500,-174.7967376312473,17.922,19.082,580,75,0,0.01
1827,500,-204.74518791675223,20.714,21.924,605,78,0,0.01
1828,500,-189.45930163318224,18.898,20.11,606,74,0,0.01
1829,500,-169.9430052721865,17.362,18.506,572,78,0,0.01
1830,500,-190.24574479311434,19.158,20.322,582,83,0,0.01
1831,500,-200.10464114685124,20.97,22.204,617,73,0,0.01
1832,500,-233.73325117346508,22.762,23.94,589,79,0,0.01
1833,500,-174.8979808056971,17.608,18.738,565,73,0,0.01
1834,500,-206.55992605611857,20.378,21.546,584,83,0,0.01
1835,500,-191.72858217999976,20.024,21.21,593,79,0,0.01
1836,500,-184.93685127508888,18.878,20.048,585,76,0,0.01
1837,500,-190.36912894990076,19.772,20.93,579,76,0,0.01
1838,500,-190.04375344542552,18.422,19.586,582,79,0,0.01
1839,500,-216.88554906119919,20.972,22.178,603,73,0,0.01
1840,500,-181.66166423177913,18.614,19.778,582,81,0,0.01
1841,500,-183.36937645050614,19.112,20.218,553,82,0,0.01
1842,500,-193.42547140816384,19.328,20.462,567,86,0,0.01
1843,500,-226.87348856760934,23.3,24.55,625,75,0,0.01
1844,500,-193.66166423177913,18.638,19.778,570,83,0,0.01
1845,500,-173.4375319017537,16.956,18.09,567,81,0,0.01
1846,500,-169.11732039195454,16.942,18.052,555,76,0,0.01
1847,500,-187.5883447858555,19.402,20.6,599,76,0,0.01
1848,500,-188.89207430920487,18.424,19.568,572,74,0,0.01
1849,500,-173.34157647228267,18.2,19.384,592,73,0,0.01
1850,500,-188.25718653519073,18.564,19.73,583,76,0,0.01
1851,500,-181.75774341155284,17.01,18.128,559,74,0,0.01
1852,500,-205.20600807160372,20.264,21.504,620,76,0,0.01
1853,500,-225.09332315507754,21.268,22.44,586,82,0,0.01
1854,500,-196.0152109653859,19.702,20.888,593,80,0,0.01
1855,500,-169.9992239801469,17.264,18.394,565,78,0,0.01
1856,500,-266.8273503483957,26.734,27.986,626,75,0,0.01
1857,500,-213.71123394143115,21.432,22.632,600,81,0,0.01
1858,500,-163.57801679650333,16.88,17.988,554,79,0,0.01
1859,500,-222.78356338493325,23.406,24.658,626,74,0,0.01
1860,500,-207.70016345026283,20.924,22.156,616,77,0,0.01
1861,500,-192.12198938541985,19.602,20.782,590,80,0,0.01
1862,500,-185.29642825549058,18.794,19.972,589,82,0,0.01
1863,500,-224.9752267432699,21.592,22.782,595,77,0,0.01
1864,500,-220.61540226226282,22.372,23.57,599,75,0,0.01
1865,500,-160.6120945221271,15.832,16.924,546,78,0,0.01
1866,500,-191.41415341639015,19.536,20.698,581,77,0,0.01
1867,500,-221.96932024677767,22.394,23.612,609,82,0,0.01
1868,500,-218.46434187755563,20.6,21.772,586,77,0,0.01
1869,500,-180.38672468907475,17.658,18.796,569,75,0,0.01
1870,500,-183.14499661987531,18.072,19.242,585,72,0,0.01
1871,500,-207.12740088070132,20.164,21.376,606,76,0,0.01
1872,500,-172.1452441204807,17.392,18.53,569,76,0,0.01
1873,500,-200.8469260924128,18.988,20.156,584,74,0,0.01
1874,500,-222.94127276794882,22.288,23.49,601,74,0,0.01
1875,500,-193.74605416887107,18.306,19.432,563,80,0,0.01
1876,500,-229.46938212192902,22.254,23.434,590,74,0,0.01
1877,500,-193.86390308007333,18.644,19.802,579,81,0,0.01
1878,500,-181.41440091699553,18.836,19.986,575,80,0,0.01
1879,500,-218.22273755865888,20.71,21.862,576,75,0,0.01
1880,500,-191.67236347203936,20.124,21.322,599,75,0,0.01
1881,500,-201.81838361237317,20.306,21.458,576,76,0,0.01
1882,500,-199.44798364140854,19.242,20.346,552,74,0,0.01
1883,500,-182.28535776432227,18.322,19.496,587,78,0,0.01
1884,500,-167.44319089764053,16.876,17.972,548,70,0,0.01
1885,500,-203.70606994675506,20.15,21.326,588,76,0,0.01
1886,500,-230.76708139848347,22.354,23.588,617,76,0,0.01
1887,500,-209.81272461648632,20.38,21.576,598,71,0,0.01
1888,500,-184.06601817806484,19.016,20.182,583,74,0,0.01
1889,500,-210.39655767721615,21.624,22.832,604,73,0,0.01
1890,500,-212.17205409628264,21.018,22.212,597,72,0,0.01
1891,500,-169.49399811031947,16.186,17.266,540,75,0,0.01
1892,500,-175.70115345268437,18.154,19.308,577,75,0,0.01
1893,500,-225.55881230339435,23.55,24.75,600,78,0,0.01
1894,500,-216.37379794336607,22.44,23.66,610,77,0,0.01
1895,500,-170.75761966125015,17.356,18.484,564,72,0,0.01
1896,500,-221.15445835710864,23.172,24.346,587,75,0,0.01
1897,500,-208.49276060729255,19.668,20.826,579,70,0,0.01
1898,500,-238.32299073068714,23.18,24.366,593,76,0,0.01
1899,500,-164.35904846115398,16.476,17.606,565,71,0,0.01
1900,500,-167.21806856519356,17.99,19.132,571,72,0,0.01
1901,500,-216.09282815386678,22.648,23.864,608,72,0,0.01
1902,500,-176.27416352285127,18.24,19.376,568,77,0,0.01
1903,500,-187.49313185820063,18.64,19.758,559,72,0,0.01
1904,500,-183.12789588191208,18.79,19.952,581,78,0,0.01
1905,500,-167.88125131864194,17.284,18.38,548,75,0,0.01
1906,500,-199.15532460922748,20.646,21.854,604,75,0,0.01
1907,500,-188.50407859906625,19.424,20.59,583,72,0,0.01
1908,500,-195.22323255986964,19.3,20.438,569,73,0,0.01
1909,500,-188.85836783448917,18.404,19.564,580,72,0,0.01
1910,500,-199.11670164044108,18.7,19.832,566,72,0,0.01
1911,500,-163.51060384707193,16.844,17.98,568,74,0,0.01
1912,500,-189.11091889425154,19.13,20.306,588,79,0,0.01
1913,500,-180.6845477159319,17.436,18.594,579,77,0,0.01
1914,500,-204.6220512605712,19.446,20.604,579,78,0,0.01
1915,500,-201.9416440188569,21.242,22.422,590,75,0,0.01
1916,500,-170.95985850954435,17.396,18.508,556,76,0,0.01
1917,500,-216.55352455841557,22.554,23.8,623,74,0,0.01
1918,500,-185.12236063632793,18.608,19.714,553,78,0,0.01
1919,500,-167.38156069439867,16.386,17.49,552,73,0,0.01
1920,500,-181.90351605128126,17.826,18.976,575,77,0,0.01
1921,500,-191.34132897167729,18.936,20.096,580,72,0,0.01
1922,500,-201.27920376722466,19.802,21.038,618,76,0,0.01
1923,500,-171.91495779335764,17.25,18.384,567,74,0,0.01
1924,500,-171.53311608031663,16.678,17.864,593,73,0,0.01
1925,500,-181.34711171786682,18.486,19.622,568,74,0,0.01
1926,500,-206.14425411805917,20.156,21.378,611,76,0,0.01
1927,500,-182.64505849502666,17.948,19.064,558,77,0,0.01
1928,500,-185.26296928138026,18.112,19.256,572,75,0,0.01
1929,500,-198.70606994675506,20.102,21.326,612,72,0,0.01
1930,500,-208.93623252357543,20.626,21.828,601,71,0,0.01
1931,500,-270.304652489697,27.324,28.636,656,70,0,0.01
1932,500,-174.54406282118225,17.484,18.696,606,74,0,0.01
1933,500,-206.716892937318,21.326,22.514,594,76,0,0.01
1934,500,-163.01078947252597,16.386,17.446,530,74,0,0.01
1935,500,-210.28449151220343,20.796,21.988,596,75,0,0.01
1936,500,-171.5161390926561,17.12,18.218,549,80,0,0.01
1937,500,-183.78517213886823,18.844,20.03,593,74,0,0.01
1938,500,-204.9416440188569,21.298,22.422,562,75,0,0.01
1939,500,-188.15053186545947,18.338,19.48,571,75,0,0.01
1940,500,-159.14586287199415,15.63,16.75,560,69,0,0.01
1941,500,-222.78368713523594,23.11,24.302,596,76,0,0.01
1942,500,-192.80743687150755,19.424,20.626,601,78,0,0.01
1943,500,-201.431006653748,19.576,20.7,562,82,0,0.01
1944,500,-179.85873908539725,17.368,18.496,564,74,0,0.01
1945,500,-199.2847390128088,20.092,21.276,592,74,0,0.01
1946,500,-158.11744414225723,16.57,17.696,563,74,0,0.01
1947,500,-156.80855062423177,16.256,17.422,583,73,0,0.01
1948,500,-153.0617204355076,15.28,16.384,552,73,0,0.01
1949,500,-178.94263402127842,18.402,19.574,586,77,0,0.01
1950,500,-208.53163107668433,20.876,22.136,630,70,0,0.01
1951,500,-185.57173904910303,18.704,19.886,591,70,0,0.01
1952,500,-168.8193736147947,17.448,18.61,581,74,0,0.01
1953,500,-195.19530883134348,18.78,19.96,590,74,0,0.01
1954,500,-176.2912642608145,17.506,18.666,580,74,0,0.01
1955,500,-176.45389013790077,18.36,19.516,578,72,0,0.01
1956,500,-161.71850169125298,16.742,17.886,572,75,0,0.01
1957,500,-170.08927291312568,16.828,17.93,551,70,0,0.01
1958,500,-150.52844708685132,14.092,15.134,521,73,0,0.01
1959,500,-169.95998225984704,17.046,18.152,553,76,0,0.01
1960,500,-183.77373039679185,19.444,20.622,589,75,0,0.01
1961,500,-192.52634333170556,20.054,21.186,566,82,0,0.01
1962,500,-201.88001381561503,20.74,21.94,600,75,0,0.01
1963,500,-158.56202981126432,14.404,15.494,545,68,0,0.01
1964,500,-168.66228298329258,16.85,17.998,574,75,0,0.01
1965,500,-173.05003119282583,16.578,17.688,555,74,0,0.01
1966,500,-160.6569952383138,15.928,17.048,560,75,0,0.01
1967,500,-182.00451172512567,18.16,19.344,592,73,0,0.01
1968,500,-147.9607247616632,14.958,16.016,529,71,0,0.01
1969,500,-170.9992239801469,17.246,18.394,574,73,0,0.01
1970,500,-197.06601817806484,19.002,20.182,590,73,0,0.01
1971,500,-166.35892471085128,16.81,17.962,576,73,0,0.01
1972,500,-177.84139084682863,18.746,19.918,586,74,0,0.01
1973,500,-184.55513331235056,17.986,19.172,593,72,0,0.01
1974,500,-187.59412753204504,18.95,20.126,588,80,0,0.01
1975,500,-201.64985123879467,20.254,21.438,592,70,0,0.01
1976,500,-195.17783684247217,20.536,21.738,601,71,0,0.01
1977,500,-151.8818700701554,15.468,16.6,566,68,0,0.01
1978,500,-161.01103697313135,15.59,16.734,572,74,0,0.01
1979,500,-182.53237357850048,18.81,20.0,595,71,0,0.01
1980,500,-174.1790743454991,17.03,18.178,574,72,0,0.01
1981,500,-165.65687148801112,16.27,17.404,567,71,0,0.01
1982,500,-187.3249707355302,17.546,18.67,562,77,0,0.01
1983,500,-193.0938181562883,19.806,21.016,605,71,0,0.01
1984,500,-166.5723578006165,16.916,18.106,595,75,0,0.01
1985,500,-208.29531450276636,21.964,23.176,606,70,0,0.01
1986,500,-154.9155765448711,15.48,16.604,562,73,0,0.01
1987,500,-167.34170022258536,17.832,19.028,598,70,0,0.01
1988,500,-181.02690020806767,18.436,19.584,574,74,0,0.01
1989,500,-163.34231897409882,16.134,17.248,557,71,0,0.01
1990,500,-166.39263118556698,16.766,17.966,600,71,0,0.01
1991,500,-158.02764270988382,16.286,17.448,581,76,0,0.01
1992,500,-204.07118217274092,20.228,21.488,630,71,0,0.01
1993,500,-190.27945126783004,19.152,20.326,587,75,0,0.01
1994,500,-186.10550739897008,18.614,19.712,549,75,0,0.01
1995,500,-168.8529563392077,17.826,18.97,572,75,0,0.01
1996,500,-193.47061962495593,18.71,19.874,582,70,0,0.01
1997,500,-152.23566430436756,15.886,16.998,556,69,0,0.01
1998,500,-217.4583116307607,21.71,22.958,624,79,0,0.01
1999,500,-181.5609160585401,17.652,18.698,523,76,0,0.01
2000,500,-179.1165778901384,19.012,20.188,588,70,0,0.01
2001,500,-201.84101959592056,19.764,20.986,611,73,0,0.01
2002,500,-175.42621390998,17.192,18.326,567,74,0,0.01
2003,500,-153.62931901039303,14.818,15.858,520,75,0,0.01
2004,500,-188.79649013064193,18.654,19.794,570,75,0,0.01
2005,500,-151.61775351801396,15.686,16.806,560,72,0,0.01
2006,500,-154.97720674811296,15.988,17.086,549,74,0,0.01
2007,500,-153.01091322282866,15.93,17.09,580,72,0,0.01
2008,500,-160.0951794096179,16.06,17.1,520,73,0,0.01
2009,500,-175.31906423903797,18.294,19.5,603,68,0,0.01
2010,500,-152.30861249938312,16.098,17.244,573,72,0,0.01
2011,500,-164.50506860148778,16.608,17.742,567,73,0,0.01
2012,500,-182.8417620977367,17.704,18.85,573,73,0,0.01
2013,500,-210.3459979651426,21.568,22.826,629,72,0,0.01
2014,500,-222.05974043066453,20.88,22.08,600,80,0,0.01
2015,500,-194.53766132347926,19.802,20.95,574,82,0,0.01
2016,500,-198.29580950397713,20.534,21.752,609,74,0,0.01
2017,500,-180.72907718121053,18.604,19.786,591,75,0,0.01
2018,500,-170.09456065810446,17.712,18.88,584,74,0,0.01
2019,500,-187.5883447858555,19.396,20.6,602,77,0,0.01
2020,500,-172.80252037743685,17.428,18.608,590,74,0,0.01
2021,500,-187.84151459713132,18.394,19.562,584,76,0,0.01
2022,500,-209.98666848534629,20.96,22.19,615,75,0,0.01
2023,500,-150.7807506460083,15.476,16.588,556,73,0,0.01
2024,500,-194.20072032662495,19.382,20.554,586,76,0,0.01
2025,500,-169.1565621122544,17.136,18.294,579,74,0,0.01
2026,500,-158.17944559640716,15.972,17.11,569,76,0,0.01
2027,500,-152.30344850470703,14.832,15.938,553,72,0,0.01
2028,500,-153.71887294216106,15.722,16.818,548,72,0,0.01
2029,500,-150.99984273166035,15.502,16.614,556,74,0,0.01
2030,500,-254.50147984270973,26.774,28.066,646,70,0,0.01
2031,500,-198.98679223564898,20.618,21.834,608,75,0,0.01
2032,500,-150.095550660526,14.994,16.032,519,74,0,0.01
2033,500,-189.20096782723033,18.688,19.842,577,76,0,0.01
2034,500,-181.13970887489654,17.138,18.292,577,74,0,0.01
2035,500,-187.35264696345098,18.69,19.86,585,72,0,0.01
2036,500,-159.19605133315963,16.636,17.824,594,72,0,0.01
2037,500,-179.09468440840715,17.37,18.524,577,72,0,0.01
2038,500,-172.29151176141988,16.76,17.954,597,74,0,0.01
2039,500,-180.11129014515961,18.044,19.238,597,70,0,0.01
2040,500,-170.470990875864,17.672,18.806,567,78,0,0.01
2041,500,-171.9206167892445,17.11,18.266,578,72,0,0.01
2042,500,-200.39705267842692,20.144,21.408,632,75,0,0.01
2043,500,-149.73622118072967,14.316,15.396,540,71,0,0.01
2044,500,-181.3362887273039,17.314,18.434,560,77,0,0.01
2045,500,-194.4648368787664,19.162,20.348,593,75,0,0.01
2046,500,-169.46545563027985,17.388,18.568,590,70,0,0.01
2047,500,-155.3201779917622,15.182,16.296,557,72,0,0.01
2048,500,-181.60556927412142,18.35,19.534,592,74,0,0.01
2049,500,-177.7743491483053,17.624,18.842,609,73,0,0.01
2050,500,-166.4322441567749,16.03,17.14,555,70,0,0.01
2051,500,-181.59412753204504,18.948,20.126,589,75,0,0.01
2052,500,-187.08865416161223,18.512,19.71,599,78,0,0.01
2053,500,-182.86943832565748,18.836,20.04,602,79,0,0.01
2054,500,-167.8641505806787,17.892,19.09,599,76,0,0.01
2055,500,-171.05507143719922,18.188,19.35,581,75,0,0.01
2056,500,-161.16246860874662,16.338,17.464,563,73,0,0.01
2057,500,-175.52155058793755,17.668,18.812,572,71,0,0.01
2058,500,-193.049164940707,18.998,20.18,591,75,0,0.01
2059,500,-155.28659526734918,14.876,15.936,530,74,0,0.01
2060,500,-160.2300053084807,15.952,17.116,582,74,0,0.01
2061,500,-171.72403693683714,16.97,18.124,577,74,0,0.01
2062,500,-148.99467873698427,14.282,15.308,513,72,0,0.01
2063,500,-180.98187574157828,18.61,19.816,603,76,0,0.01
2064,500,-181.61110451970558,18.518,19.772,627,76,0,0.01
2065,500,-170.95985850954435,17.33,18.508,589,74,0,0.01
2066,500,-180.2238513113831,17.448,18.658,605,76,0,0.01
2067,500,-190.62758650615535,19.638,20.842,602,77,0,0.01
2068,500,-171.61184702152173,16.504,17.636,566,77,0,0.01
2069,500,-172.64530599563204,17.198,18.352,577,75,0,0.01
2070,500,-196.94755051534912,20.38,21.592,606,76,0,0.01
2071,500,-160.2189348173124,15.596,16.64,522,75,0,0.01
2072,500,-170.87018082747363,16.76,17.904,572,72,0,0.01
2073,500,-199.66658072584983,20.58,21.796,608,73,0,0.01
2074,500,-172.2912642608145,17.484,18.666,591,69,0,0.01
2075,500,-166.2913880111172,17.158,18.31,576,71,0,0.01
2076,500,-178.11670164044108,18.65,19.832,591,72,0,0.01
2077,500,-183.41464841760092,18.132,19.274,571,73,0,0.01
2078,500,-174.97634049599412,18.37,19.578,604,75,0,0.01
2079,500,-160.6683132300875,15.706,16.812,553,72,0,0.01
2080,500,-159.44343839824592,16.152,17.26,554,73,0,0.01
2081,500,-157.5222930897537,15.554,16.676,561,73,0,0.01
2082,500,-141.52819958624593,14.73,15.846,558,70,0,0.01
2083,500,-180.7855433897763,17.816,18.962,573,75,0,0.01
2084,500,-190.16110735541702,20.236,21.38,572,77,0,0.01
2085,500,-191.3521519622402,20.108,21.284,588,76,0,0.01
2086,500,-176.61738226710588,16.722,17.874,576,72,0,0.01
2087,500,-178.493379358806,17.858,19.046,594,72,0,0.01
2088,500,-182.9315635301101,17.92,19.098,589,69,0,0.01
2089,500,-177.40911317201676,17.836,19.036,600,73,0,0.01
2090,500,-156.7021434551059,15.338,16.46,561,73,0,0.01
2091,500,-172.1678801040281,16.892,18.058,583,71,0,0.01
2092,500,-160.62919526009034,15.11,16.214,552,73,0,0.01
2093,500,-208.08791165979608,20.638,21.846,604,77,0,0.01
2094,500,-170.95985850954435,17.374,18.508,567,71,0,0.01
2095,500,-210.23442680134065,19.4,20.558,579,72,0,0.01
2096,500,-167.5049448511851,16.914,18.098,592,74,0,0.01
2097,500,-148.90462980400548,14.676,15.772,548,71,0,0.01
2098,500,-182.68983546091067,18.374,19.544,585,72,0,0.01
2099,500,-150.20245283086263,14.482,15.57,544,73,0,0.01
2100,500,-159.28093627146234,14.956,16.054,549,72,0,0.01
2101,500,-199.15569586013555,19.546,20.786,620,74,0,0.01
2102,500,-168.93218228162357,16.176,17.318,571,74,0,0.01
2103,500,-164.12863838372823,16.666,17.816,575,75,0,0.01
2104,500,-152.34822547059105,15.31,16.418,554,73,0,0.01
2105,500,-210.2335605492218,21.786,23.05,632,74,0,0.01
2106,500,-144.34834922089374,14.978,16.062,542,70,0,0.01
2107,500,-169.25780528670418,16.816,17.95,567,70,0,0.01
2108,500,-175.82478511007616,18.028,19.204,588,72,0,0.01
2109,500,-181.17292034840148,18.508,19.72,606,74,0,0.01
2110,500,-168.93722252599696,17.81,18.98,585,77,0,0.01
2111,500,-162.25227004112003,16.57,17.712,571,70,0,0.01
2112,500,-178.38094194288522,18.054,19.27,608,76,0,0.01
2113,500,-153.87645857487394,14.912,16.006,547,73,0,0.01
2114,500,-168.15102686667024,16.922,18.056,567,73,0,0.01
2115,500,-182.38660093877206,18.028,19.152,562,77,0,0.01
2116,500,-172.17870309459101,18.058,19.246,594,77,0,0.01
2117,500,-190.16701385190925,19.36,20.55,595,78,0,0.01
2118,500,-168.6958657077056,17.18,18.358,589,75,0,0.01
2119,500,-159.03317795546798,16.578,17.686,554,77,0,0.01
2120,500,-190.03218795304645,19.368,20.534,583,77,0,0.01
2121,500,-179.28548151462496,18.032,19.14,554,83,0,0.01
2122,500,-192.67248722234206,19.796,20.966,585,77,0,0.01
2123,500,-184.67851746913698,18.592,19.78,594,75,0,0.01
2124,500,-178.80227287683147,18.146,19.32,587,82,0,0.01
2125,500,-178.01582971689936,18.002,19.108,553,83,0,0.01
2126,500,-161.9267707863421,15.628,16.724,548,78,0,0.01
2127,500,-182.76278365592623,18.608,19.79,591,80,0,0.01
2128,500,-191.70090595207898,18.864,20.02,578,72,0,0.01
2129,500,-152.69636070891636,15.846,16.934,544,74,0,0.01
2130,500,-175.18448584078055,17.608,18.772,582,74,0,0.01
2131,500,-166.30861249938312,16.152,17.244,546,78,0,0.01
2132,500,-194.67261097264475,19.414,20.61,598,75,0,0.01
2133,500,-214.27908001692197,20.222,21.394,586,77,0,0.01
2134,500,-172.57752179529257,18.232,19.412,590,75,0,0.01
2135,500,-159.71874919185836,16.07,17.174,552,78,0,0.01
2136,500,-174.90351605128126,17.784,18.976,596,71,0,0.01
2137,500,-201.32385698280598,20.664,21.874,605,77,0,0.01
2138,500,-181.437408151451,17.266,18.446,590,73,0,0.01
2139,500,-192.07721241953584,19.104,20.302,599,77,0,0.01
2140,500,-202.71160519233922,20.36,21.564,602,72,0,0.01
2141,500,-188.60532177351604,19.046,20.246,600,71,0,0.01
2142,500,-180.29679950639866,17.74,18.904,582,70,0,0.01
2143,500,-168.69045421242413,16.572,17.764,596,73,0,0.01
2144,500,-194.56608005321618,18.828,20.004,588,75,0,0.01
2145,500,-174.71850169125298,16.756,17.886,565,76,0,0.01
2146,500,-171.96022976045242,16.318,17.44,561,74,0,0.01
2147,500,-175.6733534744609,17.35,18.474,562,75,0,0.01
2148,500,-174.09493190901253,16.682,17.812,565,73,0,0.01
2149,500,-178.31931173964335,17.65,18.788,569,75,0,0.01
2150,500,-210.07105842243823,20.63,21.844,607,76,0,0.01
2151,500,-149.37061395353305,15.56,16.658,549,74,0,0.01
2152,500,-170.76893765302384,17.138,18.248,555,74,0,0.01
2153,500,-152.4323679070776,15.678,16.784,553,76,0,0.01
2154,500,-204.44182964431093,20.654,21.888,617,73,0,0.01
2155,500,-199.7905836341497,19.468,20.624,578,79,0,0.01
2156,500,-174.437408151451,17.328,18.446,559,76,0,0.01
2157,500,-162.65674773770843,16.572,17.76,594,77,0,0.01
2158,500,-195.46446562785832,20.216,21.416,600,74,0,0.01
2159,500,-172.56645130412426,17.786,18.936,575,77,0,0.01
2160,500,-156.65183124363773,14.594,15.742,574,72,0,0.01
2161,500,-172.33050598111436,17.776,18.908,566,81,0,0.01
2162,500,-178.5719865497084,17.978,19.174,598,76,0,0.01
2163,500,-172.43162540526146,17.808,18.92,556,80,0,0.01
2164,500,-231.0026554705853,23.476,24.684,604,74,0,0.01
2165,500,-216.96428000240428,20.772,21.95,589,75,0,0.01
2166,500,-200.94201526976497,20.188,21.354,583,85,0,0.01
2167,500,-235.15408710620056,24.22,25.414,597,78,0,0.01
2168,500,-194.408618170806,19.248,20.46,606,73,0,0.01
2169,500,-189.37503544639299,18.928,20.1,586,80,0,0.01
2170,500,-205.56521380109734,21.222,22.496,637,74,0,0.01
2171,500,-187.13355487779893,18.642,19.834,596,77,0,0.01
2172,500,-187.99331748365466,18.072,19.224,576,77,0,0.01
2173,500,-180.00451172512567,18.182,19.344,581,82,0,0.01
2174,500,-188.70102970238167,18.462,19.664,601,79,0,0.01
2175,500,-197.48144261551886,19.862,21.062,600,79,0,0.01
2176,500,-194.94755051534912,20.43,21.592,581,74,0,0.01
2177,500,-146.77546290102953,14.57,15.638,534,71,0,0.01
2178,500,-180.37540669730106,17.85,19.032,591,75,0,0.01
2179,500,-201.2176973142855,19.012,20.2,594,78,0,0.01
2180,500,-181.50444984997432,18.386,19.522,568,83,0,0.01
2181,500,-207.12715338009593,20.926,22.088,581,77,0,0.01
2182,500,-186.81900236388663,18.486,19.678,596,78,0,0.01
2183,500,-187.5996627776292,19.21,20.364,577,76,0,0.01
2184,500,-177.54381532057687,18.244,19.408,582,81,0,0.01
2185,500,-230.41857490925008,22.9,24.14,620,70,0,0.01
2186,500,-202.3073749963562,19.612,20.804,596,73,0,0.01
2187,500,-164.3811894434906,17.448,18.558,555,75,0,0.01
2188,500,-182.45942538348493,18.606,19.754,574,76,0,0.01
2189,500,-204.33505122427698,20.73,21.994,632,73,0,0.01
2190,500,-172.69598945800828,16.842,18.002,580,79,0,0.01
2191,500,-185.16172610693047,18.446,19.6,577,83,0,0.01
2192,500,-163.72981968302668,16.54,17.65,555,79,0,0.01
2193,500,-174.96576500603658,16.58,17.678,549,77,0,0.01
2194,500,-195.0602354318753,19.472,20.656,592,80,0,0.01
2195,500,-196.17217784658533,20.666,21.856,595,74,0,0.01
2196,500,-204.97596924508605,19.428,20.646,609,75,0,0.01
2197,500,-183.42030741348776,18.022,19.156,567,81,0,0.01
2198,500,-178.46520812967447,18.156,19.28,562,82,0,0.01
2199,500,-183.12814338251746,18.076,19.24,582,81,0,0.01
2200,500,-186.63361675295027,18.53,19.656,563,84,0,0.01
2201,500,-188.32459948462213,18.598,19.738,570,75,0,0.01
2202,500,-179.61147577061365,17.554,18.704,575,77,0,0.01
2203,500,-193.6893404596999,19.736,20.968,616,78,0,0.01
2204,500,-188.0777074207466,17.748,18.878,565,80,0,0.01
2205,500,-193.08828291070415,19.578,20.778,600,83,0,0.01
2206,500,-178.6732297241582,17.73,18.83,550,84,0,0.01
2207,500,-155.30861249938312,16.156,17.244,544,82,0,0.01
2208,500,-196.28535776432227,18.356,19.496,570,81,0,0.01
2209,500,-177.73510742800545,17.496,18.6,552,86,0,0.01
2210,500,-176.8642743309814,17.582,18.734,576,82,0,0.01
2211,500,-192.84643109120202,20.39,21.58,595,77,0,0.01
2212,500,-154.3538844664779,15.232,16.3,534,83,0,0.01
2213,500,-149.68553771835343,14.708,15.746,519,82,0,0.01
2214,500,-181.77988439388946,17.974,19.08,553,84,0,0.01
2215,500,-187.17292034840148,18.536,19.72,592,80,0,0.01
2216,500,-152.1852283425967,15.52,16.636,558,78,0,0.01
2217,500,-191.9255332833152,19.09,20.284,597,80,0,0.01
2218,500,-182.53237357850048,18.852,20.0,574,87,0,0.01
2219,500,-208.3237332325033,21.018,22.23,606,81,0,0.01
2220,500,-205.99245123153582,20.492,21.716,612,81,0,0.01
2221,500,-207.07659366802238,20.88,22.082,601,76,0,0.01
2222,500,-193.83007285505494,19.0,20.154,577,79,0,0.01
2223,500,-193.78492463826285,19.6,20.742,571,81,0,0.01
2224,500,-197.65009873940005,19.562,20.726,582,78,0,0.01
2225,500,-188.74027142268153,18.694,19.906,606,76,0,0.01
2226,500,-175.67876496974236,17.934,19.068,567,77,0,0.01
2227,500,-196.66129298087105,19.672,20.846,587,78,0,0.01
2228,500,-194.27908001692197,20.206,21.394,594,78,0,0.01
2229,500,-167.96022976045242,16.37,17.44,535,82,0,0.01
2230,500,-195.54294906845803,20.684,21.9,608,71,0,0.01
2231,500,-183.14474911926993,18.796,19.954,579,77,0,0.01
2232,500,-270.70962518749616,26.008,27.26,626,75,0,0.01
2233,500,-167.08927291312568,16.8,17.93,565,76,0,0.01
2234,500,-197.26788577545096,20.068,21.274,603,79,0,0.01
2235,500,-193.09984840308323,18.668,19.83,581,75,0,0.01
2236,500,-215.40799941929254,21.054,22.24,593,75,0,0.01
2237,500,-252.83842083956404,27.154,28.462,654,73,0,0.01
2238,500,-183.5270858335217,17.902,19.05,574,80,0,0.01
2239,500,-173.15102686667024,16.934,18.056,561,75,0,0.01
2240,500,-182.36950020080883,18.706,19.862,578,74,0,0.01
2241,500,-215.14351161624302,22.262,23.514,626,77,0,0.01
2242,500,-179.89244556011295,17.304,18.5,598,77,0,0.01
2243,500,-185.78541963947362,18.142,19.318,588,78,0,0.01
2244,500,-207.85184258648349,20.966,22.174,604,78,0,0.01
2245,500,-154.66277798450335,15.506,16.574,534,84,0,0.01
2246,500,-232.41857490925008,22.86,24.14,640,73,0,0.01
2247,500,-244.4183274086447,23.596,24.852,628,76,0,0.01
2248,500,-183.90880379626003,18.758,19.926,584,79,0,0.01
2249,500,-177.78541963947362,18.146,19.318,586,78,0,0.01
2250,500,-172.93218228162357,16.192,17.318,563,76,0,0.01
2251,500,-178.6058167747268,17.636,18.822,593,76,0,0.01
2252,500,-164.31968299055143,16.622,17.72,549,77,0,0.01
2253,500,-176.9430052721865,17.41,18.506,548,78,0,0.01
2254,500,-182.6621592329899,17.2,18.354,577,77,0,0.01
2255,500,-184.37528294699837,18.198,19.388,595,72,0,0.01
2256,500,-181.12789588191208,18.796,19.952,578,72,0,0.01
2257,500,-178.11694914104646,17.996,19.12,562,76,0,0.01
2258,500,-192.5322498281978,19.172,20.356,592,82,0,0.01
2259,500,-169.1453678707834,17.06,18.174,557,73,0,0.01
2260,500,-166.39829018145383,16.758,17.848,545,73,0,0.01
2261,500,-176.77976064358677,18.314,19.436,561,72,0,0.01
2262,500,-187.08311891602807,18.316,19.472,578,76,0,0.01
2263,500,-209.01496346478052,20.368,21.6,616,77,0,0.01
2264,500,-160.97733049841565,15.656,16.73,537,77,0,0.01
2265,500,-191.8579965835811,19.478,20.632,577,76,0,0.01
2266,500,-200.55414330992903,20.778,22.02,621,78,0,0.01
2267,500,-202.00979947010444,19.146,20.294,574,77,0,0.01
2268,500,-190.95333326153866,19.9,21.118,609,78,0,0.01
2269,500,-182.3473592184722,17.792,18.91,559,75,0,0.01
2270,500,-169.52770458503517,16.176,17.27,547,71,0,0.01
2271,500,-219.89711455357826,20.046,21.23,592,73,0,0.01
2272,500,-184.9142152915415,19.346,20.52,587,76,0,0.01
2273,500,-139.29250176384141,14.07,15.106,518,75,0,0.01
2274,500,-164.92615203482865,17.324,18.504,590,72,0,0.01
2275,500,-198.25706278488803,18.9,20.086,593,77,0,0.01
2276,500,-221.7953763779177,21.712,22.998,643,72,0,0.01
2277,500,-172.51035634646655,17.552,18.692,570,74,0,0.01
2278,500,-193.4648368787664,19.186,20.348,581,72,0,0.01
2279,500,-222.2112958165825,21.222,22.454,616,80,0,0.01
2280,500,-171.90388730218933,16.758,17.908,575,74,0,0.01
2281,500,-188.3186929881299,19.37,20.568,599,72,0,0.01
2282,500,-224.81222961527556,21.806,23.0,597,76,0,0.01
2283,500,-169.1453678707834,17.034,18.174,570,72,0,0.01
2284,500,-207.34624546574798,20.864,22.114,625,72,0,0.01
2285,500,-231.48008136218925,23.762,24.978,608,79,0,0.01
2286,500,-175.2800700193435,17.43,18.546,558,71,0,0.01
2287,500,-176.62808150736612,18.278,19.418,570,76,0,0.01
2288,500,-225.50271734573664,23.288,24.506,609,75,0,0.01
2289,500,-182.5946225332558,17.576,18.702,563,74,0,0.01
2290,500,-199.06601817806484,19.034,20.182,574,76,0,0.01
2291,500,-194.1277721316094,19.128,20.308,590,73,0,0.01
2292,500,-171.89822830630249,16.942,18.026,542,77,0,0.01
2293,500,-211.5258483304948,21.416,22.61,597,78,0,0.01
2294,500,-197.49288435759524,19.262,20.47,604,75,0,0.01
2295,500,-192.8917030582968,19.456,20.636,590,76,0,0.01
2296,500,-185.8532038398131,17.144,18.258,557,76,0,0.01
2297,500,-202.82957785384417,20.404,21.578,587,75,0,0.01
2298,500,-196.27945126783004,19.17,20.326,578,74,0,0.01
2299,500,-190.2286440551511,19.804,21.032,614,72,0,0.01
2300,500,-222.58760228403935,21.568,22.736,584,76,0,0.01
2301,500,-172.09480815870984,17.006,18.168,581,73,0,0.01
2302,500,-206.98088573915675,21.476,22.664,594,71,0,0.01
2303,500,-170.01607721750474,17.244,18.396,576,70,0,0.01
2304,500,-199.56004980642126,19.992,21.19,599,74,0,0.01
2305,500,-198.82982535444955,19.674,20.866,596,73,0,0.01
2306,500,-179.0665131792756,17.616,18.758,571,72,0,0.01
2307,500,-175.5385275755981,17.34,18.458,559,76,0,0.01
2308,500,-230.89587705055135,23.538,24.79,626,72,0,0.01
2309,500,-213.29015050809028,20.67,21.87,600,78,0,0.01
2310,500,-191.18411458987248,18.668,19.84,586,75,0,0.01
2311,500,-170.6283290079715,17.588,18.706,559,75,0,0.01
2312,500,-172.740890174195,16.968,18.126,579,77,0,0.01
2313,500,-196.33529872488236,20.086,21.282,598,74,0,0.01
2314,500,-241.4071331671737,23.504,24.732,614,76,0,0.01
2315,500,-177.71800669004222,18.102,19.31,604,79,0,0.01
2316,500,-175.4035779264326,17.666,18.798,566,78,0,0.01
2317,500,-140.1127751487919,13.914,14.966,526,75,0,0.01
2318,500,-198.26763827484558,20.81,21.986,588,72,0,0.01
2319,500,-167.53877507620348,16.618,17.746,564,71,0,0.01
2320,500,-177.34170022258536,17.886,19.028,571,73,0,0.01
2321,500,-202.43063540283993,20.52,21.768,624,73,0,0.01
2322,500,-210.81813611176779,20.96,22.17,605,69,0,0.01
2323,500,-201.28449151220343,20.82,21.988,584,75,0,0.01
2324,500,-171.75724841034207,18.404,19.552,574,72,0,0.01
2325,500,-187.81334336799978,18.616,19.796,590,77,0,0.01
2326,500,-169.35301821435905,17.646,18.792,573,75,0,0.01
2327,500,-198.39139368254007,20.288,21.526,619,68,0,0.01
2328,500,-165.5386513259008,16.984,18.102,559,77,0,0.01
2329,500,-167.12297938784138,16.79,17.934,572,75,0,0.01
2330,500,-207.73399367528123,20.59,21.804,607,72,0,0.01
2331,500,-177.91458654244957,18.286,19.452,583,72,0,0.01
2332,500,-164.59487003386118,16.862,17.99,564,72,0,0.01
2333,500,-189.1612311057197,19.816,21.024,604,73,0,0.01
2334,500,-167.16800385433078,16.558,17.702,572,71,0,0.01
2335,500,-163.58392329299556,16.074,17.158,542,73,0,0.01
2336,500,-174.89232180981026,17.682,18.856,587,71,0,0.01
2337,500,-181.39767142994037,18.43,19.628,599,74,0,0.01
2338,500,-197.44748864019778,20.574,21.77,598,71,0,0.01
2339,500,-250.84494608756972,24.642,25.852,605,67,0,0.01
2340,500,-175.90363980158395,17.458,18.62,581,72,0,0.01
2341,500,-175.74617791917376,17.942,19.076,567,70,0,0.01
2342,500,-171.56657505442695,17.492,18.58,544,68,0,0.01
2343,500,-185.39791893054576,17.77,18.916,573,69,0,0.01
2344,500,-183.02124121218083,18.512,19.702,595,73,0,0.01
2345,500,-194.3522757125429,19.72,20.928,604,72,0,0.01
2346,500,-185.97621674569143,18.794,19.934,570,70,0,0.01
2347,500,-186.75171316475792,18.174,19.314,570,69,0,0.01
2348,500,-151.37073770383574,15.214,16.302,544,73,0,0.01
2349,500,-194.0040167239149,19.614,20.768,577,71,0,0.01
2350,500,-175.76856640211577,18.116,19.316,600,72,0,0.01
2351,500,-183.756877159434,19.472,20.62,574,76,0,0.01
2352,500,-207.59916777641843,20.598,21.788,595,75,0,0.01
2353,500,-204.86844832323595,21.738,22.888,575,74,0,0.01
2354,500,-170.74630166947645,17.614,18.72,553,73,0,0.01
2355,500,-184.44269589642977,18.24,19.396,578,72,0,0.01
2356,500,-231.28953175657682,22.412,23.65,619,74,0,0.01
2357,500,-200.64419224290782,20.334,21.556,611,76,0,0.01
2358,500,-172.7182541906476,17.478,18.598,560,70,0,0.01
2359,500,-223.31192023951883,22.654,23.89,618,77,0,0.01
2360,500,-178.52696208321902,18.218,19.406,594,72,0,0.01
2361,500,-158.46041538590646,15.78,16.906,563,70,0,0.01
2362,500,-171.54431032178763,16.824,17.984,580,76,0,0.01
2363,500,-199.66670447615252,20.222,21.44,609,78,0,0.01
2364,500,-158.4436858988513,15.462,16.548,543,71,0,0.01
2365,500,-198.56029730702664,19.356,20.478,561,80,0,0.01
2366,500,-197.13305987658816,20.054,21.258,602,75,0,0.01
2367,500,-185.9877822380705,17.834,18.986,576,72,0,0.01
2368,500,-160.03896070165752,16.066,17.212,573,71,0,0.01
2369,500,-191.74014767237884,19.106,20.262,578,75,0,0.01
2370,500,-179.3810656931879,17.762,18.914,576,72,0,0.01
2371,500,-165.47148587707477,16.214,17.382,584,70,0,0.01
2372,500,-217.44674613838163,22.67,23.906,618,74,0,0.01
2373,500,-228.51403533751034,23.002,24.27,634,74,0,0.01
2374,500,-173.07266717637322,16.098,17.216,559,70,0,0.01
2375,500,-177.75171316475792,18.118,19.314,598,70,0,0.01
2376,500,-163.21290457051748,16.686,17.826,570,71,0,0.01
2377,500,-200.80153037501532,20.32,21.456,568,76,0,0.01
2378,500,-191.47037212435055,19.414,20.586,586,73,0,0.01
2379,500,-178.39201243405353,18.554,19.746,596,71,0,0.01
2380,500,-189.17808434307756,19.782,21.026,622,71,0,0.01
2381,500,-185.40333042582722,18.356,19.51,577,76,0,0.01
2382,500,-185.18989733606202,18.2,19.366,583,70,0,0.01
2383,500,-200.5657088023081,19.88,21.072,596,76,0,0.01
2384,500,-185.22360381077772,18.214,19.37,578,73,0,0.01
2385,500,-165.69598945800828,16.85,18.002,576,74,0,0.01
2386,500,-194.5882210355528,19.776,20.956,590,78,0,0.01
2387,500,-218.29015050809028,20.646,21.87,612,74,0,0.01
2388,500,-184.21240956930671,18.05,19.25,600,76,0,0.01
2389,500,-163.49399811031947,16.12,17.266,573,72,0,0.01
2390,500,-170.37565419790644,17.168,18.32,576,73,0,0.01
2391,500,-206.39126993223738,20.684,21.882,599,77,0,0.01
2392,500,-172.71284269536613,16.884,18.004,560,74,0,0.01
2393,500,-191.11091889425154,19.124,20.306,591,77,0,0.01
2394,500,-154.84262834985554,15.27,16.358,544,76,0,0.01
2395,500,-160.1513981175783,15.884,16.988,552,73,0,0.01
2396,500,-186.97055774980458,18.876,20.052,588,73,0,0.01
2397,500,-191.66154048147644,18.954,20.134,590,69,0,0.01
2398,500,-140.03404420758682,14.158,15.194,518,72,0,0.01
2399,500,-185.27945126783004,19.116,20.326,605,77,0,0.01
2400,500,-195.85209008708887,20.242,21.462,610,79,0,0.01
2401,500,-199.73952892086538,20.832,22.042,605,80,0,0.01
2402,500,-228.90731879262773,22.956,24.198,621,76,0,0.01
2403,500,-180.841638347434,18.09,19.206,558,74,0,0.01
2404,500,-181.24586854341703,18.786,19.966,590,73,0,0.01
2405,500,-195.812848366789,20.028,21.22,596,76,0,0.01
2406,500,-158.16837510523885,15.556,16.634,539,76,0,0.01
2407,500,-170.46570313088523,16.702,17.856,577,70,0,0.01
2408,500,-181.39804268084845,17.41,18.56,575,71,0,0.01
2409,500,-162.1565621122544,17.158,18.294,568,77,0,0.01
2410,500,-240.1148453859007,23.9,25.172,636,75,0,0.01
2411,500,-182.53249732880317,18.502,19.644,571,73,0,0.01
2412,500,-191.24045704813557,18.22,19.372,576,76,0,0.01
2413,500,-177.5161390926561,17.092,18.218,563,74,0,0.01
2414,500,-182.26825702635904,19.004,20.206,601,71,0,0.01
2415,500,-184.35830595933783,18.538,19.742,602,79,0,0.01
2416,500,-170.58933478827703,16.642,17.752,555,79,0,0.01
2417,500,-200.3634699540139,19.806,21.048,621,72,0,0.01
2418,500,-179.47074337525862,18.362,19.518,578,72,0,0.01
2419,500,-167.29679950639866,17.688,18.904,608,75,0,0.01
2420,500,-209.8177648608597,22.0,23.238,619,71,0,0.01
2421,500,-165.04449594724167,16.388,17.45,531,74,0,0.01
2422,500,-232.82317635614118,22.604,23.832,614,77,0,0.01
2423,500,-178.785667140079,17.496,18.606,555,74,0,0.01
2424,500,-179.35289446405636,17.978,19.148,585,72,0,0.01
2425,500,-184.86390308007333,18.704,19.802,549,75,0,0.01
2426,500,-195.40911317201676,17.926,19.036,555,71,0,0.01
2427,500,-191.48156636582155,19.568,20.706,569,72,0,0.01
2428,500,-214.1775893418668,21.186,22.45,632,72,0,0.01
2429,500,-168.9768354972049,16.994,18.154,580,69,0,0.01
2430,500,-188.3188167384326,18.97,20.212,621,73,0,0.01
2431,500,-160.00525422694182,16.074,17.208,567,75,0,0.01
2432,500,-176.84791609483432,16.22,17.308,544,71,0,0.01
2433,500,-177.2237275610804,17.85,19.014,582,73,0,0.01
2434,500,-234.84506983787242,24.274,25.496,611,73,0,0.01
2435,500,-201.02049871036468,20.668,21.838,585,78,0,0.01
2436,500,-163.59511753446657,16.108,17.278,585,67,0,0.01
2437,500,-215.07659366802238,20.824,22.082,629,73,0,0.01
2438,500,-155.66277798450335,15.414,16.574,580,70,0,0.01
2439,500,-180.38660093877206,17.952,19.152,600,76,0,0.01
2440,500,-177.48206136703232,18.184,19.282,549,75,0,0.01
2441,500,-176.16184985723316,18.09,19.244,577,75,0,0.01
2442,500,-202.0378469489333,19.244,20.416,586,78,0,0.01
2443,500,-146.9155765448711,15.526,16.604,539,72,0,0.01
2444,500,-202.09369440598562,20.13,21.372,621,74,0,0.01
2445,500,-179.3813131937933,17.09,18.202,556,77,0,0.01
2446,500,-181.68983546091067,18.372,19.544,586,75,0,0.01
2447,500,-189.7570009097367,19.068,20.264,598,72,0,0.01
2448,500,-212.26210302926143,20.558,21.748,595,72,0,0.01
2449,500,-186.67285847325013,18.682,19.898,608,73,0,0.01
2450,500,-234.8001691216857,24.166,25.372,603,79,0,0.01
2451,500,-181.0777074207466,17.74,18.878,569,75,0,0.01
2452,500,-172.54947431646372,18.142,19.29,574,73,0,0.01
2453,500,-188.72354193562637,18.352,19.548,598,74,0,0.01
2454,500,-166.32521823613558,16.802,17.958,578,69,0,0.01
2455,500,-193.98691598595167,20.306,21.478,586,74,0,0.01
2456,500,-179.0329304548626,17.278,18.398,560,75,0,0.01
2457,500,-196.52659083231094,19.336,20.474,569,76,0,0.01
2458,500,-215.73374617467584,21.334,22.516,591,70,0,0.01
2459,500,-243.87311731670127,24.42,25.618,599,77,0,0.01
2460,500,-191.4423246455217,19.28,20.464,592,76,0,0.01
2461,500,-178.45376638759808,18.68,19.872,596,78,0,0.01
2462,500,-165.96010601014973,16.664,17.796,566,76,0,0.01
2463,500,-179.21794481489087,18.29,19.488,599,73,0,0.01
2464,500,-227.03070294941415,23.536,24.806,635,76,0,0.01
2465,500,-200.53741382287387,20.484,21.662,589,74,0,0.01
2466,500,-173.73485992740007,18.13,19.312,591,71,0,0.01
2467,500,-171.1564383619517,17.542,18.65,554,74,0,0.01
2468,500,-191.70631744736045,19.44,20.614,587,73,0,0.01
2469,500,-210.84064834501248,20.872,22.054,591,74,0,0.01
2470,500,-179.0440009460309,17.684,18.874,595,75,0,0.01
2471,500,-147.88752906604225,15.376,16.482,553,74,0,0.01
2472,500,-199.49866710378478,18.848,19.996,574,76,0,0.01
2473,500,-180.6620354826872,17.606,18.71,552,75,0,0.01
2474,500,-185.27416352285127,18.248,19.376,564,74,0,0.01
2475,500,-203.13834762156694,20.994,22.208,607,72,0,0.01
2476,500,-177.88715781513417,16.416,17.55,567,74,0,0.01
2477,500,-177.6507174909135,17.76,18.946,593,72,0,0.01
2478,500,-176.83032035566032,18.262,19.442,590,70,0,0.01
2479,500,-204.2787087660139,21.202,22.462,630,74,0,0.01
2480,500,-197.65009873940005,19.484,20.726,621,72,0,0.01
2481,500,-216.0425159423986,21.958,23.146,594,75,0,0.01
2482,500,-209.11608288892762,20.434,21.612,589,74,0,0.01
2483,500,-183.8806325671285,18.982,20.16,589,74,0,0.01
2484,500,-199.56004980642126,19.968,21.19,611,76,0,0.01
2485,500,-185.93131602950473,18.668,19.81,571,74,0,0.01
2486,500,-185.60556927412142,18.354,19.534,590,78,0,0.01
2487,500,-192.67261097264475,19.404,20.61,603,75,0,0.01
2488,500,-156.27490602466742,16.07,17.24,585,72,0,0.01
2489,500,-202.3683864480846,21.826,23.066,620,72,0,0.01
2490,500,-177.98199949188097,18.272,19.46,594,72,0,0.01
2491,500,-211.92491453180173,20.812,22.064,626,73,0,0.01
2492,500,-223.98063823855136,22.098,23.376,639,76,0,0.01
2493,500,-167.45463263971692,16.262,17.38,559,71,0,0.01
2494,500,-179.83597935154717,18.156,19.324,584,74,0,0.01
2495,500,-178.13933762398847,18.24,19.36,560,80,0,0.01
2496,500,-182.52671458261364,18.952,20.118,583,73,0,0.01
2497,500,-186.79107863536046,18.006,19.2,597,72,0,0.01
2498,500,-188.72895343090784,18.986,20.142,578,78,0,0.01
2499,500,-193.85836783448917,18.412,19.564,576,75,0,0.01
2500,500,-236.21658356156127,22.208,23.404,598,76,0,0.01
2501,500,-208.07659366802238,20.868,22.082,607,76,0,0.01
2502,500,-216.37404544397145,21.728,22.948,610,75,0,0.01
2503,500,-182.51564409144532,18.504,19.642,569,78,0,0.01
2504,500,-206.5596785555132,21.04,22.258,609,75,0,0.01
2505,500,-187.49300810789794,18.958,20.114,578,76,0,0.01
2506,500,-191.50420234936894,19.124,20.234,555,72,0,0.01
2507,500,-192.18940233485125,19.662,20.79,564,80,0,0.01
2508,500,-202.75650590852592,20.454,21.688,617,70,0,0.01
2509,500,-191.5882210355528,19.772,20.956,592,72,0,0.01
2510,500,-194.43654189933216,19.756,20.938,591,72,0,0.01
2511,500,-179.14499661987531,18.074,19.242,584,71,0,0.01
2512,500,-159.93771752720772,16.406,17.556,575,70,0,0.01
2513,500,-193.43678939993754,19.07,20.226,578,72,0,0.01
2514,500,-188.26272178077488,18.806,19.968,581,75,0,0.01
2515,500,-193.43137790465607,18.41,19.632,611,69,0,0.01
2516,500,-161.85332759011578,16.768,17.902,567,70,0,0.01
2517,500,-167.52167433824025,17.304,18.456,576,69,0,0.01
2518,500,-206.68872170818645,21.538,22.748,605,72,0,0.01
2519,500,-203.31832173722182,20.432,21.636,602,73,0,0.01
2520,500,-158.34847297119643,14.618,15.706,544,70,0,0.01
2521,500,-181.80227287683147,18.192,19.32,564,72,0,0.01
2522,500,-170.16234485844393,16.736,17.82,542,72,0,0.01
2523,500,-221.4809476143081,21.362,22.486,562,73,0,0.01
2524,500,-161.05581393901537,16.054,17.214,580,74,0,0.01
2525,500,-198.13318362689085,19.706,20.902,598,67,0,0.01
2526,500,-177.2238513113831,17.534,18.658,562,74,0,0.01
2527,500,-236.58648853131513,24.738,25.94,601,74,0,0.01
2528,500,-169.27453477375934,17.16,18.308,574,75,0,0.01
2529,500,-202.0150872150832,20.02,21.244,612,73,0,0.01
2530,500,-204.87447857003087,20.502,21.702,600,74,0,0.01
2531,500,-190.93119227920204,18.952,20.166,607,70,0,0.01
2532,500,-175.79686138155,17.588,18.726,569,76,0,0.01
2533,500,-203.7454354173576,20.072,21.212,570,76,0,0.01
2534,500,-180.48784411322185,17.676,18.808,566,78,0,0.01
2535,500,-200.83511309942833,20.616,21.816,600,73,0,0.01
2536,500,-161.11756789255992,16.264,17.34,538,76,0,0.01
2537,500,-183.11694914104646,17.974,19.12,573,77,0,0.01
2538,500,-199.11054764334347,20.152,21.374,611,74,0,0.01
2539,500,-190.7793893926787,19.388,20.504,558,76,0,0.01
2540,500,-236.91838928379605,23.394,24.674,640,75,0,0.01
2541,500,-201.13343112749624,18.994,20.19,598,75,0,0.01
2542,500,-173.65046999030812,18.542,19.658,558,76,0,0.01
2543,500,-210.00942821919637,20.174,21.362,594,77,0,0.01
2544,500,-203.36912894990076,19.776,20.93,577,71,0,0.01
2545,500,-177.21794481489087,18.344,19.488,572,71,0,0.01
2546,500,-187.12814338251746,18.12,19.24,560,74,0,0.01
2547,500,-189.92012178803373,18.604,19.69,543,78,0,0.01
2548,500,-202.37441669487953,20.714,21.88,583,75,0,0.01
2549,500,-227.013973462359,23.138,24.448,655,70,0,0.01
2550,500,-227.33393747155276,23.936,25.198,631,73,0,0.01
2551,500,-178.7068124485712,18.038,19.19,576,73,0,0.01
2552,500,-177.85861533509456,17.742,18.852,555,70,0,0.01
2553,500,-199.15606711104363,18.614,19.718,552,75,0,0.01
2554,500,-169.17329159930955,17.472,18.652,590,72,0,0.01
2555,500,-184.47615487054009,18.936,20.112,588,71,0,0.01
2556,500,-198.88592031210726,19.972,21.11,569,73,0,0.01
2557,500,-195.69512320588944,19.32,20.494,587,75,0,0.01
2558,500,-180.08877791191492,18.178,19.354,588,77,0,0.01
2559,500,-206.3124152407296,21.262,22.466,602,73,0,0.01
2560,500,-175.16222110814124,17.05,18.176,563,73,0,0.01
2561,500,-262.6868654536461,26.884,28.088,602,69,0,0.01
2562,500,-192.5431965690634,20.03,21.188,579,77,0,0.01
2563,500,-215.11558788771686,21.798,23.036,619,75,0,0.01
2564,500,-187.72895343090784,18.994,20.142,574,73,0,0.01
2565,500,-213.7955001282204,21.526,22.642,558,73,0,0.01
2566,500,-183.0326829542572,18.008,19.11,551,74,0,0.01
2567,500,-185.91483404305495,17.574,18.74,583,68,0,0.01
2568,500,-184.35277071375367,18.352,19.504,576,74,0,0.01
2569,500,-180.26838077666173,18.672,19.85,589,74,0,0.01
2570,500,-200.4311304040507,19.152,20.344,596,71,0,0.01
2571,500,-169.07832617226006,16.01,17.098,544,74,0,0.01
2572,500,-195.8465548415047,20.032,21.224,596,72,0,0.01
2573,500,-190.97068150010728,18.56,19.696,568,72,0,0.01
2574,500,-213.51477783932648,20.902,22.134,616,78,0,0.01
2575,500,-184.76290740622892,18.298,19.434,568,71,0,0.01
2576,500,-173.79107863536046,18.042,19.2,579,75,0,0.01
2577,500,-172.3699952020196,17.314,18.438,562,77,0,0.01
2578,500,-183.4034541761299,18.07,19.154,542,77,0,0.01
2579,500,-216.43051165253723,20.914,22.124,605,75,0,0.01
2580,500,-164.94903551898142,16.242,17.32,539,75,0,0.01
2581,500,-190.4484786426193,17.77,18.922,576,71,0,0.01
2582,500,-169.07832617226006,16.004,17.098,547,74,0,0.01
2583,500,-206.57665554317373,20.674,21.904,615,73,0,0.01
2584,500,-189.756877159434,19.472,20.62,574,75,0,0.01
2585,500,-162.87608732396586,15.958,17.074,558,73,0,0.01
2586,500,-186.54922681585833,18.816,20.002,593,73,0,0.01
2587,500,-221.2723072683109,23.478,24.716,619,71,0,0.01
2588,500,-172.459796634393,17.482,18.686,602,74,0,0.01
2589,500,-205.02603395594883,20.846,22.076,615,73,0,0.01
2590,500,-160.4884628647353,15.902,17.028,563,73,0,0.01
2591,500,-186.13355487779893,18.676,19.834,579,74,0,0.01
2592,500,-185.97621674569143,18.81,19.934,562,76,0,0.01
2593,500,-177.00500672633643,16.796,17.92,562,75,0,0.01
2594,500,-185.71234769415537,18.308,19.428,560,81,0,0.01
2595,500,-185.85246133799694,19.22,20.394,587,79,0,0.01
2596,500,-194.54885556495026,19.904,21.07,583,75,0,0.01
2597,500,-195.16160235662778,18.748,19.956,604,71,0,0.01
2598,500,-177.17870309459101,18.086,19.246,580,72,0,0.01
2599,500,-191.50407859906625,19.37,20.59,610,73,0,0.01
2600,500,-183.0777074207466,17.742,18.878,568,77,0,0.01
2601,500,-189.29052175899835,19.608,20.802,597,76,0,0.01
2602,500,-186.3023347519828,17.974,19.142,584,67,0,0.01
2603,500,-158.17969309701255,15.302,16.398,548,75,0,0.01
2604,500,-185.81346711830247,18.292,19.44,574,67,0,0.01
2605,500,-198.62783400676074,18.944,20.13,593,75,0,0.01
2606,500,-203.89120805708603,20.856,22.06,602,74,0,0.01
2607,500,-219.73386992497853,20.948,22.16,606,74,0,0.01
2608,500,-169.5895822888824,15.93,17.04,555,70,0,0.01
2609,500,-193.04325844421476,19.804,21.01,603,74,0,0.01
2610,500,-187.44810739171123,18.81,19.99,590,72,0,0.01
2611,500,-182.93143977980742,18.304,19.454,575,68,0,0.01
2612,500,-198.24549729250896,19.814,21.034,610,67,0,0.01
2613,500,-150.99959523105497,16.168,17.326,579,72,0,0.01
2614,500,-192.24562104281165,19.48,20.678,599,74,0,0.01
2615,500,-206.03169295183568,20.774,21.958,592,69,0,0.01
2616,500,-173.20712182432794,17.2,18.3,550,82,0,0.01
2617,500,-218.62106125814967,22.292,23.452,580,75,0,0.01
2618,500,-169.28560526492765,17.682,18.784,551,71,0,0.01
2619,500,-184.85270883860233,18.556,19.682,563,82,0,0.01
2620,500,-185.68971171060798,18.736,19.9,582,77,0,0.01
2621,500,-212.23921954510865,21.69,22.932,621,73,0,0.01
2622,500,-184.01558221629398,18.672,19.82,574,77,0,0.01
2623,500,-188.54935056616102,18.486,19.646,580,75,0,0.01
2624,500,-164.42092616500122,16.26,17.376,558,74,0,0.01
2625,500,-184.00451172512567,18.168,19.344,588,78,0,0.01
2626,500,-185.94263402127842,18.42,19.574,577,73,0,0.01
2627,500,-203.02074621097006,19.994,21.126,566,78,0,0.01
2628,500,-200.11042389304077,20.594,21.73,568,79,0,0.01
2629,500,-188.56620380351887,18.486,19.648,581,74,0,0.01
2630,500,-245.83941084198557,24.356,25.614,629,78,0,0.01
2631,500,-180.37553044760375,17.578,18.676,549,81,0,0.01
2632,500,-188.13909012338308,18.872,20.072,600,74,0,0.01
2633,500,-202.51539659083994,19.222,20.354,566,77,0,0.01
2634,500,-162.03871320105213,16.862,17.924,531,79,0,0.01
2635,500,-171.89256931041564,17.036,18.144,554,72,0,0.01
2636,500,-208.34674046695875,19.558,20.69,566,76,0,0.01
2637,500,-175.9316872804128,17.618,18.742,562,73,0,0.01
2638,500,-180.56632755382157,18.154,19.292,569,73,0,0.01
2639,500,-180.92012178803373,18.508,19.69,591,75,0,0.01
2640,500,-214.35178071133214,21.152,22.352,600,73,0,0.01
2641,500,-203.05432893538307,20.264,21.486,611,73,0,0.01
2642,500,-176.81383836921054,17.246,18.372,563,69,0,0.01
2643,500,-191.0826239148173,19.696,20.896,600,71,0,0.01
2644,500,-196.51539659083994,19.204,20.354,575,71,0,0.01
2645,500,-220.96969149768574,21.36,22.544,592,73,0,0.01
2646,500,-177.06097793369145,17.358,18.52,581,72,0,0.01
2647,500,-213.31253899103228,20.896,22.11,607,72,0,0.01
2648,500,-170.18473334138594,16.894,18.06,583,73,0,0.01
2649,500,-168.80252037743685,17.448,18.608,580,73,0,0.01
2650,500,-200.33529872488236,20.072,21.282,605,74,0,0.01
2651,500,-213.53175482698703,20.61,21.78,585,68,0,0.01
2652,500,-227.9413965182515,21.972,23.134,581,73,0,0.01
2653,500,-196.27957501813273,18.824,19.97,573,71,0,0.01
2654,500,-199.4985433534821,19.18,20.352,586,73,0,0.01
2655,500,-240.72193318169138,22.96,24.176,608,71,0,0.01
2656,500,-169.6733534744609,17.344,18.474,565,72,0,0.01
2657,500,-185.3525232131483,19.108,20.216,554,74,0,0.01
2658,500,-188.29101676020912,18.292,19.378,543,80,0,0.01
2659,500,-189.68971171060798,18.732,19.9,584,71,0,0.01
2660,500,-204.35165696102945,21.504,22.708,602,68,0,0.01
2661,500,-174.01595346720205,17.624,18.752,564,68,0,0.01
2662,500,-205.85750158237033,20.88,22.056,588,72,0,0.01
2663,500,-201.43641814902946,20.078,21.294,608,74,0,0.01
2664,500,-176.0104182216179,17.406,18.514,554,80,0,0.01
2665,500,-175.27982251873811,18.082,19.258,588,70,0,0.01
2666,500,-180.12248438663062,18.216,19.358,571,70,0,0.01
2667,500,-199.57099654728688,20.806,22.022,608,77,0,0.01
2668,500,-198.09935340187246,20.098,21.254,578,74,0,0.01
2669,500,-196.99331748365466,18.124,19.224,550,71,0,0.01
2670,500,-202.64394474230244,21.096,22.268,586,76,0,0.01
2671,500,-165.02739520927844,17.074,18.16,543,72,0,0.01
2672,500,-219.26701952333212,22.518,23.766,624,71,0,0.01
2673,500,-200.08803541009877,20.23,21.49,630,70,0,0.01
2674,500,-190.56066855793472,18.246,19.41,582,71,0,0.01
2675,500,-197.8132196176971,19.0,20.152,576,77,0,0.01
2676,500,-206.68355771351037,20.262,21.442,590,70,0,0.01
2677,500,-188.2514037890012,19.02,20.204,592,71,0,0.01
2678,500,-218.74469291554146,22.182,23.348,583,69,0,0.01
2679,500,-195.42534765786115,19.654,20.818,582,71,0,0.01
2680,500,-195.54873181464757,20.262,21.426,582,73,0,0.01
2681,500,-172.17919809580178,16.722,17.822,550,71,0,0.01
2682,500,-184.44257214612708,18.596,19.752,578,68,0,0.01
2683,500,-187.145120370178,17.77,18.886,558,77,0,0.01
2684,500,-204.00352172270414,21.034,22.192,579,73,0,0.01
2685,500,-187.07180092425438,18.558,19.708,575,76,0,0.01
2686,500,-211.93610877327274,20.944,22.184,620,77,0,0.01
2687,500,-194.5658325526108,19.564,20.716,576,73,0,0.01
2688,500,-186.54381532057687,18.198,19.408,605,68,0,0.01
2689,500,-206.50358359785548,20.846,22.014,584,76,0,0.01
2690,500,-164.6683132300875,15.69,16.812,561,70,0,0.01
2691,500,-172.94878801837604,16.898,18.032,567,75,0,0.01
2692,500,-155.50568735300124,14.9,15.962,531,71,0,0.01
2693,500,-193.96477500361505,19.368,20.526,579,72,0,0.01
2694,500,-159.40394917734068,16.586,17.73,572,79,0,0.01
2695,500,-157.2189348173124,15.546,16.64,547,76,0,0.01
2696,500,-159.26358803289372,16.294,17.476,591,75,0,0.01
2697,500,-149.23603555527563,14.858,15.93,536,71,0,0.01
2698,500,-207.6155260125655,21.948,23.214,633,73,0,0.01
2699,500,-186.3023347519828,17.954,19.142,594,73,0,0.01
2700,500,-186.2237275610804,17.854,19.014,580,72,0,0.01
2701,500,-191.20096782723033,18.688,19.842,577,78,0,0.01
2702,500,-159.33703122912004,15.208,16.298,545,74,0,0.01
2703,500,-170.04449594724167,16.318,17.45,566,76,0,0.01
2704,500,-182.2126570699121,17.372,18.538,583,79,0,0.01
2705,500,-202.33554622548775,19.392,20.57,589,72,0,0.01
2706,500,-167.72391318653445,17.296,18.48,592,77,0,0.01
2707,500,-176.5721103000111,17.682,18.818,568,81,0,0.01
2708,500,-210.27304977012705,21.432,22.58,574,78,0,0.01
2709,500,-165.740890174195,16.984,18.126,571,74,0,0.01
2710,500,-212.77877064116524,21.032,22.284,626,76,0,0.01
2711,500,-175.0889016622176,17.812,18.998,593,72,0,0.01
2712,500,-197.8581203338838,19.124,20.276,576,74,0,0.01
2713,500,-158.8817463198527,15.818,16.956,569,74,0,0.01
2714,500,-179.8643980812841,17.232,18.378,573,80,0,0.01
2715,500,-162.44331464794323,16.482,17.616,567,75,0,0.01
2716,500,-191.7118526929446,19.662,20.852,595,73,0,0.01
2717,500,-187.7293246818159,17.87,19.074,602,75,0,0.01
2718,500,-194.93082102829396,20.046,21.234,594,76,0,0.01
2719,500,-181.29692325670135,17.37,18.548,589,78,0,0.01
2720,500,-189.95358076214404,19.186,20.406,610,75,0,0.01
2721,500,-177.1678801040281,16.93,18.058,564,75,0,0.01
2722,500,-168.64530599563204,17.192,18.352,580,79,0,0.01
2723,500,-189.56042105732934,18.958,20.122,582,71,0,0.01
2724,500,-185.67298222355282,18.37,19.542,586,77,0,0.01
2725,500,-209.8803850665231,19.67,20.872,601,73,0,0.01
2726,500,-187.2512800386985,19.352,20.56,604,77,0,0.01
2727,500,-179.98199949188097,18.314,19.46,573,81,0,0.01
2728,500,-183.76290740622892,18.324,19.434,555,80,0,0.01
2729,500,-183.68995921121336,18.044,19.188,572,81,0,0.01
2730,500,-212.14954186303794,21.082,22.328,623,74,0,0.01
2731,500,-189.5382800749927,18.006,19.17,582,74,0,0.01
2732,500,-200.91950303652027,20.286,21.47,592,75,0,0.01
2733,500,-185.85836783448917,18.396,19.564,584,76,0,0.01
2734,500,-185.27957501813273,18.82,19.97,575,77,0,0.01
2735,500,-162.0502786934312,15.858,16.976,559,80,0,0.01
2736,500,-181.31340524315112,18.42,19.618,599,78,0,0.01
2737,500,-171.22409881198848,16.826,17.946,560,75,0,0.01
2738,500,-166.87018082747363,16.788,17.904,558,75,0,0.01
2739,500,-184.21782106458818,18.674,19.844,585,76,0,0.01
2740,500,-185.16726135251463,18.642,19.838,598,73,0,0.01
2741,500,-161.03317795546798,16.572,17.686,557,76,0,0.01
2742,500,-179.7293246818159,17.864,19.074,605,74,0,0.01
2743,500,-200.49251310668717,20.304,21.538,617,74,0,0.01
2744,500,-194.2398382966221,19.936,21.152,608,75,0,0.01
2745,500,-173.04965994191775,17.598,18.756,579,72,0,0.01
2746,500,-156.70755495038736,15.934,17.054,560,78,0,0.01
2747,500,-169.4935031091087,17.54,18.69,575,75,0,0.01
2748,500,-189.08828291070415,19.57,20.778,604,75,0,0.01
2749,500,-167.07241967576783,16.784,17.928,572,76,0,0.01
2750,500,-188.9255332833152,19.082,20.284,601,72,0,0.01
2751,500,-186.15065561576216,17.95,19.124,587,72,0,0.01
2752,500,-155.28610026613842,16.274,17.36,543,74,0,0.01
2753,500,-177.88088006773387,18.246,19.448,601,70,0,0.01
2754,500,-177.6732297241582,17.686,18.83,572,71,0,0.01
2755,500,-186.75712466003938,18.694,19.908,607,71,0,0.01
2756,500,-159.96601250664196,15.876,16.966,545,76,0,0.01
2757,500,-179.45389013790077,18.344,19.516,586,72,0,0.01
2758,500,-162.91532904426572,16.15,17.316,583,72,0,0.01
2759,500,-201.95333326153866,19.866,21.118,626,76,0,0.01
2760,500,-164.69623695861367,16.192,17.29,549,77,0,0.01
2761,500,-218.4746698669078,23.128,24.384,628,75,0,0.01
2762,500,-156.6122182724298,15.442,16.568,563,73,0,0.01
2763,500,-202.37503544639299,18.904,20.1,598,72,0,0.01
2764,500,-187.15594336074093,18.874,20.074,600,70,0,0.01
2765,500,-172.10071465520207,16.18,17.338,579,75,0,0.01
2766,500,-173.4712383764694,16.976,18.094,559,73,0,0.01
2767,500,-170.54418657148494,17.194,18.34,573,75,0,0.01
2768,500,-173.0665131792756,17.596,18.758,581,82,0,0.01
2769,500,-206.23971454631942,20.26,21.508,624,71,0,0.01
2770,500,-179.65650023710305,17.342,18.472,565,73,0,0.01
2771,500,-155.3089837502912,15.084,16.176,546,76,0,0.01
2772,500,-170.6509649915189,17.06,18.234,587,76,0,0.01
2773,500,-196.40271167431376,20.05,21.29,620,73,0,0.01
2774,500,-188.9540757633548,17.846,18.982,568,75,0,0.01
2775,500,-165.96576500603658,16.488,17.678,595,73,0,0.01
2776,500,-175.54443407209033,16.546,17.628,541,74,0,0.01
2777,500,-175.75737216064476,18.05,19.196,573,77,0,0.01
2778,500,-183.85824408418648,18.73,19.92,595,77,0,0.01
2779,500,-192.09972465278054,19.014,20.186,586,76,0,0.01
2780,500,-160.05581393901537,16.058,17.214,578,72,0,0.01
2781,500,-192.63890449792905,19.386,20.606,610,73,0,0.01
2782,500,-189.58293329057403,18.852,20.006,577,77,0,0.01
2783,500,-165.96576500603658,16.59,17.678,544,74,0,0.01
2784,500,-147.65736648922189,14.924,15.98,528,73,0,0.01
2785,500,-170.30836499877773,16.806,17.956,575,73,0,0.01
2786,500,-195.70619369705776,19.784,20.97,593,73,0,0.01
2787,500,-149.52807583594324,15.078,16.202,562,70,0,0.01
2788,500,-175.5385275755981,17.314,18.458,572,73,0,0.01
2789,500,-173.7630311565316,17.912,19.078,583,76,0,0.01
2790,500,-220.34009146865037,22.41,23.656,623,74,0,0.01
2791,500,-173.48759661261647,18.368,19.52,576,71,0,0.01
2792,500,-163.79157363657123,16.632,17.776,572,74,0,0.01
2793,500,-164.33653622790928,16.562,17.722,580,71,0,0.01
2794,500,-159.90979379868156,15.986,17.078,546,72,0,0.01
2795,500,-210.25029003627697,22.23,23.408,589,72,0,0.01
2796,500,-177.27403977254858,18.564,19.732,584,70,0,0.01
2797,500,-155.05015494312852,16.192,17.332,570,71,0,0.01
2798,500,-200.63902824823174,19.06,20.25,595,72,0,0.01
2799,500,-215.56484255018927,22.302,23.564,631,72,0,0.01
2800,500,-162.01091322282866,15.964,17.09,563,66,0,0.01
2801,500,-200.77360664648916,19.782,20.978,598,75,0,0.01
2802,500,-226.9076900435358,21.896,23.13,617,72,0,0.01
2803,500,-198.48156636582155,19.54,20.706,583,72,0,0.01
2804,500,-163.88125131864194,17.208,18.38,586,74,0,0.01
2805,500,-161.87596357366317,16.284,17.43,573,71,0,0.01
2806,500,-200.8578728332784,19.774,20.988,607,78,0,0.01
2807,500,-175.00475922573105,17.512,18.632,560,72,0,0.01
2808,500,-160.6797549721639,15.14,16.22,540,73,0,0.01
2809,500,-175.26309303168296,17.734,18.9,583,76,0,0.01
2810,500,-179.78000814419215,17.6,18.724,562,75,0,0.01
2811,500,-165.69057796272682,16.298,17.408,555,74,0,0.01
2812,500,-204.1725490974934,19.576,20.788,606,73,0,0.01
2813,500,-212.07093467213554,21.022,22.2,589,72,0,0.01
2814,500,-213.39655767721615,21.604,22.832,614,72,0,0.01
2815,500,-148.06762693199983,14.564,15.554,495,71,0,0.01
2816,500,-175.5723578006165,16.946,18.106,580,72,0,0.01
2817,500,-174.85283258890502,18.128,19.326,599,68,0,0.01
2818,500,-193.3973001790323,19.584,20.696,556,79,0,0.01
2819,500,-199.48685411080032,20.442,21.656,607,64,0,0.01
2820,500,-171.89835205660518,16.626,17.67,522,67,0,0.01
2821,500,-174.07229592546514,17.076,18.284,604,68,0,0.01
2822,500,-189.95382826274943,18.556,19.694,569,71,0,0.01
2823,500,-182.89244556011295,17.382,18.5,559,71,0,0.01
2824,500,-213.0874166585853,22.086,23.27,592,75,0,0.01
2825,500,-192.95333326153866,19.944,21.118,587,76,0,0.01
2826,500,-189.80768437211293,18.778,19.914,568,75,0,0.01
2827,500,-179.6845477159319,17.526,18.594,534,80,0,0.01
2828,500,-177.36950020080883,18.682,19.862,590,67,0,0.01
2829,500,-169.37577794820913,16.854,17.964,555,73,0,0.01
2830,500,-163.3701189523223,16.976,18.082,553,69,0,0.01
2831,500,-162.52770458503517,16.166,17.27,552,76,0,0.01
2832,500,-183.35818220903514,18.912,20.098,593,68,0,0.01
2833,500,-235.65993172754145,23.488,24.762,637,76,0,0.01
2834,500,-178.2574340357961,17.878,19.018,570,70,0,0.01
2835,500,-186.95936350833358,18.714,19.932,609,71,0,0.01
2836,500,-159.4999046068117,15.31,16.436,563,69,0,0.01
2837,500,-203.04288719330668,20.876,22.078,601,77,0,0.01
2838,500,-181.12236063632793,18.476,19.714,619,69,0,0.01
2839,500,-192.12198938541985,19.554,20.782,614,72,0,0.01
2840,500,-190.89748580448634,19.02,20.162,571,68,0,0.01
2841,500,-171.39804268084845,17.416,18.56,572,73,0,0.01
2842,500,-172.69598945800828,16.868,18.002,567,70,0,0.01
2843,500,-231.90707129202235,23.758,24.91,576,67,0,0.01
2844,500,-159.37024270262498,16.544,17.726,591,73,0,0.01
2845,500,-178.79095488505777,18.4,19.556,578,74,0,0.01
2846,500,-223.32299073068714,23.142,24.366,612,70,0,0.01
2847,500,-163.90991754898425,15.654,16.722,534,71,0,0.01
2848,500,-180.6395232494425,17.668,18.826,579,71,0,0.01
2849,500,-176.90339230097857,18.164,19.332,584,70,0,0.01
2850,500,-212.5933850302289,21.026,22.262,618,74,0,0.01
2851,500,-180.83032035566032,18.276,19.442,583,72,0,0.01
2852,500,-178.61688726589512,18.118,19.298,590,73,0,0.01
2853,500,-219.0874166585853,22.01,23.27,630,73,0,0.01
2854,500,-171.71800669004222,18.106,19.31,602,72,0,0.01
2855,500,-193.386229687864,19.036,20.22,592,70,0,0.01
2856,500,-170.33653622790928,16.586,17.722,568,70,0,0.01
2857,500,-166.01066572222328,16.69,17.802,556,73,0,0.01
2858,500,-185.93709877569427,18.186,19.336,575,78,0,0.01
2859,500,-189.20650307281448,18.92,20.08,580,74,0,0.01
2860,500,-161.83635060245524,17.13,18.256,563,72,0,0.01
2861,500,-161.01078947252597,16.28,17.446,583,71,0,0.01
2862,500,-160.26937077908326,15.906,17.002,548,72,0,0.01
2863,500,-182.763278657137,17.224,18.366,571,70,0,0.01
2864,500,-175.77410164769992,18.352,19.554,601,72,0,0.01
2865,500,-185.89723830388095,19.638,20.874,618,71,0,0.01
2866,500,-179.3360412266985,17.992,19.146,577,66,0,0.01
2867,500,-172.75761966125015,17.384,18.484,550,68,0,0.01
2868,500,-170.17932184610447,16.304,17.466,581,72,0,0.01
2869,500,-167.88162256955002,16.218,17.312,547,75,0,0.01
2870,500,-169.81962111540008,16.78,17.898,559,68,0,0.01
2871,500,-206.27317352042974,20.986,22.224,619,73,0,0.01
2872,500,-180.93143977980742,18.298,19.454,578,73,0,0.01
2873,500,-196.91950303652027,20.284,21.47,593,69,0,0.01
2874,500,-164.8981045559998,17.182,18.382,600,71,0,0.01
2875,500,-187.72920093151322,18.286,19.43,572,77,0,0.01
2876,500,-180.26838077666173,18.654,19.85,598,69,0,0.01
2877,500,-179.3139002443619,17.032,18.194,581,71,0,0.01
2878,500,-149.0565564408315,14.066,15.078,506,69,0,0.01
2879,500,-148.8258988628004,14.9,16.0,550,71,0,0.01
2880,500,-180.8866628139234,17.842,18.974,566,70,0,0.01
2881,500,-214.44736488989508,20.94,22.126,593,76,0,0.01
2882,500,-168.13442112991777,16.208,17.342,567,70,0,0.01
2883,500,-182.39754767963768,18.782,19.984,601,72,0,0.01
2884,500,-185.5659563029135,19.134,20.36,613,69,0,0.01
2885,500,-168.86464558188948,16.482,17.666,592,66,0,0.01
2886,500,-188.62267001208465,17.662,18.824,581,72,0,0.01
2887,500,-184.95358076214404,19.226,20.406,590,75,0,0.01
2888,500,-170.29163551172257,16.47,17.598,564,71,0,0.01
2889,500,-160.83672185336331,16.092,17.188,548,73,0,0.01
2890,500,-197.66719947736328,18.808,20.016,604,70,0,0.01
2891,500,-195.89736205418365,19.366,20.518,576,73,0,0.01
2892,500,-184.48169011612424,19.172,20.35,589,71,0,0.01
2893,500,-154.5448053229984,15.44,16.56,560,69,0,0.01
2894,500,-158.72416068713983,16.644,17.768,562,73,0,0.01
2895,500,-189.53237357850048,18.798,20.0,601,74,0,0.01
2896,500,-206.83511309942833,20.578,21.816,619,68,0,0.01
2897,500,-170.39275493586968,16.518,17.61,546,71,0,0.01
2898,500,-207.053957684475,21.33,22.554,612,72,0,0.01
2899,500,-179.86993332686825,17.428,18.616,594,72,0,0.01
2900,500,-193.59978652793188,18.8,20.008,604,69,0,0.01
2901,500,-161.70164845389513,16.762,17.884,561,71,0,0.01
2902,500,-182.33579372609313,18.676,19.858,591,70,0,0.01
2903,500,-214.7167691870153,21.64,22.87,615,72,0,0.01
2904,500,-167.85898658600263,16.652,17.784,566,71,0,0.01
2905,500,-197.45314763608462,20.48,21.652,586,76,0,0.01
2906,500,-171.57789304620064,17.164,18.344,590,72,0,0.01
2907,500,-174.70743120008467,16.32,17.41,545,70,0,0.01
2908,500,-206.98125699006482,20.354,21.596,621,74,0,0.01
2909,500,-178.99344123395736,17.728,18.868,570,72,0,0.01
2910,500,-195.23417930073526,20.052,21.27,609,74,0,0.01
2911,500,-175.58883978706626,18.03,19.176,573,75,0,0.01
2912,500,-161.7470441712926,15.446,16.584,569,72,0,0.01
2913,500,-175.16184985723316,18.07,19.244,587,73,0,0.01
2914,500,-205.49792460196863,20.894,22.132,619,74,0,0.01
2915,500,-186.43678939993754,19.036,20.226,595,67,0,0.01
2916,500,-171.62291751269004,17.006,18.112,553,68,0,0.01
2917,500,-179.2687520275698,17.56,18.782,611,67,0,0.01
2918,500,-172.97695924750758,16.602,17.798,598,71,0,0.01
2919,500,-170.162716109352,15.664,16.752,544,72,0,0.01
2920,500,-237.0426396927013,21.586,22.79,602,72,0,0.01
2921,500,-198.27342102103512,20.304,21.512,604,70,0,0.01
2922,500,-171.37553044760375,17.504,18.676,586,69,0,0.01
2923,500,-148.98336074521058,14.522,15.544,511,76,0,0.01
2924,500,-170.1902685869701,17.174,18.298,562,72,0,0.01
2925,500,-219.05961668036184,21.23,22.436,603,72,0,0.01
2926,500,-187.57186279940572,18.404,19.53,563,71,0,0.01
2927,500,-164.70730744978198,16.634,17.766,566,70,0,0.01
2928,500,-167.90967004837887,16.288,17.434,573,73,0,0.01
2929,500,-164.41539091941706,16.036,17.138,551,71,0,0.01
2930,500,-197.09431315749907,18.43,19.592,581,71,0,0.01
2931,500,-173.71862544155567,16.442,17.53,544,73,0,0.01
2932,500,-184.90351605128126,17.83,18.976,573,72,0,0.01
2933,500,-179.78013189449484,17.252,18.368,558,74,0,0.01
2934,500,-222.74481666584416,21.768,22.992,612,75,0,0.01
2935,500,-199.3461217154453,21.264,22.47,603,75,0,0.01
2936,500,-201.94742676504643,20.758,21.948,595,69,0,0.01
2937,500,-174.36421245583006,17.748,18.912,582,78,0,0.01
2938,500,-213.97497924266452,22.306,23.494,594,75,0,0.01
2939,500,-211.3635937043166,19.554,20.692,569,76,0,0.01
2940,500,-194.7518369150606,17.862,18.958,548,71,0,0.01
2941,500,-176.8193736147947,17.412,18.61,599,74,0,0.01
2942,500,-177.8642743309814,17.634,18.734,550,74,0,0.01
2943,500,-193.7681951512077,19.178,20.384,603,72,0,0.01
2944,500,-179.34182397288805,17.496,18.672,588,75,0,0.01
2945,500,-203.11067139364616,19.864,21.018,577,69,0,0.01
2946,500,-163.27453477375934,17.134,18.308,587,71,0,0.01
2947,500,-238.17672308974795,23.68,24.942,631,75,0,0.01
2948,500,-172.4484786426193,17.748,18.922,587,73,0,0.01
2949,500,-215.0426396927013,21.556,22.79,617,73,0,0.01
2950,500,-248.96820649405345,25.598,26.816,609,75,0,0.01
2951,500,-188.9704339995019,19.272,20.408,568,75,0,0.01
2952,500,-171.31931173964335,17.656,18.788,566,68,0,0.01
2953,500,-196.80140662471263,20.662,21.812,575,73,0,0.01
2954,500,-181.53274482940856,17.77,18.932,581,72,0,0.01
2955,500,-176.4484786426193,17.734,18.922,594,71,0,0.01
2956,500,-180.13355487779893,18.668,19.834,583,74,0,0.01
2957,500,-156.477392373567,15.448,16.552,552,71,0,0.01
2958,500,-183.17304409870417,18.204,19.364,580,72,0,0.01
2959,500,-202.02099371157544,19.246,20.414,584,68,0,0.01
2960,500,-191.5883447858555,19.422,20.6,589,72,0,0.01
2961,500,-162.0951794096179,15.97,17.1,565,72,0,0.01
2962,500,-165.6284527582742,17.24,18.35,555,71,0,0.01
2963,500,-175.63374050325297,18.116,19.3,592,77,0,0.01
2964,500,-173.37565419790644,17.164,18.32,578,74,0,0.01
2965,500,-173.9204930389418,17.478,18.622,572,73,0,0.01
2966,500,-184.54406282118225,17.6,18.696,548,73,0,0.01
2967,500,-207.89108430678334,21.178,22.416,619,76,0,0.01
2968,500,-171.1453678707834,17.032,18.174,571,74,0,0.01
2969,500,-167.24082829904364,17.138,18.304,583,71,0,0.01
2970,500,-168.44331464794323,16.538,17.616,539,69,0,0.01
2971,500,-176.13970887489654,17.146,18.292,573,73,0,0.01
2972,500,-177.15065561576216,17.97,19.124,577,74,0,0.01
2973,500,-190.05482393659383,18.884,20.062,589,72,0,0.01
2974,500,-169.57248155091918,16.59,17.75,580,71,0,0.01
2975,500,-206.84064834501248,20.804,22.054,625,76,0,0.01
2976,500,-172.5385275755981,17.354,18.458,552,74,0,0.01
2977,500,-183.58871603676357,18.376,19.532,578,73,0,0.01
2978,500,-171.04387719572821,18.08,19.23,575,74,0,0.01
2979,500,-198.96477500361505,19.328,20.526,599,73,0,0.01
2980,500,-176.83610310184986,17.768,18.968,600,72,0,0.01
2981,500,-175.6957419574029,17.564,18.714,575,77,0,0.01
2982,500,-164.35338946526713,16.592,17.724,566,72,0,0.01
2983,500,-171.9877822380705,17.826,18.986,580,76,0,0.01
2984,500,-183.0326829542572,17.932,19.11,589,74,0,0.01
2985,500,-158.46016788530108,16.52,17.618,549,75,0,0.01
2986,500,-212.73362242437315,21.62,22.872,626,74,0,0.01
2987,500,-159.7581146624609,15.942,17.06,559,77,0,0.01
2988,500,-199.0375994483279,19.984,21.128,572,71,0,0.01
2989,500,-169.08361391723884,16.882,18.048,583,73,0,0.01
2990,500,-185.830444105963,17.91,19.086,588,74,0,0.01
2991,500,-180.45401388820346,18.026,19.16,567,77,0,0.01
2992,500,-187.25693903458534,19.26,20.442,591,73,0,0.01
2993,500,-217.97473174205913,22.91,24.206,648,70,0,0.01
2994,500,-167.93193478101819,16.928,18.03,551,72,0,0.01
2995,500,-196.39680517782153,20.896,22.12,612,71,0,0.01
2996,500,-198.02615770625152,20.504,21.72,608,78,0,0.01
2997,500,-177.0665131792756,17.594,18.758,582,72,0,0.01
2998,500,-162.23541680376218,16.572,17.71,569,74,0,0.01
2999,500,-175.89256931041564,17.018,18.144,563,77,0,0.01
3000,500,-173.18460959108324,17.244,18.416,586,73,0,0.01
