episode,steps,cumulative_reward,average_queue_length,average_waiting_time,total_throughput,phase_switches,overflow_count,epsilon
1,120,-277.0104208071466,60.025,60.21666666666667,23,54,1,1.0
2,160,-355.7676065049345,68.3625,68.7,54,65,1,0.995
3,129,-298.25305226045424,63.72868217054263,63.96124031007752,30,57,1,0.990025
4,128,-310.7148892910565,70.7265625,70.9921875,34,55,1,0.985074875
5,139,-284.74237386070513,52.07194244604317,52.33812949640288,37,59,1,0.9801495006250001
6,144,-356.19872303637254,72.8125,73.07638888888889,38,63,1,0.9752487531218751
7,165,-403.65598975745957,76.41818181818182,76.69090909090909,45,71,1,0.9703725093562657
8,166,-393.29477714979333,75.1987951807229,75.48192771084338,47,71,1,0.9655206468094844
9,186,-446.66384728979074,78.24731182795699,78.55913978494624,58,79,1,0.960693043575437
10,132,-281.5508445113314,60.68939393939394,61.02272727272727,44,55,1,0.9558895783575597
11,153,-310.823344372995,60.31372549019608,60.666666666666664,54,63,1,0.9511101304657719
12,134,-276.07547679119983,56.93283582089552,57.24626865671642,42,55,1,0.946354579813443
13,110,-195.51920011073895,48.77272727272727,49.22727272727273,50,43,1,0.9416228069143757
14,138,-290.20255474672314,56.89855072463768,57.210144927536234,43,58,1,0.9369146928798039
15,162,-322.26694003958045,58.9320987654321,59.27777777777778,56,67,1,0.9322301194154049
16,157,-353.2771551836723,67.26114649681529,67.60509554140127,54,65,1,0.9275689688183278
17,139,-298.4943885614255,60.86330935251799,61.143884892086334,39,58,1,0.9229311239742362
18,141,-298.1180615766487,58.5886524822695,58.87943262411348,41,59,1,0.918316468354365
19,128,-291.71306836152934,69.3984375,69.765625,47,52,1,0.9137248860125932
20,83,-171.00942835136678,46.0722891566265,46.28915662650602,18,37,1,0.9091562615825302
21,115,-247.9958732418667,57.31304347826087,57.582608695652176,31,49,1,0.9046104802746175
22,145,-336.3845004155373,69.03448275862068,69.31724137931035,41,60,1,0.9000874278732445
23,149,-298.2580206942074,59.147651006711406,59.51677852348993,55,59,1,0.8955869907338783
24,132,-326.9826477022524,70.10606060606061,70.3030303030303,26,60,1,0.8911090557802088
25,137,-292.51094300487773,63.18248175182482,63.56204379562044,52,56,1,0.8866535105013078
26,136,-285.55074127834854,60.625,60.94117647058823,43,56,1,0.8822202429488013
27,137,-296.1757094459081,64.38686131386861,64.71532846715328,45,55,1,0.8778091417340573
28,111,-223.2546917903694,53.78378378378378,54.13513513513514,39,45,1,0.8734200960253871
29,115,-259.8122983017975,58.356521739130436,58.56521739130435,24,51,1,0.8690529955452602
30,161,-358.9097783202487,69.42857142857143,69.77639751552795,56,66,1,0.8647077305675338
31,134,-238.4708081591298,54.33582089552239,54.82089552238806,65,50,1,0.8603841919146962
32,122,-218.4996391744149,52.459016393442624,52.91803278688525,56,46,1,0.8560822709551227
33,134,-281.7623739559067,61.350746268656714,61.69402985074627,46,56,1,0.851801859600347
34,155,-343.0431750578126,68.15483870967742,68.50967741935484,55,63,1,0.8475428503023453
35,139,-270.52274573920215,56.03597122302158,56.44604316546763,57,54,1,0.8433051360508336
36,156,-356.5535238876758,74.71153846153847,75.12179487179488,64,62,1,0.8390886103705794
37,139,-250.43323284207437,53.273381294964025,53.726618705035975,63,53,1,0.8348931673187264
38,113,-196.15218423956333,48.0353982300885,48.469026548672566,49,44,1,0.8307187014821328
39,145,-290.4827717757463,60.44827586206897,60.83448275862069,56,56,1,0.8265651079747222
40,214,-398.88494689999754,63.46261682242991,63.99065420560748,113,78,1,0.8224322824348486
41,145,-344.17274398767665,70.38620689655173,70.66896551724138,41,62,1,0.8183201210226743
42,195,-348.798966272932,58.18974358974359,58.67179487179487,94,74,1,0.8142285204175609
43,135,-247.74400948796952,54.385185185185186,54.86666666666667,65,50,1,0.810157377815473
44,147,-286.4896848893294,63.51700680272109,64.0204081632653,74,54,1,0.8061065909263957
45,153,-285.67871235932006,62.91503267973856,63.431372549019606,79,56,1,0.8020760579717637
46,167,-288.3255676526015,51.70059880239521,52.125748502994014,71,64,1,0.798065677681905
47,119,-229.93795735468174,52.94957983193277,53.3109243697479,43,47,1,0.7940753492934954
48,117,-220.1437457340902,54.15384615384615,54.61538461538461,54,43,1,0.7901049725470279
49,136,-301.6437312495881,65.94852941176471,66.28676470588235,46,56,1,0.7861544476842928
50,205,-365.0150621243727,61.57073170731707,62.11219512195122,111,74,1,0.7822236754458713
51,150,-307.09825313971925,64.18666666666667,64.58,59,58,1,0.778312557068642
52,159,-289.0887977584951,59.43396226415094,59.9496855345912,82,57,1,0.7744209942832988
53,140,-260.64973072040294,58.90714285714286,59.40714285714286,70,51,1,0.7705488893118823
54,218,-387.62676762032834,61.22935779816514,61.75229357798165,114,77,1,0.7666961448653229
55,147,-307.74800843662115,64.40816326530613,64.82993197278911,62,57,1,0.7628626641409962
56,180,-374.91756404195996,71.63333333333334,72.12777777777778,89,67,1,0.7590483508202912
57,190,-433.62724781384594,81.86315789473684,82.33157894736843,89,72,1,0.7552531090661897
58,110,-221.42346140589328,50.93636363636364,51.263636363636365,36,45,1,0.7514768435208588
59,152,-254.65331102749718,54.92763157894737,55.4671052631579,82,51,1,0.7477194593032545
60,128,-201.34458619706533,45.1484375,45.671875,67,47,1,0.7439808620067382
61,159,-308.61237848398207,64.88050314465409,65.42767295597484,87,58,1,0.7402609576967045
62,173,-320.31987397808376,63.41618497109827,63.92485549132948,88,61,1,0.736559652908221
63,132,-246.3079450400982,54.96212121212121,55.39393939393939,57,51,1,0.7328768546436799
64,147,-231.6340630463895,46.46938775510204,46.95238095238095,71,54,1,0.7292124703704616
65,138,-283.3760658127148,61.572463768115945,62.007246376811594,60,53,1,0.7255664080186093
66,181,-364.47925612035317,72.0,72.5303867403315,96,64,1,0.7219385759785162
67,195,-335.2796941950448,60.805128205128206,61.38461538461539,113,68,1,0.7183288830986236
68,151,-224.9610536608089,50.11258278145695,50.72185430463576,92,50,1,0.7147372386831305
69,184,-378.18762812523335,67.93478260869566,68.375,81,71,1,0.7111635524897149
70,169,-247.68378792870672,45.16568047337278,45.662721893491124,84,55,1,0.7076077347272662
71,151,-256.70052767442195,52.00662251655629,52.51655629139073,77,55,1,0.7040696960536299
72,222,-429.8964360327234,71.13963963963964,71.69369369369369,123,78,1,0.7005493475733617
73,185,-338.4874888062434,65.1891891891892,65.75135135135135,104,65,1,0.697046600835495
74,213,-337.5164916088625,60.737089201877936,61.394366197183096,140,67,1,0.6935613678313175
75,247,-394.7675890873552,60.65182186234818,61.30364372469636,161,82,1,0.6900935609921609
76,117,-154.81544970867435,40.35897435897436,40.965811965811966,71,37,1,0.6866430931872001
77,141,-244.1182270079737,54.02127659574468,54.56737588652482,77,49,1,0.6832098777212641
78,217,-323.9945567693001,56.414746543778804,57.07373271889401,143,69,1,0.6797938283326578
79,260,-431.662002586675,61.75769230769231,62.34615384615385,153,88,1,0.6763948591909945
80,144,-194.57611638322456,44.69444444444444,45.354166666666664,95,47,1,0.6730128848950395
81,243,-372.3215781596999,53.90534979423868,54.49794238683128,144,84,1,0.6696478204705644
82,179,-346.08883489048446,66.67597765363128,67.17877094972067,90,66,1,0.6662995813682115
83,191,-352.8843423097951,63.47120418848168,64.01570680628272,104,69,1,0.6629680834613705
84,134,-221.2647831841583,52.8134328358209,53.40298507462686,79,46,1,0.6596532430440636
85,142,-290.0589498674592,65.6830985915493,66.16197183098592,68,52,1,0.6563549768288433
86,196,-352.4661171990521,66.1734693877551,66.75510204081633,114,66,1,0.653073201944699
87,164,-277.45583414699075,57.457317073170735,58.01829268292683,92,56,1,0.6498078359349755
88,123,-216.27254138615783,56.235772357723576,56.75609756097561,64,41,1,0.6465587967553006
89,241,-380.565546446366,60.04979253112033,60.73029045643153,164,77,1,0.6433260027715241
90,246,-407.31368204608674,64.19918699186992,64.86585365853658,164,79,1,0.6401093727576664
91,144,-225.01515264533668,52.666666666666664,53.31944444444444,94,46,1,0.6369088258938781
92,198,-302.0057516571533,59.474747474747474,60.25757575757576,155,59,1,0.6337242817644086
93,133,-185.02227548115349,44.037593984962406,44.669172932330824,84,43,1,0.6305556603555866
94,183,-255.28148825124256,51.950819672131146,52.622950819672134,123,57,1,0.6274028820538087
95,166,-268.2452119891744,48.74096385542169,49.234939759036145,82,59,1,0.6242658676435396
96,187,-307.4752263957211,57.780748663101605,58.36363636363637,109,62,1,0.6211445383053219
97,152,-222.3468366731923,48.56578947368421,49.203947368421055,97,50,1,0.6180388156137953
98,174,-295.51463290096393,62.40229885057471,63.02298850574713,108,58,1,0.6149486215357263
99,211,-404.1179985753958,71.79620853080569,72.36018957345972,119,72,1,0.6118738784280476
100,177,-282.3057803793743,53.76836158192091,54.3728813559322,107,61,1,0.6088145090359074
101,131,-198.71646726901153,50.06106870229008,50.70229007633588,84,42,1,0.6057704364907278
102,245,-326.3654792611871,56.93877551020408,57.74285714285714,197,70,1,0.6027415843082742
103,185,-349.8781062434168,68.4,69.02702702702703,116,63,1,0.5997278763867329
104,187,-326.3712550049849,63.919786096256686,64.55080213903743,118,62,1,0.5967292370047992
105,177,-252.71234702341548,52.943502824858754,53.5819209039548,113,53,1,0.5937455908197752
106,141,-186.2353065440306,45.12056737588652,45.787234042553195,94,42,1,0.5907768628656763
107,197,-394.46099033636546,75.21827411167513,75.79695431472081,114,69,1,0.5878229785513479
108,198,-317.38107137845714,58.2020202020202,58.7979797979798,118,65,1,0.5848838636585911
109,224,-319.6820419095402,52.924107142857146,53.598214285714285,151,73,1,0.5819594443402982
110,175,-266.65271343968595,49.98285714285714,50.57714285714286,104,57,1,0.5790496471185967
111,198,-294.08963959064306,52.85353535353536,53.464646464646464,121,63,1,0.5761543988830038
112,166,-295.5189864858542,60.4277108433735,60.975903614457835,91,57,1,0.5732736268885887
113,225,-436.76639261896815,75.18666666666667,75.79555555555555,137,78,1,0.5704072587541458
114,194,-271.6889897017544,52.53092783505155,53.20618556701031,131,57,1,0.567555222460375
115,200,-291.88514700995336,53.255,53.935,136,62,1,0.5647174463480732
116,108,-140.88269787316287,44.2037037037037,44.96296296296296,82,32,1,0.5618938591163328
117,120,-116.71726496677871,27.1,27.716666666666665,74,33,1,0.5590843898207511
118,192,-310.4692788645889,57.791666666666664,58.401041666666664,117,62,1,0.5562889678716474
119,186,-303.2818555995,61.10752688172043,61.76881720430107,123,60,1,0.5535075230322891
120,252,-368.87462201038613,65.03968253968254,65.87698412698413,211,68,1,0.5507399854171277
121,157,-174.26705808025616,40.32484076433121,41.05095541401274,114,44,1,0.547986285490042
122,209,-268.4957323971758,50.377990430622006,51.11483253588517,154,61,1,0.5452463540625918
123,164,-206.6806410708631,40.1890243902439,40.829268292682926,105,51,1,0.5425201222922789
124,295,-445.77663528277134,66.80677966101695,67.59322033898304,232,85,1,0.5398075216808175
125,227,-322.9524835997315,58.61233480176212,59.33480176211454,164,67,1,0.5371084840724134
126,125,-136.13393326326883,34.432,35.136,88,36,1,0.5344229416520513
127,224,-382.6006096253784,68.84375,69.55357142857143,159,71,1,0.531750826943791
128,176,-236.79705691811526,48.33522727272727,49.03977272727273,124,54,1,0.5290920728090721
129,109,-165.23903437501616,41.84403669724771,42.30275229357798,50,39,1,0.5264466124450268
130,156,-195.39251066717537,41.40384615384615,42.01923076923077,96,46,1,0.5238143793828016
131,219,-337.29913448080697,69.21917808219177,70.05479452054794,183,59,1,0.5211953074858876
132,107,-113.61039357242217,33.42056074766355,34.05607476635514,68,28,1,0.5185893309484582
133,202,-224.9189708789625,39.836633663366335,40.52970297029703,140,57,1,0.5159963842937159
134,238,-358.96217296663235,62.65966386554622,63.41596638655462,180,69,1,0.5134164023722473
135,209,-313.95869914878926,61.014354066985646,61.665071770334926,136,58,1,0.510849320360386
136,299,-343.62446959702396,50.46488294314381,51.297658862876254,249,83,1,0.5082950737585841
137,274,-348.5420551157421,56.07664233576642,56.88321167883212,221,73,1,0.5057535983897912
138,232,-397.48384940054734,70.98706896551724,71.6853448275862,162,73,1,0.5032248303978422
139,207,-259.11623739085263,47.371980676328505,48.05797101449275,142,60,1,0.500708706245853
140,169,-266.1110214564941,56.710059171597635,57.36094674556213,110,55,1,0.4982051627146237
141,200,-228.07306527625292,48.035,48.84,161,50,1,0.49571413690105054
142,248,-313.6240810850645,55.53225806451613,56.346774193548384,202,69,1,0.4932355662165453
143,293,-265.88734683916226,39.10921501706485,39.94539249146758,245,74,1,0.4907693883854626
144,239,-300.77088476185446,54.00836820083682,54.79497907949791,188,66,1,0.4883155414435353
145,148,-160.526268396987,35.554054054054056,36.270270270270274,106,43,1,0.4858739637363176
146,333,-381.45129184704086,53.972972972972975,54.87987987987988,302,86,1,0.483444593917636
147,266,-312.6627047002329,53.46992481203007,54.338345864661655,231,70,1,0.4810273709480478
148,401,-495.52284020744526,61.46384039900249,62.35660847880299,358,101,1,0.47862223409330756
149,165,-262.8358549305046,57.7030303030303,58.31515151515151,101,51,1,0.47622912292284103
150,180,-194.8670435575502,42.17777777777778,42.92777777777778,135,48,1,0.4738479773082268
151,112,-102.8236618772445,32.892857142857146,33.651785714285715,85,27,1,0.47147873742168567
152,216,-312.35728125392757,58.601851851851855,59.36574074074074,165,64,1,0.46912134373457726
153,274,-390.0915424329229,61.456204379562045,62.24087591240876,215,77,1,0.46677573701590436
154,202,-232.25188786081196,44.415841584158414,45.09405940594059,137,57,1,0.46444185833082485
155,205,-259.975381245195,50.639024390243904,51.35609756097561,147,58,1,0.46211964903917074
156,259,-271.86624260351425,48.722007722007724,49.61003861003861,230,67,1,0.4598090507939749
157,222,-222.5108993603513,43.472972972972975,44.351351351351354,195,56,1,0.457510005540005
158,331,-508.30341725914326,78.19939577039275,79.12084592145015,305,83,1,0.45522245551230495
159,162,-175.59996544982798,41.32716049382716,42.111111111111114,127,44,1,0.4529463432347434
160,197,-190.92889048541718,37.370558375634516,38.142131979695435,152,54,1,0.4506816115185697
161,329,-320.75276063560335,47.96048632218845,48.86018237082067,296,79,1,0.4484282034609769
162,370,-423.47021987054063,54.42702702702703,55.3027027027027,324,96,1,0.446186062443672
163,134,-166.40771801860876,46.88805970149254,47.56716417910448,91,33,1,0.4439551321314536
164,202,-262.0538544271347,52.386138613861384,53.148514851485146,154,60,1,0.4417353564707963
165,279,-268.5268830893215,45.38709677419355,46.31182795698925,258,70,1,0.43952667968844233
166,139,-145.03556957511935,37.68345323741007,38.45323741007194,107,34,1,0.43732904629000013
167,158,-197.12210610897347,47.177215189873415,47.879746835443036,111,45,1,0.4351424010585501
168,188,-208.215773127418,49.17553191489362,50.037234042553195,162,47,1,0.43296668905325736
169,140,-186.63907316116502,49.97857142857143,50.77857142857143,112,39,1,0.43080185560799106
170,182,-198.44006388637712,42.09340659340659,42.81318681318681,131,48,1,0.4286478463299511
171,208,-258.86953763163143,53.90384615384615,54.74519230769231,175,55,1,0.42650460709830135
172,150,-151.47387359407534,49.38,50.333333333333336,143,31,1,0.42437208406280985
173,321,-344.51066131549567,51.58255451713396,52.47040498442367,285,79,1,0.4222502236424958
174,223,-225.20775716615293,43.5695067264574,44.403587443946186,186,59,1,0.42013897252428334
175,290,-297.9293128730975,44.755172413793105,45.6,245,76,1,0.4180382776616619
176,259,-284.10185771025635,51.33976833976834,52.18532818532819,219,65,1,0.4159480862733536
177,279,-312.2173496560807,49.96415770609319,50.75268817204301,220,70,1,0.41386834584198684
178,137,-186.813563324536,49.24817518248175,49.99270072992701,102,40,1,0.4117990041127769
179,290,-301.8867863833404,49.53103448275862,50.44137931034483,264,67,1,0.40974000909221303
180,195,-201.9727499058823,44.63076923076923,45.43589743589744,157,47,1,0.40769130904675194
181,124,-140.2197626203199,38.516129032258064,39.25,91,36,1,0.40565285250151817
182,298,-372.5143852438307,57.52348993288591,58.34563758389262,245,77,1,0.4036245882390106
183,195,-197.73295625785246,45.42051282051282,46.246153846153845,161,46,1,0.4016064652978155
184,284,-300.38749713960317,49.34507042253521,50.193661971830984,241,69,1,0.3995984329713264
185,276,-281.4573189940951,47.844202898550726,48.69202898550725,234,62,1,0.3976004408064698
186,354,-281.3854466169041,43.652542372881356,44.63841807909605,349,77,1,0.39561243860243744
187,318,-415.8691206405226,64.4622641509434,65.38364779874213,293,80,1,0.3936343764094253
188,152,-162.43309947949393,45.578947368421055,46.4078947368421,126,34,1,0.39166620452737816
189,196,-228.01533469133102,47.62755102040816,48.423469387755105,156,53,1,0.3897078735047413
190,160,-179.68798698731428,42.59375,43.2875,111,39,1,0.3877593341372176
191,126,-108.68495687738191,29.849206349206348,30.563492063492063,90,30,1,0.3858205374665315
192,123,-130.35468149350518,36.886178861788615,37.577235772357724,85,28,1,0.38389143477919885
193,311,-328.830511833047,55.01607717041801,55.97749196141479,299,74,1,0.3819719776053028
194,177,-203.9710110456352,49.779661016949156,50.56497175141243,139,43,1,0.3800621177172763
195,193,-194.17343584257472,42.92746113989637,43.69948186528497,149,43,1,0.37816180712868996
196,465,-448.3319514196697,50.41290322580645,51.34623655913978,434,109,1,0.37627099809304654
197,214,-209.08137677515472,49.90654205607477,50.8411214953271,200,44,1,0.3743896431025813
198,229,-269.0459109228722,46.96943231441048,47.7117903930131,170,62,1,0.37251769488706843
199,144,-152.47469816517176,45.8125,46.65972222222222,122,34,1,0.3706551064126331
200,309,-295.83589645499893,48.45631067961165,49.359223300970875,279,69,1,0.36880183088056995
201,353,-350.592773100221,53.36543909348442,54.3342776203966,342,78,1,0.3669578217261671
202,254,-290.31485799715324,54.03543307086614,54.92913385826772,227,64,1,0.36512303261753626
203,306,-311.9824179525527,54.62418300653595,55.591503267973856,296,66,1,0.3632974174544486
204,163,-163.74587209851902,42.760736196319016,43.533742331288344,126,36,1,0.3614809303671764
205,263,-201.0998970621393,39.20152091254753,40.17110266159696,255,60,1,0.3596735257153405
206,500,-439.5682852546387,49.462,50.466,502,114,0,0.3578751580867638
207,302,-231.65448682203564,40.44701986754967,41.370860927152314,279,65,1,0.35608578229633
208,335,-320.5517104503943,55.39402985074627,56.438805970149254,350,68,1,0.3543053533848483
209,236,-291.7508288243196,61.94491525423729,62.84322033898305,212,56,1,0.35253382661792404
210,214,-142.1643209362786,34.80373831775701,35.71028037383178,194,39,1,0.3507711574848344
211,269,-213.52154405104272,44.64312267657993,45.68401486988848,280,55,1,0.34901730169741024
212,320,-257.2467031922877,44.234375,45.15,293,67,1,0.3472722151889232
213,222,-191.83299335163764,44.891891891891895,45.792792792792795,200,46,1,0.3455358541129786
214,423,-526.3546956994445,62.73286052009456,63.59574468085106,365,100,1,0.3438081748424137
215,432,-527.9763681925043,67.24768518518519,68.18981481481481,407,97,1,0.3420891339682016
216,302,-255.10248736681194,39.324503311258276,40.14238410596027,247,68,1,0.3403786882983606
217,151,-125.44790870669006,31.986754966887418,32.728476821192054,112,32,1,0.3386767948568688
218,500,-484.3237423508401,57.182,58.222,520,106,0,0.33698341088258443
219,281,-258.70468554186135,45.58362989323843,46.52313167259786,264,67,1,0.3352984938281715
220,220,-145.17662502782312,37.46818181818182,38.47727272727273,222,42,1,0.33362200135903064
221,128,-137.44013959964818,43.1796875,43.9296875,96,29,1,0.33195389135223546
222,429,-362.11116605744326,48.303030303030305,49.3053613053613,430,91,1,0.3302941218954743
223,184,-183.91460703541185,47.994565217391305,48.891304347826086,165,41,1,0.32864265128599696
224,252,-232.2570697629218,43.333333333333336,44.17063492063492,211,55,1,0.326999438029567
225,238,-213.7647975121324,43.588235294117645,44.52521008403362,223,53,1,0.3253644408394192
226,278,-192.15594072649685,36.99640287769784,37.935251798561154,261,55,1,0.3237376186352221
227,190,-179.28540967964707,44.28421052631579,45.2,174,40,1,0.322118930542046
228,133,-131.428358029026,44.30075187969925,45.18796992481203,118,27,1,0.32050833588933575
229,196,-179.67522567293057,43.73979591836735,44.566326530612244,162,43,1,0.31890579420988907
230,360,-330.1811662118067,50.30277777777778,51.297222222222224,358,79,1,0.3173112652388396
231,191,-183.19090783144605,38.72251308900523,39.50261780104712,149,45,1,0.3157247089126454
232,181,-173.16768387236505,47.46408839779006,48.32044198895028,155,35,1,0.3141460853680822
233,332,-295.8813709854081,49.28915662650602,50.2289156626506,312,65,1,0.3125753549412418
234,316,-272.3714754757332,47.43354430379747,48.33860759493671,286,61,1,0.31101247816653554
235,406,-333.907858393716,49.416256157635466,50.43103448275862,412,82,1,0.30945741577570285
236,420,-391.8531989533665,54.673809523809524,55.680952380952384,423,87,1,0.3079101286968243
237,500,-451.5667758310355,58.24,59.33,545,97,0,0.3063705780533402
238,296,-248.32561943575578,47.557432432432435,48.45945945945946,267,55,1,0.30483872516307353
239,189,-206.79638687330174,48.68783068783069,49.5026455026455,154,44,1,0.3033145315372582
240,500,-374.42967322909846,49.03,50.078,524,90,0,0.3017979588795719
241,327,-278.64476977889524,45.091743119266056,46.03669724770642,309,71,1,0.30028896908517405
242,500,-421.3270277666791,53.038,54.104,533,98,0,0.2987875242397482
243,312,-242.44869518635883,44.81089743589744,45.81410256410256,313,62,1,0.29729358661854943
244,401,-380.5148493125336,55.394014962593516,56.42643391521197,414,85,1,0.29580711868545667
245,483,-328.7023258100688,42.22360248447205,43.25258799171843,497,91,1,0.2943280830920294
246,160,-139.49687056987077,41.3375,42.21875,141,30,1,0.29285644267656924
247,213,-199.2462775483389,48.95305164319249,49.89671361502347,201,40,1,0.2913921604631864
248,418,-312.32956122495244,45.483253588516746,46.516746411483254,432,81,1,0.28993519966087045
249,197,-188.47673891906484,53.04060913705584,54.08121827411168,205,40,1,0.2884855236625661
250,279,-235.25382602810473,44.774193548387096,45.67383512544803,251,57,1,0.28704309604425327
251,268,-268.0543839504481,50.67164179104478,51.582089552238806,244,56,1,0.285607880564032
252,461,-317.4282204507387,42.72885032537961,43.678958785249456,438,78,1,0.28417984116121187
253,274,-235.45422342955152,44.86861313868613,45.806569343065696,257,59,1,0.2827589419554058
254,267,-182.04636553582506,34.80898876404494,35.70786516853933,240,53,1,0.28134514724562876
255,316,-249.54861243249223,41.04113924050633,42.00632911392405,305,69,1,0.2799384215094006
256,460,-357.82284009283273,44.68043478260869,45.62391304347826,434,91,1,0.27853872940185365
257,119,-122.6356410243444,36.924369747899156,37.69747899159664,92,28,1,0.27714603575484437
258,161,-154.742642525013,38.857142857142854,39.63975155279503,126,38,1,0.2757603055760701
259,450,-308.58867466470986,45.64666666666667,46.64888888888889,451,73,1,0.2743815040481898
260,347,-351.5825752171808,56.95100864553314,57.95389048991355,348,69,1,0.2730095965279488
261,367,-251.82894995554926,42.22615803814714,43.22615803814714,367,64,1,0.27164454854530906
262,398,-259.84979578554976,38.15075376884422,39.09045226130653,374,75,1,0.2702863258025825
263,240,-171.9555363226586,36.12916666666667,36.97083333333333,202,46,1,0.2689348941735696
264,437,-325.4261308569036,46.63615560640732,47.61327231121282,427,77,1,0.26759021970270175
265,367,-339.62714961975087,49.33787465940055,50.23978201634878,331,77,1,0.2662522686041882
266,344,-316.5930757967777,47.43023255813954,48.2906976744186,296,69,1,0.2649210072611673
267,225,-179.22540094235848,47.15111111111111,48.12444444444444,219,34,1,0.26359640222486147
268,309,-245.383395604351,37.47572815533981,38.32686084142395,263,69,1,0.26227842021373715
269,366,-260.43523369756343,43.35245901639344,44.40710382513661,386,70,1,0.2609670281126685
270,500,-245.3408907681502,35.474,36.518,522,85,0,0.25966219297210513
271,239,-218.67883349973624,44.39748953974895,45.20083682008368,192,46,1,0.2583638820072446
272,323,-245.03107856846947,43.11145510835913,44.089783281733745,316,64,1,0.2570720625972084
273,113,-78.76017996849525,28.24778761061947,29.115044247787612,98,22,1,0.25578670228422234
274,265,-210.606428342963,44.15094339622642,45.06792452830189,243,47,1,0.25450776877280124
275,208,-199.68700398728416,48.20673076923077,49.05288461538461,176,40,1,0.2532352299289372
276,500,-303.7053739839629,37.454,38.452,499,94,0,0.2519690537792925
277,163,-109.12319934437762,35.263803680981596,36.09815950920245,136,26,1,0.2507092085103961
278,351,-209.38830948853513,39.24216524216524,40.282051282051285,365,59,1,0.2494556624678441
279,288,-190.6306281431546,39.39930555555556,40.395833333333336,287,53,1,0.24820838415550486
280,441,-420.23959681461236,55.0453514739229,56.02267573696145,431,86,1,0.24696734223472733
281,415,-337.00829751438937,50.12289156626506,51.11084337349398,410,72,1,0.2457325055235537
282,206,-128.94385098262754,33.786407766990294,34.69417475728155,187,37,1,0.24450384299593592
283,198,-124.24309291212383,37.58585858585859,38.56565656565657,194,33,1,0.24328132378095624
284,145,-161.3999905925893,45.144827586206894,45.8,95,29,1,0.24206491716205145
285,147,-101.72243596384622,38.755102040816325,39.68707482993197,137,22,1,0.2408545925762412
286,117,-123.79087930395706,42.77777777777778,43.44444444444444,78,22,1,0.23965031961336
287,291,-146.34080446289332,29.285223367697593,30.20274914089347,267,53,1,0.2384520680152932
288,233,-181.91213722477337,38.26609442060086,39.141630901287556,204,46,1,0.23725980767521673
289,171,-134.93510603447513,39.64327485380117,40.45614035087719,139,29,1,0.23607350863684065
290,339,-213.68454818142857,40.471976401179944,41.442477876106196,329,51,1,0.23489314109365644
291,412,-321.82810031809987,46.49029126213592,47.4247572815534,385,73,1,0.23371867538818816
292,288,-163.70428806400616,35.80902777777778,36.81944444444444,291,48,1,0.23255008201124722
293,171,-89.84986465295738,30.88888888888889,31.842105263157894,163,28,1,0.231387331601191
294,165,-121.32344221954166,34.27272727272727,35.10909090909091,138,29,1,0.23023039494318503
295,248,-186.57380810126014,33.225806451612904,33.971774193548384,185,48,1,0.2290792429684691
296,274,-206.59546808716888,47.518248175182485,48.63868613138686,307,50,1,0.22793384675362674
297,398,-213.48453603567256,42.64824120603015,43.768844221105525,446,56,1,0.22679417751985861
298,500,-206.93363681824397,33.41,34.43,510,75,0,0.22566020663225933
299,150,-114.86529834129414,35.25333333333333,36.00666666666667,113,26,1,0.22453190559909803
300,237,-170.91918434731903,39.42194092827004,40.345991561181435,219,41,1,0.22340924607110255
301,131,-76.28023232657034,26.938931297709924,27.862595419847327,121,22,1,0.22229219984074702
302,192,-159.27166552176146,38.96875,39.697916666666664,140,35,1,0.2211807388415433
303,294,-172.70696108434146,39.214285714285715,40.285714285714285,315,49,1,0.22007483514733558
304,324,-279.2425008774113,51.77777777777778,52.73456790123457,310,52,1,0.2189744609715989
305,163,-119.16048612618754,36.02453987730061,36.87116564417178,138,29,1,0.2178795886667409
306,226,-170.9355528421262,44.517699115044245,45.5353982300885,230,41,1,0.2167901907234072
307,273,-176.060717540182,35.959706959706956,36.95238095238095,271,55,1,0.21570623976979014
308,500,-216.54113689958317,31.638,32.62,491,81,0,0.21462770857094118
309,453,-346.5650794547207,49.253863134657834,50.216335540838855,436,72,1,0.21355457002808648
310,183,-129.0892248517365,33.005464480874316,33.77049180327869,140,34,1,0.21248679717794605
311,397,-266.0801917016643,43.85138539042821,44.83879093198993,392,62,1,0.21142436319205632
312,232,-212.34859915049967,49.39224137931034,50.275862068965516,205,41,1,0.21036724137609603
313,297,-228.90542977424514,48.35016835016835,49.35353535353536,298,46,1,0.20931540516921554
314,188,-99.99030851306698,27.175531914893618,28.079787234042552,170,35,1,0.20826882814336947
315,448,-397.8137846428223,61.526785714285715,62.620535714285715,490,70,1,0.20722748400265262
316,293,-252.29837210805226,52.870307167235495,53.80204778156997,273,47,1,0.20619134658263935
317,478,-370.57020941714853,51.57112970711297,52.61297071129707,498,78,1,0.20516038984972615
318,288,-245.20423189848162,46.520833333333336,47.40277777777778,254,49,1,0.2041345879004775
319,326,-260.7064685364887,52.122699386503065,53.1840490797546,346,52,1,0.2031139149609751
320,347,-206.32158710123764,37.81844380403458,38.79250720461095,338,55,1,0.20209834538617025
321,388,-283.0627607474332,47.44845360824742,48.45360824742268,390,64,1,0.2010878536592394
322,242,-186.67364898774022,40.735537190082646,41.62396694214876,215,46,1,0.2000824143909432
323,500,-310.08737267664515,47.17,48.286,558,77,0,0.19908200231898848
324,234,-203.16217614649264,44.26495726495727,45.111111111111114,198,44,1,0.19808659230739353
325,500,-274.1630427319374,40.72,41.77,525,79,0,0.19709615934585656
326,180,-148.24608524368458,47.59444444444444,48.59444444444444,180,29,1,0.19611067854912728
327,389,-321.3484789897921,54.462724935732645,55.58354755784062,436,65,1,0.19513012515638165
328,329,-228.32990821241745,45.066869300911854,46.05775075987842,326,49,1,0.19415447453059972
329,161,-128.85083984768593,42.04968944099379,42.92546583850932,141,27,1,0.19318370215794672
330,500,-258.0680561411855,40.158,41.16,501,69,0,0.192217783647157
331,281,-175.22909148482677,43.619217081850536,44.69039145907473,301,41,1,0.1912566947289212
332,278,-183.27428073625904,43.47122302158273,44.52877697841727,294,46,1,0.1903004112552766
333,138,-111.42176422666873,37.41304347826087,38.10144927536232,95,21,1,0.18934890919900021
334,348,-242.27768209709942,41.85919540229885,42.81896551724138,334,63,1,0.18840216465300522
335,446,-222.37955867422787,37.096412556053814,38.17488789237668,481,72,1,0.18746015382974018
336,350,-251.24995067322772,46.21714285714286,47.24857142857143,361,58,1,0.1865228530605915
337,384,-201.4803646533042,35.614583333333336,36.557291666666664,362,60,1,0.18559023879528855
338,500,-248.70194430050032,41.594,42.692,549,72,0,0.1846622876013121
339,205,-148.97102195067762,40.165853658536584,41.09268292682927,190,37,1,0.18373897616330553
340,119,-100.44130464567264,34.26890756302521,35.0,87,22,1,0.182820281282489
341,500,-232.71124970447494,36.314,37.386,536,79,0,0.18190617987607657
342,281,-139.8656803407164,36.08896797153025,37.096085409252666,283,39,1,0.18099664897669618
343,457,-305.04132042936254,50.818380743982495,51.93216630196937,509,65,1,0.1800916657318127
344,315,-222.01251789322708,43.114285714285714,44.10793650793651,313,52,1,0.17919120740315364
345,172,-110.84041953039325,30.203488372093023,31.098837209302324,154,31,1,0.17829525136613786
346,280,-194.4851542973317,38.43571428571428,39.35357142857143,257,49,1,0.17740377510930716
347,150,-130.92405606062684,44.153333333333336,44.986666666666665,125,23,1,0.17651675623376062
348,457,-235.0562887318744,39.67614879649891,40.76148796498906,496,71,1,0.1756341724525918
349,362,-183.24718532495208,40.41160220994475,41.46408839779006,381,45,1,0.17475600159032884
350,489,-268.43891007872094,40.50920245398773,41.5398773006135,504,75,1,0.17388222158237718
351,322,-153.4262593127675,35.16459627329193,36.15217391304348,318,44,1,0.1730128104744653
352,320,-186.45289424496653,41.221875,42.240625,326,45,1,0.17214774642209296
353,500,-209.09971599585327,38.418,39.554,568,67,0,0.1712870076899825
354,500,-232.69481510867436,40.24,41.342,551,68,0,0.17043057265153258
355,500,-331.00518453226624,47.958,48.992,517,75,0,0.16957841978827493
356,500,-140.0911135083477,27.106,28.182,538,79,0,0.16873052768933355
357,485,-272.6063389582354,44.22268041237113,45.261855670103095,504,64,1,0.1678868750508869
358,185,-121.89337333983434,39.064864864864866,39.92972972972973,160,24,1,0.16704744067563246
359,207,-132.82728696510156,36.429951690821255,37.289855072463766,178,28,1,0.1662122034722543
360,154,-70.43446073282345,31.896103896103895,32.9025974025974,155,19,1,0.16538114245489302
361,500,-180.2365622878169,34.046,35.138,546,72,0,0.16455423674261854
362,500,-251.95277130770907,36.92,37.93,505,74,0,0.16373146555890544
363,430,-215.58248418200498,42.42093023255814,43.54883720930233,485,56,1,0.16291280823111093
364,500,-204.05441650904706,35.578,36.634,528,69,0,0.16209824418995536
365,328,-166.84082140075355,32.46341463414634,33.38414634146341,302,54,1,0.16128775296900558
366,127,-79.41118873671114,33.07874015748032,33.874015748031496,101,16,1,0.16048131420416054
367,197,-98.39126419825263,35.59390862944162,36.578680203045685,194,22,1,0.15967890763313974
368,500,-314.5107508770217,47.784,48.854,535,74,0,0.15888051309497406
369,352,-246.33913335408735,48.82386363636363,49.85511363636363,363,48,1,0.1580861105294992
370,353,-186.73591194727834,36.26912181303116,37.22096317280453,336,53,1,0.1572956799768517
371,500,-271.5830848695562,44.012,45.086,537,66,0,0.15650920157696743
372,500,-223.73361767009675,36.442,37.516,537,73,0,0.1557266555690826
373,168,-87.10846647683476,30.642857142857142,31.511904761904763,146,21,1,0.1549480222912372
374,194,-173.04684898561112,50.05670103092783,50.902061855670105,164,25,1,0.15417328217978102
375,246,-152.71035869905907,42.26829268292683,43.3130081300813,257,37,1,0.1534024157688821
376,303,-196.9622672337192,44.19141914191419,45.21452145214521,310,44,1,0.1526354036900377
377,317,-154.6619263591919,36.630914826498426,37.63406940063091,318,40,1,0.1518722266715875
378,225,-114.13903945210753,36.94222222222222,37.98222222222222,234,30,1,0.15111286553822956
379,299,-188.67884114850995,39.608695652173914,40.558528428093645,284,43,1,0.15035730121053842
380,379,-262.4480629199166,43.9023746701847,44.854881266490764,361,58,1,0.14960551470448571
381,203,-136.33069190540192,39.05911330049261,40.01477832512315,194,33,1,0.14885748713096328
382,352,-245.54762552981103,52.63636363636363,53.75284090909091,393,44,1,0.14811319969530845
383,126,-67.62328563949987,26.936507936507937,27.72222222222222,99,14,1,0.1473726336968319
384,239,-156.47740961026088,38.41841004184101,39.29707112970711,210,32,1,0.14663577052834775
385,261,-119.50954265605478,32.98850574712644,33.934865900383144,247,35,1,0.14590259167570602
386,221,-145.30952676417596,37.92307692307692,38.83257918552036,201,31,1,0.1451730787173275
387,372,-221.92155841722044,44.83870967741935,45.89784946236559,394,48,1,0.14444721332374086
388,500,-185.3094450282213,38.602,39.77,584,64,0,0.14372497725712216
389,218,-116.56490927320712,34.42201834862385,35.39449541284404,212,32,1,0.14300635237083656
390,500,-213.75566567811072,37.888,38.974,543,67,0,0.14229132060898236
391,500,-178.0124094404717,32.298,33.366,534,71,0,0.14157986400593744
392,213,-122.17705783069124,37.08450704225352,38.06103286384977,208,31,1,0.14087196468590776
393,222,-94.98465651957146,31.405405405405407,32.427927927927925,227,31,1,0.14016760486247823
394,482,-249.0667718938917,39.1058091286307,40.12448132780083,491,63,1,0.13946676683816583
395,500,-145.30370086331433,29.934,30.968,517,61,0,0.138769433003975
396,210,-152.8631612002816,45.00952380952381,45.95238095238095,198,26,1,0.13807558583895513
397,300,-187.6593731865085,41.89,42.943333333333335,316,47,1,0.13738520790976036
398,278,-153.02224845129615,33.39928057553957,34.2410071942446,234,41,1,0.13669828187021155
399,132,-81.96549386401284,30.265151515151516,31.083333333333332,108,19,1,0.13601479046086049
400,154,-151.71811315493574,43.577922077922075,44.23376623376623,101,23,1,0.1353347165085562
401,419,-203.86988950145587,36.63484486873509,37.61575178997613,411,55,1,0.1346580429260134
402,238,-138.41373149420644,38.55042016806723,39.5,226,31,1,0.13398475271138335
403,210,-107.08238093888728,32.923809523809524,33.819047619047616,188,25,1,0.13331482894782642
404,500,-242.8690680300998,40.51,41.59,540,71,0,0.13264825480308728
405,389,-157.1638270713042,33.23393316195373,34.2853470437018,409,54,1,0.13198501352907185
406,190,-73.21337267404131,25.03157894736842,25.957894736842107,176,27,1,0.1313250884614265
407,500,-187.01840500863543,35.636,36.754,559,66,0,0.13066846301911936
408,220,-196.7551657945408,51.64090909090909,52.49090909090909,187,28,1,0.13001512070402377
409,141,-83.50798599833011,32.63120567375886,33.51063829787234,124,19,1,0.12936504510050365
410,334,-176.2395438708639,38.3502994011976,39.362275449101794,338,46,1,0.12871821987500112
411,500,-214.52349686950046,37.106,38.204,549,68,0,0.12807462877562611
412,290,-199.35750562732636,46.12758620689655,47.144827586206894,295,40,1,0.12743425563174798
413,500,-195.51525718121835,35.238,36.308,535,71,0,0.12679708435358925
414,228,-126.41153295776196,31.469298245614034,32.39473684210526,211,38,1,0.1261630989318213
415,194,-169.42029713047006,44.51546391752577,45.27835051546392,148,25,1,0.1255322834371622
416,280,-161.80235931425918,42.84285714285714,43.857142857142854,284,29,1,0.12490462201997637
417,500,-205.03822305784263,34.068,35.096,514,72,0,0.1242800989098765
418,500,-158.3892006504792,31.066,32.152,543,70,0,0.12365869841532712
419,331,-169.39089669346748,33.62235649546828,34.54984894259819,307,50,1,0.12304040492325048
420,138,-89.83164380626067,35.45652173913044,36.369565217391305,126,18,1,0.12242520289863423
421,485,-249.39069381709683,43.63298969072165,44.72164948453608,528,55,1,0.12181307688414106
422,498,-175.7770001533127,31.339357429718877,32.33534136546185,496,59,1,0.12120401149972035
423,303,-132.28554107872336,31.04950495049505,32.026402640264024,296,45,1,0.12059799144222175
424,190,-139.7308160170998,46.473684210526315,47.45263157894737,186,23,1,0.11999500148501063
425,382,-135.77727468377552,30.75130890052356,31.7565445026178,384,47,1,0.11939502647758558
426,500,-211.05347844630782,37.64,38.722,541,65,0,0.11879805134519765
427,138,-84.3432602687489,35.05072463768116,35.84782608695652,110,16,1,0.11820406108847166
428,500,-196.1921148918189,33.446,34.458,506,69,0,0.1176130407830293
429,424,-203.6881424933054,41.089622641509436,42.17216981132076,459,49,1,0.11702497557911415
430,453,-182.39100041630425,35.83885209713024,36.916114790286976,488,58,1,0.11643985070121858
431,500,-189.35399891347126,35.288,36.37,541,66,0,0.11585765144771248
432,209,-98.06578546079488,31.444976076555022,32.3732057416268,194,27,1,0.11527836319047392
433,143,-115.29959315293821,37.77622377622377,38.49650349650349,103,18,1,0.11470197137452155
434,403,-222.2641378926415,41.58064516129032,42.5682382133995,398,48,1,0.11412846151764894
435,443,-205.5281935392052,35.878103837471784,36.88487584650113,446,57,1,0.1135578192100607
436,205,-117.1410354252375,41.28292682926829,42.302439024390246,209,23,1,0.11299003011401039
437,230,-162.82504984737534,44.08695652173913,45.02608695652174,216,30,1,0.11242507996344034
438,338,-180.6904957125609,39.63609467455621,40.633136094674555,337,44,1,0.11186295456362313
439,500,-216.67313444891758,42.4,43.546,573,54,0,0.11130363979080501
440,500,-201.43647104406224,39.91,41.016,553,54,0,0.11074712159185099
441,263,-137.96915673024156,37.01520912547529,38.0,259,34,1,0.11019338598389174
442,500,-218.99245918927784,44.722,45.918,598,56,0,0.10964241905397228
443,277,-157.47306302776173,42.65342960288809,43.675090252707584,283,32,1,0.10909420695870241
444,159,-86.0430084658933,32.39622641509434,33.270440251572325,139,19,1,0.1085487359239089
445,500,-269.9601087724767,47.824,48.906,541,53,0,0.10800599224428936
446,111,-75.87088878282923,28.963963963963963,29.684684684684683,80,17,1,0.10746596228306791
447,379,-249.5203827511409,45.05277044854881,46.068601583113455,385,50,1,0.10692863247165257
448,416,-148.82935653147067,29.07451923076923,30.021634615384617,394,53,1,0.1063939893092943
449,500,-235.08528827822525,41.636,42.782,573,64,0,0.10586201936274783
450,151,-76.30337992599769,32.913907284768214,33.90728476821192,150,20,1,0.10533270926593409
451,500,-194.58106202309688,38.762,39.886,562,60,0,0.10480604571960442
452,500,-261.00060915950553,43.53,44.652,561,69,0,0.1042820154910064
453,276,-149.36783751932933,44.492753623188406,45.57971014492754,300,32,1,0.10376060541355137
454,494,-219.36435442253483,42.23481781376518,43.388663967611336,570,56,1,0.1032418023864836
455,500,-135.55703610591488,27.66,28.74,540,71,0,0.10272559337455119
456,291,-145.37495009648643,36.28865979381443,37.22680412371134,273,38,1,0.10221196540767843
457,500,-158.17143449314364,32.776,33.85,537,61,0,0.10170090558064004
458,148,-100.38925031768892,37.9054054054054,38.736486486486484,123,17,1,0.10119240105273684
459,500,-174.53653320420094,36.514,37.664,575,57,0,0.10068643904747315
460,276,-160.43043720767255,40.14855072463768,41.166666666666664,281,37,1,0.10018300685223579
461,260,-127.27621906007985,37.25,38.276923076923076,267,31,1,0.0996820918179746
462,146,-93.69583881001853,39.54794520547945,40.61643835616438,156,19,1,0.09918368135888474
463,500,-229.10556665001226,43.052,44.216,582,64,0,0.09868776295209031
464,500,-210.45441751682444,36.592,37.702,555,72,0,0.09819432413732986
465,253,-99.00248559804001,31.110671936758894,32.094861660079054,249,30,1,0.09770335251664321
466,500,-126.0715942530459,28.364,29.464,550,64,0,0.09721483575406
467,199,-132.27827984143863,41.482412060301506,42.32663316582914,168,21,1,0.09672876157528969
468,500,-153.28231899746274,31.664,32.736,536,63,0,0.09624511776741324
469,500,-178.83265840545124,36.704,37.838,567,62,0,0.09576389217857617
470,166,-120.53013398305811,41.7289156626506,42.68072289156626,158,21,1,0.09528507271768329
471,395,-128.02815608402489,34.53164556962025,35.665822784810125,448,45,1,0.09480864735409487
472,500,-229.1132838173716,42.496,43.64,572,62,0,0.0943346041173244
473,500,-149.9655640444552,32.266,33.322,528,53,0,0.09386293109673778
474,204,-102.481045113306,34.65686274509804,35.63725490196079,200,25,1,0.09339361644125409
475,218,-101.16427990163838,33.4954128440367,34.472477064220186,213,26,1,0.09292664835904782
476,500,-189.77383913415818,33.794,34.862,534,65,1,0.09246201511725258
477,339,-127.07417316282218,32.1622418879056,33.200589970501476,352,44,1,0.09199970504166631
478,500,-215.34859377419917,39.49,40.594,552,62,0,0.09153970651645797
479,500,-161.14355880164868,36.214,37.356,571,54,0,0.09108200798387568
480,500,-139.6643940497984,36.044,37.196,576,51,0,0.0906265979439563
481,148,-75.76796569020628,33.067567567567565,34.0,138,17,1,0.09017346495423652
482,500,-147.54443893009187,32.28,33.342,531,59,0,0.08972259762946533
483,479,-186.7848371683243,36.505219206680586,37.580375782881,515,53,1,0.089273984641318
484,500,-143.05935806947093,31.866,32.946,540,58,0,0.0888276147181114
485,500,-112.57005127691299,28.044,29.136,546,62,0,0.08838347664452084
486,365,-142.6493407347935,35.087671232876716,36.12328767123287,378,42,1,0.08794155926129824
487,144,-87.9250870976886,36.84027777777778,37.71527777777778,126,16,1,0.08750185146499175
488,337,-145.92872619032852,37.810089020771514,38.839762611275965,347,36,1,0.08706434220766679
489,500,-129.20728185499448,31.654,32.766,556,58,0,0.08662902049662846
490,130,-65.16412162923271,29.107692307692307,30.0,116,16,1,0.08619587539414532
491,500,-211.14726221266372,37.258,38.328,535,64,0,0.08576489601717459
492,288,-105.37413007442287,29.42013888888889,30.444444444444443,295,37,1,0.08533607153708872
493,251,-102.88649865100513,31.792828685258964,32.701195219123505,228,25,1,0.08490939117940327
494,216,-111.91767247035743,41.56944444444444,42.64351851851852,232,24,1,0.08448484422350626
495,433,-170.31604534311634,38.13856812933025,39.23325635103926,474,46,1,0.08406242000238873
496,252,-127.87592951705692,37.333333333333336,38.32142857142857,249,31,1,0.08364210790237678
497,278,-161.91966518721915,39.32014388489208,40.226618705035975,252,33,1,0.0832238973628649
498,500,-162.5643639584045,37.462,38.636,587,55,0,0.08280777787605056
499,341,-116.05666013931068,34.22873900293255,35.27859237536657,358,32,1,0.08239373898667031
500,306,-114.39823625390964,29.362745098039216,30.30065359477124,287,36,1,0.08198177029173696
501,319,-153.74414463316876,37.244514106583075,38.244514106583075,319,38,1,0.08157186144027828
502,500,-228.43653259602272,40.318,41.382,532,60,0,0.0811640021330769
503,500,-137.14577214578694,34.394,35.608,607,61,0,0.08075818212241151
504,194,-85.55496214704083,32.2319587628866,33.170103092783506,182,22,1,0.08035439121179945
505,500,-185.74588072700098,37.74,38.908,584,63,0,0.07995261925574046
506,227,-107.6165993526741,36.66079295154185,37.66079295154185,227,24,1,0.07955285615946175
507,500,-162.46409988133382,36.016,37.136,560,56,0,0.07915509187866444
508,336,-163.86655995123579,38.99107142857143,40.029761904761905,349,40,1,0.07875931641927113
509,500,-168.01576341066288,32.322,33.412,545,62,0,0.07836551983717477
510,500,-114.72501127994029,29.8,30.872,536,54,0,0.07797369223798889
511,500,-156.39135815228377,34.85,35.966,558,54,0,0.07758382377679894
512,500,-144.6654045695398,33.388,34.498,555,56,0,0.07719590465791494
513,473,-238.15713949171362,40.241014799154335,41.192389006342495,450,50,1,0.07680992513462537
514,422,-118.55531076059658,28.96208530805687,30.023696682464454,448,51,1,0.07642587550895225
515,500,-180.10502816080322,34.834,35.898,532,57,0,0.07604374613140748
516,500,-99.27525200397908,29.466,30.624,579,59,0,0.07566352740075044
517,500,-181.68070099264497,37.236,38.37,567,59,0,0.07528520976374668
518,470,-164.8279066963234,36.90425531914894,38.03404255319149,531,49,1,0.07490878371492794
519,242,-104.46682386164318,33.731404958677686,34.68595041322314,231,24,1,0.0745342397963533
520,500,-154.6613908131951,34.956,36.03,537,52,0,0.07416156859737154
521,448,-249.3884939878877,45.308035714285715,46.30580357142857,447,44,1,0.07379076075438468
522,500,-124.81955480916359,30.988,32.14,576,61,0,0.07342180695061275
523,500,-177.23247346458342,38.85,39.99,570,49,0,0.07305469791585968
524,500,-164.32047838740084,34.244,35.328,542,54,0,0.07268942442628039
525,500,-106.7107112152657,27.932,28.986,527,54,0,0.07232597730414898
526,393,-141.4009848309879,35.62086513994911,36.666666666666664,411,40,1,0.07196434741762824
527,500,-137.97782009896798,29.924,30.976,526,61,0,0.0716045256805401
528,500,-184.4219542547627,38.868,39.98,556,54,0,0.0712465030521374
529,500,-83.19116476344358,24.732,25.816,542,62,0,0.0708902705368767
530,500,-142.60616911004763,35.84,37.022,591,55,0,0.07053581918419231
531,500,-137.34106645813557,34.196,35.334,569,54,0,0.07018314008827135
532,221,-88.55802693560415,31.72398190045249,32.60633484162896,195,20,1,0.06983222438783
533,500,-154.06284540224232,32.664,33.73,533,57,0,0.06948306326589085
534,500,-127.1127870091852,33.314,34.446,566,48,0,0.0691356479495614
535,307,-122.70386551979786,34.71661237785016,35.75244299674267,318,34,1,0.06878996970981359
536,188,-101.64173982549102,30.664893617021278,31.46276595744681,150,25,1,0.06844601986126451
537,500,-61.03990817143134,23.948,25.016,534,54,0,0.06810378976195819
538,500,-169.44281163618766,36.184,37.362,589,58,0,0.0677632708131484
539,245,-120.02108730792257,34.16734693877551,35.09795918367347,228,31,1,0.06742445445908266
540,184,-95.0735744387745,35.45108695652174,36.34239130434783,164,17,1,0.06708733218678724
541,500,-153.2973993423251,35.25,36.412,581,58,0,0.0667518955258533
542,500,-132.75576255508454,32.584,33.67,543,52,0,0.06641813604822402
543,430,-141.30117846661074,37.33720930232558,38.47441860465116,489,38,1,0.0660860453679829
544,351,-144.95905882391543,34.598290598290596,35.6011396011396,352,42,1,0.06575561514114299
545,500,-174.71907010481675,35.226,36.312,543,57,0,0.06542683706543727
546,500,-110.51333056535051,26.0,26.964,482,52,0,0.06509970288011008
547,276,-95.67188064427752,31.53985507246377,32.572463768115945,285,29,1,0.06477420436570952
548,382,-177.50378091703956,37.48429319371728,38.5,388,44,1,0.06445033334388098
549,338,-103.49076264630058,29.307692307692307,30.30473372781065,337,37,1,0.06412808167716157
550,173,-101.08327732060397,36.630057803468205,37.46820809248555,145,17,1,0.06380744126877576
551,333,-143.9969944868367,36.207207207207205,37.126126126126124,306,29,1,0.06348840406243188
552,401,-210.51306761066954,42.109725685785534,43.11221945137157,402,42,1,0.06317096204211972
553,463,-212.54899052926362,43.52699784017279,44.61987041036717,506,41,1,0.06285510723190912
554,113,-65.62140251163015,31.92920353982301,32.72566371681416,90,10,1,0.06254083169574957
555,184,-98.98016192332679,33.70652173913044,34.57065217391305,159,19,1,0.062228127537270826
556,500,-132.33210543174,33.54,34.664,562,55,0,0.06191698689958447
557,233,-90.871910051085,31.11587982832618,32.15021459227468,241,29,1,0.061607401965086545
558,500,-144.55803882035488,34.376,35.514,569,52,0,0.06129936495526111
559,500,-167.3076446160145,38.502,39.63,564,46,0,0.0609928681304848
560,500,-107.56676650745598,31.004,32.16,578,54,0,0.060687903789832374
561,500,-120.02211296868357,30.766,31.874,554,54,0,0.06038446427088321
562,216,-73.93168154642812,25.083333333333332,26.037037037037038,206,29,1,0.06008254194952879
563,500,-121.66654909824426,30.366,31.466,550,57,0,0.05978212923978115
564,210,-98.84961389608345,35.36666666666667,36.385714285714286,214,25,1,0.05948321859358224
565,500,-166.81526212985113,34.27,35.306,518,53,0,0.05918580250061433
566,255,-109.14399762720053,34.89019607843137,35.86666666666667,249,24,1,0.058889873488111255
567,249,-103.66129424927776,33.27710843373494,34.30923694779116,257,31,1,0.058595424120670696
568,348,-117.84914380469776,32.21264367816092,33.24425287356322,359,38,1,0.05830244700006734
569,458,-162.06369049065904,34.1353711790393,35.18995633187773,483,50,1,0.058010934765067
570,235,-110.12899609534995,38.89787234042553,39.91489361702128,239,21,1,0.05772088009124167
571,500,-159.5612164541787,36.578,37.696,559,50,0,0.05743227569078546
572,296,-140.7723056036401,39.638513513513516,40.722972972972975,321,33,1,0.05714511431233153
573,246,-133.065225004973,38.4349593495935,39.34552845528455,224,25,1,0.05685938874076987
574,500,-123.15423181496239,31.718,32.904,593,59,0,0.056575091797066025
575,407,-141.2224405230144,35.235872235872236,36.32678132678133,444,44,1,0.056292216338080694
576,395,-127.47929322798475,36.09113924050633,37.167088607594934,425,34,1,0.05601075525639029
577,500,-134.82078776315763,33.29,34.406,558,51,0,0.05573070148010834
578,500,-117.41296700142017,32.224,33.34,558,48,0,0.0554520479727078
579,500,-148.8295525822477,34.968,36.078,555,49,0,0.05517478773284426
580,500,-206.1908811349149,44.244,45.446,601,47,0,0.05489891379418004
581,500,-104.22517313180546,32.724,33.904,590,47,0,0.05462441922520914
582,394,-136.7185200641832,37.01776649746193,38.13705583756345,441,38,1,0.0543512971290831
583,398,-161.12492127689902,37.947236180904525,38.95477386934673,401,35,1,0.05407954064343768
584,448,-181.95039708127965,38.00669642857143,39.075892857142854,479,47,1,0.05380914294022049
585,500,-93.94895259807546,25.632,26.726,547,58,0,0.05354009722551939
586,309,-99.68044990244495,30.618122977346278,31.64724919093851,318,35,1,0.05327239673939179
587,500,-172.6942720704319,37.736,38.776,520,44,0,0.053006034755694834
588,245,-103.78917561219527,33.43265306122449,34.310204081632655,215,22,1,0.052741004581916356
589,500,-103.32753967125738,30.35,31.472,561,52,0,0.052477299559006776
590,351,-119.59913175630777,34.8034188034188,35.88034188034188,378,34,1,0.052214913061211746
591,500,-103.29608757531956,28.886,30.008,561,55,0,0.05195383849590569
592,439,-137.8703543730688,31.815489749430522,32.851936218678816,455,44,1,0.05169406930342616
593,107,-52.305863897947205,24.14018691588785,24.878504672897197,79,12,1,0.05143559895690903
594,500,-141.21352492376377,34.3,35.452,576,55,0,0.051178420962124486
595,500,-154.77936021843126,38.504,39.702,599,53,0,0.05092252885731386
596,500,-95.0831283230627,28.278,29.368,545,53,0,0.05066791621302729
597,500,-119.93542761817363,32.336,33.454,559,50,0,0.05041457663196215
598,182,-81.5447367442891,29.03846153846154,29.85164835164835,148,19,1,0.050162503748802344
599,308,-110.59381584523528,33.83441558441559,34.81818181818182,303,29,1,0.049911691230058335
600,386,-105.87539852009296,32.1839378238342,33.33937823834197,446,42,1,0.04966213277390804
601,350,-112.82771390181503,28.974285714285713,29.922857142857143,332,38,1,0.0494138221100385
602,500,-135.20797241712836,30.436,31.456,510,49,0,0.04916675299948831
603,396,-126.06869295666083,36.73232323232323,37.851010101010104,443,33,1,0.04892091923449087
604,500,-167.30461124981355,36.092,37.22,564,53,0,0.04867631463831842
605,500,-115.45873461610778,28.808,29.946,569,58,0,0.048432933065126825
606,326,-161.93316884689082,42.92944785276074,44.02453987730061,357,31,1,0.048190768399801194
607,500,-245.47096350859275,47.552,48.692,570,45,0,0.04794981455780219
608,233,-92.72706131278483,34.871244635193136,35.927038626609445,246,24,1,0.04771006548501318
609,436,-124.16291017226742,30.809633027522935,31.86697247706422,461,46,1,0.047471515157588115
610,500,-159.56058108799596,33.52,34.61,545,60,0,0.047234157581800176
611,500,-237.47375327683906,45.972,47.07,549,46,0,0.046997986793891174
612,500,-109.62699132298731,26.824,27.85,513,57,0,0.04676299685992172
613,500,-120.49627460815027,34.1,35.286,593,52,0,0.04652918187562211
614,133,-81.50238855440351,36.421052631578945,37.27067669172932,113,15,1,0.046296535966244
615,500,-152.6789935547607,36.478,37.642,582,53,0,0.046065053286412784
616,390,-94.51351586761332,33.42051282051282,34.59230769230769,457,36,1,0.04583472801998072
617,180,-82.55157804725178,31.355555555555554,32.34444444444444,178,22,1,0.045605554379880814
618,201,-90.24575957644976,31.263681592039802,32.233830845771145,195,26,1,0.04537752660798141
619,500,-136.95487180658625,34.354,35.512,579,49,0,0.0451506389749415
620,183,-69.53406502374027,34.868852459016395,35.96174863387978,200,17,1,0.044924885780066794
621,290,-109.09797354601169,33.87586206896552,34.87931034482759,291,27,1,0.04470026135116646
622,399,-134.7169088568897,30.531328320802004,31.516290726817044,393,44,1,0.04447676004441063
623,500,-120.59957921034149,29.752,30.81,529,54,0,0.04425437624418858
624,170,-68.26346816088413,32.77647058823529,33.752941176470586,166,15,1,0.04403310436296763
625,500,-154.0187313222526,38.966,40.17,602,48,0,0.043812938841152796
626,500,-83.86172095305467,28.28,29.422,571,50,0,0.04359387414694703
627,500,-96.79106362242425,32.552,33.708,578,45,0,0.043375904776212296
628,219,-75.35766095651957,30.767123287671232,31.744292237442924,214,21,1,0.043159025252331236
629,360,-171.94345580160265,42.102777777777774,43.144444444444446,375,32,1,0.04294323012606958
630,500,-123.54325401312983,33.906,35.066,580,50,0,0.04272851397543923
631,500,-94.6111761250826,27.858,28.968,555,55,0,0.04251487140556204
632,500,-82.83363179320355,28.99,30.11,560,47,0,0.04230229704853423
633,500,-121.74256208182322,32.132,33.256,562,52,0,0.04209078556329156
634,500,-118.99267346054494,34.334,35.474,570,44,0,0.0418803316354751
635,500,-162.2039041112146,35.268,36.376,554,52,0,0.041670929977297724
636,500,-149.21547595960274,38.996,40.186,595,45,0,0.04146257532741124
637,500,-98.62524920647184,30.594,31.698,552,45,0,0.04125526245077418
638,500,-83.89897631250241,29.394,30.528,567,48,0,0.04104898613852031
639,500,-144.57524214491883,34.294,35.388,547,49,0,0.04084374120782771
640,500,-178.79608970548674,38.954,40.106,576,52,0,0.04063952250178857
641,97,-76.61424189744179,35.154639175257735,35.8041237113402,63,8,1,0.04043632488927963
642,500,-139.17615542629147,34.7,35.81,555,47,0,0.04023414326483323
643,500,-97.47114455052152,27.384,28.464,540,57,0,0.040032972548509065
644,500,-120.38107119757164,32.454,33.57,558,49,0,0.03983280768576652
645,500,-111.52736961449108,32.044,33.158,557,48,0,0.03963364364733769
646,194,-94.81188730901371,30.190721649484537,31.02577319587629,162,22,1,0.039435475429100995
647,500,-103.9908872096487,29.506,30.604,549,53,0,0.03923829805195549
648,500,-161.2630426937335,37.952,39.072,560,47,0,0.03904210656169572
649,500,-98.31869213650438,29.324,30.412,544,49,0,0.03884689602888724
650,221,-63.29786258784712,27.683257918552037,28.760180995475114,238,25,1,0.0386526615487428
651,500,-92.43714954056009,27.848,28.942,547,53,0,0.03845939824099909
652,500,-111.96584296742304,30.496,31.66,582,61,0,0.03826710124979409
653,500,-109.90182437644062,31.8,32.952,576,54,0,0.038075765743545126
654,500,-99.86724529359667,29.556,30.654,549,50,0,0.0378853869148274
655,500,-108.06353661075856,30.142,31.266,562,55,0,0.03769595998025326
656,500,-134.94722970611588,31.75,32.806,528,53,0,0.03750748018035199
657,500,-123.9754015816294,30.424,31.524,550,55,0,0.037319942779450235
658,500,-108.01980794298771,30.824,31.996,586,54,0,0.037133343065552986
659,500,-99.92791056077004,27.268,28.334,533,50,0,0.03694767635022522
660,423,-166.96095531018565,38.09456264775414,39.13002364066194,438,40,1,0.036762937968474095
661,500,-54.28804474072486,24.912,26.066,577,54,0,0.03657912327863173
662,500,-141.98199864025537,28.372,29.382,505,56,0,0.036396227662238566
663,500,-55.22699861036557,27.162,28.372,605,51,0,0.03621424652392737
664,318,-104.40683628805714,30.955974842767297,31.927672955974842,309,31,1,0.036033175291307735
665,500,-75.7840479222407,30.728,31.918,595,47,0,0.03585300941485119
666,500,-97.20928873316701,30.882,32.006,562,45,0,0.035673744367776934
667,500,-107.97378647168532,30.208,31.31,551,53,0,0.03549537564593805
668,500,-48.619787064272096,28.474,29.704,615,47,0,0.035317898767708356
669,211,-67.90671937348269,29.312796208530806,30.312796208530806,211,20,1,0.03514130927386981
670,500,-96.03685038525919,26.208,27.28,536,53,0,0.03496560272750046
671,500,-99.69312638113395,29.008,30.116,554,51,0,0.03479077471386296
672,500,-75.40860770690269,27.966,29.15,592,57,0,0.03461682084029365
673,446,-97.30647076062249,30.437219730941703,31.60089686098655,519,48,1,0.034443736736092176
674,500,-154.1466678811211,34.396,35.448,526,50,0,0.034271518052411715
675,422,-113.84399381480456,33.57109004739336,34.68957345971564,472,39,1,0.034100160462149656
676,500,-70.80836447034318,26.17,27.278,554,49,0,0.03392965965983891
677,500,-62.344259546034365,29.482,30.688,603,46,0,0.033760011361539714
678,324,-91.9442574020208,29.395061728395063,30.419753086419753,332,33,1,0.03359121130473201
679,500,-100.10572962797929,32.306,33.458,576,46,0,0.033423255248208356
680,330,-123.31593200800172,32.663636363636364,33.7030303030303,343,41,1,0.03325613897196732
681,500,-108.56476988794373,31.838,32.978,570,51,0,0.03308985827710748
682,500,-75.06792097162915,28.57,29.7,565,49,0,0.032924408985721944
683,500,-83.96167858744596,27.564,28.646,541,49,0,0.03275978694079333
684,500,-116.26957184439019,30.612,31.704,546,54,0,0.032595988006089364
685,500,-74.12071454516018,26.972,28.12,574,55,0,0.032433008066058915
686,500,-79.77799080211639,27.078,28.212,567,54,0,0.03227084302572862
687,500,-96.61304834791012,28.468,29.552,542,52,0,0.032109488810599975
688,439,-142.36063700673733,38.10478359908884,39.23234624145786,495,36,1,0.031948941366546975
689,500,-68.95732239266907,31.684,32.956,636,47,0,0.03178919665971424
690,500,-96.41213607431463,29.052,30.186,567,54,0,0.03163025067641567
691,500,-143.8765178259163,39.338,40.506,584,38,0,0.03147209942303359
692,500,-72.86481016158885,25.218,26.336,559,55,0,0.03131473892591842
693,500,-91.3873906259944,29.672,30.836,582,52,0,0.031158165231288826
694,500,-110.79915268707364,29.94,31.068,564,48,0,0.03100237440513238
695,500,-66.14173541876342,26.34,27.462,561,52,0,0.030847362533106718
696,500,-113.02667237315706,29.22,30.278,529,51,0,0.030693125720441184
697,500,-47.404986365168085,27.458,28.662,602,49,0,0.030539660091838977
698,500,-110.56822644473525,32.466,33.596,565,45,0,0.03038696179137978
699,500,-104.80346068829114,33.652,34.85,599,47,0,0.030235026982422884
700,500,-66.26492401462677,26.898,28.034,568,48,0,0.030083851847510768
701,500,-104.28814342467459,30.338,31.442,552,46,0,0.029933432588273214
702,118,-61.98817088220037,32.83898305084746,33.720338983050844,104,11,1,0.029783765425331846
703,500,-65.61864969448729,23.26,24.334,537,57,0,0.029634846598205186
704,500,-83.72902438990279,29.316,30.384,534,42,0,0.02948667236521416
705,394,-120.76174411846546,36.474619289340104,37.60406091370558,445,34,1,0.029339239003388088
706,170,-62.71722067586979,28.629411764705882,29.558823529411764,158,16,1,0.029192542808371146
707,375,-108.18910855547519,32.06933333333333,33.104,388,34,1,0.02904658009432929
708,500,-62.90135444158278,27.506,28.676,585,51,0,0.028901347193857643
709,500,-60.782959235869406,28.258,29.444,593,47,0,0.028756840457888354
710,500,-116.77839853863179,32.088,33.186,549,49,0,0.02861305625559891
711,500,-62.965578852147985,26.394,27.518,562,48,0,0.028469990974320916
712,500,-101.07075877690727,30.982,32.1,559,47,0,0.02832764101944931
713,500,-73.90865932339402,27.762,28.932,585,53,0,0.028186002814352063
714,487,-87.44450636205354,28.06776180698152,29.207392197125255,555,49,1,0.0280450728002803
715,500,-82.91177540525747,29.648,30.794,573,44,0,0.0279048474362789
716,500,-24.59739222532089,23.474,24.664,595,51,0,0.027765323199097504
717,500,-114.1845843194869,31.822,32.924,551,43,0,0.027626496583102015
718,500,-74.33528826097894,28.852,30.004,576,45,0,0.027488364100186506
719,500,-117.92034401704285,32.348,33.468,560,47,0,0.027350922279685573
720,222,-89.39261129027139,33.207207207207205,34.189189189189186,218,20,1,0.027214167668287145
721,500,-160.56330149898045,40.952,42.118,583,41,0,0.02707809682994571
722,500,-128.68751477589635,34.15,35.274,562,46,0,0.02694270634579598
723,500,-71.8673280092591,28.94,30.06,560,41,0,0.026807992814067
724,500,-50.280255116362945,26.182,27.312,565,44,0,0.026673952849996664
725,500,-79.72582298249016,30.552,31.758,603,48,0,0.02654058308574668
726,500,-148.7081958209539,33.732,34.836,552,51,0,0.026407880170317945
727,500,-100.43804266600834,30.276,31.384,554,47,0,0.026275840769466357
728,500,-87.80795854080434,31.726,32.902,588,43,0,0.026144461565619025
729,500,-73.05992552768426,29.68,30.828,574,45,0,0.02601373925779093
730,500,-84.9681076048605,29.114,30.266,576,48,0,0.025883670561501974
731,500,-68.7125327911748,27.108,28.216,554,44,0,0.025754252208694463
732,500,-61.34702879696081,27.83,28.976,573,45,0,0.02562548094765099
733,500,-90.38465540731646,28.044,29.098,527,41,0,0.025497353542912736
734,500,-77.57336356608182,28.856,29.97,557,43,0,0.02536986677519817
735,500,-96.84960851978254,31.422,32.546,562,44,0,0.02524301744132218
736,239,-87.29853898867007,32.59832635983263,33.57740585774059,234,20,1,0.025116802354115567
737,500,-81.30705808977373,26.232,27.26,514,48,0,0.024991218342344988
738,500,-63.557129080237246,27.038,28.17,566,48,0,0.024866262250633264
739,199,-74.72153958212935,31.497487437185928,32.41708542713568,183,15,1,0.024741930939380097
740,500,-89.92567669931249,28.796,29.882,543,48,0,0.024618221284683196
741,500,-58.66662220162872,28.552,29.744,596,43,0,0.02449513017825978
742,214,-62.801298304127414,30.99532710280374,32.074766355140184,231,18,1,0.02437265452736848
743,500,-123.33916281294582,34.516,35.636,560,43,0,0.024250791254731636
744,500,-90.98810069767062,27.532,28.558,513,43,0,0.024129537298457977
745,500,-102.05752362501522,35.026,36.246,610,42,0,0.024008889611965685
746,500,-78.03311164923142,30.74,31.91,585,43,0,0.023888845163905856
747,500,-84.27625862106983,31.456,32.642,593,46,0,0.023769400938086327
748,392,-84.2758355870074,27.533163265306122,28.57908163265306,410,37,1,0.023650553933395897
749,500,-110.1050730980942,30.276,31.334,529,48,0,0.023532301163728918
750,500,-75.65102243558495,30.9,32.086,593,45,0,0.023414639657910272
751,500,-82.30054049054155,31.326,32.528,601,47,0,0.023297566459620722
752,500,-74.11082571468556,28.452,29.602,575,49,0,0.023181078627322618
753,500,-71.60455154674504,26.238,27.302,532,46,0,0.023065173234186005
754,500,-79.04905124382088,28.266,29.392,563,45,0,0.022949847368015076
755,500,-76.12568233253121,29.292,30.424,566,46,0,0.022835098131175
756,316,-117.1042371321013,35.34493670886076,36.379746835443036,327,31,1,0.022720922640519125
757,500,-66.06992784980139,27.794,28.938,572,48,0,0.02260731802731653
758,399,-114.5701051800996,32.661654135338345,33.69924812030075,414,34,1,0.022494281437179946
759,500,-101.5617256167003,30.486,31.572,543,45,0,0.022381810029994047
760,500,-78.66316499845516,29.084,30.208,562,45,0,0.022269900979844076
761,500,-89.4522606614025,31.612,32.788,588,46,0,0.022158551474944856
762,500,-103.57891542633529,33.912,35.064,576,40,0,0.022047758717570132
763,500,-71.16553254568434,27.696,28.83,567,50,0,0.021937519923982282
764,500,-82.60296395651228,29.862,30.98,559,42,0,0.021827832324362372
765,500,-87.29545856514594,30.564,31.71,573,45,0,0.02171869316274056
766,500,-108.91200174216075,30.012,31.068,528,41,0,0.021610099696926857
767,339,-80.49789248450875,29.56047197640118,30.63716814159292,365,32,1,0.021502049198442223
768,500,-51.3703040493417,25.722,26.85,564,46,0,0.021394538952450012
769,500,-119.07056256960202,32.056,33.128,536,44,0,0.02128756625768776
770,500,-58.89419382739423,27.106,28.224,559,42,0,0.021181128426399323
771,500,-44.951587840039075,24.154,25.252,549,47,0,0.021075222784267326
772,500,-61.86561031271437,28.112,29.27,579,46,0,0.020969846670345987
773,500,-86.76470371054207,31.96,33.144,592,41,0,0.020864997436994256
774,500,-80.72488817601946,29.04,30.168,564,45,0,0.020760672449809284
775,500,-68.28707460924144,28.988,30.084,548,40,0,0.020656869087560238
776,500,-90.71768262454042,32.998,34.18,591,42,0,0.020553584742122436
777,500,-48.2183261192155,26.082,27.242,580,47,0,0.020450816818411825
778,500,-95.51049976246375,27.312,28.344,516,44,0,0.020348562734319765
779,500,-65.94942253293318,29.794,30.936,571,40,0,0.020246819920648168
780,500,-60.62133997587399,29.382,30.604,611,47,0,0.020145585821044927
781,500,-69.1612411591365,28.682,29.844,581,47,0,0.020044857891939702
782,500,-80.09724308547418,30.146,31.27,562,41,0,0.019944633602480003
783,500,-81.51751610902932,27.94,29.034,547,44,0,0.019844910434467605
784,500,-41.048587664972345,28.672,29.886,607,39,0,0.019745685882295267
785,500,-69.6438105280963,30.13,31.314,592,45,0,0.01964695745288379
786,155,-80.19597249579026,38.012903225806454,38.961290322580645,147,12,1,0.01954872266561937
787,500,-67.94935397858144,25.83,26.874,522,43,0,0.019450979052291272
788,500,-84.80673194281974,34.164,35.426,631,44,0,0.019353724157029815
789,500,-73.24148397730303,29.13,30.292,581,44,0,0.019256955536244666
790,500,-58.60491954138445,28.696,29.888,596,46,0,0.019160670758563442
791,148,-65.5767768157603,34.148648648648646,35.12162162162162,144,12,1,0.019064867404770626
792,500,-86.96625525297083,29.756,30.864,554,41,0,0.018969543067746772
793,500,-88.30475942008715,31.07,32.192,561,40,0,0.018874695352408037
794,279,-65.91066767521626,26.989247311827956,27.99283154121864,280,25,1,0.018780321875645996
795,500,-105.85991599181463,33.946,35.06,557,34,0,0.018686420266267767
796,500,-58.50557300973295,25.124,26.214,545,48,0,0.018592988164936427
797,230,-65.82120607138857,31.995652173913044,33.06956521739131,247,17,1,0.018500023224111744
798,500,-42.27203659178359,23.434,24.528,547,47,0,0.018407523107991184
799,500,-53.417242419680946,25.244,26.38,568,50,0,0.01831548549245123
800,500,-111.25489662615668,34.474,35.61,568,41,0,0.018223908064988973
801,500,-55.352409516262185,28.246,29.4,577,40,0,0.018132788524664028
802,500,-77.07309912761596,25.332,26.368,518,47,0,0.018042124582040707
803,500,-63.68990706628757,27.57,28.71,570,48,0,0.017951913959130504
804,500,-76.86254552415107,26.676,27.768,546,47,0,0.01786215438933485
805,500,-57.45268385199271,29.75,30.956,603,40,0,0.017772843617388175
806,243,-68.55900342309698,30.209876543209877,31.238683127572017,250,19,1,0.017683979399301233
807,500,-43.671037338479394,27.17,28.354,592,44,0,0.017595559502304726
808,500,-69.25595973196258,29.848,31.058,605,45,0,0.0175075817047932
809,500,-103.7690086120186,27.526,28.542,508,47,0,0.017420043796269234
810,500,-98.17247643524757,29.17,30.256,543,44,0,0.017332943577287888
811,500,-67.64559042298342,30.218,31.394,588,40,0,0.01724627885940145
812,478,-76.05570985440706,27.763598326359833,28.84518828451883,517,38,1,0.017160047465104442
813,500,-47.80641979051321,26.182,27.318,568,43,0,0.01707424722777892
814,500,-35.33973807646047,22.99,24.062,536,43,0,0.016988875991640028
815,500,-106.21599538078473,33.03,34.152,561,39,0,0.016903931611681827
816,500,-90.60981161548435,35.288,36.532,622,40,0,0.01681941195362342
817,500,-65.66624394832924,26.004,27.086,541,44,0,0.016735314893855303
818,500,-78.81242497095528,30.69,31.82,565,40,0,0.016651638319386028
819,217,-72.60060210877498,32.45161290322581,33.51152073732719,230,18,1,0.0165683801277891
820,493,-77.46455139454599,25.31237322515213,26.342799188640974,508,42,1,0.016485538227150154
821,331,-72.86625870397175,25.821752265861026,26.818731117824772,330,30,1,0.0164031105360144
822,500,-102.4255596282101,33.374,34.518,572,40,0,0.01632109498333433
823,500,-58.96500178165691,27.306,28.47,582,46,0,0.016239489508417658
824,500,-55.357996055146565,28.774,29.918,572,39,0,0.01615829206087557
825,500,-52.618841999141594,26.9,28.056,578,46,0,0.01607750060057119
826,187,-59.71431741598062,31.20855614973262,32.23529411764706,192,15,1,0.015997113097568336
827,500,-74.31234322486574,29.664,30.84,588,43,0,0.015917127532080494
828,500,-76.0819946994005,30.214,31.382,584,44,0,0.01583754189442009
829,500,-62.315545278660586,27.292,28.396,552,41,0,0.01575835418494799
830,500,-62.48795675323891,27.118,28.224,553,44,0,0.01567956241402325
831,500,-39.758753079668814,24.12,25.22,550,46,0,0.015601164601953134
832,500,-39.74228835427051,26.752,27.946,597,45,0,0.015523158778943369
833,500,-65.33298258890098,30.01,31.178,584,39,0,0.015445542985048652
834,500,-130.45087188836143,31.844,32.89,523,46,0,0.015368315270123408
835,500,-54.408944279179536,31.394,32.642,624,40,0,0.01529147369377279
836,500,-62.94366420671457,25.718,26.796,539,47,0,0.015215016325303928
837,500,-45.602308073009304,26.62,27.748,564,42,0,0.015138941243677408
838,500,-48.71820204572181,27.004,28.132,564,40,0,0.01506324653745902
839,500,-88.98245896283532,31.312,32.452,570,41,0,0.014987930304771725
840,500,-39.33193883982086,23.05,24.174,562,51,0,0.014912990653247866
841,500,-49.52524353504866,27.306,28.446,570,43,0,0.014838425699981627
842,500,-79.28232290011367,26.946,27.984,519,43,0,0.01476423357148172
843,500,-64.18855003879982,26.27,27.374,552,46,0,0.014690412403624311
844,500,-66.99883136029307,28.078,29.182,552,41,0,0.01461696034160619
845,500,-59.958541988262276,25.606,26.694,544,45,0,0.014543875539898159
846,500,-41.93551488286884,25.866,27.038,586,45,0,0.014471156162198668
847,500,-67.42529551293553,29.192,30.336,572,44,0,0.014398800381387675
848,500,-66.2674732846593,29.702,30.878,588,41,0,0.014326806379480736
849,172,-72.57618948660915,31.83139534883721,32.80813953488372,168,17,1,0.014255172347583332
850,500,-30.723298132428354,23.15,24.276,563,47,0,0.014183896485845416
851,500,-67.06422781927424,27.72,28.852,566,43,0,0.014112977003416188
852,500,-58.98217433024033,27.034,28.168,567,45,0,0.014042412118399107
853,500,-100.49450561830542,33.006,34.228,611,49,0,0.013972200057807112
854,500,-33.468368943585546,24.264,25.37,553,42,0,0.013902339057518077
855,500,-45.888792590772745,26.538,27.67,566,42,0,0.013832827362230486
856,500,-49.31300301101951,28.068,29.26,596,44,0,0.013763663225419333
857,500,-27.693367525729805,23.464,24.568,552,42,0,0.013694844909292236
858,500,-27.616550488374475,23.446,24.558,556,43,0,0.013626370684745774
859,500,-50.56319010301223,26.038,27.158,560,45,0,0.013558238831322046
860,500,-42.984036294407716,27.546,28.676,565,38,0,0.013490447637165436
861,500,-90.61927480200997,26.336,27.402,533,50,0,0.013422995398979608
862,500,-51.6993733525539,26.872,28.018,573,43,0,0.01335588042198471
863,124,-60.152638852516155,32.064516129032256,32.983870967741936,114,8,1,0.013289101019874787
864,500,-45.81978569509941,25.422,26.554,566,44,0,0.013222655514775413
865,500,-72.97657363004534,31.07,32.298,614,48,0,0.013156542237201536
866,500,-55.027641858258114,26.2,27.29,545,41,0,0.013090759526015528
867,500,-18.31346023385867,22.802,23.916,557,43,0,0.01302530572838545
868,500,-59.11082571468552,28.456,29.604,574,41,0,0.012960179199743523
869,500,-76.57799152490699,31.306,32.452,573,37,0,0.012895378303744804
870,500,-37.3654080725911,23.816,24.942,563,48,0,0.01283090141222608
871,289,-86.16761009824064,31.089965397923876,32.1522491349481,307,25,1,0.012766746905164949
872,500,-39.507713896867955,24.006,25.13,562,49,0,0.012702913170639124
873,500,-61.98569243899221,27.998,29.116,559,41,0,0.012639398604785928
874,500,-69.5980474624416,27.836,28.958,561,45,0,0.012576201611761997
875,500,-115.01571147098042,33.036,34.136,550,40,0,0.012513320603703188
876,500,-57.10219490455785,26.572,27.678,553,39,0,0.012450754000684672
877,500,-65.84188499641378,27.222,28.324,551,45,0,0.012388500230681249
878,500,-52.94657446899505,27.36,28.498,569,44,0,0.012326557729527843
879,500,-39.715518766726454,24.498,25.588,545,41,0,0.012264924940880204
880,500,-62.10050408134264,30.592,31.786,597,40,0,0.012203600316175803
881,500,-57.8209878731132,27.502,28.628,563,41,0,0.012142582314594924
882,500,-60.9184032398634,27.65,28.76,555,40,0,0.01208186940302195
883,500,-79.66005917525152,27.352,28.45,549,47,0,0.01202146005600684
884,500,-81.95848679231125,30.002,31.15,574,43,0,0.011961352755726806
885,500,-76.66647028523236,26.316,27.334,509,40,0,0.01190154599194817
886,306,-73.63740153814771,29.69934640522876,30.794117647058822,335,28,1,0.01184203826198843
887,175,-62.50851877791231,33.04,34.05142857142857,177,13,1,0.011782828070678488
888,500,-48.466073530167655,25.528,26.624,548,42,0,0.011723913930325095
889,259,-85.18059710314527,30.343629343629345,31.25868725868726,237,22,1,0.01166529436067347
890,115,-52.52801051350254,28.930434782608696,29.730434782608697,92,8,1,0.011606967888870102
891,500,-52.57022696689785,26.862,28.0,569,43,0,0.01154893304942575
892,500,-71.95679987174675,29.404,30.556,576,41,0,0.011491188384178622
893,500,-62.81616045071436,29.612,30.808,598,44,0,0.011433732442257729
894,500,-23.798837278498638,25.308,26.526,609,46,0,0.01137656378004644
895,500,-64.79523190505148,30.79,31.982,596,41,0,0.011319680961146208
896,500,-71.62322245736138,30.118,31.278,580,40,0,0.011263082556340478
897,500,-40.53138727348628,25.754,26.872,559,39,0,0.011206767143558775
898,500,-73.84547556216803,27.548,28.64,546,44,0,0.011150733307840981
899,500,-72.56739551762908,29.306,30.448,571,41,0,0.011094979641301777
900,500,-70.0381660549158,27.758,28.884,563,47,0,0.011039504743095268
901,500,-41.58152444135165,26.458,27.626,584,45,0,0.01098430721937979
902,500,-32.3861609282689,23.76,24.874,557,46,0,0.010929385683282892
903,500,-28.618381676561782,23.804,24.908,552,42,0,0.010874738754866477
904,500,-32.71403831212719,22.928,24.044,558,47,0,0.010820365061092144
905,320,-58.81368185506575,27.765625,28.80625,333,24,1,0.010766263235786683
906,500,-47.29779565958588,28.384,29.604,610,46,0,0.01071243191960775
907,500,-99.04934939134436,29.028,30.054,513,40,0,0.010658869760009713
908,500,-40.59107279689824,26.276,27.408,566,39,0,0.010605575411209664
909,500,-118.67343779185632,36.092,37.276,592,41,0,0.010552547534153616
910,500,-27.564516677710795,26.618,27.802,592,39,0,0.010499784796482848
911,500,-28.559734192602875,24.37,25.518,574,41,0,0.010447285872500434
912,500,-59.618409196273284,27.596,28.776,590,48,0,0.01039504944313793
913,500,-53.97449819752122,27.85,28.982,566,41,0,0.010343074195922241
914,500,-69.48179249748138,28.602,29.71,554,41,0,0.01029135882494263
915,500,-56.52649829912707,27.496,28.706,605,50,0,0.010239902030817916
916,500,-48.91141831566011,26.036,27.156,560,42,0,0.010188702520663827
917,500,-44.515736860524434,26.664,27.858,597,48,0,0.010137759008060509
918,500,-32.93964148447401,24.972,26.14,584,45,0,0.010087070213020206
919,500,-59.82604928118893,28.176,29.348,586,43,0,0.010036634861955105
920,450,-92.61060866686907,33.382222222222225,34.54,521,32,1,0.01
921,500,-53.51401851759761,27.072,28.188,558,38,0,0.01
922,500,-37.58360313014416,26.14,27.282,571,40,0,0.01
923,500,-58.25543721104027,27.464,28.606,571,45,0,0.01
924,500,-34.90498668835918,26.952,28.158,603,41,0,0.01
925,500,-35.37948180036262,25.416,26.602,593,47,0,0.01
926,500,-81.5471370167801,29.026,30.138,556,45,0,0.01
927,399,-67.00915624990456,28.165413533834588,29.293233082706767,450,34,1,0.01
928,500,-57.338353049542306,30.288,31.506,609,43,0,0.01
929,500,-7.726373826033902,23.596,24.808,606,43,0,0.01
930,500,-63.748503256946194,26.77,27.848,539,42,0,0.01
931,500,-32.31266643874233,24.656,25.776,560,40,0,0.01
932,500,-50.95089663152316,26.596,27.676,540,39,0,0.01
933,500,-49.25244487947954,25.274,26.414,570,49,0,0.01
934,500,-34.61434804927915,24.152,25.274,561,44,0,0.01
935,500,-70.92655321009146,26.37,27.45,540,48,0,0.01
936,500,-92.6704352016354,33.816,35.014,599,40,0,0.01
937,500,-56.17854771668252,28.136,29.254,559,38,0,0.01
938,500,-58.76704406125071,26.286,27.4,557,42,0,0.01
939,500,-23.928859528551243,24.004,25.17,583,47,0,0.01
940,500,-52.65927628517734,28.052,29.258,603,45,0,0.01
941,222,-74.2617055270485,33.265765765765764,34.229729729729726,214,15,1,0.01
942,500,-49.413998684863806,28.448,29.634,593,41,0,0.01
943,500,-35.48271068928235,25.3,26.446,573,42,0,0.01
944,500,-54.55155280001281,26.564,27.706,571,45,0,0.01
945,500,-68.64485117743588,28.744,29.834,545,40,0,0.01
946,500,-54.14147440322926,30.584,31.804,610,37,0,0.01
947,500,-58.50506774986218,26.482,27.578,548,43,0,0.01
948,500,-111.20221783703225,33.538,34.714,588,41,0,0.01
949,500,-56.03050408350707,24.038,25.064,513,40,0,0.01
950,500,-44.806440307833284,26.294,27.428,567,42,0,0.01
951,500,-41.45523002228461,24.236,25.33,547,42,0,0.01
952,500,-81.77095003557979,31.028,32.15,561,34,0,0.01
953,500,-34.59728834595608,25.102,26.212,555,40,0,0.01
954,500,-41.899083448135606,24.224,25.318,547,43,0,0.01
955,500,-46.50836277797936,23.584,24.612,514,42,0,0.01
956,500,-80.6150519698137,31.262,32.466,602,44,0,0.01
957,500,-35.96379960364306,25.206,26.386,590,46,0,0.01
958,182,-85.06143513217302,31.065934065934066,31.824175824175825,138,15,1,0.01
959,500,-64.61616833242432,25.616,26.652,518,42,0,0.01
960,500,-35.74614693795014,26.482,27.662,590,41,0,0.01
961,500,-87.37077008154891,34.682,35.852,585,33,0,0.01
962,500,-19.39197509682066,22.352,23.512,580,50,0,0.01
963,500,-29.343243316665685,26.322,27.556,617,44,0,0.01
964,500,-79.13222093893756,35.078,36.35,636,39,0,0.01
965,197,-51.77437419030069,28.248730964467004,29.253807106598984,198,15,1,0.01
966,500,-54.570257742878034,27.068,28.184,558,40,0,0.01
967,500,-29.75509070329422,23.404,24.52,558,44,0,0.01
968,500,-74.09212012543826,29.084,30.194,555,42,0,0.01
969,500,-106.81178244585324,35.932,37.168,618,42,0,0.01
970,500,-57.2794818385667,28.108,29.262,577,43,0,0.01
971,500,-49.86710167235583,28.624,29.81,593,40,0,0.01
972,226,-66.83202205956019,27.146017699115045,28.01769911504425,197,17,1,0.01
973,500,-46.3053198759088,25.3,26.364,532,39,0,0.01
974,500,-59.159853032477365,27.71,28.842,566,42,0,0.01
975,500,-44.85593185085579,23.966,25.082,558,47,0,0.01
976,500,-32.44397422885329,23.72,24.85,565,44,0,0.01
977,500,-50.07804704404882,26.348,27.464,558,42,0,0.01
978,500,-60.30559489622576,28.36,29.51,575,42,0,0.01
979,500,-48.46189563526225,26.056,27.204,574,47,0,0.01
980,500,-36.24030231660933,27.098,28.296,599,43,0,0.01
981,500,-36.420791950794886,25.278,26.442,582,44,0,0.01
982,500,-45.83584513734091,27.23,28.392,581,40,0,0.01
983,500,-45.89960532267572,27.676,28.806,565,36,0,0.01
984,500,-33.98640416482807,25.656,26.796,570,40,0,0.01
985,500,-32.310567232629616,24.834,25.996,581,46,0,0.01
986,500,-31.365054729116572,27.434,28.728,647,49,0,0.01
987,500,-26.866208546907693,26.192,27.366,587,39,0,0.01
988,500,-41.37441013362678,24.716,25.842,563,45,0,0.01
989,500,-68.04838119900721,29.668,30.848,590,43,0,0.01
990,443,-80.61757697640331,30.257336343115124,31.397291196388263,505,37,1,0.01
991,500,-50.99197718878386,29.696,30.934,619,44,0,0.01
992,500,-59.09782080234733,28.118,29.258,570,40,0,0.01
993,500,-41.489871303470785,25.764,26.93,583,44,0,0.01
994,500,-45.581668708974355,26.294,27.42,563,39,0,0.01
995,500,-89.1130139924703,32.43,33.594,582,39,0,0.01
996,500,-83.59188320668393,29.372,30.47,549,39,0,0.01
997,500,-53.18516593901076,24.996,26.12,562,49,0,0.01
998,500,-76.78583807578772,30.918,32.076,579,38,0,0.01
999,500,-73.69145672162082,32.06,33.292,616,42,0,0.01
1000,411,-118.73329461274841,35.87591240875913,36.98053527980535,454,32,1,0.01
1001,500,-73.78787572994015,30.324,31.486,581,39,0,0.01
1002,500,-90.55546903300215,31.4,32.53,565,39,0,0.01
1003,153,-70.92453054451751,37.94117647058823,38.928104575163395,151,11,1,0.01
1004,500,-29.532810078776162,22.194,23.296,551,49,0,0.01
1005,500,-75.83356959486107,29.71,30.81,550,40,0,0.01
1006,500,-74.97983723580059,29.11,30.222,556,45,0,0.01
1007,500,-56.711399167512695,29.048,30.232,592,38,0,0.01
1008,500,-69.47002444178777,25.832,26.87,519,44,0,0.01
1009,500,-56.93761408898162,25.708,26.828,560,44,0,0.01
1010,500,-35.85254384841598,27.298,28.524,613,48,0,0.01
1011,500,-96.46331063525064,31.968,33.15,591,48,0,0.01
1012,500,-44.78796170187116,26.074,27.184,555,41,0,0.01
1013,500,-73.7801585625807,30.92,32.082,581,36,0,0.01
1014,173,-58.72440180737827,29.786127167630056,30.75722543352601,168,14,1,0.01
1015,500,-32.26351537064776,25.706,26.868,581,44,0,0.01
1016,500,-36.32090938329261,22.85,23.944,547,46,0,0.01
1017,500,-44.883360578171235,25.852,26.976,562,41,0,0.01
1018,500,-66.1594817815693,28.762,29.902,570,43,0,0.01
1019,500,-54.821657917927006,26.068,27.156,544,40,0,0.01
1020,500,-22.88013100466493,24.388,25.53,571,41,0,0.01
1021,500,-78.33295116653869,30.912,32.05,569,41,0,0.01
1022,500,-75.7931012765767,31.95,33.114,582,38,0,0.01
1023,500,-49.392352057355836,27.216,28.332,558,38,0,0.01
1024,500,-25.505285120869498,24.408,25.602,597,48,0,0.01
1025,500,-40.7492117265135,27.982,29.196,607,42,0,0.01
1026,500,-77.54093172638228,30.218,31.37,576,44,0,0.01
1027,500,-45.61457112991365,27.958,29.16,601,46,0,0.01
1028,500,-36.35628226125278,23.328,24.426,549,44,0,0.01
1029,500,-33.17964095208665,24.784,25.922,569,44,0,0.01
1030,500,-40.48365901068165,23.36,24.446,543,44,0,0.01
1031,500,-84.44975942840142,32.7,33.916,608,43,0,0.01
1032,500,-90.30269799234604,35.054,36.314,630,43,0,0.01
1033,455,-86.16269409402412,29.23956043956044,30.323076923076922,493,37,1,0.01
1034,500,-49.967595988980385,25.652,26.8,574,48,0,0.01
1035,500,-62.09934293796899,28.792,29.96,584,43,0,0.01
1036,500,-61.4736669472244,25.312,26.396,542,47,0,0.01
1037,500,-55.97800343772635,31.198,32.484,643,44,0,0.01
1038,500,-56.10868873020129,24.896,25.956,530,41,0,0.01
1039,500,-46.385088856567016,26.128,27.266,569,43,0,0.01
1040,500,-56.25226918949434,26.46,27.552,546,41,0,0.01
1041,500,-36.08801859018597,24.284,25.404,560,42,0,0.01
1042,269,-77.6235438886194,31.2453531598513,32.28252788104089,279,23,1,0.01
1043,500,-19.647714695449093,24.254,25.44,593,45,0,0.01
1044,500,-42.60418094221901,26.106,27.268,581,47,0,0.01
1045,500,-20.693666319635362,23.054,24.142,544,40,0,0.01
1046,500,-74.57511203860643,29.814,30.906,546,37,0,0.01
1047,500,-32.488833264017735,24.664,25.778,557,42,0,0.01
1048,500,-14.254513955994172,23.71,24.918,604,47,0,0.01
1049,500,-54.045666497649634,28.064,29.176,556,37,0,0.01
1050,489,-109.02973390545141,35.09406952965235,36.302658486707564,591,40,1,0.01
1051,500,-71.08902456089464,27.434,28.504,535,39,0,0.01
1052,500,-75.93883288166478,32.546,33.728,591,37,0,0.01
1053,500,-62.70421738962219,29.54,30.674,567,38,0,0.01
1054,500,-46.7898037951007,25.422,26.554,566,44,0,0.01
1055,500,-28.68047610503426,22.68,23.794,557,47,0,0.01
1056,500,-50.28327186789472,23.862,24.91,524,41,0,0.01
1057,500,-61.00426401927678,27.664,28.824,580,46,0,0.01
1058,500,-58.74837625037483,30.676,31.87,597,37,0,0.01
1059,385,-73.01168825888567,28.04935064935065,29.135064935064936,418,33,1,0.01
1060,233,-53.005719074196904,26.72961373390558,27.721030042918454,231,17,1,0.01
1061,500,-49.49370872344818,26.458,27.576,559,41,0,0.01
1062,500,-32.8830310082854,26.012,27.196,592,43,0,0.01
1063,500,-51.832027588301465,27.756,28.912,578,42,0,0.01
1064,500,-82.88237057574983,28.708,29.828,560,47,0,0.01
1065,500,-88.67365777275019,31.592,32.698,553,38,0,0.01
1066,166,-52.168626484137334,27.86144578313253,28.837349397590362,162,13,1,0.01
1067,500,-48.63843371144576,25.064,26.172,554,45,0,0.01
1068,500,-40.45745998109136,27.238,28.44,601,45,0,0.01
1069,500,-23.358381467365422,23.066,24.164,549,42,0,0.01
1070,500,-35.22093384146769,20.968,21.978,505,44,0,0.01
1071,500,-54.123717135380986,29.208,30.362,577,38,0,0.01
1072,500,-38.435545982040104,25.49,26.68,595,47,0,0.01
1073,500,-26.602875531222633,24.518,25.672,577,44,0,0.01
1074,488,-78.16952188205825,31.522540983606557,32.74180327868852,595,41,1,0.01
1075,177,-83.55693760285081,35.86440677966102,36.75706214689266,158,12,1,0.01
1076,500,-19.447337811322186,24.782,25.944,581,41,0,0.01
1077,500,-48.37664334870224,24.264,25.334,535,41,0,0.01
1078,500,-50.994543876395895,24.37,25.456,543,45,0,0.01
1079,500,-56.75385320026735,26.968,28.082,557,42,0,0.01
1080,500,-61.04313448866859,28.97,30.132,581,41,0,0.01
1081,500,-70.3111916937704,28.962,30.092,565,44,0,0.01
1082,482,-90.95629786814469,28.273858921161825,29.33195020746888,510,41,1,0.01
1083,500,-65.2094984554007,26.3,27.36,530,44,0,0.01
1084,500,-73.56305283778084,30.006,31.184,589,39,0,0.01
1085,500,-57.55135659270777,27.578,28.704,563,42,0,0.01
1086,500,-16.000790847816003,22.23,23.356,563,44,0,0.01
1087,500,-48.0580020115564,28.712,29.93,609,45,0,0.01
1088,500,-34.64205569956219,24.428,25.586,579,45,0,0.01
1089,500,-50.4099272792097,25.01,26.108,549,42,0,0.01
1090,500,-15.113966862902071,24.552,25.73,589,41,0,0.01
1091,500,-53.697840958272174,26.128,27.254,563,44,0,0.01
1092,500,-29.2596779506702,25.072,26.252,590,42,0,0.01
1093,500,-61.20740625167919,30.142,31.33,594,40,0,0.01
1094,500,-21.524824893491232,23.354,24.476,561,43,0,0.01
1095,500,-48.83134028243633,25.508,26.598,545,43,0,0.01
1096,500,-47.483748082353294,27.444,28.622,589,45,0,0.01
1097,500,-31.378278975966573,24.48,25.602,561,41,0,0.01
1098,500,-32.78878691934988,23.354,24.47,558,45,0,0.01
1099,500,-29.567182695654644,25.454,26.566,556,36,0,0.01
1100,500,-48.48924229329733,27.446,28.634,594,45,0,0.01
1101,500,-31.239151431895692,25.36,26.528,584,43,0,0.01
1102,500,-36.379377920997776,27.0,28.128,564,37,0,0.01
1103,500,-32.96066235807724,24.372,25.498,563,42,0,0.01
1104,500,-45.80090506224912,26.084,27.204,560,40,0,0.01
1105,500,-38.22495395382167,24.132,25.232,550,43,0,0.01
1106,500,-32.08999404599608,24.41,25.514,552,39,0,0.01
1107,500,-25.84491265298771,23.784,24.888,552,39,0,0.01
1108,500,-34.20048678208685,24.258,25.36,551,39,0,0.01
1109,500,-58.933002744825735,28.032,29.18,574,41,0,0.01
1110,500,-83.18332058951266,29.334,30.484,575,44,0,0.01
1111,500,-26.353523268986276,25.026,26.188,581,41,0,0.01
1112,500,-49.206018125020414,29.106,30.296,595,42,0,0.01
1113,500,-50.48508491571192,28.146,29.354,604,44,0,0.01
1114,500,-25.241900165501956,23.548,24.682,567,45,0,0.01
1115,500,-53.14109614992973,27.996,29.126,565,39,0,0.01
1116,500,-88.15819298524224,32.04,33.186,573,38,0,0.01
1117,500,-74.27329706548903,29.5,30.648,574,42,0,0.01
1118,500,-82.87987960140899,29.89,31.03,570,42,0,0.01
1119,500,-59.198197724678195,30.21,31.378,584,38,0,0.01
1120,500,-47.55463810589625,28.18,29.352,586,40,0,0.01
1121,500,-9.220522202301586,20.608,21.722,557,46,0,0.01
1122,500,-52.41064536105495,27.42,28.584,582,42,0,0.01
1123,500,-44.3268460093828,23.302,24.338,518,45,0,0.01
1124,500,-92.44164413680456,29.572,30.71,569,44,0,0.01
1125,500,-44.15395744102735,27.47,28.662,596,42,0,0.01
1126,500,-27.574312533862862,25.704,26.862,579,39,0,0.01
1127,500,-16.45610327679475,25.328,26.548,610,42,0,0.01
1128,500,-60.981462604404406,29.336,30.468,566,38,0,0.01
1129,500,-41.56359212990046,25.184,26.278,547,40,0,0.01
1130,500,-20.776500088856892,25.402,26.588,593,40,0,0.01
1131,500,-18.233203900763225,25.91,27.11,600,39,0,0.01
1132,500,-46.938527731749794,28.156,29.334,589,41,0,0.01
1133,179,-52.91473533474759,31.810055865921786,32.910614525139664,197,14,1,0.01
1134,500,-38.98072465162116,25.674,26.81,568,40,0,0.01
1135,500,-40.4327177890399,24.336,25.438,551,43,0,0.01
1136,500,-50.002772659635305,27.156,28.286,565,40,0,0.01
1137,500,-61.795019083077015,27.074,28.168,547,39,0,0.01
1138,500,-61.0294935637655,26.702,27.766,532,39,0,0.01
1139,500,-39.26776572255557,24.532,25.652,560,44,0,0.01
1140,500,-45.87719696879567,26.168,27.376,604,51,0,0.01
1141,500,-23.360676880783352,21.838,22.928,545,45,0,0.01
1142,500,-61.23697976878053,26.3,27.442,571,48,0,0.01
1143,500,-58.70858123317257,27.904,29.022,559,40,0,0.01
1144,500,-59.26695776612848,30.95,32.16,605,39,0,0.01
1145,500,-46.71164992438671,24.738,25.83,546,43,0,0.01
1146,500,-46.70708026125316,26.222,27.368,573,43,0,0.01
1147,156,-67.86799578160007,27.01923076923077,27.737179487179485,112,13,1,0.01
1148,160,-45.00686621278774,22.025,22.825,128,11,1,0.01
1149,213,-85.29128540015914,36.76056338028169,37.78403755868545,218,17,1,0.01
1150,500,-52.77776381883098,27.862,29.014,576,43,0,0.01
1151,500,-22.247414893766027,23.698,24.822,562,39,0,0.01
1152,251,-68.83473676091766,27.589641434262948,28.53386454183267,237,20,1,0.01
1153,500,-49.01724841429481,27.894,29.062,584,40,0,0.01
1154,500,-32.46944801767877,25.572,26.734,581,42,0,0.01
1155,500,-92.97425769930749,32.278,33.47,596,43,0,0.01
1156,500,-35.393238826794686,24.852,25.958,553,40,0,0.01
1157,500,-65.73813358657159,25.062,26.082,510,42,0,0.01
1158,500,-94.5709136263811,30.29,31.406,558,44,0,0.01
1159,500,-47.94962964528054,27.722,28.934,606,45,0,0.01
1160,500,-50.5987899642576,25.72,26.832,556,42,0,0.01
1161,500,-69.48904608599213,28.54,29.672,566,41,0,0.01
1162,500,-20.699837577784425,25.198,26.388,595,43,0,0.01
1163,500,-35.0746943666221,24.184,25.344,580,46,0,0.01
1164,500,-26.60669243388,25.088,26.202,557,38,0,0.01
1165,500,-53.764346620944465,28.312,29.488,588,44,0,0.01
1166,500,-60.61866630915656,28.074,29.188,557,40,0,0.01
1167,500,-52.42715812348483,28.652,29.816,582,39,0,0.01
1168,500,-42.15299511484545,22.19,23.216,513,44,0,0.01
1169,500,-44.215876179514794,27.48,28.66,590,42,0,0.01
1170,500,-24.278077097238487,22.29,23.39,550,45,0,0.01
1171,500,-58.02089352961801,24.94,25.982,521,43,0,0.01
1172,328,-75.1814088056952,25.11280487804878,26.036585365853657,303,28,1,0.01
1173,500,-31.733474851766296,22.37,23.398,514,39,0,0.01
1174,498,-64.43910512543202,26.8855421686747,28.01004016064257,560,43,1,0.01
1175,500,-51.673754649723485,26.312,27.406,547,42,0,0.01
1176,500,-36.93578290079432,25.298,26.452,577,42,0,0.01
1177,500,-52.6999087420225,26.812,27.886,537,38,0,0.01
1178,500,-36.01649955646946,25.242,26.384,571,43,0,0.01
1179,500,-49.4245056204698,26.312,27.436,562,44,0,0.01
1180,500,-37.35757741358905,24.846,25.96,557,41,0,0.01
1181,500,-34.10999478757975,25.292,26.454,581,44,0,0.01
1182,500,-30.47357461928401,24.698,25.846,574,43,0,0.01
1183,500,-63.18397972928406,28.838,29.956,559,40,0,0.01
1184,500,-30.3658100994793,22.978,24.07,546,42,0,0.01
1185,500,-46.2542452916866,25.474,26.604,565,44,0,0.01
1186,500,-29.32045541672194,24.486,25.582,548,39,0,0.01
1187,500,-36.03232175676561,27.804,28.982,589,38,0,0.01
1188,500,-38.76722936351363,26.234,27.358,562,39,0,0.01
1189,500,-38.086296990990505,28.142,29.35,604,40,0,0.01
1190,500,-44.385728125400554,24.5,25.616,558,45,0,0.01
1191,500,-65.12039133128374,31.944,33.166,611,37,0,0.01
1192,500,-37.7989398650992,25.952,27.118,583,45,0,0.01
1193,500,-34.69590653710233,26.182,27.342,580,42,0,0.01
1194,500,-77.60592551209332,31.838,32.984,573,36,0,0.01
1195,251,-55.09944128859249,23.278884462151396,24.239043824701195,241,22,1,0.01
1196,500,-70.02414036417572,30.038,31.19,576,41,0,0.01
1197,500,-60.49343044686281,26.992,28.118,563,44,0,0.01
1198,500,-73.78489301065713,29.308,30.41,551,38,0,0.01
1199,500,-45.616887060651564,26.902,28.064,581,42,0,0.01
1200,500,-46.8380680937563,26.68,27.808,564,38,0,0.01
1201,500,-47.71930163713504,28.412,29.6,594,42,0,0.01
1202,500,-73.18296985592474,30.466,31.638,586,41,0,0.01
1203,500,-62.715443053455395,28.774,29.93,578,40,0,0.01
1204,500,-56.09732580113654,29.522,30.672,575,35,0,0.01
1205,500,-32.20956130012512,24.42,25.578,579,46,0,0.01
1206,500,-47.22282006907785,28.826,30.022,598,40,0,0.01
1207,500,-49.40972081324455,25.926,27.03,552,42,0,0.01
1208,500,-54.71368367588841,28.802,29.962,580,40,0,0.01
1209,500,-62.706605777362526,27.778,28.912,567,43,0,0.01
1210,500,-74.22457880026268,29.89,31.038,574,43,0,0.01
1211,500,-29.898228101058912,25.634,26.794,580,39,0,0.01
1212,500,-70.43147002735304,27.838,28.942,552,43,0,0.01
1213,500,-60.15133181134158,30.042,31.212,585,37,0,0.01
1214,500,-28.969479116849964,25.204,26.38,588,43,0,0.01
1215,500,-44.71797570881859,26.72,27.898,589,44,0,0.01
1216,500,-57.28994448326362,29.322,30.522,600,41,0,0.01
1217,500,-32.15505003004925,25.25,26.398,574,42,0,0.01
1218,500,-65.92849463365246,29.9,31.072,586,40,0,0.01
1219,500,-84.92841191799013,30.56,31.688,564,39,0,0.01
1220,500,-65.45823961489693,30.12,31.314,597,41,0,0.01
1221,500,-38.03545199994009,25.026,26.146,560,43,0,0.01
1222,500,-54.60550687053552,27.874,29.008,567,40,0,0.01
1223,500,-72.89344106691816,29.152,30.288,568,44,0,0.01
1224,500,-51.35308981973592,26.866,27.982,558,39,0,0.01
1225,500,-29.711965979343763,27.962,29.166,602,39,0,0.01
1226,500,-63.88776480997975,25.604,26.628,512,40,0,0.01
1227,500,-55.82762596637945,25.634,26.686,526,38,0,0.01
1228,500,-52.53049024538732,28.02,29.17,575,41,0,0.01
1229,500,-70.90863815969163,28.77,29.884,557,41,0,0.01
1230,500,-51.917118346187166,26.198,27.286,544,38,0,0.01
1231,500,-43.2261356145153,26.1,27.196,548,36,0,0.01
1232,500,-46.298967061619535,30.294,31.512,609,36,0,0.01
1233,500,-58.65453418832741,27.16,28.262,551,39,0,0.01
1234,500,-28.119069305617867,25.486,26.688,601,45,0,0.01
1235,500,-60.22099849316851,29.646,30.79,572,38,0,0.01
1236,232,-103.17086279895338,36.81896551724138,37.758620689655174,218,18,1,0.01
1237,500,-31.955322673416113,24.216,25.312,548,40,0,0.01
1238,500,-73.65172000011009,33.226,34.466,620,39,0,0.01
1239,500,-47.98596110329979,26.29,27.458,584,46,0,0.01
1240,500,-47.57216138806781,26.744,27.88,568,41,0,0.01
1241,500,-54.807106449996176,29.534,30.686,576,36,0,0.01
1242,500,-60.66331952473796,28.874,30.006,566,41,0,0.01
1243,500,-27.72620839470878,24.828,25.996,584,43,0,0.01
1244,500,-41.497144762919724,26.898,28.046,574,39,0,0.01
1245,500,-27.612423886769275,24.32,25.446,563,41,0,0.01
1246,500,-50.22626962347802,25.802,26.896,547,41,0,0.01
1247,500,-61.15489160111576,30.11,31.318,604,43,0,0.01
1248,500,-29.726228912028862,24.96,26.116,578,42,0,0.01
1249,500,-47.67708810259444,26.164,27.312,574,43,0,0.01
1250,500,-31.451062386039215,24.822,25.966,572,42,0,0.01
1251,500,-81.13839870962379,30.162,31.284,561,40,0,0.01
1252,500,-50.82135912402136,26.434,27.56,563,42,0,0.01
1253,468,-53.94288457290899,24.576923076923077,25.647435897435898,501,38,1,0.01
1254,500,-73.03092337144666,26.866,27.97,552,45,0,0.01
1255,500,-51.43298190431453,28.43,29.576,573,38,0,0.01
1256,500,-64.59886177487796,26.182,27.252,535,42,0,0.01
1257,500,-37.20469545297241,23.876,24.934,529,39,0,0.01
1258,500,-40.33354304472274,24.268,25.364,548,43,0,0.01
1259,500,-57.32276744480917,28.092,29.21,559,39,0,0.01
1260,500,-69.55085133283687,28.992,30.096,552,36,0,0.01
1261,500,-37.12302021723795,25.814,26.946,566,38,0,0.01
1262,500,-30.839150424118277,24.37,25.472,551,40,0,0.01
1263,500,-60.97730522681914,30.004,31.172,584,40,0,0.01
1264,455,-88.77112833545128,30.175824175824175,31.243956043956043,486,34,1,0.01
1265,496,-61.473770180207026,25.100806451612904,26.16733870967742,529,41,1,0.01
1266,500,-52.319620586965534,26.096,27.212,558,42,0,0.01
1267,500,-66.94490806575057,26.99,28.072,541,40,0,0.01
1268,500,-58.21581398117231,28.236,29.378,571,41,0,0.01
1269,500,-38.38591342766347,24.504,25.602,549,42,0,0.01
1270,500,-28.701906007917113,24.83,25.992,581,43,0,0.01
1271,500,-23.92661605481571,24.482,25.664,591,44,0,0.01
1272,500,-46.185347985005,28.578,29.786,604,41,0,0.01
1273,500,-38.25670223377863,27.676,28.904,614,43,0,0.01
1274,500,-32.5032057856947,25.898,27.034,568,38,0,0.01
1275,500,-41.5680142691426,27.462,28.636,587,41,0,0.01
1276,500,-31.582307977807776,24.618,25.746,564,41,0,0.01
1277,500,-66.57459781283981,28.882,30.094,606,47,0,0.01
1278,500,-80.31325947752072,29.69,30.746,528,38,0,0.01
1279,500,-57.6856054210794,28.522,29.68,579,40,0,0.01
1280,500,-30.5547862761699,23.278,24.384,553,43,0,0.01
1281,500,-37.607084848490295,23.144,24.248,552,42,0,0.01
1282,500,-52.606987971516915,28.296,29.476,590,43,0,0.01
1283,500,-31.42430305715531,22.602,23.652,525,41,0,0.01
1284,500,-29.03126384637469,25.468,26.656,594,47,0,0.01
1285,500,-59.224943048779394,25.19,26.236,523,44,0,0.01
1286,500,-30.27795334693576,22.69,23.768,539,41,0,0.01
1287,500,-17.34534577904709,22.506,23.626,560,44,0,0.01
1288,500,-22.15925934731695,23.776,24.924,574,42,0,0.01
1289,500,-37.43304735892565,24.108,25.184,538,42,0,0.01
1290,500,-45.27047016525307,26.022,27.24,609,53,0,0.01
1291,469,-60.79444526885448,26.08955223880597,27.155650319829423,500,35,1,0.01
1292,500,-42.29718081072324,25.534,26.676,571,42,0,0.01
1293,286,-70.77429586714308,31.153846153846153,32.27972027972028,322,23,1,0.01
1294,500,-49.29021575745789,25.176,26.256,540,41,0,0.01
1295,500,-38.553074935634434,27.21,28.394,592,42,0,0.01
1296,500,-24.647363961861004,25.462,26.632,585,40,0,0.01
1297,500,-64.14414042117298,29.428,30.572,572,37,0,0.01
1298,118,-57.85321097437483,34.016949152542374,34.91525423728814,106,8,1,0.01
1299,500,-43.46979810488456,25.508,26.616,554,42,0,0.01
1300,500,-42.812645598231114,25.078,26.184,553,43,0,0.01
1301,500,-14.951773788684147,23.046,24.18,567,41,0,0.01
1302,500,-46.28368089717432,26.572,27.73,579,43,0,0.01
1303,500,-59.997872780233934,29.936,31.114,589,41,0,0.01
1304,500,-49.521642710634474,26.986,28.106,560,40,0,0.01
1305,500,-38.312202859893766,25.158,26.318,580,44,0,0.01
1306,500,-68.83661451248645,29.99,31.178,594,43,0,0.01
1307,500,-59.787003121812106,28.004,29.152,574,43,0,0.01
1308,372,-83.65494908376193,32.29838709677419,33.443548387096776,426,30,1,0.01
1309,500,-40.84881227130759,23.742,24.826,542,45,0,0.01
1310,500,-72.7012730950928,31.282,32.474,596,39,0,0.01
1311,500,-30.1554725742576,24.516,25.632,558,40,0,0.01
1312,500,-33.60318132751967,27.764,28.992,614,42,0,0.01
1313,500,-36.05087607599896,23.816,24.918,551,43,0,0.01
1314,500,-57.04083271924142,25.502,26.6,549,43,0,0.01
1315,500,-50.9247117632439,25.926,27.03,552,43,0,0.01
1316,500,-92.92844334035235,29.646,30.81,582,49,0,0.01
1317,500,-62.22979538100326,29.33,30.542,606,41,0,0.01
1318,500,-19.622786554752455,22.388,23.474,543,43,0,0.01
1319,500,-26.8928473817576,25.198,26.36,581,42,0,0.01
1320,500,-123.2552883943848,33.606,34.696,545,41,0,0.01
1321,500,0.5436459663311306,21.038,22.156,559,41,0,0.01
1322,500,-45.579734287804406,26.416,27.542,563,38,0,0.01
1323,385,-92.75730210828524,32.74285714285714,33.885714285714286,440,31,1,0.01
1324,500,-43.287498446213874,25.994,27.184,595,49,0,0.01
1325,500,-26.571371495602218,23.86,24.978,559,40,0,0.01
1326,500,-25.567368644299712,24.378,25.51,566,39,0,0.01
1327,500,-53.208437288740896,27.59,28.738,574,40,0,0.01
1328,500,-22.175177778204336,22.23,23.318,544,43,0,0.01
1329,500,-41.24545930889394,24.812,25.888,538,39,0,0.01
1330,500,-47.32293287613427,26.836,28.01,587,47,0,0.01
1331,500,-36.0142868587141,25.886,27.042,578,41,0,0.01
1332,447,-97.8312780840938,29.57046979865772,30.651006711409394,483,38,1,0.01
1333,500,-15.703726937444179,25.106,26.274,584,38,0,0.01
1334,500,-19.255121802465453,23.0,24.148,574,46,0,0.01
1335,500,-50.967369005695,26.5,27.634,567,43,0,0.01
1336,500,-101.2200912064097,32.01,33.11,550,35,0,0.01
1337,500,-27.705640841294,24.9,26.056,578,41,0,0.01
1338,158,-59.57497640355319,31.367088607594937,32.30379746835443,148,12,1,0.01
1339,500,-27.794486949876898,23.484,24.584,550,41,0,0.01
1340,500,-55.48495416301804,24.91,25.996,543,44,0,0.01
1341,500,-37.15205379583755,27.746,28.942,598,40,0,0.01
1342,208,-67.29630902986321,30.01923076923077,30.995192307692307,203,18,1,0.01
1343,500,-57.73821304596541,28.012,29.162,575,40,0,0.01
1344,500,-42.75829975948039,24.716,25.836,560,44,0,0.01
1345,500,-53.14121990023246,27.652,28.776,562,39,0,0.01
1346,500,-58.892104879941535,27.374,28.516,571,44,0,0.01
1347,127,-46.437930804543576,27.1496062992126,27.992125984251967,107,9,1,0.01
1348,500,-31.417726515849388,24.858,25.95,546,38,0,0.01
1349,500,-62.34249316607604,26.006,27.05,522,38,0,0.01
1350,500,-21.979103185667867,20.75,21.822,536,46,0,0.01
1351,500,-17.931360761552213,22.936,24.052,558,42,0,0.01
1352,500,-57.163216614946236,28.816,29.958,571,39,0,0.01
1353,500,-30.408511632839385,20.25,21.24,495,41,0,0.01
1354,500,-63.07386850276136,28.024,29.12,548,40,0,0.01
1355,500,-42.53221884697422,27.746,28.934,594,41,0,0.01
1356,500,-55.696913154193126,28.228,29.388,580,40,0,0.01
1357,500,-29.10468652528087,24.254,25.406,576,42,0,0.01
1358,500,-56.339016091964396,25.254,26.316,531,43,0,0.01
1359,500,-22.455446746909832,23.274,24.412,569,45,0,0.01
1360,500,-30.851509711613684,21.664,22.712,524,42,0,0.01
1361,500,-42.920723073252276,21.868,22.908,520,45,0,0.01
1362,316,-75.33928997604501,29.813291139240505,30.89873417721519,343,27,1,0.01
1363,454,-75.91106758207216,30.09251101321586,31.26431718061674,532,38,1,0.01
1364,500,-52.02518165989741,27.496,28.63,567,42,0,0.01
1365,500,-83.28677646171772,28.374,29.496,561,44,0,0.01
1366,500,-51.89087828195687,29.844,31.056,606,39,0,0.01
1367,500,-93.79614554781979,33.394,34.566,586,38,0,0.01
1368,500,-34.039362523302195,23.966,25.1,567,44,0,0.01
1369,500,-70.02192766642051,30.65,31.832,591,43,0,0.01
1370,500,-11.30704912387778,23.87,25.048,589,41,0,0.01
1371,500,-32.923794217824806,28.012,29.184,586,38,0,0.01
1372,500,-24.609654635843,25.932,27.138,603,45,0,0.01
1373,500,-59.903522202047064,31.312,32.528,608,39,0,0.01
1374,500,-39.49892465780668,26.938,28.102,582,40,0,0.01
1375,500,-29.765061603049134,22.452,23.518,533,42,0,0.01
1376,168,-72.67142293158409,35.45238095238095,36.43452380952381,165,13,1,0.01
1377,500,-22.312522171119568,24.836,25.99,577,41,0,0.01
1378,500,-53.92344738688773,24.582,25.664,541,48,0,0.01
1379,500,-33.25604570389375,25.618,26.766,574,41,0,0.01
1380,500,-18.215498572597426,23.776,24.922,573,41,0,0.01
1381,500,-64.33143993595922,29.196,30.352,578,40,0,0.01
1382,500,-73.14736999467942,30.816,31.98,582,40,0,0.01
1383,500,-78.39015597426999,32.65,33.832,591,39,0,0.01
1384,500,-30.701135986389424,23.202,24.274,536,41,0,0.01
1385,500,-17.878835852328667,22.862,23.992,565,43,0,0.01
1386,500,-57.587375741892586,30.068,31.274,603,38,0,0.01
1387,500,-30.257808337729315,21.972,23.034,531,45,0,0.01
1388,500,-38.72347953204043,27.816,28.986,585,41,0,0.01
1389,500,-20.326183613342565,27.228,28.472,622,41,0,0.01
1390,500,-57.2479675442864,27.32,28.476,578,48,0,0.01
1391,500,-39.719088815160625,24.66,25.768,554,42,0,0.01
1392,500,-51.658650531272436,26.208,27.308,550,40,0,0.01
1393,500,-64.73884905853052,29.946,31.184,619,44,0,0.01
1394,500,-62.216429476417076,30.066,31.294,614,42,0,0.01
1395,500,-32.80967052772171,26.582,27.784,601,42,0,0.01
1396,500,-35.93023675016804,26.086,27.202,558,37,0,0.01
1397,500,-19.939397240137282,22.09,23.164,537,42,0,0.01
1398,496,-71.32999025734003,28.137096774193548,29.266129032258064,560,39,1,0.01
1399,500,-51.77906987620939,28.398,29.582,592,39,0,0.01
1400,500,-37.51056521707472,22.878,23.896,509,40,0,0.01
1401,500,-44.77936867011513,27.956,29.14,592,41,0,0.01
1402,500,-28.292858648194986,26.25,27.474,612,45,0,0.01
1403,500,-11.084613973076895,22.838,24.01,586,45,0,0.01
1404,500,-56.56561626912414,28.114,29.314,600,45,0,0.01
1405,500,-44.42336173814762,28.222,29.41,594,38,0,0.01
1406,500,-62.56130371887405,30.032,31.242,605,45,0,0.01
1407,500,-30.78774562362804,25.848,27.006,579,40,0,0.01
1408,500,-19.82105397410648,22.052,23.17,559,44,0,0.01
1409,500,-31.992310661320392,24.822,25.964,571,43,0,0.01
1410,500,-61.7262352680382,29.728,30.92,596,42,0,0.01
1411,500,-53.02676599386154,27.462,28.638,588,46,0,0.01
1412,500,-77.74888151024562,29.386,30.54,577,43,0,0.01
1413,157,-67.30708398339453,31.401273885350317,32.318471337579616,144,11,1,0.01
1414,500,-61.52641493708252,29.204,30.348,572,41,0,0.01
1415,500,-48.1811938636884,25.704,26.828,562,44,0,0.01
1416,500,-28.534105231112466,23.744,24.846,551,41,0,0.01
1417,500,-49.091997021517706,28.288,29.472,592,42,0,0.01
1418,500,-41.76522313172347,25.938,27.082,572,41,0,0.01
1419,500,-40.85808235026877,24.03,25.118,544,45,0,0.01
1420,500,-28.04088791519251,21.102,22.142,520,42,0,0.01
1421,214,-56.06845912751215,33.71028037383178,34.89719626168224,254,16,1,0.01
1422,500,-37.8051137331347,25.682,26.768,543,37,0,0.01
1423,500,-29.161925365260736,22.608,23.686,539,42,0,0.01
1424,500,-29.80359924628663,27.492,28.724,616,41,0,0.01
1425,500,-22.143278718087075,26.03,27.224,597,39,0,0.01
1426,500,-27.94228372882908,27.206,28.44,617,42,0,0.01
1427,500,-23.85535478036467,24.818,26.004,593,44,0,0.01
1428,500,-70.04214838889791,27.16,28.258,549,43,0,0.01
1429,500,-31.327767300924663,28.33,29.55,610,38,0,0.01
1430,500,-27.909412083869906,25.644,26.832,594,44,0,0.01
1431,500,-14.522612195735807,23.978,25.124,573,40,0,0.01
1432,500,-39.90746740404,25.756,26.922,583,43,0,0.01
1433,500,-16.89571986566664,23.074,24.18,553,38,0,0.01
1434,500,-60.56027593808091,29.066,30.184,559,37,0,0.01
1435,500,-29.444417290381683,23.098,24.194,548,42,0,0.01
1436,500,-37.02348448067285,26.828,27.974,573,39,0,0.01
1437,500,-26.22490266052136,23.81,24.936,563,41,0,0.01
1438,500,-57.113017895120834,27.68,28.826,573,44,0,0.01
1439,500,-67.19050172102118,29.866,31.056,595,41,0,0.01
1440,500,-30.833048366702975,25.126,26.254,564,38,0,0.01
1441,500,-70.76993315982892,28.956,30.064,554,37,0,0.01
1442,500,-53.383123013034755,27.168,28.268,550,39,0,0.01
1443,500,-69.13042378299912,31.332,32.496,582,38,0,0.01
1444,500,-12.377097315272858,22.504,23.634,565,42,0,0.01
1445,217,-69.90439318408455,30.986175115207374,31.963133640552996,212,15,1,0.01
1446,500,-42.29730065837513,29.812,31.03,609,37,0,0.01
1447,500,-31.62457345203086,26.116,27.292,588,40,0,0.01
1448,500,-48.25940928636272,26.752,27.896,572,43,0,0.01
1449,500,-18.232063274709727,24.226,25.396,585,42,0,0.01
1450,500,-39.56977364670945,27.41,28.592,591,39,0,0.01
1451,500,-44.85468408916886,27.428,28.566,569,37,0,0.01
1452,380,-127.32609585879297,30.560526315789474,31.51578947368421,363,34,1,0.01
1453,500,-58.1485350407037,27.958,29.084,563,39,0,0.01
1454,500,-29.565423964469932,24.418,25.564,573,43,0,0.01
1455,475,-77.36790540294125,29.012631578947367,30.130526315789474,531,37,1,0.01
1456,500,-90.55890832874213,28.306,29.342,518,40,0,0.01
1457,500,-91.26803293757091,36.956,38.266,655,41,0,0.01
1458,500,-36.204990990609495,27.008,28.17,581,40,0,0.01
1459,500,-33.5670179107118,25.534,26.676,571,42,0,0.01
1460,500,-60.200328353153246,29.098,30.27,586,41,0,0.01
1461,500,-64.84532103588522,27.698,28.812,557,42,0,0.01
1462,500,-15.192831813069898,24.054,25.216,581,40,0,0.01
1463,500,-52.36056648888131,30.57,31.81,620,41,0,0.01
1464,500,-29.15876434610616,25.188,26.342,577,41,0,0.01
1465,500,-37.39268227362369,25.864,27.014,575,43,0,0.01
1466,500,-47.829165363052475,29.922,31.14,609,41,0,0.01
1467,500,-76.6398487114341,30.936,32.098,581,41,0,0.01
1468,500,-45.69188316847969,26.632,27.786,577,41,0,0.01
1469,500,-26.40387651509463,25.992,27.138,573,36,0,0.01
1470,500,-21.524422866603025,24.212,25.358,573,43,0,0.01
1471,500,-27.884996205435485,26.052,27.236,592,43,0,0.01
1472,500,-79.45952450857322,31.64,32.822,591,37,0,0.01
1473,500,-34.48380327830432,23.14,24.212,536,40,0,0.01
1474,500,-41.27006749198277,28.008,29.188,590,40,0,0.01
1475,500,-43.26982389402813,24.106,25.2,547,42,0,0.01
1476,500,-41.8315947854331,28.392,29.602,605,43,0,0.01
1477,500,-32.70531062502606,26.2,27.348,574,39,0,0.01
1478,500,-21.66667739757965,24.128,25.274,573,41,0,0.01
1479,500,-45.86445942800087,26.362,27.496,567,42,0,0.01
1480,500,-16.195844661950932,26.32,27.5,590,37,0,0.01
1481,500,-31.34657873304105,24.8,25.888,544,37,0,0.01
1482,500,-50.144769431346496,27.694,28.842,574,39,0,0.01
1483,500,-13.525876447873044,20.918,21.996,539,43,0,0.01
1484,500,-45.24887483104524,25.12,26.238,559,45,0,0.01
1485,500,-26.334498368513255,25.876,27.056,590,42,0,0.01
1486,194,-69.51322945239998,34.57216494845361,35.603092783505154,200,14,1,0.01
1487,500,-47.30812755158893,26.366,27.508,571,41,0,0.01
1488,500,-65.90850415072886,29.076,30.188,556,36,0,0.01
1489,500,-48.32584313841474,28.562,29.754,596,39,0,0.01
1490,500,-48.93805324785909,29.672,30.858,593,39,0,0.01
1491,500,-43.06637896506936,26.664,27.826,581,41,0,0.01
1492,290,-65.5865565470972,25.99310344827586,26.982758620689655,287,25,1,0.01
1493,500,-39.7117326400493,24.126,25.238,556,44,0,0.01
1494,500,-67.8770206324288,28.462,29.57,554,42,0,0.01
1495,500,-75.33760028906609,32.398,33.602,602,39,0,0.01
1496,500,-25.844788902684975,24.112,25.23,559,41,0,0.01
1497,500,-26.440826724627435,22.792,23.888,548,43,0,0.01
1498,500,-68.1890930770423,28.734,29.92,593,47,0,0.01
1499,500,-44.59791409986099,26.982,28.18,599,45,0,0.01
1500,500,-2.312711376033313,20.17,21.248,539,42,0,0.01
1501,500,-24.28578400593788,21.668,22.754,543,44,0,0.01
1502,500,-35.612454662749414,24.502,25.618,558,44,0,0.01
1503,500,-30.03178962356555,24.342,25.462,560,38,0,0.01
1504,336,-105.75440145828254,36.82142857142857,37.955357142857146,381,26,1,0.01
1505,500,-73.82616912884093,32.486,33.718,616,41,0,0.01
1506,500,-34.80527590819098,28.02,29.256,618,42,0,0.01
1507,500,-41.51284711556395,25.15,26.274,562,43,0,0.01
1508,374,-75.110904037843,29.296791443850267,30.40106951871658,413,32,1,0.01
1509,500,-14.373259248913207,22.914,24.042,564,42,0,0.01
1510,500,-36.063623229071645,24.8,25.916,558,42,0,0.01
1511,500,-31.91483383781143,26.308,27.488,590,42,0,0.01
1512,500,-20.92301848667014,20.568,21.636,534,46,0,0.01
1513,500,-57.623761749480934,25.392,26.42,514,38,0,0.01
1514,500,-60.58451677291243,28.688,29.838,575,41,0,0.01
1515,500,-79.01846085096886,30.08,31.216,568,40,0,0.01
1516,500,-61.774235451419216,26.912,28.046,567,44,0,0.01
1517,500,-43.62122648423113,29.756,30.996,620,42,0,0.01
1518,500,-22.69848722949699,28.024,29.284,630,41,0,0.01
1519,500,-45.106764567691435,25.024,26.108,542,41,0,0.01
1520,500,-30.535822927656994,24.516,25.608,546,39,0,0.01
1521,500,-34.43175920898076,26.214,27.38,583,41,0,0.01
1522,500,-84.00980562087022,32.69,33.876,593,38,0,0.01
1523,500,-25.50877245364108,25.194,26.38,593,43,0,0.01
1524,500,-60.17474807507655,31.264,32.518,627,41,0,0.01
1525,500,-44.72172080085561,26.876,28.032,578,39,0,0.01
1526,500,-62.19721162490761,28.4,29.504,552,37,0,0.01
1527,500,-57.73773220606552,24.832,25.918,543,44,0,0.01
1528,500,-60.576882321215585,28.676,29.844,584,42,0,0.01
1529,461,-52.53535934880856,27.247288503253795,28.418655097613883,540,38,1,0.01
1530,500,-72.33854861046522,30.434,31.59,578,40,0,0.01
1531,415,-55.203420817956115,27.24578313253012,28.412048192771085,484,34,1,0.01
1532,500,-29.689508942050026,23.758,24.864,553,42,0,0.01
1533,500,-52.677984484311175,25.014,26.074,530,40,0,0.01
1534,500,-49.858191939260564,28.31,29.446,568,37,0,0.01
1535,500,-62.901446769522934,28.116,29.224,554,40,0,0.01
1536,500,-43.7810280709681,24.818,25.894,538,40,0,0.01
1537,500,-56.389201296861174,29.906,31.07,582,34,0,0.01
1538,500,-81.86220114657281,32.572,33.724,576,36,0,0.01
1539,500,-73.79770236207227,29.592,30.718,563,38,0,0.01
1540,500,-62.904450006126055,29.248,30.412,582,41,0,0.01
1541,389,-41.49009389425111,24.362467866323907,25.460154241645245,427,32,1,0.01
1542,500,-78.01851214426901,30.398,31.51,556,36,0,0.01
1543,500,-51.28591411224978,26.136,27.23,547,36,0,0.01
1544,500,-34.33657380103728,29.108,30.378,635,42,0,0.01
1545,500,-43.776775109173755,28.506,29.756,625,42,0,0.01
1546,500,-32.76853542089219,26.694,27.888,597,42,0,0.01
1547,500,-77.48212906975853,32.042,33.208,583,37,0,0.01
1548,500,-59.224414015319795,29.966,31.146,590,40,0,0.01
1549,500,-42.80451614532346,26.498,27.618,560,37,0,0.01
1550,500,-38.03174858892537,24.118,25.242,562,41,0,0.01
1551,500,-53.74149781542272,25.064,26.144,540,42,0,0.01
1552,500,-40.70239010408558,24.508,25.594,543,40,0,0.01
1553,500,-75.97414420766468,32.66,33.866,603,37,0,0.01
1554,500,-66.32624451892073,28.808,29.926,559,40,0,0.01
1555,500,-29.544712143432264,24.694,25.85,578,44,0,0.01
1556,500,-51.26543888677535,26.722,27.79,534,35,0,0.01
1557,500,-44.67823898730801,27.878,29.068,595,42,0,0.01
1558,500,-26.165278689069712,23.628,24.732,552,42,0,0.01
1559,500,-18.362896580930055,24.806,25.994,594,43,0,0.01
1560,500,-38.4729661264306,26.548,27.688,570,38,0,0.01
1561,500,-81.53124235948141,27.17,28.206,518,41,0,0.01
1562,500,-53.58326265521622,27.418,28.536,559,39,0,0.01
1563,500,-49.92516182716364,28.928,30.104,588,39,0,0.01
1564,500,-59.42327902248515,28.842,30.006,582,40,0,0.01
1565,500,-27.715292429823293,24.198,25.346,574,43,0,0.01
1566,500,-60.46498094114562,27.756,28.892,568,41,0,0.01
1567,500,-43.44987682269475,27.56,28.748,594,42,0,0.01
1568,500,-48.97098008876947,26.918,28.05,566,40,0,0.01
1569,500,-21.94730735853322,24.082,25.262,590,43,0,0.01
1570,500,-61.85551566265676,29.472,30.654,591,40,0,0.01
1571,453,-62.55022622531408,28.77262693156733,29.916114790286976,518,33,1,0.01
1572,500,-38.86518076611471,25.21,26.3,545,40,0,0.01
1573,500,-39.22303679370314,27.924,29.134,605,41,0,0.01
1574,500,-53.826237839720534,24.622,25.664,521,42,0,0.01
1575,500,-84.18881415407444,30.432,31.546,557,37,0,0.01
1576,500,-39.445166148207086,25.722,26.858,568,41,0,0.01
1577,500,-31.76126131506102,26.66,27.824,582,39,0,0.01
1578,500,-54.88834952924448,27.208,28.35,571,41,0,0.01
1579,500,-52.25568471164568,26.792,27.914,561,40,0,0.01
1580,500,-47.66292840289194,28.698,29.896,599,41,0,0.01
1581,500,-31.665687395158145,26.944,28.106,581,38,0,0.01
1582,500,-36.123638968751436,24.074,25.186,556,40,0,0.01
1583,500,-38.82561973458923,25.274,26.378,552,38,0,0.01
1584,500,-16.409690683646517,24.58,25.774,597,42,0,0.01
1585,500,-34.97591074415097,24.272,25.37,549,42,0,0.01
1586,500,-36.74038796534927,23.526,24.584,529,40,0,0.01
1587,500,-20.482930670176273,20.828,21.882,527,43,0,0.01
1588,500,-26.646109844164847,24.196,25.332,568,42,0,0.01
1589,500,-44.83081450524538,26.726,27.838,556,39,0,0.01
1590,500,-25.43940456571974,25.184,26.378,597,43,0,0.01
1591,500,-29.66765649495896,22.382,23.452,535,42,0,0.01
1592,500,-30.26805425780111,24.088,25.182,547,38,0,0.01
1593,500,-59.77252411088375,30.836,32.052,608,39,0,0.01
1594,500,-45.352770508510254,27.084,28.258,587,44,0,0.01
1595,500,-20.599223413508074,23.86,25.028,584,44,0,0.01
1596,500,-50.38066281467398,28.48,29.616,568,38,0,0.01
1597,500,-49.022361115670876,28.866,30.066,600,40,0,0.01
1598,500,-39.61990055591483,28.068,29.296,614,43,0,0.01
1599,500,-42.26601334738,28.236,29.44,602,40,0,0.01
1600,500,-68.74508447852617,30.016,31.166,575,39,0,0.01
1601,500,-30.880643266927116,26.686,27.912,613,43,0,0.01
1602,500,-39.340033614097365,26.166,27.32,577,41,0,0.01
1603,500,-25.405296064115824,26.038,27.256,609,43,0,0.01
1604,500,-30.118584563067202,26.952,28.16,604,42,0,0.01
1605,500,-17.88133708532958,21.794,22.874,540,41,0,0.01
1606,500,-52.941668233584394,25.484,26.578,547,42,0,0.01
1607,500,-30.84863397143597,27.322,28.55,614,42,0,0.01
1608,500,-46.18314880217834,25.714,26.826,556,42,0,0.01
1609,500,-52.133915018421234,27.404,28.524,560,41,0,0.01
1610,500,-64.88069391384532,28.16,29.286,563,42,0,0.01
1611,500,-32.30829298291388,25.138,26.322,592,43,0,0.01
1612,500,-64.62143230381426,29.992,31.152,580,38,0,0.01
1613,500,-34.867074152644456,24.872,25.962,545,37,0,0.01
1614,500,-62.34288167803558,28.592,29.754,581,43,0,0.01
1615,500,-74.92783484749883,31.416,32.612,598,41,0,0.01
1616,500,-49.3061001560964,27.03,28.16,565,38,0,0.01
1617,500,-70.75970450080864,30.538,31.71,586,39,0,0.01
1618,500,-18.23192926574699,24.52,25.694,587,41,0,0.01
1619,500,-30.03374456205545,24.328,25.448,560,40,0,0.01
1620,500,-20.558139599978723,24.31,25.436,563,38,0,0.01
1621,500,-51.81666571058495,28.282,29.458,588,40,0,0.01
1622,500,-59.53653775323373,30.56,31.792,616,41,0,0.01
1623,500,-71.28836014929968,29.416,30.544,564,37,0,0.01
1624,500,-31.108757930935077,27.672,28.922,625,45,0,0.01
1625,500,-30.28175037865526,22.024,23.124,550,45,0,0.01
1626,500,-39.325077019537936,22.252,23.302,525,44,0,0.01
1627,199,-54.70111694271945,28.21105527638191,29.261306532663315,209,17,1,0.01
1628,500,-20.5940485137898,23.644,24.742,549,36,0,0.01
1629,500,-47.11710346208587,26.55,27.702,576,44,0,0.01
1630,500,-13.460099125705938,21.194,22.29,548,43,0,0.01
1631,500,-33.464252600640314,25.22,26.326,553,37,0,0.01
1632,500,-34.14661152457598,26.978,28.18,601,41,0,0.01
1633,500,-41.81443575177828,25.18,26.298,559,44,0,0.01
1634,500,-23.517117984791824,24.032,25.14,554,38,0,0.01
1635,500,-20.02863186067964,23.332,24.432,550,38,0,0.01
1636,500,-28.159629951842817,23.84,24.924,542,38,0,0.01
1637,500,-43.690072497612405,26.41,27.558,574,39,0,0.01
1638,500,-63.215690230869825,28.6,29.738,569,41,0,0.01
1639,500,-53.525882803882205,25.742,26.828,543,40,0,0.01
1640,500,-58.46209819857665,29.806,31.008,601,41,0,0.01
1641,500,-29.950464475036924,26.124,27.31,593,43,0,0.01
1642,500,-30.92308704102185,24.588,25.726,569,42,0,0.01
1643,500,-55.47630919157933,27.558,28.702,572,42,0,0.01
1644,500,-54.88434993421054,24.172,25.214,521,42,0,0.01
1645,500,-47.0140803927489,26.85,27.988,569,41,0,0.01
1646,500,-32.151768516860606,24.656,25.754,549,38,0,0.01
1647,304,-45.51342304981871,24.279605263157894,25.30592105263158,312,24,1,0.01
1648,500,-34.697820440952,25.936,27.104,584,44,0,0.01
1649,500,-27.196044125524686,21.788,22.852,532,44,0,0.01
1650,500,-41.311058331189436,28.1,29.31,605,43,0,0.01
1651,500,-17.55284159633996,23.29,24.424,567,42,0,0.01
1652,500,-39.45494148703905,24.7,25.81,555,40,0,0.01
1653,500,-42.77831075972405,25.712,26.86,574,41,0,0.01
1654,500,-63.95191350727404,28.66,29.758,549,38,0,0.01
1655,500,-59.727747144999626,30.38,31.584,602,38,0,0.01
1656,500,-47.55170732629567,26.398,27.526,564,41,0,0.01
1657,500,-36.273197735157055,25.218,26.346,564,43,0,0.01
1658,500,-56.11125851755378,27.8,28.904,552,36,0,0.01
1659,500,-26.702946657256568,23.408,24.494,543,42,0,0.01
1660,500,-49.37005654873638,26.426,27.558,566,43,0,0.01
1661,500,-39.60410913159872,25.712,26.882,585,44,0,0.01
1662,500,-36.08020844850396,25.374,26.506,566,42,0,0.01
1663,500,-38.53384747184709,24.39,25.498,554,44,0,0.01
1664,500,-33.79518777067067,22.236,23.286,525,43,0,0.01
1665,425,-65.4583973974484,31.152941176470588,32.36,513,32,1,0.01
1666,500,-47.07175968437068,27.064,28.242,589,43,0,0.01
1667,500,-19.342731054403483,24.032,25.178,573,40,0,0.01
1668,500,-53.66190062209884,27.724,28.834,555,38,0,0.01
1669,500,-31.952649653080925,21.796,22.838,521,42,0,0.01
1670,500,-50.04034797669076,26.94,28.058,559,39,0,0.01
1671,500,-22.473698369586558,24.354,25.496,571,39,0,0.01
1672,500,-52.39200197014999,27.32,28.47,575,40,0,0.01
1673,500,-32.72345265871114,23.028,24.118,545,42,0,0.01
1674,500,-38.50116813154214,26.464,27.61,573,42,0,0.01
1675,500,-53.18979389783588,27.45,28.604,577,43,0,0.01
1676,500,-18.89531783877837,23.924,25.058,567,40,0,0.01
1677,500,-33.8564056883643,23.534,24.602,534,39,0,0.01
1678,500,-43.53710846771551,24.928,26.06,566,43,0,0.01
1679,500,-90.26170015074786,31.354,32.47,558,41,0,0.01
1680,500,-34.32553734211771,25.296,26.424,564,40,0,0.01
1681,500,-60.03965041216561,24.694,25.718,512,39,0,0.01
1682,500,-48.93196470537255,26.928,28.026,549,39,0,0.01
1683,500,-41.86071433596379,26.23,27.374,572,42,0,0.01
1684,500,-61.49393180408267,30.308,31.484,588,38,0,0.01
1685,500,-36.14629221335024,27.268,28.492,612,41,0,0.01
1686,500,-21.65686102410753,24.902,26.09,594,44,0,0.01
1687,500,-23.522694911398368,23.398,24.548,575,45,0,0.01
1688,500,-38.338913505364005,24.618,25.728,555,41,0,0.01
1689,307,-87.32463917778242,29.65798045602606,30.697068403908794,319,26,1,0.01
1690,500,-38.43816706269288,28.724,29.928,602,37,0,0.01
1691,295,-51.91420694767029,25.423728813559322,26.454237288135594,304,25,1,0.01
1692,500,-35.07597926029835,25.632,26.816,592,44,0,0.01
1693,500,-34.759718662119404,25.838,26.994,578,43,0,0.01
1694,500,-46.0370049115419,25.918,27.038,560,43,0,0.01
1695,500,-36.280018520799715,25.84,27.022,591,43,0,0.01
1696,500,-35.31098652056918,27.67,28.906,618,43,0,0.01
1697,500,-21.591691548411575,24.48,25.62,570,39,0,0.01
1698,357,-97.11941435393668,28.99719887955182,29.980392156862745,351,31,1,0.01
1699,500,-61.08931309614019,26.922,28.0,539,41,0,0.01
1700,500,-11.696752271900978,23.558,24.73,586,43,0,0.01
1701,500,-66.05363116561443,26.82,27.9,540,41,0,0.01
1702,500,-41.30935089330489,27.442,28.632,595,39,0,0.01
1703,500,-29.193769229426856,23.172,24.22,524,37,0,0.01
1704,500,-63.97554584925227,30.084,31.23,573,39,0,0.01
1705,500,-26.57709904584085,27.678,28.908,615,42,0,0.01
1706,500,-42.924598917983346,25.248,26.394,573,44,0,0.01
1707,500,-50.11379117291712,25.786,26.892,553,41,0,0.01
1708,500,-40.038960496413985,24.848,25.994,573,44,0,0.01
1709,500,-30.326750425173795,26.29,27.48,595,42,0,0.01
1710,500,-27.649277865710804,25.244,26.408,582,40,0,0.01
1711,500,-104.46672551101982,33.452,34.59,569,39,0,0.01
1712,500,-22.56333501701713,24.69,25.858,584,41,0,0.01
1713,500,-42.24265928198744,26.282,27.428,573,41,0,0.01
1714,500,-23.211144987707037,25.458,26.624,583,41,0,0.01
1715,500,-48.52737741979247,22.668,23.684,508,43,0,0.01
1716,500,-56.69132922519524,25.226,26.244,509,38,0,0.01
1717,500,-47.851485291642796,26.214,27.326,556,40,0,0.01
1718,500,-46.11482921237009,26.834,28.018,592,43,0,0.01
1719,500,-44.87255810492829,24.836,25.928,546,39,0,0.01
1720,500,-33.85892418241664,26.092,27.242,575,41,0,0.01
1721,500,-50.948591605827325,26.662,27.802,570,44,0,0.01
1722,500,-36.19479375395122,27.748,28.974,613,39,0,0.01
1723,500,-39.11064366869124,24.838,25.92,541,40,0,0.01
1724,500,-69.50219200968449,32.2,33.446,623,41,0,0.01
1725,500,-47.19336394627007,27.596,28.776,590,43,0,0.01
1726,500,-18.987679446226558,25.906,27.14,617,43,0,0.01
1727,500,-49.80490791355169,25.562,26.67,554,43,0,0.01
1728,500,-26.321596689157815,25.054,26.236,591,44,0,0.01
1729,254,-70.04905271747101,32.07086614173228,33.10629921259842,263,19,1,0.01
1730,500,-37.66958765986019,25.818,27.0,591,45,0,0.01
1731,500,-36.93997105435975,24.764,25.896,566,45,0,0.01
1732,500,-49.696040546064964,25.956,27.078,561,42,0,0.01
1733,500,-27.563837020619296,26.918,28.178,630,43,0,0.01
1734,500,-61.71185248770116,28.476,29.628,576,41,0,0.01
1735,500,-33.04070896893867,25.774,26.914,570,40,0,0.01
1736,500,-34.75861581443732,27.992,29.198,603,38,0,0.01
1737,500,-41.3002661166067,27.134,28.314,590,42,0,0.01
1738,500,-37.152074959539796,26.806,28.024,609,42,0,0.01
1739,500,-40.2678997315183,24.25,25.36,555,44,0,0.01
1740,500,-13.078181699393701,24.898,26.086,594,39,0,0.01
1741,208,-63.49131545334869,28.004807692307693,28.95673076923077,198,16,1,0.01
1742,500,-53.59513394389229,29.704,30.902,599,39,0,0.01
1743,500,-78.93811870247028,25.518,26.55,516,44,0,0.01
1744,500,-44.110612892711,24.652,25.746,547,44,0,0.01
1745,500,-42.059929430334904,24.998,26.094,548,42,0,0.01
1746,217,-72.47578814430737,30.755760368663594,31.682027649769584,201,16,1,0.01
1747,500,-36.402045326907434,25.638,26.79,576,42,0,0.01
1748,500,-41.26730149732499,26.13,27.244,557,39,0,0.01
1749,500,-57.0772224729524,28.008,29.146,569,38,0,0.01
1750,500,-22.34628058551757,24.074,25.244,585,43,0,0.01
1751,500,-105.93987417738653,30.14,31.236,548,45,0,0.01
1752,500,-53.81582323205486,27.288,28.37,541,38,0,0.01
1753,500,-63.80652237711365,26.85,27.922,536,40,0,0.01
1754,500,-19.279609491520162,23.022,24.148,563,44,0,0.01
1755,500,-32.995241440920914,26.608,27.792,592,42,0,0.01
1756,500,-41.573508480086474,27.476,28.654,589,39,0,0.01
1757,500,-26.16292172369147,24.5,25.628,564,40,0,0.01
1758,500,-43.49520008308981,26.946,28.104,579,41,0,0.01
1759,500,-75.93677535657436,31.94,33.162,611,40,0,0.01
1760,500,-50.61377033240587,26.224,27.308,542,37,0,0.01
1761,500,-47.56193272904736,28.342,29.534,596,41,0,0.01
1762,500,-57.747266400301456,29.154,30.318,582,41,0,0.01
1763,500,-49.85287341830174,27.21,28.34,565,38,0,0.01
1764,500,-104.53525156679315,31.444,32.49,523,34,0,0.01
1765,500,-36.444846836981334,25.984,27.156,586,42,0,0.01
1766,500,-71.60576137353245,30.838,32.052,607,42,0,0.01
1767,500,-61.582860628328056,28.308,29.434,563,39,0,0.01
1768,500,-76.99078462304797,28.906,30.034,564,42,0,0.01
1769,500,-44.33050577587081,26.528,27.682,577,41,0,0.01
1770,500,-35.32312843705721,26.914,28.06,573,39,0,0.01
1771,500,-39.25159979106279,26.798,27.974,588,39,0,0.01
1772,500,-40.64565913386302,22.342,23.334,496,39,0,0.01
1773,500,-32.47161903441175,25.808,26.91,551,35,0,0.01
1774,500,-29.001281946375876,25.512,26.678,583,41,0,0.01
1775,500,-30.47414843350643,27.328,28.556,614,43,0,0.01
1776,500,-56.18725424008121,25.884,26.908,512,34,0,0.01
1777,500,-39.18116308770814,25.526,26.658,566,40,0,0.01
1778,436,-74.99326859499745,27.76605504587156,28.85091743119266,473,35,1,0.01
1779,500,-30.283725188083086,23.262,24.292,515,35,0,0.01
1780,500,-76.62237672256289,32.686,33.862,588,37,0,0.01
1781,500,-36.75569529349678,26.26,27.424,582,41,0,0.01
1782,500,-73.86842760067269,30.36,31.534,587,43,0,0.01
1783,500,-37.93264565522849,24.424,25.544,560,45,0,0.01
1784,500,-29.639502526878793,26.306,27.476,585,37,0,0.01
1785,121,-48.26536480368248,29.818181818181817,30.793388429752067,118,10,1,0.01
1786,500,-55.185543545928034,28.676,29.846,585,41,0,0.01
1787,500,-59.907298716446356,30.53,31.772,621,43,0,0.01
1788,500,-17.441125518533013,22.398,23.47,536,38,0,0.01
1789,500,-38.00188979284718,24.802,25.908,553,42,0,0.01
1790,500,-50.171992339078834,29.428,30.622,597,37,0,0.01
1791,500,-42.69901561657439,24.392,25.448,528,42,0,0.01
1792,500,-71.29493604422358,28.2,29.268,534,40,0,0.01
1793,180,-67.50577330057469,27.283333333333335,28.044444444444444,137,12,1,0.01
1794,500,-46.892826218055355,26.226,27.322,548,39,0,0.01
1795,500,-32.68540285776507,24.752,25.866,557,41,0,0.01
1796,500,-28.451237429642116,24.748,25.886,569,43,0,0.01
1797,500,-34.10114725282687,24.294,25.408,557,40,0,0.01
1798,500,-32.7802451808939,25.558,26.722,582,41,0,0.01
1799,500,-27.117103462085726,26.526,27.69,582,37,0,0.01
1800,500,-33.27652028298589,26.104,27.244,570,38,0,0.01
1801,500,-56.79377196777231,29.388,30.576,594,40,0,0.01
1802,500,-49.69436388416047,25.464,26.564,550,39,0,0.01
1803,500,-62.36211940048307,31.462,32.702,620,42,0,0.01
1804,500,-31.593079675070644,25.468,26.63,581,42,0,0.01
1805,500,-28.618340641921538,23.588,24.692,552,40,0,0.01
1806,500,-44.37380164077344,26.562,27.682,560,38,0,0.01
1807,500,-53.169319318743725,26.972,28.13,579,45,0,0.01
1808,500,-28.163598770896545,26.654,27.868,607,43,0,0.01
1809,500,-4.943964293384389,23.04,24.232,596,43,0,0.01
1810,500,-41.083891342198626,26.258,27.344,543,35,0,0.01
1811,500,-45.587925292672345,25.376,26.46,542,40,0,0.01
1812,500,-49.337741456948244,23.884,24.91,513,39,0,0.01
1813,500,-52.62074238806256,30.162,31.436,637,45,0,0.01
1814,500,-48.80270547445636,26.26,27.382,561,41,0,0.01
1815,500,-34.22238091020033,24.794,25.958,582,43,0,0.01
1816,500,-46.70081341889505,27.09,28.276,593,41,0,0.01
1817,500,-86.94377379570652,30.042,31.146,552,41,0,0.01
1818,500,-34.19473481187748,24.874,25.986,556,41,0,0.01
1819,500,-46.344603277231,24.662,25.772,555,47,0,0.01
1820,500,-36.26492466100885,25.73,26.948,609,49,0,0.01
1821,500,-43.26640837187678,23.718,24.81,546,48,0,0.01
1822,500,-38.086493198295756,27.148,28.362,607,42,0,0.01
1823,500,-54.40124127313107,27.378,28.566,594,48,0,0.01
1824,500,-50.76543920996648,26.144,27.25,553,42,0,0.01
1825,500,-63.93194418805264,26.824,27.92,548,45,0,0.01
1826,500,-37.00674473495756,26.416,27.562,573,40,0,0.01
1827,500,-28.536428164241837,26.232,27.44,604,44,0,0.01
1828,500,-63.81833211382956,28.748,29.932,592,45,0,0.01
1829,500,-48.58158599331181,26.858,27.988,565,42,0,0.01
1830,500,-24.896953466042696,24.216,25.364,574,42,0,0.01
1831,500,-38.27528342634115,28.5,29.72,610,41,0,0.01
1832,500,-36.07997185294083,25.056,26.228,586,45,0,0.01
1833,500,-44.69801600187502,26.086,27.19,552,38,0,0.01
1834,500,-35.11359561199405,25.648,26.812,582,43,0,0.01
1835,500,-36.63568497783931,26.828,27.994,583,40,0,0.01
1836,500,-34.09857356282338,26.02,27.168,574,39,0,0.01
1837,500,-21.746981767706565,24.892,26.042,575,40,0,0.01
1838,500,-18.289968903234612,24.716,25.88,582,39,0,0.01
1839,96,-57.66165410528946,30.572916666666668,31.125,53,4,1,0.01
1840,500,-15.805485630424888,23.506,24.644,569,39,0,0.01
1841,500,-32.80919930009954,24.588,25.662,537,35,0,0.01
1842,288,-78.89579689605988,32.701388888888886,33.80555555555556,318,24,1,0.01
1843,500,-30.13474723829127,28.292,29.532,620,39,0,0.01
1844,500,-59.50617759993559,28.004,29.13,563,39,0,0.01
1845,500,-69.97847027284352,27.234,28.32,543,40,0,0.01
1846,500,-24.43311981592806,23.454,24.544,545,38,0,0.01
1847,500,-82.15843022718755,31.246,32.406,580,41,0,0.01
1848,500,-41.44299448509183,26.638,27.76,561,35,0,0.01
1849,500,-45.262876101814236,27.378,28.54,581,42,0,0.01
1850,500,-12.241591112936328,23.868,25.036,584,41,0,0.01
1851,500,-38.79370341342052,25.384,26.494,555,38,0,0.01
1852,500,-28.578027496302,24.53,25.748,609,49,0,0.01
1853,500,-60.94533761235038,29.816,31.004,594,41,0,0.01
1854,500,-64.2092374398666,30.516,31.688,586,38,0,0.01
1855,500,-34.244913014382966,25.854,26.986,566,41,0,0.01
1856,500,-60.64509606815466,30.518,31.754,618,41,0,0.01
1857,500,-51.06622443878652,26.834,28.008,587,45,0,0.01
1858,500,-71.420089837237,28.794,29.878,542,39,0,0.01
1859,500,-78.0806648684332,33.172,34.398,613,40,0,0.01
1860,500,-13.497392909907171,25.002,26.24,619,46,0,0.01
1861,500,-54.09805804429259,27.336,28.484,574,42,0,0.01
1862,500,-24.23760877895395,24.53,25.694,582,43,0,0.01
1863,500,-48.07510274951952,28.034,29.236,601,44,0,0.01
1864,500,-36.624439443068134,26.382,27.576,597,45,0,0.01
1865,500,-28.384143791436387,24.498,25.59,546,38,0,0.01
1866,500,-57.51929600391635,27.948,29.074,563,38,0,0.01
1867,500,-79.93467550407958,33.246,34.448,601,37,0,0.01
1868,500,-23.057830870604207,24.1,25.274,587,43,0,0.01
1869,500,-42.26546005047761,25.738,26.85,556,38,0,0.01
1870,500,-61.3202662118082,29.2,30.348,574,38,0,0.01
1871,500,-47.85406598403765,28.088,29.284,598,41,0,0.01
1872,500,-57.93899131059831,27.69,28.81,560,41,0,0.01
1873,500,-45.764944855137884,26.476,27.626,575,40,0,0.01
1874,177,-57.47369219446323,28.259887005649716,29.146892655367232,157,12,1,0.01
1875,500,-42.634544351785834,25.192,26.304,556,40,0,0.01
1876,500,-50.293967851886286,28.928,30.106,589,37,0,0.01
1877,500,-26.069200155678065,24.198,25.34,571,40,0,0.01
1878,500,-48.33779975263994,27.746,28.894,574,42,0,0.01
1879,500,-41.732935559646805,27.104,28.26,578,38,0,0.01
1880,500,-36.420430958546945,26.36,27.544,592,45,0,0.01
1881,500,-31.23222805965264,24.158,25.292,567,43,0,0.01
1882,286,-65.7797619119934,26.493006993006993,27.3986013986014,259,19,1,0.01
1883,500,-42.3751795087722,27.452,28.616,582,40,0,0.01
1884,500,-27.755410014519903,23.146,24.224,539,40,0,0.01
1885,500,-23.288271724010084,24.072,25.236,582,43,0,0.01
1886,500,-82.00625673613838,31.572,32.77,599,40,0,0.01
1887,500,-41.25688753604163,27.724,28.912,594,39,0,0.01
1888,500,-40.1302423833867,26.606,27.756,575,41,0,0.01
1889,500,-27.91262114005604,26.928,28.134,603,41,0,0.01
1890,500,-37.71050604206451,26.616,27.788,586,39,0,0.01
1891,500,-62.10218399951561,27.574,28.654,540,39,0,0.01
1892,500,-64.24028115290702,28.134,29.262,564,43,0,0.01
1893,500,-25.325321263874617,25.066,26.244,589,42,0,0.01
1894,500,-36.18561600293038,27.998,29.194,598,37,0,0.01
1895,500,-32.61462632586462,23.646,24.746,550,42,0,0.01
1896,500,-60.798444863888484,27.436,28.572,568,43,0,0.01
1897,500,-66.96608020936809,29.746,30.902,578,39,0,0.01
1898,500,-51.981205491521166,28.858,30.056,599,42,0,0.01
1899,500,-56.44292202808943,27.308,28.408,550,38,0,0.01
1900,500,-43.565134782842186,26.002,27.106,552,39,0,0.01
1901,500,-49.666415735663485,29.452,30.658,603,41,0,0.01
1902,500,-65.17818672443455,29.27,30.382,556,37,0,0.01
1903,500,-23.105170621449385,23.86,24.972,556,39,0,0.01
1904,500,-21.589385876333658,25.642,26.796,577,37,0,0.01
1905,500,-37.754801521666515,24.964,26.05,543,40,0,0.01
1906,500,-73.1696039513386,31.218,32.398,590,40,0,0.01
1907,500,-49.4130125850932,26.61,27.746,568,42,0,0.01
1908,500,-39.80644030783334,26.314,27.438,562,37,0,0.01
1909,500,-61.608829418364195,28.776,29.914,569,38,0,0.01
1910,500,-39.5033090186773,25.45,26.578,564,40,0,0.01
1911,500,-50.873770541602134,26.902,28.022,560,42,0,0.01
1912,500,-42.71970366402317,27.558,28.72,581,39,0,0.01
1913,500,-37.00696145958289,25.53,26.682,576,43,0,0.01
1914,500,-97.71976131333311,32.708,33.85,571,39,0,0.01
1915,500,-53.236629035192465,27.496,28.628,566,38,0,0.01
1916,500,-41.62162150872799,25.29,26.392,551,42,0,0.01
1917,500,-51.38682381416306,30.586,31.816,615,39,0,0.01
1918,500,-64.69009236855055,27.626,28.722,548,42,0,0.01
1919,500,-84.67286788028464,28.752,29.818,533,40,0,0.01
1920,500,-31.42843666115184,25.376,26.506,565,37,0,0.01
1921,500,-57.234704872682606,27.668,28.802,567,40,0,0.01
1922,279,-57.18374525375316,27.752688172043012,28.802867383512545,293,21,1,0.01
1923,500,-44.049875814917314,26.574,27.694,560,39,0,0.01
1924,500,-32.57800633259981,25.526,26.694,584,42,0,0.01
1925,500,-81.44204551731063,29.718,30.832,557,43,0,0.01
1926,500,-78.22526610612793,32.166,33.366,600,39,0,0.01
1927,241,-61.14855067566468,23.79253112033195,24.6597510373444,209,18,1,0.01
1928,500,-52.87863574237282,28.594,29.742,574,39,0,0.01
1929,500,-87.60196434181297,31.536,32.712,588,42,0,0.01
1930,422,-97.20533017277306,33.40995260663507,34.54265402843602,478,31,1,0.01
1931,500,-53.33150913669287,32.068,33.366,649,39,0,0.01
1932,500,-52.56566756242447,28.396,29.59,597,44,0,0.01
1933,500,-57.116453934592215,28.152,29.312,580,42,0,0.01
1934,500,-88.52295773390888,29.82,30.854,517,36,0,0.01
1935,500,-53.05634586697192,28.388,29.554,583,38,0,0.01
1936,500,-66.30379383763646,29.284,30.384,550,38,0,0.01
1937,500,-59.56534760481655,29.818,30.97,576,35,0,0.01
1938,500,-39.66251937361228,25.924,27.044,560,41,0,0.01
1939,500,-79.91122846436451,31.826,32.962,568,36,0,0.01
1940,500,-62.066502068989905,27.452,28.544,546,39,0,0.01
1941,264,-94.7530678811926,38.85606060606061,40.0,302,21,1,0.01
1942,315,-66.6054852169791,28.993650793650794,30.082539682539682,343,27,1,0.01
1943,500,-68.19382752511856,27.202,28.288,543,39,0,0.01
1944,500,-30.95694804202024,24.43,25.552,561,41,0,0.01
1945,500,-65.68535792047403,29.258,30.404,573,38,0,0.01
1946,500,-25.387476597925218,25.418,26.532,557,36,0,0.01
1947,500,-4.742065273635919,22.874,24.024,575,40,0,0.01
1948,500,-28.221383905387366,23.962,25.048,543,38,0,0.01
1949,500,-25.574817793733697,24.362,25.506,572,41,0,0.01
1950,500,-43.3270767387909,29.676,30.924,624,40,0,0.01
1951,500,-38.89966752101805,26.948,28.102,577,37,0,0.01
1952,500,-36.22403640840256,26.282,27.418,568,38,0,0.01
1953,500,-61.897341331619984,28.062,29.2,569,38,0,0.01
1954,500,-32.235581383461515,25.202,26.35,574,42,0,0.01
1955,500,-36.15725246914462,24.524,25.672,574,49,0,0.01
1956,500,-30.554538775564527,23.966,25.084,559,43,0,0.01
1957,500,-52.64233332976554,25.074,26.136,531,39,0,0.01
1958,500,-63.632660577534104,26.744,27.778,517,37,0,0.01
1959,500,-50.29345558962413,26.638,27.728,545,38,0,0.01
1960,500,-73.63770782429884,31.998,33.154,578,36,0,0.01
1961,500,-19.223514533862478,22.81,23.92,555,41,0,0.01
1962,500,-69.86301610539104,29.786,30.95,582,41,0,0.01
1963,500,-41.345118795761856,23.414,24.49,538,43,0,0.01
1964,500,-63.691459977889245,28.51,29.626,558,38,0,0.01
1965,500,-21.80013568710365,23.288,24.4,556,41,0,0.01
1966,500,-53.34629019779556,25.328,26.4,536,39,0,0.01
1967,500,-107.80066391765314,31.644,32.76,558,42,0,0.01
1968,500,-53.39336193071528,25.644,26.678,517,37,0,0.01
1969,500,-29.73013878900883,24.98,26.112,566,40,0,0.01
1970,500,-56.66730250510241,27.188,28.334,573,41,0,0.01
1971,500,-41.0742916933517,26.154,27.284,565,40,0,0.01
1972,500,-54.33547356324167,28.824,29.974,575,39,0,0.01
1973,500,-36.14858698038601,27.104,28.29,593,41,0,0.01
1974,500,-71.08394963789061,30.204,31.37,583,43,0,0.01
1975,500,-33.35108358794563,26.486,27.664,589,41,0,0.01
1976,500,-75.54014818992637,32.082,33.262,590,39,0,0.01
1977,500,-23.63005040192339,22.376,23.488,556,46,0,0.01
1978,500,-60.474292054747025,28.284,29.412,564,40,0,0.01
1979,500,-36.71465316098971,25.854,27.01,578,41,0,0.01
1980,500,-43.65475091295266,26.206,27.348,571,43,0,0.01
1981,500,-42.06516588201343,25.65,26.76,555,39,0,0.01
1982,500,-35.28411370004258,25.876,27.01,567,39,0,0.01
1983,500,-61.779673820030276,32.298,33.51,606,37,0,0.01
1984,500,-49.758316374149594,29.498,30.674,588,37,0,0.01
1985,500,-57.097027007230906,29.9,31.082,591,38,0,0.01
1986,500,-71.85027856459645,29.964,31.062,549,35,0,0.01
1987,500,-41.802416939210744,26.68,27.84,580,42,0,0.01
1988,500,-49.51067545244877,26.05,27.168,559,42,0,0.01
1989,500,-32.84262749822985,25.066,26.178,556,40,0,0.01
1990,500,-60.359477156128044,29.216,30.396,590,43,0,0.01
1991,500,-63.524728016517955,28.622,29.762,570,43,0,0.01
1992,443,-99.25231658014387,35.64785553047404,36.84198645598194,529,31,1,0.01
1993,500,-30.40023465604015,25.376,26.542,583,43,0,0.01
1994,500,-92.65503489916537,31.6,32.692,546,39,0,0.01
1995,500,-55.25138242005538,28.796,29.912,558,35,0,0.01
1996,500,-40.47112467958321,26.128,27.28,576,41,0,0.01
1997,500,-38.756962926121744,24.026,25.11,542,43,0,0.01
1998,500,-67.00420882332592,32.02,33.26,620,41,0,0.01
1999,500,-75.71200001159251,24.762,25.756,497,41,0,0.01
2000,500,-39.37787694907837,25.338,26.484,573,45,0,0.01
2001,372,-64.2588073060465,29.061827956989248,30.196236559139784,422,29,1,0.01
2002,500,-71.02349473933286,26.99,28.082,546,43,0,0.01
2003,500,-48.32259565747484,24.6,25.616,508,35,0,0.01
2004,500,-66.71011362745416,28.688,29.806,559,39,0,0.01
2005,500,-24.850849925460018,23.136,24.23,547,41,0,0.01
2006,500,-78.65667442908031,27.246,28.282,518,39,0,0.01
2007,500,-38.80079157060649,26.474,27.604,565,38,0,0.01
2008,500,-39.743126440295626,21.7,22.704,502,41,0,0.01
2009,500,-59.58808682134666,28.846,30.016,585,42,0,0.01
2010,500,-17.23999652031229,23.852,24.976,562,39,0,0.01
2011,500,-59.06841597283968,27.178,28.292,557,43,0,0.01
2012,265,-80.23583671372627,32.81509433962264,33.81509433962264,265,18,1,0.01
2013,500,-77.55856524392775,31.938,33.162,612,43,0,0.01
2014,500,-81.45399952164925,31.444,32.632,594,41,0,0.01
2015,500,-63.83915678012763,29.142,30.278,568,40,0,0.01
2016,500,-29.315535666382587,26.054,27.248,597,42,0,0.01
2017,500,-24.50521266386702,25.086,26.254,584,42,0,0.01
2018,500,-34.958356685999284,25.526,26.67,572,42,0,0.01
2019,500,-49.68161282843697,29.078,30.258,590,38,0,0.01
2020,500,-17.833254832668217,24.106,25.28,587,44,0,0.01
2021,500,-46.711299837180825,24.87,25.982,556,40,0,0.01
2022,500,-36.26766949196433,28.628,29.85,611,38,0,0.01
2023,414,-62.295097729425635,24.036231884057973,25.045893719806763,418,36,1,0.01
2024,500,-20.91366243577776,24.446,25.604,579,40,0,0.01
2025,500,-62.08498067495204,27.632,28.768,568,45,0,0.01
2026,500,-33.705970411179685,24.708,25.82,556,40,0,0.01
2027,500,-61.43499839476484,28.836,29.934,549,36,0,0.01
2028,500,-43.00001692363756,25.292,26.376,542,41,0,0.01
2029,500,-38.63139684756003,24.24,25.33,545,43,0,0.01
2030,500,-106.04408590980827,35.396,36.626,615,40,0,0.01
2031,500,-55.98096824957575,29.652,30.836,592,38,0,0.01
2032,500,-58.597679467802024,25.322,26.344,511,40,0,0.01
2033,500,-50.37569502730313,26.2,27.332,566,43,0,0.01
2034,500,-80.4738797691988,29.156,30.274,559,41,0,0.01
2035,500,-68.36877801106941,29.742,30.888,573,39,0,0.01
2036,176,-89.4126973574041,35.89772727272727,36.78977272727273,157,13,1,0.01
2037,500,-42.02357745499538,26.322,27.462,570,40,0,0.01
2038,500,-48.82041080262212,28.37,29.558,594,42,0,0.01
2039,500,-69.57253899498522,30.448,31.618,585,40,0,0.01
2040,500,-64.32676003745165,27.508,28.618,555,44,0,0.01
2041,500,-98.06421301158157,33.448,34.584,568,38,0,0.01
2042,500,-44.21513432408081,28.488,29.73,621,44,0,0.01
2043,500,-42.859408278585185,25.758,26.838,540,38,0,0.01
2044,500,-65.72748238334295,27.394,28.502,554,43,0,0.01
2045,500,-34.958532375984355,24.392,25.558,583,47,0,0.01
2046,500,-60.999817460063795,29.932,31.078,573,35,0,0.01
2047,500,-47.08951956210541,25.938,27.044,553,42,0,0.01
2048,500,-41.04027616607048,26.466,27.632,583,43,0,0.01
2049,500,-43.26061211075864,27.7,28.902,601,43,0,0.01
2050,500,-53.63820672816036,25.944,27.022,539,38,0,0.01
2051,500,-50.73825408060572,28.224,29.376,576,39,0,0.01
2052,500,-33.48744188109022,27.254,28.448,597,40,0,0.01
2053,500,-64.9399466343888,29.366,30.536,585,42,0,0.01
2054,500,-40.9615554835254,26.752,27.916,582,42,0,0.01
2055,500,-59.244015986284026,28.18,29.314,567,42,0,0.01
2056,500,-30.25735501754091,22.532,23.632,550,46,0,0.01
2057,500,-40.688849155896435,25.314,26.424,555,39,0,0.01
2058,500,-62.23466383804247,27.448,28.584,568,41,0,0.01
2059,500,-53.76951387188921,26.088,27.138,525,37,0,0.01
2060,480,-82.95600933289903,28.883333333333333,29.958333333333332,516,35,1,0.01
2061,500,-48.897908143451254,27.016,28.154,569,41,0,0.01
2062,500,-58.854460362152246,24.722,25.732,505,40,0,0.01
2063,500,-41.43098593118444,28.124,29.322,599,42,0,0.01
2064,500,-55.95503088190191,28.23,29.458,614,50,0,0.01
2065,500,-38.738738823156346,26.702,27.876,587,44,0,0.01
2066,500,-76.44525521987875,29.958,31.11,576,38,0,0.01
2067,436,-101.77082954154582,31.961009174311926,33.09403669724771,494,39,1,0.01
2068,500,-36.18300453455555,25.926,27.056,565,39,0,0.01
2069,500,-70.67049039758645,29.412,30.554,571,43,0,0.01
2070,500,-24.147013551464095,26.12,27.298,589,36,0,0.01
2071,500,-26.400258429629005,21.958,22.996,519,40,0,0.01
2072,500,-21.75687059818121,23.452,24.58,564,41,0,0.01
2073,500,-12.09681483163861,24.92,26.134,607,43,0,0.01
2074,500,-44.80384610050984,27.928,29.088,580,38,0,0.01
2075,500,-37.13064441027491,25.72,26.86,570,43,0,0.01
2076,500,-26.95497258621021,24.264,25.422,579,45,0,0.01
2077,500,-43.71626762455181,27.114,28.248,567,38,0,0.01
2078,500,-45.29038754479203,28.672,29.852,590,38,0,0.01
2079,500,-40.865149990134555,25.02,26.124,552,43,0,0.01
2080,500,-16.560744065962325,22.734,23.832,549,40,0,0.01
2081,265,-85.43283911034199,31.69811320754717,32.637735849056604,249,19,1,0.01
2082,500,-56.89813448035431,27.292,28.384,546,40,0,0.01
2083,500,-76.08510442525467,27.376,28.462,543,41,0,0.01
2084,500,-56.77121169749591,25.652,26.74,544,42,0,0.01
2085,500,-35.94472276348756,26.862,28.024,581,40,0,0.01
2086,500,-55.700936522815546,27.83,28.97,570,40,0,0.01
2087,500,-40.568004010482476,27.424,28.59,583,38,0,0.01
2088,500,-72.74014746713532,27.95,29.07,560,41,0,0.01
2089,500,-78.62657578117046,31.162,32.336,587,42,0,0.01
2090,500,-41.541183129638306,24.812,25.918,553,43,0,0.01
2091,500,-56.61859449853624,27.66,28.792,566,39,0,0.01
2092,500,-17.492118679857132,20.616,21.708,546,46,0,0.01
2093,444,-92.62118805947748,30.686936936936938,31.80855855855856,498,38,1,0.01
2094,500,-58.545841864443645,27.5,28.6,550,38,0,0.01
2095,500,-49.564382668748266,26.952,28.12,584,44,0,0.01
2096,375,-111.55002236923534,32.94133333333333,33.99733333333333,396,30,1,0.01
2097,500,-43.09136100895263,26.39,27.468,539,34,0,0.01
2098,500,-20.46815286534238,24.05,25.198,574,40,0,0.01
2099,500,-87.5995792103412,29.748,30.808,530,38,0,0.01
2100,500,-46.72683675850015,24.29,25.366,538,42,0,0.01
2101,500,-56.02050941016338,28.408,29.612,602,43,0,0.01
2102,500,-43.00108573907076,26.57,27.698,564,38,0,0.01
2103,500,-34.95862470392477,24.93,26.07,570,45,0,0.01
2104,500,-26.347063475591764,23.33,24.414,542,39,0,0.01
2105,500,-45.98231534159451,30.352,31.594,621,38,0,0.01
2106,500,-89.77959436063624,29.436,30.474,519,38,0,0.01
2107,500,-74.83737688524054,29.122,30.232,555,41,0,0.01
2108,500,-18.53351790196127,24.566,25.726,580,40,0,0.01
2109,500,-41.264243711153085,28.25,29.438,594,38,0,0.01
2110,500,-50.74754467688687,28.636,29.784,574,38,0,0.01
2111,500,-39.9210801628495,25.372,26.492,560,42,0,0.01
2112,500,-14.933941453946995,24.798,26.004,603,43,0,0.01
2113,500,-66.95435318831468,27.264,28.314,525,35,0,0.01
2114,500,-28.042911408034026,25.068,26.198,565,40,0,0.01
2115,500,-29.77338336061117,24.684,25.812,564,42,0,0.01
2116,500,-52.378666841543904,28.238,29.394,578,40,0,0.01
2117,500,-53.45003134897755,27.422,28.582,580,43,0,0.01
2118,500,-30.512682330620986,25.25,26.394,572,39,0,0.01
2119,500,-46.83856244858495,26.328,27.422,547,40,0,0.01
2120,219,-64.07554028230666,27.246575342465754,28.164383561643834,201,18,1,0.01
2121,500,-86.51515849726916,29.888,30.97,541,40,0,0.01
2122,500,-26.340549132628258,24.846,26.002,578,42,0,0.01
2123,500,-12.40649188612045,23.338,24.52,591,45,0,0.01
2124,500,-96.0674779101007,29.288,30.404,558,48,0,0.01
2125,500,-45.15912469197208,25.21,26.294,542,40,0,0.01
2126,500,-39.56254447816948,22.966,24.038,536,44,0,0.01
2127,500,-29.812171760722556,25.518,26.668,575,38,0,0.01
2128,500,-35.39664409028597,25.102,26.252,575,44,0,0.01
2129,500,-60.988471948578564,26.388,27.452,532,42,0,0.01
2130,500,-42.40890650080809,27.572,28.732,580,40,0,0.01
2131,500,-67.88886440139309,27.072,28.126,527,37,0,0.01
2132,500,-48.74901551920836,29.0,30.196,598,41,0,0.01
2133,500,-34.55485483052148,27.29,28.47,590,37,0,0.01
2134,500,-97.24491937039224,30.746,31.852,553,41,0,0.01
2135,500,-42.32816232542141,23.844,24.936,546,47,0,0.01
2136,500,-61.300973293409726,30.638,31.812,587,37,0,0.01
2137,500,-38.98569308537436,26.834,28.032,599,45,0,0.01
2138,500,-95.53989043066072,32.784,33.942,579,40,0,0.01
2139,500,-45.217913833667154,26.91,28.082,586,42,0,0.01
2140,500,-61.582025798571586,29.826,31.018,596,42,0,0.01
2141,500,-91.38615312296747,33.216,34.388,586,39,0,0.01
2142,500,-62.14620885130567,29.004,30.148,572,39,0,0.01
2143,500,-84.59467997732195,31.42,32.58,580,41,0,0.01
2144,500,-96.93609830936924,29.814,30.936,561,45,0,0.01
2145,500,-59.24451098749485,26.788,27.906,559,44,0,0.01
2146,500,-35.82418031462999,23.968,25.074,553,42,0,0.01
2147,500,-47.968039050508665,25.082,26.17,544,40,0,0.01
2148,153,-48.41674514599755,24.88888888888889,25.758169934640524,133,12,1,0.01
2149,500,-57.131826070968636,27.708,28.834,563,41,0,0.01
2150,500,-54.56706594774338,29.466,30.668,601,40,0,0.01
2151,500,-32.27234564434915,23.11,24.172,531,40,0,0.01
2152,500,-36.12385504699464,24.236,25.332,548,42,0,0.01
2153,500,-30.187316438423746,25.04,26.146,553,40,0,0.01
2154,500,-58.20362012500198,29.782,30.986,602,40,0,0.01
2155,500,-23.15527701333454,24.426,25.576,575,40,0,0.01
2156,500,-78.10512503777639,29.462,30.56,549,40,0,0.01
2157,500,-45.27753715873681,28.132,29.308,588,41,0,0.01
2158,500,-55.75276061124535,29.152,30.328,588,40,0,0.01
2159,500,-22.176411378580433,23.372,24.502,565,43,0,0.01
2160,500,-71.97974490785978,28.616,29.732,558,40,0,0.01
2161,500,-43.55791261669348,25.174,26.278,552,42,0,0.01
2162,500,-64.20755051930199,29.926,31.098,586,40,0,0.01
2163,500,-42.7979947999687,24.382,25.472,545,44,0,0.01
2164,500,-35.826410273436856,26.998,28.198,600,42,0,0.01
2165,500,-25.47916180455048,24.142,25.32,589,45,0,0.01
2166,500,-49.165976253594856,25.966,27.118,576,47,0,0.01
2167,500,-47.89397774915104,26.868,28.04,586,44,0,0.01
2168,500,-14.795865464257929,23.282,24.47,594,44,0,0.01
2169,500,-34.70346917817878,25.78,26.94,580,42,0,0.01
2170,500,-26.992431155354332,28.016,29.274,629,41,0,0.01
2171,188,-65.18139415453018,27.643617021276597,28.47340425531915,156,13,1,0.01
2172,500,-37.39303300721159,24.74,25.864,562,40,0,0.01
2173,500,-55.620415428063524,27.92,29.066,573,42,0,0.01
2174,354,-56.90046718228951,27.23446327683616,28.327683615819208,387,27,1,0.01
2175,500,-14.302798771969876,25.068,26.276,604,43,0,0.01
2176,500,-62.93342528903403,27.306,28.418,556,41,0,0.01
2177,500,-32.66037213046791,22.282,23.328,523,42,0,0.01
2178,500,-53.453642432051964,27.824,28.99,583,43,0,0.01
2179,500,-36.50284543982882,25.948,27.118,585,40,0,0.01
2180,500,-60.56268484314155,27.42,28.534,557,42,0,0.01
2181,500,-29.29191358306462,24.656,25.816,580,45,0,0.01
2182,500,-84.15468513515054,31.154,32.304,575,39,0,0.01
2183,500,-53.99325508006881,27.548,28.69,571,43,0,0.01
2184,500,-46.63957433749924,26.756,27.89,567,40,0,0.01
2185,500,-54.33455666420497,29.886,31.114,614,41,0,0.01
2186,500,-57.39763019005673,26.996,28.168,586,47,0,0.01
2187,500,-67.98179217429013,29.156,30.238,541,36,0,0.01
2188,500,-36.235735909744314,25.056,26.18,562,41,0,0.01
2189,500,-48.381371284241354,29.768,31.002,617,39,0,0.01
2190,500,-35.90224121102155,25.17,26.316,573,43,0,0.01
2191,500,-81.39902792899349,29.226,30.328,551,39,0,0.01
2192,500,-39.38953476939791,24.984,26.076,546,40,0,0.01
2193,500,-51.971794401205756,25.248,26.336,544,43,0,0.01
2194,500,-51.00220584780432,28.122,29.292,585,41,0,0.01
2195,500,-57.79420477064048,28.708,29.864,578,40,0,0.01
2196,500,-29.71032073980153,26.532,27.762,615,45,0,0.01
2197,500,-53.07610236421895,26.424,27.536,556,41,0,0.01
2198,500,-71.21276970992899,26.908,27.984,538,42,0,0.01
2199,500,-40.236876535797826,26.756,27.902,573,38,0,0.01
2200,500,-55.296644128490215,27.81,28.92,555,37,0,0.01
2201,500,-44.36296839155052,25.332,26.446,557,41,0,0.01
2202,500,-57.23627830160454,28.66,29.798,569,38,0,0.01
2203,500,-56.68553361045912,28.064,29.262,599,46,0,0.01
2204,500,-69.9100468036708,29.878,31.008,565,38,0,0.01
2205,500,-77.95486545057689,29.542,30.686,572,41,0,0.01
2206,500,-46.37895927944026,23.144,24.206,531,44,0,0.01
2207,500,-52.07286188567043,26.066,27.118,526,36,0,0.01
2208,500,-23.19694815601507,23.13,24.276,573,45,0,0.01
2209,500,-68.66962804811831,27.238,28.32,541,42,0,0.01
2210,500,-15.795730808912952,24.636,25.8,582,41,0,0.01
2211,500,-45.88786478669367,28.63,29.8,585,38,0,0.01
2212,500,-74.94321024014387,27.446,28.48,517,38,0,0.01
2213,500,-69.30333351505654,26.272,27.278,503,37,0,0.01
2214,500,-61.05327017336642,27.906,29.004,549,39,0,0.01
2215,500,-71.88336693418043,30.624,31.782,579,38,0,0.01
2216,500,-38.192707416385055,25.538,26.638,550,39,0,0.01
2217,500,-62.64572443194605,29.912,31.09,589,40,0,0.01
2218,500,-93.87574209476156,31.822,32.922,550,36,0,0.01
2219,500,-68.00477563515702,31.038,32.246,604,43,0,0.01
2220,500,-68.94057174191181,32.342,33.554,606,37,0,0.01
2221,500,-41.726864278211636,28.01,29.198,594,39,0,0.01
2222,500,-54.547085723479775,28.668,29.824,578,40,0,0.01
2223,500,-72.21702641784626,30.366,31.504,569,40,0,0.01
2224,500,-34.74694073306647,24.696,25.836,570,42,0,0.01
2225,500,-33.68592537868729,27.088,28.294,603,42,0,0.01
2226,460,-67.87693156075683,26.554347826086957,27.630434782608695,495,38,1,0.01
2227,500,-45.52131314074874,27.21,28.358,574,38,0,0.01
2228,500,-59.78481094137672,28.788,29.934,573,38,0,0.01
2229,500,-103.76583668782206,31.152,32.196,522,38,0,0.01
2230,500,-93.02812905416769,34.164,35.346,591,38,0,0.01
2231,500,-40.97820225491797,27.722,28.866,572,36,0,0.01
2232,500,-29.9291967472105,26.388,27.638,625,44,0,0.01
2233,500,-59.459899015749954,26.954,28.054,550,41,0,0.01
2234,500,-81.4271170888448,28.472,29.618,573,47,0,0.01
2235,500,-58.0696393145557,28.29,29.434,572,39,0,0.01
2236,500,-51.69110989068337,28.554,29.734,590,40,0,0.01
2237,500,-76.73530588342554,34.612,35.892,640,40,0,0.01
2238,500,-58.556737312009005,27.998,29.13,566,40,0,0.01
2239,500,-76.8493238871876,27.256,28.318,531,39,0,0.01
2240,500,-74.91303913523143,32.044,33.188,572,35,0,0.01
2241,500,-31.51864712280478,28.326,29.57,622,41,0,0.01
2242,500,-23.50863844467835,25.504,26.686,591,39,0,0.01
2243,500,-64.67223951649312,29.286,30.446,580,41,0,0.01
2244,500,-25.23872888768729,26.11,27.302,596,39,0,0.01
2245,500,-54.08637205787948,25.086,26.12,517,38,0,0.01
2246,485,-76.81690930853964,33.32371134020619,34.55257731958763,596,34,1,0.01
2247,447,-77.26876143460414,30.975391498881432,32.13646532438479,519,34,1,0.01
2248,347,-89.0540595759778,29.12680115273775,30.14121037463977,352,30,1,0.01
2249,500,-55.84503250063965,28.142,29.282,570,39,0,0.01
2250,500,-39.898299911679246,26.088,27.21,561,38,0,0.01
2251,500,-46.66514110064726,28.098,29.26,581,37,0,0.01
2252,500,-60.349199813693936,28.078,29.158,540,36,0,0.01
2253,500,-38.35402788247502,24.796,25.89,547,41,0,0.01
2254,500,-44.38637375024325,27.592,28.746,577,38,0,0.01
2255,500,-36.97427186061794,27.546,28.738,596,41,0,0.01
2256,500,-35.91129456535734,26.376,27.504,564,36,0,0.01
2257,500,-53.46183343691978,26.84,27.936,548,38,0,0.01
2258,500,-65.86110220154119,30.024,31.184,580,38,0,0.01
2259,500,-49.602710099897564,25.802,26.886,542,39,0,0.01
2260,500,-43.48502597363815,25.308,26.384,538,39,0,0.01
2261,500,-35.166326340800644,25.874,26.986,556,38,0,0.01
2262,500,-67.45728429110646,28.472,29.602,565,41,0,0.01
2263,500,-69.3550312432973,30.384,31.598,607,44,0,0.01
2264,500,-19.73148913729622,22.162,23.22,529,37,0,0.01
2265,500,-39.57011347525521,27.26,28.404,572,37,0,0.01
2266,500,-89.49840523662517,32.98,34.174,597,40,0,0.01
2267,500,-63.95888881919936,29.12,30.256,568,37,0,0.01
2268,500,-78.65292608077465,30.664,31.826,581,40,0,0.01
2269,500,-75.36500149667017,30.504,31.634,565,41,0,0.01
2270,500,-56.68915820846208,25.038,26.092,527,39,0,0.01
2271,226,-88.04943358065701,36.402654867256636,37.376106194690266,220,16,1,0.01
2272,500,-45.627998586460095,27.626,28.772,573,38,0,0.01
2273,500,-45.20310086034836,23.832,24.86,514,42,0,0.01
2274,500,-85.16606467888448,31.278,32.41,566,39,0,0.01
2275,500,-67.9958973244238,29.85,31.024,587,41,0,0.01
2276,202,-66.12072627747023,37.613861386138616,38.79207920792079,238,12,1,0.01
2277,500,-59.9725740350113,28.062,29.176,557,39,0,0.01
2278,500,-39.51231107971304,26.294,27.45,578,42,0,0.01
2279,500,-53.692322973739444,29.572,30.802,615,42,0,0.01
2280,500,-71.50400593682023,28.912,30.028,558,39,0,0.01
2281,500,-50.14449115476105,28.184,29.362,589,42,0,0.01
2282,500,-39.47945669580535,28.414,29.628,607,41,0,0.01
2283,199,-58.04254488704483,26.964824120603016,27.85427135678392,177,15,1,0.01
2284,500,-72.35981372840507,32.672,33.902,615,39,0,0.01
2285,500,-46.16633334319214,29.494,30.714,610,41,0,0.01
2286,500,-97.1087361208507,29.932,31.002,535,41,0,0.01
2287,500,-65.0586508926678,28.29,29.412,561,43,0,0.01
2288,500,-53.38977901373467,27.886,29.062,588,41,0,0.01
2289,500,-79.69184148745741,27.592,28.66,534,39,0,0.01
2290,500,-74.36492968604979,30.086,31.236,575,42,0,0.01
2291,500,-61.147854737230055,29.334,30.5,583,40,0,0.01
2292,500,-71.6430507652287,28.624,29.684,530,35,0,0.01
2293,366,-65.3267562913288,27.969945355191257,29.08743169398907,409,31,1,0.01
2294,500,-49.35787295122601,28.07,29.242,586,37,0,0.01
2295,500,-41.19749054787529,26.722,27.888,583,42,0,0.01
2296,500,-62.54737425872526,28.268,29.376,554,37,0,0.01
2297,500,-37.7123577475719,27.086,28.248,581,38,0,0.01
2298,500,-72.19110956749263,29.108,30.262,577,46,0,0.01
2299,500,-41.11266780791492,27.748,28.946,599,41,0,0.01
2300,500,-41.53478227831745,25.99,27.132,571,38,0,0.01
2301,500,-39.50653859218351,26.842,27.988,573,38,0,0.01
2302,500,-50.75520029228603,27.676,28.844,584,43,0,0.01
2303,500,-52.85445710588354,28.248,29.386,569,39,0,0.01
2304,197,-83.03547334452826,36.69035532994924,37.63959390862944,187,13,1,0.01
2305,500,-49.664749332419085,29.034,30.208,587,36,0,0.01
2306,500,-64.01334814959284,29.072,30.194,561,37,0,0.01
2307,500,-25.811206178272027,23.78,24.884,552,39,0,0.01
2308,407,-77.21943857917532,31.063882063882065,32.24324324324324,480,34,1,0.01
2309,500,-57.11023838553437,29.278,30.484,603,44,0,0.01
2310,500,-76.29400888652657,29.224,30.362,569,42,0,0.01
2311,500,-61.08915856985733,27.1,28.186,543,40,0,0.01
2312,500,-41.77992522328618,26.948,28.086,569,37,0,0.01
2313,500,-51.2584814822835,28.856,30.032,588,39,0,0.01
2314,500,-79.52977526328287,33.956,35.178,611,35,0,0.01
2315,500,-71.24279964695954,30.736,31.924,594,43,0,0.01
2316,500,-48.83427106203688,27.338,28.448,555,36,0,0.01
2317,500,-38.62632518082431,23.54,24.57,515,38,0,0.01
2318,130,-49.34881667803526,34.215384615384615,35.292307692307695,140,9,1,0.01
2319,500,-60.24248359200238,27.44,28.552,556,42,0,0.01
2320,500,-66.53400835413925,28.988,30.12,566,42,0,0.01
2321,500,-65.82126289343007,30.578,31.782,602,39,0,0.01
2322,500,-89.33916345932792,33.388,34.57,591,37,0,0.01
2323,500,-58.20871556532639,27.08,28.208,564,42,0,0.01
2324,500,-44.66767310962824,27.164,28.29,563,39,0,0.01
2325,500,-64.02037475481856,29.798,30.96,581,39,0,0.01
2326,500,-39.28582113792719,26.598,27.72,561,37,0,0.01
2327,500,-51.662516117343586,29.53,30.738,604,39,0,0.01
2328,500,-48.611856428556045,26.422,27.522,550,40,0,0.01
2329,80,-42.95622704132031,25.675,26.4125,59,6,1,0.01
2330,278,-104.63171111989841,34.79136690647482,35.80935251798561,283,20,1,0.01
2331,500,-51.225702811646954,26.76,27.898,569,43,0,0.01
2332,500,-44.64890596842058,27.4,28.522,561,38,0,0.01
2333,500,-88.8988486595489,34.428,35.616,594,37,0,0.01
2334,120,-67.66593197690872,34.96666666666667,35.75,94,8,1,0.01
2335,500,-77.96674960779966,29.44,30.496,528,34,0,0.01
2336,500,-37.07363190719813,27.642,28.81,584,38,0,0.01
2337,500,-87.2514612330673,32.89,34.066,588,40,0,0.01
2338,158,-73.03101017064586,37.651898734177216,38.68354430379747,163,13,1,0.01
2339,500,-43.043165911030826,28.064,29.258,597,37,0,0.01
2340,500,-32.42855015279449,24.97,26.098,564,38,0,0.01
2341,500,-74.56748784556953,29.876,30.976,550,36,0,0.01
2342,500,-29.071659707656718,23.95,25.026,538,38,0,0.01
2343,500,-34.572646130618466,25.29,26.414,562,37,0,0.01
2344,500,-35.71955939640054,27.766,28.948,591,38,0,0.01
2345,500,-40.805718969719365,27.418,28.61,596,42,0,0.01
2346,225,-71.55394201502128,31.173333333333332,32.16,222,17,1,0.01
2347,500,-54.27086128709913,26.27,27.386,558,42,0,0.01
2348,500,-44.44591826230107,24.792,25.854,531,39,0,0.01
2349,500,-79.30730233411026,29.15,30.254,552,39,0,0.01
2350,500,-40.300152624964,27.58,28.742,581,36,0,0.01
2351,500,-64.47071174765291,28.088,29.188,550,38,0,0.01
2352,500,-63.59770763389575,28.026,29.166,570,39,0,0.01
2353,500,-45.79078924848925,28.368,29.498,565,34,0,0.01
2354,500,-50.05030861778563,25.938,27.004,533,36,0,0.01
2355,500,-85.8854661402934,30.422,31.55,564,42,0,0.01
2356,500,-68.26290362152571,31.21,32.428,609,39,0,0.01
2357,500,-51.99984888242597,29.014,30.198,592,37,0,0.01
2358,500,-56.66383504326864,27.638,28.73,546,36,0,0.01
2359,500,-99.60586005748237,36.128,37.36,616,40,0,0.01
2360,500,-55.533565292610675,29.618,30.78,581,36,0,0.01
2361,500,-117.2905785566823,34.66,35.752,546,36,0,0.01
2362,500,-68.77520038748767,29.75,30.882,566,37,0,0.01
2363,500,-71.77038322374875,31.91,33.114,602,40,0,0.01
2364,500,-49.09883067570675,26.506,27.584,539,37,0,0.01
2365,500,-49.76348427147649,26.17,27.27,550,38,0,0.01
2366,500,-34.39185770252731,27.476,28.672,598,40,0,0.01
2367,500,-60.565863123347434,28.57,29.688,559,34,0,0.01
2368,500,-34.86702285934416,24.534,25.658,562,43,0,0.01
2369,500,-65.26805035515032,28.818,29.94,561,37,0,0.01
2370,500,-84.6549425712249,31.054,32.176,561,38,0,0.01
2371,500,-90.65610371459863,32.878,34.014,568,35,0,0.01
2372,500,-64.9561195682731,30.788,31.976,594,36,0,0.01
2373,500,-72.77544463182434,32.612,33.848,618,38,0,0.01
2374,500,-111.1263689920141,32.796,33.868,536,34,0,0.01
2375,495,-96.9055284338372,32.10505050505051,33.224242424242426,554,35,1,0.01
2376,500,-88.03490115639619,31.99,33.1,555,36,0,0.01
2377,500,-83.66255650560177,30.954,32.06,553,36,0,0.01
2378,500,-70.36057610115923,31.788,32.948,580,35,0,0.01
2379,500,-72.28388281410659,31.442,32.596,577,35,0,0.01
2380,500,-92.0670719805617,34.808,36.01,601,36,0,0.01
2381,500,-81.92265994778076,31.164,32.308,572,41,0,0.01
2382,500,-52.987307548936386,28.154,29.3,573,38,0,0.01
2383,500,-77.77128025184774,29.7,30.844,572,40,0,0.01
2384,469,-137.8997655585857,35.77185501066098,36.85501066098081,508,36,1,0.01
2385,169,-55.57714806666839,26.71005917159763,27.579881656804734,147,13,1,0.01
2386,500,-79.51958063651117,32.17,33.33,580,37,0,0.01
2387,500,-53.67006849976012,29.094,30.292,599,37,0,0.01
2388,500,-65.38905702923859,30.138,31.31,586,38,0,0.01
2389,466,-114.41039656768541,32.716738197424895,33.776824034334766,494,35,1,0.01
2390,500,-72.37280137969195,29.368,30.482,557,38,0,0.01
2391,500,-84.42587958581788,31.996,33.16,582,38,0,0.01
2392,500,-76.53726870362551,30.634,31.738,552,35,0,0.01
2393,500,-64.54798910758808,31.146,32.318,586,36,0,0.01
2394,500,-103.33111933196948,31.746,32.798,526,36,0,0.01
2395,500,-69.65061340630535,28.19,29.266,538,38,0,0.01
2396,500,-81.01604168724828,31.66,32.806,573,37,0,0.01
2397,231,-95.46311980424628,35.61471861471861,36.58874458874459,225,18,1,0.01
2398,500,-42.60191956104987,24.022,25.038,508,37,0,0.01
2399,360,-113.29254000770958,38.391666666666666,39.519444444444446,406,26,1,0.01
2400,500,-99.11212722303125,34.77,35.956,593,38,0,0.01
2401,500,-27.4863839706991,25.002,26.164,581,39,0,0.01
2402,500,-11.89002683753095,26.528,27.776,624,39,0,0.01
2403,500,-97.86601804922985,33.158,34.262,552,36,0,0.01
2404,133,-83.15066275032389,33.64661654135338,34.338345864661655,92,10,1,0.01
2405,500,-72.69773382263887,31.31,32.47,580,36,0,0.01
2406,500,-51.85954228754798,25.516,26.566,525,37,0,0.01
2407,500,-117.34095296649294,34.654,35.768,557,37,0,0.01
2408,500,-74.7645011472273,28.25,29.36,555,41,0,0.01
2409,500,-47.248286855511964,27.078,28.188,555,38,0,0.01
2410,500,-56.23649176996119,31.32,32.582,631,40,0,0.01
2411,500,-90.06063270448742,33.212,34.34,564,35,0,0.01
2412,500,-88.33732136609854,34.06,35.21,575,32,0,0.01
2413,500,-77.14925247616681,31.532,32.644,556,32,0,0.01
2414,428,-92.608151724777,32.507009345794394,33.61915887850467,476,31,1,0.01
2415,500,-102.18148485229247,34.758,35.92,581,35,0,0.01
2416,500,-42.473285437656145,26.314,27.404,545,34,0,0.01
2417,500,-58.558699252890314,31.624,32.854,615,37,0,0.01
2418,114,-55.32953727456543,30.18421052631579,30.92105263157895,84,7,1,0.01
2419,500,-41.1926214444539,29.668,30.88,606,39,0,0.01
2420,500,-134.0421405835965,36.62,37.774,577,38,0,0.01
2421,500,-69.47288276438591,28.28,29.342,531,39,0,0.01
2422,500,-55.625415284178736,28.294,29.474,590,37,0,0.01
2423,500,-63.25475626118449,29.992,31.1,554,33,0,0.01
2424,500,-88.3531166930653,31.77,32.908,569,39,0,0.01
2425,84,-45.35119741700219,27.55952380952381,28.25,58,5,1,0.01
2426,472,-133.177567326539,34.235169491525426,35.273305084745765,490,35,1,0.01
2427,500,-86.05236288660744,30.174,31.276,551,40,0,0.01
2428,254,-103.54291565823384,43.57086614173228,44.696850393700785,286,14,1,0.01
2429,500,-38.86420166873539,26.996,28.142,573,38,0,0.01
2430,500,-59.606039650117815,30.308,31.512,602,38,0,0.01
2431,500,-43.65336278629361,25.274,26.366,546,38,0,0.01
2432,379,-80.17011833363308,26.95250659630607,27.899736147757256,359,29,1,0.01
2433,500,-48.33595830579253,27.35,28.498,574,41,0,0.01
2434,500,-74.01111103186665,34.214,35.44,613,36,0,0.01
2435,418,-79.01780757735246,29.363636363636363,30.442583732057415,451,32,1,0.01
2436,500,-114.61649074339073,33.74,34.858,559,39,0,0.01
2437,500,-70.25324177433652,31.854,33.082,614,38,0,0.01
2438,500,-78.36290229055733,30.766,31.896,565,38,0,0.01
2439,500,-59.66400683060303,31.13,32.324,597,37,0,0.01
2440,500,-68.59068038228789,28.36,29.432,536,37,0,0.01
2441,500,-62.9275290512017,28.182,29.298,558,39,0,0.01
2442,500,-40.423650273393086,27.782,28.942,580,34,0,0.01
2443,500,-56.56380820814347,25.39,26.446,528,44,0,0.01
2444,111,-61.555913724708574,31.62162162162162,32.45945945945946,93,10,1,0.01
2445,500,-44.040863495221615,25.664,26.762,549,38,0,0.01
2446,246,-68.77308604035576,26.91869918699187,27.898373983739837,241,23,1,0.01
2447,500,-74.34572974197376,30.99,32.174,592,43,0,0.01
2448,500,-99.48762328070252,32.08,33.238,579,43,0,0.01
2449,500,-107.62710791437075,34.74,35.914,587,39,0,0.01
2450,500,-30.101607575406558,27.31,28.516,603,40,0,0.01
2451,500,-49.39376070133482,28.312,29.45,569,37,0,0.01
2452,346,-65.7497671434482,25.27456647398844,26.303468208092486,356,32,1,0.01
2453,500,-47.44577073840963,28.582,29.764,591,38,0,0.01
2454,500,-40.33056732783114,26.876,28.018,571,39,0,0.01
2455,494,-101.9229177070461,30.98582995951417,32.08906882591093,545,41,1,0.01
2456,500,-38.17953771910404,25.312,26.418,553,38,0,0.01
2457,500,-66.93088237501075,29.246,30.366,560,37,0,0.01
2458,500,-53.45853840880254,29.698,30.882,592,38,0,0.01
2459,195,-64.98605816115891,29.353846153846153,30.26153846153846,177,14,1,0.01
2460,500,-57.009304263650215,29.334,30.49,578,36,0,0.01
2461,500,-58.19265222043399,29.926,31.09,582,37,0,0.01
2462,500,-65.3822259849358,29.474,30.586,556,36,0,0.01
2463,500,-68.00326375819525,30.442,31.61,584,39,0,0.01
2464,500,-74.6873403786756,32.996,34.238,621,40,0,0.01
2465,500,-57.041344335121586,28.848,30.008,580,40,0,0.01
2466,411,-95.53181878359024,33.394160583941606,34.49148418491484,451,29,1,0.01
2467,245,-70.11907013288594,30.09795918367347,31.089795918367347,243,20,1,0.01
2468,338,-73.8559883639289,28.88757396449704,29.911242603550296,346,27,1,0.01
2469,500,-67.28304162834087,28.26,29.41,575,43,0,0.01
2470,170,-78.31625082937316,31.235294117647058,32.082352941176474,144,15,1,0.01
2471,500,-64.03658172095145,27.788,28.874,543,41,0,0.01
2472,500,-69.85801689565777,28.428,29.548,560,39,0,0.01
2473,156,-65.0195928485404,25.474358974358974,26.30128205128205,129,16,1,0.01
2474,180,-63.97704584146318,29.238888888888887,30.177777777777777,169,14,1,0.01
2475,500,-54.402422933824774,29.358,30.536,589,37,0,0.01
2476,500,-68.56153005577707,30.364,31.5,568,36,0,0.01
2477,500,-90.12025667593893,33.362,34.528,583,38,0,0.01
2478,500,-84.12886061273716,30.442,31.578,568,42,0,0.01
2479,500,-77.78008675196043,30.474,31.67,598,43,0,0.01
2480,316,-76.99410603464045,32.037974683544306,33.16772151898734,357,26,1,0.01
2481,267,-80.56349737295942,32.61048689138577,33.62546816479401,271,20,1,0.01
2482,482,-77.54942217153793,28.82572614107884,29.948132780082986,541,40,1,0.01
2483,500,-53.360136942281706,27.724,28.868,572,40,0,0.01
2484,500,-64.95239499355606,30.74,31.95,605,42,0,0.01
2485,500,-80.04295879868354,30.164,31.274,555,38,0,0.01
2486,500,-82.62081355230099,31.752,32.922,585,42,0,0.01
2487,500,-53.80005997383264,27.568,28.744,588,44,0,0.01
2488,500,-37.60008511659397,27.19,28.342,576,38,0,0.01
2489,289,-54.597029450454315,28.207612456747405,29.314878892733564,320,23,1,0.01
2490,500,-83.17710439407263,31.548,32.702,577,40,0,0.01
2491,500,-48.56917605889831,28.226,29.442,608,41,0,0.01
2492,141,-61.89130881235249,36.0,37.02836879432624,145,9,1,0.01
2493,500,-66.43546261999533,27.266,28.356,545,41,0,0.01
2494,500,-93.16904675178546,33.398,34.54,571,36,0,0.01
2495,500,-20.898969956492863,24.582,25.702,560,38,0,0.01
2496,413,-85.62417338864702,31.234866828087167,32.32445520581114,450,31,1,0.01
2497,500,-105.9941648201862,34.842,36.012,585,38,0,0.01
2498,500,-34.023958964563484,25.308,26.448,570,41,0,0.01
2499,500,-64.49794491404528,29.872,31.02,574,37,0,0.01
2500,500,-96.803811421879,32.536,33.704,584,39,0,0.01
2501,500,-72.25502102284132,32.95,34.168,609,39,0,0.01
2502,500,-45.9609681543742,27.634,28.826,596,41,0,0.01
2503,500,-66.85603053480547,29.28,30.402,561,39,0,0.01
2504,415,-97.65281519901849,34.59277108433735,35.742168674698796,477,31,1,0.01
2505,500,-53.93665486254028,28.686,29.822,568,36,0,0.01
2506,500,-76.15761917101983,29.37,30.456,543,37,0,0.01
2507,338,-101.01620533595481,32.650887573964496,33.64497041420118,336,26,1,0.01
2508,500,-76.94995531251553,32.236,33.444,604,40,0,0.01
2509,500,-70.92865941859532,29.808,30.956,574,40,0,0.01
2510,500,-78.8700112882543,31.454,32.608,577,38,0,0.01
2511,500,-56.33931162960138,28.422,29.57,574,40,0,0.01
2512,412,-74.45252493320491,29.046116504854368,30.143203883495147,452,34,1,0.01
2513,500,-91.42295906487743,30.292,31.4,554,40,0,0.01
2514,500,-82.71512309584755,30.184,31.304,560,39,0,0.01
2515,500,-68.47625399562833,31.966,33.164,599,34,0,0.01
2516,500,-60.19000997607894,27.712,28.8,544,36,0,0.01
2517,500,-18.956329290506726,26.158,27.306,574,34,0,0.01
2518,340,-77.4409934730746,31.726470588235294,32.826470588235296,374,24,1,0.01
2519,500,-61.81231212569451,29.984,31.17,593,40,0,0.01
2520,500,-80.84345842533563,28.322,29.374,526,37,0,0.01
2521,500,-47.070216385046855,27.366,28.476,555,35,0,0.01
2522,500,-64.85119611001511,27.834,28.886,526,33,0,0.01
2523,500,-61.338026735925084,27.018,28.12,551,39,0,0.01
2524,500,-45.571666386856975,28.144,29.292,574,37,0,0.01
2525,500,-79.47992663066312,32.744,33.922,589,36,0,0.01
2526,500,-47.91673683661898,27.164,28.276,556,37,0,0.01
2527,500,-47.288566615264905,28.408,29.576,584,36,0,0.01
2528,486,-89.99668021449796,30.01028806584362,31.096707818930042,528,38,1,0.01
2529,500,-91.52415730203617,34.35,35.542,596,35,0,0.01
2530,500,-51.17058369509985,28.312,29.494,591,41,0,0.01
2531,500,-55.93978184944601,29.466,30.656,595,39,0,0.01
2532,500,-59.43096476748217,29.16,30.288,564,37,0,0.01
2533,351,-81.30298929400583,29.162393162393162,30.17663817663818,356,26,1,0.01
2534,500,-58.41062419735268,28.424,29.534,555,35,0,0.01
2535,500,-31.088509688746026,27.502,28.694,596,38,0,0.01
2536,500,-39.50986439628089,24.166,25.214,524,37,0,0.01
2537,500,-47.17658251953247,28.08,29.206,563,33,0,0.01
2538,500,-40.005384128010284,29.212,30.416,602,35,0,0.01
2539,500,-114.80233993317556,33.276,34.346,535,36,0,0.01
2540,500,-77.77901468025864,32.77,34.026,628,42,0,0.01
2541,500,-46.621370751854045,29.58,30.784,602,37,0,0.01
2542,149,-66.89038426454209,29.13422818791946,29.86577181208054,109,10,1,0.01
2543,500,-42.92163345975177,27.938,29.116,589,37,0,0.01
2544,500,-62.93420492283951,30.096,31.246,575,36,0,0.01
2545,500,-56.585073326083396,27.66,28.774,557,39,0,0.01
2546,500,-48.157835895644936,28.412,29.54,564,35,0,0.01
2547,500,-39.75440975343842,25.92,27.008,544,36,0,0.01
2548,500,-115.91600069081225,34.14,35.252,556,37,0,0.01
2549,500,-73.3365801570466,33.92,35.204,642,40,0,0.01
2550,500,-58.77573316706995,32.092,33.34,624,39,0,0.01
2551,500,-63.487286708425145,28.592,29.716,562,39,0,0.01
2552,500,-60.49207309618394,26.234,27.304,535,39,0,0.01
2553,500,-58.05733522301132,26.704,27.79,543,37,0,0.01
2554,500,-70.66033354918648,31.464,32.624,580,37,0,0.01
2555,500,-88.88676129262969,31.964,33.096,566,37,0,0.01
2556,500,-48.74021927775565,28.324,29.446,561,33,0,0.01
2557,500,-53.451965770147446,27.332,28.476,572,40,0,0.01
2558,500,-115.87780662224354,36.1,37.242,571,35,0,0.01
2559,500,-64.49031046234842,29.844,31.018,587,40,0,0.01
2560,500,-56.366352491339434,26.562,27.678,558,44,0,0.01
2561,500,-44.78219621673309,30.222,31.44,609,37,0,0.01
2562,500,-34.77478174593007,25.758,26.892,567,39,0,0.01
2563,500,-47.98992927597128,30.264,31.484,610,36,0,0.01
2564,500,-37.654884921915354,25.912,27.05,569,41,0,0.01
2565,500,-55.932160912677794,25.954,27.048,547,42,0,0.01
2566,166,-76.03019911447808,30.198795180722893,30.951807228915662,125,13,1,0.01
2567,500,-49.11104243931078,27.554,28.716,581,41,0,0.01
2568,500,-85.3795080273097,31.492,32.616,562,37,0,0.01
2569,500,-59.09950772291182,28.692,29.84,574,40,0,0.01
2570,407,-87.66505073621113,32.34152334152334,33.46928746928747,459,31,1,0.01
2571,500,-52.438046568658876,25.542,26.624,541,42,0,0.01
2572,500,-50.529448949665465,30.514,31.706,596,36,0,0.01
2573,500,-40.75792850857231,25.756,26.89,567,42,0,0.01
2574,203,-73.36497609699072,34.03448275862069,35.04926108374384,206,13,1,0.01
2575,500,-68.95713970029264,29.234,30.358,562,40,0,0.01
2576,500,-44.282189537532844,26.06,27.19,565,42,0,0.01
2577,500,-109.8140189171972,31.922,32.99,534,38,0,0.01
2578,500,-53.653053087345846,26.694,27.772,539,38,0,0.01
2579,500,-66.87377754399363,30.59,31.784,597,39,0,0.01
2580,500,-56.47371824052454,25.638,26.694,528,40,0,0.01
2581,500,-78.55801194702542,29.468,30.586,559,38,0,0.01
2582,500,-59.48256577527743,26.672,27.758,543,41,0,0.01
2583,500,-67.84379564399481,30.614,31.796,591,36,0,0.01
2584,500,-74.52591993587197,30.648,31.782,567,39,0,0.01
2585,500,-63.13777360210098,27.186,28.266,540,38,0,0.01
2586,500,-75.9464365573816,32.424,33.574,575,31,0,0.01
2587,266,-63.137332660604955,27.778195488721803,28.793233082706767,270,19,1,0.01
2588,500,-102.82770087674042,34.434,35.586,576,35,0,0.01
2589,500,-65.50046340809776,32.466,33.678,606,35,0,0.01
2590,500,-77.13751584283564,27.864,28.934,535,39,0,0.01
2591,390,-88.96399712807042,30.946153846153845,32.02051282051282,419,31,1,0.01
2592,500,-58.39031440320345,27.81,28.922,556,40,0,0.01
2593,500,-60.107637175819484,27.308,28.424,558,42,0,0.01
2594,500,-74.12955117487097,29.096,30.204,554,41,0,0.01
2595,500,-57.765806558223694,29.786,30.93,572,34,0,0.01
2596,500,-48.54540906157527,28.144,29.294,575,38,0,0.01
2597,500,-89.87640888330681,33.886,35.09,602,40,0,0.01
2598,500,-57.9403896959173,28.736,29.876,570,39,0,0.01
2599,500,-57.816026441751546,29.918,31.112,597,39,0,0.01
2600,500,-84.10818982633971,30.998,32.112,557,37,0,0.01
2601,500,-81.06515172070253,30.33,31.466,568,39,0,0.01
2602,500,-102.74662713146787,30.93,32.042,556,42,0,0.01
2603,500,-66.56995830259034,28.618,29.682,532,32,0,0.01
2604,500,-49.30250959034225,26.712,27.848,568,42,0,0.01
2605,293,-63.1665002481672,28.013651877133107,29.037542662116042,300,22,1,0.01
2606,500,-55.03719721619624,29.59,30.776,593,39,0,0.01
2607,500,-67.10019502877688,30.944,32.156,606,41,0,0.01
2608,500,-40.32532061749244,26.23,27.328,549,34,0,0.01
2609,434,-79.29198474730266,30.39400921658986,31.532258064516128,494,35,1,0.01
2610,500,-60.08972212541969,29.684,30.846,581,38,0,0.01
2611,500,-73.14095188230706,28.328,29.416,544,36,0,0.01
2612,500,-67.714278007431,31.64,32.83,595,35,0,0.01
2613,211,-62.6289586401694,32.84834123222749,33.88625592417062,219,13,1,0.01
2614,500,-71.92415130742212,31.676,32.848,586,36,0,0.01
2615,500,-37.670923846836764,27.596,28.772,588,38,0,0.01
2616,500,-70.70154436928694,27.144,28.212,534,41,0,0.01
2617,500,-58.878615225052634,28.526,29.654,564,36,0,0.01
2618,185,-74.04178186790863,34.464864864864865,35.432432432432435,179,14,1,0.01
2619,500,-42.69309950780429,24.096,25.186,545,42,0,0.01
2620,500,-57.97818173759783,27.682,28.792,555,35,0,0.01
2621,500,-87.08427595150752,33.634,34.836,601,37,0,0.01
2622,500,-68.71925995611275,29.32,30.448,564,40,0,0.01
2623,500,-84.43763038045981,31.108,32.226,559,35,0,0.01
2624,500,-102.17335865565389,32.58,33.664,542,36,0,0.01
2625,500,-35.51154806057682,28.274,29.454,590,36,0,0.01
2626,500,-84.93385418925176,31.34,32.456,558,35,0,0.01
2627,500,-54.079579438330555,27.124,28.244,560,40,0,0.01
2628,500,-82.69073799339327,30.806,31.896,545,33,0,0.01
2629,500,-61.501927248027684,29.214,30.364,575,39,0,0.01
2630,263,-86.86761540826829,36.250950570342205,37.4106463878327,305,20,1,0.01
2631,500,-64.02199312103133,26.432,27.492,530,38,0,0.01
2632,500,-70.01767731451251,31.9,33.086,593,37,0,0.01
2633,171,-83.21989337301385,37.36842105263158,38.26900584795322,154,11,1,0.01
2634,500,-51.94373601733471,26.184,27.218,517,34,0,0.01
2635,222,-83.58000313299789,33.968468468468465,34.88288288288288,203,14,1,0.01
2636,500,-62.96612124400812,29.986,31.13,572,36,0,0.01
2637,500,-86.97856895679328,32.528,33.63,551,32,0,0.01
2638,500,-77.69495756932093,29.346,30.456,555,41,0,0.01
2639,500,-75.82008058635411,29.774,30.902,564,38,0,0.01
2640,175,-90.97014934254936,40.605714285714285,41.56,167,11,1,0.01
2641,500,-71.23442269344639,32.884,34.078,597,32,0,0.01
2642,500,-51.613492055820366,26.75,27.846,548,36,0,0.01
2643,500,-76.25811023137553,29.972,31.124,576,41,0,0.01
2644,193,-62.794859028052926,30.33678756476684,31.29015544041451,184,13,1,0.01
2645,500,-52.61610352419526,28.794,29.97,588,38,0,0.01
2646,500,-70.63290482187088,29.61,30.746,568,39,0,0.01
2647,500,-75.91060010057294,32.424,33.622,599,37,0,0.01
2648,500,-74.80480077791809,30.8,31.914,557,31,0,0.01
2649,500,-123.3426501457175,35.31,36.418,554,37,0,0.01
2650,500,-129.6695894668367,36.504,37.658,577,38,0,0.01
2651,323,-97.719512676491,37.0030959752322,38.089783281733745,351,20,1,0.01
2652,291,-53.543281199514766,26.030927835051546,27.075601374570446,304,23,1,0.01
2653,500,-52.497021012616926,27.294,28.422,564,38,0,0.01
2654,500,-42.11669117653754,27.354,28.53,588,41,0,0.01
2655,470,-128.00362020141037,37.52127659574468,38.67872340425532,544,32,1,0.01
2656,500,-58.49000466605129,26.594,27.696,551,43,0,0.01
2657,500,-93.52599174649211,31.146,32.22,537,37,0,0.01
2658,500,-40.29563751139943,25.788,26.886,549,39,0,0.01
2659,500,-55.899182778467384,28.442,29.588,573,38,0,0.01
2660,500,-87.03286414862593,31.496,32.644,574,39,0,0.01
2661,500,-47.81201658805758,26.816,27.916,550,36,0,0.01
2662,99,-61.80487421871669,37.717171717171716,38.62626262626262,90,8,1,0.01
2663,500,-50.44270204719542,31.72,32.942,611,34,0,0.01
2664,500,-37.46968461324199,25.934,27.034,550,36,0,0.01
2665,198,-69.01563803426944,31.146464646464647,32.06565656565657,182,13,1,0.01
2666,500,-48.09631918404581,27.52,28.648,564,38,0,0.01
2667,500,-62.299131846562595,30.19,31.39,600,43,0,0.01
2668,500,-30.501137355562058,26.306,27.45,572,36,0,0.01
2669,500,-52.456772675226354,25.098,26.18,541,40,0,0.01
2670,500,-67.42271156427188,30.9,32.06,580,38,0,0.01
2671,500,-51.61999614012387,25.12,26.174,527,40,0,0.01
2672,500,-38.5687118336677,29.768,31.006,619,37,0,0.01
2673,500,-77.7359861868994,33.26,34.488,614,38,0,0.01
2674,498,-137.35560376475533,35.5722891566265,36.666666666666664,545,36,1,0.01
2675,500,-53.980095641447704,27.428,28.55,561,36,0,0.01
2676,274,-60.584354108001826,28.7992700729927,29.864963503649633,292,20,1,0.01
2677,500,-39.362164337774026,27.036,28.204,584,40,0,0.01
2678,500,-60.234199612811814,29.014,30.16,573,38,0,0.01
2679,500,-45.35846028037706,27.2,28.338,569,37,0,0.01
2680,500,-65.75823365848736,30.122,31.272,575,39,0,0.01
2681,500,-68.49842901021388,29.534,30.614,540,32,0,0.01
2682,500,-63.31320883060248,28.292,29.41,559,38,0,0.01
2683,500,-61.54787951859616,26.922,28.018,548,40,0,0.01
2684,217,-95.56285110173448,35.73732718894009,36.68663594470046,206,16,1,0.01
2685,145,-49.86821250622535,25.986206896551725,26.79310344827586,117,8,1,0.01
2686,177,-71.52181222549608,32.48022598870057,33.3728813559322,158,12,1,0.01
2687,500,-33.07763475850052,27.136,28.284,574,35,0,0.01
2688,500,-104.88761338343774,34.136,35.302,583,38,0,0.01
2689,500,-41.7118730050212,28.568,29.728,580,34,0,0.01
2690,500,-63.71182106533882,29.398,30.51,556,35,0,0.01
2691,500,-50.89432783635689,26.828,27.934,553,37,0,0.01
2692,500,-46.46279201697903,24.942,25.984,521,36,0,0.01
2693,224,-74.07132070637897,29.816964285714285,30.709821428571427,200,17,1,0.01
2694,500,-42.670216023651555,25.208,26.334,563,46,0,0.01
2695,500,-73.21978541011255,28.688,29.752,532,36,0,0.01
2696,500,-96.30970098051078,27.466,28.558,546,50,0,0.01
2697,500,-77.09439437515404,28.832,29.894,531,40,0,0.01
2698,140,-51.23522837740095,26.40714285714286,27.27857142857143,122,10,1,0.01
2699,500,-58.02998530870767,28.84,30.014,587,41,0,0.01
2700,500,-51.3716921760006,26.766,27.888,561,37,0,0.01
2701,500,-57.917733195049784,29.092,30.236,572,37,0,0.01
2702,500,-54.552294655446765,25.604,26.66,528,37,0,0.01
2703,480,-123.41307984668065,34.40625,35.458333333333336,505,30,1,0.01
2704,500,-46.573425764424094,28.064,29.234,585,40,0,0.01
2705,500,-74.7468438560932,29.972,31.126,577,40,0,0.01
2706,500,-105.41580480669825,34.532,35.688,578,40,0,0.01
2707,500,-48.13220758053672,26.722,27.834,556,38,0,0.01
2708,500,-41.158423871178236,26.458,27.592,567,39,0,0.01
2709,405,-90.94159838646831,29.46172839506173,30.483950617283952,414,30,1,0.01
2710,500,-69.5824963798115,32.988,34.226,619,37,0,0.01
2711,500,-42.58884984048274,26.83,27.994,582,42,0,0.01
2712,500,-74.97718147651662,30.404,31.55,573,40,0,0.01
2713,500,-62.7532344487539,28.744,29.86,558,38,0,0.01
2714,491,-96.30374254433619,29.65580448065173,30.720977596741346,523,37,1,0.01
2715,500,-69.93645865523524,29.72,30.83,555,37,0,0.01
2716,500,-66.10439344100237,30.512,31.678,583,38,0,0.01
2717,500,-79.37324118495162,32.336,33.512,588,35,0,0.01
2718,386,-101.7402526636223,34.0,35.10362694300518,426,28,1,0.01
2719,496,-77.53921402983748,29.788306451612904,30.907258064516128,555,34,1,0.01
2720,500,-44.20968114777695,28.778,29.972,597,37,0,0.01
2721,500,-61.48033256020204,27.192,28.3,554,41,0,0.01
2722,500,-83.92603378890965,32.368,33.5,566,35,0,0.01
2723,500,-48.79639695107586,27.944,29.092,574,38,0,0.01
2724,500,-26.710928586272697,25.814,26.988,587,41,0,0.01
2725,500,-56.15548983530905,28.278,29.458,590,40,0,0.01
2726,500,-67.4316725906676,31.512,32.708,598,40,0,0.01
2727,500,-89.56360874456979,30.074,31.17,548,40,0,0.01
2728,325,-89.73200597294917,32.11076923076923,33.12615384615385,330,23,1,0.01
2729,500,-73.45463814410057,30.872,32.012,570,38,0,0.01
2730,500,-39.31216818126282,29.61,30.856,623,39,0,0.01
2731,500,-65.67056285458871,28.774,29.922,574,41,0,0.01
2732,500,-73.94947447261544,29.068,30.206,569,41,0,0.01
2733,500,-76.37960100163247,30.89,32.056,583,43,0,0.01
2734,493,-72.22781227641966,27.095334685598377,28.16632860040568,528,38,1,0.01
2735,500,-92.92490342151619,30.778,31.86,541,38,0,0.01
2736,500,-45.35960090643059,28.844,30.032,594,39,0,0.01
2737,500,-66.68801367975786,27.992,29.09,549,40,0,0.01
2738,500,-47.58740977414151,26.66,27.76,550,38,0,0.01
2739,500,-65.86368615020461,28.332,29.468,568,42,0,0.01
2740,500,-75.07968902732264,31.372,32.556,592,42,0,0.01
2741,500,-92.16050826959813,32.04,33.12,540,34,0,0.01
2742,500,-52.41012984252403,28.68,29.872,596,42,0,0.01
2743,500,-80.5499549511202,30.19,31.358,584,41,0,0.01
2744,500,-73.15117728505884,30.216,31.396,590,43,0,0.01
2745,500,-78.94276327596486,32.694,33.842,574,35,0,0.01
2746,500,-40.77099497287072,26.506,27.604,549,35,0,0.01
2747,500,-44.61131013404507,27.508,28.642,567,38,0,0.01
2748,500,-54.40953160833067,30.564,31.758,597,37,0,0.01
2749,500,-82.99371475626643,31.808,32.922,557,34,0,0.01
2750,399,-82.44262584407029,31.82456140350877,32.93734335839599,444,27,1,0.01
2751,500,-79.43759960448,30.858,32.02,581,42,0,0.01
2752,500,-58.131138765103515,25.492,26.536,522,40,0,0.01
2753,107,-58.40455389971359,31.49532710280374,32.19626168224299,75,6,1,0.01
2754,500,-49.894070077091506,27.454,28.576,561,37,0,0.01
2755,500,-46.077284671294784,27.232,28.418,593,43,0,0.01
2756,500,-52.307099770795865,25.388,26.444,528,38,0,0.01
2757,500,-51.57562820351926,27.39,28.534,572,41,0,0.01
2758,500,-72.03341044313709,30.35,31.494,572,39,0,0.01
2759,500,-70.27746144546572,32.432,33.662,615,38,0,0.01
2760,500,-70.16006911072057,27.94,29.022,541,41,0,0.01
2761,500,-53.48022607095066,31.178,32.416,619,39,0,0.01
2762,500,-79.02470717600671,29.128,30.212,542,38,0,0.01
2763,500,-33.687839282537055,26.866,28.068,601,41,0,0.01
2764,500,-55.57905398433066,27.812,28.968,578,40,0,0.01
2765,500,-42.26323709406218,26.3,27.44,570,39,0,0.01
2766,500,-52.62134323214256,25.856,26.95,547,41,0,0.01
2767,500,-36.07647361512703,25.34,26.46,560,39,0,0.01
2768,500,-40.49946069365762,25.774,26.916,571,43,0,0.01
2769,500,-86.52784084211292,34.074,35.298,612,38,0,0.01
2770,500,-46.176850537458066,27.448,28.588,570,40,0,0.01
2771,500,-50.66641899193221,25.946,27.014,534,37,0,0.01
2772,500,-31.542406471354354,25.864,27.03,583,42,0,0.01
2773,500,-71.90592084844751,29.688,30.862,587,40,0,0.01
2774,500,-58.197160331607336,28.086,29.212,563,38,0,0.01
2775,500,-64.6295104634217,28.314,29.454,570,40,0,0.01
2776,500,-92.70428920024263,30.074,31.13,528,37,0,0.01
2777,500,-48.35272882748787,27.968,29.094,563,36,0,0.01
2778,500,-62.020869756029235,28.398,29.548,575,41,0,0.01
2779,500,-63.55378211243758,30.75,31.91,580,35,0,0.01
2780,500,-62.19512267745488,28.668,29.796,564,39,0,0.01
2781,500,-89.70956343029268,34.48,35.672,596,35,0,0.01
2782,500,-38.093543577110076,24.456,25.582,563,43,0,0.01
2783,500,-68.63608635834548,27.17,28.214,522,36,0,0.01
2784,500,-37.892613396081,22.414,23.46,523,46,0,0.01
2785,500,-61.38218495029564,29.226,30.354,564,36,0,0.01
2786,500,-67.39823413387718,30.968,32.132,582,36,0,0.01
2787,500,-51.84791524320871,26.076,27.158,541,38,0,0.01
2788,500,-83.1978675084106,31.578,32.704,563,37,0,0.01
2789,500,-53.11084623200553,28.596,29.728,566,35,0,0.01
2790,500,-24.740282122480213,26.432,27.658,613,41,0,0.01
2791,500,-78.78029192516131,31.718,32.832,557,33,0,0.01
2792,500,-51.32829243173331,28.272,29.392,560,35,0,0.01
2793,500,-45.1316818033458,27.92,29.064,572,37,0,0.01
2794,500,-47.773083920323444,26.226,27.306,540,38,0,0.01
2795,500,-52.35833653007457,27.524,28.678,577,43,0,0.01
2796,500,-80.05245586093002,29.632,30.746,557,40,0,0.01
2797,500,-94.34803476766956,30.988,32.08,546,40,0,0.01
2798,500,-46.170697186742544,27.89,29.078,594,41,0,0.01
2799,446,-85.37501407744723,32.30493273542601,33.48654708520179,527,35,1,0.01
2800,500,-68.953311892593,29.718,30.83,556,37,0,0.01
2801,500,-50.979044087066036,29.82,31.008,594,36,0,0.01
2802,500,-33.83367412060789,26.978,28.208,615,43,0,0.01
2803,211,-58.032986272838095,25.81042654028436,26.696682464454977,187,16,1,0.01
2804,500,-95.61894068309132,32.306,33.422,558,37,0,0.01
2805,500,-46.23151633381659,26.504,27.614,555,37,0,0.01
2806,500,-109.29724481604215,35.388,36.578,595,40,0,0.01
2807,500,-60.07782006076361,27.256,28.328,536,34,0,0.01
2808,500,-75.24205014275198,29.28,30.346,533,35,0,0.01
2809,500,-48.4926776863866,29.006,30.166,580,37,0,0.01
2810,493,-81.5475390436681,28.640973630831642,29.7079107505071,526,36,1,0.01
2811,500,-53.46353061614429,27.488,28.582,547,36,0,0.01
2812,201,-65.61055249120984,32.32835820895522,33.38308457711443,212,15,1,0.01
2813,500,-62.194308365018536,30.342,31.512,585,37,0,0.01
2814,500,-56.969485472859276,29.98,31.188,604,40,0,0.01
2815,500,-65.25876236875565,25.92,26.9,490,36,0,0.01
2816,500,-105.29677423480199,32.314,33.414,550,36,0,0.01
2817,500,-41.33025827526546,27.212,28.38,584,40,0,0.01
2818,500,-37.59524043314358,25.646,26.75,552,38,0,0.01
2819,500,-100.07059008931355,35.776,36.96,592,34,0,0.01
2820,500,-64.01642645308506,27.06,28.108,524,39,0,0.01
2821,500,-52.2975686763006,29.264,30.454,595,39,0,0.01
2822,500,-45.53292992642793,26.584,27.706,561,38,0,0.01
2823,500,-44.55907376006711,26.986,28.11,562,38,0,0.01
2824,500,-41.78132360860507,27.978,29.144,583,37,0,0.01
2825,500,-62.981782562012306,27.966,29.114,574,45,0,0.01
2826,500,-45.54954592184057,27.356,28.476,560,35,0,0.01
2827,500,-49.427264612736096,24.638,25.686,524,39,0,0.01
2828,320,-65.6516400508619,30.725,31.84375,358,24,1,0.01
2829,500,-105.18985090076353,33.676,34.774,549,37,0,0.01
2830,500,-62.6973350520192,28.57,29.662,546,38,0,0.01
2831,500,-83.03786661462783,29.328,30.392,532,37,0,0.01
2832,500,-64.54078745875943,30.466,31.618,576,35,0,0.01
2833,500,-24.878028542283516,28.204,29.46,628,36,0,0.01
2834,500,-80.12940690724794,29.42,30.49,535,32,0,0.01
2835,476,-117.5267098283375,35.331932773109244,36.48739495798319,550,38,1,0.01
2836,500,-53.10621827318042,26.15,27.248,549,40,0,0.01
2837,500,-69.21258050501541,31.478,32.678,600,42,0,0.01
2838,231,-46.19258578611472,27.913419913419915,29.017316017316016,255,18,1,0.01
2839,500,-58.894747124296586,29.676,30.85,587,35,0,0.01
2840,356,-93.22316511739659,33.662921348314605,34.693820224719104,367,24,1,0.01
2841,500,-114.11554600145118,31.612,32.682,535,40,0,0.01
2842,500,-64.44937091644195,30.058,31.184,563,35,0,0.01
2843,500,-51.79460679752879,27.826,28.97,572,40,0,0.01
2844,500,-46.7942252879606,28.82,29.974,577,35,0,0.01
2845,500,-82.17019128048963,30.44,31.54,550,35,0,0.01
2846,482,-100.83580981232794,34.16804979253112,35.33195020746888,561,35,1,0.01
2847,500,-108.40806011962741,31.456,32.476,510,33,0,0.01
2848,500,-69.87799647353927,30.274,31.418,572,38,0,0.01
2849,500,-66.52396499738167,30.638,31.784,573,36,0,0.01
2850,500,-75.99421675986862,34.012,35.23,609,33,0,0.01
2851,500,-52.78073563307172,29.94,31.096,578,34,0,0.01
2852,189,-50.39614356033396,29.164021164021165,30.211640211640212,198,15,1,0.01
2853,500,-50.77272031818888,29.838,31.062,612,37,0,0.01
2854,146,-59.90108415118448,31.13013698630137,32.102739726027394,142,12,1,0.01
2855,500,-84.49318930226671,32.456,33.626,585,39,0,0.01
2856,500,-74.54134401193033,29.454,30.562,554,38,0,0.01
2857,500,-81.49289376462973,29.324,30.39,533,36,0,0.01
2858,500,-98.09598506512728,33.574,34.71,568,37,0,0.01
2859,500,-78.72943341918247,32.062,33.222,580,39,0,0.01
2860,500,-56.95806750437149,27.15,28.232,541,37,0,0.01
2861,500,-56.94989701682371,28.282,29.414,566,38,0,0.01
2862,500,-101.22071957020098,31.348,32.418,535,40,0,0.01
2863,182,-74.23731342220282,32.35164835164835,33.142857142857146,144,11,1,0.01
2864,500,-72.42665286361418,30.034,31.192,579,41,0,0.01
2865,143,-83.92555132291912,31.678321678321677,32.49650349650349,117,14,1,0.01
2866,500,-81.08013208885089,30.81,31.93,560,37,0,0.01
2867,500,-86.39359527000993,29.612,30.672,530,37,0,0.01
2868,500,-79.34409411470953,30.766,31.902,568,38,0,0.01
2869,500,-79.45366230298993,29.14,30.204,532,36,0,0.01
2870,500,-84.36383009463641,28.722,29.79,534,39,0,0.01
2871,500,-55.87917878061511,31.07,32.294,612,38,0,0.01
2872,500,-57.51918251227368,28.358,29.484,563,37,0,0.01
2873,500,-57.67429768796587,28.792,29.96,584,42,0,0.01
2874,500,-66.36117433535257,29.896,31.058,581,40,0,0.01
2875,500,-64.3632735414653,29.654,30.806,576,41,0,0.01
2876,500,-51.63878054238281,28.582,29.736,577,36,0,0.01
2877,500,-67.03556158893204,29.354,30.498,572,39,0,0.01
2878,500,-82.058396389671,25.478,26.444,483,39,0,0.01
2879,500,-41.305041599323275,25.842,26.91,534,33,0,0.01
2880,500,-58.18444395451465,27.292,28.39,549,37,0,0.01
2881,500,-86.82445078591412,32.83,34.016,593,41,0,0.01
2882,500,-92.64159718395881,31.986,33.08,547,33,0,0.01
2883,500,-56.35381816024111,29.354,30.524,585,38,0,0.01
2884,293,-91.03024128535452,33.9419795221843,35.00682593856655,312,22,1,0.01
2885,500,-76.12845858584897,31.3,32.46,580,38,0,0.01
2886,500,-66.95308555568978,29.474,30.616,571,37,0,0.01
2887,500,-82.7574706393511,32.178,33.314,568,34,0,0.01
2888,500,-93.310077941046,32.206,33.316,555,37,0,0.01
2889,500,-54.765243002661336,27.162,28.25,544,39,0,0.01
2890,500,-55.88186596226107,28.95,30.132,591,38,0,0.01
2891,500,-60.09939423126916,29.154,30.276,561,33,0,0.01
2892,500,-53.16138542675907,28.47,29.614,572,37,0,0.01
2893,500,-75.99294538112106,29.056,30.14,542,38,0,0.01
2894,500,-91.47952786004363,30.108,31.166,529,36,0,0.01
2895,500,-67.25914762444657,32.104,33.294,595,35,0,0.01
2896,500,-46.53861644202632,30.214,31.434,610,35,0,0.01
2897,313,-89.6388095357445,32.60063897763578,33.60063897763578,313,23,1,0.01
2898,500,-92.57572753385124,31.692,32.846,577,39,0,0.01
2899,500,-66.11052692077989,28.93,30.062,566,35,0,0.01
2900,500,-58.4811333577097,29.022,30.2,589,39,0,0.01
2901,500,-86.12138004094095,31.372,32.46,544,35,0,0.01
2902,500,-54.871382800243936,27.616,28.758,571,40,0,0.01
2903,500,-46.91723884022112,29.36,30.58,610,40,0,0.01
2904,500,-91.99204835302208,31.378,32.466,544,35,0,0.01
2905,322,-98.36689374696334,32.183229813664596,33.19565217391305,326,26,1,0.01
2906,500,-51.7213803259277,28.118,29.268,575,38,0,0.01
2907,500,-71.21384813764018,29.332,30.408,538,33,0,0.01
2908,500,-85.81964388083549,35.104,36.332,614,35,0,0.01
2909,500,-79.4639184817219,31.25,32.376,563,37,0,0.01
2910,500,-55.984197823081956,31.044,32.246,601,36,0,0.01
2911,500,-86.48102947834514,30.658,31.752,547,36,0,0.01
2912,500,-41.68666723412118,26.136,27.252,558,37,0,0.01
2913,146,-52.68476131645887,25.383561643835616,26.15068493150685,112,8,1,0.01
2914,500,-72.05841039445393,32.646,33.864,609,38,0,0.01
2915,500,-58.41378196023858,29.402,30.548,573,34,0,0.01
2916,500,-103.35203761897228,30.478,31.552,537,44,0,0.01
2917,500,-97.65899345955897,34.44,35.622,591,36,0,0.01
2918,450,-81.4432618566352,30.295555555555556,31.415555555555557,504,35,1,0.01
2919,500,-90.05023225813268,31.33,32.406,538,34,0,0.01
2920,500,-54.272802710660336,29.804,31.01,603,36,0,0.01
2921,500,-32.84328402811474,27.152,28.33,589,36,0,0.01
2922,500,-81.87545355951596,32.246,33.382,568,34,0,0.01
2923,500,-65.48743423231659,24.838,25.824,493,38,0,0.01
2924,500,-45.223840201097346,27.312,28.424,556,36,0,0.01
2925,500,-87.0265248492656,32.99,34.178,594,38,0,0.01
2926,500,-26.639042204299056,23.23,24.338,554,41,0,0.01
2927,500,-55.15038674621099,28.424,29.542,559,37,0,0.01
2928,500,-72.74225693190812,27.782,28.882,550,41,0,0.01
2929,293,-68.5338867238687,27.89419795221843,28.81911262798635,271,18,1,0.01
2930,500,-72.8722964430121,30.208,31.336,564,33,0,0.01
2931,500,-85.42138498957333,30.364,31.438,537,36,0,0.01
2932,500,-46.41301258509311,26.63,27.756,563,38,0,0.01
2933,500,-53.55354877314298,26.858,27.954,548,37,0,0.01
2934,379,-91.04641160935218,31.269129287598943,32.37203166226913,418,30,1,0.01
2935,500,-43.782866261546815,28.796,29.972,588,36,0,0.01
2936,500,-69.52777228776137,30.034,31.198,582,41,0,0.01
2937,289,-85.71280928514182,31.519031141868513,32.52595155709343,291,24,1,0.01
2938,500,-60.293513885315804,30.568,31.746,589,38,0,0.01
2939,500,-108.15024883459775,33.504,34.626,561,37,0,0.01
2940,500,-45.58725524785868,26.83,27.942,556,37,0,0.01
2941,500,-96.9662513503202,34.41,35.584,587,37,0,0.01
2942,500,-57.87741240065669,27.538,28.628,545,38,0,0.01
2943,500,-96.96610708269746,34.654,35.83,588,35,0,0.01
2944,500,-48.87255420227752,29.482,30.644,581,33,0,0.01
2945,500,-81.56679728343585,31.202,32.34,569,38,0,0.01
2946,500,-77.56489363824619,31.482,32.622,570,37,0,0.01
2947,209,-76.74805141040783,36.985645933014354,38.09569377990431,232,15,1,0.01
2948,500,-84.19554131901265,32.604,33.758,577,38,0,0.01
2949,500,-70.30411053897573,31.496,32.712,608,41,0,0.01
2950,500,-49.66626120938066,29.662,30.86,599,36,0,0.01
2951,500,-59.37139273571278,28.244,29.35,553,36,0,0.01
2952,500,-57.27029382888583,28.364,29.458,547,33,0,0.01
2953,500,-56.24750331905565,28.962,30.09,564,36,0,0.01
2954,500,-78.58327926988564,32.264,33.406,571,33,0,0.01
2955,500,-72.30109704371253,30.33,31.48,575,38,0,0.01
2956,500,-42.05524627555857,26.932,28.062,565,36,0,0.01
2957,475,-107.49723644447799,30.26105263157895,31.28,484,36,1,0.01
2958,500,-70.14584785905775,30.11,31.262,576,41,0,0.01
2959,496,-99.0223194346485,30.098790322580644,31.205645161290324,549,42,1,0.01
2960,500,-73.60807665788818,30.83,31.982,576,38,0,0.01
2961,500,-57.435081110427284,28.268,29.364,548,33,0,0.01
2962,500,-77.98731716121435,29.336,30.42,542,40,0,0.01
2963,500,-84.56449161135816,32.328,33.498,585,42,0,0.01
2964,244,-88.42773666762608,32.545081967213115,33.5,233,21,1,0.01
2965,357,-119.44841755615555,38.173669467787114,39.226890756302524,376,23,1,0.01
2966,500,-55.84225624732183,26.214,27.286,536,37,0,0.01
2967,500,-65.78347085174951,31.672,32.886,607,38,0,0.01
2968,500,-110.5965727174694,32.234,33.32,543,39,0,0.01
2969,500,-81.40276276237063,29.26,30.374,557,42,0,0.01
2970,500,-70.02527398783788,28.146,29.198,526,35,0,0.01
2971,500,-80.2935651786161,30.962,32.078,558,35,0,0.01
2972,500,-71.84673993852425,28.88,30.0,560,41,0,0.01
2973,362,-99.41218297510966,32.370165745856355,33.43370165745856,385,31,1,0.01
2974,264,-79.20999167399283,31.37878787878788,32.359848484848484,259,20,1,0.01
2975,500,-69.82026263234876,33.288,34.534,623,39,0,0.01
2976,293,-102.76636132877624,34.89078498293515,35.86006825938566,284,20,1,0.01
2977,500,-79.77446814433165,31.924,33.064,570,36,0,0.01
2978,475,-122.18110659899307,33.96842105263158,35.04421052631579,511,35,1,0.01
2979,500,-73.57959637619109,31.38,32.568,594,40,0,0.01
2980,500,-71.13217290190583,31.222,32.396,587,38,0,0.01
2981,500,-101.31173408563032,32.646,33.75,552,36,0,0.01
2982,500,-92.75574203776442,32.452,33.55,549,34,0,0.01
2983,500,-75.0909653380739,32.008,33.15,571,35,0,0.01
2984,250,-72.60557054252806,30.552,31.564,253,19,1,0.01
2985,500,-61.62620778653084,28.64,29.718,539,35,0,0.01
2986,500,-67.98941375744056,31.572,32.796,612,40,0,0.01
2987,227,-71.18707041146854,30.68281938325991,31.629955947136565,215,17,1,0.01
2988,500,-91.12684347590469,31.192,32.3,554,38,0,0.01
2989,341,-70.23380670834734,29.967741935483872,31.01759530791789,358,24,1,0.01
2990,500,-60.32216985699812,28.9,30.056,578,39,0,0.01
2991,500,-127.57836848544208,36.182,37.278,548,34,0,0.01
2992,500,-65.48289208889456,30.054,31.2,573,36,0,0.01
2993,233,-65.15052287520605,32.497854077253216,33.60944206008584,259,18,1,0.01
2994,500,-81.29284709677091,28.54,29.596,528,38,0,0.01
2995,500,-66.6353303416006,32.71,33.916,603,36,0,0.01
2996,500,-59.25578404197739,30.966,32.162,598,37,0,0.01
2997,500,-72.0187288688944,29.448,30.598,575,44,0,0.01
2998,500,-50.30460879645502,26.522,27.622,550,38,0,0.01
2999,500,-42.63792845157486,26.406,27.528,561,39,0,0.01
3000,500,-102.6080869165484,30.964,32.076,556,43,0,0.01
