episode,steps,cumulative_reward,average_queue_length,average_waiting_time,total_throughput,phase_switches,overflow_count,epsilon
1,120,-196.01042080714652,60.025,60.21666666666667,23,54,1,1.0
2,160,-258.2676065049342,68.3625,68.7,54,65,1,0.995
3,129,-212.7530522604542,63.72868217054263,63.96124031007752,30,57,1,0.990025
4,128,-228.21488929105638,70.7265625,70.9921875,34,55,1,0.985074875
5,139,-196.24237386070504,52.07194244604317,52.33812949640288,37,59,1,0.9801495006250001
6,144,-261.6987230363725,72.8125,73.07638888888889,38,63,1,0.9752487531218751
7,165,-297.1559897574593,76.41818181818182,76.69090909090909,45,71,1,0.9703725093562657
8,166,-286.7947771497933,75.1987951807229,75.48192771084338,47,71,1,0.9655206468094844
9,186,-328.16384728979057,78.24731182795699,78.55913978494624,58,79,1,0.960693043575437
10,132,-199.0508445113312,60.68939393939394,61.02272727272727,44,55,1,0.9558895783575597
11,153,-216.32334437299485,60.31372549019608,60.666666666666664,54,63,1,0.9511101304657719
12,134,-193.57547679119978,56.93283582089552,57.24626865671642,42,55,1,0.946354579813443
13,110,-131.01920011073884,48.77272727272727,49.22727272727273,50,43,1,0.9416228069143757
14,138,-203.202554746723,56.89855072463768,57.210144927536234,43,58,1,0.9369146928798039
15,162,-221.76694003958048,58.9320987654321,59.27777777777778,56,67,1,0.9322301194154049
16,156,-252.9907222823999,67.18589743589743,67.53205128205128,54,65,1,0.9275689688183278
17,139,-219.18518566764328,63.10791366906475,63.37410071942446,37,59,1,0.9229311239742362
18,141,-205.27546158390734,57.57446808510638,57.87943262411348,43,59,1,0.918316468354365
19,126,-199.6311697219693,65.01587301587301,65.39682539682539,48,51,1,0.9137248860125932
20,85,-115.28640554822353,47.2,47.470588235294116,23,36,1,0.9091562615825302
21,138,-208.12327718781583,63.608695652173914,63.97826086956522,51,55,1,0.9046104802746175
22,151,-268.8141425251942,75.64900662251655,75.96688741721854,48,63,1,0.9000874278732445
23,152,-257.2921458104803,71.21710526315789,71.52631578947368,47,64,1,0.8955869907338783
24,132,-198.38811540126238,59.303030303030305,59.59848484848485,39,56,1,0.8911090557802088
25,129,-170.4339339860593,50.51162790697674,50.86046511627907,45,53,1,0.8866535105013078
26,162,-248.61427122412923,66.10493827160494,66.45679012345678,57,66,1,0.8822202429488013
27,132,-192.8750383551127,58.35606060606061,58.68939393939394,44,54,1,0.8778091417340573
28,114,-192.03110185220405,61.14035087719298,61.35964912280702,25,50,1,0.8734200960253871
29,115,-178.5256695164113,59.63478260869565,59.904347826086955,31,50,1,0.8690529955452602
30,153,-209.09314076153433,57.888888888888886,58.28104575163399,60,61,1,0.8647077305675338
31,147,-210.23145399316883,62.8843537414966,63.31292517006803,63,57,1,0.8603841919146962
32,126,-168.72027391300858,54.34920634920635,54.73015873015873,48,50,1,0.8560822709551227
33,140,-194.70600072166334,59.67142857142857,60.07142857142857,56,56,1,0.851801859600347
34,119,-194.0267482673134,65.58823529411765,65.90756302521008,38,50,1,0.8475428503023453
35,108,-133.02693779541835,47.601851851851855,47.97222222222222,40,43,1,0.8433051360508336
36,145,-250.75649465593474,74.77931034482759,75.15172413793104,54,59,1,0.8390886103705794
37,144,-178.62959629304746,53.18055555555556,53.63194444444444,65,55,1,0.8348931673187264
38,138,-116.84271365104682,41.471014492753625,42.05797101449275,81,46,1,0.8307187014821328
39,146,-196.36683676839368,57.88356164383562,58.31506849315068,63,56,1,0.8265651079747222
40,196,-262.37656326728376,63.86734693877551,64.37755102040816,100,72,1,0.8224322824348486
41,142,-243.7441495297502,69.78873239436619,70.0774647887324,41,61,1,0.8183201210226743
42,162,-186.26948295360364,52.68518518518518,53.135802469135804,73,62,1,0.8142285204175609
43,135,-182.7380411163259,58.13333333333333,58.60740740740741,64,51,1,0.810157377815473
44,130,-195.4455882269188,64.63846153846154,65.07692307692308,57,50,1,0.8061065909263957
45,126,-158.3122986249886,50.82539682539682,51.23809523809524,52,48,1,0.8020760579717637
46,167,-184.3205274082281,46.78443113772455,47.17964071856287,66,66,1,0.798065677681905
47,166,-257.62300526723953,68.93373493975903,69.33132530120481,66,66,1,0.7940753492934954
48,147,-209.6038300663256,63.40816326530612,63.91836734693877,75,55,1,0.7901049725470279
49,143,-207.64182792758928,61.77622377622377,62.18881118881119,59,55,1,0.7861544476842928
50,153,-196.14963774608037,55.69934640522876,56.10457516339869,62,59,1,0.7822236754458713
51,174,-226.20225205016666,59.666666666666664,60.1551724137931,85,64,1,0.778312557068642
52,166,-248.4244188598509,69.1144578313253,69.57831325301204,77,63,1,0.7744209942832988
53,164,-285.6836974077423,77.65243902439025,78.07317073170732,69,64,1,0.7705488893118823
54,218,-289.38454454991785,65.53669724770643,66.05045871559633,112,76,1,0.7666961448653229
55,144,-232.07003061728747,66.80555555555556,67.18055555555556,54,58,1,0.7628626641409962
56,180,-276.40064892945026,72.13333333333334,72.62222222222222,88,66,1,0.7590483508202912
57,197,-317.00370913077654,77.80203045685279,78.30456852791878,99,73,1,0.7552531090661897
58,109,-132.64312062656728,44.31192660550459,44.69724770642202,42,43,1,0.7514768435208588
59,170,-227.70395981124227,61.61176470588235,62.129411764705885,88,60,1,0.7477194593032545
60,116,-128.5043845275335,43.71551724137931,44.14655172413793,50,44,1,0.7439808620067382
61,133,-165.27958850870357,55.338345864661655,55.87218045112782,71,48,1,0.7402609576967045
62,173,-237.79705236908202,66.33526011560694,66.83815028901734,87,60,1,0.736559652908221
63,125,-176.05151455614487,58.032,58.392,45,51,1,0.7328768546436799
64,179,-206.1968299730339,57.46927374301676,58.00558659217877,96,63,1,0.7292124703704616
65,138,-198.3931046755266,59.630434782608695,60.072463768115945,61,53,1,0.7255664080186093
66,199,-303.3428734072373,75.12060301507537,75.65829145728644,107,70,1,0.7219385759785162
67,190,-167.0642792934602,48.863157894736844,49.54736842105263,130,60,1,0.7183288830986236
68,118,-113.79276210863543,43.11864406779661,43.66101694915254,64,43,1,0.7147372386831305
69,148,-202.13626158283378,59.99324324324324,60.41216216216216,62,57,1,0.7111635524897149
70,159,-130.4689667122825,44.094339622641506,44.729559748427675,101,52,1,0.7076077347272662
71,186,-232.4614892402266,63.03763440860215,63.61827956989247,108,66,1,0.7040696960536299
72,168,-232.05003655490393,66.79761904761905,67.32142857142857,88,59,1,0.7005493475733617
73,174,-260.51010394927926,69.3735632183908,69.82758620689656,79,67,1,0.697046600835495
74,185,-244.7460598541403,63.90810810810811,64.43783783783783,98,66,1,0.6935613678313175
75,218,-232.81444864468236,58.178899082568805,58.825688073394495,141,72,1,0.6900935609921609
76,221,-316.7195164469714,76.00904977375566,76.65158371040724,142,72,1,0.6866430931872001
77,139,-147.10181715533514,50.34532374100719,50.97841726618705,88,47,1,0.6832098777212641
78,229,-269.8465569473142,64.44978165938865,65.1004366812227,149,77,1,0.6797938283326578
79,249,-299.5180197773023,64.11646586345381,64.69477911646587,144,87,1,0.6763948591909945
80,162,-211.57907371296318,62.49382716049383,62.99382716049383,81,59,1,0.6730128848950395
81,158,-142.61347497565464,42.93037974683544,43.436708860759495,80,56,1,0.6696478204705644
82,186,-223.01203869364002,62.81182795698925,63.44086021505376,117,63,1,0.6662995813682115
83,179,-232.8850844884196,63.25139664804469,63.787709497206706,96,65,1,0.6629680834613705
84,176,-212.07246671886818,61.89772727272727,62.55113636363637,115,59,1,0.6596532430440636
85,153,-235.62145267882894,70.06535947712419,70.58169934640523,79,55,1,0.6563549768288433
86,165,-188.4743640462529,58.61818181818182,59.236363636363635,102,56,1,0.653073201944699
87,137,-147.055445596827,49.18248175182482,49.70802919708029,72,49,1,0.6498078359349755
88,162,-195.3295156311437,63.46913580246913,64.17283950617283,114,51,1,0.6465587967553006
89,163,-183.78570750397913,55.877300613496935,56.4478527607362,93,56,1,0.6433260027715241
90,196,-210.25785232980462,55.58673469387755,56.19897959183673,120,65,1,0.6401093727576664
91,144,-146.78486631821343,52.048611111111114,52.75694444444444,102,46,1,0.6369088258938781
92,131,-189.94573281773262,61.221374045801525,61.68702290076336,61,48,1,0.6337242817644086
93,148,-174.2936619132839,57.020270270270274,57.608108108108105,87,47,1,0.6305556603555866
94,207,-238.26398158374013,61.333333333333336,61.95652173913044,129,68,1,0.6274028820538087
95,124,-96.8512348721826,36.62096774193548,37.185483870967744,70,44,1,0.6242658676435396
96,266,-314.1380781299912,66.296992481203,66.96992481203007,179,82,1,0.6211445383053219
97,132,-132.21334060529668,44.61363636363637,45.15151515151515,71,46,1,0.6180388156137953
98,244,-345.4373197362965,75.54918032786885,76.17622950819673,153,81,1,0.6149486215357263
99,196,-222.52457970393883,63.11224489795919,63.79081632653061,133,63,1,0.6118738784280476
100,177,-240.15286374012652,63.9774011299435,64.48022598870057,89,64,1,0.6088145090359074
101,174,-230.25179130702958,65.67241379310344,66.30459770114942,110,59,1,0.6057704364907278
102,221,-272.66475164347185,67.31221719457014,67.98190045248869,148,69,1,0.6027415843082742
103,157,-201.21182124622453,63.88535031847134,64.51592356687898,99,51,1,0.5997278763867329
104,166,-192.02140564957477,55.54819277108434,56.126506024096386,96,57,1,0.5967292370047992
105,210,-269.8135823925635,66.48095238095237,67.07619047619048,125,72,1,0.5937455908197752
106,133,-111.68364756373457,40.31578947368421,40.954887218045116,85,42,1,0.5907768628656763
107,194,-172.84816960389992,51.83505154639175,52.59278350515464,147,59,1,0.5878229785513479
108,180,-181.8547765979949,51.68888888888889,52.266666666666666,104,60,1,0.5848838636585911
109,281,-403.5915025588764,80.47686832740213,81.12455516014235,182,95,1,0.5819594443402982
110,166,-177.83852159483038,50.48795180722892,51.04819277108434,93,56,1,0.5790496471185967
111,210,-217.62597772786253,56.41904761904762,57.05714285714286,134,64,1,0.5761543988830038
112,180,-195.11044438600308,55.888888888888886,56.55555555555556,120,58,1,0.5732736268885887
113,157,-193.44120386604826,58.197452229299365,58.70700636942675,80,56,1,0.5704072587541458
114,195,-257.7804738288501,68.11282051282052,68.71282051282051,117,67,1,0.567555222460375
115,157,-110.66459188728143,36.28025477707006,36.910828025477706,99,48,1,0.5647174463480732
116,142,-164.7263935546664,56.66197183098591,57.32394366197183,94,43,1,0.5618938591163328
117,128,-104.18602504643287,38.875,39.4609375,75,43,1,0.5590843898207511
118,205,-182.8236921735053,49.26829268292683,49.97073170731707,144,61,1,0.5562889678716474
119,186,-217.9335966108717,60.74193548387097,61.37096774193548,117,60,1,0.5535075230322891
120,144,-146.57705086650373,52.173611111111114,52.861111111111114,99,45,1,0.5507399854171277
121,259,-294.4248098251689,67.47104247104247,68.1969111969112,188,77,1,0.547986285490042
122,159,-103.71277379346564,39.735849056603776,40.477987421383645,118,45,1,0.5452463540625918
123,260,-266.1486681044506,61.30769230769231,62.05,193,77,1,0.5425201222922789
124,209,-234.76360007417202,63.057416267942585,63.73205741626794,141,65,1,0.5398075216808175
125,309,-313.9246517194262,63.48220064724919,64.24919093851133,237,91,1,0.5371084840724134
126,241,-300.2323777380688,68.5850622406639,69.31535269709543,176,75,1,0.5344229416520513
127,195,-215.21239506044677,58.271794871794874,58.93846153846154,130,61,1,0.531750826943791
128,219,-214.3759041275123,57.789954337899545,58.57077625570776,171,62,1,0.5290920728090721
129,141,-148.51237606882762,48.63120567375886,49.1063829787234,67,46,1,0.5264466124450268
130,134,-119.16300755331734,42.69402985074627,43.24626865671642,74,43,1,0.5238143793828016
131,194,-234.47697161197704,67.4278350515464,68.17525773195877,145,58,1,0.5211953074858876
132,116,-77.26712353486722,35.91379310344828,36.61206896551724,81,30,1,0.5185893309484582
133,228,-122.73878068506453,35.92982456140351,36.71052631578947,178,66,1,0.5159963842937159
134,232,-255.10859513385407,62.71551724137931,63.44396551724138,169,68,1,0.5134164023722473
135,194,-226.8117547838359,60.21649484536083,60.77319587628866,108,61,1,0.510849320360386
136,299,-247.2244752684464,55.8494983277592,56.67892976588629,248,83,1,0.5082950737585841
137,315,-263.4050748148151,56.03174603174603,56.885714285714286,269,88,1,0.5057535983897912
138,235,-256.51300037343987,63.34893617021277,64.06808510638298,169,74,1,0.5032248303978422
139,306,-344.27666638194256,63.97385620915033,64.66993464052288,213,96,1,0.500708706245853
140,139,-142.3026060018191,47.51798561151079,48.07194244604317,77,42,1,0.4982051627146237
141,142,-134.66380802763382,48.767605633802816,49.401408450704224,90,43,1,0.49571413690105054
142,198,-185.34207748195368,54.26262626262626,54.98989898989899,144,55,1,0.4932355662165453
143,272,-224.65511095998497,53.77205882352941,54.5625,215,75,1,0.4907693883854626
144,207,-175.6772283252608,52.44927536231884,53.19806763285024,155,57,1,0.4883155414435353
145,178,-139.74491351845975,44.70224719101124,45.45505617977528,134,52,1,0.4858739637363176
146,277,-263.45670627539937,60.57039711191336,61.39350180505415,228,79,1,0.483444593917636
147,235,-205.06322415961847,53.55744680851064,54.327659574468086,181,67,1,0.4810273709480478
148,361,-251.51282939915095,50.393351800554015,51.27146814404432,317,97,1,0.47862223409330756
149,201,-161.01121834838563,48.840796019900495,49.60696517412935,154,54,1,0.47622912292284103
150,202,-196.02156685505784,55.44059405940594,56.148514851485146,143,62,1,0.4738479773082268
151,206,-168.3003550459728,54.35436893203884,55.20873786407767,176,51,1,0.47147873742168567
152,179,-195.61799644522833,56.385474860335194,57.02793296089386,115,56,1,0.46912134373457726
153,191,-162.95366313025764,48.52879581151832,49.261780104712045,140,59,1,0.46677573701590436
154,148,-102.62342568128072,39.972972972972975,40.63513513513514,98,41,1,0.46444185833082485
155,212,-177.4488456433277,50.198113207547166,50.929245283018865,155,61,1,0.46211964903917074
156,191,-161.5339572417246,50.36649214659686,51.12041884816754,144,54,1,0.4598090507939749
157,222,-205.93049779005955,55.027027027027025,55.7972972972973,171,58,1,0.457510005540005
158,295,-215.40811273004923,54.02033898305085,54.9728813559322,281,72,1,0.45522245551230495
159,144,-107.49243817196859,37.875,38.55555555555556,98,44,1,0.4529463432347434
160,282,-164.40556703947664,44.07801418439716,44.93617021276596,242,71,1,0.4506816115185697
161,371,-343.0094265890177,61.5633423180593,62.41239892183288,315,102,1,0.4484282034609769
162,237,-179.8839925457798,49.729957805907176,50.53164556962025,190,61,1,0.446186062443672
163,237,-193.35319633334464,53.32911392405063,54.18565400843882,203,62,1,0.4439551321314536
164,224,-221.17581610182216,55.495535714285715,56.183035714285715,154,61,1,0.4417353564707963
165,298,-220.3333743814867,52.89261744966443,53.81543624161074,275,80,1,0.43952667968844233
166,136,-76.30561314107305,34.98529411764706,35.830882352941174,115,36,1,0.43732904629000013
167,150,-86.10104778018977,36.92,37.68666666666667,115,39,1,0.4351424010585501
168,148,-130.05842831611008,48.82432432432432,49.58108108108108,112,39,1,0.43296668905325736
169,118,-110.67437748477334,44.271186440677965,44.94915254237288,80,34,1,0.43080185560799106
170,210,-129.1243363909712,41.41904761904762,42.21904761904762,168,55,1,0.4286478463299511
171,128,-94.64465334404012,38.0859375,38.7890625,90,34,1,0.42650460709830135
172,163,-121.88719882541633,48.9079754601227,49.80368098159509,146,38,1,0.42437208406280985
173,246,-166.99416564745414,49.10569105691057,49.97154471544715,213,62,1,0.4222502236424958
174,200,-115.86667262983303,39.155,39.94,157,51,1,0.42013897252428334
175,334,-199.81475215428398,45.50299401197605,46.40419161676647,301,83,1,0.4180382776616619
176,210,-184.98405341315373,53.352380952380955,54.095238095238095,156,61,1,0.4159480862733536
177,250,-194.05209179329884,49.684,50.44,189,66,1,0.41386834584198684
178,229,-155.0581736565852,50.943231441048034,51.86899563318777,212,55,1,0.4117990041127769
179,192,-137.64316508413918,45.708333333333336,46.505208333333336,153,54,1,0.40974000909221303
180,444,-302.9714774111684,55.479729729729726,56.47072072072072,440,108,1,0.40769130904675194
181,292,-168.96295747266177,44.657534246575345,45.54794520547945,260,73,1,0.40565285250151817
182,142,-91.62564928407824,35.86619718309859,36.598591549295776,104,37,1,0.4036245882390106
183,162,-137.23451274891394,44.89506172839506,45.54320987654321,105,46,1,0.4016064652978155
184,488,-292.4254328126591,52.22950819672131,53.23565573770492,491,113,1,0.3995984329713264
185,211,-143.32232488735758,44.29857819905213,45.07582938388626,164,47,1,0.3976004408064698
186,410,-301.20247481774516,58.80731707317073,59.81707317073171,414,98,1,0.39561243860243744
187,201,-174.7689026268439,53.472636815920396,54.26865671641791,160,53,1,0.3936343764094253
188,347,-277.0670783609279,60.47550432276657,61.42651296829971,330,82,1,0.39166620452737816
189,196,-104.0557520395062,39.44387755102041,40.326530612244895,173,51,1,0.3897078735047413
190,370,-200.98162480381848,46.04864864864865,46.994594594594595,350,86,1,0.3877593341372176
191,255,-189.11096300427434,52.94509803921569,53.831372549019605,226,66,1,0.3858205374665315
192,140,-98.27488873925815,41.67142857142857,42.464285714285715,111,34,1,0.38389143477919885
193,113,-97.92574656065105,43.16814159292036,43.823008849557525,74,27,1,0.3819719776053028
194,124,-79.56047980838234,39.064516129032256,39.86290322580645,99,31,1,0.3800621177172763
195,282,-180.32755418011655,48.847517730496456,49.776595744680854,262,69,1,0.37816180712868996
196,233,-154.47150279057735,42.54077253218884,43.30472103004292,178,55,1,0.37627099809304654
197,233,-199.04379755544832,56.57081545064378,57.4549356223176,206,58,1,0.3743896431025813
198,197,-139.96177206584517,43.08121827411168,43.80203045685279,142,51,1,0.37251769488706843
199,317,-214.57407141362447,52.99369085173502,53.94952681388013,303,76,1,0.3706551064126331
200,410,-218.82032159877997,46.97560975609756,47.951219512195124,400,92,1,0.36880183088056995
201,393,-279.18344323807173,57.10178117048346,58.083969465648856,386,93,1,0.3669578217261671
202,208,-148.94982148443808,55.21153846153846,56.19711538461539,205,48,1,0.36512303261753626
203,381,-236.14059530692154,49.797900262467195,50.803149606299215,383,86,1,0.3632974174544486
204,340,-273.8636684337913,58.21470588235294,59.15,318,79,1,0.3614809303671764
205,238,-183.65067888527366,55.180672268907564,56.075630252100844,213,54,1,0.3596735257153405
206,308,-205.1072454319488,49.75,50.63636363636363,273,76,1,0.3578751580867638
207,477,-289.9105380932511,49.16142557651992,50.073375262054505,435,115,1,0.35608578229633
208,184,-79.90292234176307,35.70652173913044,36.65217391304348,174,36,1,0.3543053533848483
209,366,-249.77840198592048,57.62568306010929,58.622950819672134,365,75,1,0.35253382661792404
210,249,-208.5318300361811,56.570281124497996,57.441767068273094,217,59,1,0.3507711574848344
211,188,-116.43344663362183,44.6063829787234,45.53191489361702,174,43,1,0.34901730169741024
212,500,-283.49082194605796,47.496,48.4,452,124,0,0.3472722151889232
213,297,-176.14385581293604,46.42424242424242,47.34006734006734,272,64,1,0.3455358541129786
214,364,-248.5832862966343,52.60164835164835,53.51373626373626,332,86,1,0.3438081748424137
215,160,-121.32585715742016,46.93125,47.7625,133,39,1,0.3420891339682016
216,439,-157.98509226565236,38.134396355353076,39.075170842824605,413,92,1,0.3403786882983606
217,278,-236.00237033391338,55.96762589928058,56.81654676258993,236,69,1,0.3386767948568688
218,297,-160.06752351813128,43.89225589225589,44.82828282828283,278,62,1,0.33698341088258443
219,231,-149.0440383768534,46.25108225108225,47.082251082251084,192,51,1,0.3352984938281715
220,233,-152.4419812131583,49.03862660944206,49.987124463519315,221,51,1,0.33362200135903064
221,204,-98.58487826923736,42.661764705882355,43.63235294117647,198,43,1,0.33195389135223546
222,169,-84.58922485173645,35.76331360946745,36.57988165680474,138,43,1,0.3302941218954743
223,149,-95.27051463704757,44.31543624161074,45.18791946308725,130,32,1,0.32864265128599696
224,207,-102.6285764842192,38.772946859903385,39.6231884057971,176,44,1,0.326999438029567
225,377,-272.6817255415269,58.52254641909814,59.54907161803713,387,84,1,0.3253644408394192
226,380,-255.50902911116285,53.410526315789475,54.373684210526314,366,89,1,0.3237376186352221
227,158,-107.88096633849838,40.70253164556962,41.48101265822785,123,33,1,0.322118930542046
228,168,-144.55492682202743,54.410714285714285,55.273809523809526,145,42,1,0.32050833588933575
229,199,-110.73950202317839,38.2713567839196,39.05527638190955,156,48,1,0.31890579420988907
230,274,-184.75704534295065,48.237226277372265,49.083941605839414,232,61,1,0.3173112652388396
231,385,-221.48026419687102,47.91688311688312,48.885714285714286,373,89,1,0.3157247089126454
232,203,-121.1182134930448,45.64039408866995,46.55172413793103,185,44,1,0.3141460853680822
233,140,-87.96803255219422,40.392857142857146,41.18571428571428,111,33,1,0.3125753549412418
234,500,-200.51195760406804,44.094,45.148,527,106,0,0.31101247816653554
235,183,-76.72587200331753,32.34426229508197,33.169398907103826,151,44,1,0.30945741577570285
236,343,-153.03739377105035,44.19241982507289,45.21282798833819,350,69,1,0.3079101286968243
237,500,-140.2864583110864,40.338,41.462,562,100,0,0.3063705780533402
238,178,-91.43167031819478,35.26966292134831,36.050561797752806,139,42,1,0.30483872516307353
239,278,-201.95793351976639,53.65107913669065,54.57194244604317,256,70,1,0.3033145315372582
240,500,-214.56013951025236,45.418,46.47,526,105,0,0.3017979588795719
241,307,-179.01766072420088,47.954397394136805,48.90879478827362,293,74,1,0.30028896908517405
242,232,-116.04981118757425,43.53879310344828,44.51293103448276,226,50,1,0.2987875242397482
243,369,-195.34578870840508,49.016260162601625,50.048780487804876,381,76,1,0.29729358661854943
244,379,-234.19587498256925,54.62005277044855,55.66490765171504,396,81,1,0.29580711868545667
245,401,-205.8072544880993,48.4214463840399,49.42643391521197,403,82,1,0.2943280830920294
246,286,-154.7019060322745,47.56643356643357,48.6013986013986,296,64,1,0.29285644267656924
247,193,-116.4250180636176,49.398963730569946,50.424870466321245,198,40,1,0.2913921604631864
248,265,-122.26438522658401,40.5433962264151,41.490566037735846,251,59,1,0.28993519966087045
249,187,-114.08627665455607,49.48663101604278,50.524064171122994,194,38,1,0.2884855236625661
250,251,-113.20004064517565,37.601593625498005,38.49003984063745,223,56,1,0.28704309604425327
251,231,-134.3365739819229,42.61038961038961,43.47186147186147,199,46,1,0.285607880564032
252,356,-166.44534821855916,44.37359550561798,45.348314606741575,347,84,1,0.28417984116121187
253,172,-80.66214227077172,35.33720930232558,36.16279069767442,142,33,1,0.2827589419554058
254,451,-206.19333336131058,45.54545454545455,46.572062084257205,463,91,1,0.28134514724562876
255,243,-72.76102554676584,32.18930041152263,33.1522633744856,234,46,1,0.2799384215094006
256,394,-219.73495549738615,47.7258883248731,48.66243654822335,369,91,1,0.27853872940185365
257,209,-103.51705303425759,43.5933014354067,44.57416267942584,205,41,1,0.27714603575484437
258,404,-246.46350003118496,50.81435643564357,51.801980198019805,399,89,1,0.2757603055760701
259,500,-188.30399788473565,44.326,45.4,537,97,0,0.2743815040481898
260,303,-156.398434591382,44.66006600660066,45.65016501650165,300,63,1,0.2730095965279488
261,251,-143.63463034807452,46.50996015936255,47.45816733067729,238,54,1,0.27164454854530906
262,236,-86.25722819185545,35.69491525423729,36.601694915254235,214,48,1,0.2702863258025825
263,246,-93.06446588848748,32.96747967479675,33.8089430894309,207,48,1,0.2689348941735696
264,253,-106.09904464814029,37.58498023715415,38.458498023715414,221,53,1,0.26759021970270175
265,500,-284.0973903206672,52.426,53.418,496,100,0,0.2662522686041882
266,376,-95.23918352499796,34.005319148936174,35.013297872340424,379,70,1,0.2649210072611673
267,209,-147.41838990582033,51.770334928229666,52.717703349282296,198,47,1,0.26359640222486147
268,500,-213.2649414666986,44.192,45.196,502,99,0,0.26227842021373715
269,206,-103.00468706756199,40.72330097087379,41.62135922330097,185,47,1,0.2609670281126685
270,458,-203.07582460184526,43.685589519650655,44.67903930131004,455,96,1,0.25966219297210513
271,383,-148.14733027716105,39.99738903394256,40.989556135770236,380,72,1,0.2583638820072446
272,143,-116.9410122077761,46.77622377622377,47.48951048951049,102,29,1,0.2570720625972084
273,263,-197.13955352134553,56.31939163498099,57.30038022813688,258,58,1,0.25578670228422234
274,246,-96.19989637755286,38.739837398373986,39.71138211382114,239,44,1,0.25450776877280124
275,285,-122.2341975070022,37.487719298245615,38.40701754385965,262,57,1,0.2532352299289372
276,500,-153.82801563893312,40.066,41.13,532,96,0,0.2519690537792925
277,264,-86.77135385930914,33.48106060606061,34.43939393939394,253,59,1,0.2507092085103961
278,500,-226.89540026574244,49.438,50.552,557,84,0,0.2494556624678441
279,475,-281.2041482233806,54.96,56.00421052631579,496,92,1,0.24820838415550486
280,301,-159.22996376976334,45.50830564784053,46.48172757475083,293,67,1,0.24696734223472733
281,245,-125.09008036547574,44.96326530612245,45.95102040816327,242,41,1,0.2457325055235537
282,267,-119.43978935591429,42.97752808988764,43.97378277153558,266,48,1,0.24450384299593592
283,301,-116.38054396095306,41.18604651162791,42.23255813953488,315,57,1,0.24328132378095624
284,208,-136.1759338193068,45.79807692307692,46.67307692307692,182,44,1,0.24206491716205145
285,160,-96.19161891089963,42.33125,43.1875,137,30,1,0.2408545925762412
286,188,-57.3754519334254,31.96276595744681,32.898936170212764,176,37,1,0.23965031961336
287,335,-112.73918678126644,33.0,33.89253731343283,299,65,1,0.2384520680152932
288,500,-158.84362469406352,39.426,40.422,498,87,0,0.23725980767521673
289,267,-93.86462178394302,35.7940074906367,36.71910112359551,247,50,1,0.23607350863684065
290,500,-259.5112105532186,52.048,53.088,520,90,0,0.23489314109365644
291,92,-46.746157534024036,27.684782608695652,28.315217391304348,58,14,1,0.23371867538818816
292,108,-64.79674476580901,41.092592592592595,42.01851851851852,100,20,1,0.23255008201124722
293,314,-128.5263480230437,39.47133757961783,40.48407643312102,318,61,1,0.231387331601191
294,204,-121.40859795231913,43.81372549019608,44.71568627450981,184,43,1,0.23023039494318503
295,383,-175.57591383004512,42.17232375979112,43.08355091383812,349,67,1,0.2290792429684691
296,500,-127.41662189568426,41.81,43.01,600,87,0,0.22793384675362674
297,368,-141.31968019977907,40.91847826086956,41.97010869565217,387,70,1,0.22679417751985861
298,328,-93.75483719422846,32.1219512195122,33.015243902439025,293,63,1,0.22566020663225933
299,500,-135.21466458024415,37.746,38.8,527,95,0,0.22453190559909803
300,500,-214.7801144626923,47.758,48.854,548,93,0,0.22340924607110255
301,148,-68.09152058834536,34.898648648648646,35.851351351351354,141,27,1,0.22229219984074702
302,329,-98.98463942518295,32.851063829787236,33.79939209726444,312,69,1,0.2211807388415433
303,330,-105.01461806891292,38.2030303030303,39.28787878787879,358,55,1,0.22007483514733558
304,500,-247.13528624171238,49.704,50.766,531,94,0,0.2189744609715989
305,167,-80.96171409334477,37.035928143712574,37.880239520958085,141,30,1,0.2178795886667409
306,189,-59.57532355768137,34.0,35.00529100529101,190,35,1,0.2167901907234072
307,432,-194.08507416348672,46.51851851851852,47.5787037037037,458,76,1,0.21570623976979014
308,264,-73.16132502525777,31.776515151515152,32.708333333333336,246,47,1,0.21462770857094118
309,197,-96.78821002974445,37.411167512690355,38.263959390862944,168,38,1,0.21355457002808648
310,236,-90.08921133680772,33.016949152542374,33.847457627118644,196,48,1,0.21248679717794605
311,308,-120.95981061481808,38.9025974025974,39.84090909090909,289,59,1,0.21142436319205632
312,500,-129.28225289646932,37.166,38.22,527,90,0,0.21036724137609603
313,485,-208.78944673999607,48.802061855670104,49.950515463917526,557,89,1,0.20931540516921554
314,500,-152.6450796445061,39.2,40.218,509,89,0,0.20826882814336947
315,202,-113.56257250195773,41.23267326732673,42.133663366336634,182,43,1,0.20722748400265262
316,500,-82.69074792886211,31.47,32.506,518,89,0,0.20619134658263935
317,171,-97.76407242789556,42.801169590643276,43.71345029239766,156,34,1,0.20516038984972615
318,145,-64.49496024548071,32.00689655172414,32.793103448275865,114,27,1,0.2041345879004775
319,222,-100.68377538335116,38.234234234234236,39.189189189189186,212,33,1,0.2031139149609751
320,448,-158.26033792784477,41.441964285714285,42.488839285714285,469,83,1,0.20209834538617025
321,500,-160.3844404896677,39.604,40.63,513,86,0,0.2010878536592394
322,500,-179.9660300766616,41.334,42.378,522,94,0,0.2000824143909432
323,211,-78.01222951450944,37.12322274881517,38.11848341232228,210,34,1,0.19908200231898848
324,218,-85.00881399235826,35.169724770642205,36.06422018348624,195,44,1,0.19808659230739353
325,191,-100.73534464559305,41.61256544502618,42.52879581151832,175,38,1,0.19709615934585656
326,334,-203.61778688965765,53.709580838323355,54.74251497005988,345,59,1,0.19611067854912728
327,103,-73.43776569640964,37.23300970873787,37.95145631067961,74,19,1,0.19513012515638165
328,148,-77.01350040340301,33.50675675675676,34.2027027027027,103,22,1,0.19415447453059972
329,163,-79.66606272960281,35.91411042944785,36.74233128834356,135,26,1,0.19318370215794672
330,417,-128.50674247262012,36.673860911270985,37.65467625899281,409,78,1,0.192217783647157
331,276,-140.82831752244388,45.22463768115942,46.22463768115942,276,49,1,0.1912566947289212
332,300,-184.90568330766848,55.47,56.52,315,51,1,0.1903004112552766
333,305,-112.9266093999733,37.072131147540986,38.0,283,57,1,0.18934890919900021
334,427,-97.71623555580727,34.40749414519906,35.48711943793911,461,78,1,0.18840216465300522
335,343,-179.7892744628078,48.25947521865889,49.25364431486881,341,61,1,0.18746015382974018
336,383,-141.7943156767545,43.052219321148826,44.12793733681462,412,72,1,0.1865228530605915
337,475,-159.1699799423003,39.91157894736842,40.934736842105266,486,87,1,0.18559023879528855
338,195,-96.95297647077473,38.61025641025641,39.45128205128205,164,33,1,0.1846622876013121
339,500,-177.35102922939748,43.322,44.408,543,91,0,0.18373897616330553
340,364,-123.48058805712992,42.120879120879124,43.21978021978022,400,57,1,0.182820281282489
341,500,-124.32368712039556,36.106,37.17,532,95,0,0.18190617987607657
342,500,-60.695314335727026,33.456,34.594,569,81,0,0.18099664897669618
343,500,-167.55460491105035,44.012,45.146,567,79,0,0.1800916657318127
344,441,-97.07467826616472,36.63038548752834,37.73015873015873,485,68,1,0.17919120740315364
345,247,-86.1775906102733,36.874493927125506,37.874493927125506,247,42,1,0.17829525136613786
346,500,-109.91849834435303,37.24,38.36,560,75,0,0.17740377510930716
347,263,-103.33577025133766,39.46768060836502,40.448669201520914,258,45,1,0.17651675623376062
348,178,-37.20064603828855,24.337078651685392,25.247191011235955,162,30,1,0.1756341724525918
349,244,-83.87275123685068,36.307377049180324,37.26639344262295,234,42,1,0.17475600159032884
350,500,-94.75067672703791,36.476,37.572,548,78,0,0.17388222158237718
351,500,-134.3916424616871,39.674,40.774,550,83,0,0.1730128104744653
352,377,-143.72914652424973,42.47480106100796,43.52254641909814,395,61,1,0.17214774642209296
353,500,-74.87060529660572,34.842,36.002,580,83,0,0.1712870076899825
354,500,-126.94201654830673,40.162,41.288,563,85,0,0.17043057265153258
355,500,-71.65689718652357,31.666,32.726,530,81,0,0.16957841978827493
356,112,-49.12736030142258,29.821428571428573,30.571428571428573,84,19,1,0.16873052768933355
357,364,-76.09384401132877,32.27197802197802,33.3021978021978,375,59,1,0.1678868750508869
358,115,-58.15898808734564,30.669565217391305,31.4,84,23,1,0.16704744067563246
359,500,-49.08015228297972,31.46,32.56,550,77,0,0.1662122034722543
360,469,-144.46348112982017,40.47334754797441,41.57782515991471,518,74,1,0.16538114245489302
361,500,-55.899868791568416,32.894,34.008,557,80,0,0.16455423674261854
362,500,-110.34076701784768,35.794,36.856,531,82,0,0.16373146555890544
363,478,-201.41301619904527,50.13598326359833,51.2928870292887,553,74,1,0.16291280823111093
364,500,-106.67773879068237,36.336,37.406,535,82,0,0.16209824418995536
365,357,-67.0691223365974,28.92997198879552,29.871148459383754,336,59,1,0.16128775296900558
366,500,-124.23267928416678,38.978,40.092,557,86,0,0.16048131420416054
367,253,-105.32432883245228,41.18181818181818,42.21343873517787,261,36,1,0.15967890763313974
368,460,-114.11743841840769,35.869565217391305,36.91304347826087,480,73,1,0.15888051309497406
369,500,-52.24586411233157,32.87,34.026,578,71,0,0.1580861105294992
370,475,-94.8204197685177,32.50105263157895,33.5178947368421,483,76,1,0.1572956799768517
371,500,-171.3584575383201,43.708,44.802,547,88,0,0.15650920157696743
372,500,-148.62498299552226,41.828,42.932,552,80,0,0.1557266555690826
373,245,-52.78331111991628,32.15102040816326,33.2,257,37,1,0.1549480222912372
374,326,-108.16206704735482,41.54601226993865,42.65337423312884,361,52,1,0.15417328217978102
375,321,-134.53841454945191,43.13084112149533,44.17445482866044,335,56,1,0.1534024157688821
376,426,-113.00879738782395,39.485915492957744,40.59154929577465,471,61,1,0.1526354036900377
377,129,-43.802898762906665,28.286821705426355,29.131782945736433,109,22,1,0.1518722266715875
378,500,-172.97173678638876,45.578,46.718,570,77,0,0.15111286553822956
379,500,-122.95155496838477,39.356,40.48,562,78,0,0.15035730121053842
380,500,-107.92073123623776,37.238,38.328,545,76,0,0.14960551470448571
381,183,-75.37661307679903,37.90710382513661,38.86338797814208,175,33,1,0.14885748713096328
382,210,-71.72424370163567,34.838095238095235,35.819047619047616,206,35,1,0.14811319969530845
383,500,-4.0203574937669115,26.068,27.15,541,72,0,0.1473726336968319
384,287,-62.89794771866379,32.09407665505226,33.13240418118467,298,43,1,0.14663577052834775
385,500,-65.48683274185446,30.348,31.414,533,86,0,0.14590259167570602
386,393,-220.58085394117643,54.3765903307888,55.463104325699746,427,63,1,0.1451730787173275
387,500,-131.66034593801365,41.654,42.81,578,75,0,0.14444721332374086
388,500,-168.3636218561873,44.452,45.576,562,81,0,0.14372497725712216
389,500,-115.91064684484029,38.636,39.758,561,78,0,0.14300635237083656
390,234,-82.57685237250335,37.914529914529915,38.914529914529915,234,38,1,0.14229132060898236
391,272,-65.02586018075253,32.75735294117647,33.76470588235294,274,44,1,0.14157986400593744
392,448,-89.12981822322283,33.85044642857143,34.901785714285715,471,71,1,0.14087196468590776
393,500,-97.00196405682586,34.834,35.926,546,84,0,0.14016760486247823
394,335,-68.55786621997498,30.940298507462686,31.93134328358209,332,53,1,0.13946676683816583
395,500,-37.1079872630251,27.292,28.33,519,76,0,0.138769433003975
396,122,-59.72944530802027,34.631147540983605,35.467213114754095,102,18,1,0.13807558583895513
397,152,-40.79089053219031,27.29605263157895,28.236842105263158,143,27,1,0.13738520790976036
398,500,-87.7711244328003,32.15,33.17,510,80,0,0.13669828187021155
399,360,-133.20841450908304,43.95,45.09444444444444,412,55,1,0.13601479046086049
400,248,-76.19283931953821,35.391129032258064,36.391129032258064,248,39,1,0.1353347165085562
401,500,-102.19341036734636,34.434,35.476,521,79,0,0.1346580429260134
402,500,-83.99772396357798,36.054,37.192,569,78,0,0.13398475271138335
403,500,-84.67878073278587,32.75,33.822,536,80,0,0.13331482894782642
404,500,-79.06762788735062,34.904,36.01,553,76,0,0.13264825480308728
405,500,-129.6949084061882,39.176,40.3,562,79,0,0.13198501352907185
406,454,-110.95116677961555,39.85462555066079,41.00660792951542,523,65,1,0.1313250884614265
407,181,-44.96182790817854,31.243093922651934,32.226519337016576,178,27,1,0.13066846301911936
408,500,-69.27209033844206,33.286,34.402,558,72,0,0.13001512070402377
409,497,-82.40839733828616,34.012072434607646,35.138832997987926,560,72,1,0.12936504510050365
410,500,-101.39207558774656,38.36,39.494,567,72,0,0.12871821987500112
411,326,-63.61226399840815,31.15644171779141,32.18711656441718,336,53,1,0.12807462877562611
412,219,-65.7656779255619,30.995433789954337,31.95433789954338,210,36,1,0.12743425563174798
413,500,-44.82065733365401,29.42,30.48,530,71,0,0.12679708435358925
414,500,-118.2811295314673,39.144,40.282,569,78,0,0.1261630989318213
415,207,-34.474575707633484,27.03864734299517,28.04830917874396,209,32,1,0.1255322834371622
416,196,-50.00251995347971,30.214285714285715,31.198979591836736,193,27,1,0.12490462201997637
417,500,-91.58306189887817,34.342,35.384,521,70,0,0.1242800989098765
418,500,-88.04530127955984,34.53,35.614,542,79,0,0.12365869841532712
419,500,-77.2693551197646,31.594,32.632,519,78,0,0.12304040492325048
420,500,-101.47024004031184,38.584,39.764,590,75,0,0.12242520289863423
421,500,-37.92027220642209,31.862,33.036,587,68,0,0.12181307688414106
422,500,-72.59346657107469,31.044,32.084,520,75,0,0.12120401149972035
423,500,-64.97851766349287,32.262,33.362,550,72,0,0.12059799144222175
424,500,-58.57974732301371,35.394,36.62,613,69,0,0.11999500148501063
425,303,-53.596915635620526,28.56105610561056,29.541254125412543,297,49,1,0.11939502647758558
426,500,-107.37461808337714,35.04,36.106,533,81,0,0.11879805134519765
427,500,-75.3675299261912,33.83,34.936,553,77,0,0.11820406108847166
428,198,-79.78652278598902,36.94949494949495,37.823232323232325,173,31,1,0.1176130407830293
429,500,-66.66778905462935,36.248,37.44,596,68,0,0.11702497557911415
430,500,-52.33654205548371,30.744,31.868,562,79,0,0.11643985070121858
431,500,-73.79255433568349,34.22,35.328,554,76,0,0.11585765144771248
432,500,-94.36078827675126,36.784,37.904,560,70,0,0.11527836319047392
433,500,-37.3853423899904,30.754,31.894,570,77,0,0.11470197137452155
434,161,-57.892902758594424,34.94409937888199,35.857142857142854,147,24,1,0.11412846151764894
435,500,-25.517423134706497,28.434,29.54,553,76,0,0.1135578192100607
436,500,-34.729835769261335,30.674,31.824,575,73,0,0.11299003011401039
437,193,-57.7440415567139,32.02590673575129,32.979274611398964,184,28,1,0.11242507996344034
438,427,-133.0146311041229,39.89695550351288,40.922716627634664,438,62,1,0.11186295456362313
439,500,-45.845317456425356,31.87,33.04,585,75,0,0.11130363979080501
440,500,-58.38875758895056,31.688,32.808,560,82,0,0.11074712159185099
441,500,-28.55617017698672,29.542,30.676,567,73,0,0.11019338598389174
442,154,-51.75087553409417,32.48701298701299,33.45454545454545,149,23,1,0.10964241905397228
443,500,-29.78803025622267,30.154,31.304,575,68,0,0.10909420695870241
444,500,-65.68116521787557,35.57,36.744,587,62,0,0.1085487359239089
445,257,-80.02799016284543,34.69260700389105,35.64980544747082,246,42,1,0.10800599224428936
446,500,-31.617841738059827,29.722,30.864,571,78,0,0.10746596228306791
447,297,-51.8339605500438,31.595959595959595,32.676767676767675,321,43,1,0.10692863247165257
448,257,-85.96667927082932,33.29182879377432,34.1556420233463,222,40,1,0.1063939893092943
449,453,-68.3969280764983,33.796909492273734,34.94260485651214,519,66,1,0.10586201936274783
450,500,-35.8366141892951,30.576,31.722,573,73,0,0.10533270926593409
451,500,-27.71922918013241,29.154,30.284,565,74,0,0.10480604571960442
452,357,-85.75188964343049,36.83473389355742,37.943977591036415,396,59,1,0.1042820154910064
453,500,-31.03243102256635,32.646,33.842,598,71,0,0.10376060541355137
454,500,13.114038212114009,27.81,29.03,610,68,0,0.1032418023864836
455,500,-47.746781334559486,31.254,32.358,552,71,0,0.10272559337455119
456,500,-7.457933495408635,27.388,28.502,557,73,0,0.10221196540767843
457,500,-39.36925184857767,29.338,30.422,542,74,0,0.10170090558064004
458,500,-82.35792995415326,34.328,35.428,550,70,0,0.10119240105273684
459,500,-69.205374953536,35.56,36.752,596,74,0,0.10068643904747315
460,483,-59.21120231382517,32.35403726708075,33.46583850931677,537,63,1,0.10018300685223579
461,183,-38.43593157514481,27.825136612021858,28.808743169398905,180,30,1,0.0996820918179746
462,144,-63.581920616307364,37.416666666666664,38.46527777777778,151,23,1,0.09918368135888474
463,500,-66.2318589389116,35.27,36.446,588,73,0,0.09868776295209031
464,500,-62.9101974273026,34.43,35.58,575,68,0,0.09819432413732986
465,500,-67.0318533056931,34.742,35.888,573,71,0,0.09770335251664321
466,500,5.697315042863879,26.116,27.256,570,69,0,0.09721483575406
467,500,-11.427364589449972,27.748,28.9,576,66,0,0.09672876157528969
468,500,-25.81172772962082,27.842,28.928,543,75,0,0.09624511776741324
469,500,-55.86784988379897,32.44,33.572,566,72,0,0.09576389217857617
470,500,-2.7169549304168403,29.354,30.558,602,64,0,0.09528507271768329
471,500,-74.99004815405003,36.316,37.478,581,71,0,0.09480864735409487
472,500,-115.72099036467601,39.724,40.866,571,66,0,0.0943346041173244
473,500,-100.21650635028266,37.524,38.636,556,78,0,0.09386293109673778
474,500,-37.93325627824913,32.614,33.786,586,67,0,0.09339361644125409
475,500,-14.793246190581137,30.602,31.814,606,70,0,0.09292664835904782
476,236,-58.52549250930417,31.322033898305083,32.29237288135593,229,34,1,0.09246201511725258
477,500,-42.91364762808461,30.27,31.384,557,74,0,0.09199970504166631
478,500,-59.19323564693428,33.818,34.96,571,68,0,0.09153970651645797
479,500,-61.28441494730682,34.976,36.152,588,70,0,0.09108200798387568
480,500,-9.774018726793763,27.774,28.914,570,72,0,0.0906265979439563
481,500,-21.1180991741342,29.598,30.724,563,64,0,0.09017346495423652
482,500,-28.10288514350039,25.84,26.862,511,67,0,0.08972259762946533
483,448,-38.498680090278775,27.671875,28.734375,476,63,1,0.089273984641318
484,500,-1.2748330392302087,26.084,27.19,553,71,0,0.0888276147181114
485,500,-21.030562056007447,28.47,29.584,557,79,0,0.08838347664452084
486,500,-36.55812511547674,29.564,30.68,558,79,0,0.08794155926129824
487,128,-46.617203776213586,31.8359375,32.71875,113,21,1,0.08750185146499175
488,500,-35.34451665891755,30.02,31.13,555,66,0,0.08706434220766679
489,500,-7.079723705953205,26.88,27.998,559,74,0,0.08662902049662846
490,500,-48.71006901335411,32.608,33.8,596,75,0,0.08619587539414532
491,500,-24.127967487288736,28.038,29.148,555,76,0,0.08576489601717459
492,500,-6.22273767660635,28.9,30.094,597,69,0,0.08533607153708872
493,500,-1.7761285147576718,27.048,28.196,574,75,0,0.08490939117940327
494,500,13.977607785158128,28.442,29.684,621,73,0,0.08448484422350626
495,500,-25.873859613273748,31.062,32.236,587,70,0,0.08406242000238873
496,500,-40.16244333715001,30.81,31.942,566,70,0,0.08364210790237678
497,500,12.420262132735825,22.288,23.336,524,69,0,0.0832238973628649
498,500,-13.999116639269891,31.14,32.356,608,70,0,0.08280777787605056
499,500,-42.759415319180775,32.09,33.236,573,72,0,0.08239373898667031
500,500,-39.488056406761515,30.838,31.994,578,71,0,0.08198177029173696
501,500,-19.156784341262945,30.848,32.02,586,66,0,0.08157186144027828
502,500,-13.778547355287193,26.078,27.162,542,70,0,0.0811640021330769
503,500,-4.507081630425723,29.338,30.55,606,62,0,0.08075818212241151
504,500,-17.260951939304263,27.642,28.76,559,66,0,0.08035439121179945
505,500,-22.793318324392533,30.53,31.716,593,65,0,0.07995261925574046
506,500,-4.626414575686976,27.11,28.238,564,71,0,0.07955285615946175
507,500,-27.286353271127293,30.148,31.284,568,68,0,0.07915509187866444
508,500,-34.54928425992429,32.668,33.854,593,68,0,0.07875931641927113
509,500,-63.070558990142366,36.112,37.298,593,67,0,0.07836551983717477
510,500,-24.091175383498484,26.96,28.02,530,71,0,0.07797369223798889
511,500,-2.540162674427708,26.924,28.066,571,67,0,0.07758382377679894
512,500,-54.329082324198595,31.244,32.338,547,64,0,0.07719590465791494
513,500,-4.728853248950307,24.66,25.706,523,74,0,0.07680992513462537
514,500,43.87597952168041,22.968,24.126,579,66,0,0.07642587550895225
515,500,34.35711972934125,22.776,23.908,566,68,0,0.07604374613140748
516,500,15.49913066236345,26.846,28.022,588,68,0,0.07566352740075044
517,500,-29.379446475349134,31.084,32.25,583,66,0,0.07528520976374668
518,500,-31.621071634757083,30.592,31.762,585,71,0,0.07490878371492794
519,500,27.717459405688118,24.314,25.478,582,63,0,0.0745342397963533
520,500,34.22171675998737,21.892,22.978,543,62,0,0.07416156859737154
521,500,37.461386657714286,21.844,22.938,547,66,0,0.07379076075438468
522,270,-34.96827450983547,29.496296296296297,30.581481481481482,293,36,1,0.07342180695061275
523,500,16.443107515326,26.676,27.87,597,66,0,0.07305469791585968
524,500,-78.06699920036785,36.06,37.2,570,67,0,0.07268942442628039
525,500,8.360937601571964,23.912,24.984,536,71,0,0.07232597730414898
526,500,19.28625022311836,23.42,24.538,559,66,0,0.07196434741762824
527,500,24.18805164310296,22.222,23.288,533,63,0,0.0716045256805401
528,500,-6.196370439141766,25.238,26.328,545,68,0,0.0712465030521374
529,500,-24.043907120082483,28.164,29.244,540,68,0,0.0708902705368767
530,297,-58.8720785821504,36.28619528619529,37.45454545454545,347,40,1,0.07053581918419231
531,500,36.54284549201449,23.43,24.588,579,69,0,0.07018314008827135
532,500,26.241669141348495,24.312,25.464,576,67,0,0.06983222438783
533,500,-7.104624003747324,25.576,26.658,541,69,0,0.06948306326589085
534,500,11.277650188970908,25.17,26.316,573,66,0,0.0691356479495614
535,500,28.55151098077312,25.986,27.194,604,65,0,0.06878996970981359
536,500,20.91784687166612,25.306,26.438,566,60,0,0.06844601986126451
537,500,44.25636797664248,19.72,20.778,529,67,0,0.06810378976195819
538,500,26.964045673266675,26.688,27.932,622,63,0,0.0677632708131484
539,500,39.530981205729766,22.12,23.238,559,61,0,0.06742445445908266
540,500,44.731821668705116,23.106,24.262,578,61,0,0.06708733218678724
541,487,-26.150232543119177,28.878850102669404,30.02053388090349,556,63,1,0.0667518955258533
542,500,-3.7523929397969553,26.108,27.198,545,63,0,0.06641813604822402
543,500,8.014874049647933,28.358,29.568,605,69,0,0.0660860453679829
544,500,20.718580160803768,23.834,24.922,544,65,0,0.06575561514114299
545,500,1.833869220122414,25.848,26.962,557,60,0,0.06542683706543727
546,500,33.624617448194094,18.744,19.738,497,71,0,0.06509970288011008
547,358,-94.57688363833752,39.99162011173184,41.114525139664806,402,46,1,0.06477420436570952
548,500,29.28696162576334,25.104,26.278,587,63,0,0.06445033334388098
549,500,30.82683871224581,21.868,22.982,557,72,0,0.06412808167716157
550,500,-79.41773922786793,34.494,35.608,557,70,0,0.06380744126877576
551,500,11.758048541197823,23.91,24.998,544,70,0,0.06348840406243188
552,500,-7.724118800873898,26.276,27.38,552,70,0,0.06317096204211972
553,500,4.87434812025813,28.528,29.71,591,57,0,0.06285510723190912
554,500,5.31924919784002,26.334,27.488,577,67,0,0.06254083169574957
555,500,45.334256762508495,21.484,22.616,566,62,0,0.062228127537270826
556,500,38.25933311168296,21.864,22.976,556,64,0,0.06191698689958447
557,500,43.10285032665208,23.19,24.36,585,56,0,0.061607401965086545
558,500,37.41598393792539,24.192,25.38,594,64,0,0.06129936495526111
559,500,16.682117626899274,25.16,26.314,577,66,0,0.0609928681304848
560,500,16.61085635244821,24.824,25.974,575,66,0,0.060687903789832374
561,500,-0.6863475997043711,26.936,28.07,567,67,0,0.06038446427088321
562,500,44.494302270391046,23.074,24.258,592,59,0,0.06008254194952879
563,500,2.7812205605962266,25.558,26.662,552,64,0,0.05978212923978115
564,500,-53.21354576427469,33.858,35.034,588,63,0,0.05948321859358224
565,500,53.03874608692955,18.282,19.34,529,63,0,0.05918580250061433
566,500,40.74335606191295,23.686,24.856,585,64,0,0.058889873488111255
567,500,31.59234697050598,25.178,26.366,594,60,0,0.058595424120670696
568,500,23.45294147304068,24.306,25.42,557,67,0,0.05830244700006734
569,500,22.283196016406205,25.356,26.514,579,67,0,0.058010934765067
570,221,-32.1198536693422,29.122171945701357,30.171945701357465,232,26,1,0.05772088009124167
571,500,34.54620907448335,22.364,23.492,564,61,0,0.05743227569078546
572,500,54.4255627462611,23.654,24.906,626,65,0,0.05714511431233153
573,500,37.02548731797693,22.644,23.762,559,63,0,0.05685938874076987
574,500,11.569096138095993,27.668,28.878,605,58,0,0.056575091797066025
575,500,31.798114509403064,24.694,25.87,588,61,0,0.056292216338080694
576,500,66.22177798875644,20.894,22.066,586,63,0,0.05601075525639029
577,500,29.64278325546792,25.354,26.524,585,61,0,0.05573070148010834
578,500,30.775355098744082,24.404,25.562,579,68,0,0.0554520479727078
579,500,56.222025489361734,21.622,22.786,582,63,0,0.05517478773284426
580,248,-41.84875887219773,31.592741935483872,32.681451612903224,270,31,1,0.05489891379418004
581,500,46.62577484544504,24.074,25.286,606,63,0,0.05462441922520914
582,500,23.776478786937318,26.964,28.166,601,61,0,0.0543512971290831
583,500,54.12409460408076,20.49,21.62,565,67,0,0.05407954064343768
584,500,28.43638670639733,24.176,25.326,575,62,0,0.05380914294022049
585,500,29.983201326433814,24.282,25.432,575,61,0,0.05354009722551939
586,500,16.110743183996632,24.948,26.082,567,64,0,0.05327239673939179
587,500,41.923295822127926,20.352,21.414,531,61,0,0.053006034755694834
588,500,41.82922677679527,23.04,24.198,579,65,0,0.052741004581916356
589,500,15.14305159658457,26.488,27.644,578,69,0,0.052477299559006776
590,500,53.091635244669874,22.844,24.05,603,65,0,0.052214913061211746
591,500,31.40410939298068,22.956,24.094,569,66,0,0.05195383849590569
592,500,43.91287421207096,21.302,22.434,566,65,0,0.05169406930342616
593,500,25.520529142883866,23.826,24.968,571,66,0,0.05143559895690903
594,500,25.2830100677611,24.312,25.474,581,65,0,0.051178420962124486
595,500,31.570412130943534,26.496,27.714,609,61,0,0.05092252885731386
596,500,-10.656633394439991,26.926,28.014,544,64,0,0.05066791621302729
597,500,23.943877213662567,24.486,25.62,567,60,0,0.05041457663196215
598,500,13.334291764330713,26.534,27.704,585,65,0,0.050162503748802344
599,500,36.15692879385955,23.324,24.46,568,60,0,0.049911691230058335
600,500,22.82525828093266,26.484,27.708,612,68,0,0.04966213277390804
601,500,44.052565634895366,20.144,21.224,540,66,0,0.0494138221100385
602,500,38.783460454871914,21.808,22.9,546,63,0,0.04916675299948831
603,500,18.444629327756584,25.46,26.646,593,67,0,0.04892091923449087
604,500,17.405666207233292,26.75,27.938,594,58,0,0.04867631463831842
605,500,29.382689748757922,25.024,26.224,600,66,0,0.048432933065126825
606,500,-25.213371043862786,33.278,34.536,629,64,0,0.048190768399801194
607,500,53.99792361212548,22.558,23.766,604,68,0,0.04794981455780219
608,500,62.516092842330806,21.456,22.636,590,58,0,0.04771006548501318
609,500,40.48614236469441,22.406,23.532,563,62,0,0.047471515157588115
610,500,30.14378987255871,23.392,24.52,564,68,0,0.047234157581800176
611,500,41.10234538997234,22.386,23.524,569,63,0,0.046997986793891174
612,500,47.25249913430274,19.484,20.538,527,65,0,0.04676299685992172
613,500,23.11860429578776,25.206,26.382,588,61,0,0.04652918187562211
614,500,12.091474362377983,27.486,28.694,604,61,0,0.046296535966244
615,500,26.54751838813059,25.43,26.616,593,61,0,0.046065053286412784
616,500,24.30619234581944,25.866,27.064,599,61,0,0.04583472801998072
617,500,58.816953138039835,23.886,25.14,627,62,0,0.045605554379880814
618,500,34.87405568236166,23.358,24.484,563,63,0,0.04537752660798141
619,500,29.834507842573764,26.292,27.518,613,64,0,0.0451506389749415
620,500,28.450927592476926,27.146,28.384,619,63,0,0.044924885780066794
621,500,44.715081276607584,22.454,23.64,593,69,0,0.04470026135116646
622,500,41.39267823275546,22.82,23.954,567,59,0,0.04447676004441063
623,500,61.3240075861681,19.942,21.044,551,60,0,0.04425437624418858
624,500,58.98225268184345,21.704,22.862,579,60,0,0.04403310436296763
625,315,-64.76051409754876,37.30793650793651,38.50476190476191,377,41,1,0.043812938841152796
626,500,55.175231386645414,21.388,22.562,587,69,0,0.04359387414694703
627,500,49.72226273130721,22.384,23.55,583,68,0,0.043375904776212296
628,500,78.69476790299836,18.852,20.002,575,58,0,0.043159025252331236
629,500,31.317025918233515,25.146,26.334,594,64,0,0.04294323012606958
630,500,36.16105507227364,23.656,24.826,585,63,0,0.04272851397543923
631,500,8.033854012829936,24.882,25.988,553,61,0,0.04251487140556204
632,500,54.43354499846837,21.786,22.932,573,60,0,0.04230229704853423
633,500,42.79340025545551,22.424,23.564,570,58,0,0.04209078556329156
634,500,8.318228419438297,23.756,24.856,550,61,0,0.0418803316354751
635,500,67.66732859383187,20.266,21.436,585,61,0,0.041670929977297724
636,500,44.98734812216796,24.446,25.66,607,60,0,0.04146257532741124
637,500,-18.732522627716236,29.028,30.15,561,64,0,0.04125526245077418
638,500,60.665342879361816,20.47,21.612,571,61,0,0.04104898613852031
639,500,56.23466973264306,20.704,21.84,568,64,0,0.04084374120782771
640,500,22.45256321974124,26.89,28.096,603,61,0,0.04063952250178857
641,500,64.14911832898649,21.592,22.786,597,65,0,0.04043632488927963
642,500,73.43637222189513,18.946,20.094,574,65,0,0.04023414326483323
643,500,60.06543653827077,19.464,20.556,546,58,0,0.040032972548509065
644,500,43.25601056385418,22.706,23.852,573,62,0,0.03983280768576652
645,500,25.975257498980202,23.436,24.552,558,64,0,0.03963364364733769
646,500,70.17846128334264,20.498,21.654,578,56,0,0.039435475429100995
647,500,53.34345503084951,21.574,22.702,564,60,0,0.03923829805195549
648,500,42.59115114850132,22.502,23.642,570,60,0,0.03904210656169572
649,500,59.812854379337196,19.83,20.94,555,61,0,0.03884689602888724
650,500,25.76360756037073,27.074,28.298,612,58,0,0.0386526615487428
651,500,41.22343445653194,21.116,22.214,549,62,0,0.03845939824099909
652,500,41.801766950308625,24.538,25.728,595,62,0,0.03826710124979409
653,500,64.50410480574335,19.782,20.926,572,62,0,0.038075765743545126
654,500,4.597748853509637,25.806,26.912,553,62,0,0.0378853869148274
655,500,53.539776800800176,20.284,21.406,561,61,0,0.03769595998025326
656,500,45.55465490553922,20.95,22.036,543,62,0,0.03750748018035199
657,500,74.48182981444403,20.384,21.552,584,58,0,0.037319942779450235
658,500,76.17336877609569,20.804,22.02,608,59,0,0.037133343065552986
659,500,34.036897960882065,22.884,24.008,562,62,0,0.03694767635022522
660,500,36.15103255602738,22.46,23.586,563,62,0,0.036762937968474095
661,500,67.42925296553796,19.724,20.878,577,60,0,0.03657912327863173
662,500,39.85320985236139,22.78,23.896,558,57,0,0.036396227662238566
663,500,51.445769630618855,23.162,24.374,606,60,0,0.03621424652392737
664,500,41.07026396066966,21.642,22.77,564,64,0,0.036033175291307735
665,500,70.296877006376,21.102,22.294,596,60,0,0.03585300941485119
666,500,35.14744199027318,22.75,23.884,567,62,0,0.035673744367776934
667,500,52.5005456623515,20.986,22.102,558,60,0,0.03549537564593805
668,500,48.766661767082915,25.026,26.266,620,61,0,0.035317898767708356
669,500,45.064584447462884,21.624,22.756,566,66,0,0.03514130927386981
670,500,39.77652650077767,22.55,23.682,566,60,0,0.03496560272750046
671,500,42.01795545288049,22.044,23.18,568,65,0,0.03479077471386296
672,500,55.08350579176217,21.464,22.636,586,65,0,0.03461682084029365
673,500,57.988591658012886,22.672,23.882,605,61,0,0.034443736736092176
674,500,66.80292451422231,18.61,19.696,543,57,0,0.034271518052411715
675,500,48.76577532083505,23.248,24.436,594,64,0,0.034100160462149656
676,500,21.53349302058194,23.748,24.86,556,56,0,0.03392965965983891
677,500,42.171294313145246,25.714,26.934,610,52,0,0.033760011361539714
678,500,59.70480132428702,21.106,22.246,570,59,0,0.03359121130473201
679,500,46.868293130301055,22.218,23.372,577,62,0,0.033423255248208356
680,500,15.008174081230454,26.292,27.438,573,60,0,0.03325613897196732
681,500,29.6180169666366,24.32,25.47,575,64,0,0.03308985827710748
682,500,41.61529900901035,22.338,23.458,560,58,0,0.032924408985721944
683,500,49.06973850667002,20.934,22.036,551,61,0,0.03275978694079333
684,500,53.78311997994387,20.542,21.652,555,63,0,0.032595988006089364
685,500,17.631403388542935,25.0,26.14,570,62,0,0.032433008066058915
686,500,41.855597593719644,23.462,24.616,577,53,0,0.03227084302572862
687,500,60.77707947448887,19.43,20.53,550,61,0,0.032109488810599975
688,500,61.89498325845117,22.85,24.062,606,56,0,0.031948941366546975
689,261,-27.687737846395652,28.547892720306514,29.655172413793103,289,31,1,0.03178919665971424
690,500,4.570701312571297,28.1,29.266,583,61,0,0.03163025067641567
691,500,56.69067598002429,22.486,23.68,597,60,0,0.03147209942303359
692,500,52.263304863814234,21.994,23.144,575,55,0,0.03131473892591842
693,500,41.060007781938026,23.764,24.948,592,62,0,0.031158165231288826
694,500,40.32237521517244,23.844,25.046,601,64,0,0.03100237440513238
695,500,40.50267596763547,21.592,22.706,557,67,0,0.030847362533106718
696,500,44.189573455533456,20.938,22.03,546,62,0,0.030693125720441184
697,500,89.96306235004508,19.562,20.776,607,64,0,0.030539660091838977
698,500,63.92781354557901,20.994,22.164,585,63,0,0.03038696179137978
699,500,53.97404409273309,23.836,25.06,612,61,0,0.030235026982422884
700,500,68.01394201972671,20.974,22.148,587,60,0,0.030083851847510768
701,500,41.30422324601845,21.28,22.398,559,59,0,0.029933432588273214
702,500,43.99188375305272,22.57,23.708,569,58,0,0.029783765425331846
703,500,56.89136891910816,19.718,20.812,547,62,0,0.029634846598205186
704,500,49.72864013223037,20.626,21.71,542,63,0,0.02948667236521416
705,500,18.856669665421595,25.834,27.01,588,57,0,0.029339239003388088
706,500,10.323045906368375,26.454,27.608,577,54,0,0.029192542808371146
707,500,47.43352415795715,21.408,22.546,569,61,0,0.02904658009432929
708,500,58.88292308805236,21.08,22.242,581,61,0,0.028901347193857643
709,500,34.8000075727417,24.506,25.694,594,62,0,0.028756840457888354
710,500,64.86907308729756,19.926,21.044,559,57,0,0.02861305625559891
711,500,69.7956914430314,18.412,19.536,562,61,0,0.028469990974320916
712,500,63.17814164892595,19.718,20.846,564,59,0,0.02832764101944931
713,500,29.966533391338906,24.288,25.452,582,57,0,0.028186002814352063
714,500,56.07066566436688,21.922,23.112,595,63,0,0.0280450728002803
715,500,23.294266184383478,24.378,25.536,579,64,0,0.0279048474362789
716,500,66.40733864329563,20.93,22.116,593,61,0,0.027765323199097504
717,500,89.94541531757085,17.794,18.96,583,62,0,0.027626496583102015
718,500,78.91988991225423,19.442,20.626,592,63,0,0.027488364100186506
719,500,51.81232192294608,22.782,23.954,586,60,0,0.027350922279685573
720,500,72.9667975066134,20.102,21.268,583,59,0,0.027214167668287145
721,500,38.594064990241705,24.924,26.114,595,59,0,0.02707809682994571
722,500,79.49827044306242,19.028,20.196,584,65,0,0.02694270634579598
723,500,58.74183002364031,19.718,20.844,563,64,0,0.026807992814067
724,500,64.77964258264119,20.676,21.826,575,58,0,0.026673952849996664
725,500,50.79931636422556,22.084,23.28,598,64,0,0.02654058308574668
726,500,19.030871616738047,26.392,27.562,585,56,0,0.026407880170317945
727,500,35.64368663957611,22.928,24.056,564,59,0,0.026275840769466357
728,500,49.35735632490425,22.434,23.618,592,62,0,0.026144461565619025
729,500,54.01571165595369,21.028,22.166,569,62,0,0.02601373925779093
730,500,62.77686632932342,22.632,23.836,602,56,0,0.025883670561501974
731,500,68.6382914357724,18.146,19.264,559,62,0,0.025754252208694463
732,500,64.48743719383963,20.306,21.456,575,59,0,0.02562548094765099
733,500,67.91548535725485,18.636,19.748,556,62,0,0.025497353542912736
734,500,38.00904636616731,23.45,24.592,571,59,0,0.02536986677519817
735,500,78.55090916711987,19.898,21.064,583,60,0,0.02524301744132218
736,500,64.23888898537967,21.538,22.716,589,59,0,0.025116802354115567
737,500,54.3867373808232,18.076,19.106,515,60,0,0.024991218342344988
738,500,80.38399158029439,19.224,20.38,578,59,0,0.024866262250633264
739,500,47.62804616208308,21.33,22.448,559,62,0,0.024741930939380097
740,500,81.82328560167183,17.674,18.788,557,63,0,0.024618221284683196
741,500,50.617964703762986,22.968,24.176,604,63,0,0.02449513017825978
742,500,81.44663165689566,20.354,21.572,609,57,0,0.02437265452736848
743,500,48.17317353836392,21.5,22.63,565,58,0,0.024250791254731636
744,500,76.1374774465272,16.982,18.054,536,60,0,0.024129537298457977
745,500,36.69734517246172,24.794,26.012,609,61,0,0.024008889611965685
746,500,80.27206935971326,19.75,20.938,594,58,0,0.023888845163905856
747,500,72.17537565426821,21.572,22.778,603,57,0,0.023769400938086327
748,500,57.19169285577514,20.478,21.626,574,61,0,0.023650553933395897
749,500,42.222867644700884,20.154,21.21,528,56,0,0.023532301163728918
750,500,86.36187079208672,19.478,20.678,600,62,0,0.023414639657910272
751,500,58.758181580587156,22.458,23.67,606,65,0,0.023297566459620722
752,500,60.173142439192745,21.096,22.258,581,63,0,0.023181078627322618
753,500,73.72394607241189,17.67,18.756,543,59,0,0.023065173234186005
754,500,84.57148665600347,19.35,20.536,593,61,0,0.022949847368015076
755,500,72.28671022250695,19.67,20.812,571,59,0,0.022835098131175
756,500,78.17442700967787,19.086,20.254,584,56,0,0.022720922640519125
757,500,78.43276113882085,19.332,20.494,581,63,0,0.02260731802731653
758,500,65.24559563299736,19.458,20.604,573,65,0,0.022494281437179946
759,500,67.83300932401261,18.54,19.642,551,58,0,0.022381810029994047
760,500,72.44593115929298,19.636,20.79,577,66,0,0.022269900979844076
761,500,60.62312902163017,22.188,23.384,598,62,0,0.022158551474944856
762,500,77.2196784594526,20.114,21.294,590,58,0,0.022047758717570132
763,500,62.02875792612315,20.948,22.092,572,57,0,0.021937519923982282
764,500,85.34798969216077,18.008,19.152,572,57,0,0.021827832324362372
765,500,66.24007064607339,19.622,20.778,578,67,0,0.02171869316274056
766,500,52.88789152180545,19.9,21.01,555,63,0,0.021610099696926857
767,500,73.79282253858214,20.352,21.53,589,56,0,0.021502049198442223
768,500,52.29655769515046,20.888,22.02,566,62,0,0.021394538952450012
769,500,53.76254216786907,20.544,21.656,556,63,0,0.02128756625768776
770,500,45.29530390064534,22.704,23.846,571,57,0,0.021181128426399323
771,500,69.68162930488869,19.466,20.586,560,59,0,0.021075222784267326
772,500,44.82911328515257,22.634,23.79,578,61,0,0.020969846670345987
773,500,84.98923695966438,19.006,20.214,604,62,0,0.020864997436994256
774,500,71.30031304584752,20.646,21.816,585,58,0,0.020760672449809284
775,500,51.16493091700485,20.236,21.32,542,57,0,0.020656869087560238
776,500,83.1260594780396,19.808,21.008,600,60,0,0.020553584742122436
777,500,43.29722773996403,22.358,23.51,576,60,0,0.020450816818411825
778,500,71.85133308050067,17.612,18.696,542,55,0,0.020348562734319765
779,500,59.62074128027195,21.514,22.668,577,60,0,0.020246819920648168
780,500,69.685140411249,22.142,23.376,617,61,0,0.020145585821044927
781,500,62.71277592772082,21.778,22.958,590,58,0,0.020044857891939702
782,500,81.68517818962039,18.32,19.466,573,61,0,0.019944633602480003
783,500,73.56950094153349,19.57,20.72,575,61,0,0.019844910434467605
784,500,90.5046610357231,20.188,21.428,620,61,0,0.019745685882295267
785,500,70.65670148738313,21.87,23.072,601,56,0,0.01964695745288379
786,500,64.35028868503863,23.356,24.59,617,58,0,0.01954872266561937
787,500,87.15961842886377,16.018,17.096,539,60,0,0.019450979052291272
788,500,62.240239010476024,23.822,25.09,634,62,0,0.019353724157029815
789,500,74.59292013834607,21.34,22.55,605,58,0,0.019256955536244666
790,500,62.39869757450805,22.904,24.114,605,57,0,0.019160670758563442
791,500,82.39595877637059,20.472,21.68,604,58,0,0.019064867404770626
792,500,86.00167538336257,18.208,19.366,579,61,0,0.018969543067746772
793,500,76.7305222905266,19.372,20.526,577,58,0,0.018874695352408037
794,500,56.06059185482044,21.028,22.158,565,56,0,0.018780321875645996
795,500,86.00553396704234,18.494,19.658,582,61,0,0.018686420266267767
796,500,93.38480231327101,16.77,17.89,560,58,0,0.018592988164936427
797,500,77.75603011160078,20.892,22.138,623,62,0,0.018500023224111744
798,500,34.289098610247486,21.54,22.628,544,61,0,0.018407523107991184
799,500,77.45111567128903,18.254,19.392,569,58,0,0.01831548549245123
800,500,80.52579214470036,17.708,18.844,568,63,0,0.018223908064988973
801,500,91.68902619144887,18.106,19.284,589,60,0,0.018132788524664028
802,500,68.34550929967105,17.39,18.456,533,60,0,0.018042124582040707
803,500,76.57689847447601,19.33,20.48,575,60,0,0.017951913959130504
804,500,74.38759240470871,18.908,20.042,567,57,0,0.01786215438933485
805,500,62.57276487047954,22.132,23.348,608,58,0,0.017772843617388175
806,500,82.37721215248293,20.116,21.334,609,64,0,0.017683979399301233
807,500,50.35583451247389,23.638,24.836,599,61,0,0.017595559502304726
808,500,76.59498824528748,21.202,22.442,620,63,0,0.0175075817047932
809,500,79.74400836595578,16.388,17.454,533,57,0,0.017420043796269234
810,500,78.16087580282857,18.334,19.478,572,62,0,0.017332943577287888
811,500,61.20554317972091,22.118,23.318,600,62,0,0.01724627885940145
812,500,52.57009885253575,20.976,22.116,570,58,0,0.017160047465104442
813,500,80.11834263387126,19.766,20.94,587,61,0,0.01707424722777892
814,500,67.7823467021475,18.604,19.696,546,59,0,0.016988875991640028
815,500,48.92581724925779,20.774,21.904,565,60,0,0.016903931611681827
816,500,76.36875638595836,22.09,23.348,629,62,0,0.01681941195362342
817,500,57.79259620167913,20.644,21.768,562,60,0,0.016735314893855303
818,500,68.45904956327384,19.72,20.86,570,60,0,0.016651638319386028
819,500,53.826707959551776,25.064,26.32,628,56,0,0.0165683801277891
820,500,77.09101323688758,17.49,18.592,551,63,0,0.016485538227150154
821,500,72.64014378766225,18.712,19.824,556,60,0,0.0164031105360144
822,500,81.46289756510237,19.498,20.674,588,57,0,0.01632109498333433
823,500,50.050057076311916,22.126,23.298,586,61,0,0.016239489508417658
824,500,71.77970445779255,20.83,21.992,581,53,0,0.01615829206087557
825,500,69.86226288350608,20.988,22.164,588,58,0,0.01607750060057119
826,500,52.7037668642937,26.282,27.578,648,56,0,0.015997113097568336
827,500,65.1176450693462,22.12,23.334,607,57,0,0.015917127532080494
828,500,68.53288420453723,21.252,22.444,596,61,0,0.01583754189442009
829,500,59.96854662552037,20.264,21.394,565,63,0,0.01575835418494799
830,500,78.11566603407628,18.118,19.238,560,60,0,0.01567956241402325
831,500,60.32384247803404,19.312,20.408,548,61,0,0.015601164601953134
832,500,64.19982230868278,21.83,23.026,598,57,0,0.015523158778943369
833,500,87.09023295669986,19.168,20.362,597,59,0,0.015445542985048652
834,500,58.483166647802754,19.77,20.864,547,56,0,0.015368315270123408
835,500,76.44741519335197,22.202,23.456,627,59,0,0.01529147369377279
836,500,63.73352552712978,18.288,19.362,537,56,0,0.015215016325303928
837,500,59.356408326696354,20.972,22.108,568,61,0,0.015138941243677408
838,500,74.22279486450721,18.874,20.006,566,55,0,0.01506324653745902
839,500,68.72713786754647,20.088,21.25,581,59,0,0.014987930304771725
840,500,94.2164552419554,16.782,17.922,570,58,0,0.014912990653247866
841,500,77.78098935146872,19.366,20.512,573,57,0,0.014838425699981627
842,500,67.43355167766862,17.624,18.682,529,55,0,0.01476423357148172
843,500,68.79796633912925,19.74,20.876,568,59,0,0.014690412403624311
844,500,70.32425476358236,20.08,21.218,569,57,0,0.01461696034160619
845,500,68.21329812545183,18.896,20.006,555,58,0,0.014543875539898159
846,500,91.30342880451971,18.266,19.456,595,59,0,0.014471156162198668
847,500,78.60488407815356,19.042,20.186,572,55,0,0.014398800381387675
848,500,87.56587895341681,18.938,20.136,599,59,0,0.014326806379480736
849,500,73.7999417949393,19.598,20.758,580,61,0,0.014255172347583332
850,500,83.0111003117977,18.632,19.778,573,56,0,0.014183896485845416
851,500,79.52844822717529,19.496,20.67,587,58,0,0.014112977003416188
852,500,90.84047866757534,17.814,18.97,578,57,0,0.014042412118399107
853,500,39.64356614554204,26.106,27.358,626,61,0,0.013972200057807112
854,500,97.66920781905063,15.976,17.094,559,57,0,0.013902339057518077
855,500,47.980184251710895,21.344,22.47,563,62,0,0.013832827362230486
856,500,58.70199397179791,22.714,23.912,599,56,0,0.013763663225419333
857,500,97.34912005955411,16.354,17.48,563,59,0,0.013694844909292236
858,500,55.92182497980642,20.708,21.822,557,53,0,0.013626370684745774
859,500,75.46238236976261,18.784,19.91,563,56,0,0.013558238831322046
860,500,72.15360234337987,19.452,20.586,567,62,0,0.013490447637165436
861,500,64.34995521250191,18.546,19.652,553,60,0,0.013422995398979608
862,500,73.71948257533843,19.662,20.828,583,62,0,0.01335588042198471
863,500,72.26413937037962,22.93,24.186,628,58,0,0.013289101019874787
864,500,69.06050913915779,20.408,21.562,577,52,0,0.013222655514775413
865,500,63.368839101620836,22.722,23.95,614,60,0,0.013156542237201536
866,500,81.42442554313897,17.566,18.674,554,54,0,0.013090759526015528
867,500,59.859803008336456,20.238,21.348,555,55,0,0.01302530572838545
868,500,63.61717123183771,21.68,22.85,585,54,0,0.012960179199743523
869,500,86.3839088646319,18.62,19.792,586,61,0,0.012895378303744804
870,500,81.89685222500972,18.646,19.79,572,58,0,0.01283090141222608
871,500,72.82650849597783,20.472,21.642,585,54,0,0.012766746905164949
872,500,89.98427585149376,17.112,18.242,565,59,0,0.012702913170639124
873,500,77.98845406959028,18.258,19.382,562,54,0,0.012639398604785928
874,500,68.8317552063164,19.798,20.938,570,56,0,0.012576201611761997
875,500,82.61416441577475,18.672,19.826,577,59,0,0.012513320603703188
876,500,53.603475434174676,20.218,21.344,563,61,0,0.012450754000684672
877,500,72.48636512213764,17.986,19.088,551,59,0,0.012388500230681249
878,500,62.5115850543486,20.134,21.268,567,63,0,0.012326557729527843
879,500,79.30482783622098,18.328,19.446,559,57,0,0.012264924940880204
880,500,88.84497619689749,19.19,20.392,601,58,0,0.012203600316175803
881,500,69.13686227447343,19.35,20.49,570,61,0,0.012142582314594924
882,500,80.84790729968921,17.962,19.094,566,61,0,0.01208186940302195
883,500,64.68031331204122,20.574,21.718,572,58,0,0.01202146005600684
884,500,70.76335615711437,21.624,22.824,600,58,0,0.011961352755726806
885,500,66.13397985509566,17.826,18.888,531,60,0,0.01190154599194817
886,500,74.43537586346443,20.838,22.036,599,61,0,0.01184203826198843
887,500,57.23884795073957,21.806,22.958,576,55,0,0.011782828070678488
888,500,97.66553486082485,16.204,17.326,561,58,0,0.011723913930325095
889,500,68.99244666223271,18.858,19.982,562,58,0,0.01166529436067347
890,500,90.60099439530262,18.356,19.524,584,58,0,0.011606967888870102
891,500,63.91056853999301,20.084,21.23,573,61,0,0.01154893304942575
892,500,76.94458406727423,20.372,21.566,597,59,0,0.011491188384178622
893,500,84.63024795479605,20.844,22.066,611,54,0,0.011433732442257729
894,500,71.09886766947847,21.918,23.146,614,61,0,0.01137656378004644
895,500,70.81374050239388,21.042,22.236,597,59,0,0.011319680961146208
896,500,76.06435714098626,20.19,21.378,594,59,0,0.011263082556340478
897,500,47.888829907735705,22.456,23.596,570,56,0,0.011206767143558775
898,500,81.20168101658126,17.696,18.816,560,59,0,0.011150733307840981
899,500,76.88405313225458,18.892,20.052,580,58,0,0.011094979641301777
900,500,57.65575316598399,19.97,21.092,561,60,0,0.011039504743095268
901,500,76.48359912747989,19.856,21.028,586,59,0,0.01098430721937979
902,500,61.466890804127125,21.198,22.326,564,53,0,0.010929385683282892
903,500,92.40737642166702,17.052,18.178,563,61,0,0.010874738754866477
904,500,86.55406660681456,18.382,19.53,574,57,0,0.010820365061092144
905,500,83.23326776786426,17.574,18.676,551,59,0,0.010766263235786683
906,500,55.4646502634692,23.772,24.998,613,62,0,0.01071243191960775
907,500,69.98039707368524,17.532,18.608,538,64,0,0.010658869760009713
908,500,76.9909040092911,19.632,20.788,578,56,0,0.010605575411209664
909,500,82.93915173148156,20.52,21.74,610,58,0,0.010552547534153616
910,500,89.6125493058305,18.816,20.004,594,57,0,0.010499784796482848
911,500,81.29251316282544,19.462,20.64,589,56,0,0.010447285872500434
912,500,69.00280933021585,20.742,21.93,594,58,0,0.01039504944313793
913,500,68.9100943792934,19.09,20.218,564,62,0,0.010343074195922241
914,500,80.23943170043094,18.5,19.632,566,58,0,0.01029135882494263
915,500,97.51567991040021,19.472,20.716,622,60,0,0.010239902030817916
916,500,58.075716813782456,21.294,22.442,574,61,0,0.010188702520663827
917,500,71.58358818423359,21.466,22.672,603,59,0,0.010137759008060509
918,500,85.3729310245949,19.084,20.27,593,60,0,0.010087070213020206
919,500,89.82222672170745,18.328,19.52,596,58,0,0.010036634861955105
920,500,92.90702894434769,19.45,20.68,615,58,0,0.01
921,500,85.35950356804848,18.7,19.856,578,54,0,0.01
922,500,70.73462837481176,20.37,21.53,580,58,0,0.01
923,500,81.6009841366425,18.454,19.6,573,56,0,0.01
924,500,64.86280885482591,21.568,22.78,606,61,0,0.01
925,500,71.57425623012108,21.588,22.792,602,56,0,0.01
926,500,75.96059221621555,18.89,20.026,568,59,0,0.01
927,500,83.80584829143157,20.368,21.558,595,57,0,0.01
928,500,99.84313442685917,19.024,20.256,616,61,0,0.01
929,500,67.36293260512863,21.904,23.126,611,60,0,0.01
930,500,62.40586486789669,18.318,19.4,541,62,0,0.01
931,500,68.76433199822502,19.868,21.004,568,54,0,0.01
932,500,81.37163261598988,17.056,18.14,542,56,0,0.01
933,500,79.17816216624594,19.546,20.706,580,55,0,0.01
934,500,85.15879711403593,17.972,19.112,570,58,0,0.01
935,500,81.48024222421114,16.808,17.898,545,58,0,0.01
936,500,69.21833136743378,20.878,22.084,603,62,0,0.01
937,500,67.65591827411794,20.568,21.712,572,57,0,0.01
938,500,62.404919802766045,19.92,21.062,571,60,0,0.01
939,500,80.55274035530698,19.548,20.718,585,58,0,0.01
940,500,54.086440150822575,23.774,24.998,612,56,0,0.01
941,500,88.05414899928596,18.432,19.59,579,57,0,0.01
942,500,104.79018665023622,17.814,19.024,605,58,0,0.01
943,500,64.85280717909087,20.782,21.942,580,57,0,0.01
944,500,78.77774919611146,20.278,21.458,590,56,0,0.01
945,500,66.41922051382295,19.112,20.208,548,58,0,0.01
946,500,79.5685555532117,20.622,21.856,617,62,0,0.01
947,500,78.26161404059873,17.874,18.986,556,59,0,0.01
948,500,91.87193434297316,20.43,21.688,629,58,0,0.01
949,500,62.776595055129285,18.522,19.588,533,54,0,0.01
950,500,92.31981846302918,17.75,18.906,578,59,0,0.01
951,500,82.35684748557367,16.932,18.04,554,57,0,0.01
952,500,81.73037769971265,18.598,19.764,583,61,0,0.01
953,500,85.85496468089505,17.03,18.144,557,59,0,0.01
954,500,68.32959412505238,19.398,20.518,560,58,0,0.01
955,500,76.99457371124807,15.862,16.894,516,55,0,0.01
956,500,103.75144986661594,18.844,20.094,625,61,0,0.01
957,500,73.50635853813885,20.146,21.336,595,60,0,0.01
958,500,61.90121606856044,20.326,21.464,569,60,0,0.01
959,500,44.6456588391174,19.24,20.274,517,55,0,0.01
960,500,77.53806871653339,19.838,21.03,596,61,0,0.01
961,500,83.9495935356675,18.908,20.084,588,61,0,0.01
962,500,83.48881473864725,18.798,19.962,582,58,0,0.01
963,500,96.92405722530842,19.482,20.738,628,60,0,0.01
964,500,69.44236436712754,23.376,24.65,637,58,0,0.01
965,500,73.60900009790757,19.448,20.616,584,60,0,0.01
966,500,67.61781685668038,18.624,19.738,557,56,0,0.01
967,500,83.08534365914963,16.9,18.014,557,58,0,0.01
968,500,77.07848248524911,18.822,19.95,564,56,0,0.01
969,500,68.4760503245232,23.496,24.762,633,56,0,0.01
970,500,97.27320998576675,18.022,19.202,590,58,0,0.01
971,500,94.88795275057441,18.87,20.082,606,60,0,0.01
972,500,69.62082009328343,17.472,18.54,534,58,0,0.01
973,500,70.05768859493126,19.038,20.126,544,52,0,0.01
974,500,67.35421582306985,19.682,20.822,570,58,0,0.01
975,500,74.98499751279881,18.822,19.968,573,64,0,0.01
976,500,67.31840981905015,18.938,20.07,566,59,0,0.01
977,500,67.14988802732299,19.422,20.546,562,58,0,0.01
978,500,79.11811565058593,18.97,20.132,581,59,0,0.01
979,500,74.77182218229895,19.6,20.758,579,60,0,0.01
980,500,87.32967587114145,18.336,19.52,592,59,0,0.01
981,500,84.02629708138008,18.5,19.674,587,59,0,0.01
982,500,77.33002660472951,19.52,20.7,590,61,0,0.01
983,500,81.97908075764644,18.066,19.202,568,56,0,0.01
984,500,88.97175535851522,18.378,19.54,581,58,0,0.01
985,500,79.56948010102224,19.144,20.31,583,60,0,0.01
986,500,67.55528620240798,24.524,25.824,650,53,0,0.01
987,500,74.3790128878812,20.518,21.696,589,53,0,0.01
988,500,79.0674530287209,19.026,20.182,578,64,0,0.01
989,500,44.89901720892484,23.772,24.966,597,59,0,0.01
990,500,74.6863425892626,20.114,21.328,607,61,0,0.01
991,500,82.91543699703199,21.894,23.152,629,59,0,0.01
992,500,71.11239477954778,18.714,19.856,571,60,0,0.01
993,500,88.29975584629413,18.506,19.694,594,60,0,0.01
994,500,88.308768489181,18.11,19.27,580,59,0,0.01
995,500,85.7867611926159,18.806,19.994,594,59,0,0.01
996,500,78.73574816035398,18.268,19.41,571,61,0,0.01
997,500,62.70644688702023,20.226,21.368,571,62,0,0.01
998,500,86.87270404130958,18.276,19.456,590,59,0,0.01
999,500,71.90010557210461,20.736,21.958,611,58,0,0.01
1000,500,81.63130618837816,19.13,20.302,586,59,0,0.01
1001,500,65.96220032376841,22.37,23.578,604,55,0,0.01
1002,500,45.907854485017715,22.8,23.96,580,57,0,0.01
1003,500,68.62559589919107,19.37,20.498,564,53,0,0.01
1004,500,71.38753085274851,19.268,20.384,558,57,0,0.01
1005,500,91.15084302792232,17.148,18.27,561,59,0,0.01
1006,500,82.69623874531982,18.448,19.57,561,54,0,0.01
1007,500,78.9708926858562,20.07,21.282,606,59,0,0.01
1008,500,83.95922135060803,16.176,17.24,532,57,0,0.01
1009,500,69.71208504239584,19.91,21.072,581,61,0,0.01
1010,500,65.39273946152444,21.862,23.062,600,56,0,0.01
1011,500,84.77980704439284,20.186,21.4,607,59,0,0.01
1012,500,89.11329848684692,16.754,17.872,559,61,0,0.01
1013,500,81.61500950419136,20.156,21.366,605,61,0,0.01
1014,500,69.42196892423813,20.35,21.516,583,59,0,0.01
1015,500,60.2573881086619,21.206,22.362,578,61,0,0.01
1016,500,85.49726024651194,16.906,18.016,555,56,0,0.01
1017,500,63.64252127036042,19.488,20.618,565,60,0,0.01
1018,500,75.50029783855497,19.688,20.846,579,59,0,0.01
1019,500,74.4845749685905,18.092,19.204,556,59,0,0.01
1020,500,80.18536381507445,18.846,19.996,575,59,0,0.01
1021,500,79.0618456493253,19.156,20.304,574,57,0,0.01
1022,500,75.33198186641057,20.052,21.224,586,58,0,0.01
1023,500,78.57663045655055,18.754,19.89,568,58,0,0.01
1024,500,69.28520828101432,19.726,20.9,587,62,0,0.01
1025,500,99.54520816701947,18.378,19.6,611,57,0,0.01
1026,500,74.50628672751859,20.56,21.732,586,54,0,0.01
1027,500,80.52878837891205,20.18,21.376,598,57,0,0.01
1028,500,68.37245718708654,18.7,19.814,557,60,0,0.01
1029,500,75.91390134648175,19.128,20.27,571,57,0,0.01
1030,500,42.577414316198116,21.256,22.352,548,55,0,0.01
1031,500,76.84397983846685,21.122,22.354,616,60,0,0.01
1032,500,68.40130171730056,23.906,25.18,637,56,0,0.01
1033,500,62.165518246155806,21.046,22.194,574,57,0,0.01
1034,500,96.29927142693444,17.562,18.734,586,59,0,0.01
1035,500,76.2125489444354,20.922,22.12,599,57,0,0.01
1036,500,84.06857313745435,17.474,18.588,557,58,0,0.01
1037,500,81.65944957460712,22.554,23.852,649,58,0,0.01
1038,500,72.6079902245482,17.856,18.952,548,60,0,0.01
1039,500,83.17978721165906,18.778,19.938,580,58,0,0.01
1040,500,78.50309460919273,17.612,18.722,555,61,0,0.01
1041,500,78.56777266313759,19.846,21.01,582,56,0,0.01
1042,500,67.25725409969913,20.896,22.056,580,59,0,0.01
1043,500,83.10913410687033,19.702,20.894,596,57,0,0.01
1044,500,100.32549797623606,17.72,18.896,588,57,0,0.01
1045,500,87.79850905418037,16.69,17.786,548,58,0,0.01
1046,500,85.93175094227027,17.198,18.308,555,57,0,0.01
1047,500,65.58841267355504,20.592,21.72,564,54,0,0.01
1048,500,59.26781265179644,23.276,24.492,608,56,0,0.01
1049,500,84.72624116263862,18.308,19.446,569,60,0,0.01
1050,500,82.60297343057236,22.334,23.608,637,57,0,0.01
1051,500,79.615593900265,18.01,19.122,556,54,0,0.01
1052,500,63.99601003146681,22.822,24.034,606,61,0,0.01
1053,500,82.32024133042863,19.062,20.212,575,54,0,0.01
1054,500,60.09073853976199,21.116,22.272,578,58,0,0.01
1055,500,76.35740436193578,18.498,19.624,563,60,0,0.01
1056,500,79.79310781755905,17.234,18.328,547,60,0,0.01
1057,500,81.04314006007783,18.568,19.734,583,59,0,0.01
1058,500,80.21451414158543,20.846,22.062,608,57,0,0.01
1059,500,102.98080871285119,17.168,18.35,591,60,0,0.01
1060,500,66.69526290420927,20.272,21.424,576,60,0,0.01
1061,500,77.48124216210175,18.996,20.138,571,59,0,0.01
1062,500,78.17077456877206,19.186,20.368,591,63,0,0.01
1063,500,75.36121100593292,18.038,19.176,569,60,0,0.01
1064,500,80.58574568603781,17.77,18.902,566,57,0,0.01
1065,500,73.87244692842651,18.75,19.866,558,53,0,0.01
1066,500,51.4779129350728,24.084,25.306,611,56,0,0.01
1067,500,68.72494601030233,19.862,20.998,568,60,0,0.01
1068,500,86.75355997777115,20.124,21.34,608,59,0,0.01
1069,500,90.2069277269199,16.982,18.092,555,55,0,0.01
1070,500,65.6205523985492,17.442,18.474,516,55,0,0.01
1071,500,77.47418478089602,19.924,21.086,581,53,0,0.01
1072,500,65.01788267268674,20.812,22.0,594,58,0,0.01
1073,500,54.86248986679143,21.86,23.01,575,54,0,0.01
1074,500,75.37252199531538,21.87,23.128,629,58,0,0.01
1075,500,85.11227102924498,18.31,19.476,583,62,0,0.01
1076,500,76.17474696728571,20.412,21.586,587,58,0,0.01
1077,500,56.78455939990294,19.272,20.366,547,61,0,0.01
1078,500,80.04284158936352,18.696,19.828,566,58,0,0.01
1079,500,81.59715665213409,18.516,19.652,568,55,0,0.01
1080,500,76.3751026877103,19.984,21.164,590,58,0,0.01
1081,500,68.18590017411664,20.564,21.71,573,56,0,0.01
1082,500,80.19614577099723,17.934,19.054,560,57,0,0.01
1083,500,82.4780811429471,16.412,17.48,534,55,0,0.01
1084,500,80.72576993501667,20.378,21.606,614,58,0,0.01
1085,500,78.95692951664984,19.04,20.192,576,64,0,0.01
1086,500,86.16059752624311,17.796,18.934,569,58,0,0.01
1087,500,70.48479494948445,22.516,23.744,614,57,0,0.01
1088,500,67.77766648044884,19.726,20.896,585,66,0,0.01
1089,500,66.34076752601213,18.884,20.004,560,59,0,0.01
1090,500,88.50184016830545,18.308,19.486,589,62,0,0.01
1091,500,81.54657609954938,18.104,19.252,574,62,0,0.01
1092,500,62.047978064328056,21.214,22.406,596,62,0,0.01
1093,500,77.27246112794148,20.682,21.884,601,56,0,0.01
1094,500,84.57419077550983,17.294,18.414,560,60,0,0.01
1095,500,84.74442065150399,17.164,18.268,552,59,0,0.01
1096,500,65.18803015620944,20.62,21.788,584,60,0,0.01
1097,500,60.429315163880595,20.44,21.576,568,62,0,0.01
1098,500,77.76551365891854,17.928,19.054,563,60,0,0.01
1099,500,81.68289335805369,17.576,18.696,560,62,0,0.01
1100,500,77.01935319181707,19.846,21.036,595,59,0,0.01
1101,500,86.74736494603317,18.862,20.046,592,61,0,0.01
1102,500,83.72424486631738,18.032,19.158,563,57,0,0.01
1103,500,69.24537923156322,19.11,20.244,567,60,0,0.01
1104,500,67.56228903404494,20.344,21.494,575,59,0,0.01
1105,500,71.50882573889106,17.87,18.972,551,60,0,0.01
1106,500,77.66617412965859,17.892,19.006,557,56,0,0.01
1107,500,67.3555936910687,18.78,19.882,551,52,0,0.01
1108,500,84.27471160406834,17.504,18.632,564,58,0,0.01
1109,500,78.23821861737488,19.534,20.708,587,58,0,0.01
1110,500,68.9314345641222,19.992,21.178,593,64,0,0.01
1111,500,78.43678450744329,19.738,20.916,589,59,0,0.01
1112,500,88.36893843195251,18.508,19.682,587,56,0,0.01
1113,500,70.40609478425958,22.11,23.346,618,63,0,0.01
1114,500,80.91961195885989,19.454,20.608,577,56,0,0.01
1115,500,62.53049646317909,20.594,21.736,571,61,0,0.01
1116,500,83.69705273456518,19.564,20.756,596,63,0,0.01
1117,500,58.752151656983365,21.842,23.02,589,60,0,0.01
1118,500,87.05465393596562,19.232,20.424,596,58,0,0.01
1119,500,101.03323071228306,17.172,18.348,588,59,0,0.01
1120,500,83.863351569877,18.518,19.69,586,60,0,0.01
1121,500,64.21156984705611,19.208,20.314,553,53,0,0.01
1122,500,52.52599193146546,22.866,24.056,595,60,0,0.01
1123,500,54.21675532862566,19.424,20.468,522,56,0,0.01
1124,500,94.63343617047087,19.126,20.35,612,61,0,0.01
1125,500,66.35519492044911,21.452,22.656,602,60,0,0.01
1126,500,76.67619664590485,19.08,20.242,581,63,0,0.01
1127,500,74.92468655867306,21.75,22.986,618,61,0,0.01
1128,500,76.05449973287406,19.632,20.778,573,55,0,0.01
1129,500,78.50116018802295,17.498,18.604,553,61,0,0.01
1130,500,80.8116925895813,20.486,21.692,603,59,0,0.01
1131,500,72.66375854539773,20.412,21.608,598,63,0,0.01
1132,500,76.70476990192459,20.172,21.358,593,59,0,0.01
1133,500,80.92713291891413,19.04,20.208,584,60,0,0.01
1134,500,85.64024637426242,18.08,19.238,579,60,0,0.01
1135,500,88.48047914296546,17.008,18.13,561,57,0,0.01
1136,500,85.01098682015507,18.226,19.37,572,54,0,0.01
1137,500,80.0617116403627,18.866,20.008,571,57,0,0.01
1138,500,81.37145724919588,16.48,17.558,539,57,0,0.01
1139,500,94.04997078118949,17.318,18.466,574,58,0,0.01
1140,500,78.30079714201581,21.024,22.242,609,52,0,0.01
1141,500,73.1890165791713,19.288,20.404,558,55,0,0.01
1142,500,74.23834236767763,19.902,21.07,584,54,0,0.01
1143,500,80.02414658196714,18.58,19.718,569,59,0,0.01
1144,500,83.34182901586281,20.644,21.868,612,58,0,0.01
1145,500,85.99918440902171,17.074,18.188,557,57,0,0.01
1146,500,84.01513393908039,18.964,20.136,586,58,0,0.01
1147,500,98.1231251189792,17.462,18.628,583,59,0,0.01
1148,500,62.84082272196335,23.196,24.418,611,56,0,0.01
1149,500,70.00542405485959,22.224,23.46,618,58,0,0.01
1150,500,75.28705037424379,20.35,21.516,583,56,0,0.01
1151,500,60.97597493444307,19.862,20.992,565,60,0,0.01
1152,500,61.678574451794205,20.41,21.564,577,58,0,0.01
1153,500,64.30633271079125,21.356,22.54,592,59,0,0.01
1154,500,79.19132160486691,19.362,20.534,586,59,0,0.01
1155,500,90.06649738173915,20.124,21.368,622,61,0,0.01
1156,500,67.00372361936638,19.33,20.444,557,56,0,0.01
1157,500,77.7814705145597,16.74,17.796,528,56,0,0.01
1158,500,88.22817526061732,17.888,19.046,579,60,0,0.01
1159,500,67.4359529339556,21.786,23.006,610,57,0,0.01
1160,500,75.57311202460772,19.156,20.306,575,63,0,0.01
1161,500,70.14853067664409,20.208,21.374,583,58,0,0.01
1162,500,72.09077957440213,20.832,22.022,595,60,0,0.01
1163,500,90.5809731363989,19.394,20.596,601,54,0,0.01
1164,500,84.74462679427809,17.562,18.68,559,60,0,0.01
1165,500,89.06962436864497,19.332,20.528,598,61,0,0.01
1166,500,64.72674642250955,19.714,20.834,560,56,0,0.01
1167,500,94.27124446542564,17.572,18.746,587,59,0,0.01
1168,500,70.24371983071023,15.956,16.99,517,64,0,0.01
1169,500,79.84912363901405,20.482,21.686,602,61,0,0.01
1170,500,76.5969918671913,18.424,19.536,556,55,0,0.01
1171,500,68.20673216599707,17.12,18.172,526,61,0,0.01
1172,500,74.0650136708713,18.152,19.25,549,55,0,0.01
1173,500,72.10714513613168,16.376,17.414,519,59,0,0.01
1174,500,68.31177530524388,21.11,22.29,590,60,0,0.01
1175,500,85.03677030792838,17.766,18.878,556,56,0,0.01
1176,500,77.56758671449252,18.81,19.974,582,58,0,0.01
1177,500,69.71826655920496,17.688,18.76,536,59,0,0.01
1178,500,86.70577651901523,18.186,19.342,578,59,0,0.01
1179,500,76.00529704828814,18.31,19.434,562,60,0,0.01
1180,500,77.37620227912353,18.552,19.684,566,58,0,0.01
1181,500,87.00009137258957,18.732,19.904,586,54,0,0.01
1182,500,97.45653742523051,17.538,18.71,586,60,0,0.01
1183,500,98.01374223296155,15.812,16.934,561,61,0,0.01
1184,500,74.78450778341158,18.988,20.108,560,52,0,0.01
1185,500,72.65384952079418,19.622,20.776,577,60,0,0.01
1186,500,80.82893433889862,17.866,18.97,552,55,0,0.01
1187,500,87.4311255115565,19.588,20.782,597,59,0,0.01
1188,500,85.64541069212972,17.344,18.468,562,57,0,0.01
1189,500,84.66384093786901,20.43,21.652,611,58,0,0.01
1190,500,64.54494079547614,18.986,20.104,559,57,0,0.01
1191,500,96.57745438126476,19.242,20.484,621,58,0,0.01
1192,500,79.9122657192174,19.392,20.562,585,59,0,0.01
1193,500,66.83569618246757,20.154,21.3,573,53,0,0.01
1194,500,82.88396048112311,18.872,20.034,581,57,0,0.01
1195,500,47.97457654912415,20.944,22.076,566,60,0,0.01
1196,500,76.25908528788639,20.518,21.696,589,57,0,0.01
1197,500,81.86323840142553,18.646,19.8,577,59,0,0.01
1198,500,90.18857287126052,17.546,18.686,570,59,0,0.01
1199,500,73.42584802523785,20.508,21.69,591,57,0,0.01
1200,500,72.87270436450083,18.854,19.996,571,58,0,0.01
1201,500,74.9297787427289,20.902,22.098,598,57,0,0.01
1202,500,86.70660109011183,19.786,20.994,604,59,0,0.01
1203,500,51.25403446166182,21.76,22.924,582,58,0,0.01
1204,500,88.92713291891407,19.012,20.194,591,58,0,0.01
1205,500,87.31632054840635,18.052,19.218,583,60,0,0.01
1206,500,65.13459128102667,22.628,23.846,609,61,0,0.01
1207,500,77.35179698254034,18.612,19.738,563,59,0,0.01
1208,500,87.95691893479872,18.552,19.724,586,59,0,0.01
1209,500,74.70080840845343,19.948,21.116,584,62,0,0.01
1210,500,89.32755614770863,18.222,19.386,582,57,0,0.01
1211,500,72.639095489549,19.858,21.026,584,56,0,0.01
1212,500,59.4818506549552,20.842,21.978,568,61,0,0.01
1213,500,92.70982040495797,18.444,19.636,596,59,0,0.01
1214,500,76.72524448101669,19.71,20.892,591,59,0,0.01
1215,500,88.62196365241441,18.756,19.95,597,59,0,0.01
1216,500,59.955091326071376,23.07,24.296,613,60,0,0.01
1217,500,88.21324618576926,18.066,19.224,579,58,0,0.01
1218,500,86.79248206365409,19.086,20.282,598,60,0,0.01
1219,500,67.371852596884,21.516,22.698,591,56,0,0.01
1220,500,95.71230112063877,19.628,20.866,619,61,0,0.01
1221,500,63.95168312950254,20.324,21.452,564,55,0,0.01
1222,500,43.448236831370984,20.914,22.024,555,58,0,0.01
1223,500,90.15322051062053,17.896,19.05,577,57,0,0.01
1224,500,74.09922508226664,18.94,20.076,568,58,0,0.01
1225,500,56.673678475043715,22.26,23.444,592,60,0,0.01
1226,500,77.97412990813595,16.15,17.192,521,53,0,0.01
1227,500,54.90627747663609,19.68,20.758,539,56,0,0.01
1228,500,77.73637717052763,19.946,21.112,583,55,0,0.01
1229,500,79.35219900942855,19.47,20.62,575,55,0,0.01
1230,500,60.45154912053971,20.046,21.162,558,58,0,0.01
1231,500,77.02387856404178,18.02,19.136,558,59,0,0.01
1232,500,96.21429741696,19.916,21.16,622,59,0,0.01
1233,500,82.18509579714902,18.266,19.404,569,59,0,0.01
1234,500,74.3964226784102,21.532,22.752,610,59,0,0.01
1235,500,49.31564447077483,21.936,23.076,570,59,0,0.01
1236,500,70.15725446109424,18.834,19.962,564,58,0,0.01
1237,500,65.22839230843381,19.364,20.472,554,59,0,0.01
1238,500,87.40576456799154,20.794,22.046,626,55,0,0.01
1239,500,87.51144014034337,18.774,19.962,594,59,0,0.01
1240,500,82.5878657326617,18.386,19.538,576,60,0,0.01
1241,500,58.21840414762749,22.082,23.25,584,59,0,0.01
1242,500,92.57973627975399,16.978,18.11,566,58,0,0.01
1243,500,77.58654973981425,19.494,20.67,588,59,0,0.01
1244,500,89.89858018021431,17.808,18.968,580,58,0,0.01
1245,500,90.05929247664194,17.266,18.408,571,63,0,0.01
1246,500,89.09097187905623,17.164,18.286,561,58,0,0.01
1247,500,65.24139021838063,22.622,23.842,610,57,0,0.01
1248,500,60.373776759393856,21.708,22.882,587,60,0,0.01
1249,500,67.66347001015217,19.984,21.146,581,59,0,0.01
1250,500,66.23259072065926,19.816,20.96,572,57,0,0.01
1251,500,95.80098944667003,17.336,18.496,580,59,0,0.01
1252,500,82.36696297614247,18.646,19.798,576,58,0,0.01
1253,500,58.82829897271603,20.924,22.056,566,59,0,0.01
1254,500,66.23090380009482,20.39,21.542,576,57,0,0.01
1255,500,82.1985027363754,18.778,19.936,579,59,0,0.01
1256,500,62.48908340295509,20.498,21.616,559,56,0,0.01
1257,500,67.94506555355639,18.3,19.378,539,59,0,0.01
1258,500,67.61963810939871,18.854,19.96,553,57,0,0.01
1259,500,100.51587253824553,16.374,17.516,571,61,0,0.01
1260,500,91.14183038503546,17.548,18.696,574,58,0,0.01
1261,500,84.19459253620437,18.252,19.408,578,60,0,0.01
1262,500,72.69823504164104,18.768,19.88,556,57,0,0.01
1263,500,77.74951609182848,19.878,21.052,587,59,0,0.01
1264,500,78.4271742767454,19.346,20.504,579,56,0,0.01
1265,500,77.87588264470676,17.748,18.864,558,58,0,0.01
1266,500,77.30688568450243,18.264,19.402,569,62,0,0.01
1267,500,62.9008759168235,19.642,20.758,558,57,0,0.01
1268,500,78.65167785767878,18.742,19.892,575,58,0,0.01
1269,500,77.36459575210436,17.86,18.972,556,62,0,0.01
1270,500,74.57714565189033,19.5,20.67,585,63,0,0.01
1271,500,84.35231185468886,18.808,19.992,592,57,0,0.01
1272,500,67.16049787272038,21.468,22.68,606,61,0,0.01
1273,500,57.983293331183,23.126,24.36,617,62,0,0.01
1274,500,88.02771630721023,17.864,19.01,573,56,0,0.01
1275,500,75.54773088691387,20.996,22.192,598,60,0,0.01
1276,500,67.51695519179871,19.25,20.386,568,64,0,0.01
1277,500,83.85520485591793,20.804,22.054,625,60,0,0.01
1278,500,72.6037401958314,17.176,18.234,529,59,0,0.01
1279,500,71.2103670226601,20.14,21.312,586,57,0,0.01
1280,500,68.26935172527821,18.374,19.48,553,57,0,0.01
1281,500,66.09957549266365,19.602,20.744,571,57,0,0.01
1282,500,84.85061467546436,19.428,20.624,598,62,0,0.01
1283,500,82.99473849619088,15.942,17.004,531,59,0,0.01
1284,500,80.48367126129118,19.952,21.138,593,60,0,0.01
1285,500,69.36225962723742,17.446,18.502,528,59,0,0.01
1286,500,66.92292424802865,18.71,19.808,549,56,0,0.01
1287,500,77.50130445564558,17.73,18.844,557,61,0,0.01
1288,500,77.61469019296565,19.898,21.07,586,57,0,0.01
1289,500,76.07585750194536,17.398,18.476,539,56,0,0.01
1290,500,72.8573354843931,21.944,23.176,616,58,0,0.01
1291,500,78.72646782273283,18.618,19.76,571,59,0,0.01
1292,500,58.11712987400647,21.394,22.564,585,64,0,0.01
1293,500,48.58893112516347,24.932,26.188,628,59,0,0.01
1294,500,69.49393802187424,18.354,19.446,546,53,0,0.01
1295,500,85.12958816864233,19.344,20.534,595,59,0,0.01
1296,500,82.83355529533235,19.048,20.222,587,57,0,0.01
1297,500,87.72832978690012,18.062,19.23,584,59,0,0.01
1298,500,67.66156668815357,20.222,21.374,576,56,0,0.01
1299,500,71.67387077969788,18.612,19.718,553,52,0,0.01
1300,500,81.12300169186743,17.704,18.822,559,60,0,0.01
1301,500,67.64792250698183,18.964,20.086,561,56,0,0.01
1302,500,64.23697508152988,21.32,22.492,586,53,0,0.01
1303,500,64.29691836420726,21.412,22.592,590,61,0,0.01
1304,500,66.7790549302989,19.28,20.408,564,65,0,0.01
1305,500,88.62412505686964,19.682,20.884,601,55,0,0.01
1306,500,56.003324848746814,22.046,23.24,597,62,0,0.01
1307,500,78.56413048089209,19.896,21.072,588,59,0,0.01
1308,500,53.052507016012655,23.492,24.7,604,59,0,0.01
1309,500,84.99709546156906,16.794,17.89,548,57,0,0.01
1310,500,99.33369923976397,18.686,19.914,614,59,0,0.01
1311,500,84.92631860647764,17.37,18.494,562,58,0,0.01
1312,500,82.78209187595955,20.93,22.17,620,62,0,0.01
1313,500,61.04882021966717,19.686,20.8,557,59,0,0.01
1314,500,88.77099728801139,17.43,18.57,570,57,0,0.01
1315,500,80.62306356701892,17.886,19.002,558,56,0,0.01
1316,500,62.518274440914944,21.744,22.946,601,55,0,0.01
1317,500,57.48731669980544,23.532,24.782,625,59,0,0.01
1318,500,86.87523344040432,16.688,17.776,544,57,0,0.01
1319,500,93.716929402655,17.76,18.926,583,56,0,0.01
1320,500,95.72191835372816,16.436,17.568,566,56,0,0.01
1321,500,85.26703579454016,17.222,18.336,557,55,0,0.01
1322,500,83.99596477098444,17.882,19.028,573,56,0,0.01
1323,500,81.30649717254286,20.878,22.12,621,60,0,0.01
1324,500,102.55262654047317,18.544,19.76,608,55,0,0.01
1325,500,75.01128593725183,19.182,20.32,569,55,0,0.01
1326,500,86.36864989670686,18.052,19.206,577,60,0,0.01
1327,500,87.0919509764356,18.938,20.122,592,60,0,0.01
1328,500,74.42445664231016,17.926,19.024,549,61,0,0.01
1329,500,70.53900384619504,18.856,19.956,550,56,0,0.01
1330,500,83.1577388804539,19.69,20.878,594,61,0,0.01
1331,500,73.72496620443127,19.204,20.364,580,61,0,0.01
1332,500,71.84339283250695,20.814,21.982,584,57,0,0.01
1333,500,81.31668154065437,19.17,20.338,584,58,0,0.01
1334,500,77.02411548279595,18.24,19.378,569,62,0,0.01
1335,500,81.87269410584072,18.876,20.034,579,58,0,0.01
1336,500,85.3316724906538,19.158,20.332,587,55,0,0.01
1337,500,85.03920934258686,18.154,19.316,581,58,0,0.01
1338,500,71.90978858299637,22.296,23.518,611,54,0,0.01
1339,500,82.05701790373519,16.508,17.604,548,58,0,0.01
1340,500,80.33844133661401,17.798,18.92,561,59,0,0.01
1341,500,78.1543028409825,20.166,21.366,600,61,0,0.01
1342,500,58.8486600601656,20.068,21.188,560,55,0,0.01
1343,500,65.7537767023965,21.066,22.248,591,61,0,0.01
1344,500,80.21739362788584,19.358,20.518,580,59,0,0.01
1345,500,79.64212950213222,18.52,19.654,567,54,0,0.01
1346,500,83.53751216336222,18.794,19.958,582,57,0,0.01
1347,500,80.1534061360746,18.45,19.594,572,58,0,0.01
1348,500,82.06841861117147,17.316,18.412,548,56,0,0.01
1349,500,75.94701023338628,18.328,19.426,549,57,0,0.01
1350,500,68.95249386247912,17.89,18.972,541,60,0,0.01
1351,500,80.25210671969224,17.412,18.52,554,57,0,0.01
1352,500,62.924171686524616,21.59,22.75,580,55,0,0.01
1353,500,65.59547673396096,15.562,16.552,495,51,0,0.01
1354,500,84.46203195936566,18.126,19.244,559,53,0,0.01
1355,500,87.48750900445965,19.82,21.024,602,53,0,0.01
1356,500,74.0927139955719,20.95,22.142,596,54,0,0.01
1357,500,83.80900540793512,18.358,19.526,584,57,0,0.01
1358,500,71.75384557993921,17.628,18.7,536,54,0,0.01
1359,500,86.7167646177122,17.668,18.81,571,60,0,0.01
1360,500,61.27094631790245,18.358,19.42,531,53,0,0.01
1361,500,87.40304367728778,15.816,16.896,540,60,0,0.01
1362,500,69.63251226904282,21.752,22.972,610,59,0,0.01
1363,500,78.09122263593042,21.442,22.672,615,56,0,0.01
1364,500,68.93838935872769,19.664,20.8,568,60,0,0.01
1365,500,54.750114002830834,21.288,22.45,581,58,0,0.01
1366,500,97.66753441341481,20.034,21.282,624,57,0,0.01
1367,500,74.18229870332,19.836,21.024,594,60,0,0.01
1368,500,84.77327186091811,18.24,19.4,580,60,0,0.01
1369,500,34.11122760335627,25.816,27.004,594,51,0,0.01
1370,500,74.36018387152231,20.112,21.29,589,56,0,0.01
1371,500,72.1631609575866,19.628,20.774,573,58,0,0.01
1372,500,76.44421281636609,19.344,20.518,587,58,0,0.01
1373,500,70.05383294432895,21.772,22.984,606,53,0,0.01
1374,500,76.76843775931899,20.284,21.466,591,57,0,0.01
1375,500,77.0422850361925,17.688,18.774,543,54,0,0.01
1376,500,72.34223104275107,21.546,22.772,613,58,0,0.01
1377,500,84.92125752159305,18.57,19.728,579,59,0,0.01
1378,500,77.16953803531861,17.312,18.404,546,62,0,0.01
1379,500,66.43861601882183,19.966,21.11,572,56,0,0.01
1380,500,88.17568112737399,17.784,18.936,576,58,0,0.01
1381,500,74.66005481119198,20.81,22.006,598,62,0,0.01
1382,500,84.22497646309134,19.102,20.286,592,62,0,0.01
1383,500,81.84121058754052,19.446,20.63,592,60,0,0.01
1384,500,93.64470987133582,16.056,17.15,547,57,0,0.01
1385,500,81.40612230397096,18.358,19.498,570,59,0,0.01
1386,500,79.07818662442098,21.44,22.678,619,55,0,0.01
1387,500,78.0774001548871,16.58,17.648,534,60,0,0.01
1388,500,89.312668430692,18.682,19.848,583,58,0,0.01
1389,500,60.39185659473648,24.168,25.416,624,58,0,0.01
1390,500,83.17605237828201,18.832,19.994,581,60,0,0.01
1391,500,76.21158010571611,19.098,20.232,567,55,0,0.01
1392,500,84.61934925096192,17.808,18.938,565,58,0,0.01
1393,500,56.489704764354975,24.748,26.02,636,54,0,0.01
1394,500,66.25317178900276,23.352,24.616,632,59,0,0.01
1395,500,69.56508906095145,21.814,23.034,610,61,0,0.01
1396,500,76.60652996407784,18.708,19.832,562,55,0,0.01
1397,500,86.47429469307878,16.222,17.298,538,56,0,0.01
1398,500,47.121844127953814,23.692,24.884,596,53,0,0.01
1399,500,83.39793423218056,20.342,21.568,613,62,0,0.01
1400,500,66.98739290293081,16.992,18.016,512,56,0,0.01
1401,500,71.05553044674473,21.646,22.85,602,58,0,0.01
1402,500,69.25099019041863,23.068,24.308,620,54,0,0.01
1403,500,74.56601328557069,19.802,20.97,584,56,0,0.01
1404,500,56.724196506094735,21.438,22.636,599,64,0,0.01
1405,500,77.67534455509691,21.2,22.422,611,59,0,0.01
1406,500,89.91825428499,19.694,20.912,609,57,0,0.01
1407,500,77.64273767179458,19.772,20.946,587,61,0,0.01
1408,500,54.52683376361339,20.808,21.934,563,56,0,0.01
1409,500,78.30919135658048,19.418,20.574,578,56,0,0.01
1410,500,68.680683916567,20.546,21.736,595,60,0,0.01
1411,500,75.2685201517904,20.334,21.526,596,63,0,0.01
1412,500,57.43378159403143,21.488,22.664,588,56,0,0.01
1413,500,99.58494488852995,19.516,20.76,622,59,0,0.01
1414,500,77.52609126179712,18.644,19.784,570,60,0,0.01
1415,500,95.57976705573414,16.788,17.934,573,60,0,0.01
1416,500,77.76708741103154,17.47,18.576,553,61,0,0.01
1417,500,40.16423302928845,22.04,23.188,574,60,0,0.01
1418,500,65.61488607707983,20.41,21.566,578,54,0,0.01
1419,500,66.30324414863922,19.422,20.52,549,53,0,0.01
1420,500,68.84549904101104,17.448,18.512,532,59,0,0.01
1421,500,48.69775745800999,25.546,26.814,634,61,0,0.01
1422,500,83.50074790247461,16.674,17.766,546,63,0,0.01
1423,500,70.08963569208002,18.962,20.068,553,58,0,0.01
1424,500,83.24442358458153,20.184,21.418,617,63,0,0.01
1425,500,72.53483914302717,21.234,22.442,604,61,0,0.01
1426,500,69.51661829633053,22.104,23.34,618,61,0,0.01
1427,500,84.99676882476085,19.586,20.786,600,60,0,0.01
1428,500,74.97770321283882,19.526,20.672,573,57,0,0.01
1429,500,58.50215344671327,23.876,25.108,616,59,0,0.01
1430,500,95.85216758706605,18.528,19.728,600,60,0,0.01
1431,500,93.33461352891442,17.282,18.432,575,61,0,0.01
1432,500,73.60193245804179,20.418,21.612,597,62,0,0.01
1433,500,67.72052029160042,18.096,19.192,548,57,0,0.01
1434,500,69.98675689036583,18.91,20.03,560,60,0,0.01
1435,500,73.00894948919375,18.21,19.32,555,59,0,0.01
1436,500,84.02410522413582,18.282,19.426,572,56,0,0.01
1437,500,75.26204684346709,18.562,19.702,570,63,0,0.01
1438,500,89.01293149998506,18.254,19.418,582,60,0,0.01
1439,500,84.2779857916744,19.956,21.178,611,59,0,0.01
1440,500,79.07504644577756,19.258,20.418,580,62,0,0.01
1441,500,72.33928674822184,19.832,20.986,577,60,0,0.01
1442,500,79.54649403026909,18.584,19.708,562,58,0,0.01
1443,500,61.52332559033062,21.116,22.276,580,59,0,0.01
1444,500,97.16010252503223,16.376,17.512,568,58,0,0.01
1445,500,89.65401430573698,19.67,20.87,600,58,0,0.01
1446,500,96.6540861163571,19.236,20.464,614,58,0,0.01
1447,500,66.00304657216134,21.504,22.694,595,56,0,0.01
1448,500,75.5975689376823,19.336,20.488,576,57,0,0.01
1449,500,95.99039842622905,17.712,18.892,590,59,0,0.01
1450,500,85.95573695091389,19.93,21.142,606,60,0,0.01
1451,500,74.28314017407281,19.836,20.994,579,57,0,0.01
1452,500,70.80587906741162,20.246,21.416,585,57,0,0.01
1453,500,80.24153090654362,18.73,19.878,574,56,0,0.01
1454,500,73.60168528062754,20.264,21.43,583,55,0,0.01
1455,500,46.63248181625387,22.54,23.698,579,58,0,0.01
1456,500,73.78016478037232,17.786,18.87,542,55,0,0.01
1457,500,71.60972501548132,24.668,25.988,660,55,0,0.01
1458,500,88.54477568734217,18.252,19.416,582,60,0,0.01
1459,500,72.93063083353684,18.794,19.924,565,57,0,0.01
1460,500,88.22338219365824,19.66,20.868,604,61,0,0.01
1461,500,64.69704279909627,20.232,21.368,568,56,0,0.01
1462,500,83.8111565537303,19.33,20.51,590,59,0,0.01
1463,500,73.8613383356956,22.454,23.704,625,58,0,0.01
1464,500,101.77675919368961,17.422,18.606,592,62,0,0.01
1465,500,68.28506433658269,20.028,21.178,575,59,0,0.01
1466,500,90.64454801947055,18.964,20.174,605,64,0,0.01
1467,500,86.29431357503249,19.262,20.45,594,60,0,0.01
1468,500,88.95707346108154,18.718,19.904,593,59,0,0.01
1469,500,90.96398657466455,17.562,18.718,578,61,0,0.01
1470,500,71.29417988926096,19.554,20.696,571,61,0,0.01
1471,500,76.05108421072269,19.956,21.136,590,63,0,0.01
1472,500,55.683587499647246,23.062,24.282,610,59,0,0.01
1473,500,82.2782095186912,17.23,18.334,552,57,0,0.01
1474,500,77.0810661107214,19.956,21.136,590,59,0,0.01
1475,500,90.37938023613837,16.888,18.022,567,61,0,0.01
1476,500,81.7607718852597,19.39,20.586,598,63,0,0.01
1477,500,89.08400714898195,18.08,19.236,578,57,0,0.01
1478,500,89.49993684630681,18.55,19.716,583,55,0,0.01
1479,500,78.14419793226483,18.908,20.06,576,63,0,0.01
1480,500,76.08308324755389,20.662,21.836,587,53,0,0.01
1481,500,71.52725272836176,17.414,18.494,540,59,0,0.01
1482,500,57.89243040895889,21.534,22.704,585,65,0,0.01
1483,500,64.86088175923852,18.376,19.456,540,60,0,0.01
1484,500,82.28260413822181,18.66,19.802,571,57,0,0.01
1485,500,67.79840940065765,20.378,21.54,581,55,0,0.01
1486,500,100.38522453428813,16.966,18.136,585,57,0,0.01
1487,500,68.11072837630329,19.188,20.334,573,58,0,0.01
1488,500,54.90892297725973,20.992,22.122,565,56,0,0.01
1489,500,74.72771493803765,20.972,22.188,608,61,0,0.01
1490,500,73.14342855711946,21.636,22.83,597,55,0,0.01
1491,500,90.50975321977896,19.336,20.538,601,59,0,0.01
1492,500,79.20420309009356,19.194,20.346,576,58,0,0.01
1493,500,88.33641394112158,17.134,18.268,567,59,0,0.01
1494,500,57.74376476800143,20.37,21.482,556,57,0,0.01
1495,500,95.47790870923053,18.796,20.018,611,61,0,0.01
1496,500,71.46815485729223,19.312,20.438,563,58,0,0.01
1497,500,66.46807246482079,19.278,20.386,554,57,0,0.01
1498,500,73.7241657301146,21.556,22.776,610,58,0,0.01
1499,500,61.860987925298765,21.86,23.07,605,65,0,0.01
1500,500,65.9335619363286,17.57,18.628,529,56,0,0.01
1501,500,76.03878712156971,17.97,19.076,553,57,0,0.01
1502,500,76.53693509287115,17.902,19.016,557,61,0,0.01
1503,500,52.096263526686045,20.976,22.11,567,58,0,0.01
1504,500,69.2368615898873,20.89,22.072,591,57,0,0.01
1505,500,71.5130277305763,22.398,23.64,621,53,0,0.01
1506,500,77.13092825826983,22.228,23.486,629,63,0,0.01
1507,500,73.78274840584452,18.92,20.056,568,58,0,0.01
1508,500,88.20811296707329,19.154,20.34,593,58,0,0.01
1509,500,71.2490730303001,19.284,20.41,563,56,0,0.01
1510,500,58.40690616361846,20.812,21.936,562,54,0,0.01
1511,500,87.60501776392515,18.766,19.948,591,58,0,0.01
1512,500,71.38507065438769,17.948,19.032,542,59,0,0.01
1513,500,76.5980811999446,17.046,18.11,532,59,0,0.01
1514,500,95.22644698222149,18.152,19.33,589,57,0,0.01
1515,500,72.7589820549037,20.066,21.238,586,60,0,0.01
1516,500,97.23405065793834,18.314,19.504,595,57,0,0.01
1517,500,82.22418624743477,21.408,22.648,620,57,0,0.01
1518,500,81.8499687274305,21.962,23.224,631,59,0,0.01
1519,500,74.70574606622633,18.934,20.048,557,56,0,0.01
1520,500,82.33265891361569,17.858,18.964,553,56,0,0.01
1521,500,74.36961905861739,20.454,21.634,590,57,0,0.01
1522,500,69.09319841493156,21.878,23.094,608,57,0,0.01
1523,500,57.69260014253412,22.658,23.854,598,58,0,0.01
1524,500,78.78814231688345,21.458,22.722,632,61,0,0.01
1525,500,66.38886036052469,21.688,22.88,596,56,0,0.01
1526,500,68.2376931633751,18.89,20.006,558,59,0,0.01
1527,500,83.19816258463851,18.094,19.23,568,56,0,0.01
1528,500,80.88090595121987,20.31,21.51,600,57,0,0.01
1529,500,73.330871693146,21.016,22.246,615,63,0,0.01
1530,500,89.04511583907909,18.936,20.122,593,60,0,0.01
1531,500,73.12174057178005,22.602,23.856,627,56,0,0.01
1532,500,88.23500598172892,16.69,17.804,557,59,0,0.01
1533,500,64.97128152100693,18.022,19.098,538,58,0,0.01
1534,500,77.8915128635397,19.352,20.502,575,57,0,0.01
1535,500,62.36554439669473,20.398,21.522,562,55,0,0.01
1536,500,86.18832569384624,17.404,18.51,553,54,0,0.01
1537,500,60.877851744507815,22.35,23.538,594,52,0,0.01
1538,500,72.53769778881643,19.344,20.5,578,62,0,0.01
1539,500,52.41362697254725,23.292,24.47,589,56,0,0.01
1540,500,61.87379727671392,21.588,22.768,590,59,0,0.01
1541,500,70.78163855577115,20.418,21.596,589,58,0,0.01
1542,500,77.13455660239558,18.168,19.304,568,63,0,0.01
1543,500,69.84059215921805,18.292,19.414,561,61,0,0.01
1544,500,75.70056416411664,22.802,24.078,638,60,0,0.01
1545,500,81.9118563667467,21.616,22.888,636,54,0,0.01
1546,500,36.03401847458169,24.376,25.554,589,54,0,0.01
1547,500,87.9231194857604,18.034,19.208,587,61,0,0.01
1548,500,90.44009647342085,18.368,19.552,592,60,0,0.01
1549,500,89.7877886502179,17.25,18.39,570,58,0,0.01
1550,500,63.49506138687638,20.36,21.522,581,61,0,0.01
1551,500,56.07101281849513,19.014,20.104,545,60,0,0.01
1552,500,80.60981115407536,17.544,18.652,554,56,0,0.01
1553,500,77.58955623268608,21.904,23.144,620,55,0,0.01
1554,500,60.603496274685874,20.596,21.73,567,60,0,0.01
1555,500,85.08222725409486,18.148,19.306,579,59,0,0.01
1556,500,67.91716234235037,18.654,19.74,543,55,0,0.01
1557,500,65.3648054743383,22.378,23.586,604,58,0,0.01
1558,500,85.57957149481119,16.89,17.996,553,60,0,0.01
1559,500,85.53953923566361,18.884,20.072,594,64,0,0.01
1560,500,61.98002940223686,20.604,21.752,574,59,0,0.01
1561,500,72.19601208522569,18.198,19.286,544,58,0,0.01
1562,500,78.35201338397445,18.956,20.096,570,56,0,0.01
1563,500,65.93181639688147,21.512,22.696,592,57,0,0.01
1564,500,78.73108910235771,20.326,21.526,600,62,0,0.01
1565,500,88.76033908239144,18.686,19.862,588,59,0,0.01
1566,500,55.61158436976229,21.702,22.864,581,59,0,0.01
1567,500,71.89074316520318,21.546,22.754,604,58,0,0.01
1568,500,83.60484272032232,18.728,19.886,579,58,0,0.01
1569,500,67.99492705472248,19.532,20.706,587,63,0,0.01
1570,500,74.45096472446613,22.16,23.39,615,57,0,0.01
1571,500,77.29147544656337,21.08,22.302,611,55,0,0.01
1572,500,68.25019313903356,17.744,18.822,539,60,0,0.01
1573,500,75.03879037783838,21.512,22.738,613,59,0,0.01
1574,500,60.25007997058209,17.904,18.948,522,55,0,0.01
1575,500,68.2402460128674,20.206,21.364,579,58,0,0.01
1576,500,85.8106307765394,18.12,19.274,577,59,0,0.01
1577,500,77.82625073671231,19.818,20.986,584,56,0,0.01
1578,500,71.69922439768034,20.488,21.662,587,55,0,0.01
1579,500,76.64594672798056,18.516,19.658,571,61,0,0.01
1580,500,88.17670158258457,19.84,21.056,608,59,0,0.01
1581,500,94.26909364282156,17.114,18.27,578,60,0,0.01
1582,500,79.43576372904165,17.16,18.284,562,57,0,0.01
1583,500,71.91966357535128,19.722,20.858,568,55,0,0.01
1584,500,79.99330200930932,20.236,21.442,603,60,0,0.01
1585,500,87.76315669354037,17.032,18.146,557,60,0,0.01
1586,500,79.62815575107476,17.03,18.11,540,58,0,0.01
1587,500,58.90388941208666,18.464,19.52,528,55,0,0.01
1588,500,89.69444826858148,18.004,19.16,578,59,0,0.01
1589,500,67.82939824093827,18.934,20.046,556,62,0,0.01
1590,500,54.81265149283178,22.998,24.202,602,58,0,0.01
1591,500,67.26356930227985,18.438,19.526,544,58,0,0.01
1592,500,94.27455707778556,17.298,18.432,567,56,0,0.01
1593,500,65.26442822881626,23.94,25.19,625,55,0,0.01
1594,500,72.40874728727462,19.818,20.99,586,61,0,0.01
1595,500,64.00096788336867,21.174,22.344,585,54,0,0.01
1596,500,94.47520165664662,17.848,18.998,575,55,0,0.01
1597,500,85.97442137645916,19.586,20.798,606,58,0,0.01
1598,500,75.38894242980481,21.18,22.41,615,60,0,0.01
1599,500,94.0512281551543,19.602,20.832,615,58,0,0.01
1600,500,87.93652674817788,19.072,20.254,591,58,0,0.01
1601,500,51.23609189155071,23.132,24.348,608,58,0,0.01
1602,500,69.37154322112721,20.642,21.816,587,59,0,0.01
1603,500,102.36175697725291,18.494,19.73,618,61,0,0.01
1604,500,74.81774335369639,21.552,22.764,606,53,0,0.01
1605,500,78.21276208960094,17.712,18.81,549,58,0,0.01
1606,500,73.06674162607587,17.342,18.442,550,59,0,0.01
1607,500,54.02711561965879,25.386,26.64,627,56,0,0.01
1608,500,61.88769563769122,19.408,20.524,558,62,0,0.01
1609,500,88.66597824554441,17.384,18.512,564,59,0,0.01
1610,500,77.90271736367077,19.174,20.326,576,59,0,0.01
1611,500,75.89246086174764,20.79,22.0,605,54,0,0.01
1612,500,81.22311417573283,19.108,20.29,591,65,0,0.01
1613,500,77.86633428916005,17.526,18.626,550,56,0,0.01
1614,500,75.14867494426684,20.416,21.602,593,58,0,0.01
1615,500,85.39961089408507,19.826,21.042,608,58,0,0.01
1616,500,87.30877874784083,18.056,19.216,580,59,0,0.01
1617,500,66.00100891800878,20.934,22.116,591,54,0,0.01
1618,500,70.14892244487238,21.124,22.312,594,58,0,0.01
1619,500,89.0763415981138,17.732,18.88,574,60,0,0.01
1620,500,74.61431926524875,19.392,20.534,571,60,0,0.01
1621,500,93.84858727997191,18.76,19.97,605,62,0,0.01
1622,500,58.47261460824286,24.51,25.77,630,57,0,0.01
1623,500,70.43870866995314,19.942,21.106,582,59,0,0.01
1624,500,96.14156562337857,20.498,21.76,631,58,0,0.01
1625,500,69.70046825671653,19.292,20.424,566,57,0,0.01
1626,500,72.667469605186,16.94,18.006,533,57,0,0.01
1627,500,54.77386341591144,24.326,25.556,615,55,0,0.01
1628,500,67.9660348106682,18.708,19.808,550,52,0,0.01
1629,500,83.05990064630424,18.562,19.722,580,58,0,0.01
1630,500,72.96583892655407,18.216,19.322,553,59,0,0.01
1631,500,89.92077310223334,17.638,18.774,568,58,0,0.01
1632,500,56.9420761550731,23.498,24.714,608,54,0,0.01
1633,500,78.04826334330492,18.072,19.192,560,58,0,0.01
1634,500,81.18301710835635,17.936,19.054,559,55,0,0.01
1635,500,78.15477374541344,17.606,18.71,552,56,0,0.01
1636,500,75.57956123615112,16.988,18.072,542,60,0,0.01
1637,500,67.03288420453724,21.268,22.452,592,56,0,0.01
1638,500,74.24763328714988,20.008,21.172,582,59,0,0.01
1639,500,60.91591848331421,19.878,20.992,557,57,0,0.01
1640,500,74.43959511620116,21.696,22.924,614,60,0,0.01
1641,500,99.962670581817,18.618,19.824,603,58,0,0.01
1642,500,74.46261928851685,19.004,20.152,574,61,0,0.01
1643,500,71.81313233273153,19.782,20.94,579,58,0,0.01
1644,500,68.45608442823334,17.616,18.682,533,55,0,0.01
1645,500,70.24762302848994,20.082,21.236,577,59,0,0.01
1646,500,46.26838678920996,21.22,22.32,550,55,0,0.01
1647,500,85.02014373066471,18.05,19.18,565,57,0,0.01
1648,500,87.85007863961344,18.276,19.444,584,60,0,0.01
1649,500,88.02131545588946,16.726,17.816,545,56,0,0.01
1650,500,61.7544983637015,22.744,23.958,607,60,0,0.01
1651,500,71.65910648979272,18.886,20.014,564,58,0,0.01
1652,500,72.18903677330019,18.65,19.78,565,58,0,0.01
1653,500,74.98967040891503,20.778,21.974,598,58,0,0.01
1654,500,74.84791788154051,18.45,19.562,556,60,0,0.01
1655,500,79.48849868369027,22.074,23.324,625,58,0,0.01
1656,500,72.02430110825006,18.778,19.914,568,61,0,0.01
1657,500,68.34285679665598,19.686,20.814,564,56,0,0.01
1658,500,75.35741462059586,18.452,19.574,561,56,0,0.01
1659,500,67.07081725757219,19.04,20.128,544,56,0,0.01
1660,500,72.57112598694661,18.842,19.972,565,54,0,0.01
1661,500,80.64670942392578,19.934,21.13,598,58,0,0.01
1662,500,87.74866042156059,17.894,19.038,572,58,0,0.01
1663,500,71.95285453153605,18.454,19.564,555,57,0,0.01
1664,500,58.11340204302081,17.86,18.908,524,60,0,0.01
1665,500,52.26088927955336,24.51,25.744,617,54,0,0.01
1666,500,90.58260844047193,18.58,19.778,599,59,0,0.01
1667,500,74.6838314207929,19.606,20.768,581,62,0,0.01
1668,500,80.7898574035416,18.208,19.332,562,57,0,0.01
1669,500,76.64673726682835,16.752,17.818,533,59,0,0.01
1670,500,83.28261439688185,18.602,19.746,572,55,0,0.01
1671,500,37.21143974074436,23.604,24.754,575,57,0,0.01
1672,500,84.23431867586385,18.938,20.118,590,57,0,0.01
1673,500,67.25827097544997,18.892,20.004,556,59,0,0.01
1674,500,78.35562446704873,18.546,19.684,569,60,0,0.01
1675,500,47.11214124612438,23.296,24.462,583,53,0,0.01
1676,500,80.75997841333441,18.15,19.284,567,58,0,0.01
1677,500,84.17501140575135,16.892,17.986,547,57,0,0.01
1678,500,77.25885830460106,19.71,20.882,586,57,0,0.01
1679,500,73.69522186956912,20.484,21.638,577,56,0,0.01
1680,500,79.68915026494281,19.024,20.172,574,57,0,0.01
1681,500,64.99730192753444,17.786,18.85,532,61,0,0.01
1682,500,79.62657174030178,17.55,18.646,548,55,0,0.01
1683,500,81.04116460426788,18.686,19.84,577,59,0,0.01
1684,500,76.65440607396513,20.638,21.834,598,58,0,0.01
1685,500,78.59339397585454,21.776,23.032,628,58,0,0.01
1686,500,64.60054465457408,21.96,23.15,595,55,0,0.01
1687,500,52.83613956718704,21.346,22.492,573,58,0,0.01
1688,500,84.94536402427063,18.108,19.252,572,60,0,0.01
1689,355,19.19604057451056,22.946478873239435,24.104225352112675,411,39,1,0.01
1690,500,66.52005433580189,21.668,22.872,602,57,0,0.01
1691,500,90.7543915512589,18.112,19.268,578,57,0,0.01
1692,500,97.76396010093455,17.668,18.868,600,60,0,0.01
1693,500,87.04651422439791,17.926,19.074,574,54,0,0.01
1694,500,81.13440207611266,17.99,19.118,564,59,0,0.01
1695,500,64.32502739499638,20.942,22.134,596,63,0,0.01
1696,500,36.25549830159202,25.02,26.242,611,60,0,0.01
1697,500,91.81043489242538,17.636,18.792,578,60,0,0.01
1698,500,80.19440723394139,18.28,19.406,563,56,0,0.01
1699,500,83.72730965488076,16.544,17.63,543,57,0,0.01
1700,500,66.33614982584704,21.24,22.412,586,55,0,0.01
1701,500,68.3819542493331,19.224,20.338,557,56,0,0.01
1702,500,83.7386719375632,20.078,21.298,610,59,0,0.01
1703,500,76.98385363047676,16.944,18.01,533,58,0,0.01
1704,500,97.82341928744337,17.386,18.544,579,58,0,0.01
1705,500,75.207178483794,21.26,22.478,609,61,0,0.01
1706,500,80.00028725670379,19.204,20.38,588,61,0,0.01
1707,500,64.16476548567962,19.024,20.142,559,61,0,0.01
1708,500,91.30707098676528,18.208,19.39,591,60,0,0.01
1709,500,51.98631708510617,21.914,23.078,582,52,0,0.01
1710,500,43.653894781276406,24.618,25.81,596,55,0,0.01
1711,500,73.40494032008624,19.764,20.93,583,58,0,0.01
1712,500,63.32323756464038,21.59,22.772,591,58,0,0.01
1713,500,82.09802258106191,20.402,21.59,594,55,0,0.01
1714,500,79.51697570911875,19.094,20.254,580,60,0,0.01
1715,500,73.05472313669955,16.388,17.424,518,54,0,0.01
1716,500,75.67671949001824,17.286,18.336,525,52,0,0.01
1717,500,83.25810586731596,18.198,19.336,569,58,0,0.01
1718,500,71.19239367656884,21.686,22.904,609,57,0,0.01
1719,500,69.06358418638109,18.85,19.972,561,58,0,0.01
1720,500,73.22305262377262,19.496,20.646,575,61,0,0.01
1721,500,61.70123127585291,21.268,22.426,579,59,0,0.01
1722,500,69.84265358695937,22.296,23.546,625,59,0,0.01
1723,500,90.80199638695203,15.928,17.02,546,60,0,0.01
1724,500,54.27064377787417,25.122,26.39,634,57,0,0.01
1725,500,80.81516966369283,19.798,20.99,596,59,0,0.01
1726,500,67.2753852283419,23.058,24.306,624,61,0,0.01
1727,500,64.74889766350603,18.736,19.842,553,56,0,0.01
1728,500,85.10347511098354,19.568,20.768,600,63,0,0.01
1729,500,44.98443428042769,22.036,23.194,579,63,0,0.01
1730,500,68.94702374831505,21.84,23.046,603,57,0,0.01
1731,500,82.75997841333434,18.142,19.28,569,58,0,0.01
1732,500,63.99843555119653,19.726,20.866,570,63,0,0.01
1733,500,33.054383141491,27.572,28.854,641,61,0,0.01
1734,500,85.1895933264711,19.63,20.82,595,56,0,0.01
1735,500,64.901154193409,20.14,21.282,571,61,0,0.01
1736,500,78.43001566148317,21.106,22.332,613,61,0,0.01
1737,500,52.78232944109617,22.318,23.498,590,61,0,0.01
1738,500,78.55925437507942,20.566,21.806,620,63,0,0.01
1739,500,90.28590584553929,17.364,18.502,569,58,0,0.01
1740,500,86.7962685135224,19.26,20.456,598,59,0,0.01
1741,500,69.85633586969381,20.298,21.458,580,60,0,0.01
1742,500,85.90693629321616,19.47,20.682,606,63,0,0.01
1743,500,87.14865084748703,16.416,17.514,549,61,0,0.01
1744,500,86.76315669354031,17.036,18.148,556,60,0,0.01
1745,500,62.58411070515578,19.158,20.258,550,61,0,0.01
1746,500,87.5256068424375,17.696,18.822,563,57,0,0.01
1747,500,78.20244371252655,19.134,20.298,582,60,0,0.01
1748,500,80.85354577825606,18.192,19.322,565,61,0,0.01
1749,500,79.2340506579383,18.378,19.536,579,61,0,0.01
1750,500,78.17449914348924,19.19,20.368,589,61,0,0.01
1751,500,85.38726218844067,17.596,18.744,574,59,0,0.01
1752,500,61.996006775198154,19.296,20.38,542,57,0,0.01
1753,500,70.43217380966976,18.518,19.618,550,59,0,0.01
1754,500,68.85939039959702,18.868,19.986,559,62,0,0.01
1755,500,74.36210803403212,20.268,21.456,594,64,0,0.01
1756,500,75.57612877613963,21.508,22.724,608,59,0,0.01
1757,500,89.96383204838169,17.396,18.538,571,61,0,0.01
1758,500,81.47384430596807,18.686,19.852,583,61,0,0.01
1759,500,67.24016687666463,23.698,24.966,634,57,0,0.01
1760,500,72.04096904334496,18.784,19.9,558,59,0,0.01
1761,500,60.53148581921841,22.318,23.52,601,59,0,0.01
1762,500,89.7210354869402,18.75,19.926,588,56,0,0.01
1763,500,76.73974075299652,18.84,19.996,578,65,0,0.01
1764,500,70.42664882274562,18.694,19.798,552,57,0,0.01
1765,500,95.35012993291352,17.958,19.15,596,59,0,0.01
1766,500,61.81788729812798,21.298,22.51,606,60,0,0.01
1767,500,74.95888445513977,19.062,20.21,574,60,0,0.01
1768,500,58.82651875463786,20.466,21.612,573,56,0,0.01
1769,500,84.68946957616846,19.282,20.468,593,59,0,0.01
1770,500,76.70791740615043,19.256,20.402,573,61,0,0.01
1771,500,79.80780290673032,19.864,21.062,599,56,0,0.01
1772,500,77.61604428737576,15.558,16.574,508,57,0,0.01
1773,500,76.90221242699101,18.378,19.494,558,60,0,0.01
1774,500,85.52466177730682,19.294,20.482,594,61,0,0.01
1775,500,84.44483124468842,20.51,21.74,615,59,0,0.01
1776,500,50.32195999654666,20.004,21.06,528,53,0,0.01
1777,500,91.83309139329272,17.976,19.144,584,60,0,0.01
1778,500,83.91964241164884,18.742,19.92,589,59,0,0.01
1779,500,87.98898684917248,15.82,16.876,528,54,0,0.01
1780,500,72.97465894159548,20.894,22.086,596,63,0,0.01
1781,500,87.98896926493006,18.948,20.134,593,59,0,0.01
1782,500,50.71348733036575,23.55,24.742,596,55,0,0.01
1783,500,75.04839735226766,18.366,19.49,562,60,0,0.01
1784,500,53.76373766668248,22.662,23.85,594,60,0,0.01
1785,500,74.34230317656255,21.646,22.884,619,61,0,0.01
1786,500,70.28387209403787,21.444,22.642,599,62,0,0.01
1787,500,52.753037780040025,23.118,24.348,615,60,0,0.01
1788,500,79.1302757976987,17.662,18.754,546,58,0,0.01
1789,500,83.00689131772108,17.712,18.832,560,59,0,0.01
1790,500,80.71819735847112,20.556,21.772,608,57,0,0.01
1791,500,76.82643310589766,16.798,17.852,527,55,0,0.01
1792,500,85.54923918441554,16.264,17.346,541,61,0,0.01
1793,500,70.03946742504341,19.362,20.5,569,59,0,0.01
1794,500,75.03094620390758,17.05,18.14,545,61,0,0.01
1795,500,74.6379926418669,17.732,18.836,552,58,0,0.01
1796,500,85.90032929912125,17.942,19.08,569,58,0,0.01
1797,500,68.93076484249958,19.088,20.222,567,61,0,0.01
1798,500,51.03885257618093,22.296,23.47,587,61,0,0.01
1799,500,67.30212371671465,20.424,21.588,582,62,0,0.01
1800,500,67.05875008478196,20.866,22.024,579,57,0,0.01
1801,500,51.88366526667733,22.658,23.848,595,58,0,0.01
1802,500,79.24159278169486,18.896,20.05,577,61,0,0.01
1803,500,104.96476946473847,18.298,19.544,623,61,0,0.01
1804,500,92.01103811345529,17.896,19.07,587,60,0,0.01
1805,500,83.85163187440617,17.954,19.088,567,59,0,0.01
1806,500,77.5501564066436,17.9,19.024,562,58,0,0.01
1807,500,86.451466081686,18.844,20.024,590,59,0,0.01
1808,500,92.1655175997735,19.878,21.108,615,61,0,0.01
1809,500,43.545460216658086,24.912,26.118,603,57,0,0.01
1810,500,82.66003071441212,16.83,17.928,549,63,0,0.01
1811,500,71.42060831729054,17.602,18.686,542,57,0,0.01
1812,500,58.874021003730576,18.874,19.93,528,53,0,0.01
1813,500,86.37659698042916,22.456,23.756,650,57,0,0.01
1814,500,62.90874761046564,20.372,21.518,573,63,0,0.01
1815,500,80.01718152870168,18.97,20.154,592,61,0,0.01
1816,500,65.49372455351771,21.034,22.24,603,61,0,0.01
1817,500,77.47353525340223,18.366,19.498,566,59,0,0.01
1818,500,62.89358161686357,20.33,21.454,562,58,0,0.01
1819,500,92.38314616868652,17.182,18.31,564,54,0,0.01
1820,500,60.936509810317844,23.356,24.592,618,59,0,0.01
1821,500,85.25381448076784,17.22,18.326,553,58,0,0.01
1822,500,70.97875412083845,20.906,22.122,608,57,0,0.01
1823,500,32.356226280702,24.626,25.81,592,61,0,0.01
1824,500,66.2379922804719,19.814,20.94,563,60,0,0.01
1825,500,70.43604265200955,18.75,19.856,553,57,0,0.01
1826,500,69.40676157280456,20.014,21.162,574,57,0,0.01
1827,500,78.88279901455843,20.13,21.338,604,64,0,0.01
1828,500,74.95954391810238,20.032,21.226,597,59,0,0.01
1829,500,87.18503392199763,18.068,19.216,574,62,0,0.01
1830,500,62.20286657992604,20.462,21.612,575,59,0,0.01
1831,500,36.55525607281021,25.85,27.07,610,59,0,0.01
1832,500,71.83975032707013,20.346,21.534,594,59,0,0.01
1833,500,69.09161114788995,18.84,19.96,560,62,0,0.01
1834,500,83.99070780198579,18.622,19.792,585,58,0,0.01
1835,500,90.95145582302585,18.89,20.074,592,56,0,0.01
1836,500,90.34814421844347,18.154,19.322,584,59,0,0.01
1837,500,70.167143291569,20.266,21.42,577,58,0,0.01
1838,500,92.98280500917227,17.492,18.662,585,61,0,0.01
1839,500,83.33431799127747,20.466,21.694,614,61,0,0.01
1840,500,68.48015315253963,20.924,22.09,583,58,0,0.01
1841,500,67.30150561158338,19.752,20.864,556,58,0,0.01
1842,500,72.20419283143357,19.284,20.418,567,56,0,0.01
1843,500,54.088828215372025,24.974,26.228,627,57,0,0.01
1844,500,59.43519056120158,20.902,22.052,575,61,0,0.01
1845,500,81.39474243704586,17.964,19.094,565,56,0,0.01
1846,500,70.9809433681962,18.626,19.732,553,58,0,0.01
1847,500,50.872429990566246,23.014,24.194,590,56,0,0.01
1848,500,68.31304994026014,19.74,20.884,572,58,0,0.01
1849,500,75.64484745975842,20.47,21.65,590,60,0,0.01
1850,500,67.36407355437325,20.766,21.936,585,59,0,0.01
1851,500,87.13609925533723,17.342,18.472,565,55,0,0.01
1852,500,76.73547314003726,21.304,22.544,620,61,0,0.01
1853,500,76.34342328529583,20.102,21.294,596,57,0,0.01
1854,500,68.50110189233143,21.428,22.622,597,61,0,0.01
1855,500,51.68612715740196,21.428,22.552,562,59,0,0.01
1856,500,77.31281595458334,22.492,23.768,638,62,0,0.01
1857,500,66.3365207535641,21.746,22.948,601,58,0,0.01
1858,500,85.27806525106834,16.994,18.092,549,55,0,0.01
1859,500,54.63539533480304,24.388,25.632,622,60,0,0.01
1860,500,85.3720170586357,21.022,22.27,624,63,0,0.01
1861,500,82.47770288964762,18.968,20.142,587,61,0,0.01
1862,500,71.65381842162277,19.278,20.434,578,61,0,0.01
1863,500,62.287905721320534,21.82,23.022,601,60,0,0.01
1864,500,80.49690283372358,19.888,21.088,600,61,0,0.01
1865,500,81.59634233969759,16.85,17.94,545,59,0,0.01
1866,500,73.23631529537616,19.788,20.944,578,57,0,0.01
1867,500,67.49432278771121,22.866,24.1,617,59,0,0.01
1868,500,64.69360643643374,20.162,21.332,585,59,0,0.01
1869,500,72.49624337076122,18.958,20.092,567,58,0,0.01
1870,500,86.69281264131722,18.3,19.468,584,59,0,0.01
1871,500,74.98064750736816,21.24,22.458,609,55,0,0.01
1872,500,81.60275377286962,18.448,19.588,570,60,0,0.01
1873,500,97.8950822655916,18.058,19.254,598,59,0,0.01
1874,500,61.066817339347196,21.562,22.756,597,61,0,0.01
1875,500,60.5264727713653,19.686,20.812,563,60,0,0.01
1876,500,76.02862327077818,19.558,20.744,593,61,0,0.01
1877,500,74.54156663115612,19.568,20.734,583,60,0,0.01
1878,500,70.39523743825669,19.372,20.51,569,62,0,0.01
1879,500,66.20849447664163,20.212,21.376,582,60,0,0.01
1880,500,75.68971707677383,20.002,21.184,591,61,0,0.01
1881,500,59.704904234078576,21.044,22.196,576,60,0,0.01
1882,500,66.42120622829289,18.936,20.046,555,58,0,0.01
1883,500,83.5150720639289,18.786,19.958,586,62,0,0.01
1884,500,81.1469020517712,16.848,17.936,544,58,0,0.01
1885,500,62.176846173398495,20.69,21.856,583,60,0,0.01
1886,500,91.32081775453746,18.886,20.118,616,60,0,0.01
1887,500,57.70767348500492,22.712,23.916,602,58,0,0.01
1888,500,92.69825523576992,18.046,19.214,584,60,0,0.01
1889,500,56.810830563304364,23.278,24.486,604,58,0,0.01
1890,500,83.27576283525903,19.39,20.586,598,59,0,0.01
1891,500,80.04043300749409,17.616,18.712,548,55,0,0.01
1892,500,85.8236667880489,18.118,19.266,574,60,0,0.01
1893,500,76.89800668918309,21.012,22.216,602,57,0,0.01
1894,500,76.08180828934653,21.502,22.726,612,60,0,0.01
1895,500,81.01852894391158,18.756,19.89,567,56,0,0.01
1896,500,54.67712477317515,21.754,22.914,580,60,0,0.01
1897,500,65.77255410226417,21.248,22.426,589,55,0,0.01
1898,500,73.89244034442765,20.906,22.112,603,58,0,0.01
1899,500,91.63203452888337,16.626,17.752,563,61,0,0.01
1900,500,63.70825788107854,20.522,21.65,564,57,0,0.01
1901,500,66.96581140684263,21.956,23.164,604,59,0,0.01
1902,500,93.35106473938403,16.426,17.55,562,59,0,0.01
1903,500,76.69085802601857,18.868,19.996,564,56,0,0.01
1904,500,80.61616071209608,18.96,20.12,580,62,0,0.01
1905,500,81.79322130920166,17.636,18.734,549,56,0,0.01
1906,500,93.18564176846878,18.786,19.99,602,60,0,0.01
1907,500,77.92132965540434,18.714,19.862,574,58,0,0.01
1908,500,63.545312046384275,20.018,21.154,568,59,0,0.01
1909,500,63.483908503236734,20.766,21.928,581,60,0,0.01
1910,500,65.62363037884997,18.912,20.038,563,58,0,0.01
1911,500,77.83140479591957,19.132,20.268,568,57,0,0.01
1912,500,84.21551050001605,18.934,20.11,588,61,0,0.01
1913,500,77.75486571195859,19.126,20.29,582,62,0,0.01
1914,500,76.91036207402757,19.112,20.28,584,61,0,0.01
1915,500,75.05853336015667,19.968,21.138,585,59,0,0.01
1916,500,78.6231049248502,18.172,19.288,558,61,0,0.01
1917,500,74.66654863683539,22.478,23.724,623,56,0,0.01
1918,500,75.81776061474773,17.882,18.984,551,57,0,0.01
1919,500,71.77864264475069,18.476,19.58,552,57,0,0.01
1920,500,85.52394011600195,17.636,18.782,573,60,0,0.01
1921,500,74.27376686212897,19.664,20.824,580,57,0,0.01
1922,500,67.20561499034118,21.688,22.914,613,62,0,0.01
1923,500,84.44155705708236,18.05,19.19,570,62,0,0.01
1924,500,65.33064535624307,21.292,22.476,592,59,0,0.01
1925,500,62.43688806361719,20.78,21.92,570,60,0,0.01
1926,500,92.96126161464697,19.208,20.438,615,61,0,0.01
1927,500,70.6568421755461,18.018,19.128,555,65,0,0.01
1928,500,61.135123737417764,19.732,20.86,564,58,0,0.01
1929,500,79.72019365479231,20.84,22.064,612,60,0,0.01
1930,500,74.07216695947722,20.766,21.972,603,60,0,0.01
1931,500,47.469621630299756,25.632,26.926,647,59,0,0.01
1932,500,82.8921207100108,20.066,21.274,604,59,0,0.01
1933,500,70.51011421202708,20.498,21.68,591,63,0,0.01
1934,500,71.15231387024374,16.832,17.882,525,59,0,0.01
1935,500,81.58129277081564,20.222,21.428,603,59,0,0.01
1936,500,61.13086345004104,19.106,20.196,545,59,0,0.01
1937,500,83.06029241453251,19.466,20.654,594,64,0,0.01
1938,500,76.80695814150498,18.906,20.036,565,59,0,0.01
1939,500,57.46708636505005,21.136,22.284,574,61,0,0.01
1940,500,58.47549051508348,18.958,20.052,547,60,0,0.01
1941,500,84.19532445616949,19.856,21.054,599,59,0,0.01
1942,500,78.10579104172152,20.688,21.896,604,61,0,0.01
1943,500,81.21881253052477,18.2,19.342,571,63,0,0.01
1944,500,82.7711107796541,17.848,18.984,568,61,0,0.01
1945,500,78.05290514024979,19.66,20.844,592,63,0,0.01
1946,500,88.35134333916069,17.478,18.602,562,60,0,0.01
1947,500,87.68872739754333,17.72,18.87,575,62,0,0.01
1948,500,82.16382742294046,16.954,18.05,548,59,0,0.01
1949,500,71.00783963912036,19.7,20.856,578,61,0,0.01
1950,500,76.28829716635741,22.162,23.422,630,59,0,0.01
1951,500,66.64319131517406,20.902,22.08,589,62,0,0.01
1952,500,88.92473459570458,17.87,19.02,575,57,0,0.01
1953,500,82.27916777555919,18.598,19.77,586,56,0,0.01
1954,500,64.18407892139822,20.346,21.494,574,57,0,0.01
1955,500,89.01464951972059,18.024,19.178,577,61,0,0.01
1956,500,69.59546973156965,19.126,20.252,563,61,0,0.01
1957,500,81.9110391212327,16.926,18.024,549,59,0,0.01
1958,500,66.92575211783769,16.994,18.034,520,57,0,0.01
1959,500,67.91178162304895,19.05,20.154,552,57,0,0.01
1960,500,82.91965299350001,19.202,20.374,586,62,0,0.01
1961,500,88.15093567905379,17.156,18.282,563,60,0,0.01
1962,500,78.04359370345742,19.662,20.85,594,62,0,0.01
1963,500,66.6812580539806,18.438,19.538,550,63,0,0.01
1964,500,88.54064908573704,17.39,18.534,572,62,0,0.01
1965,500,38.41236927539123,20.538,21.618,540,59,0,0.01
1966,500,83.90372398076154,17.204,18.318,557,59,0,0.01
1967,500,42.46601787280804,22.972,24.136,582,60,0,0.01
1968,500,64.0927831963058,18.078,19.128,525,56,0,0.01
1969,500,75.57677472417338,18.99,20.132,571,60,0,0.01
1970,500,82.9814066238534,18.566,19.742,588,59,0,0.01
1971,500,83.69263759771437,18.25,19.4,575,63,0,0.01
1972,500,65.80210319939451,20.548,21.704,578,61,0,0.01
1973,500,69.8998689765416,21.03,22.224,597,62,0,0.01
1974,500,95.5806227260018,18.736,19.93,597,59,0,0.01
1975,500,80.7419018342606,19.232,20.412,590,60,0,0.01
1976,500,78.1580068983794,20.29,21.48,595,57,0,0.01
1977,500,86.08189768420918,17.916,19.05,567,61,0,0.01
1978,500,63.427153759425345,19.506,20.638,566,64,0,0.01
1979,500,67.5928172285547,21.422,22.61,594,61,0,0.01
1980,500,83.9829495999863,18.278,19.43,576,60,0,0.01
1981,500,66.50598793361306,20.198,21.33,566,52,0,0.01
1982,500,48.74269627575925,22.182,23.322,570,56,0,0.01
1983,500,64.32923671226418,22.384,23.592,604,59,0,0.01
1984,500,74.22155100547104,20.066,21.242,588,59,0,0.01
1985,500,73.70914400413521,21.734,22.946,606,57,0,0.01
1986,500,74.050053496852,17.978,19.082,552,56,0,0.01
1987,500,70.65045483915395,20.372,21.544,586,61,0,0.01
1988,500,64.32988266029793,19.87,21.002,566,58,0,0.01
1989,500,60.15570187268382,20.248,21.366,559,61,0,0.01
1990,500,83.10353698613483,19.754,20.95,598,60,0,0.01
1991,500,83.84817531761477,18.526,19.678,576,59,0,0.01
1992,500,62.292341375491205,23.014,24.264,625,62,0,0.01
1993,500,55.485719174103856,20.568,21.712,572,60,0,0.01
1994,500,49.48155186104973,20.496,21.584,544,55,0,0.01
1995,500,68.5879381896643,19.08,20.198,559,58,0,0.01
1996,500,77.3693096828606,19.576,20.75,587,60,0,0.01
1997,500,70.21300959020624,18.428,19.524,548,60,0,0.01
1998,500,76.78405707310961,20.894,22.132,619,62,0,0.01
1999,500,72.90318826810169,16.63,17.678,524,56,0,0.01
2000,500,87.58612719560594,18.704,19.876,586,63,0,0.01
2001,500,79.7893656585995,20.37,21.592,611,61,0,0.01
2002,500,86.4170690448366,17.534,18.67,568,59,0,0.01
2003,500,63.05677104951216,16.928,17.96,516,62,0,0.01
2004,500,55.16919120438161,20.838,21.972,567,60,0,0.01
2005,500,55.55251401840398,19.88,20.976,548,60,0,0.01
2006,500,84.74956412885997,16.014,17.094,540,61,0,0.01
2007,500,89.12329022711313,18.124,19.28,578,62,0,0.01
2008,500,71.06391082318936,16.046,17.07,512,57,0,0.01
2009,500,84.23468992677203,19.962,21.164,601,61,0,0.01
2010,500,82.7018666420355,18.21,19.34,565,57,0,0.01
2011,500,92.65871472156455,17.882,19.032,575,60,0,0.01
2012,500,82.2263027145988,17.98,19.12,570,55,0,0.01
2013,500,70.20805467138192,23.116,24.374,629,58,0,0.01
2014,500,72.78358291241005,19.94,21.14,600,61,0,0.01
2015,500,98.56658677660185,16.542,17.694,576,63,0,0.01
2016,500,61.969360614765634,21.392,22.586,597,64,0,0.01
2017,500,70.48770521176499,20.854,22.032,589,59,0,0.01
2018,500,74.85981294380524,19.586,20.744,579,62,0,0.01
2019,500,87.8207667844284,19.714,20.918,602,58,0,0.01
2020,500,83.67060978382942,19.058,20.234,588,60,0,0.01
2021,500,80.76999067092062,19.404,20.58,588,59,0,0.01
2022,500,89.43719646980044,19.972,21.208,618,60,0,0.01
2023,500,71.82719580184293,18.244,19.338,547,56,0,0.01
2024,500,90.14026689158246,17.944,19.116,586,61,0,0.01
2025,500,63.91814143972965,20.424,21.574,575,63,0,0.01
2026,500,80.3646884032358,17.852,18.976,562,59,0,0.01
2027,500,81.28038118180635,18.09,19.208,559,59,0,0.01
2028,500,68.35689942525612,17.734,18.808,537,59,0,0.01
2029,500,81.79324182652176,17.52,18.622,551,56,0,0.01
2030,500,53.6429986873286,24.044,25.302,629,59,0,0.01
2031,500,81.20113797833905,20.148,21.356,604,61,0,0.01
2032,500,65.41097789246369,17.868,18.908,520,55,0,0.01
2033,500,75.38588464363298,19.064,20.218,577,62,0,0.01
2034,500,61.51183223176286,20.308,21.46,576,62,0,0.01
2035,500,84.07098139613261,18.028,19.19,581,64,0,0.01
2036,500,79.87283837346357,19.104,20.272,584,62,0,0.01
2037,500,84.43999356362946,18.454,19.614,580,59,0,0.01
2038,500,85.00796306623184,19.474,20.67,598,58,0,0.01
2039,500,85.56417151553227,19.632,20.832,600,61,0,0.01
2040,500,81.14769584688757,18.622,19.756,567,58,0,0.01
2041,500,70.38052476484292,19.89,21.044,577,61,0,0.01
2042,500,82.4509230434437,21.312,22.572,630,61,0,0.01
2043,500,63.70024191981355,19.556,20.648,546,55,0,0.01
2044,500,67.22483251865981,19.464,20.594,565,61,0,0.01
2045,500,53.5462603677835,22.006,23.178,586,57,0,0.01
2046,500,73.17134202698554,21.228,22.414,593,57,0,0.01
2047,500,81.413231301668,17.666,18.784,559,62,0,0.01
2048,500,52.16613667447822,22.28,23.45,585,60,0,0.01
2049,500,77.91651574793424,20.072,21.28,604,64,0,0.01
2050,500,80.29706931103023,17.454,18.568,557,62,0,0.01
2051,500,33.9850738724523,24.214,25.37,578,58,0,0.01
2052,500,65.26343854958573,21.706,22.9,597,56,0,0.01
2053,500,98.25292070893741,18.472,19.678,603,60,0,0.01
2054,500,78.04765875310245,20.868,22.066,599,62,0,0.01
2055,500,88.04455928590802,17.916,19.062,573,58,0,0.01
2056,500,63.191033392812564,19.488,20.6,556,60,0,0.01
2057,500,80.39281827453593,17.792,18.92,564,58,0,0.01
2058,500,48.667771978551414,21.494,22.646,576,58,0,0.01
2059,500,65.33989166161552,17.582,18.636,527,57,0,0.01
2060,500,81.96623037159118,18.574,19.73,578,60,0,0.01
2061,500,66.47044994751896,20.01,21.158,574,61,0,0.01
2062,500,67.83373798770903,16.606,17.628,511,55,0,0.01
2063,500,82.47058363329053,19.706,20.906,600,64,0,0.01
2064,500,71.16662077064676,22.594,23.844,625,62,0,0.01
2065,500,85.8767588322945,19.544,20.73,593,59,0,0.01
2066,500,63.08019350259344,22.248,23.456,604,57,0,0.01
2067,500,60.63463263885797,22.95,24.15,600,53,0,0.01
2068,500,72.19101255230134,19.042,20.18,569,63,0,0.01
2069,500,80.65179134932153,19.132,20.292,580,60,0,0.01
2070,500,71.55355466774351,21.238,22.442,602,60,0,0.01
2071,500,73.68233712807381,17.106,18.162,528,59,0,0.01
2072,500,73.24176814848899,19.496,20.644,574,60,0,0.01
2073,500,77.21071743305708,20.734,21.946,606,62,0,0.01
2074,500,74.67651628032164,19.896,21.068,586,60,0,0.01
2075,500,65.1989050864548,20.222,21.362,570,60,0,0.01
2076,500,77.59951361751227,19.372,20.54,584,63,0,0.01
2077,500,76.53934367474069,18.986,20.134,574,62,0,0.01
2078,500,75.5217518382177,21.514,22.724,605,60,0,0.01
2079,500,88.33442822665148,17.314,18.432,559,57,0,0.01
2080,500,80.00468887862576,17.034,18.13,548,61,0,0.01
2081,500,70.41908618166899,18.28,19.39,555,63,0,0.01
2082,500,59.806978982016126,19.368,20.464,548,64,0,0.01
2083,500,72.10309392460638,19.172,20.314,571,60,0,0.01
2084,500,68.41225578374855,20.012,21.15,569,61,0,0.01
2085,500,64.26679219658581,21.188,22.356,584,61,0,0.01
2086,500,66.0770632594189,19.482,20.626,572,61,0,0.01
2087,500,69.67106342720882,20.204,21.376,586,59,0,0.01
2088,500,58.976655237916795,21.238,22.408,585,62,0,0.01
2089,500,71.48233475112376,21.184,22.386,601,63,0,0.01
2090,500,67.69844118441519,19.182,20.3,559,60,0,0.01
2091,500,57.575819723573964,21.232,22.392,580,63,0,0.01
2092,500,81.11901935788518,17.074,18.18,553,60,0,0.01
2093,500,59.26564098868108,22.412,23.616,602,58,0,0.01
2094,500,73.84440970825773,18.794,19.922,564,61,0,0.01
2095,500,71.02878837891217,20.22,21.396,588,56,0,0.01
2096,500,87.01140936436327,18.948,20.13,591,60,0,0.01
2097,500,70.99565604160999,18.108,19.198,545,59,0,0.01
2098,500,68.27793482156554,20.832,22.002,585,58,0,0.01
2099,500,63.93016725468845,18.312,19.392,540,61,0,0.01
2100,500,70.37740478032836,17.086,18.168,541,61,0,0.01
2101,500,73.92620837110346,20.55,21.77,610,60,0,0.01
2102,500,76.8443269925951,18.21,19.344,567,59,0,0.01
2103,500,74.79772909718386,18.966,20.106,570,61,0,0.01
2104,500,62.41575369837139,19.758,20.862,552,58,0,0.01
2105,500,70.49823266469106,22.85,24.106,628,59,0,0.01
2106,500,69.40749023650088,18.072,19.144,536,58,0,0.01
2107,500,63.17619696909596,19.658,20.782,562,61,0,0.01
2108,500,74.47594383527179,19.462,20.622,580,60,0,0.01
2109,500,64.76108126101646,20.324,21.498,587,60,0,0.01
2110,500,90.79351977991614,17.468,18.62,576,61,0,0.01
2111,500,66.03788373746154,20.416,21.554,569,57,0,0.01
2112,500,91.82265984776694,19.522,20.74,609,59,0,0.01
2113,500,81.5589731654162,17.028,18.122,547,58,0,0.01
2114,500,78.63440207611266,17.998,19.122,562,60,0,0.01
2115,500,71.89316900812412,18.964,20.094,565,63,0,0.01
2116,500,88.17445810884898,19.386,20.574,594,59,0,0.01
2117,500,47.16098293846227,23.508,24.69,591,58,0,0.01
2118,500,68.91245134467154,19.946,21.106,580,62,0,0.01
2119,500,66.4737625598789,19.736,20.844,554,58,0,0.01
2120,500,71.78893317892236,20.236,21.404,584,62,0,0.01
2121,500,73.33461385210566,17.892,18.988,548,56,0,0.01
2122,500,64.38825219086235,20.424,21.582,579,63,0,0.01
2123,500,88.58076699362466,18.988,20.18,596,61,0,0.01
2124,500,86.32781390697413,18.86,20.034,587,59,0,0.01
2125,500,84.06278013260474,17.07,18.176,553,60,0,0.01
2126,500,69.9135201601048,18.696,19.798,551,58,0,0.01
2127,500,75.1521417597184,19.782,20.954,586,60,0,0.01
2128,500,80.96076725981841,18.928,20.088,580,57,0,0.01
2129,500,85.60930621739563,16.72,17.806,543,59,0,0.01
2130,500,74.58837099253262,19.732,20.896,582,62,0,0.01
2131,500,69.55754400411733,18.276,19.37,547,60,0,0.01
2132,500,82.53993100389185,19.82,21.02,600,60,0,0.01
2133,500,98.7452859340494,17.954,19.156,601,60,0,0.01
2134,500,82.57127025456926,19.018,20.184,583,60,0,0.01
2135,500,72.55176125792762,17.814,18.902,544,56,0,0.01
2136,500,87.63878611379215,18.932,20.118,593,59,0,0.01
2137,500,86.29267794776821,19.542,20.75,604,62,0,0.01
2138,500,58.8157265400551,21.44,22.612,586,56,0,0.01
2139,500,83.03806871653333,19.814,21.018,602,62,0,0.01
2140,500,70.75231644192611,21.918,23.128,605,54,0,0.01
2141,500,77.13768684557003,20.926,22.13,602,57,0,0.01
2142,500,45.50305715401252,22.044,23.188,572,58,0,0.01
2143,500,70.91839887580399,20.504,21.692,594,64,0,0.01
2144,500,81.54358344479743,19.716,20.904,594,57,0,0.01
2145,500,72.15724420243433,18.88,20.012,566,60,0,0.01
2146,500,62.55088864979976,20.078,21.208,565,60,0,0.01
2147,500,61.866798191199685,18.614,19.712,549,59,0,0.01
2148,500,61.55674352980077,20.664,21.8,568,55,0,0.01
2149,500,66.42720537591664,19.73,20.866,568,61,0,0.01
2150,500,76.1601266218122,20.4,21.612,606,61,0,0.01
2151,500,68.85533625499436,18.652,19.74,544,58,0,0.01
2152,500,70.53740957676202,19.422,20.542,560,59,0,0.01
2153,500,77.66966178562132,17.652,18.752,550,63,0,0.01
2154,500,92.91636089846024,19.336,20.564,614,57,0,0.01
2155,500,84.02234584656885,18.218,19.376,579,58,0,0.01
2156,500,80.30658689059689,17.858,18.978,560,60,0,0.01
2157,500,80.96091152744118,19.156,20.326,585,57,0,0.01
2158,500,73.620637724098,20.468,21.662,597,65,0,0.01
2159,500,55.67664035381554,20.834,21.966,566,61,0,0.01
2160,500,75.71361743667754,19.15,20.3,575,57,0,0.01
2161,500,71.99620233612106,19.198,20.32,561,55,0,0.01
2162,500,77.9014837632947,20.32,21.512,596,57,0,0.01
2163,500,69.99231297646116,19.086,20.196,555,59,0,0.01
2164,500,57.96992774978795,22.908,24.118,605,59,0,0.01
2165,500,54.53676330553709,21.474,22.65,588,63,0,0.01
2166,500,74.65766674664248,19.614,20.778,582,59,0,0.01
2167,500,56.98096746497613,22.63,23.822,596,57,0,0.01
2168,500,75.68057042492435,20.116,21.316,600,60,0,0.01
2169,500,59.82862854260182,21.136,22.302,583,63,0,0.01
2170,500,69.84880758405708,23.79,25.064,637,57,0,0.01
2171,500,87.69719700218792,19.784,20.99,603,59,0,0.01
2172,500,59.779920859226664,21.214,22.37,578,56,0,0.01
2173,500,87.96585912068304,17.514,18.666,576,62,0,0.01
2174,500,77.68795769920688,19.93,21.13,600,63,0,0.01
2175,500,79.67326586630419,20.85,22.062,606,59,0,0.01
2176,500,72.311239269393,19.95,21.106,578,60,0,0.01
2177,500,67.3939284478006,16.868,17.918,525,63,0,0.01
2178,500,97.62137600007208,17.34,18.522,591,62,0,0.01
2179,500,85.33746517231225,19.032,20.228,598,58,0,0.01
2180,500,73.8895681837098,19.316,20.45,567,55,0,0.01
2181,500,77.0714661386835,19.494,20.662,584,62,0,0.01
2182,500,66.81404987815066,21.924,23.122,599,56,0,0.01
2183,500,67.56061237214043,20.864,22.022,579,57,0,0.01
2184,500,65.84134491969446,20.314,21.466,576,61,0,0.01
2185,500,61.41551938950346,22.04,23.26,610,57,0,0.01
2186,500,85.20648759846925,19.392,20.592,600,58,0,0.01
2187,500,58.72860903305916,20.25,21.352,551,60,0,0.01
2188,500,77.03193588313803,19.284,20.43,573,56,0,0.01
2189,500,78.14401556307942,21.936,23.198,631,62,0,0.01
2190,500,57.730975933906215,20.518,21.668,575,67,0,0.01
2191,500,68.2830164237701,19.508,20.652,572,61,0,0.01
2192,500,67.38342476846337,18.294,19.392,549,65,0,0.01
2193,500,78.04805720053075,17.666,18.776,555,61,0,0.01
2194,500,86.10135506435951,18.94,20.126,593,60,0,0.01
2195,500,48.32166413571866,22.618,23.786,584,62,0,0.01
2196,500,67.64186474047543,21.522,22.744,611,62,0,0.01
2197,500,68.37670753899448,19.902,21.044,571,60,0,0.01
2198,222,-16.549819316066976,22.89189189189189,23.86936936936937,217,28,1,0.01
2199,500,85.95667143419332,17.872,19.028,578,59,0,0.01
2200,500,67.76804631428196,19.914,21.052,569,62,0,0.01
2201,500,53.169376829835635,21.364,22.502,569,59,0,0.01
2202,500,50.564543089631584,21.322,22.462,570,62,0,0.01
2203,500,74.22784894700033,21.266,22.486,610,58,0,0.01
2204,500,69.69295723213129,19.11,20.248,569,62,0,0.01
2205,500,63.711377542401834,22.8,24.012,606,60,0,0.01
2206,500,74.13062620809565,18.3,19.41,555,63,0,0.01
2207,500,69.46371920312143,18.122,19.198,538,58,0,0.01
2208,500,54.27979710892396,20.886,22.028,571,59,0,0.01
2209,500,48.12018472710089,20.526,21.624,549,63,0,0.01
2210,500,52.89420004518583,21.572,22.714,571,57,0,0.01
2211,500,74.92950046614337,20.388,21.566,589,57,0,0.01
2212,500,65.23311324158152,17.464,18.524,530,65,0,0.01
2213,500,65.83387199667169,16.892,17.922,515,59,0,0.01
2214,500,61.05588785953295,18.716,19.804,544,57,0,0.01
2215,500,65.65284290370344,21.596,22.786,595,60,0,0.01
2216,500,62.709790275360184,19.778,20.886,554,59,0,0.01
2217,500,83.7609472520537,19.962,21.166,602,60,0,0.01
2218,500,61.53609358391453,20.542,21.68,569,60,0,0.01
2219,500,79.88479531087965,20.422,21.634,606,59,0,0.01
2220,500,69.24688410613356,22.086,23.312,613,58,0,0.01
2221,500,60.883407507412024,22.0,23.19,595,54,0,0.01
2222,500,72.62991838491045,20.664,21.836,586,56,0,0.01
2223,500,59.498476909027765,20.048,21.17,561,55,0,0.01
2224,500,65.998713827782,20.244,21.4,578,57,0,0.01
2225,500,74.49182123151904,21.24,22.452,606,56,0,0.01
2226,500,75.5017478403652,18.89,20.02,565,58,0,0.01
2227,500,64.9259615168805,20.946,22.114,584,56,0,0.01
2228,500,70.8358507087503,20.296,21.468,586,59,0,0.01
2229,500,55.314469489281365,19.682,20.76,539,60,0,0.01
2230,500,68.92829796493872,21.898,23.104,603,58,0,0.01
2231,500,59.901535702977114,21.134,22.286,576,61,0,0.01
2232,500,69.85588515939168,22.228,23.494,633,62,0,0.01
2233,500,76.48657126491173,18.368,19.492,562,60,0,0.01
2234,500,85.04727692034315,19.352,20.55,599,59,0,0.01
2235,500,61.9391417960127,21.192,22.354,581,53,0,0.01
2236,500,60.08166402172375,21.342,22.522,590,58,0,0.01
2237,500,56.07061762733532,25.758,27.056,649,61,0,0.01
2238,500,60.37897185324122,20.798,21.944,573,57,0,0.01
2239,500,64.00205721612204,19.796,20.918,561,58,0,0.01
2240,500,50.14500230923241,21.274,22.4,563,54,0,0.01
2241,500,88.63049513221024,20.99,22.244,627,57,0,0.01
2242,500,58.82165355386744,22.122,23.314,596,58,0,0.01
2243,500,66.51036171263254,21.21,22.392,591,59,0,0.01
2244,500,56.507049423463826,22.054,23.242,594,57,0,0.01
2245,500,83.33758598953753,16.364,17.432,534,57,0,0.01
2246,500,63.330019602338176,23.176,24.446,635,61,0,0.01
2247,500,47.79119049077778,24.804,26.058,627,55,0,0.01
2248,500,76.22693172477229,19.658,20.822,582,59,0,0.01
2249,500,43.641978878500446,23.072,24.226,577,56,0,0.01
2250,500,73.69462363537565,18.648,19.776,564,56,0,0.01
2251,500,83.93860543697063,19.422,20.614,596,62,0,0.01
2252,500,75.30448768448412,17.66,18.748,544,56,0,0.01
2253,500,72.48068560893067,17.996,19.088,546,55,0,0.01
2254,500,80.27359149533493,19.064,20.23,583,58,0,0.01
2255,500,65.67530352045682,21.476,22.668,596,61,0,0.01
2256,500,69.21564483216984,19.81,20.95,570,56,0,0.01
2257,500,58.00217070776469,20.222,21.336,557,58,0,0.01
2258,500,66.62995941955062,20.448,21.62,586,60,0,0.01
2259,500,64.76589549167792,19.476,20.586,555,59,0,0.01
2260,500,83.34900689110266,16.534,17.616,541,56,0,0.01
2261,500,69.60669507221186,19.366,20.482,558,56,0,0.01
2262,500,68.6015615303248,19.928,21.084,578,61,0,0.01
2263,500,65.8388261024509,22.374,23.606,616,58,0,0.01
2264,500,74.44650497351536,17.014,18.084,535,58,0,0.01
2265,500,72.48369210180256,20.394,21.556,581,57,0,0.01
2266,500,89.22182895886547,20.002,21.234,616,58,0,0.01
2267,500,79.48690083479741,18.588,19.742,577,56,0,0.01
2268,500,81.74236573630012,20.264,21.47,603,57,0,0.01
2269,500,73.3105794832392,18.462,19.58,559,58,0,0.01
2270,500,77.05563010026746,18.026,19.13,552,55,0,0.01
2271,500,59.6770417343214,20.636,21.818,591,61,0,0.01
2272,500,69.29110484203754,21.112,22.286,587,59,0,0.01
2273,500,38.160711987459266,19.948,20.968,510,59,0,0.01
2274,500,85.73986450329905,19.16,20.334,587,59,0,0.01
2275,500,95.55611387324483,17.814,19.01,598,61,0,0.01
2276,500,53.81578141281514,25.226,26.512,643,59,0,0.01
2277,500,48.19373083311867,21.614,22.738,562,58,0,0.01
2278,500,76.22146861299964,20.004,21.176,586,58,0,0.01
2279,500,70.4225559301979,20.678,21.898,610,60,0,0.01
2280,500,92.4638009492104,17.048,18.194,573,57,0,0.01
2281,500,78.86976332624015,20.662,21.862,600,58,0,0.01
2282,500,66.1868481723247,21.998,23.206,604,55,0,0.01
2283,500,89.94877922323093,17.238,18.37,566,55,0,0.01
2284,500,61.88989107439534,23.706,24.954,624,56,0,0.01
2285,500,61.382184488887084,23.602,24.828,613,54,0,0.01
2286,500,67.09532546394686,18.918,20.024,553,56,0,0.01
2287,500,58.225131635756476,20.424,21.546,561,58,0,0.01
2288,500,66.91707262429637,21.674,22.882,604,59,0,0.01
2289,500,72.8445539758804,19.03,20.164,567,59,0,0.01
2290,500,70.03067150678187,20.628,21.796,584,56,0,0.01
2291,500,74.91646445463405,20.39,21.574,592,56,0,0.01
2292,500,85.71810145107091,16.998,18.094,548,56,0,0.01
2293,500,72.28918035633667,20.406,21.594,594,60,0,0.01
2294,500,70.57205346783452,20.38,21.574,597,59,0,0.01
2295,500,69.10351646881482,19.922,21.088,583,62,0,0.01
2296,500,74.25823987627867,18.52,19.648,564,58,0,0.01
2297,500,72.66719458486915,19.968,21.136,584,57,0,0.01
2298,500,69.0811074685527,20.286,21.444,579,54,0,0.01
2299,500,77.738960796,21.076,22.296,610,60,0,0.01
2300,500,44.75067087919298,22.878,24.046,584,57,0,0.01
2301,500,68.99664539764937,19.828,20.98,576,59,0,0.01
2302,500,80.432812432121,19.042,20.214,586,59,0,0.01
2303,500,82.05233832841874,18.682,19.832,575,59,0,0.01
2304,500,82.59410179903958,19.416,20.608,596,58,0,0.01
2305,500,74.70840150231898,19.662,20.842,590,59,0,0.01
2306,500,72.62348611122718,18.652,19.784,566,60,0,0.01
2307,500,74.05217354347593,18.602,19.722,560,59,0,0.01
2308,500,52.97111331313249,25.63,26.892,631,53,0,0.01
2309,500,83.38069948525467,19.37,20.576,603,62,0,0.01
2310,500,86.9272771865368,19.244,20.434,595,60,0,0.01
2311,500,65.23946279960218,18.9,20.002,551,61,0,0.01
2312,500,59.78556959645347,21.386,22.542,578,56,0,0.01
2313,500,86.99651106549537,18.952,20.14,594,58,0,0.01
2314,500,71.84767331401258,20.798,22.02,611,59,0,0.01
2315,500,64.28233969975619,22.22,23.422,601,58,0,0.01
2316,500,71.71916326411281,19.4,20.53,565,56,0,0.01
2317,500,72.21964442720376,16.766,17.81,522,58,0,0.01
2318,500,75.59049103915657,20.376,21.546,585,53,0,0.01
2319,500,67.94565288270745,19.162,20.278,558,55,0,0.01
2320,500,83.37241582925527,18.354,19.498,572,59,0,0.01
2321,500,74.12520738723164,21.96,23.204,622,60,0,0.01
2322,500,71.7860434339619,21.79,23.008,609,56,0,0.01
2323,500,84.12002955443569,19.172,20.348,588,63,0,0.01
2324,500,67.26262456034043,20.566,21.702,568,53,0,0.01
2325,500,80.74562640897749,19.228,20.408,590,62,0,0.01
2326,500,49.11132693368794,21.614,22.742,564,61,0,0.01
2327,500,84.30068365037324,20.582,21.816,617,60,0,0.01
2328,500,86.17715196969539,17.396,18.512,558,58,0,0.01
2329,500,71.35605759310818,19.78,20.924,572,59,0,0.01
2330,500,17.78398948833147,26.648,27.842,597,57,0,0.01
2331,500,81.68749412035851,19.42,20.584,582,55,0,0.01
2332,500,65.02822189027228,19.792,20.91,559,57,0,0.01
2333,500,68.47897116865488,22.298,23.506,604,57,0,0.01
2334,500,69.79592868497676,19.158,20.292,567,61,0,0.01
2335,500,24.01951926952438,22.262,23.318,528,53,0,0.01
2336,500,85.78838656122014,18.572,19.744,586,63,0,0.01
2337,500,81.10353698613487,19.762,20.954,596,60,0,0.01
2338,500,79.28331521767565,19.866,21.052,593,59,0,0.01
2339,500,98.02662665126586,18.664,19.896,616,61,0,0.01
2340,500,86.0297331208515,18.04,19.194,577,57,0,0.01
2341,500,55.26660689432292,21.232,22.362,565,59,0,0.01
2342,500,77.38680919144352,17.59,18.674,542,54,0,0.01
2343,500,76.85746591389601,18.154,19.29,568,57,0,0.01
2344,500,86.19880153028095,19.16,20.348,594,59,0,0.01
2345,500,77.41649523061413,20.196,21.396,600,61,0,0.01
2346,500,77.72670506467823,19.368,20.518,575,59,0,0.01
2347,500,85.55763633205751,17.69,18.834,572,60,0,0.01
2348,500,72.35490312893485,17.434,18.508,537,58,0,0.01
2349,500,70.74016362039598,20.144,21.298,577,56,0,0.01
2350,500,47.77690768715472,22.978,24.152,587,57,0,0.01
2351,500,48.701313991515434,21.9,23.028,564,57,0,0.01
2352,500,58.085821722500185,22.556,23.75,597,57,0,0.01
2353,500,74.68944938203944,19.968,21.116,574,54,0,0.01
2354,500,85.19958181046864,17.462,18.568,553,55,0,0.01
2355,500,63.81896669541234,20.508,21.656,574,55,0,0.01
2356,500,67.32405155388568,22.714,23.962,624,57,0,0.01
2357,500,94.90669905127075,18.692,19.91,609,61,0,0.01
2358,500,75.89476327755709,18.39,19.504,557,56,0,0.01
2359,500,82.41698990863371,21.038,22.278,620,58,0,0.01
2360,500,75.54170064011883,19.854,21.028,587,58,0,0.01
2361,500,72.75453614207296,18.934,20.054,560,56,0,0.01
2362,500,74.65392165460547,19.73,20.892,581,59,0,0.01
2363,500,66.02397479463303,22.124,23.338,607,59,0,0.01
2364,500,82.48769137364513,16.812,17.896,542,54,0,0.01
2365,500,65.52060763270424,19.162,20.278,558,55,0,0.01
2366,500,61.64583713898898,22.764,23.97,603,57,0,0.01
2367,500,61.790929475243644,20.568,21.72,576,59,0,0.01
2368,500,83.10854677771914,18.852,20.0,574,55,0,0.01
2369,500,94.12127309028068,17.422,18.582,580,58,0,0.01
2370,500,83.65527868209314,18.378,19.53,576,58,0,0.01
2371,500,77.35038801537011,19.182,20.342,580,58,0,0.01
2372,500,53.73245003249632,23.696,24.918,611,59,0,0.01
2373,500,81.56325722638175,21.068,22.33,631,63,0,0.01
2374,500,63.526328503742576,19.446,20.568,561,60,0,0.01
2375,500,76.67455075998043,19.434,20.606,586,57,0,0.01
2376,500,82.5220265353433,17.932,19.066,567,63,0,0.01
2377,500,59.3168777479597,20.248,21.368,560,52,0,0.01
2378,500,73.74790130507539,20.588,21.764,588,56,0,0.01
2379,500,61.48230397514358,21.41,22.58,585,57,0,0.01
2380,500,71.4624888590139,22.81,24.046,618,52,0,0.01
2381,500,77.30366636965633,19.59,20.752,581,58,0,0.01
2382,500,75.07719726838157,19.74,20.906,583,57,0,0.01
2383,500,64.69819726326965,22.574,23.782,604,57,0,0.01
2384,500,88.84416188446106,17.532,18.684,576,58,0,0.01
2385,500,84.69456176022427,18.43,19.578,574,57,0,0.01
2386,500,61.10593563253541,21.51,22.682,586,58,0,0.01
2387,500,83.33809385929462,20.188,21.418,615,55,0,0.01
2388,500,81.6018189663991,19.988,21.192,602,60,0,0.01
2389,500,57.38971245133255,19.596,20.714,559,62,0,0.01
2390,500,85.57846164473784,18.376,19.53,577,60,0,0.01
2391,500,89.07544814947467,19.566,20.774,604,57,0,0.01
2392,500,81.2783640449739,17.408,18.52,556,55,0,0.01
2393,500,48.437908518827804,22.904,24.074,585,55,0,0.01
2394,500,81.09651770649168,17.43,18.524,547,57,0,0.01
2395,500,73.00338346762948,18.626,19.728,551,53,0,0.01
2396,500,75.93491196142487,19.81,20.98,585,57,0,0.01
2397,500,84.96279433211964,19.034,20.21,588,52,0,0.01
2398,500,87.14224999616621,15.29,16.326,518,55,0,0.01
2399,500,75.72556411543351,20.522,21.716,597,56,0,0.01
2400,500,74.74828249145239,21.032,22.242,605,59,0,0.01
2401,500,87.41617559619733,19.356,20.558,601,60,0,0.01
2402,500,82.55208382542205,21.59,22.848,629,60,0,0.01
2403,500,68.4664679367277,19.898,21.026,564,58,0,0.01
2404,500,79.93477795246216,19.508,20.678,585,57,0,0.01
2405,500,78.90514646286027,20.134,21.328,597,62,0,0.01
2406,500,73.07591937709672,17.58,18.656,538,57,0,0.01
2407,500,67.97412290574458,19.786,20.928,571,55,0,0.01
2408,500,52.87375624207383,21.868,23.016,574,53,0,0.01
2409,500,61.78872735933945,20.396,21.522,563,62,0,0.01
2410,500,66.48012530963703,24.13,25.414,642,57,0,0.01
2411,500,86.00145898192847,17.868,19.01,571,60,0,0.01
2412,500,76.12955739266235,19.562,20.724,581,55,0,0.01
2413,500,74.36289824968864,17.978,19.102,562,65,0,0.01
2414,500,68.7650328190188,21.116,22.302,593,58,0,0.01
2415,500,66.80274214503697,21.63,22.83,600,60,0,0.01
2416,500,70.08021076364471,18.57,19.672,551,53,0,0.01
2417,500,72.25817099873593,21.958,23.196,619,57,0,0.01
2418,500,74.77324108493795,18.458,19.59,566,58,0,0.01
2419,500,80.74775671426147,19.802,20.996,597,61,0,0.01
2420,500,78.55359570238366,20.974,22.202,614,62,0,0.01
2421,500,78.07943780903953,17.162,18.232,535,56,0,0.01
2422,500,68.65886224545606,21.752,22.982,615,58,0,0.01
2423,500,71.38176862387895,18.694,19.806,556,57,0,0.01
2424,500,93.97358654670256,18.012,19.186,587,58,0,0.01
2425,500,54.69864765038051,20.154,21.25,548,60,0,0.01
2426,500,70.83510853012528,18.754,19.88,563,58,0,0.01
2427,500,72.24722100160163,19.228,20.356,564,53,0,0.01
2428,500,50.64459295676172,23.478,24.716,619,62,0,0.01
2429,500,75.96479095163205,19.868,21.028,580,56,0,0.01
2430,500,71.23955870700232,22.418,23.66,621,60,0,0.01
2431,500,79.84994495384186,18.54,19.676,568,61,0,0.01
2432,500,59.980768001402176,18.106,19.178,536,53,0,0.01
2433,500,78.22307314109271,19.364,20.526,581,59,0,0.01
2434,500,30.621116110639846,26.734,27.954,610,55,0,0.01
2435,500,46.87052666856767,23.256,24.424,584,59,0,0.01
2436,500,67.50815927353717,20.52,21.684,582,59,0,0.01
2437,500,61.609024194687535,23.444,24.702,629,59,0,0.01
2438,500,87.63842544473526,18.36,19.522,581,60,0,0.01
2439,500,92.55075399445467,18.632,19.832,600,60,0,0.01
2440,500,66.03489776190992,17.894,18.97,538,59,0,0.01
2441,500,85.01863185370306,18.678,19.832,577,57,0,0.01
2442,500,73.62959842730253,19.334,20.502,584,58,0,0.01
2443,500,57.82730961667674,19.216,20.28,532,59,0,0.01
2444,500,78.77676277314958,21.578,22.826,624,61,0,0.01
2445,500,77.333091716484,18.558,19.686,564,58,0,0.01
2446,500,54.87376650073386,21.798,22.954,578,55,0,0.01
2447,500,74.29104264369504,20.4,21.59,595,59,0,0.01
2448,500,72.42402677251953,20.274,21.466,596,60,0,0.01
2449,500,67.59294065566613,21.244,22.448,602,62,0,0.01
2450,500,63.09902251895251,22.646,23.858,606,58,0,0.01
2451,500,60.03641321833129,21.358,22.506,574,56,0,0.01
2452,500,85.8796793532351,17.824,18.962,569,61,0,0.01
2453,500,46.4233917295281,23.882,25.078,598,57,0,0.01
2454,500,62.97043968885889,20.088,21.224,568,58,0,0.01
2455,500,41.179843053992535,24.294,25.456,581,50,0,0.01
2456,500,76.20579735952658,18.628,19.76,566,61,0,0.01
2457,500,75.95881232132842,18.946,20.09,572,59,0,0.01
2458,500,76.19527283967807,19.652,20.836,592,62,0,0.01
2459,500,68.03131045242434,21.71,22.922,606,61,0,0.01
2460,500,82.34133433784314,19.79,20.98,595,59,0,0.01
2461,500,44.69883685529439,24.784,25.974,595,54,0,0.01
2462,500,77.85585145033417,19.354,20.498,572,59,0,0.01
2463,500,75.30794749754428,20.622,21.816,597,60,0,0.01
2464,500,39.69184070285762,24.842,26.074,616,59,0,0.01
2465,500,81.59592305175805,19.646,20.83,592,61,0,0.01
2466,500,75.31897695407237,20.398,21.574,588,58,0,0.01
2467,500,52.410342203089904,20.38,21.47,545,54,0,0.01
2468,500,51.25213113966325,22.006,23.156,575,51,0,0.01
2469,500,80.76467182677078,19.982,21.174,596,56,0,0.01
2470,500,59.26167949520997,22.192,23.376,592,55,0,0.01
2471,500,83.80249138816286,17.344,18.44,548,54,0,0.01
2472,500,42.29696998069856,21.736,22.87,567,58,0,0.01
2473,500,73.86851621093547,18.34,19.45,555,58,0,0.01
2474,500,67.66886131130472,20.052,21.188,568,56,0,0.01
2475,500,72.99367326021746,21.304,22.51,603,56,0,0.01
2476,500,58.710563229965366,21.178,22.322,572,52,0,0.01
2477,500,70.10010126985456,20.788,21.968,590,57,0,0.01
2478,500,78.97439092367004,20.314,21.494,590,55,0,0.01
2479,500,71.79598355773678,22.92,24.18,630,62,0,0.01
2480,500,66.78055948167787,21.742,22.968,613,60,0,0.01
2481,500,81.91267800476564,20.188,21.386,599,57,0,0.01
2482,500,69.47287904670857,20.982,22.166,592,54,0,0.01
2483,500,76.98539953968705,19.684,20.852,584,58,0,0.01
2484,500,81.84731264495561,20.186,21.404,609,60,0,0.01
2485,500,55.41999346842813,20.528,21.652,562,57,0,0.01
2486,500,66.53268832042312,20.804,21.98,588,60,0,0.01
2487,500,78.10206646700459,20.696,21.902,603,57,0,0.01
2488,500,68.46516220254034,20.924,22.09,583,59,0,0.01
2489,500,74.33865105884804,22.292,23.522,615,55,0,0.01
2490,500,84.0097945776102,19.654,20.84,593,57,0,0.01
2491,500,64.85029862050746,22.78,24.024,622,56,0,0.01
2492,500,81.8968654167473,21.608,22.884,638,59,0,0.01
2493,500,76.89850836959414,18.266,19.386,560,58,0,0.01
2494,500,82.37090395229363,18.99,20.154,582,57,0,0.01
2495,500,68.53748171057336,19.554,20.67,558,54,0,0.01
2496,500,65.51000104357561,20.646,21.8,577,58,0,0.01
2497,500,67.51804778082071,21.438,22.634,598,56,0,0.01
2498,500,98.68675161854216,17.28,18.446,583,59,0,0.01
2499,500,58.28583761437899,21.97,23.136,583,53,0,0.01
2500,500,50.85534944673194,21.686,22.87,592,59,0,0.01
2501,500,89.66732827064078,19.66,20.882,611,60,0,0.01
2502,500,86.56454244324928,20.146,21.372,613,58,0,0.01
2503,500,77.51127567859174,19.224,20.368,572,58,0,0.01
2504,500,77.64163808038114,21.208,22.428,610,57,0,0.01
2505,500,83.38593626012431,19.276,20.44,582,55,0,0.01
2506,500,74.19812154999835,18.362,19.472,555,56,0,0.01
2507,500,63.60497705247621,19.616,20.732,558,57,0,0.01
2508,500,75.12518686991154,22.076,23.316,620,58,0,0.01
2509,500,78.1580482562107,20.58,21.768,594,56,0,0.01
2510,500,100.92870634783581,17.988,19.182,597,58,0,0.01
2511,500,81.20790682429931,18.776,19.938,581,61,0,0.01
2512,500,63.1335400498359,20.766,21.904,569,54,0,0.01
2513,500,69.17432409988632,19.176,20.318,571,59,0,0.01
2514,500,76.59030541370245,19.842,21.012,585,60,0,0.01
2515,500,62.90809108058082,22.434,23.658,612,59,0,0.01
2516,500,82.54837683494759,18.458,19.59,566,57,0,0.01
2517,500,73.29424176441236,19.72,20.868,574,60,0,0.01
2518,500,87.08850467830409,19.456,20.658,601,58,0,0.01
2519,500,58.16805025513698,21.968,23.158,595,59,0,0.01
2520,500,76.30438445150142,17.2,18.286,543,54,0,0.01
2521,500,66.48900068729249,19.902,21.032,565,58,0,0.01
2522,500,74.48787699909921,17.35,18.432,541,59,0,0.01
2523,500,80.64774714018775,18.34,19.48,570,55,0,0.01
2524,500,82.68332616092191,18.264,19.412,574,58,0,0.01
2525,500,81.73489606954614,20.38,21.586,603,57,0,0.01
2526,500,85.20927443363809,17.908,19.042,567,59,0,0.01
2527,500,72.20305188218882,20.422,21.608,593,57,0,0.01
2528,500,63.82086008194214,20.858,22.0,571,53,0,0.01
2529,500,73.10615171077842,21.284,22.504,610,58,0,0.01
2530,500,93.61811532739475,18.388,19.59,601,61,0,0.01
2531,500,55.59151149436711,22.496,23.698,601,62,0,0.01
2532,500,63.64448679070149,19.954,21.082,564,57,0,0.01
2533,500,71.02865469314052,20.452,21.612,580,57,0,0.01
2534,500,70.03006333711949,19.368,20.5,566,57,0,0.01
2535,500,60.224248445777185,22.188,23.378,595,57,0,0.01
2536,500,79.58878002181213,16.986,18.058,536,54,0,0.01
2537,500,71.4271640180854,19.428,20.572,572,58,0,0.01
2538,500,78.35688184101353,20.83,22.05,610,60,0,0.01
2539,500,76.31609421150335,18.34,19.454,557,56,0,0.01
2540,500,62.571871421840356,23.958,25.238,640,59,0,0.01
2541,500,90.80762753993633,19.24,20.456,608,59,0,0.01
2542,500,65.2565430202453,19.71,20.816,553,57,0,0.01
2543,500,58.96388724433296,21.812,23.004,596,61,0,0.01
2544,500,87.42694729345995,18.506,19.674,584,56,0,0.01
2545,500,86.0296199524,18.152,19.296,572,60,0,0.01
2546,500,81.93415952413976,18.302,19.436,567,56,0,0.01
2547,500,77.102444720304,18.128,19.234,553,59,0,0.01
2548,500,73.64067950032192,19.334,20.488,577,59,0,0.01
2549,500,55.84626857268472,26.536,27.852,658,57,0,0.01
2550,500,59.77179466258766,23.38,24.62,620,58,0,0.01
2551,500,82.62734469490695,18.91,20.062,576,54,0,0.01
2552,500,82.954459059629,17.778,18.896,559,58,0,0.01
2553,500,89.83795659406323,16.336,17.45,557,54,0,0.01
2554,500,87.42501287229004,18.388,19.554,583,58,0,0.01
2555,500,70.8449765200887,19.78,20.938,579,59,0,0.01
2556,500,66.81868841882694,19.978,21.116,569,57,0,0.01
2557,500,75.73648008031901,19.884,21.062,589,60,0,0.01
2558,500,63.330243329354936,20.438,21.596,579,61,0,0.01
2559,500,47.344774279965556,24.06,25.258,599,57,0,0.01
2560,500,42.553555314125866,22.402,23.526,562,56,0,0.01
2561,500,84.5459920266669,20.784,22.014,615,60,0,0.01
2562,500,75.60483246166213,18.822,19.96,569,56,0,0.01
2563,500,83.5235208280622,20.444,21.678,617,60,0,0.01
2564,500,62.70830917437872,20.232,21.37,569,59,0,0.01
2565,500,79.8406129997293,18.658,19.794,568,60,0,0.01
2566,500,68.18685517471611,18.382,19.48,549,59,0,0.01
2567,500,80.80184511693791,19.34,20.52,590,60,0,0.01
2568,500,84.93040385025155,17.938,19.086,574,59,0,0.01
2569,500,85.5429855337952,18.378,19.542,582,60,0,0.01
2570,500,72.02937603125439,21.584,22.798,607,59,0,0.01
2571,500,78.06458054481182,16.914,18.008,547,64,0,0.01
2572,500,77.16913926469904,19.992,21.182,595,64,0,0.01
2573,500,77.75079072684471,18.5,19.642,571,61,0,0.01
2574,500,71.377758446994,21.262,22.484,611,56,0,0.01
2575,500,81.86483267085856,18.072,19.21,569,60,0,0.01
2576,500,64.25519592822653,20.45,21.594,572,59,0,0.01
2577,500,89.49545983430474,17.05,18.178,564,62,0,0.01
2578,500,67.91742010161582,19.28,20.382,551,57,0,0.01
2579,500,63.848065405432,22.268,23.486,609,58,0,0.01
2580,500,80.73693046742994,17.42,18.508,544,55,0,0.01
2581,500,49.45611878367323,21.578,22.724,573,56,0,0.01
2582,500,88.76123253103054,16.856,17.97,557,60,0,0.01
2583,500,74.36635806274883,20.96,22.18,610,59,0,0.01
2584,500,71.03759487902488,19.41,20.552,571,62,0,0.01
2585,500,61.45514994495409,19.686,20.802,558,64,0,0.01
2586,500,87.95309112709911,18.088,19.262,587,61,0,0.01
2587,500,83.06099323532622,20.734,21.962,614,58,0,0.01
2588,500,85.35230159602891,18.854,20.042,594,61,0,0.01
2589,500,35.05346591926308,25.972,27.194,611,58,0,0.01
2590,500,69.33700191665504,19.1,20.222,561,61,0,0.01
2591,500,44.6526059849492,21.452,22.582,565,61,0,0.01
2592,500,47.31498468462116,20.464,21.558,547,55,0,0.01
2593,500,70.45692951664992,19.084,20.214,565,59,0,0.01
2594,500,68.75448452558159,18.718,19.83,556,57,0,0.01
2595,500,90.82009673961474,18.268,19.44,586,60,0,0.01
2596,500,80.44024106423484,19.154,20.32,583,61,0,0.01
2597,500,62.097242624065444,22.698,23.92,611,62,0,0.01
2598,500,76.78643162273018,18.614,19.758,572,61,0,0.01
2599,500,65.3948078916572,22.258,23.472,607,58,0,0.01
2600,500,81.27510337229651,18.432,19.576,572,58,0,0.01
2601,500,44.62895312565097,23.004,24.172,584,59,0,0.01
2602,500,73.46284594861108,19.294,20.456,581,60,0,0.01
2603,500,57.54485872619602,19.474,20.564,545,59,0,0.01
2604,500,78.14414631577347,18.688,19.834,573,58,0,0.01
2605,500,91.87066638715709,17.678,18.864,593,61,0,0.01
2606,500,79.89229607680501,20.65,21.86,605,60,0,0.01
2607,500,57.53719610840543,22.146,23.358,606,63,0,0.01
2608,500,63.54869646936454,19.334,20.446,556,58,0,0.01
2609,500,49.833085037283716,22.788,23.97,591,58,0,0.01
2610,500,83.80563156680628,19.498,20.686,594,61,0,0.01
2611,500,65.91235869354007,19.962,21.106,572,61,0,0.01
2612,500,84.59102675181633,20.954,22.188,617,58,0,0.01
2613,500,86.39112109531155,18.4,19.546,573,58,0,0.01
2614,500,80.82456349295671,19.854,21.048,597,59,0,0.01
2615,500,90.34849462884043,18.78,19.972,596,60,0,0.01
2616,500,89.45195750343694,16.148,17.246,549,58,0,0.01
2617,500,77.89360181099242,19.628,20.798,585,61,0,0.01
2618,500,84.88109857906518,17.212,18.31,549,56,0,0.01
2619,500,72.24329028411061,18.814,19.938,562,60,0,0.01
2620,500,92.90579208770295,17.046,18.2,577,60,0,0.01
2621,500,69.41164028850373,21.83,23.06,615,61,0,0.01
2622,500,81.77702753480628,18.596,19.746,575,61,0,0.01
2623,500,82.53005275526829,18.852,20.018,583,59,0,0.01
2624,500,79.02934167581458,17.67,18.78,555,58,0,0.01
2625,500,80.72652937469297,18.254,19.416,581,63,0,0.01
2626,500,57.37132681969313,20.342,21.48,569,62,0,0.01
2627,500,97.79332389580193,16.988,18.14,576,58,0,0.01
2628,500,63.2661840269235,19.928,21.06,566,64,0,0.01
2629,500,78.41593867744314,19.164,20.33,583,61,0,0.01
2630,500,60.13477626009841,22.126,23.36,617,60,0,0.01
2631,500,86.43536202534459,16.796,17.9,552,56,0,0.01
2632,500,67.01809939731206,21.662,22.862,600,60,0,0.01
2633,500,71.73227108624248,18.992,20.13,569,57,0,0.01
2634,500,86.78327092676682,16.532,17.602,535,56,0,0.01
2635,500,71.1194422252846,18.378,19.482,552,59,0,0.01
2636,500,73.73824971654612,19.898,21.06,581,58,0,0.01
2637,500,82.09490259654744,17.586,18.708,561,61,0,0.01
2638,500,86.79554717540857,18.12,19.266,573,59,0,0.01
2639,500,89.45145582302597,18.894,20.076,591,57,0,0.01
2640,500,82.43155831442489,20.296,21.508,606,57,0,0.01
2641,500,88.77225466197623,19.706,20.932,613,61,0,0.01
2642,500,79.45648613193038,17.9,19.026,563,60,0,0.01
2643,500,75.47461758376427,20.604,21.798,597,59,0,0.01
2644,500,93.35535612593199,17.396,18.556,580,59,0,0.01
2645,500,88.76233505552133,18.448,19.642,597,61,0,0.01
2646,500,85.81811070195353,17.942,19.1,579,61,0,0.01
2647,500,82.34352619508729,20.008,21.228,610,62,0,0.01
2648,500,86.96058163436432,18.386,19.55,582,58,0,0.01
2649,500,86.73014078095844,18.35,19.508,579,62,0,0.01
2650,500,83.40344896044459,20.228,21.446,609,62,0,0.01
2651,500,90.47412258255349,19.164,20.366,601,61,0,0.01
2652,500,52.55533456263064,21.262,22.418,578,58,0,0.01
2653,500,71.55075431764588,19.23,20.382,576,63,0,0.01
2654,500,55.403284175501874,20.232,21.378,573,60,0,0.01
2655,500,62.01501376823747,22.764,24.0,618,61,0,0.01
2656,500,83.71498504601632,18.262,19.394,566,57,0,0.01
2657,500,54.43086839867344,20.13,21.226,548,59,0,0.01
2658,500,77.70145435648712,17.426,18.522,548,59,0,0.01
2659,500,86.61445295102024,19.116,20.296,590,57,0,0.01
2660,500,111.349872173648,17.26,18.472,606,61,0,0.01
2661,500,77.48830980196752,18.006,19.132,563,67,0,0.01
2662,500,64.97658310410547,21.106,22.28,587,59,0,0.01
2663,500,86.27267752937557,20.982,22.22,619,59,0,0.01
2664,500,87.4766619171169,17.016,18.128,556,56,0,0.01
2665,500,91.25274566533463,18.45,19.624,587,58,0,0.01
2666,500,93.06881005620849,17.658,18.812,577,61,0,0.01
2667,500,85.0344060169677,19.976,21.19,607,63,0,0.01
2668,500,64.25496894494123,19.658,20.788,565,53,0,0.01
2669,500,69.38944443340716,18.98,20.104,562,60,0,0.01
2670,500,77.06766943015506,19.382,20.546,582,61,0,0.01
2671,500,78.98971876913765,17.452,18.536,542,57,0,0.01
2672,500,77.15909948740143,22.466,23.722,628,57,0,0.01
2673,500,82.4677041469902,21.19,22.448,629,64,0,0.01
2674,500,90.4397768390042,17.564,18.732,584,61,0,0.01
2675,500,73.20256746282922,19.502,20.66,579,58,0,0.01
2676,500,73.80397542222192,19.934,21.118,592,63,0,0.01
2677,500,80.77012467988344,19.686,20.872,593,61,0,0.01
2678,500,70.03254405280036,20.568,21.738,585,57,0,0.01
2679,500,93.22830926958004,18.154,19.33,588,60,0,0.01
2680,500,63.778223680002135,21.834,23.002,584,54,0,0.01
2681,500,57.50899084702507,18.56,19.638,539,59,0,0.01
2682,500,87.15509305663909,17.848,18.998,575,58,0,0.01
2683,500,68.88210877561588,19.39,20.518,564,57,0,0.01
2684,500,88.84644703921906,18.79,19.962,586,60,0,0.01
2685,500,76.89140963055706,18.888,20.038,575,61,0,0.01
2686,500,52.66675477960949,22.948,24.172,612,65,0,0.01
2687,500,73.80167007333495,19.31,20.462,576,62,0,0.01
2688,500,88.7193790191646,18.624,19.826,601,61,0,0.01
2689,500,84.96469797730948,19.306,20.488,591,60,0,0.01
2690,500,77.91898294868642,17.796,18.916,560,60,0,0.01
2691,500,67.07521155391167,19.94,21.08,570,61,0,0.01
2692,500,57.47869989446072,18.22,19.274,527,61,0,0.01
2693,500,53.92941807367205,20.41,21.542,566,60,0,0.01
2694,500,92.96742261413593,17.098,18.236,569,61,0,0.01
2695,500,73.34379127993533,17.6,18.686,543,59,0,0.01
2696,500,76.60324845088932,19.322,20.486,582,61,0,0.01
2697,500,71.80606143659703,17.21,18.274,532,60,0,0.01
2698,500,57.8416886508911,25.106,26.368,631,55,0,0.01
2699,500,55.88862311857928,20.982,22.144,581,57,0,0.01
2700,500,75.68168027499767,18.634,19.784,575,58,0,0.01
2701,500,83.41555716787502,18.174,19.328,577,59,0,0.01
2702,500,74.63596556956563,17.622,18.712,545,57,0,0.01
2703,500,67.23031614775257,19.01,20.132,561,58,0,0.01
2704,500,86.35532502676092,17.08,18.228,574,58,0,0.01
2705,500,80.81113571321913,18.94,20.118,589,58,0,0.01
2706,500,71.55113582721398,20.216,21.382,583,57,0,0.01
2707,500,83.05580514387036,18.048,19.184,568,59,0,0.01
2708,500,79.44575579249896,19.052,20.204,576,57,0,0.01
2709,500,77.49205489400462,17.902,19.024,561,61,0,0.01
2710,500,67.81839255799882,22.592,23.842,625,60,0,0.01
2711,500,86.56016866422979,19.114,20.3,593,61,0,0.01
2712,500,70.50791177293178,19.82,20.978,579,59,0,0.01
2713,500,77.04099981932508,18.586,19.72,567,61,0,0.01
2714,500,71.80354261935351,19.278,20.418,570,53,0,0.01
2715,500,81.64944464260334,18.218,19.348,565,58,0,0.01
2716,500,65.97665523791683,21.222,22.4,589,56,0,0.01
2717,500,71.5274621274046,21.354,22.568,607,60,0,0.01
2718,500,86.1349894052638,18.82,20.002,591,61,0,0.01
2719,500,88.06560067683124,18.42,19.602,591,60,0,0.01
2720,500,68.2712999845681,22.49,23.714,612,58,0,0.01
2721,500,80.79754347172978,18.432,19.572,570,58,0,0.01
2722,500,82.72106658611145,19.122,20.282,580,57,0,0.01
2723,500,59.93153812029604,21.018,22.174,578,59,0,0.01
2724,500,73.80935614152322,19.538,20.704,583,61,0,0.01
2725,500,83.48743654745729,19.186,20.394,604,61,0,0.01
2726,500,83.15423070717107,20.038,21.24,601,58,0,0.01
2727,500,64.05668165464932,20.47,21.614,572,61,0,0.01
2728,500,84.92448741829041,17.72,18.84,560,56,0,0.01
2729,500,103.88860895726816,16.266,17.42,577,57,0,0.01
2730,500,85.25215101060093,20.69,21.942,626,63,0,0.01
2731,500,67.43287430727231,19.26,20.412,576,62,0,0.01
2732,500,85.49108931155405,19.584,20.78,598,61,0,0.01
2733,500,84.27918861607033,18.996,20.166,585,55,0,0.01
2734,500,77.8594933093885,18.77,19.918,574,63,0,0.01
2735,500,55.66106175147387,19.462,20.56,549,61,0,0.01
2736,500,78.16529093967935,19.652,20.836,592,60,0,0.01
2737,500,85.41517598149801,17.714,18.842,564,58,0,0.01
2738,500,87.18474538675211,17.616,18.742,563,60,0,0.01
2739,500,78.55473665162826,19.844,21.016,586,57,0,0.01
2740,500,81.14688479071978,20.51,21.712,601,56,0,0.01
2741,500,75.98093310953602,18.66,19.776,558,60,0,0.01
2742,500,79.40157641442606,20.304,21.512,604,61,0,0.01
2743,500,68.8350707517539,22.532,23.768,618,60,0,0.01
2744,500,64.17153758790847,21.198,22.388,595,59,0,0.01
2745,500,74.32249538601532,19.996,21.158,581,61,0,0.01
2746,500,95.48940907018965,16.004,17.116,556,58,0,0.01
2747,500,81.72850547688539,19.18,20.334,577,59,0,0.01
2748,500,90.76648249763781,19.708,20.92,606,58,0,0.01
2749,500,97.44480714790856,16.518,17.656,569,56,0,0.01
2750,500,75.34328927633295,19.812,20.998,593,61,0,0.01
2751,500,81.88406339091468,18.81,19.984,587,60,0,0.01
2752,500,77.9332423019118,16.718,17.784,533,57,0,0.01
2753,500,96.85036717485896,18.696,19.902,603,60,0,0.01
2754,500,88.9903987494202,18.266,19.42,577,56,0,0.01
2755,500,89.2063741068265,18.966,20.174,604,62,0,0.01
2756,500,81.42581366979779,16.594,17.672,539,54,0,0.01
2757,500,82.2921730110885,18.766,19.928,581,59,0,0.01
2758,500,51.41822383220109,20.542,21.668,563,57,0,0.01
2759,500,81.09494688745627,20.904,22.15,623,59,0,0.01
2760,500,74.08366732043635,17.974,19.07,548,57,0,0.01
2761,500,67.59565861329236,23.198,24.446,624,58,0,0.01
2762,500,81.71306088350647,18.098,19.224,563,57,0,0.01
2763,500,64.02373755268769,21.386,22.586,600,59,0,0.01
2764,500,75.64322209115414,20.696,21.896,600,60,0,0.01
2765,500,81.42483750549613,17.832,18.982,575,61,0,0.01
2766,500,82.8982608689887,17.55,18.672,561,60,0,0.01
2767,500,88.66812906814845,17.842,18.988,573,58,0,0.01
2768,500,100.48637505760645,17.294,18.464,585,60,0,0.01
2769,500,57.15924375502417,22.762,23.994,616,63,0,0.01
2770,500,88.27484561303099,17.774,18.918,572,58,0,0.01
2771,500,69.02750022896721,18.118,19.202,542,56,0,0.01
2772,500,80.93814153493095,18.414,19.568,577,57,0,0.01
2773,500,82.8041709831448,19.836,21.058,611,63,0,0.01
2774,500,72.6927818653372,18.534,19.666,566,57,0,0.01
2775,500,61.65451956560782,21.092,22.266,587,62,0,0.01
2776,500,68.60605580337828,17.762,18.844,541,58,0,0.01
2777,500,77.51488676166602,18.818,19.958,570,60,0,0.01
2778,500,86.70072569279077,19.336,20.524,594,56,0,0.01
2779,500,48.2131471786288,22.87,24.038,584,57,0,0.01
2780,500,76.90819073410348,18.774,19.918,572,60,0,0.01
2781,500,86.89780022321777,20.048,21.27,611,59,0,0.01
2782,500,70.80379011995902,19.954,21.112,579,61,0,0.01
2783,500,88.24770184150134,16.004,17.09,543,59,0,0.01
2784,500,69.38102676844507,17.678,18.732,527,57,0,0.01
2785,500,87.85539748376338,17.714,18.858,572,55,0,0.01
2786,500,80.0079425489119,19.606,20.79,592,60,0,0.01
2787,500,81.65483562056482,17.76,18.876,558,58,0,0.01
2788,500,68.88250054384403,20.31,21.458,574,55,0,0.01
2789,500,88.91379811349897,18.616,19.782,583,57,0,0.01
2790,500,72.43248611850407,22.392,23.64,624,59,0,0.01
2791,500,60.95163151301111,20.096,21.222,563,60,0,0.01
2792,500,78.98863969504444,18.76,19.9,570,59,0,0.01
2793,500,79.98891797162996,19.27,20.43,580,59,0,0.01
2794,500,81.70143383916712,17.53,18.628,549,57,0,0.01
2795,500,93.32376969784032,18.04,19.208,584,54,0,0.01
2796,500,88.17387045650675,18.018,19.17,576,56,0,0.01
2797,500,85.27101812852266,17.848,18.976,564,57,0,0.01
2798,500,74.6977846545302,21.208,22.422,607,60,0,0.01
2799,500,60.72907586817617,24.298,25.558,630,58,0,0.01
2800,500,70.9140561959557,19.848,20.978,565,52,0,0.01
2801,500,67.24286073751088,21.692,22.896,602,60,0,0.01
2802,500,83.90022932240743,21.032,22.284,626,58,0,0.01
2803,500,76.35444248316402,19.932,21.106,587,57,0,0.01
2804,500,94.59526326560439,18.114,19.282,584,57,0,0.01
2805,500,75.42322304193425,19.068,20.208,570,59,0,0.01
2806,500,103.22492452340882,18.28,19.508,614,60,0,0.01
2807,500,54.97020277010465,19.904,21.0,548,53,0,0.01
2808,500,77.33807040889708,17.3,18.388,544,58,0,0.01
2809,500,72.71187889962168,19.5,20.654,577,60,0,0.01
2810,500,64.98645777326908,18.01,19.108,549,61,0,0.01
2811,500,86.88686048474361,17.26,18.374,557,55,0,0.01
2812,500,86.53252288909802,19.576,20.794,609,58,0,0.01
2813,500,85.52648270683413,18.998,20.19,596,65,0,0.01
2814,500,83.38662649906692,20.056,21.28,612,62,0,0.01
2815,500,59.647971190395566,16.204,17.182,489,56,0,0.01
2816,500,56.188009638889376,20.776,21.92,572,58,0,0.01
2817,500,97.11602637994199,18.096,19.286,595,58,0,0.01
2818,500,83.21665144926061,17.8,18.922,561,60,0,0.01
2819,500,83.62066850007822,20.266,21.48,607,59,0,0.01
2820,500,66.40168697299123,17.75,18.8,525,54,0,0.01
2821,500,80.84523395616293,19.848,21.05,601,60,0,0.01
2822,500,94.70527125914455,16.84,17.984,572,57,0,0.01
2823,500,70.49971018621267,18.328,19.446,559,62,0,0.01
2824,500,58.4975424257484,22.098,23.28,591,62,0,0.01
2825,500,71.02675104795077,20.164,21.326,581,57,0,0.01
2826,500,86.30084517904741,17.152,18.28,564,56,0,0.01
2827,500,81.3679596577644,17.28,18.37,545,59,0,0.01
2828,500,85.4346439434994,19.202,20.374,586,56,0,0.01
2829,500,80.34388393106674,17.572,18.68,554,58,0,0.01
2830,500,86.79864306314316,16.984,18.084,550,56,0,0.01
2831,500,91.71607405557836,16.35,17.45,550,52,0,0.01
2832,500,69.73124395183169,21.058,22.24,591,59,0,0.01
2833,500,59.65948067377839,22.986,24.238,626,59,0,0.01
2834,500,71.88945469206715,18.914,20.044,565,59,0,0.01
2835,500,69.65842944258763,21.06,22.264,602,60,0,0.01
2836,500,84.72775271640909,17.162,18.284,561,59,0,0.01
2837,500,75.30615734399717,20.74,21.938,599,58,0,0.01
2838,500,84.10758087207753,20.032,21.254,611,60,0,0.01
2839,500,74.99562819870737,21.294,22.512,609,56,0,0.01
2840,500,77.76944437640971,18.334,19.468,567,57,0,0.01
2841,500,80.00910401547652,18.356,19.49,567,57,0,0.01
2842,500,60.51911659625393,20.208,21.336,564,58,0,0.01
2843,500,81.58980015383162,18.508,19.66,576,58,0,0.01
2844,500,80.22506943741392,19.636,20.812,588,62,0,0.01
2845,500,86.20166017607008,17.27,18.406,568,60,0,0.01
2846,500,65.34033797941255,21.738,22.95,606,63,0,0.01
2847,500,85.32262581551821,16.186,17.262,538,56,0,0.01
2848,500,75.33178598229651,19.6,20.758,579,55,0,0.01
2849,500,62.45049088695771,21.748,22.92,586,61,0,0.01
2850,500,68.97365200131367,22.346,23.584,619,58,0,0.01
2851,500,74.43495331925617,20.1,21.268,584,59,0,0.01
2852,500,85.96830906038377,18.904,20.08,588,58,0,0.01
2853,500,88.07822765906108,21.164,22.432,634,59,0,0.01
2854,500,87.28505375473141,19.496,20.688,596,56,0,0.01
2855,500,71.36802478918445,21.032,22.226,597,60,0,0.01
2856,500,79.61775498152905,18.406,19.54,567,55,0,0.01
2857,500,70.13821962515236,18.568,19.664,548,51,0,0.01
2858,500,78.84869083614569,19.806,20.976,585,59,0,0.01
2859,500,54.250062709530624,21.578,22.73,576,59,0,0.01
2860,500,68.96072654836948,19.726,20.846,560,58,0,0.01
2861,500,74.72120059507421,19.436,20.59,577,59,0,0.01
2862,500,81.04951746100113,16.806,17.892,543,56,0,0.01
2863,500,64.93084723497104,19.162,20.294,566,60,0,0.01
2864,500,60.82914406113269,22.4,23.592,596,59,0,0.01
2865,500,61.05264102497543,23.754,24.982,614,55,0,0.01
2866,500,64.25900289541497,20.504,21.654,575,60,0,0.01
2867,500,88.74803173457832,16.75,17.854,552,57,0,0.01
2868,500,86.07284368349113,18.03,19.19,580,59,0,0.01
2869,500,77.733236668693,17.254,18.346,546,57,0,0.01
2870,500,76.94738116110332,18.83,19.96,565,60,0,0.01
2871,500,69.55609725857575,22.624,23.862,619,57,0,0.01
2872,500,66.95570649812501,20.706,21.862,578,57,0,0.01
2873,500,68.21097551551357,21.93,23.124,597,57,0,0.01
2874,500,71.54014772851716,20.726,21.91,592,60,0,0.01
2875,500,70.18966578347376,20.32,21.478,579,58,0,0.01
2876,500,58.11782075933131,23.238,24.438,600,59,0,0.01
2877,500,65.4499647865755,20.028,21.178,575,54,0,0.01
2878,500,63.831669557576404,16.222,17.224,501,55,0,0.01
2879,500,76.2258186184303,17.606,18.696,545,57,0,0.01
2880,500,77.98087091119358,17.96,19.086,563,60,0,0.01
2881,500,78.9238308884054,19.79,20.984,597,60,0,0.01
2882,500,76.85917367497173,17.978,19.104,563,60,0,0.01
2883,500,86.69912116469779,19.96,21.166,603,59,0,0.01
2884,500,87.7441247906759,19.77,20.99,610,62,0,0.01
2885,500,75.09823898249617,20.77,21.96,595,56,0,0.01
2886,500,86.25085227880496,18.124,19.292,584,58,0,0.01
2887,500,74.84503839524014,19.934,21.104,585,60,0,0.01
2888,500,88.3307446865747,17.082,18.21,564,57,0,0.01
2889,500,88.57973660294516,17.52,18.632,556,55,0,0.01
2890,500,74.9468172823497,20.896,22.11,607,57,0,0.01
2891,500,60.13376670993016,21.048,22.204,578,61,0,0.01
2892,500,93.32949056887857,18.324,19.498,587,55,0,0.01
2893,500,96.12088164524353,17.024,18.154,565,55,0,0.01
2894,500,84.86464736859558,18.072,19.194,561,56,0,0.01
2895,500,82.29292544837371,20.258,21.464,603,56,0,0.01
2896,500,67.61599918342195,22.446,23.684,619,60,0,0.01
2897,500,52.994484639576505,20.022,21.108,543,55,0,0.01
2898,500,91.29655704876805,19.704,20.926,611,56,0,0.01
2899,500,84.20640520599773,19.35,20.536,593,53,0,0.01
2900,500,59.702024747778076,22.536,23.742,603,56,0,0.01
2901,500,75.60432752498248,18.022,19.126,552,57,0,0.01
2902,500,73.55885299457344,20.784,21.964,590,55,0,0.01
2903,500,64.78233937656496,21.702,22.912,605,56,0,0.01
2904,500,71.84037575778385,17.952,19.058,553,56,0,0.01
2905,500,70.35454571614667,20.42,21.582,581,55,0,0.01
2906,500,74.0059359939305,19.404,20.566,581,59,0,0.01
2907,500,56.091456621607264,18.73,19.808,539,58,0,0.01
2908,500,57.84455723214916,22.64,23.86,610,55,0,0.01
2909,500,77.05979773651285,18.652,19.786,567,55,0,0.01
2910,500,65.15891418513854,22.518,23.732,607,57,0,0.01
2911,500,97.37372124025147,16.758,17.898,570,55,0,0.01
2912,500,47.3678808447528,21.426,22.55,562,57,0,0.01
2913,500,63.92997495003424,21.92,23.098,589,59,0,0.01
2914,500,77.34216916759966,21.356,22.588,616,57,0,0.01
2915,500,83.12765374747258,19.242,20.422,590,57,0,0.01
2916,500,70.78996063652434,18.708,19.814,553,57,0,0.01
2917,500,92.11105794618904,19.316,20.538,611,58,0,0.01
2918,500,67.89006253853826,19.668,20.836,584,59,0,0.01
2919,500,77.05184365039916,17.852,18.956,552,56,0,0.01
2920,500,74.96583160097164,21.29,22.526,618,58,0,0.01
2921,500,56.81822809624717,23.05,24.252,601,57,0,0.01
2922,500,61.87867273614438,19.874,21.01,568,57,0,0.01
2923,500,74.94759430626868,15.644,16.662,509,57,0,0.01
2924,500,84.80092789470993,17.732,18.856,562,57,0,0.01
2925,500,82.90179281586025,20.636,21.864,614,59,0,0.01
2926,500,60.31475770133586,19.604,20.718,557,57,0,0.01
2927,500,56.53202885746069,19.882,20.988,553,57,0,0.01
2928,500,74.93462342617939,19.358,20.506,574,57,0,0.01
2929,500,66.2132776081318,19.024,20.124,550,56,0,0.01
2930,500,38.77149619187326,23.584,24.752,584,59,0,0.01
2931,500,90.28156284249998,16.162,17.264,551,59,0,0.01
2932,500,77.09539727456706,18.46,19.606,573,62,0,0.01
2933,500,81.04410564252848,16.858,17.964,553,57,0,0.01
2934,500,93.67284267571364,19.008,20.24,616,61,0,0.01
2935,500,70.04046736293384,21.534,22.732,599,60,0,0.01
2936,500,76.19923465634035,20.406,21.594,594,58,0,0.01
2937,500,78.26610131126085,19.304,20.462,579,58,0,0.01
2938,500,78.95575779142519,20.364,21.556,596,59,0,0.01
2939,500,66.27757382931735,19.758,20.904,573,54,0,0.01
2940,500,75.9100841206333,19.132,20.266,567,56,0,0.01
2941,500,79.69167201526386,19.988,21.184,598,59,0,0.01
2942,500,79.79319021003047,17.296,18.394,549,57,0,0.01
2943,500,81.27614434482724,20.38,21.588,604,55,0,0.01
2944,500,67.92777218774778,20.696,21.872,588,60,0,0.01
2945,500,88.67582539499669,18.008,19.172,582,59,0,0.01
2946,500,73.29638232835633,20.244,21.404,580,55,0,0.01
2947,500,63.623643893778755,22.404,23.648,622,58,0,0.01
2948,500,63.45230155782489,21.522,22.69,584,57,0,0.01
2949,500,73.76562014816993,21.954,23.19,618,56,0,0.01
2950,500,87.28524931565427,19.43,20.644,607,58,0,0.01
2951,500,81.08024153962484,18.34,19.476,568,59,0,0.01
2952,500,84.00149008109976,18.228,19.36,566,57,0,0.01
2953,500,62.867623085487374,20.732,21.874,571,58,0,0.01
2954,500,45.85678951307323,21.488,22.622,567,57,0,0.01
2955,500,75.6615458476423,19.776,20.954,589,61,0,0.01
2956,500,82.72262975637312,18.196,19.346,575,61,0,0.01
2957,500,82.60413164086846,17.538,18.644,553,56,0,0.01
2958,500,87.09757919634242,19.23,20.408,589,58,0,0.01
2959,500,38.99973460618365,22.926,24.084,579,59,0,0.01
2960,500,83.19144535516965,19.698,20.88,591,55,0,0.01
2961,500,83.03322077681428,17.828,18.954,563,56,0,0.01
2962,500,77.10443075796518,18.474,19.584,555,58,0,0.01
2963,500,90.71177566663904,18.972,20.158,593,58,0,0.01
2964,500,77.77729555273187,19.192,20.346,577,57,0,0.01
2965,500,74.4157017586888,18.964,20.098,567,56,0,0.01
2966,500,55.071064434986404,19.254,20.34,543,57,0,0.01
2967,500,72.48831305823624,21.576,22.808,616,63,0,0.01
2968,500,82.21321540978923,18.264,19.404,570,58,0,0.01
2969,500,80.72238225576768,17.524,18.654,565,57,0,0.01
2970,500,92.65584223765539,15.774,16.86,543,56,0,0.01
2971,500,84.43220426245864,17.77,18.912,571,58,0,0.01
2972,500,68.0770943585902,19.822,20.966,572,60,0,0.01
2973,500,82.79245128767401,19.28,20.46,590,58,0,0.01
2974,500,89.92283095051488,17.57,18.728,579,61,0,0.01
2975,500,69.41762917746735,22.69,23.94,625,60,0,0.01
2976,500,74.14903235705525,17.442,18.534,546,61,0,0.01
2977,500,92.52400199115324,17.79,18.948,579,55,0,0.01
2978,500,78.09920456494663,19.04,20.18,570,58,0,0.01
2979,500,67.81575731603525,21.23,22.426,598,56,0,0.01
2980,500,89.75696491807119,19.312,20.514,601,58,0,0.01
2981,500,96.73910148416289,17.168,18.324,578,59,0,0.01
2982,500,92.51430936798381,17.332,18.468,568,57,0,0.01
2983,500,77.63505160360631,19.552,20.708,578,58,0,0.01
2984,500,79.44792713242315,19.382,20.562,590,62,0,0.01
2985,500,78.4879904907419,17.748,18.836,544,53,0,0.01
2986,500,89.2481068014672,19.878,21.12,621,60,0,0.01
2987,500,90.23319531086172,16.92,18.036,558,55,0,0.01
2988,500,64.36359939367367,19.812,20.944,566,56,0,0.01
2989,500,71.59210582590964,19.694,20.848,577,58,0,0.01
2990,500,65.10744718630588,20.344,21.51,583,59,0,0.01
2991,500,82.4997101862126,18.292,19.428,568,56,0,0.01
2992,500,78.80008606256199,19.818,20.992,587,55,0,0.01
2993,500,89.97744838665093,21.86,23.15,645,56,0,0.01
2994,500,63.80474544374952,18.334,19.414,540,57,0,0.01
2995,500,82.81568518222373,21.05,22.274,612,59,0,0.01
2996,500,41.86580573541997,25.176,26.382,603,53,0,0.01
2997,500,83.42693703479998,18.576,19.736,580,58,0,0.01
2998,500,72.28825287544862,18.868,19.992,562,59,0,0.01
2999,500,60.71948289852967,20.248,21.372,562,55,0,0.01
3000,500,82.70213433676965,18.26,19.416,578,58,0,0.01
