episode,steps,cumulative_reward,average_queue_length,average_waiting_time,total_throughput,phase_switches,overflow_count,epsilon
1,120,-5742.5,60.025,60.21666666666667,23,54,1,1.0
2,160,-8812.0,68.3625,68.7,54,65,1,0.995
3,129,-6766.5,63.72868217054263,63.96124031007752,30,57,1,0.990025
4,128,-7218.5,70.7265625,70.9921875,34,55,1,0.985074875
5,139,-5935.0,52.07194244604317,52.33812949640288,37,59,1,0.9801495006250001
6,144,-8479.5,75.60416666666667,75.84027777777777,34,64,1,0.9752487531218751
7,145,-7949.5,68.18620689655172,68.45517241379311,39,62,1,0.9703725093562657
8,165,-9452.5,72.7939393939394,73.06060606060606,44,72,1,0.9655206468094844
9,142,-7436.0,63.04225352112676,63.309859154929576,38,62,1,0.960693043575437
10,138,-6749.0,59.869565217391305,60.23913043478261,51,56,1,0.9558895783575597
11,184,-10320.0,69.8695652173913,70.21739130434783,64,75,1,0.9511101304657719
12,131,-6474.5,58.847328244274806,59.11450381679389,35,56,1,0.946354579813443
13,123,-6063.0,60.666666666666664,60.926829268292686,32,54,1,0.9416228069143757
14,131,-5700.5,51.12213740458015,51.412213740458014,38,56,1,0.9369146928798039
15,161,-8882.5,69.93167701863354,70.18012422360249,40,71,1,0.9322301194154049
16,133,-6903.0,62.69172932330827,62.962406015037594,36,57,1,0.9275689688183278
17,139,-7698.0,67.89928057553956,68.14388489208633,34,61,1,0.9229311239742362
18,139,-7730.0,68.34532374100719,68.53237410071942,26,63,1,0.918316468354365
19,109,-5886.5,66.55963302752293,66.79816513761467,26,48,1,0.9137248860125932
20,116,-5612.0,55.793103448275865,56.08620689655172,34,50,1,0.9091562615825302
21,138,-7085.0,61.81159420289855,62.130434782608695,44,58,1,0.9046104802746175
22,142,-7883.5,70.13380281690141,70.42957746478874,42,61,1,0.9000874278732445
23,151,-8190.5,68.44370860927152,68.74834437086092,46,64,1,0.8955869907338783
24,134,-7676.0,69.1044776119403,69.29850746268657,26,61,1,0.8911090557802088
25,137,-7440.0,67.51824817518248,67.76642335766424,34,60,1,0.8866535105013078
26,151,-7853.0,66.45033112582782,66.72185430463576,41,64,1,0.8822202429488013
27,138,-7320.0,67.71014492753623,67.98550724637681,38,58,1,0.8778091417340573
28,112,-5225.5,56.455357142857146,56.75,33,47,1,0.8734200960253871
29,103,-4592.0,53.883495145631066,54.09708737864078,22,46,1,0.8690529955452602
30,139,-6869.0,61.52517985611511,61.805755395683455,39,59,1,0.8647077305675338
31,145,-7349.0,64.20689655172414,64.53103448275863,47,60,1,0.8603841919146962
32,117,-5104.5,52.333333333333336,52.64102564102564,36,49,1,0.8560822709551227
33,131,-6425.0,57.465648854961835,57.770992366412216,40,54,1,0.851801859600347
34,136,-7851.5,71.68382352941177,71.95588235294117,37,58,1,0.8475428503023453
35,136,-6612.5,60.654411764705884,60.97794117647059,44,57,1,0.8433051360508336
36,145,-9116.0,79.62758620689655,79.96551724137932,49,60,1,0.8390886103705794
37,144,-8110.5,69.57638888888889,69.81944444444444,35,63,1,0.8348931673187264
38,107,-4554.5,47.61682242990654,47.953271028037385,36,44,1,0.8307187014821328
39,145,-7389.5,62.46206896551724,62.786206896551725,47,60,1,0.8265651079747222
40,134,-6735.0,61.223880597014926,61.46268656716418,32,58,1,0.8224322824348486
41,162,-9478.0,72.60493827160494,72.96296296296296,58,66,1,0.8183201210226743
42,187,-9790.0,64.97326203208556,65.33155080213903,67,76,1,0.8142285204175609
43,141,-6924.5,60.39007092198582,60.801418439716315,58,56,1,0.810157377815473
44,133,-6755.5,62.72932330827068,63.150375939849624,56,52,1,0.8061065909263957
45,119,-5467.0,55.21008403361345,55.67226890756302,55,45,1,0.8020760579717637
46,141,-5758.5,46.0354609929078,46.40425531914894,52,57,1,0.798065677681905
47,159,-8937.5,68.76100628930817,69.05660377358491,47,67,1,0.7940753492934954
48,117,-6058.5,65.06837606837607,65.32478632478633,30,50,1,0.7901049725470279
49,154,-8029.0,65.2987012987013,65.72727272727273,66,61,1,0.7861544476842928
50,143,-7312.5,61.57342657342657,61.89510489510489,46,60,1,0.7822236754458713
51,159,-8989.5,68.61006289308176,69.0,62,62,1,0.778312557068642
52,119,-5962.5,59.48739495798319,59.72268907563025,28,51,1,0.7744209942832988
53,102,-4673.0,54.0,54.372549019607845,38,41,1,0.7705488893118823
54,126,-6079.0,57.285714285714285,57.57936507936508,37,53,1,0.7666961448653229
55,138,-6977.0,62.869565217391305,63.21739130434783,48,57,1,0.7628626641409962
56,118,-6039.0,61.47457627118644,61.74576271186441,32,51,1,0.7590483508202912
57,127,-6212.0,59.874015748031496,60.173228346456696,38,54,1,0.7552531090661897
58,110,-5568.5,62.88181818181818,63.04545454545455,18,50,1,0.7514768435208588
59,150,-8043.0,63.8,64.18666666666667,58,60,1,0.7477194593032545
60,142,-7005.5,59.852112676056336,60.232394366197184,54,58,1,0.7439808620067382
61,127,-6488.5,61.23622047244095,61.59055118110236,45,52,1,0.7402609576967045
62,165,-8777.5,66.13939393939394,66.53333333333333,65,65,1,0.736559652908221
63,176,-10019.0,69.92045454545455,70.32954545454545,72,69,1,0.7328768546436799
64,161,-8486.5,64.1304347826087,64.43478260869566,49,67,1,0.7292124703704616
65,136,-7165.5,67.34558823529412,67.625,38,58,1,0.7255664080186093
66,105,-4726.0,54.666666666666664,54.91428571428571,26,45,1,0.7219385759785162
67,140,-7117.5,61.50714285714286,61.82142857142857,44,59,1,0.7183288830986236
68,160,-8617.5,64.11875,64.575,73,61,1,0.7147372386831305
69,131,-6915.5,63.47328244274809,63.70992366412214,31,58,1,0.7111635524897149
70,147,-6821.0,54.70748299319728,55.12925170068027,62,57,1,0.7076077347272662
71,123,-5989.0,57.040650406504064,57.36585365853659,40,49,1,0.7040696960536299
72,154,-8878.0,71.92207792207792,72.22077922077922,46,64,1,0.7005493475733617
73,144,-6582.5,56.326388888888886,56.729166666666664,58,57,1,0.697046600835495
74,115,-5318.0,53.56521739130435,53.869565217391305,35,48,1,0.6935613678313175
75,170,-9359.5,66.54705882352941,66.87647058823529,56,71,1,0.6900935609921609
76,123,-5297.5,50.040650406504064,50.45528455284553,51,48,1,0.6866430931872001
77,137,-7279.0,64.61313868613139,65.05839416058394,61,53,1,0.6832098777212641
78,115,-4835.5,50.165217391304346,50.54782608695652,44,46,1,0.6797938283326578
79,183,-9927.5,69.04371584699453,69.3224043715847,51,78,1,0.6763948591909945
80,130,-6692.5,60.08461538461538,60.40769230769231,42,53,1,0.6730128848950395
81,181,-9800.0,67.4696132596685,67.76795580110497,54,76,1,0.6696478204705644
82,149,-8392.5,71.42953020134229,71.75167785234899,48,63,1,0.6662995813682115
83,120,-5449.0,51.28333333333333,51.61666666666667,40,49,1,0.6629680834613705
84,123,-6656.0,66.79674796747967,67.0650406504065,33,53,1,0.6596532430440636
85,132,-7687.0,73.37878787878788,73.62878787878788,33,58,1,0.6563549768288433
86,160,-9605.5,75.38125,75.725,55,65,1,0.653073201944699
87,128,-5562.5,53.9296875,54.2421875,40,54,1,0.6498078359349755
88,110,-5680.5,62.972727272727276,63.163636363636364,21,49,1,0.6465587967553006
89,148,-6923.0,56.87837837837838,57.222972972972975,51,60,1,0.6433260027715241
90,147,-7751.0,65.49659863945578,65.79591836734694,44,62,1,0.6401093727576664
91,138,-7349.5,66.71739130434783,67.15217391304348,60,54,1,0.6369088258938781
92,124,-6498.5,62.13709677419355,62.475806451612904,42,51,1,0.6337242817644086
93,135,-6745.5,59.54814814814815,59.91851851851852,50,55,1,0.6305556603555866
94,126,-6330.5,59.11904761904762,59.44444444444444,41,52,1,0.6274028820538087
95,176,-8499.0,60.59090909090909,60.96022727272727,65,71,1,0.6242658676435396
96,151,-8766.0,73.66887417218543,73.90066225165563,35,65,1,0.6211445383053219
97,110,-5120.0,53.03636363636364,53.25454545454546,24,48,1,0.6180388156137953
98,135,-7514.0,69.45185185185186,69.71851851851852,36,58,1,0.6149486215357263
99,124,-6502.5,63.846774193548384,64.08870967741936,30,52,1,0.6118738784280476
100,140,-6514.5,54.621428571428574,55.05714285714286,61,52,1,0.6088145090359074
101,130,-6171.5,54.88461538461539,55.44615384615385,73,47,1,0.6057704364907278
102,180,-10053.0,68.94444444444444,69.48333333333333,97,65,1,0.6027415843082742
103,149,-7244.5,59.966442953020135,60.58389261744966,92,51,1,0.5997278763867329
104,145,-7103.5,60.33793103448276,60.827586206896555,71,53,1,0.5967292370047992
105,139,-6678.5,56.064748201438846,56.41726618705036,49,55,1,0.5937455908197752
106,116,-4506.0,43.706896551724135,44.258620689655174,64,42,1,0.5907768628656763
107,110,-5090.5,54.60909090909091,54.91818181818182,34,46,1,0.5878229785513479
108,173,-8512.5,59.30057803468208,59.716763005780344,72,67,1,0.5848838636585911
109,204,-11912.0,70.84313725490196,71.33823529411765,101,75,1,0.5819594443402982
110,149,-6878.5,55.18791946308725,55.651006711409394,69,57,1,0.5790496471185967
111,135,-6267.0,53.43703703703704,53.77777777777778,46,56,1,0.5761543988830038
112,143,-7341.0,61.70629370629371,62.11888111888112,59,56,1,0.5732736268885887
113,129,-6500.5,57.945736434108525,58.36434108527132,54,51,1,0.5704072587541458
114,145,-7909.5,65.02758620689656,65.36551724137931,49,58,1,0.567555222460375
115,138,-6073.5,50.166666666666664,50.55072463768116,53,56,1,0.5647174463480732
116,102,-4528.0,52.09803921568628,52.6078431372549,52,38,1,0.5618938591163328
117,212,-12011.5,68.35377358490567,68.85849056603773,107,78,1,0.5590843898207511
118,157,-8304.5,63.71337579617835,64.05732484076434,54,65,1,0.5562889678716474
119,172,-9746.5,67.87790697674419,68.33720930232558,79,64,1,0.5535075230322891
120,130,-5744.5,53.46923076923077,54.0,69,48,1,0.5507399854171277
121,151,-7451.0,59.086092715231786,59.549668874172184,70,58,1,0.547986285490042
122,110,-5078.5,50.42727272727273,50.836363636363636,45,43,1,0.5452463540625918
123,157,-7923.5,59.560509554140125,60.0,69,58,1,0.5425201222922789
124,134,-6670.0,60.985074626865675,61.38805970149254,54,53,1,0.5398075216808175
125,245,-11043.0,54.26122448979592,55.00408163265306,182,77,1,0.5371084840724134
126,125,-5430.0,50.736,51.184,56,48,1,0.5344229416520513
127,178,-9029.0,62.73033707865169,63.353932584269664,111,59,1,0.531750826943791
128,132,-6691.5,60.88636363636363,61.35606060606061,62,50,1,0.5290920728090721
129,140,-6380.0,52.15714285714286,52.50714285714286,49,57,1,0.5264466124450268
130,144,-7026.0,57.30555555555556,57.625,46,60,1,0.5238143793828016
131,115,-4972.5,51.10434782608696,51.55652173913043,52,45,1,0.5211953074858876
132,107,-4846.5,50.64485981308411,51.018691588785046,40,43,1,0.5185893309484582
133,167,-8943.5,65.77844311377245,66.23952095808383,77,64,1,0.5159963842937159
134,139,-7581.0,62.96402877697842,63.302158273381295,47,56,1,0.5134164023722473
135,136,-5931.5,49.68382352941177,50.080882352941174,54,54,1,0.510849320360386
136,159,-6963.5,53.855345911949684,54.276729559748425,67,63,1,0.5082950737585841
137,133,-6003.0,53.05263157894737,53.46616541353384,55,52,1,0.5057535983897912
138,165,-8876.0,69.12727272727273,69.47878787878788,58,67,1,0.5032248303978422
139,131,-6561.5,56.20610687022901,56.48854961832061,37,53,1,0.500708706245853
140,116,-5429.0,53.53448275862069,53.939655172413794,47,46,1,0.4982051627146237
141,125,-6305.5,59.912,60.208,37,52,1,0.49571413690105054
142,185,-9877.0,65.12432432432432,65.7081081081081,108,66,1,0.4932355662165453
143,138,-5199.5,43.71739130434783,44.094202898550726,52,54,1,0.4907693883854626
144,144,-8178.0,70.16666666666667,70.54166666666667,54,57,1,0.4883155414435353
145,107,-4403.5,48.177570093457945,48.52336448598131,37,42,1,0.4858739637363176
146,161,-7168.5,53.96894409937888,54.453416149068325,78,59,1,0.483444593917636
147,139,-6515.0,56.64748201438849,57.007194244604314,50,54,1,0.4810273709480478
148,173,-8828.5,57.85549132947977,58.30635838150289,78,64,1,0.47862223409330756
149,109,-4444.5,46.68807339449541,47.1651376146789,52,40,1,0.47622912292284103
150,166,-9350.5,66.01807228915662,66.52409638554217,84,62,1,0.4738479773082268
151,120,-4950.5,46.725,47.208333333333336,58,44,1,0.47147873742168567
152,140,-7052.5,59.85,60.34285714285714,69,52,1,0.46912134373457726
153,139,-7034.0,59.093525179856115,59.48201438848921,54,55,1,0.46677573701590436
154,192,-10175.0,64.02083333333333,64.50520833333333,93,71,1,0.46444185833082485
155,153,-6847.0,51.751633986928105,52.189542483660134,67,58,1,0.46211964903917074
156,146,-7478.0,61.58904109589041,62.136986301369866,80,53,1,0.4598090507939749
157,131,-6044.0,51.541984732824424,51.916030534351144,49,52,1,0.457510005540005
158,128,-5717.0,51.09375,51.5625,60,49,1,0.45522245551230495
159,120,-5157.5,52.891666666666666,53.208333333333336,38,49,1,0.4529463432347434
160,154,-6524.0,51.87012987012987,52.22077922077922,54,62,1,0.4506816115185697
161,141,-7245.0,62.723404255319146,63.01418439716312,41,58,1,0.4484282034609769
162,128,-5803.5,51.7265625,52.140625,53,50,1,0.446186062443672
163,119,-5466.0,54.23529411764706,54.64705882352941,49,46,1,0.4439551321314536
164,144,-7422.5,61.645833333333336,62.06944444444444,61,57,1,0.4417353564707963
165,141,-7389.0,64.41134751773049,64.79432624113475,54,57,1,0.43952667968844233
166,81,-2833.5,36.925925925925924,37.28395061728395,29,32,1,0.43732904629000013
167,162,-9861.5,74.05555555555556,74.44444444444444,63,65,1,0.4351424010585501
168,132,-6766.0,60.93939393939394,61.39393939393939,60,50,1,0.43296668905325736
169,134,-7100.0,64.74626865671642,65.26119402985074,69,50,1,0.43080185560799106
170,182,-9559.5,64.92857142857143,65.36263736263736,79,71,1,0.4286478463299511
171,124,-6278.0,62.33870967741935,62.645161290322584,38,52,1,0.42650460709830135
172,105,-4758.0,55.25714285714286,55.58095238095238,34,44,1,0.42437208406280985
173,192,-10970.5,68.203125,68.76041666666667,107,69,1,0.4222502236424958
174,192,-10073.5,61.713541666666664,62.296875,112,67,1,0.42013897252428334
175,160,-7519.5,54.29375,54.76875,76,60,1,0.4180382776616619
176,179,-9258.5,60.87709497206704,61.43016759776536,99,64,1,0.4159480862733536
177,162,-7478.5,51.376543209876544,51.870370370370374,80,61,1,0.41386834584198684
178,121,-6271.0,63.30578512396694,63.735537190082646,52,46,1,0.4117990041127769
179,122,-5118.5,47.15573770491803,47.60655737704918,55,47,1,0.40974000909221303
180,140,-6225.0,49.785714285714285,50.35,79,50,1,0.40769130904675194
181,170,-8282.5,58.417647058823526,59.06470588235294,110,57,1,0.40565285250151817
182,131,-6384.0,56.213740458015266,56.76335877862596,72,48,1,0.4036245882390106
183,132,-5864.0,51.53030303030303,52.053030303030305,69,48,1,0.4016064652978155
184,159,-8320.5,62.0188679245283,62.44025157232704,67,59,1,0.3995984329713264
185,146,-7335.0,55.12328767123287,55.486301369863014,53,58,1,0.3976004408064698
186,152,-8858.5,68.99342105263158,69.41447368421052,64,58,1,0.39561243860243744
187,134,-5872.0,51.26865671641791,51.90298507462686,85,43,1,0.3936343764094253
188,135,-7329.0,66.0,66.54814814814814,74,48,1,0.39166620452737816
189,149,-7338.0,59.395973154362416,59.80536912751678,61,59,1,0.3897078735047413
190,148,-6994.0,54.013513513513516,54.486486486486484,70,56,1,0.3877593341372176
191,118,-5057.5,49.5,49.79661016949152,35,48,1,0.3858205374665315
192,106,-4211.0,45.301886792452834,45.66981132075472,39,42,1,0.38389143477919885
193,148,-7181.0,58.932432432432435,59.45945945945946,78,54,1,0.3819719776053028
194,105,-4923.5,53.666666666666664,54.02857142857143,38,42,1,0.3800621177172763
195,177,-8853.0,60.14689265536723,60.67231638418079,93,65,1,0.37816180712868996
196,160,-7188.0,51.575,52.0125,70,59,1,0.37627099809304654
197,117,-4548.0,44.256410256410255,44.84615384615385,69,39,1,0.3743896431025813
198,168,-8561.0,62.23809523809524,62.535714285714285,50,69,1,0.37251769488706843
199,121,-6204.0,64.19834710743801,64.47933884297521,34,52,1,0.3706551064126331
200,137,-6224.5,54.67883211678832,55.08759124087591,56,54,1,0.36880183088056995
201,176,-8836.5,59.24431818181818,59.80113636363637,98,61,1,0.3669578217261671
202,120,-5285.0,51.03333333333333,51.541666666666664,61,43,1,0.36512303261753626
203,93,-3578.0,44.40860215053763,44.73118279569893,30,36,1,0.3632974174544486
204,120,-5294.5,51.891666666666666,52.30833333333333,50,45,1,0.3614809303671764
205,138,-6867.0,60.08695652173913,60.53623188405797,62,51,1,0.3596735257153405
206,130,-6088.5,55.05384615384615,55.36923076923077,41,51,1,0.3578751580867638
207,134,-5383.5,45.485074626865675,45.97014925373134,65,49,1,0.35608578229633
208,133,-5421.5,44.909774436090224,45.556390977443606,86,41,1,0.3543053533848483
209,114,-5170.5,53.74561403508772,54.1578947368421,47,42,1,0.35253382661792404
210,165,-8161.5,59.7030303030303,60.2060606060606,83,59,1,0.3507711574848344
211,149,-7669.0,62.5503355704698,63.214765100671144,99,48,1,0.34901730169741024
212,134,-6453.0,53.91044776119403,54.25373134328358,46,53,1,0.3472722151889232
213,105,-4524.0,47.96190476190476,48.49523809523809,56,35,1,0.3455358541129786
214,168,-7444.5,52.31547619047619,52.80952380952381,83,63,1,0.3438081748424137
215,119,-5966.0,59.61344537815126,60.016806722689076,48,46,1,0.3420891339682016
216,194,-9964.0,60.06185567010309,60.50515463917526,86,73,1,0.3403786882983606
217,130,-5544.0,50.246153846153845,50.58461538461538,44,53,1,0.3386767948568688
218,139,-5904.0,48.64748201438849,49.05755395683453,57,48,1,0.33698341088258443
219,131,-4642.5,40.343511450381676,40.87786259541985,70,48,1,0.3352984938281715
220,129,-6720.0,63.86046511627907,64.16279069767442,39,52,1,0.33362200135903064
221,125,-5360.0,49.936,50.488,69,44,1,0.33195389135223546
222,167,-7979.0,51.64071856287425,52.221556886227546,97,56,1,0.3302941218954743
223,105,-5336.0,60.78095238095238,61.12380952380953,36,42,1,0.32864265128599696
224,185,-10087.5,65.14054054054054,65.51891891891891,70,73,1,0.326999438029567
225,103,-3992.5,44.57281553398058,44.94174757281554,38,40,1,0.3253644408394192
226,139,-5901.5,49.82014388489208,50.194244604316545,52,54,1,0.3237376186352221
227,101,-3925.0,40.415841584158414,40.91089108910891,50,37,1,0.322118930542046
228,126,-5618.5,52.54761904761905,53.04761904761905,63,44,1,0.32050833588933575
229,143,-5799.5,45.7972027972028,46.48251748251748,98,45,1,0.31890579420988907
230,171,-8173.0,55.099415204678365,55.619883040935676,89,62,1,0.3173112652388396
231,175,-7808.5,52.06285714285714,52.68571428571428,109,59,1,0.3157247089126454
232,110,-4846.5,51.77272727272727,52.28181818181818,56,41,1,0.3141460853680822
233,121,-5544.5,52.107438016528924,52.735537190082646,76,41,1,0.3125753549412418
234,184,-9933.5,64.59239130434783,65.10326086956522,94,64,1,0.31101247816653554
235,124,-5202.5,48.895161290322584,49.32258064516129,53,48,1,0.30945741577570285
236,139,-5563.0,45.611510791366904,46.16546762589928,77,46,1,0.3079101286968243
237,176,-9954.5,68.57386363636364,69.0909090909091,91,65,1,0.3063705780533402
238,178,-9265.0,61.37078651685393,61.848314606741575,85,58,1,0.30483872516307353
239,128,-6741.5,63.0546875,63.359375,39,53,1,0.3033145315372582
240,141,-6779.0,57.205673758865245,57.5177304964539,44,59,1,0.3017979588795719
241,131,-7496.0,70.97709923664122,71.20610687022901,30,58,1,0.30028896908517405
242,127,-6411.5,60.496062992125985,60.889763779527556,50,50,1,0.2987875242397482
243,122,-6152.5,60.81147540983606,61.23770491803279,52,48,1,0.29729358661854943
244,112,-4928.0,49.625,50.035714285714285,46,42,1,0.29580711868545667
245,159,-7845.0,58.666666666666664,59.119496855345915,72,60,1,0.2943280830920294
246,127,-7175.0,68.70866141732283,69.08661417322834,48,51,1,0.29285644267656924
247,97,-3935.0,46.103092783505154,46.628865979381445,51,34,1,0.2913921604631864
248,148,-7581.0,60.945945945945944,61.3445945945946,59,59,1,0.28993519966087045
249,108,-5899.5,66.52777777777777,66.93518518518519,44,43,1,0.2884855236625661
250,144,-6548.0,53.041666666666664,53.47222222222222,62,56,1,0.28704309604425327
251,117,-4780.5,47.63247863247863,47.93162393162393,35,48,1,0.285607880564032
252,127,-6666.5,61.45669291338583,61.79527559055118,43,51,1,0.28417984116121187
253,155,-7417.0,58.21935483870968,58.73548387096774,80,52,1,0.2827589419554058
254,164,-8194.5,57.43292682926829,57.96951219512195,88,58,1,0.28134514724562876
255,161,-6574.0,47.21739130434783,47.732919254658384,83,56,1,0.2799384215094006
256,131,-5633.0,49.70992366412214,50.05343511450382,45,52,1,0.27853872940185365
257,113,-5040.0,48.60176991150443,49.10619469026549,57,39,1,0.27714603575484437
258,118,-5669.5,56.41525423728814,56.71186440677966,35,49,1,0.2757603055760701
259,161,-6822.0,48.70807453416149,49.34782608695652,103,54,1,0.2743815040481898
260,163,-7177.5,51.0,51.644171779141104,105,55,1,0.2730095965279488
261,124,-5147.0,46.03225806451613,46.596774193548384,70,44,1,0.27164454854530906
262,134,-6054.5,49.90298507462686,50.38059701492537,64,48,1,0.2702863258025825
263,155,-6250.0,45.883870967741935,46.26451612903226,59,61,1,0.2689348941735696
264,166,-8039.0,57.31325301204819,57.86144578313253,91,58,1,0.26759021970270175
265,155,-6709.0,49.23870967741936,49.76774193548387,82,51,1,0.2662522686041882
266,147,-5581.0,42.87074829931973,43.42176870748299,81,47,1,0.2649210072611673
267,126,-5232.0,47.44444444444444,48.095238095238095,82,41,1,0.26359640222486147
268,194,-6950.5,41.05670103092783,41.79381443298969,143,54,1,0.26227842021373715
269,136,-6015.5,50.8014705882353,51.35294117647059,75,49,1,0.2609670281126685
270,181,-10096.0,67.19337016574586,67.6353591160221,80,69,1,0.25966219297210513
271,132,-4790.0,38.984848484848484,39.50757575757576,69,48,1,0.2583638820072446
272,113,-4993.5,48.04424778761062,48.6283185840708,66,40,1,0.2570720625972084
273,113,-4484.5,45.3716814159292,45.991150442477874,70,36,1,0.25578670228422234
274,114,-5235.0,51.1578947368421,51.824561403508774,76,38,1,0.25450776877280124
275,161,-8260.0,58.27329192546584,58.95652173913044,110,49,1,0.2532352299289372
276,106,-4394.5,46.783018867924525,47.235849056603776,48,38,1,0.2519690537792925
277,159,-7434.0,54.75471698113208,55.333333333333336,92,56,1,0.2507092085103961
278,119,-4967.0,45.680672268907564,46.21848739495798,64,40,1,0.2494556624678441
279,93,-3797.5,43.75268817204301,44.193548387096776,41,34,1,0.24820838415550486
280,115,-4737.0,44.36521739130435,44.93913043478261,66,40,1,0.24696734223472733
281,150,-7631.0,60.946666666666665,61.57333333333333,94,51,1,0.2457325055235537
282,117,-4640.0,43.401709401709404,43.94017094017094,63,42,1,0.24450384299593592
283,114,-5160.0,50.80701754385965,51.18421052631579,43,44,1,0.24328132378095624
284,101,-3705.0,40.79207920792079,41.257425742574256,47,37,1,0.24206491716205145
285,112,-5185.0,52.55357142857143,53.044642857142854,55,41,1,0.2408545925762412
286,126,-6299.0,58.111111111111114,58.56349206349206,57,48,1,0.23965031961336
287,240,-9930.0,48.2,48.9375,177,74,1,0.2384520680152932
288,189,-10408.5,64.5026455026455,65.06878306878306,107,61,1,0.23725980767521673
289,146,-6661.0,53.04109589041096,53.50684931506849,68,54,1,0.23607350863684065
290,175,-8668.5,56.04,56.58857142857143,96,62,1,0.23489314109365644
291,96,-3665.5,38.802083333333336,39.1875,37,37,1,0.23371867538818816
292,119,-5498.5,51.30252100840336,52.142857142857146,100,35,1,0.23255008201124722
293,138,-5735.5,47.97826086956522,48.55797101449275,80,49,1,0.231387331601191
294,134,-5004.5,42.798507462686565,43.38805970149254,79,46,1,0.23023039494318503
295,133,-5760.5,48.32330827067669,48.766917293233085,59,50,1,0.2290792429684691
296,161,-7564.5,54.21739130434783,55.161490683229815,152,41,1,0.22793384675362674
297,123,-5812.5,52.951219512195124,53.40650406504065,56,46,1,0.22679417751985861
298,137,-6249.5,51.306569343065696,51.737226277372265,59,52,1,0.22566020663225933
299,238,-11967.0,59.90756302521008,60.680672268907564,184,73,1,0.22453190559909803
300,166,-8172.0,57.903614457831324,58.51807228915663,102,53,1,0.22340924607110255
301,148,-6417.0,49.95945945945946,50.7027027027027,110,46,1,0.22229219984074702
302,130,-5444.0,45.90769230769231,46.276923076923076,48,50,1,0.2211807388415433
303,113,-4461.0,43.91150442477876,44.442477876106196,60,40,1,0.22007483514733558
304,137,-6107.0,47.21167883211679,47.832116788321166,85,46,1,0.2189744609715989
305,158,-7603.5,55.234177215189874,55.822784810126585,93,54,1,0.2178795886667409
306,137,-6327.5,54.02189781021898,54.627737226277375,83,48,1,0.2167901907234072
307,157,-7353.0,56.24203821656051,56.68789808917197,70,61,1,0.21570623976979014
308,190,-8583.0,51.0,51.65263157894737,124,63,1,0.21462770857094118
309,174,-8786.5,61.660919540229884,62.241379310344826,101,58,1,0.21355457002808648
310,160,-6554.0,46.6625,47.1375,76,59,1,0.21248679717794605
311,192,-8436.0,52.614583333333336,53.260416666666664,124,65,1,0.21142436319205632
312,118,-5417.5,54.07627118644068,54.516949152542374,52,44,1,0.21036724137609603
313,127,-6146.5,53.04724409448819,53.59055118110236,69,45,1,0.20931540516921554
314,140,-5958.5,48.27857142857143,48.85,80,48,1,0.20826882814336947
315,159,-8291.5,60.35849056603774,61.056603773584904,111,49,1,0.20722748400265262
316,151,-6501.0,48.966887417218544,49.58278145695364,93,51,1,0.20619134658263935
317,120,-6138.0,56.916666666666664,57.50833333333333,71,39,1,0.20516038984972615
318,124,-5104.0,45.806451612903224,46.11290322580645,38,48,1,0.2041345879004775
319,151,-6418.5,48.48344370860927,49.13907284768212,99,48,1,0.2031139149609751
320,143,-6192.5,49.86713286713287,50.41258741258741,78,46,1,0.20209834538617025
321,124,-6080.0,57.806451612903224,58.266129032258064,57,47,1,0.2010878536592394
322,109,-5539.0,62.91743119266055,63.10091743119266,20,49,1,0.2000824143909432
323,118,-5767.0,57.49152542372882,57.83050847457627,40,47,1,0.19908200231898848
324,162,-7475.5,56.31481481481482,56.78395061728395,76,60,1,0.19808659230739353
325,138,-7570.5,62.84782608695652,63.28260869565217,60,53,1,0.19709615934585656
326,102,-5055.0,55.470588235294116,56.0,54,37,1,0.19611067854912728
327,145,-7187.5,58.40689655172414,59.04827586206896,93,45,1,0.19513012515638165
328,176,-8160.5,57.55113636363637,57.95454545454545,71,69,1,0.19415447453059972
329,161,-7955.0,61.27950310559006,61.65217391304348,60,59,1,0.19318370215794672
330,139,-5688.5,46.669064748201436,47.13669064748201,65,45,1,0.192217783647157
331,132,-5659.5,52.446969696969695,52.765151515151516,42,54,1,0.1912566947289212
332,130,-5682.0,51.58461538461538,51.96153846153846,49,46,1,0.1903004112552766
333,114,-4644.5,43.921052631578945,44.3859649122807,53,42,1,0.18934890919900021
334,158,-6621.5,47.80379746835443,48.462025316455694,104,51,1,0.18840216465300522
335,137,-5142.0,42.33576642335766,42.96350364963504,86,41,1,0.18746015382974018
336,197,-9680.0,56.53807106598985,57.31979695431472,154,56,1,0.1865228530605915
337,222,-8701.0,44.333333333333336,45.01801801801802,152,69,1,0.18559023879528855
338,169,-7047.5,46.112426035502956,46.82248520710059,120,47,1,0.1846622876013121
339,174,-8342.5,53.132183908045974,53.775862068965516,112,50,1,0.18373897616330553
340,209,-10493.0,57.377990430622006,58.14832535885167,161,64,1,0.182820281282489
341,190,-7831.0,47.28421052631579,48.05263157894737,146,58,1,0.18190617987607657
342,191,-9310.0,55.968586387434556,56.712041884816756,142,57,1,0.18099664897669618
343,104,-4690.5,48.83653846153846,49.44230769230769,63,35,1,0.1800916657318127
344,177,-7369.0,48.13559322033898,48.836158192090394,124,55,1,0.17919120740315364
345,133,-4813.5,39.0,39.59398496240601,79,36,1,0.17829525136613786
346,122,-5072.5,43.51639344262295,44.122950819672134,74,40,1,0.17740377510930716
347,162,-7579.0,52.24691358024691,53.06172839506173,132,46,1,0.17651675623376062
348,159,-6092.0,43.35849056603774,44.0377358490566,108,45,1,0.1756341724525918
349,139,-6130.5,46.597122302158276,47.23741007194245,89,40,1,0.17475600159032884
350,180,-8260.0,51.46666666666667,52.138888888888886,121,52,1,0.17388222158237718
351,193,-8933.5,51.95336787564767,52.58549222797927,122,63,1,0.1730128104744653
352,162,-7907.0,56.51851851851852,57.19753086419753,110,47,1,0.17214774642209296
353,119,-5396.0,50.67226890756302,51.260504201680675,70,41,1,0.1712870076899825
354,122,-5385.5,49.631147540983605,50.23770491803279,74,39,1,0.17043057265153258
355,130,-4856.0,40.707692307692305,41.323076923076925,80,43,1,0.16957841978827493
356,136,-4999.0,41.88235294117647,42.52205882352941,87,44,1,0.16873052768933355
357,126,-5389.5,47.817460317460316,48.317460317460316,63,37,1,0.1678868750508869
358,117,-5226.0,50.97435897435897,51.34188034188034,43,32,1,0.16704744067563246
359,171,-6579.5,45.08187134502924,45.771929824561404,118,48,1,0.1662122034722543
360,154,-7015.0,52.18181818181818,52.935064935064936,116,38,1,0.16538114245489302
361,183,-7498.5,45.81967213114754,46.51912568306011,128,53,1,0.16455423674261854
362,209,-9131.5,49.5933014354067,50.25358851674641,138,62,1,0.16373146555890544
363,205,-10553.0,58.009756097560974,58.82439024390244,167,55,1,0.16291280823111093
364,207,-9137.5,50.94202898550725,51.63768115942029,144,67,1,0.16209824418995536
365,187,-7359.5,44.3903743315508,45.06417112299465,126,59,1,0.16128775296900558
366,127,-5352.5,47.20472440944882,47.803149606299215,76,43,1,0.16048131420416054
367,174,-7548.5,49.38505747126437,50.12643678160919,129,53,1,0.15967890763313974
368,148,-5972.5,44.6554054054054,45.32432432432432,99,46,1,0.15888051309497406
369,116,-3747.0,34.275862068965516,34.89655172413793,72,38,1,0.1580861105294992
370,187,-7678.5,44.893048128342244,45.50802139037433,115,57,1,0.1572956799768517
371,172,-8978.5,60.77325581395349,61.38953488372093,106,51,1,0.15650920157696743
372,136,-5322.5,44.02205882352941,44.55882352941177,73,47,1,0.1557266555690826
373,158,-6541.5,46.20886075949367,46.822784810126585,97,48,1,0.1549480222912372
374,141,-5013.0,39.659574468085104,40.41843971631206,107,40,1,0.15417328217978102
375,117,-4301.0,40.29059829059829,40.92307692307692,74,36,1,0.1534024157688821
376,203,-7826.5,44.45812807881774,45.275862068965516,166,54,1,0.1526354036900377
377,108,-3754.5,35.5462962962963,36.02777777777778,52,38,1,0.1518722266715875
378,153,-6083.5,45.91503267973856,46.69281045751634,119,43,1,0.15111286553822956
379,122,-4813.0,41.540983606557376,42.16393442622951,76,39,1,0.15035730121053842
380,127,-5254.5,43.89763779527559,44.56692913385827,85,38,1,0.14960551470448571
381,138,-6797.5,54.06521739130435,54.731884057971016,92,42,1,0.14885748713096328
382,151,-6947.0,50.966887417218544,51.688741721854306,109,42,1,0.14811319969530845
383,143,-5155.5,41.19580419580419,41.95804195804196,109,40,1,0.1473726336968319
384,158,-6152.0,41.74683544303797,42.537974683544306,125,43,1,0.14663577052834775
385,228,-9170.5,46.39035087719298,47.1578947368421,175,64,1,0.14590259167570602
386,162,-7184.5,47.5,48.19753086419753,113,50,1,0.1451730787173275
387,166,-8751.5,54.66867469879518,55.39156626506024,120,52,1,0.14444721332374086
388,139,-6568.5,54.9568345323741,55.618705035971225,92,43,1,0.14372497725712216
389,117,-4511.5,40.2991452991453,40.93162393162393,74,36,1,0.14300635237083656
390,138,-6323.5,51.166666666666664,51.82608695652174,91,43,1,0.14229132060898236
391,174,-8200.5,52.99425287356322,53.741379310344826,130,50,1,0.14157986400593744
392,132,-5229.0,41.984848484848484,42.628787878787875,85,40,1,0.14087196468590776
393,163,-6932.0,47.877300613496935,48.56441717791411,112,50,1,0.14016760486247823
394,202,-9332.0,50.06930693069307,50.78712871287129,145,56,1,0.13946676683816583
395,189,-9262.0,55.164021164021165,55.75132275132275,111,62,1,0.138769433003975
396,133,-5524.0,47.86466165413534,48.526315789473685,88,40,1,0.13807558583895513
397,151,-5880.5,43.4635761589404,44.21854304635762,114,43,1,0.13738520790976036
398,219,-9005.5,47.29223744292238,47.89497716894977,132,62,1,0.13669828187021155
399,172,-7214.0,45.51162790697674,46.27906976744186,132,45,1,0.13601479046086049
400,165,-6977.5,46.07878787878788,46.82424242424243,123,50,1,0.1353347165085562
401,196,-8504.0,45.87755102040816,46.60204081632653,142,56,1,0.1346580429260134
402,111,-4122.5,40.927927927927925,41.36036036036036,48,41,1,0.13398475271138335
403,146,-5221.0,38.19178082191781,38.93835616438356,109,45,1,0.13331482894782642
404,130,-5752.5,46.715384615384615,47.42307692307692,92,37,1,0.13264825480308728
405,343,-18202.5,59.559766763848394,60.48979591836735,319,87,1,0.13198501352907185
406,223,-10288.0,52.699551569506724,53.52914798206278,185,57,1,0.1313250884614265
407,246,-13182.0,63.10569105691057,63.95528455284553,209,64,1,0.13066846301911936
408,129,-6449.5,57.04651162790697,57.53488372093023,63,36,1,0.13001512070402377
409,145,-5262.0,40.59310344827586,41.37931034482759,114,40,1,0.12936504510050365
410,197,-8046.5,47.17258883248731,47.93908629441624,151,59,1,0.12871821987500112
411,117,-4851.5,43.61538461538461,44.1965811965812,68,40,1,0.12807462877562611
412,149,-6163.5,45.68456375838926,46.23489932885906,82,49,1,0.12743425563174798
413,186,-7773.5,45.32795698924731,46.08064516129032,140,55,1,0.12679708435358925
414,230,-9531.0,46.3304347826087,47.21739130434783,204,61,1,0.1261630989318213
415,179,-7214.0,46.45810055865922,47.18994413407821,131,55,1,0.1255322834371622
416,109,-3935.0,38.330275229357795,38.89908256880734,62,33,1,0.12490462201997637
417,195,-8999.5,51.61538461538461,52.21025641025641,116,57,1,0.1242800989098765
418,358,-16990.5,54.70670391061452,55.589385474860336,316,93,1,0.12365869841532712
419,248,-10553.0,47.50806451612903,48.306451612903224,198,69,1,0.12304040492325048
420,149,-6301.0,47.24832214765101,48.09395973154363,126,37,1,0.12242520289863423
421,124,-5710.0,52.354838709677416,53.08870967741935,91,37,1,0.12181307688414106
422,224,-9368.0,47.67857142857143,48.34375,149,65,1,0.12120401149972035
423,155,-7681.0,57.41935483870968,57.95483870967742,83,55,1,0.12059799144222175
424,166,-6525.0,45.19277108433735,46.08433734939759,148,46,1,0.11999500148501063
425,197,-9205.5,54.83756345177665,55.47208121827411,125,62,1,0.11939502647758558
426,161,-6389.5,43.099378881987576,43.59627329192546,80,51,1,0.11879805134519765
427,149,-6097.5,46.47651006711409,47.080536912751676,90,41,1,0.11820406108847166
428,228,-9132.0,44.3421052631579,45.15350877192982,185,65,1,0.1176130407830293
429,138,-5103.0,40.507246376811594,41.14492753623188,88,43,1,0.11702497557911415
430,369,-19276.0,60.68292682926829,61.62872628726287,349,93,1,0.11643985070121858
431,159,-7194.0,48.9685534591195,49.685534591194966,114,42,1,0.11585765144771248
432,210,-9948.5,53.128571428571426,53.923809523809524,167,59,1,0.11527836319047392
433,195,-8913.5,53.55384615384615,54.40512820512821,166,53,1,0.11470197137452155
434,137,-7062.0,56.81751824817518,57.44525547445255,86,38,1,0.11412846151764894
435,128,-5533.0,47.765625,48.4140625,83,41,1,0.1135578192100607
436,124,-5810.0,53.29032258064516,53.83064516129032,67,39,1,0.11299003011401039
437,151,-6474.5,46.735099337748345,47.370860927152314,96,48,1,0.11242507996344034
438,172,-8177.0,53.98837209302326,54.66279069767442,116,57,1,0.11186295456362313
439,98,-3901.5,41.94897959183673,42.62244897959184,66,31,1,0.11130363979080501
440,130,-5981.0,54.215384615384615,54.88461538461539,87,39,1,0.11074712159185099
441,189,-7762.5,46.25925925925926,47.15873015873016,170,51,1,0.11019338598389174
442,114,-5886.5,56.55263157894737,57.06140350877193,58,39,1,0.10964241905397228
443,297,-14423.5,57.215488215488215,58.17171717171717,284,76,1,0.10909420695870241
444,142,-5419.5,43.16197183098591,43.83098591549296,95,39,1,0.1085487359239089
445,162,-6904.0,48.39506172839506,49.123456790123456,118,50,1,0.10800599224428936
446,172,-7191.0,48.174418604651166,48.86046511627907,118,55,1,0.10746596228306791
447,232,-10092.5,50.17672413793103,51.008620689655174,193,66,1,0.10692863247165257
448,241,-8251.5,39.0,39.767634854771785,185,68,1,0.1063939893092943
449,139,-6594.0,50.60431654676259,51.2589928057554,91,45,1,0.10586201936274783
450,147,-5763.0,44.2312925170068,45.074829931972786,124,40,1,0.10533270926593409
451,164,-7421.5,52.96951219512195,53.6890243902439,118,44,1,0.10480604571960442
452,227,-9395.5,46.20704845814978,47.06607929515418,195,61,1,0.1042820154910064
453,207,-9558.0,54.03864734299517,54.95652173913044,190,55,1,0.10376060541355137
454,125,-5873.0,51.04,51.832,99,36,1,0.1032418023864836
455,228,-11067.0,52.68421052631579,53.46052631578947,177,62,1,0.10272559337455119
456,125,-4905.5,39.656,40.272,77,43,1,0.10221196540767843
457,166,-7257.0,44.86746987951807,45.48192771084337,102,56,1,0.10170090558064004
458,143,-5680.0,43.23076923076923,44.02097902097902,113,43,1,0.10119240105273684
459,161,-6385.0,42.8944099378882,43.66459627329193,124,42,1,0.10068643904747315
460,249,-9418.5,43.433734939759034,44.373493975903614,234,64,1,0.10018300685223579
461,231,-11317.0,53.96536796536797,54.82683982683983,199,65,1,0.0996820918179746
462,178,-9049.5,59.92696629213483,60.87640449438202,169,44,1,0.09918368135888474
463,116,-4430.0,43.810344827586206,44.30172413793103,57,39,1,0.09868776295209031
464,349,-15399.5,50.48424068767908,51.421203438395416,327,89,1,0.09819432413732986
465,159,-7107.0,52.138364779874216,52.65408805031446,82,56,1,0.09770335251664321
466,192,-7791.5,45.598958333333336,46.359375,146,55,1,0.09721483575406
467,371,-19204.0,60.95956873315364,61.867924528301884,337,97,1,0.09672876157528969
468,151,-7224.5,55.913907284768214,56.41059602649007,75,54,1,0.09624511776741324
469,110,-4796.0,47.74545454545454,48.32727272727273,64,36,1,0.09576389217857617
470,124,-5499.0,50.274193548387096,50.87096774193548,74,41,1,0.09528507271768329
471,133,-5695.5,48.24812030075188,49.067669172932334,109,35,1,0.09480864735409487
472,163,-6390.0,43.938650306748464,44.76687116564417,135,45,1,0.0943346041173244
473,235,-12250.5,56.48936170212766,57.272340425531915,184,65,1,0.09386293109673778
474,134,-4600.5,39.03731343283582,39.708955223880594,90,41,1,0.09339361644125409
475,165,-5758.0,39.36969696969697,40.14545454545455,128,44,1,0.09292664835904782
476,270,-11182.5,46.75925925925926,47.65925925925926,243,68,1,0.09246201511725258
477,329,-16022.0,55.367781155015194,56.361702127659576,327,76,1,0.09199970504166631
478,231,-8734.0,41.896103896103895,42.8008658008658,209,58,1,0.09153970651645797
479,239,-8800.0,41.55648535564853,42.48117154811715,221,57,1,0.09108200798387568
480,158,-7249.0,52.037974683544306,52.822784810126585,124,40,1,0.0906265979439563
481,288,-11958.5,48.12847222222222,49.0625,269,71,1,0.09017346495423652
482,151,-5272.0,37.841059602649004,38.37748344370861,81,44,1,0.08972259762946533
483,203,-8421.5,46.20197044334975,46.97536945812808,157,56,1,0.089273984641318
484,188,-7779.0,44.9468085106383,45.86702127659574,173,46,1,0.0888276147181114
485,183,-8833.0,52.73224043715847,53.404371584699454,123,54,1,0.08838347664452084
486,242,-10974.5,52.46694214876033,53.27685950413223,196,61,1,0.08794155926129824
487,164,-6687.5,44.73780487804878,45.59756097560975,141,41,1,0.08750185146499175
488,229,-10367.0,50.93449781659389,51.777292576419214,193,60,1,0.08706434220766679
489,201,-7697.5,41.78606965174129,42.61194029850746,166,50,1,0.08662902049662846
490,130,-4837.5,39.761538461538464,40.56153846153846,104,36,1,0.08619587539414532
491,147,-5970.0,42.82993197278912,43.55102040816327,106,41,1,0.08576489601717459
492,157,-7187.5,51.394904458598724,52.15923566878981,120,46,1,0.08533607153708872
493,184,-8132.5,49.45108695652174,50.09782608695652,119,57,1,0.08490939117940327
494,128,-6023.5,51.1171875,51.6796875,72,42,1,0.08448484422350626
495,166,-7552.0,50.7710843373494,51.59036144578313,136,45,1,0.08406242000238873
496,169,-6364.0,40.875739644970416,41.68639053254438,137,45,1,0.08364210790237678
497,158,-6710.0,46.74683544303797,47.31012658227848,89,54,1,0.0832238973628649
498,125,-5161.5,47.368,48.144,97,36,1,0.08280777787605056
499,191,-6944.0,41.4869109947644,42.287958115183244,153,52,1,0.08239373898667031
500,197,-7645.0,44.03045685279188,44.7258883248731,137,63,1,0.08198177029173696
501,348,-13550.0,44.87931034482759,45.83620689655172,333,83,1,0.08157186144027828
502,155,-7013.0,49.225806451612904,49.87096774193548,100,50,1,0.0811640021330769
503,160,-5930.0,40.5125,41.2625,120,47,1,0.08075818212241151
504,178,-7290.5,44.57865168539326,45.331460674157306,134,53,1,0.08035439121179945
505,195,-7967.0,47.261538461538464,48.07179487179487,158,56,1,0.07995261925574046
506,148,-5208.5,39.182432432432435,39.945945945945944,113,40,1,0.07955285615946175
507,120,-4474.0,37.43333333333333,37.858333333333334,51,39,1,0.07915509187866444
508,108,-4610.5,48.28703703703704,48.916666666666664,68,31,1,0.07875931641927113
509,251,-10427.5,46.689243027888445,47.657370517928285,243,61,1,0.07836551983717477
510,137,-5288.5,40.7956204379562,41.583941605839414,108,38,1,0.07797369223798889
511,374,-15433.0,47.02139037433155,47.99197860962567,363,91,1,0.07758382377679894
512,156,-6493.5,44.92948717948718,45.544871794871796,96,50,1,0.07719590465791494
513,301,-13749.5,50.77408637873754,51.60132890365448,249,81,1,0.07680992513462537
514,168,-6722.0,43.476190476190474,44.267857142857146,133,48,1,0.07642587550895225
515,110,-4272.5,42.46363636363636,42.90909090909091,49,39,1,0.07604374613140748
516,183,-8990.0,58.53551912568306,59.26775956284153,134,58,1,0.07566352740075044
517,190,-8493.0,51.76842105263158,52.5,139,56,1,0.07528520976374668
518,134,-5506.5,48.32089552238806,48.992537313432834,90,43,1,0.07490878371492794
519,128,-4628.0,41.25,41.828125,74,42,1,0.0745342397963533
520,95,-4045.0,42.694736842105264,43.357894736842105,63,31,1,0.07416156859737154
521,261,-9756.0,42.53639846743295,43.36015325670498,215,73,1,0.07379076075438468
522,197,-8384.0,46.7005076142132,47.46700507614213,151,56,1,0.07342180695061275
523,105,-3504.0,34.819047619047616,35.46666666666667,68,29,1,0.07305469791585968
524,314,-12733.0,47.75796178343949,48.68789808917197,292,82,1,0.07268942442628039
525,184,-7808.0,48.108695652173914,48.79347826086956,126,59,1,0.07232597730414898
526,152,-5926.0,47.0,47.5921052631579,90,51,1,0.07196434741762824
527,147,-6671.5,49.993197278911566,50.6530612244898,97,40,1,0.0716045256805401
528,302,-14925.0,56.311258278145694,57.22185430463576,275,80,1,0.0712465030521374
529,188,-9240.0,53.61702127659574,54.22872340425532,115,61,1,0.0708902705368767
530,148,-6127.5,45.07432432432432,45.91216216216216,124,41,1,0.07053581918419231
531,156,-6272.0,44.794871794871796,45.62820512820513,130,43,1,0.07018314008827135
532,365,-15220.5,48.134246575342466,49.010958904109586,320,98,1,0.06983222438783
533,148,-7049.5,55.695945945945944,56.148648648648646,67,54,1,0.06948306326589085
534,174,-7103.5,44.4080459770115,45.229885057471265,143,47,1,0.0691356479495614
535,118,-4894.5,43.70338983050848,44.26271186440678,66,37,1,0.06878996970981359
536,261,-11859.0,50.79693486590038,51.61302681992337,213,68,1,0.06844601986126451
537,153,-5475.5,37.091503267973856,37.68627450980392,91,46,1,0.06810378976195819
538,207,-9503.5,53.44444444444444,54.468599033816425,212,46,1,0.0677632708131484
539,266,-11884.5,50.1015037593985,50.921052631578945,218,69,1,0.06742445445908266
540,290,-12244.0,49.641379310344824,50.610344827586204,281,72,1,0.06708733218678724
541,147,-6113.5,46.183673469387756,46.98639455782313,118,41,1,0.0667518955258533
542,198,-7558.0,40.484848484848484,41.2020202020202,142,59,1,0.06641813604822402
543,168,-6942.0,45.666666666666664,46.625,161,41,1,0.0660860453679829
544,163,-6242.5,39.84662576687116,40.60122699386503,123,48,1,0.06575561514114299
545,158,-6963.5,47.39873417721519,48.01898734177215,98,49,1,0.06542683706543727
546,163,-6391.5,42.57055214723926,43.11656441717791,89,57,1,0.06509970288011008
547,311,-16857.0,61.864951768488744,62.848874598070736,306,76,1,0.06477420436570952
548,230,-9538.0,44.30434782608695,45.130434782608695,190,66,1,0.06445033334388098
549,178,-6628.0,41.146067415730336,41.98876404494382,150,49,1,0.06412808167716157
550,159,-5432.0,37.0188679245283,37.78616352201258,122,45,1,0.06380744126877576
551,209,-7643.0,39.88516746411483,40.57416267942584,144,63,1,0.06348840406243188
552,88,-3576.5,42.89772727272727,43.42045454545455,46,29,1,0.06317096204211972
553,199,-8039.5,44.005025125628144,44.95477386934673,189,51,1,0.06285510723190912
554,197,-9664.5,53.598984771573605,54.46192893401015,170,52,1,0.06254083169574957
555,170,-7010.0,44.22352941176471,44.99411764705882,131,47,1,0.062228127537270826
556,284,-11124.5,43.86267605633803,44.86971830985915,286,68,1,0.06191698689958447
557,141,-5796.0,45.304964539007095,46.00709219858156,99,44,1,0.061607401965086545
558,158,-6120.5,43.575949367088604,44.335443037974684,120,47,1,0.06129936495526111
559,186,-8776.0,51.774193548387096,52.526881720430104,140,55,1,0.0609928681304848
560,395,-14839.5,42.82784810126582,43.85569620253165,406,86,1,0.060687903789832374
561,331,-13987.5,46.89728096676737,47.848942598187314,315,83,1,0.06038446427088321
562,146,-6361.0,44.58904109589041,45.25342465753425,97,38,1,0.06008254194952879
563,241,-12096.0,54.912863070539416,55.66390041493776,181,68,1,0.05978212923978115
564,145,-5839.5,44.47586206896552,45.275862068965516,116,36,1,0.05948321859358224
565,135,-5988.5,45.162962962962965,45.644444444444446,65,47,1,0.05918580250061433
566,142,-5390.5,41.2887323943662,41.901408450704224,87,46,1,0.058889873488111255
567,137,-6981.0,55.737226277372265,56.372262773722625,87,45,1,0.058595424120670696
568,185,-7249.0,41.74054054054054,42.556756756756755,151,51,1,0.05830244700006734
569,211,-7696.5,39.06635071090047,39.90521327014218,177,47,1,0.058010934765067
570,150,-6009.0,42.013333333333335,42.84,124,41,1,0.05772088009124167
571,344,-13807.0,45.924418604651166,46.895348837209305,334,84,1,0.05743227569078546
572,344,-15306.5,50.6656976744186,51.7906976744186,387,73,1,0.05714511431233153
573,204,-7940.5,43.44607843137255,44.205882352941174,155,61,1,0.05685938874076987
574,378,-16045.0,48.89417989417989,49.957671957671955,402,85,1,0.056575091797066025
575,190,-7435.0,42.43157894736842,43.34736842105263,174,47,1,0.056292216338080694
576,224,-8929.5,44.808035714285715,45.67857142857143,195,60,1,0.05601075525639029
577,401,-17780.5,51.47381546134663,52.5211970074813,420,91,1,0.05573070148010834
578,177,-6720.5,41.72316384180791,42.6045197740113,156,46,1,0.0554520479727078
579,137,-5631.5,44.34306569343066,45.08759124087591,102,40,1,0.05517478773284426
580,184,-7663.0,46.0,46.891304347826086,164,50,1,0.05489891379418004
581,203,-10044.0,54.55172413793103,55.50738916256157,194,50,1,0.05462441922520914
582,166,-6874.5,45.21084337349398,46.12048192771084,151,39,1,0.0543512971290831
583,206,-8301.5,43.94660194174757,44.78155339805825,172,52,1,0.05407954064343768
584,294,-11325.5,43.2891156462585,44.29251700680272,295,66,1,0.05380914294022049
585,188,-8110.0,46.861702127659576,47.638297872340424,146,48,1,0.05354009722551939
586,408,-16469.0,43.88725490196079,44.870098039215684,401,97,1,0.05327239673939179
587,253,-10620.5,46.47826086956522,47.32806324110672,215,68,1,0.053006034755694834
588,314,-12412.5,44.03503184713376,44.98726114649681,299,71,1,0.052741004581916356
589,308,-11146.5,41.6525974025974,42.66233766233766,311,63,1,0.052477299559006776
590,228,-9261.0,45.12280701754386,46.00438596491228,201,58,1,0.052214913061211746
591,239,-10924.0,49.45606694560669,50.32635983263598,208,61,1,0.05195383849590569
592,179,-6968.5,41.737430167597765,42.497206703910614,136,54,1,0.05169406930342616
593,198,-8178.5,44.86363636363637,45.68181818181818,162,56,1,0.05143559895690903
594,331,-17418.0,57.66767371601208,58.570996978851966,299,85,1,0.051178420962124486
595,173,-7822.5,48.69942196531792,49.61849710982659,159,44,1,0.05092252885731386
596,221,-9608.0,46.80542986425339,47.48868778280543,151,69,1,0.05066791621302729
597,120,-5079.5,43.891666666666666,44.625,88,36,1,0.05041457663196215
598,203,-7256.5,39.26600985221675,40.01477832512315,152,60,1,0.050162503748802344
599,402,-16624.0,48.09452736318408,49.10696517412935,407,97,1,0.049911691230058335
600,148,-6481.0,47.9054054054054,48.7972972972973,132,34,1,0.04966213277390804
601,368,-14820.5,45.932065217391305,46.81521739130435,325,94,1,0.0494138221100385
602,138,-6449.5,49.35507246376812,49.81884057971015,64,48,1,0.04916675299948831
603,244,-10314.0,48.18032786885246,49.16803278688525,241,59,1,0.04892091923449087
604,188,-7581.5,43.526595744680854,44.17553191489362,122,58,1,0.04867631463831842
605,346,-15429.0,50.95375722543353,51.97687861271676,354,81,1,0.048432933065126825
606,285,-14426.5,58.5859649122807,59.642105263157895,301,65,1,0.048190768399801194
607,317,-14289.5,52.17981072555205,53.217665615141954,329,73,1,0.04794981455780219
608,205,-10029.5,54.863414634146345,55.72195121951219,176,53,1,0.04771006548501318
609,161,-5897.0,38.32298136645963,38.87577639751553,89,50,1,0.047471515157588115
610,314,-10904.0,39.05732484076433,39.94904458598726,280,81,1,0.047234157581800176
611,388,-17309.0,48.45876288659794,49.41752577319588,372,94,1,0.046997986793891174
612,167,-5549.0,35.76047904191617,36.532934131736525,129,50,1,0.04676299685992172
613,113,-3807.5,36.663716814159294,37.36283185840708,79,36,1,0.04652918187562211
614,133,-5721.0,46.70676691729323,47.36842105263158,88,44,1,0.046296535966244
615,151,-5937.0,43.28476821192053,44.01324503311258,110,48,1,0.046065053286412784
616,258,-10477.0,44.89922480620155,45.89922480620155,258,62,1,0.04583472801998072
617,116,-4554.5,41.83620689655172,42.55172413793103,83,35,1,0.045605554379880814
618,122,-4486.5,39.07377049180328,39.631147540983605,68,39,1,0.04537752660798141
619,289,-12708.5,48.75086505190311,49.78200692041523,298,68,1,0.0451506389749415
620,262,-12209.5,53.11068702290076,54.18320610687023,281,57,1,0.044924885780066794
621,202,-9110.0,48.95049504950495,49.76237623762376,164,58,1,0.04470026135116646
622,285,-10417.0,40.36491228070175,41.217543859649126,243,79,1,0.04447676004441063
623,217,-8118.5,40.16129032258065,41.02764976958525,188,57,1,0.04425437624418858
624,160,-6326.5,42.80625,43.65,135,42,1,0.04403310436296763
625,240,-10793.0,51.49166666666667,52.59166666666667,264,47,1,0.043812938841152796
626,104,-3923.0,37.13461538461539,37.70192307692308,59,33,1,0.04359387414694703
627,500,-18833.5,44.126,45.226,550,111,0,0.043375904776212296
628,416,-20168.5,53.11778846153846,54.15865384615385,433,93,1,0.043159025252331236
629,174,-6370.5,38.867816091954026,39.689655172413794,143,49,1,0.04294323012606958
630,127,-5711.0,47.732283464566926,48.43307086614173,89,38,1,0.04272851397543923
631,234,-11458.0,53.61538461538461,54.53846153846154,216,57,1,0.04251487140556204
632,337,-13144.5,44.3353115727003,45.30860534124629,328,78,1,0.04230229704853423
633,121,-4823.0,42.29752066115702,42.85950413223141,68,39,1,0.04209078556329156
634,193,-7398.5,42.45077720207254,43.19170984455958,143,54,1,0.0418803316354751
635,148,-6540.5,47.62837837837838,48.263513513513516,94,46,1,0.041670929977297724
636,151,-5567.5,41.62251655629139,42.36423841059602,112,42,1,0.04146257532741124
637,128,-4471.5,36.6328125,37.1796875,70,42,1,0.04125526245077418
638,203,-8641.5,46.793103448275865,47.576354679802954,159,59,1,0.04104898613852031
639,182,-8292.0,50.24175824175824,51.03846153846154,145,49,1,0.04084374120782771
640,113,-4378.5,41.530973451327434,42.176991150442475,73,36,1,0.04063952250178857
641,208,-10308.0,54.54807692307692,55.41826923076923,181,56,1,0.04043632488927963
642,173,-7369.0,47.213872832369944,47.83815028901734,108,56,1,0.04023414326483323
643,158,-5745.0,39.12658227848101,39.822784810126585,110,41,1,0.040032972548509065
644,176,-6626.5,40.85795454545455,41.57386363636363,126,47,1,0.03983280768576652
645,155,-6203.5,44.43225806451613,45.13548387096774,109,45,1,0.03963364364733769
646,198,-8519.5,46.34848484848485,47.156565656565654,160,49,1,0.039435475429100995
647,156,-5693.0,38.23076923076923,38.82692307692308,93,43,1,0.03923829805195549
648,139,-5142.0,37.597122302158276,38.33812949640288,103,33,1,0.03904210656169572
649,148,-5340.5,37.46621621621622,38.25,116,32,1,0.03884689602888724
650,142,-5614.5,43.16197183098591,43.943661971830984,111,37,1,0.0386526615487428
651,196,-8545.5,48.34183673469388,49.11224489795919,151,57,1,0.03845939824099909
652,172,-6472.5,39.9593023255814,40.854651162790695,154,38,1,0.03826710124979409
653,262,-9963.5,42.461832061068705,43.30152671755725,220,69,1,0.038075765743545126
654,177,-6759.5,42.83050847457627,43.63841807909605,143,46,1,0.0378853869148274
655,179,-7103.5,43.59217877094972,44.262569832402235,120,55,1,0.03769595998025326
656,239,-8466.0,38.06694560669456,38.85355648535565,188,64,1,0.03750748018035199
657,140,-6201.5,46.93571428571428,47.55714285714286,87,46,1,0.037319942779450235
658,139,-5822.5,43.53237410071942,44.16546762589928,88,38,1,0.037133343065552986
659,226,-9199.0,45.85840707964602,46.64601769911504,178,63,1,0.03694767635022522
660,177,-6092.5,38.333333333333336,39.12994350282486,141,48,1,0.036762937968474095
661,157,-6040.0,42.394904458598724,43.152866242038215,119,43,1,0.03657912327863173
662,144,-5810.5,42.645833333333336,43.263888888888886,89,38,1,0.036396227662238566
663,152,-5339.5,36.51973684210526,37.28947368421053,117,37,1,0.03621424652392737
664,171,-6408.0,39.567251461988306,40.25730994152047,118,43,1,0.036033175291307735
665,154,-7260.0,50.61038961038961,51.27272727272727,102,46,1,0.03585300941485119
666,290,-14933.5,58.5551724137931,59.324137931034485,223,85,1,0.035673744367776934
667,196,-8444.5,48.19897959183673,49.005102040816325,158,55,1,0.03549537564593805
668,145,-5608.5,42.93103448275862,43.648275862068964,104,42,1,0.035317898767708356
669,154,-7678.0,58.883116883116884,59.383116883116884,77,55,1,0.03514130927386981
670,253,-12090.5,53.77470355731225,54.52569169960474,190,69,1,0.03496560272750046
671,168,-6296.5,40.279761904761905,40.982142857142854,118,49,1,0.03479077471386296
672,207,-8045.0,42.309178743961354,43.14975845410628,174,55,1,0.03461682084029365
673,149,-5371.0,40.06711409395973,40.70469798657718,95,45,1,0.034443736736092176
674,144,-5514.5,42.104166666666664,42.541666666666664,63,51,1,0.034271518052411715
675,175,-7519.0,46.12571428571429,46.97142857142857,148,41,1,0.034100160462149656
676,386,-14658.5,43.22020725388601,44.1839378238342,372,91,1,0.03392965965983891
677,174,-6146.0,39.735632183908045,40.52298850574713,137,48,1,0.033760011361539714
678,267,-9754.0,41.52808988764045,42.42696629213483,240,73,1,0.03359121130473201
679,234,-9508.5,43.10683760683761,43.93589743589744,194,63,1,0.033423255248208356
680,247,-10119.0,45.991902834008094,46.931174089068826,232,57,1,0.03325613897196732
681,395,-16592.5,47.2126582278481,48.258227848101264,413,92,1,0.03308985827710748
682,272,-10884.5,46.1875,47.13970588235294,259,70,1,0.032924408985721944
683,165,-6941.5,48.24848484848485,48.8,91,53,1,0.03275978694079333
684,417,-18188.5,47.9400479616307,48.875299760191844,390,104,1,0.032595988006089364
685,433,-17819.5,45.96073903002309,47.02309468822171,460,96,1,0.032433008066058915
686,118,-4683.5,39.82203389830509,40.54237288135593,85,34,1,0.03227084302572862
687,456,-17694.0,42.81578947368421,43.81578947368421,456,102,1,0.032109488810599975
688,172,-7183.0,45.7906976744186,46.66860465116279,151,46,1,0.031948941366546975
689,269,-12565.5,51.0,52.04460966542751,281,61,1,0.03178919665971424
690,228,-9664.0,49.54385964912281,50.39473684210526,194,60,1,0.03163025067641567
691,145,-5437.5,40.26896551724138,41.144827586206894,127,38,1,0.03147209942303359
692,343,-13581.5,44.10787172011662,45.08746355685131,336,82,1,0.03131473892591842
693,303,-11196.0,41.412541254125415,42.366336633663366,289,73,1,0.031158165231288826
694,400,-17213.5,49.1125,50.1675,422,93,1,0.03100237440513238
695,361,-14278.5,44.51246537396122,45.49030470914128,353,84,1,0.030847362533106718
696,287,-12057.5,46.11498257839721,46.961672473867594,243,74,1,0.030693125720441184
697,272,-11107.0,43.8014705882353,44.72794117647059,252,68,1,0.030539660091838977
698,191,-7899.0,45.832460732984295,46.638743455497384,154,53,1,0.03038696179137978
699,186,-6918.5,40.263440860215056,41.145161290322584,164,48,1,0.030235026982422884
700,363,-13737.5,43.25895316804408,44.27823691460055,370,83,1,0.030083851847510768
701,423,-16057.0,42.66193853427896,43.68321513002364,432,93,1,0.029933432588273214
702,162,-6853.5,45.46296296296296,46.26543209876543,130,49,1,0.029783765425331846
703,500,-20013.5,46.038,47.078,520,113,0,0.029634846598205186
704,205,-8270.5,42.81463414634146,43.639024390243904,169,51,1,0.02948667236521416
705,271,-11656.0,49.32841328413284,50.343173431734314,275,65,1,0.029339239003388088
706,162,-6342.0,41.76543209876543,42.5679012345679,130,43,1,0.029192542808371146
707,153,-5988.0,40.07843137254902,40.888888888888886,124,40,1,0.02904658009432929
708,221,-8080.5,41.09049773755656,42.02714932126697,207,53,1,0.028901347193857643
709,86,-2556.0,29.813953488372093,30.197674418604652,33,28,1,0.028756840457888354
710,285,-9295.5,36.824561403508774,37.72982456140351,258,71,1,0.02861305625559891
711,143,-5763.5,43.6993006993007,44.37762237762238,97,43,1,0.028469990974320916
712,161,-5778.0,38.94409937888199,39.732919254658384,127,45,1,0.02832764101944931
713,307,-16336.5,58.62214983713355,59.57328990228013,292,73,1,0.028186002814352063
714,433,-17609.5,47.392609699769054,48.38337182448037,429,103,1,0.0280450728002803
715,132,-5308.0,41.10606060606061,41.60606060606061,66,37,1,0.0279048474362789
716,243,-9647.0,44.15637860082305,45.148148148148145,241,58,1,0.027765323199097504
717,178,-7459.5,46.00561797752809,46.73033707865169,129,55,1,0.027626496583102015
718,321,-11726.5,41.17445482866044,42.137071651090345,309,79,1,0.027488364100186506
719,178,-7071.0,42.640449438202246,43.331460674157306,123,50,1,0.027350922279685573
720,500,-18829.0,44.32,45.402,541,110,0,0.027214167668287145
721,138,-4730.5,35.13768115942029,35.94927536231884,112,36,1,0.02707809682994571
722,500,-22741.0,50.368,51.444,538,103,0,0.02694270634579598
723,195,-7044.5,38.92820512820513,39.702564102564104,151,53,1,0.026807992814067
724,315,-10234.5,37.24761904761905,38.26031746031746,319,68,1,0.026673952849996664
725,485,-18616.0,44.48247422680412,45.62061855670103,552,93,1,0.02654058308574668
726,208,-9396.0,50.94230769230769,51.79326923076923,177,53,1,0.026407880170317945
727,142,-5512.0,37.54929577464789,38.309859154929576,108,38,1,0.026275840769466357
728,262,-10039.5,43.1793893129771,44.099236641221374,241,65,1,0.026144461565619025
729,500,-18528.5,42.714,43.782,534,106,0,0.02601373925779093
730,153,-5578.0,38.705882352941174,39.52287581699346,125,38,1,0.025883670561501974
731,485,-20118.5,46.80618556701031,47.83711340206185,500,110,1,0.025754252208694463
732,197,-7197.5,39.40609137055838,40.3248730964467,181,46,1,0.02562548094765099
733,436,-15472.0,40.51376146788991,41.51376146788991,436,103,1,0.025497353542912736
734,313,-11813.0,43.022364217252395,44.022364217252395,313,77,1,0.02536986677519817
735,362,-16400.0,48.767955801104975,49.79558011049724,372,81,1,0.02524301744132218
736,500,-20099.0,46.448,47.574,563,102,0,0.025116802354115567
737,375,-13114.0,38.352,39.264,342,99,1,0.024991218342344988
738,500,-18106.0,42.688,43.766,539,111,0,0.024866262250633264
739,177,-5592.0,33.76271186440678,34.59322033898305,147,45,1,0.024741930939380097
740,155,-5376.0,36.29677419354839,37.0258064516129,113,49,1,0.024618221284683196
741,281,-10333.5,39.92526690391459,40.9644128113879,292,67,1,0.02449513017825978
742,202,-8995.0,46.67326732673267,47.7029702970297,208,45,1,0.02437265452736848
743,500,-19263.0,42.468,43.554,543,101,0,0.024250791254731636
744,254,-9459.0,39.60629921259842,40.44881889763779,214,67,1,0.024129537298457977
745,394,-15512.5,45.109137055837564,46.14720812182741,409,85,1,0.024008889611965685
746,500,-18106.5,41.702,42.854,576,98,0,0.023888845163905856
747,185,-6191.0,36.616216216216216,37.55135135135135,173,46,1,0.023769400938086327
748,470,-19417.5,45.35531914893617,46.41063829787234,496,105,1,0.023650553933395897
749,500,-15531.5,36.382,37.406,512,115,0,0.023532301163728918
750,435,-14852.0,38.49195402298851,39.59770114942529,481,90,1,0.023414639657910272
751,312,-14331.5,50.16346153846154,51.24679487179487,338,61,1,0.023297566459620722
752,449,-16255.0,40.374164810690424,41.44097995545657,479,93,1,0.023181078627322618
753,467,-19692.5,44.520342612419704,45.53533190578158,474,102,1,0.023065173234186005
754,214,-6976.5,36.28504672897196,37.191588785046726,194,57,1,0.022949847368015076
755,500,-18664.0,43.544,44.638,547,108,0,0.022835098131175
756,247,-9892.0,43.497975708502025,44.441295546558706,233,59,1,0.022720922640519125
757,500,-17928.5,40.706,41.794,544,109,0,0.02260731802731653
758,311,-10869.5,37.842443729903536,38.848874598070736,313,65,1,0.022494281437179946
759,220,-7426.0,37.59090909090909,38.372727272727275,172,63,1,0.022381810029994047
760,409,-15682.5,43.10268948655257,44.132029339853304,421,95,1,0.022269900979844076
761,129,-4897.0,35.689922480620154,36.310077519379846,80,40,1,0.022158551474944856
762,126,-4090.5,35.214285714285715,36.03174603174603,103,34,1,0.022047758717570132
763,500,-13769.0,32.924,34.04,558,103,0,0.021937519923982282
764,500,-13748.5,32.818,33.938,560,102,0,0.021827832324362372
765,404,-17853.5,49.289603960396036,50.31930693069307,416,90,1,0.02171869316274056
766,500,-17764.0,40.024,41.104,540,108,0,0.021610099696926857
767,500,-17074.0,40.008,41.128,560,106,0,0.021502049198442223
768,500,-14064.5,33.318,34.428,555,98,0,0.021394538952450012
769,302,-10175.0,37.83443708609271,38.82781456953642,300,67,1,0.02128756625768776
770,500,-16077.0,37.496,38.616,560,104,0,0.021181128426399323
771,346,-13210.5,41.96820809248555,42.98843930635838,353,78,1,0.021075222784267326
772,500,-17977.5,42.054,43.194,570,105,0,0.020969846670345987
773,306,-10194.0,37.20261437908497,38.16013071895425,293,73,1,0.020864997436994256
774,461,-17860.0,43.093275488069416,44.16052060737527,492,97,1,0.020760672449809284
775,259,-8623.5,37.115830115830114,38.04247104247104,240,63,1,0.020656869087560238
776,500,-19382.0,45.164,46.316,576,102,0,0.020553584742122436
777,272,-9771.0,38.24264705882353,39.23529411764706,270,64,1,0.020450816818411825
778,472,-14601.0,34.597457627118644,35.559322033898304,454,114,1,0.020348562734319765
779,316,-12019.0,41.620253164556964,42.610759493670884,313,73,1,0.020246819920648168
780,157,-6657.5,43.63694267515923,44.48407643312102,133,39,1,0.020145585821044927
781,444,-16497.5,40.903153153153156,41.990990990990994,483,97,1,0.020044857891939702
782,500,-18806.5,42.75,43.844,547,109,0,0.019944633602480003
783,387,-12828.5,36.5297157622739,37.565891472868216,401,86,1,0.019844910434467605
784,500,-17744.0,41.596,42.782,593,97,0,0.019745685882295267
785,500,-17950.5,41.342,42.486,572,101,0,0.01964695745288379
786,335,-11226.5,38.93432835820896,40.03283582089552,368,72,1,0.01954872266561937
787,500,-13976.0,32.416,33.442,513,112,0,0.019450979052291272
788,341,-12189.0,41.02639296187683,42.14956011730205,383,71,1,0.019353724157029815
789,500,-18464.0,42.736,43.9,582,91,0,0.019256955536244666
790,375,-18604.5,54.653333333333336,55.77333333333333,420,80,1,0.019160670758563442
791,141,-6102.5,47.312056737588655,48.141843971631204,117,41,1,0.019064867404770626
792,137,-4857.5,36.386861313868614,37.167883211678834,107,37,1,0.018969543067746772
793,353,-14012.5,43.685552407932015,44.71954674220963,365,80,1,0.018874695352408037
794,192,-7211.5,38.140625,39.0,165,50,1,0.018780321875645996
795,309,-9606.0,35.10679611650485,36.10032362459547,307,73,1,0.018686420266267767
796,409,-13966.0,38.24938875305624,39.24449877750611,407,96,1,0.018592988164936427
797,108,-4046.5,36.101851851851855,36.925925925925924,89,28,1,0.018500023224111744
798,261,-8368.0,34.78927203065134,35.67816091954023,232,61,1,0.018407523107991184
799,292,-10797.5,39.667808219178085,40.62328767123287,279,70,1,0.01831548549245123
800,199,-7297.0,37.58793969849246,38.50753768844221,183,49,1,0.018223908064988973
801,436,-18943.0,49.03211009174312,50.09862385321101,465,95,1,0.018132788524664028
802,500,-17844.0,41.316,42.26,472,121,0,0.018042124582040707
803,500,-18121.5,40.61,41.69,540,106,0,0.017951913959130504
804,500,-21995.0,48.604,49.644,520,102,0,0.01786215438933485
805,121,-4595.5,40.735537190082646,41.553719008264466,99,32,1,0.017772843617388175
806,220,-9113.5,44.486363636363635,45.42727272727273,207,52,1,0.017683979399301233
807,141,-5162.0,38.36879432624114,39.11347517730496,105,38,1,0.017595559502304726
808,117,-4499.0,42.136752136752136,42.84615384615385,83,28,1,0.0175075817047932
809,189,-6915.5,38.5026455026455,39.20634920634921,133,58,1,0.017420043796269234
810,500,-21820.5,49.154,50.244,545,109,0,0.017332943577287888
811,137,-5573.5,43.29197080291971,44.23357664233577,129,29,1,0.01724627885940145
812,270,-10597.0,44.84444444444444,45.82592592592592,265,65,1,0.017160047465104442
813,500,-17686.0,42.66,43.772,556,106,0,0.01707424722777892
814,443,-15258.5,39.66365688487585,40.62979683972912,428,109,1,0.016988875991640028
815,482,-17465.5,40.80705394190871,41.86929460580913,512,99,1,0.016903931611681827
816,168,-6797.5,46.42261904761905,47.154761904761905,123,50,1,0.01681941195362342
817,166,-6030.5,38.07831325301205,38.855421686746986,129,41,1,0.016735314893855303
818,162,-6665.0,47.2962962962963,47.77160493827161,77,51,1,0.016651638319386028
819,239,-10605.0,50.09205020920502,51.0418410041841,227,58,1,0.0165683801277891
820,298,-13525.0,50.79865771812081,51.60738255033557,241,81,1,0.016485538227150154
821,239,-10186.5,50.07949790794979,50.77824267782427,167,66,1,0.0164031105360144
822,252,-9581.0,43.26190476190476,44.17857142857143,231,57,1,0.01632109498333433
823,403,-17918.5,49.81885856079405,50.774193548387096,385,101,1,0.016239489508417658
824,332,-14183.0,49.403614457831324,50.38253012048193,325,73,1,0.01615829206087557
825,273,-10929.5,46.26007326007326,47.18681318681319,253,70,1,0.01607750060057119
826,180,-8132.5,52.93888888888889,53.77777777777778,151,50,1,0.015997113097568336
827,124,-4487.0,37.41935483870968,38.07258064516129,81,38,1,0.015917127532080494
828,155,-6090.5,43.15483870967742,43.81290322580645,102,45,1,0.01583754189442009
829,245,-9879.0,45.98367346938775,46.80408163265306,201,68,1,0.01575835418494799
830,250,-11303.0,56.056,56.596,135,86,1,0.01567956241402325
831,225,-10358.5,50.87555555555556,51.693333333333335,184,63,1,0.015601164601953134
832,117,-3875.0,36.23931623931624,36.914529914529915,79,35,1,0.015523158778943369
833,126,-4473.5,40.75396825396825,41.36507936507937,77,39,1,0.015445542985048652
834,412,-16103.5,46.08495145631068,46.96601941747573,363,104,1,0.015368315270123408
835,198,-8935.0,53.313131313131315,54.13131313131313,162,55,1,0.01529147369377279
836,150,-8163.0,61.82666666666667,62.306666666666665,72,50,1,0.015215016325303928
837,344,-12096.5,39.741279069767444,40.71511627906977,335,78,1,0.015138941243677408
838,217,-6921.0,35.88940092165899,36.65898617511521,167,62,1,0.01506324653745902
839,257,-10505.0,45.37743190661479,46.34630350194553,249,57,1,0.014987930304771725
840,218,-7280.0,36.1651376146789,37.04128440366973,191,53,1,0.014912990653247866
841,500,-15658.5,37.11,38.216,553,96,0,0.014838425699981627
842,399,-15809.5,44.734335839599,45.6390977443609,361,91,1,0.01476423357148172
843,262,-11363.0,46.83969465648855,47.7557251908397,240,62,1,0.014690412403624311
844,157,-6130.5,39.57324840764331,40.197452229299365,98,37,1,0.01461696034160619
845,293,-12124.5,45.791808873720136,46.66211604095563,255,66,1,0.014543875539898159
846,500,-17709.5,40.55,41.652,551,97,0,0.014471156162198668
847,126,-4962.0,38.77777777777778,39.53968253968254,96,33,1,0.014398800381387675
848,232,-10573.5,50.17672413793103,51.025862068965516,197,57,1,0.014326806379480736
849,218,-7860.5,41.977064220183486,42.908256880733944,203,52,1,0.014255172347583332
850,155,-5815.5,41.0258064516129,41.85806451612903,129,42,1,0.014183896485845416
851,160,-6557.5,46.18125,46.875,111,49,1,0.014112977003416188
852,182,-8315.5,47.58791208791209,48.357142857142854,140,50,1,0.014042412118399107
853,172,-7014.0,44.75581395348837,45.52325581395349,132,51,1,0.013972200057807112
854,174,-6103.0,35.701149425287355,36.40229885057471,122,50,1,0.013902339057518077
855,257,-11250.0,48.42801556420233,49.35019455252918,237,62,1,0.013832827362230486
856,187,-7158.0,40.62032085561497,41.401069518716575,146,44,1,0.013763663225419333
857,146,-5553.0,40.136986301369866,40.87671232876713,108,38,1,0.013694844909292236
858,156,-6571.0,43.98717948717949,44.55128205128205,88,51,1,0.013626370684745774
859,451,-15790.5,40.29490022172949,41.286031042128606,447,102,1,0.013558238831322046
860,240,-9368.5,41.729166666666664,42.50416666666667,186,64,1,0.013490447637165436
861,160,-6271.0,38.3125,38.95,102,49,1,0.013422995398979608
862,169,-6619.0,41.585798816568044,42.34319526627219,128,47,1,0.01335588042198471
863,129,-5620.5,49.12403100775194,49.86046511627907,95,33,1,0.013289101019874787
864,194,-7776.0,46.608247422680414,47.396907216494846,153,55,1,0.013222655514775413
865,142,-5859.5,45.147887323943664,46.04225352112676,127,30,1,0.013156542237201536
866,273,-11285.5,46.413919413919416,47.28937728937729,239,60,1,0.013090759526015528
867,269,-12804.0,50.78066914498141,51.64312267657993,232,62,1,0.01302530572838545
868,157,-6138.0,43.23566878980892,44.17834394904459,148,38,1,0.012960179199743523
869,104,-3345.0,32.07692307692308,32.50961538461539,45,28,1,0.012895378303744804
870,105,-4245.0,43.48571428571429,44.10476190476191,65,31,1,0.01283090141222608
871,255,-9757.0,42.65098039215686,43.705882352941174,269,53,1,0.012766746905164949
872,261,-10479.0,44.191570881226056,45.09578544061303,236,54,1,0.012702913170639124
873,314,-11555.5,41.80573248407644,42.74203821656051,294,78,1,0.012639398604785928
874,346,-14367.5,46.96820809248555,47.87861271676301,315,87,1,0.012576201611761997
875,165,-6225.0,41.36969696969697,42.04848484848485,112,50,1,0.012513320603703188
876,142,-6666.5,52.21830985915493,52.7887323943662,81,48,1,0.012450754000684672
877,186,-8657.0,51.44086021505376,52.18817204301075,139,51,1,0.012388500230681249
878,380,-18615.5,55.560526315789474,56.62105263157895,403,80,1,0.012326557729527843
879,145,-4657.0,36.02758620689655,36.758620689655174,106,36,1,0.012264924940880204
880,296,-11023.0,41.851351351351354,42.82432432432432,288,65,1,0.012203600316175803
881,500,-17968.0,41.248,42.332,542,99,0,0.012142582314594924
882,500,-21647.0,48.644,49.718,537,102,0,0.01208186940302195
883,207,-7534.0,39.65217391304348,40.589371980676326,194,48,1,0.01202146005600684
884,268,-11675.5,47.41417910447761,48.46268656716418,281,53,1,0.011961352755726806
885,157,-5843.0,39.46496815286624,40.06369426751592,94,39,1,0.01190154599194817
886,135,-4567.5,34.12592592592593,34.88148148148148,102,35,1,0.01184203826198843
887,203,-8342.5,45.275862068965516,46.22660098522167,193,46,1,0.011782828070678488
888,270,-8952.5,36.98888888888889,37.89259259259259,244,69,1,0.011723913930325095
889,433,-21728.0,55.24249422632794,56.260969976905315,441,80,1,0.01166529436067347
890,301,-12213.0,44.87707641196013,45.89036544850498,305,64,1,0.011606967888870102
891,327,-13963.5,48.657492354740064,49.67278287461774,332,77,1,0.01154893304942575
892,272,-10069.0,42.22794117647059,43.106617647058826,239,58,1,0.011491188384178622
893,230,-9545.5,45.8304347826087,46.84782608695652,234,45,1,0.011433732442257729
894,165,-5994.5,38.7939393939394,39.6,133,43,1,0.01137656378004644
895,135,-5526.5,45.50370370370371,46.407407407407405,122,22,1,0.011319680961146208
896,298,-11997.5,46.533557046979865,47.493288590604024,286,49,1,0.011263082556340478
897,407,-18173.0,49.21867321867322,50.17936117936118,391,73,1,0.011206767143558775
898,210,-8655.0,46.34285714285714,47.161904761904765,172,51,1,0.011150733307840981
899,127,-5157.5,44.1496062992126,44.881889763779526,93,34,1,0.011094979641301777
900,221,-8020.0,42.05429864253394,42.89592760180995,186,44,1,0.011039504743095268
901,229,-9071.0,43.55458515283843,44.43231441048035,201,48,1,0.01098430721937979
902,363,-17076.5,54.41597796143251,55.333333333333336,333,67,1,0.010929385683282892
903,172,-6210.5,39.656976744186046,40.56395348837209,156,46,1,0.010874738754866477
904,265,-8406.5,36.698113207547166,37.67169811320755,258,64,1,0.010820365061092144
905,283,-10324.0,40.61484098939929,41.54770318021201,264,59,1,0.010766263235786683
906,376,-16870.5,52.39627659574468,53.375,368,78,1,0.01071243191960775
907,500,-16464.5,38.29,39.338,524,100,0,0.010658869760009713
908,480,-19698.0,45.62916666666667,46.68541666666667,507,107,1,0.010605575411209664
909,500,-18181.5,42.346,43.514,584,95,0,0.010552547534153616
910,500,-18598.0,43.072,44.21,569,101,0,0.010499784796482848
911,150,-5222.5,38.07333333333333,38.946666666666665,131,40,1,0.010447285872500434
912,231,-8218.0,41.38528138528139,42.294372294372295,210,38,1,0.01039504944313793
913,113,-4625.0,39.203539823008846,39.823008849557525,70,35,1,0.010343074195922241
914,500,-14257.5,33.13,34.17,520,103,0,0.01029135882494263
915,256,-11650.5,49.96484375,51.02734375,272,48,1,0.010239902030817916
916,500,-17811.5,40.234,41.324,545,95,0,0.010188702520663827
917,155,-6199.0,41.41935483870968,42.4,152,37,1,0.010137759008060509
918,475,-21510.5,50.28842105263158,51.328421052631576,494,100,1,0.010087070213020206
919,164,-5949.5,38.8109756097561,39.640243902439025,136,40,1,0.010036634861955105
920,129,-5020.5,40.14728682170543,40.92248062015504,100,35,1,0.01
921,224,-7230.5,35.504464285714285,36.361607142857146,192,58,1,0.01
922,145,-4547.5,32.53103448275862,33.248275862068965,104,38,1,0.01
923,334,-12479.0,39.467065868263475,40.455089820359284,330,73,1,0.01
924,171,-5808.0,36.888888888888886,37.87719298245614,169,34,1,0.01
925,238,-8959.0,39.91596638655462,40.865546218487395,226,57,1,0.01
926,258,-9447.0,39.565891472868216,40.48449612403101,237,65,1,0.01
927,136,-5377.0,39.8235294117647,40.713235294117645,121,32,1,0.01
928,134,-4652.5,36.02238805970149,36.83582089552239,109,34,1,0.01
929,178,-6057.0,35.98876404494382,36.842696629213485,152,37,1,0.01
930,288,-10628.0,39.791666666666664,40.732638888888886,271,68,1,0.01
931,224,-8419.5,38.59375,39.482142857142854,199,57,1,0.01
932,433,-13927.0,35.685912240184756,36.67898383371824,430,98,1,0.01
933,169,-5661.0,34.40236686390533,35.27218934911242,147,44,1,0.01
934,211,-7492.0,37.47867298578199,38.34123222748815,182,52,1,0.01
935,198,-7488.5,37.95454545454545,38.813131313131315,170,50,1,0.01
936,165,-5454.0,36.303030303030305,37.21212121212121,150,39,1,0.01
937,164,-6843.0,44.609756097560975,45.27439024390244,109,44,1,0.01
938,241,-8170.0,36.995850622406635,37.892116182572614,216,63,1,0.01
939,197,-6995.0,38.69035532994924,39.60406091370558,180,40,1,0.01
940,500,-19609.0,43.728,44.914,593,94,0,0.01
941,408,-14860.0,40.94607843137255,41.98039215686274,422,85,1,0.01
942,317,-12472.5,41.6813880126183,42.74447949526814,337,72,1,0.01
943,500,-17624.0,39.896,40.978,541,101,0,0.01
944,304,-9214.0,34.3421052631579,35.37828947368421,315,66,1,0.01
945,170,-6472.5,40.11176470588235,40.92941176470588,139,37,1,0.01
946,257,-10705.0,43.26070038910506,44.27237354085603,260,54,1,0.01
947,170,-5270.0,33.34117647058824,34.11176470588235,131,46,1,0.01
948,178,-6774.5,41.061797752808985,41.97191011235955,162,42,1,0.01
949,201,-7929.0,41.99004975124378,42.592039800995025,121,51,1,0.01
950,204,-7713.0,40.86274509803921,41.72549019607843,176,53,1,0.01
951,216,-8596.0,40.879629629629626,41.76851851851852,192,56,1,0.01
952,152,-6117.5,41.41447368421053,42.19736842105263,119,42,1,0.01
953,182,-7963.0,45.57142857142857,46.31868131868132,136,43,1,0.01
954,393,-15846.5,43.778625954198475,44.79898218829516,401,91,1,0.01
955,219,-9960.0,48.337899543378995,49.20091324200913,189,58,1,0.01
956,237,-9123.0,42.58227848101266,43.54852320675106,229,54,1,0.01
957,156,-6421.5,43.71153846153846,44.66025641025641,148,35,1,0.01
958,260,-11035.5,46.61153846153846,47.40769230769231,207,65,1,0.01
959,126,-4195.0,33.79365079365079,34.46825396825397,85,38,1,0.01
960,209,-8120.0,41.04306220095694,41.880382775119614,175,52,1,0.01
961,280,-9666.5,39.46785714285714,40.410714285714285,264,67,1,0.01
962,329,-13889.0,47.82370820668693,48.787234042553195,317,81,1,0.01
963,238,-10473.5,48.86974789915966,49.936974789915965,254,52,1,0.01
964,269,-14249.0,59.1449814126394,60.07434944237918,250,65,1,0.01
965,199,-8795.0,50.60301507537689,51.35175879396985,149,54,1,0.01
966,352,-13021.5,41.84375,42.73011363636363,312,85,1,0.01
967,220,-9490.0,47.3,48.013636363636365,157,59,1,0.01
968,371,-18101.0,57.77897574123989,58.63611859838275,318,96,1,0.01
969,101,-4813.5,50.227722772277225,50.851485148514854,63,26,1,0.01
970,183,-8451.0,53.02732240437158,53.6448087431694,113,58,1,0.01
971,169,-8120.5,55.23668639053255,55.9585798816568,122,48,1,0.01
972,186,-8040.0,47.806451612903224,48.354838709677416,102,61,1,0.01
973,177,-7056.5,44.05084745762712,44.68361581920904,112,39,1,0.01
974,122,-5185.5,45.40163934426229,45.97540983606557,70,34,1,0.01
975,176,-6454.5,42.47159090909091,43.14772727272727,119,33,1,0.01
976,275,-9781.5,38.06909090909091,39.058181818181815,272,65,1,0.01
977,500,-19052.5,42.938,44.002,532,99,0,0.01
978,236,-9927.0,47.144067796610166,48.02542372881356,208,56,1,0.01
979,320,-13053.5,46.303125,47.340625,332,66,1,0.01
980,498,-17848.5,41.993975903614455,43.07630522088353,539,107,1,0.01
981,403,-14166.5,38.19106699751861,39.235732009925556,421,83,1,0.01
982,270,-10371.5,40.52962962962963,41.56666666666667,280,55,1,0.01
983,352,-13216.5,40.74715909090909,41.72159090909091,343,86,1,0.01
984,500,-19530.0,43.776,44.9,562,101,0,0.01
985,177,-6864.5,41.58757062146893,42.3728813559322,139,43,1,0.01
986,197,-6617.0,36.69035532994924,37.68527918781726,196,33,1,0.01
987,330,-11638.5,39.445454545454545,40.46060606060606,335,74,1,0.01
988,150,-6052.5,40.36666666666667,41.22,128,35,1,0.01
989,270,-11239.0,45.237037037037034,46.27777777777778,281,55,1,0.01
990,198,-7357.5,39.843434343434346,40.666666666666664,163,41,1,0.01
991,93,-3395.5,36.526881720430104,37.096774193548384,53,27,1,0.01
992,241,-9464.0,43.7344398340249,44.59751037344398,208,61,1,0.01
993,164,-5290.5,34.140243902439025,34.96951219512195,136,44,1,0.01
994,500,-18005.0,40.584,41.698,557,105,0,0.01
995,390,-16401.0,44.5025641025641,45.56923076923077,416,85,1,0.01
996,306,-12577.5,45.07516339869281,46.10130718954248,314,68,1,0.01
997,361,-12891.5,38.59002770083102,39.62880886426593,375,76,1,0.01
998,500,-17998.5,41.974,43.102,564,101,0,0.01
999,179,-5497.0,32.98324022346369,33.88826815642458,162,44,1,0.01
1000,500,-15635.0,36.384,37.508,562,103,0,0.01
1001,398,-15379.0,42.89949748743719,43.98994974874372,434,76,1,0.01
1002,353,-12248.0,38.70821529745042,39.73654390934844,363,74,1,0.01
1003,500,-19608.5,43.498,44.598,550,102,0,0.01
1004,500,-15821.0,36.832,37.906,537,108,0,0.01
1005,213,-7595.0,39.821596244131456,40.76525821596244,201,53,1,0.01
1006,500,-16303.0,37.024,38.112,544,101,0,0.01
1007,500,-17391.0,39.748,40.88,566,96,0,0.01
1008,407,-13482.0,36.27518427518427,37.235872235872236,391,85,1,0.01
1009,474,-17091.5,39.4451476793249,40.5126582278481,506,89,1,0.01
1010,411,-15956.5,44.688564476885645,45.798053527980535,456,82,1,0.01
1011,402,-15514.5,43.20646766169154,44.29353233830846,437,80,1,0.01
1012,500,-15176.5,35.41,36.494,542,105,0,0.01
1013,292,-13450.5,51.407534246575345,52.39383561643836,288,64,1,0.01
1014,500,-19358.5,42.582,43.686,552,101,0,0.01
1015,500,-22810.5,51.762,52.864,551,98,0,0.01
1016,500,-11997.5,29.074,30.132,529,108,0,0.01
1017,500,-13813.5,32.722,33.832,555,106,0,0.01
1018,356,-12996.5,40.991573033707866,42.050561797752806,377,78,1,0.01
1019,273,-8634.0,35.00366300366301,35.94139194139194,256,61,1,0.01
1020,281,-8482.5,34.04626334519573,34.99644128113879,267,70,1,0.01
1021,500,-14704.0,34.608,35.742,567,103,0,0.01
1022,227,-9408.5,42.647577092511014,43.691629955947135,237,44,1,0.01
1023,500,-16272.0,36.26,37.318,529,105,0,0.01
1024,337,-13526.0,43.5727002967359,44.64391691394659,361,73,1,0.01
1025,500,-15210.0,35.596,36.784,594,91,0,0.01
1026,329,-12277.5,41.09118541033435,42.121580547112465,339,69,1,0.01
1027,500,-17003.0,39.504,40.646,571,98,0,0.01
1028,500,-18274.0,40.388,41.472,542,105,0,0.01
1029,500,-12817.0,30.1,31.216,558,101,0,0.01
1030,494,-17754.5,38.11943319838057,39.13157894736842,500,103,1,0.01
1031,179,-5964.0,34.41340782122905,35.340782122905026,166,41,1,0.01
1032,142,-4774.0,35.563380281690144,36.563380281690144,142,34,1,0.01
1033,500,-17082.0,39.28,40.41,565,95,0,0.01
1034,500,-16249.5,37.166,38.306,570,101,0,0.01
1035,500,-16356.5,37.43,38.586,578,97,0,0.01
1036,500,-16862.5,37.798,38.864,533,100,0,0.01
1037,294,-9882.0,37.87074829931973,39.0,332,57,1,0.01
1038,500,-13875.0,32.384,33.428,522,106,0,0.01
1039,500,-17256.5,37.818,38.892,537,106,0,0.01
1040,500,-14527.5,33.402,34.46,529,88,0,0.01
1041,373,-10056.5,30.98391420911528,32.083109919571044,410,80,1,0.01
1042,500,-17354.5,38.79,39.908,559,95,0,0.01
1043,91,-3119.5,31.263736263736263,32.02197802197802,69,24,1,0.01
1044,299,-10644.0,39.558528428093645,40.68561872909699,337,56,1,0.01
1045,293,-9295.0,35.406143344709896,36.35494880546075,278,77,1,0.01
1046,500,-18742.0,41.032,42.102,535,110,0,0.01
1047,127,-4570.0,34.53543307086614,35.1496062992126,78,42,1,0.01
1048,234,-7613.0,36.11965811965812,37.19230769230769,251,48,1,0.01
1049,500,-18270.0,40.42,41.492,536,91,0,0.01
1050,300,-10751.5,39.663333333333334,40.74,323,66,1,0.01
1051,349,-11909.0,37.289398280802295,38.289398280802295,349,79,1,0.01
1052,162,-5315.5,34.32716049382716,35.123456790123456,129,43,1,0.01
1053,396,-13112.5,37.03787878787879,38.042929292929294,398,94,1,0.01
1054,386,-14989.5,41.8160621761658,42.86787564766839,406,79,1,0.01
1055,500,-14153.0,33.376,34.46,542,102,0,0.01
1056,500,-16673.5,36.838,37.89,526,105,0,0.01
1057,335,-10708.5,34.659701492537316,35.7044776119403,350,77,1,0.01
1058,451,-15800.5,38.831485587583146,39.96008869179601,509,91,1,0.01
1059,480,-18411.0,40.9625,42.05,522,101,1,0.01
1060,406,-14048.5,37.16502463054187,38.214285714285715,426,82,1,0.01
1061,326,-11560.0,38.15950920245399,39.16564417177914,328,76,1,0.01
1062,273,-9361.5,37.13919413919414,38.095238095238095,261,60,1,0.01
1063,291,-11508.5,43.00687285223368,43.97250859106529,281,74,1,0.01
1064,500,-16788.5,37.814,38.918,552,93,0,0.01
1065,369,-10950.0,32.764227642276424,33.78590785907859,377,78,1,0.01
1066,406,-15337.5,40.810344827586206,41.89408866995074,440,75,1,0.01
1067,500,-14891.0,33.94,35.028,544,96,0,0.01
1068,329,-10493.0,35.367781155015194,36.495440729483285,371,66,1,0.01
1069,105,-3571.0,31.37142857142857,32.05714285714286,72,26,1,0.01
1070,500,-13655.0,30.768,31.77,501,112,0,0.01
1071,500,-16269.0,36.808,37.938,565,87,0,0.01
1072,434,-11691.0,30.668202764976957,31.755760368663594,472,84,1,0.01
1073,500,-14499.0,32.98,34.104,562,97,0,0.01
1074,128,-4297.0,33.46875,34.25,100,35,1,0.01
1075,481,-15091.5,34.72141372141372,35.814968814968815,526,95,1,0.01
1076,372,-10732.5,32.49731182795699,33.57795698924731,402,73,1,0.01
1077,407,-14453.5,36.95085995085995,37.972972972972975,416,85,1,0.01
1078,259,-9741.5,39.74903474903475,40.72586872586873,253,57,1,0.01
1079,390,-13395.0,38.05128205128205,39.15384615384615,430,68,1,0.01
1080,346,-12762.5,38.11849710982659,39.153179190751445,358,74,1,0.01
1081,500,-14457.0,33.46,34.578,559,101,0,0.01
1082,370,-11985.5,34.02972972972973,35.01891891891892,366,82,1,0.01
1083,266,-9851.0,37.766917293233085,38.661654135338345,238,61,1,0.01
1084,226,-7176.5,33.17256637168141,34.150442477876105,221,45,1,0.01
1085,216,-6552.5,33.34722222222222,34.30555555555556,207,45,1,0.01
1086,225,-6307.0,31.102222222222224,32.06666666666667,217,50,1,0.01
1087,250,-7432.5,32.196,33.252,264,50,1,0.01
1088,492,-16965.5,37.583333333333336,38.670731707317074,535,97,1,0.01
1089,500,-14043.0,32.172,33.266,547,105,0,0.01
1090,500,-14991.5,34.13,35.266,568,99,0,0.01
1091,500,-15711.0,35.804,36.914,555,98,0,0.01
1092,235,-7202.5,33.280851063829786,34.31063829787234,242,52,1,0.01
1093,370,-11259.5,33.71621621621622,34.8,401,74,1,0.01
1094,276,-9076.5,34.29347826086956,35.25,264,57,1,0.01
1095,500,-15023.0,34.148,35.224,538,111,0,0.01
1096,167,-5521.0,33.4251497005988,34.33532934131737,152,33,1,0.01
1097,500,-15859.5,35.782,36.894,556,103,0,0.01
1098,500,-13148.5,31.01,32.094,542,100,0,0.01
1099,318,-11049.5,36.984276729559745,37.9496855345912,307,78,1,0.01
1100,457,-14466.0,35.82494529540482,36.921225382932164,501,86,1,0.01
1101,279,-9080.5,35.89605734767025,36.924731182795696,287,60,1,0.01
1102,334,-10949.0,35.31137724550898,36.31437125748503,335,78,1,0.01
1103,500,-15628.0,35.552,36.666,557,105,0,0.01
1104,279,-7997.0,31.56272401433692,32.52329749103943,268,60,1,0.01
1105,394,-10534.5,29.84010152284264,30.8248730964467,388,87,1,0.01
1106,199,-5684.5,30.326633165829147,31.201005025125628,174,49,1,0.01
1107,443,-11370.5,29.681715575620768,30.68397291196388,444,100,1,0.01
1108,500,-13078.5,30.702,31.786,542,108,0,0.01
1109,415,-13055.0,34.93493975903615,36.00722891566265,445,80,1,0.01
1110,500,-17539.0,38.36,39.514,577,85,0,0.01
1111,203,-7436.0,37.66502463054187,38.6256157635468,195,48,1,0.01
1112,286,-9451.0,35.59440559440559,36.66783216783217,307,62,1,0.01
1113,218,-8049.5,39.23394495412844,40.31651376146789,236,44,1,0.01
1114,500,-15610.5,34.706,35.786,540,102,0,0.01
1115,249,-8454.0,35.87951807228916,36.81927710843374,234,60,1,0.01
1116,388,-13105.0,37.24742268041237,38.329896907216494,420,80,1,0.01
1117,300,-9871.5,33.416666666666664,34.38666666666666,291,60,1,0.01
1118,155,-5171.0,33.12258064516129,34.0,136,35,1,0.01
1119,143,-5316.5,37.20979020979021,38.16083916083916,136,28,1,0.01
1120,228,-8463.0,36.40350877192982,37.35964912280702,218,57,1,0.01
1121,166,-5513.5,31.64457831325301,32.30722891566265,110,48,1,0.01
1122,208,-6354.0,31.875,32.76442307692308,185,49,1,0.01
1123,446,-13286.0,32.511210762331835,33.48430493273543,434,103,1,0.01
1124,384,-13765.5,38.611979166666664,39.708333333333336,421,79,1,0.01
1125,273,-9760.5,37.908424908424905,38.967032967032964,289,57,1,0.01
1126,165,-6363.5,38.26060606060606,39.16969696969697,150,38,1,0.01
1127,326,-11540.0,37.644171779141104,38.72085889570552,351,71,1,0.01
1128,226,-7320.5,34.20796460176991,35.11504424778761,205,52,1,0.01
1129,500,-14343.5,32.278,33.318,520,101,0,0.01
1130,289,-10332.0,38.89965397923876,39.99307958477509,316,50,1,0.01
1131,129,-4863.5,38.457364341085274,39.248062015503876,102,24,1,0.01
1132,184,-7062.5,40.016304347826086,40.95652173913044,173,46,1,0.01
1133,313,-12543.0,42.242811501597444,43.29392971246006,329,67,1,0.01
1134,500,-15581.0,35.504,36.642,569,99,0,0.01
1135,163,-5353.5,32.104294478527606,32.82208588957055,117,40,1,0.01
1136,500,-16028.0,35.668,36.768,550,94,0,0.01
1137,500,-14514.5,32.886,33.988,551,101,0,0.01
1138,500,-12057.0,28.436,29.482,523,100,0,0.01
1139,500,-15871.5,35.726,36.838,556,92,0,0.01
1140,500,-17286.5,37.766,38.944,589,89,0,0.01
1141,384,-11657.0,32.958333333333336,33.971354166666664,389,83,1,0.01
1142,500,-19023.0,42.08,43.214,567,98,0,0.01
1143,500,-15852.5,35.878,36.984,553,103,0,0.01
1144,500,-16440.0,37.344,38.52,588,94,0,0.01
1145,500,-13278.5,31.274,32.368,547,101,0,0.01
1146,500,-13996.0,33.252,34.39,569,93,0,0.01
1147,500,-14859.0,34.484,35.624,570,98,0,0.01
1148,500,-15276.0,35.692,36.88,594,81,0,0.01
1149,500,-14408.0,34.388,35.59,601,92,0,0.01
1150,500,-16377.5,36.966,38.066,550,105,0,0.01
1151,500,-14205.0,33.196,34.308,556,105,0,0.01
1152,500,-14522.0,33.572,34.712,570,103,0,0.01
1153,171,-4582.5,27.771929824561404,28.619883040935672,145,44,1,0.01
1154,500,-13151.0,31.164,32.282,559,98,0,0.01
1155,500,-19663.0,44.412,45.592,590,92,0,0.01
1156,500,-14849.5,34.262,35.342,540,103,0,0.01
1157,500,-12236.0,29.04,30.058,509,104,0,0.01
1158,500,-14060.0,33.276,34.406,565,98,0,0.01
1159,500,-14654.0,34.292,35.476,592,94,0,0.01
1160,500,-15562.0,36.016,37.118,551,97,0,0.01
1161,500,-13583.0,31.776,32.924,574,99,0,0.01
1162,500,-17403.5,38.842,39.97,564,99,0,0.01
1163,500,-16139.5,36.958,38.108,575,96,0,0.01
1164,500,-13545.5,31.77,32.862,546,108,0,0.01
1165,500,-14624.0,34.308,35.476,584,93,0,0.01
1166,500,-14167.5,32.102,33.208,553,98,0,0.01
1167,500,-16960.0,38.0,39.136,568,93,0,0.01
1168,238,-6446.5,28.752100840336134,29.508403361344538,180,68,1,0.01
1169,500,-16483.0,38.28,39.456,588,97,0,0.01
1170,500,-14144.5,32.958,34.036,539,106,0,0.01
1171,314,-9079.0,30.67515923566879,31.554140127388536,276,84,1,0.01
1172,500,-14668.5,33.786,34.842,528,102,0,0.01
1173,500,-13018.5,29.698,30.658,480,106,0,0.01
1174,337,-10633.0,34.03560830860534,35.09495548961424,357,71,1,0.01
1175,500,-12191.0,28.964,30.046,541,111,0,0.01
1176,500,-16034.0,36.772,37.904,566,96,0,0.01
1177,500,-15749.0,34.148,35.186,519,107,0,0.01
1178,500,-13757.5,31.87,32.996,563,101,0,0.01
1179,279,-9728.0,35.83512544802868,36.8494623655914,283,61,1,0.01
1180,500,-13846.5,32.03,33.132,551,100,0,0.01
1181,220,-6559.0,32.54545454545455,33.46363636363636,202,53,1,0.01
1182,500,-14202.0,33.472,34.61,569,105,0,0.01
1183,500,-14063.0,32.088,33.168,540,103,0,0.01
1184,255,-8284.5,35.61176470588235,36.654901960784315,266,55,1,0.01
1185,500,-16455.5,37.358,38.49,566,105,0,0.01
1186,432,-12242.5,31.45138888888889,32.49074074074074,449,96,1,0.01
1187,500,-16329.5,37.134,38.306,586,100,0,0.01
1188,500,-15773.5,35.414,36.52,553,108,0,0.01
1189,471,-16394.0,38.45435244161359,39.6072186836518,543,88,1,0.01
1190,395,-10893.0,31.037974683544302,32.03291139240506,393,88,1,0.01
1191,500,-14571.5,34.726,35.94,607,81,0,0.01
1192,500,-15257.5,35.346,36.468,561,101,0,0.01
1193,134,-4986.5,35.38059701492537,36.06716417910448,92,38,1,0.01
1194,500,-14539.5,33.514,34.634,560,99,0,0.01
1195,500,-13644.0,31.184,32.312,564,103,0,0.01
1196,500,-14932.5,34.098,35.212,557,96,0,0.01
1197,500,-12713.5,30.286,31.42,567,101,0,0.01
1198,500,-13648.5,31.49,32.594,552,104,0,0.01
1199,367,-13032.0,39.275204359673026,40.3732970027248,403,76,1,0.01
1200,500,-13500.5,31.41,32.532,561,99,0,0.01
1201,500,-16535.0,37.484,38.63,573,99,0,0.01
1202,500,-12876.0,31.296,32.474,589,92,0,0.01
1203,500,-15444.0,35.372,36.476,552,100,0,0.01
1204,500,-12207.0,29.268,30.42,576,100,0,0.01
1205,500,-15473.0,35.608,36.72,556,99,0,0.01
1206,500,-15361.0,35.684,36.88,598,92,0,0.01
1207,500,-15962.0,36.256,37.338,541,100,0,0.01
1208,500,-16784.5,38.034,39.158,562,102,0,0.01
1209,218,-7979.0,40.03669724770642,40.857798165137616,179,60,1,0.01
1210,500,-14306.0,33.064,34.208,572,96,0,0.01
1211,373,-11397.0,33.029490616621985,34.080428954423596,392,73,1,0.01
1212,271,-8182.5,33.01476014760148,33.94833948339483,253,69,1,0.01
1213,500,-14853.5,33.998,35.152,577,92,0,0.01
1214,500,-12953.5,30.81,31.968,579,92,0,0.01
1215,500,-15160.5,34.402,35.548,573,97,0,0.01
1216,500,-17002.0,39.084,40.282,599,95,0,0.01
1217,500,-14111.0,32.504,33.63,563,94,0,0.01
1218,500,-14747.0,33.86,35.014,577,95,0,0.01
1219,296,-10334.0,38.9527027027027,39.91554054054054,285,73,1,0.01
1220,500,-18726.5,41.83,43.016,593,87,0,0.01
1221,500,-16830.0,37.2,38.312,556,103,0,0.01
1222,158,-5439.0,34.21518987341772,35.12658227848101,144,39,1,0.01
1223,500,-14092.5,32.858,33.974,558,104,0,0.01
1224,500,-13185.5,30.786,31.896,555,100,0,0.01
1225,334,-10807.0,35.293413173652695,36.395209580838326,368,65,1,0.01
1226,500,-12508.0,28.852,29.862,505,114,0,0.01
1227,500,-13827.5,31.366,32.418,526,107,0,0.01
1228,500,-13992.0,31.988,33.118,565,95,0,0.01
1229,500,-13331.0,30.624,31.724,550,94,0,0.01
1230,367,-10918.5,33.0708446866485,34.059945504087196,363,82,1,0.01
1231,296,-10136.5,36.03716216216216,37.027027027027025,293,69,1,0.01
1232,241,-7433.0,33.5850622406639,34.6804979253112,264,49,1,0.01
1233,500,-12069.5,29.038,30.14,551,96,0,0.01
1234,214,-6697.5,32.43457943925234,33.45794392523364,219,42,1,0.01
1235,500,-13409.0,31.024,32.142,559,94,0,0.01
1236,500,-14622.0,33.484,34.616,566,105,0,0.01
1237,500,-13218.5,30.038,31.118,540,95,0,0.01
1238,500,-15390.0,35.396,36.634,619,87,0,0.01
1239,500,-13792.0,32.648,33.792,572,95,0,0.01
1240,500,-13828.0,31.8,32.912,556,104,0,0.01
1241,500,-12556.5,30.142,31.284,571,99,0,0.01
1242,500,-12707.0,30.124,31.232,554,94,0,0.01
1243,500,-14816.0,34.296,35.45,577,93,0,0.01
1244,500,-14720.0,34.068,35.21,571,99,0,0.01
1245,500,-16406.0,35.324,36.408,542,106,0,0.01
1246,500,-16362.0,35.568,36.648,540,97,0,0.01
1247,187,-6513.0,36.481283422459896,37.50802139037433,192,44,1,0.01
1248,500,-13498.0,31.828,32.976,574,97,0,0.01
1249,500,-15854.5,35.238,36.382,572,98,0,0.01
1250,500,-12826.5,30.286,31.428,571,88,0,0.01
1251,291,-11337.0,42.19931271477663,43.223367697594504,298,64,1,0.01
1252,500,-14885.5,33.826,34.954,564,101,0,0.01
1253,440,-11310.5,29.725,30.727272727272727,441,99,1,0.01
1254,500,-17237.0,38.58,39.71,565,98,0,0.01
1255,500,-16225.5,37.166,38.28,557,101,0,0.01
1256,500,-14405.0,32.476,33.54,532,106,0,0.01
1257,437,-11865.5,30.17162471395881,31.1350114416476,421,107,1,0.01
1258,242,-7520.0,33.18181818181818,34.082644628099175,218,59,1,0.01
1259,500,-14648.0,33.056,34.168,556,104,0,0.01
1260,500,-13377.5,30.906,32.024,559,102,0,0.01
1261,384,-14137.5,40.065104166666664,41.135416666666664,411,77,1,0.01
1262,500,-16109.5,35.522,36.592,535,109,0,0.01
1263,500,-12502.0,29.86,31.008,574,98,0,0.01
1264,500,-14520.0,33.72,34.84,560,102,0,0.01
1265,500,-13152.5,30.818,31.892,537,109,0,0.01
1266,500,-12851.0,30.484,31.58,548,106,0,0.01
1267,500,-14330.5,33.082,34.144,531,108,0,0.01
1268,500,-13640.5,31.282,32.4,559,101,0,0.01
1269,500,-12648.5,29.61,30.69,540,103,0,0.01
1270,500,-14050.5,32.394,33.528,567,99,0,0.01
1271,500,-13060.0,30.888,32.048,580,100,0,0.01
1272,500,-17464.5,38.806,39.98,587,96,0,0.01
1273,500,-14181.5,33.318,34.514,598,94,0,0.01
1274,182,-5672.0,31.439560439560438,32.40659340659341,176,38,1,0.01
1275,500,-14343.5,32.686,33.842,578,100,0,0.01
1276,500,-12472.0,29.712,30.836,562,102,0,0.01
1277,500,-16834.5,37.89,39.092,601,96,0,0.01
1278,500,-12493.0,29.516,30.498,491,121,0,0.01
1279,500,-15414.0,34.628,35.766,569,101,0,0.01
1280,500,-15232.0,34.844,35.926,541,108,0,0.01
1281,500,-15626.0,35.012,36.13,559,94,0,0.01
1282,457,-15386.0,37.48796498905908,38.57768052516411,498,94,1,0.01
1283,277,-8404.0,32.08664259927798,32.931407942238266,234,70,1,0.01
1284,219,-6308.0,30.602739726027398,31.59360730593607,217,51,1,0.01
1285,217,-6345.0,29.83410138248848,30.668202764976957,181,59,1,0.01
1286,500,-12453.0,29.324,30.39,533,105,0,0.01
1287,500,-14453.0,32.624,33.73,553,103,0,0.01
1288,500,-12707.5,30.754,31.884,565,102,0,0.01
1289,500,-15835.0,35.292,36.312,510,114,0,0.01
1290,500,-13671.5,32.826,34.046,610,88,0,0.01
1291,208,-5738.0,28.740384615384617,29.60096153846154,179,46,1,0.01
1292,500,-12924.5,30.026,31.174,574,96,0,0.01
1293,327,-10260.5,35.281345565749234,36.43730886850153,378,60,1,0.01
1294,500,-13389.0,31.212,32.288,538,104,0,0.01
1295,500,-13839.0,32.32,33.448,564,88,0,0.01
1296,500,-16177.0,36.008,37.156,574,94,0,0.01
1297,500,-13054.0,31.06,32.212,576,89,0,0.01
1298,500,-16674.5,36.678,37.79,556,99,0,0.01
1299,302,-9002.0,32.89403973509934,33.854304635761586,290,70,1,0.01
1300,500,-13818.5,31.746,32.844,549,89,0,0.01
1301,500,-13170.0,30.908,32.03,561,98,0,0.01
1302,500,-14688.5,33.962,35.082,560,89,0,0.01
1303,500,-15773.0,36.308,37.462,577,89,0,0.01
1304,500,-14505.5,32.914,34.03,558,91,0,0.01
1305,500,-14715.5,33.35,34.516,583,97,0,0.01
1306,500,-13529.0,31.8,33.008,604,90,0,0.01
1307,500,-14629.5,33.77,34.894,562,96,0,0.01
1308,500,-15122.0,34.496,35.692,598,85,0,0.01
1309,342,-10038.5,31.137426900584796,32.08771929824562,325,75,1,0.01
1310,500,-15405.5,36.27,37.486,608,84,0,0.01
1311,500,-11269.0,26.812,27.92,554,96,0,0.01
1312,500,-15601.5,35.514,36.73,608,87,0,0.01
1313,500,-12772.5,30.162,31.248,543,106,0,0.01
1314,500,-14543.0,32.58,33.678,549,104,0,0.01
1315,500,-12401.5,29.154,30.244,545,100,0,0.01
1316,388,-11471.0,32.154639175257735,33.26030927835052,429,75,1,0.01
1317,350,-10258.5,32.80285714285714,33.925714285714285,393,72,1,0.01
1318,500,-16905.5,35.47,36.508,519,102,0,0.01
1319,500,-12010.5,28.694,29.842,574,101,0,0.01
1320,500,-12374.0,29.524,30.592,534,109,0,0.01
1321,500,-11038.0,26.7,27.794,547,106,0,0.01
1322,500,-12232.0,28.704,29.824,560,99,0,0.01
1323,425,-15915.5,41.03764705882353,42.20235294117647,495,84,1,0.01
1324,500,-12961.5,31.334,32.516,591,93,0,0.01
1325,500,-11663.5,28.134,29.256,561,99,0,0.01
1326,500,-12272.0,29.072,30.214,571,99,0,0.01
1327,500,-13139.5,30.794,31.966,586,98,0,0.01
1328,500,-12579.5,29.526,30.61,542,103,0,0.01
1329,500,-13909.0,31.12,32.192,536,104,0,0.01
1330,500,-11918.0,28.984,30.154,585,94,0,0.01
1331,500,-12153.5,28.598,29.73,566,93,0,0.01
1332,500,-12635.5,29.814,30.966,576,91,0,0.01
1333,500,-13563.0,31.804,32.95,573,98,0,0.01
1334,500,-13868.0,32.02,33.148,564,102,0,0.01
1335,500,-12797.5,30.43,31.568,569,102,0,0.01
1336,500,-12864.5,30.218,31.362,572,91,0,0.01
1337,500,-11694.5,28.338,29.468,565,99,0,0.01
1338,500,-13872.5,32.262,33.46,599,88,0,0.01
1339,500,-12466.0,29.132,30.23,549,101,0,0.01
1340,500,-10489.0,25.532,26.626,547,105,0,0.01
1341,500,-13268.0,31.484,32.652,584,96,0,0.01
1342,500,-10946.0,26.164,27.298,567,96,0,0.01
1343,500,-14289.0,32.748,33.91,581,96,0,0.01
1344,500,-14540.5,33.11,34.248,569,95,0,0.01
1345,500,-13281.5,30.234,31.356,561,104,0,0.01
1346,500,-12591.5,29.658,30.802,572,102,0,0.01
1347,500,-12358.0,28.628,29.74,556,100,0,0.01
1348,500,-10881.0,26.012,27.092,540,100,0,0.01
1349,500,-12662.0,28.788,29.864,538,111,0,0.01
1350,500,-12011.0,27.588,28.656,534,98,0,0.01
1351,500,-11273.0,26.972,28.054,541,106,0,0.01
1352,500,-13851.5,31.874,33.012,569,95,0,0.01
1353,500,-10119.5,24.282,25.264,491,110,0,0.01
1354,500,-12923.0,29.304,30.41,553,95,0,0.01
1355,500,-11918.0,28.208,29.384,588,85,0,0.01
1356,500,-12577.0,29.4,30.586,593,90,0,0.01
1357,500,-12932.5,30.754,31.918,582,94,0,0.01
1358,500,-12329.0,27.728,28.782,527,95,0,0.01
1359,500,-11467.5,27.622,28.738,558,97,0,0.01
1360,500,-11590.0,26.704,27.742,519,100,0,0.01
1361,500,-12338.0,27.956,28.998,521,95,0,0.01
1362,500,-12398.5,29.434,30.636,601,90,0,0.01
1363,500,-14491.5,32.354,33.57,608,81,0,0.01
1364,500,-11672.0,27.644,28.768,562,93,0,0.01
1365,500,-12459.5,30.058,31.214,578,92,0,0.01
1366,500,-14298.0,33.124,34.33,603,88,0,0.01
1367,500,-11160.5,27.278,28.452,587,95,0,0.01
1368,500,-11461.5,28.174,29.318,572,99,0,0.01
1369,500,-11798.5,28.974,30.148,587,92,0,0.01
1370,500,-12304.0,28.976,30.13,577,93,0,0.01
1371,500,-10501.0,25.488,26.632,572,89,0,0.01
1372,500,-11453.5,27.506,28.692,593,95,0,0.01
1373,500,-12092.5,28.798,29.994,598,94,0,0.01
1374,500,-11186.5,26.518,27.654,568,93,0,0.01
1375,500,-9595.5,23.578,24.644,533,101,0,0.01
1376,500,-14243.0,32.468,33.654,593,94,0,0.01
1377,500,-12604.0,29.924,31.072,574,100,0,0.01
1378,500,-10577.5,25.758,26.838,540,102,0,0.01
1379,500,-12611.5,29.206,30.318,556,101,0,0.01
1380,500,-10774.5,26.17,27.3,565,99,0,0.01
1381,500,-11910.5,28.754,29.938,592,94,0,0.01
1382,500,-11880.0,28.472,29.626,577,95,0,0.01
1383,500,-12003.0,28.484,29.64,578,99,0,0.01
1384,500,-10251.5,25.038,26.11,536,99,0,0.01
1385,500,-10365.0,25.524,26.638,557,103,0,0.01
1386,261,-7343.0,31.74712643678161,32.79693486590038,274,58,1,0.01
1387,500,-9452.5,23.25,24.302,526,102,0,0.01
1388,500,-11807.5,27.378,28.49,556,101,0,0.01
1389,500,-11078.0,27.7,28.93,615,89,0,0.01
1390,500,-10051.5,24.87,26.022,576,97,0,0.01
1391,500,-10758.5,25.678,26.794,558,96,0,0.01
1392,500,-9857.5,24.082,25.184,551,99,0,0.01
1393,500,-14406.5,34.214,35.446,616,88,0,0.01
1394,500,-15429.0,35.172,36.402,615,88,0,0.01
1395,500,-10872.0,27.268,28.476,604,94,0,0.01
1396,500,-11312.5,26.75,27.864,557,90,0,0.01
1397,500,-10000.0,24.624,25.702,539,100,0,0.01
1398,500,-11723.5,28.298,29.488,595,84,0,0.01
1399,500,-12014.5,28.618,29.832,607,88,0,0.01
1400,500,-9151.5,22.298,23.308,505,106,0,0.01
1401,500,-11212.5,27.45,28.642,596,87,0,0.01
1402,500,-11617.5,27.974,29.208,617,86,0,0.01
1403,500,-10560.0,25.396,26.556,580,91,0,0.01
1404,500,-10726.0,26.296,27.514,609,90,0,0.01
1405,500,-14790.5,33.606,34.764,579,85,0,0.01
1406,500,-11358.0,27.612,28.808,598,89,0,0.01
1407,500,-11240.0,26.78,27.932,576,92,0,0.01
1408,500,-10765.0,25.784,26.894,555,101,0,0.01
1409,500,-12147.5,28.954,30.09,568,97,0,0.01
1410,500,-12315.5,29.318,30.498,590,87,0,0.01
1411,500,-10863.0,26.444,27.622,589,90,0,0.01
1412,500,-12131.0,28.412,29.598,593,87,0,0.01
1413,500,-13492.5,31.258,32.458,600,88,0,0.01
1414,500,-12708.0,29.868,31.008,570,95,0,0.01
1415,500,-11280.0,26.912,28.042,565,94,0,0.01
1416,500,-11313.5,26.71,27.82,555,94,0,0.01
1417,500,-12171.0,28.868,30.022,577,87,0,0.01
1418,500,-10252.5,24.91,26.05,570,95,0,0.01
1419,500,-11953.0,28.16,29.242,541,104,0,0.01
1420,500,-9551.5,23.258,24.31,526,111,0,0.01
1421,500,-16884.5,38.774,40.01,618,89,0,0.01
1422,500,-9799.5,23.738,24.812,537,103,0,0.01
1423,500,-10879.0,26.368,27.444,538,106,0,0.01
1424,500,-12312.5,29.762,30.982,610,91,0,0.01
1425,500,-11882.5,28.718,29.908,595,93,0,0.01
1426,500,-11241.5,28.046,29.282,618,91,0,0.01
1427,500,-10860.0,26.84,28.012,586,91,0,0.01
1428,500,-10250.0,24.632,25.766,567,92,0,0.01
1429,500,-14279.0,32.988,34.204,608,89,0,0.01
1430,500,-10690.5,26.418,27.6,591,97,0,0.01
1431,500,-9698.5,23.998,25.136,569,102,0,0.01
1432,500,-11021.0,26.948,28.122,587,88,0,0.01
1433,500,-10256.0,24.524,25.618,547,99,0,0.01
1434,500,-10936.5,25.946,27.062,558,91,0,0.01
1435,500,-9706.5,23.674,24.776,551,108,0,0.01
1436,500,-9961.5,24.246,25.38,567,94,0,0.01
1437,500,-11527.5,27.682,28.814,566,92,0,0.01
1438,500,-13508.5,31.15,32.292,571,91,0,0.01
1439,500,-11379.0,27.44,28.644,602,91,0,0.01
1440,500,-11118.0,27.144,28.294,575,90,0,0.01
1441,500,-11190.0,26.836,27.982,573,81,0,0.01
1442,500,-10913.0,26.004,27.096,546,94,0,0.01
1443,198,-4784.5,25.61111111111111,26.555555555555557,187,42,1,0.01
1444,500,-9780.0,23.844,24.974,565,98,0,0.01
1445,500,-10673.5,26.342,27.52,589,92,0,0.01
1446,500,-11456.0,27.356,28.552,598,91,0,0.01
1447,500,-9978.0,24.868,26.044,588,95,0,0.01
1448,500,-10409.0,25.576,26.728,576,92,0,0.01
1449,500,-9993.0,24.856,26.026,585,94,0,0.01
1450,500,-11027.0,27.3,28.494,597,93,0,0.01
1451,500,-9309.0,23.536,24.676,570,98,0,0.01
1452,500,-9406.5,23.514,24.672,579,88,0,0.01
1453,500,-11031.0,25.784,26.906,561,94,0,0.01
1454,500,-12626.0,29.104,30.242,569,97,0,0.01
1455,500,-10938.0,26.884,28.038,577,87,0,0.01
1456,500,-9807.0,23.916,24.994,539,98,0,0.01
1457,383,-11679.0,34.85117493472585,36.13577023498694,492,61,1,0.01
1458,500,-10178.0,24.788,25.94,576,97,0,0.01
1459,500,-10475.0,25.248,26.36,556,102,0,0.01
1460,500,-10005.0,25.508,26.702,597,98,0,0.01
1461,500,-10611.5,26.114,27.228,557,103,0,0.01
1462,500,-9616.0,23.648,24.82,586,91,0,0.01
1463,500,-11710.5,28.598,29.818,610,83,0,0.01
1464,500,-10012.0,24.94,26.09,575,97,0,0.01
1465,500,-9783.5,23.862,25.002,570,96,0,0.01
1466,500,-10542.5,25.858,27.04,591,95,0,0.01
1467,500,-11041.0,26.652,27.816,582,95,0,0.01
1468,500,-9498.5,23.474,24.642,584,95,0,0.01
1469,500,-9998.0,24.88,26.026,573,97,0,0.01
1470,500,-8635.0,21.384,22.506,561,99,0,0.01
1471,500,-10073.0,24.672,25.834,581,96,0,0.01
1472,500,-10632.0,26.104,27.32,608,89,0,0.01
1473,500,-10424.0,25.348,26.438,545,96,0,0.01
1474,500,-10541.0,26.028,27.192,582,92,0,0.01
1475,500,-9192.5,22.866,23.974,554,101,0,0.01
1476,500,-10633.0,26.496,27.694,599,93,0,0.01
1477,500,-11102.0,26.872,28.014,571,100,0,0.01
1478,500,-9294.5,23.134,24.292,579,92,0,0.01
1479,500,-9930.0,24.384,25.51,563,97,0,0.01
1480,500,-10435.5,25.694,26.852,579,98,0,0.01
1481,500,-8839.5,21.93,23.016,543,95,0,0.01
1482,500,-9311.0,23.36,24.52,580,100,0,0.01
1483,500,-8429.5,20.946,22.022,538,106,0,0.01
1484,500,-9070.5,22.306,23.43,562,98,0,0.01
1485,500,-11069.5,27.414,28.59,588,88,0,0.01
1486,500,-10617.5,26.262,27.432,585,96,0,0.01
1487,500,-10625.0,26.132,27.268,568,93,0,0.01
1488,500,-10004.0,24.66,25.782,561,101,0,0.01
1489,500,-9944.0,24.956,26.166,605,87,0,0.01
1490,500,-12620.0,29.932,31.096,582,98,0,0.01
1491,500,-10397.0,25.244,26.432,594,93,0,0.01
1492,500,-10343.5,24.938,26.084,573,88,0,0.01
1493,500,-9684.0,23.34,24.464,562,95,0,0.01
1494,500,-9799.0,24.008,25.108,550,100,0,0.01
1495,500,-9498.0,23.68,24.886,603,90,0,0.01
1496,500,-9239.0,23.112,24.23,559,94,0,0.01
1497,500,-9220.5,22.846,23.928,541,104,0,0.01
1498,500,-11101.0,26.904,28.118,607,82,0,0.01
1499,500,-13043.0,30.524,31.726,601,87,0,0.01
1500,500,-8878.0,22.2,23.266,533,103,0,0.01
1501,500,-8258.5,21.074,22.162,544,99,0,0.01
1502,500,-8055.5,20.542,21.658,558,99,0,0.01
1503,500,-9570.0,23.616,24.748,566,91,0,0.01
1504,500,-11149.0,27.284,28.47,593,93,0,0.01
1505,500,-9725.0,24.58,25.808,614,84,0,0.01
1506,500,-11590.0,28.536,29.786,625,87,0,0.01
1507,500,-8303.5,21.174,22.312,569,98,0,0.01
1508,500,-10967.5,25.842,27.02,589,88,0,0.01
1509,500,-10102.5,24.27,25.388,559,95,0,0.01
1510,500,-8542.5,21.522,22.634,556,104,0,0.01
1511,500,-8639.5,22.002,23.172,585,84,0,0.01
1512,500,-9980.5,23.762,24.834,536,99,0,0.01
1513,500,-9094.5,22.246,23.276,515,110,0,0.01
1514,500,-11120.5,27.37,28.54,585,95,0,0.01
1515,500,-10015.5,24.726,25.882,578,87,0,0.01
1516,500,-10635.5,25.726,26.88,577,93,0,0.01
1517,500,-12033.5,29.074,30.29,608,79,0,0.01
1518,500,-10535.0,26.428,27.684,628,87,0,0.01
1519,500,-9313.5,23.342,24.442,550,95,0,0.01
1520,500,-8888.0,21.836,22.928,546,98,0,0.01
1521,500,-10457.5,25.29,26.432,571,92,0,0.01
1522,500,-11454.5,27.974,29.18,603,88,0,0.01
1523,500,-10173.0,25.228,26.414,593,92,0,0.01
1524,500,-9821.5,24.81,26.068,629,78,0,0.01
1525,500,-9878.0,24.744,25.922,589,92,0,0.01
1526,500,-9593.5,23.99,25.098,554,95,0,0.01
1527,500,-10404.0,25.488,26.614,563,93,0,0.01
1528,500,-9570.5,24.322,25.51,594,91,0,0.01
1529,500,-10214.0,25.664,26.882,609,89,0,0.01
1530,500,-9835.0,24.36,25.524,582,91,0,0.01
1531,500,-10724.5,26.346,27.578,616,83,0,0.01
1532,500,-8876.0,22.08,23.184,552,100,0,0.01
1533,500,-9860.5,23.918,24.982,532,106,0,0.01
1534,500,-10538.0,25.212,26.352,570,96,0,0.01
1535,500,-10002.0,24.752,25.868,558,98,0,0.01
1536,500,-9085.0,22.652,23.75,549,103,0,0.01
1537,500,-11732.0,28.356,29.534,589,84,0,0.01
1538,500,-10368.5,25.65,26.8,575,92,0,0.01
1539,500,-10488.0,25.968,27.128,580,96,0,0.01
1540,500,-11266.0,27.476,28.654,589,86,0,0.01
1541,500,-9643.0,23.836,25.02,592,92,0,0.01
1542,500,-9604.0,23.484,24.608,562,98,0,0.01
1543,500,-9622.5,23.606,24.71,552,100,0,0.01
1544,500,-11585.0,28.52,29.778,629,88,0,0.01
1545,500,-11281.5,28.046,29.3,627,79,0,0.01
1546,500,-8983.0,22.728,23.92,596,90,0,0.01
1547,500,-9889.5,24.298,25.474,588,98,0,0.01
1548,500,-9053.0,23.104,24.282,589,92,0,0.01
1549,500,-10505.0,25.608,26.732,562,97,0,0.01
1550,500,-9384.5,23.498,24.638,570,97,0,0.01
1551,500,-9561.5,23.502,24.602,550,100,0,0.01
1552,500,-9355.5,23.146,24.256,555,99,0,0.01
1553,500,-10568.0,25.692,26.92,614,81,0,0.01
1554,500,-9680.5,24.026,25.152,563,99,0,0.01
1555,500,-9455.5,23.598,24.742,572,98,0,0.01
1556,500,-8682.0,21.616,22.692,538,107,0,0.01
1557,500,-9883.5,24.65,25.852,601,88,0,0.01
1558,500,-8487.0,21.32,22.416,548,101,0,0.01
1559,500,-10018.5,25.066,26.242,588,98,0,0.01
1560,500,-8625.5,21.754,22.904,575,89,0,0.01
1561,500,-9352.0,23.152,24.228,538,107,0,0.01
1562,500,-9739.0,24.504,25.642,569,90,0,0.01
1563,500,-10500.0,25.652,26.838,593,79,0,0.01
1564,500,-10278.5,25.158,26.332,587,89,0,0.01
1565,500,-9188.5,23.246,24.394,574,98,0,0.01
1566,500,-10143.5,25.438,26.594,578,91,0,0.01
1567,500,-11783.5,28.326,29.524,599,91,0,0.01
1568,500,-9787.5,24.422,25.566,572,94,0,0.01
1569,500,-9882.0,24.624,25.792,584,98,0,0.01
1570,500,-12231.5,29.954,31.162,604,85,0,0.01
1571,470,-11673.5,27.79787234042553,28.948936170212765,541,83,1,0.01
1572,500,-9784.5,23.614,24.704,545,98,0,0.01
1573,500,-10591.0,26.304,27.486,591,88,0,0.01
1574,500,-9041.5,22.022,23.07,524,102,0,0.01
1575,500,-9620.5,23.89,25.03,570,88,0,0.01
1576,500,-10383.5,24.878,26.01,566,91,0,0.01
1577,500,-9973.5,24.218,25.372,577,95,0,0.01
1578,500,-10058.5,24.914,26.072,579,89,0,0.01
1579,500,-10991.5,25.974,27.084,555,97,0,0.01
1580,500,-9023.0,23.064,24.268,602,89,0,0.01
1581,500,-9077.5,23.174,24.332,579,95,0,0.01
1582,500,-9127.5,22.922,24.06,569,99,0,0.01
1583,500,-9845.5,24.186,25.3,557,92,0,0.01
1584,500,-9016.0,22.752,23.94,594,95,0,0.01
1585,500,-8767.5,21.51,22.596,543,102,0,0.01
1586,500,-8976.5,22.122,23.186,532,101,0,0.01
1587,500,-8611.0,21.208,22.272,532,103,0,0.01
1588,500,-8872.0,21.46,22.594,567,89,0,0.01
1589,500,-8324.0,21.168,22.276,554,101,0,0.01
1590,500,-10223.0,25.244,26.44,598,84,0,0.01
1591,500,-9619.5,23.258,24.332,537,96,0,0.01
1592,500,-9645.0,23.848,24.958,555,98,0,0.01
1593,500,-10064.5,25.654,26.894,620,93,0,0.01
1594,500,-9424.5,24.074,25.26,593,97,0,0.01
1595,500,-9540.0,23.86,25.014,577,97,0,0.01
1596,500,-9974.0,24.196,25.33,567,97,0,0.01
1597,500,-10092.5,24.85,26.048,599,94,0,0.01
1598,500,-10731.5,26.374,27.606,616,91,0,0.01
1599,500,-11024.0,27.208,28.414,603,90,0,0.01
1600,500,-10203.5,25.274,26.438,582,95,0,0.01
1601,500,-10629.5,26.618,27.852,617,93,0,0.01
1602,500,-10165.0,24.868,26.03,581,97,0,0.01
1603,500,-10706.0,26.764,27.99,613,90,0,0.01
1604,500,-9632.0,24.696,25.894,599,94,0,0.01
1605,500,-9097.0,22.912,24.0,544,103,0,0.01
1606,500,-9615.5,24.026,25.116,545,99,0,0.01
1607,500,-12470.5,30.242,31.482,620,89,0,0.01
1608,500,-9839.0,24.496,25.624,564,98,0,0.01
1609,500,-11037.0,26.504,27.616,556,98,0,0.01
1610,500,-10273.0,24.696,25.828,566,96,0,0.01
1611,500,-11240.0,26.844,28.02,588,87,0,0.01
1612,500,-9784.0,24.476,25.652,588,88,0,0.01
1613,500,-9421.0,22.84,23.932,546,104,0,0.01
1614,500,-10665.0,26.332,27.506,587,96,0,0.01
1615,500,-12295.5,29.326,30.518,596,87,0,0.01
1616,500,-9782.0,23.876,25.022,573,95,0,0.01
1617,500,-10544.5,25.854,27.036,591,95,0,0.01
1618,500,-10781.0,26.08,27.242,581,89,0,0.01
1619,500,-8543.5,21.49,22.616,563,95,0,0.01
1620,500,-9578.0,23.864,24.986,561,99,0,0.01
1621,500,-9678.0,24.396,25.584,594,96,0,0.01
1622,500,-11156.5,27.83,29.088,629,87,0,0.01
1623,500,-10502.5,25.562,26.728,583,99,0,0.01
1624,500,-12297.5,29.846,31.086,620,77,0,0.01
1625,500,-9882.5,24.326,25.452,563,99,0,0.01
1626,500,-8484.5,21.434,22.498,532,113,0,0.01
1627,500,-11830.0,29.128,30.352,612,92,0,0.01
1628,500,-9960.5,24.45,25.554,552,102,0,0.01
1629,500,-9092.0,22.728,23.88,576,89,0,0.01
1630,500,-8724.5,21.966,23.07,552,104,0,0.01
1631,500,-9689.5,24.494,25.614,560,101,0,0.01
1632,500,-10554.0,25.864,27.056,596,93,0,0.01
1633,500,-10202.0,24.596,25.686,545,97,0,0.01
1634,500,-9445.5,23.366,24.474,554,103,0,0.01
1635,500,-9531.5,23.61,24.7,545,108,0,0.01
1636,500,-9290.0,22.708,23.792,542,101,0,0.01
1637,500,-10445.0,25.584,26.756,586,90,0,0.01
1638,500,-10497.5,25.19,26.322,566,96,0,0.01
1639,500,-9604.0,23.572,24.66,544,96,0,0.01
1640,500,-13539.5,32.262,33.48,609,87,0,0.01
1641,500,-11038.0,26.936,28.124,594,93,0,0.01
1642,500,-9913.0,24.596,25.73,567,99,0,0.01
1643,500,-10519.5,26.034,27.196,581,99,0,0.01
1644,500,-8866.5,21.726,22.786,530,108,0,0.01
1645,500,-8980.5,22.618,23.77,576,92,0,0.01
1646,500,-9032.0,21.9,23.006,553,93,0,0.01
1647,500,-8867.0,21.86,22.978,559,95,0,0.01
1648,500,-8989.5,22.638,23.802,582,98,0,0.01
1649,500,-8737.5,21.77,22.848,539,105,0,0.01
1650,500,-10587.0,25.8,27.002,601,90,0,0.01
1651,500,-8869.5,22.186,23.316,565,96,0,0.01
1652,500,-9459.5,23.446,24.57,562,94,0,0.01
1653,500,-11241.0,26.68,27.87,595,86,0,0.01
1654,500,-9811.5,24.066,25.168,551,97,0,0.01
1655,500,-10095.0,25.296,26.532,618,89,0,0.01
1656,500,-9334.0,23.352,24.482,565,96,0,0.01
1657,500,-10375.5,24.99,26.098,554,95,0,0.01
1658,500,-9695.0,23.324,24.436,556,92,0,0.01
1659,500,-10136.0,24.368,25.438,535,98,0,0.01
1660,500,-8597.5,21.622,22.742,560,97,0,0.01
1661,500,-9550.0,23.56,24.722,581,90,0,0.01
1662,500,-9533.0,23.784,24.922,569,99,0,0.01
1663,500,-9069.0,22.5,23.592,546,104,0,0.01
1664,500,-8861.5,21.614,22.658,522,102,0,0.01
1665,500,-11348.0,27.692,28.928,618,85,0,0.01
1666,500,-11953.5,28.918,30.1,591,95,0,0.01
1667,500,-9567.0,23.792,24.954,581,85,0,0.01
1668,500,-9948.0,23.896,25.01,557,94,0,0.01
1669,500,-7886.0,19.764,20.82,528,99,0,0.01
1670,500,-8924.0,22.392,23.506,557,100,0,0.01
1671,500,-9546.5,24.178,25.336,579,94,0,0.01
1672,500,-9682.0,24.024,25.184,580,94,0,0.01
1673,500,-9240.0,22.824,23.922,549,95,0,0.01
1674,500,-10318.0,25.372,26.512,570,97,0,0.01
1675,500,-9073.5,22.65,23.816,583,97,0,0.01
1676,500,-9522.0,23.7,24.822,561,97,0,0.01
1677,500,-7725.5,19.738,20.818,540,99,0,0.01
1678,500,-9659.5,24.378,25.538,580,92,0,0.01
1679,500,-9080.0,23.072,24.21,569,99,0,0.01
1680,500,-8504.5,21.674,22.808,567,96,0,0.01
1681,500,-8785.5,21.766,22.818,526,105,0,0.01
1682,500,-8093.0,20.668,21.764,548,103,0,0.01
1683,500,-10861.0,26.252,27.386,567,91,0,0.01
1684,500,-9715.0,24.74,25.918,589,90,0,0.01
1685,500,-10539.5,26.07,27.308,619,79,0,0.01
1686,500,-9273.0,23.488,24.666,589,97,0,0.01
1687,500,-10453.5,25.466,26.608,571,98,0,0.01
1688,500,-8837.0,22.304,23.438,567,100,0,0.01
1689,500,-9699.0,24.612,25.778,583,101,0,0.01
1690,500,-11002.5,27.69,28.886,598,96,0,0.01
1691,500,-10384.0,24.3,25.41,555,98,0,0.01
1692,500,-11029.0,26.456,27.642,593,87,0,0.01
1693,500,-8843.5,22.806,23.96,577,101,0,0.01
1694,500,-8559.0,21.628,22.75,561,103,0,0.01
1695,500,-11191.5,27.482,28.69,604,80,0,0.01
1696,500,-9717.0,24.688,25.936,624,85,0,0.01
1697,500,-9172.5,22.81,23.952,571,98,0,0.01
1698,500,-9622.5,23.338,24.456,559,95,0,0.01
1699,500,-9655.0,23.072,24.138,533,96,0,0.01
1700,500,-8619.0,21.752,22.922,585,96,0,0.01
1701,500,-9192.0,22.728,23.838,555,95,0,0.01
1702,500,-10458.5,26.082,27.288,603,91,0,0.01
1703,500,-8137.0,20.592,21.65,529,110,0,0.01
1704,500,-9522.5,24.102,25.244,571,99,0,0.01
1705,500,-11069.5,27.378,28.59,606,91,0,0.01
1706,500,-11002.5,26.286,27.424,569,101,0,0.01
1707,500,-10054.5,24.806,25.926,560,101,0,0.01
1708,500,-12130.0,28.972,30.124,576,98,0,0.01
1709,500,-10070.5,25.022,26.198,588,96,0,0.01
1710,500,-9632.5,24.27,25.446,588,101,0,0.01
1711,500,-9995.0,24.772,25.906,567,95,0,0.01
1712,500,-9509.5,24.226,25.396,585,96,0,0.01
1713,500,-9851.0,24.384,25.552,584,93,0,0.01
1714,500,-9423.0,23.36,24.514,577,97,0,0.01
1715,500,-8121.5,20.31,21.34,515,109,0,0.01
1716,500,-9148.0,21.484,22.508,512,98,0,0.01
1717,500,-9626.5,23.59,24.714,562,98,0,0.01
1718,500,-12303.5,29.242,30.442,600,85,0,0.01
1719,500,-9300.0,22.816,23.938,561,93,0,0.01
1720,500,-9493.5,23.434,24.562,564,92,0,0.01
1721,500,-9696.0,24.592,25.742,575,99,0,0.01
1722,500,-11772.0,28.764,30.012,624,84,0,0.01
1723,500,-9381.5,22.902,23.994,546,99,0,0.01
1724,500,-10977.5,27.462,28.712,625,87,0,0.01
1725,500,-11251.5,27.674,28.866,596,97,0,0.01
1726,500,-12331.5,29.882,31.112,615,86,0,0.01
1727,500,-8133.5,20.87,22.0,565,98,0,0.01
1728,500,-10070.5,24.998,26.176,589,92,0,0.01
1729,500,-10848.5,25.55,26.732,591,92,0,0.01
1730,500,-13194.0,31.052,32.238,593,94,0,0.01
1731,500,-9821.5,23.91,25.03,560,102,0,0.01
1732,500,-11224.5,26.886,28.002,558,101,0,0.01
1733,500,-11786.5,28.838,30.118,640,81,0,0.01
1734,500,-12809.0,29.648,30.808,580,92,0,0.01
1735,500,-10180.0,25.128,26.27,571,105,0,0.01
1736,500,-11701.5,28.634,29.834,600,92,0,0.01
1737,500,-10508.5,25.942,27.122,590,95,0,0.01
1738,500,-11580.0,27.992,29.204,606,90,0,0.01
1739,500,-10151.0,25.088,26.206,559,100,0,0.01
1740,500,-10213.5,25.59,26.776,593,101,0,0.01
1741,500,-9119.0,22.896,24.056,580,94,0,0.01
1742,500,-12774.0,30.488,31.668,590,95,0,0.01
1743,500,-9462.0,23.44,24.524,542,110,0,0.01
1744,500,-9604.0,23.156,24.262,553,92,0,0.01
1745,500,-8373.0,21.108,22.218,555,104,0,0.01
1746,500,-9692.5,23.902,25.01,554,104,0,0.01
1747,500,-9666.5,23.962,25.108,573,96,0,0.01
1748,500,-9301.0,22.98,24.096,558,100,0,0.01
1749,500,-10910.0,26.752,27.894,571,93,0,0.01
1750,500,-9743.5,24.27,25.44,585,89,0,0.01
1751,500,-9650.5,24.062,25.204,571,100,0,0.01
1752,500,-10511.5,25.022,26.1,539,98,0,0.01
1753,500,-10444.0,25.44,26.52,540,93,0,0.01
1754,500,-9936.0,24.136,25.242,553,98,0,0.01
1755,500,-11065.5,26.67,27.848,589,94,0,0.01
1756,500,-9358.0,23.44,24.634,597,93,0,0.01
1757,500,-10547.5,25.834,26.962,564,94,0,0.01
1758,500,-10214.5,25.162,26.306,572,94,0,0.01
1759,500,-12261.5,29.71,30.944,617,82,0,0.01
1760,500,-8968.5,22.718,23.828,555,101,0,0.01
1761,500,-10153.5,25.266,26.466,600,88,0,0.01
1762,500,-9855.0,24.62,25.778,579,99,0,0.01
1763,500,-10133.5,25.278,26.428,575,94,0,0.01
1764,500,-10082.0,24.472,25.564,546,96,0,0.01
1765,500,-9517.5,24.106,25.28,587,94,0,0.01
1766,500,-10057.0,25.384,26.616,616,90,0,0.01
1767,500,-9639.5,24.002,25.146,572,96,0,0.01
1768,500,-8744.5,21.742,22.894,576,90,0,0.01
1769,500,-8588.5,22.018,23.186,584,91,0,0.01
1770,500,-8850.0,22.116,23.256,570,90,0,0.01
1771,500,-9562.0,24.028,25.226,599,91,0,0.01
1772,500,-8366.0,20.476,21.476,500,110,0,0.01
1773,500,-8942.5,22.298,23.38,541,102,0,0.01
1774,500,-9412.5,23.406,24.588,591,95,0,0.01
1775,500,-9703.5,24.982,26.206,612,93,0,0.01
1776,500,-9654.0,23.888,24.94,526,107,0,0.01
1777,500,-8978.0,22.916,24.076,580,100,0,0.01
1778,500,-8416.5,21.518,22.69,586,94,0,0.01
1779,500,-8226.5,20.346,21.388,521,103,0,0.01
1780,500,-10676.5,26.402,27.59,594,91,0,0.01
1781,500,-9554.5,23.826,25.012,593,91,0,0.01
1782,500,-8710.5,22.394,23.57,588,95,0,0.01
1783,500,-9641.0,23.404,24.532,564,93,0,0.01
1784,500,-9093.0,22.96,24.146,593,91,0,0.01
1785,500,-11564.5,28.546,29.77,612,82,0,0.01
1786,500,-9959.0,24.948,26.138,595,85,0,0.01
1787,500,-10133.5,25.49,26.74,625,79,0,0.01
1788,500,-8568.0,21.56,22.648,544,94,0,0.01
1789,500,-8460.5,21.506,22.608,551,98,0,0.01
1790,500,-10608.0,26.392,27.592,600,86,0,0.01
1791,500,-8658.5,21.394,22.452,529,98,0,0.01
1792,500,-8951.0,22.116,23.176,530,97,0,0.01
1793,500,-9696.0,23.948,25.072,562,89,0,0.01
1794,500,-8135.5,20.486,21.568,541,97,0,0.01
1795,500,-8382.5,21.234,22.332,549,97,0,0.01
1796,500,-8957.5,22.27,23.39,560,97,0,0.01
1797,500,-9071.0,22.768,23.9,566,93,0,0.01
1798,500,-9403.0,23.688,24.868,590,84,0,0.01
1799,500,-9842.0,24.416,25.576,580,96,0,0.01
1800,500,-8999.0,22.592,23.732,570,98,0,0.01
1801,500,-10680.5,26.138,27.33,596,88,0,0.01
1802,500,-8642.5,22.05,23.21,580,97,0,0.01
1803,500,-10639.5,26.194,27.41,608,87,0,0.01
1804,500,-9207.0,23.356,24.508,576,94,0,0.01
1805,500,-9189.5,22.698,23.824,563,93,0,0.01
1806,500,-9252.0,22.804,23.916,556,104,0,0.01
1807,500,-9951.0,24.788,25.968,590,94,0,0.01
1808,500,-10484.0,25.872,27.096,612,90,0,0.01
1809,500,-10571.5,26.618,27.814,598,89,0,0.01
1810,500,-7976.5,20.178,21.266,544,104,0,0.01
1811,500,-8572.5,21.43,22.512,541,103,0,0.01
1812,500,-8237.0,20.704,21.754,525,107,0,0.01
1813,500,-11167.0,27.784,29.07,643,84,0,0.01
1814,500,-8733.0,22.192,23.334,571,102,0,0.01
1815,500,-10250.0,25.352,26.522,585,92,0,0.01
1816,500,-9935.0,24.472,25.66,594,89,0,0.01
1817,500,-9536.0,23.604,24.736,566,97,0,0.01
1818,500,-8888.5,22.11,23.22,555,95,0,0.01
1819,500,-8845.5,22.242,23.364,561,95,0,0.01
1820,500,-11750.5,28.83,30.05,610,83,0,0.01
1821,500,-9340.5,23.126,24.226,550,94,0,0.01
1822,460,-10879.0,27.917391304347827,29.065217391304348,528,93,1,0.01
1823,500,-9858.0,25.124,26.33,603,95,0,0.01
1824,500,-8924.0,22.268,23.388,560,100,0,0.01
1825,500,-8978.5,22.478,23.574,548,93,0,0.01
1826,500,-8327.0,21.436,22.586,575,102,0,0.01
1827,500,-9572.0,24.272,25.48,604,90,0,0.01
1828,500,-9962.0,25.14,26.32,590,95,0,0.01
1829,500,-8906.0,22.544,23.682,569,95,0,0.01
1830,500,-8877.0,22.656,23.82,582,96,0,0.01
1831,500,-10066.5,25.582,26.814,616,90,0,0.01
1832,500,-9547.0,24.216,25.396,590,95,0,0.01
1833,500,-8468.0,21.704,22.828,562,100,0,0.01
1834,500,-10087.5,25.138,26.29,576,97,0,0.01
1835,500,-9576.5,24.142,25.318,588,98,0,0.01
1836,500,-9578.5,24.122,25.27,574,97,0,0.01
1837,500,-9215.5,22.97,24.122,576,98,0,0.01
1838,500,-9098.0,22.956,24.108,576,90,0,0.01
1839,500,-9927.5,24.978,26.18,601,89,0,0.01
1840,500,-8464.5,21.654,22.808,577,95,0,0.01
1841,500,-8538.5,21.494,22.594,550,98,0,0.01
1842,500,-11086.5,27.086,28.22,567,102,0,0.01
1843,500,-11482.5,28.846,30.084,619,89,0,0.01
1844,500,-9147.5,22.97,24.114,572,92,0,0.01
1845,500,-8873.5,22.354,23.458,552,100,0,0.01
1846,500,-7736.0,20.024,21.126,551,98,0,0.01
1847,500,-10464.0,25.9,27.092,596,85,0,0.01
1848,500,-9861.0,24.44,25.576,568,91,0,0.01
1849,500,-8865.5,22.546,23.708,581,93,0,0.01
1850,500,-9593.5,24.294,25.454,580,94,0,0.01
1851,500,-8291.0,21.212,22.33,559,99,0,0.01
1852,500,-10001.0,25.008,26.22,606,92,0,0.01
1853,500,-9597.5,24.522,25.702,590,89,0,0.01
1854,500,-9389.0,24.016,25.184,584,95,0,0.01
1855,500,-9431.0,23.484,24.606,561,97,0,0.01
1856,500,-11747.0,29.064,30.32,628,81,0,0.01
1857,500,-9228.0,23.56,24.75,595,96,0,0.01
1858,500,-8552.0,21.644,22.734,545,107,0,0.01
1859,500,-10844.5,27.146,28.392,623,92,0,0.01
1860,500,-10370.5,26.014,27.242,614,93,0,0.01
1861,500,-10352.0,26.104,27.268,582,100,0,0.01
1862,500,-9357.0,23.636,24.804,584,93,0,0.01
1863,500,-9659.5,24.042,25.214,586,92,0,0.01
1864,500,-10774.5,26.462,27.654,596,89,0,0.01
1865,500,-8397.0,21.28,22.362,541,107,0,0.01
1866,500,-8632.5,21.878,23.038,580,96,0,0.01
1867,500,-8741.5,22.486,23.69,602,93,0,0.01
1868,500,-9573.5,24.482,25.642,580,104,0,0.01
1869,500,-8298.0,20.972,22.106,567,95,0,0.01
1870,500,-9913.0,24.332,25.49,579,97,0,0.01
1871,500,-10608.5,26.402,27.59,594,95,0,0.01
1872,500,-9187.0,22.8,23.922,561,95,0,0.01
1873,500,-9411.0,23.472,24.646,587,91,0,0.01
1874,500,-10787.5,26.21,27.394,592,89,0,0.01
1875,500,-7712.5,20.234,21.36,563,99,0,0.01
1876,500,-9012.0,23.012,24.192,590,92,0,0.01
1877,500,-9254.5,23.13,24.284,577,96,0,0.01
1878,500,-8650.5,21.638,22.778,570,92,0,0.01
1879,500,-8188.5,20.746,21.894,574,92,0,0.01
1880,500,-9671.5,24.282,25.458,588,97,0,0.01
1881,500,-9563.0,23.656,24.806,575,95,0,0.01
1882,500,-9147.5,22.97,24.066,548,97,0,0.01
1883,500,-10165.0,25.148,26.304,578,99,0,0.01
1884,500,-8413.5,21.114,22.204,545,96,0,0.01
1885,500,-9259.5,23.358,24.528,585,95,0,0.01
1886,500,-10389.5,26.102,27.31,604,88,0,0.01
1887,500,-9728.0,24.324,25.518,597,91,0,0.01
1888,500,-9697.0,23.824,24.982,579,89,0,0.01
1889,500,-10188.5,25.174,26.372,599,92,0,0.01
1890,500,-9425.5,23.702,24.862,580,95,0,0.01
1891,500,-8260.5,21.106,22.192,543,102,0,0.01
1892,500,-9155.5,22.686,23.814,564,98,0,0.01
1893,500,-9465.5,23.894,25.08,593,93,0,0.01
1894,500,-10585.5,26.41,27.618,604,88,0,0.01
1895,500,-9020.5,23.07,24.192,561,97,0,0.01
1896,500,-9517.0,24.104,25.256,576,96,0,0.01
1897,500,-10429.5,25.898,27.068,585,94,0,0.01
1898,500,-11069.5,27.046,28.228,591,86,0,0.01
1899,500,-8388.0,21.372,22.494,561,103,0,0.01
1900,500,-9818.5,24.598,25.712,557,98,0,0.01
1901,500,-10594.0,26.324,27.54,608,93,0,0.01
1902,500,-7879.5,19.982,21.09,554,106,0,0.01
1903,500,-7938.0,20.572,21.686,557,99,0,0.01
1904,500,-8618.0,22.004,23.146,571,98,0,0.01
1905,500,-8490.5,21.218,22.304,543,103,0,0.01
1906,500,-9914.5,24.342,25.52,589,90,0,0.01
1907,500,-8459.0,21.596,22.752,578,93,0,0.01
1908,500,-8886.5,22.054,23.186,566,87,0,0.01
1909,500,-9306.0,23.46,24.612,576,93,0,0.01
1910,500,-9281.5,22.966,24.092,563,92,0,0.01
1911,500,-9298.0,22.972,24.098,563,100,0,0.01
1912,500,-9465.0,23.576,24.752,588,92,0,0.01
1913,500,-9836.0,24.192,25.338,573,92,0,0.01
1914,500,-9805.0,24.288,25.45,581,100,0,0.01
1915,500,-9498.5,23.29,24.442,576,91,0,0.01
1916,500,-8202.0,20.476,21.572,548,97,0,0.01
1917,500,-11558.0,28.604,29.838,617,86,0,0.01
1918,500,-8093.0,20.444,21.554,555,96,0,0.01
1919,500,-8251.0,20.924,22.012,544,96,0,0.01
1920,500,-8049.5,20.578,21.72,571,92,0,0.01
1921,500,-8819.0,21.8,22.954,577,88,0,0.01
1922,500,-10590.0,26.44,27.67,615,88,0,0.01
1923,500,-9587.5,23.586,24.714,564,95,0,0.01
1924,500,-9697.0,23.86,25.03,585,93,0,0.01
1925,500,-8660.5,21.894,23.024,565,103,0,0.01
1926,500,-9414.0,23.928,25.156,614,86,0,0.01
1927,500,-8800.0,22.132,23.232,550,95,0,0.01
1928,500,-10344.5,24.794,25.922,564,87,0,0.01
1929,500,-11636.5,27.426,28.586,580,90,0,0.01
1930,500,-10203.5,24.494,25.688,597,84,0,0.01
1931,500,-13562.5,31.982,33.284,651,80,0,0.01
1932,500,-9730.0,24.124,25.322,599,85,0,0.01
1933,500,-10065.5,25.17,26.35,590,92,0,0.01
1934,500,-8887.5,21.674,22.712,519,91,0,0.01
1935,500,-9669.5,23.814,24.994,590,90,0,0.01
1936,500,-8133.5,20.246,21.346,550,89,0,0.01
1937,500,-11176.5,26.202,27.38,589,87,0,0.01
1938,500,-8969.0,21.896,23.008,556,96,0,0.01
1939,500,-9498.0,23.212,24.34,564,89,0,0.01
1940,500,-9172.0,22.016,23.112,548,82,0,0.01
1941,500,-9696.5,24.538,25.724,593,81,0,0.01
1942,500,-9596.5,23.73,24.916,593,83,0,0.01
1943,500,-8595.0,21.256,22.382,563,88,0,0.01
1944,500,-7367.5,19.11,20.24,565,94,0,0.01
1945,500,-8924.5,22.822,24.012,595,95,0,0.01
1946,500,-7340.5,18.35,19.47,560,89,0,0.01
1947,500,-9180.0,22.804,23.946,571,92,0,0.01
1948,500,-7548.0,19.192,20.282,545,92,0,0.01
1949,500,-8832.0,22.04,23.208,584,89,0,0.01
1950,500,-10811.5,26.258,27.486,614,83,0,0.01
1951,500,-9768.0,23.908,25.084,588,87,0,0.01
1952,500,-8977.0,22.32,23.45,565,92,0,0.01
1953,500,-9098.0,22.464,23.634,585,88,0,0.01
1954,500,-9899.5,23.85,24.994,572,87,0,0.01
1955,500,-8684.5,21.566,22.712,573,85,0,0.01
1956,500,-9820.5,23.018,24.128,555,92,0,0.01
1957,500,-7824.5,19.478,20.562,542,87,0,0.01
1958,500,-7765.0,19.176,20.196,510,93,0,0.01
1959,500,-8625.0,21.516,22.62,552,94,0,0.01
1960,500,-8179.5,20.75,21.914,582,88,0,0.01
1961,500,-8821.0,21.824,22.952,564,86,0,0.01
1962,500,-10409.0,25.584,26.762,589,89,0,0.01
1963,500,-9443.5,22.238,23.324,543,90,0,0.01
1964,500,-8646.0,21.484,22.622,569,87,0,0.01
1965,500,-8499.0,21.108,22.216,554,99,0,0.01
1966,500,-8317.5,20.754,21.862,554,95,0,0.01
1967,500,-9531.5,23.41,24.57,580,93,0,0.01
1968,500,-8293.5,20.11,21.136,513,94,0,0.01
1969,500,-8489.5,21.69,22.824,567,98,0,0.01
1970,500,-9525.5,23.542,24.698,578,92,0,0.01
1971,500,-7956.0,20.228,21.374,573,90,0,0.01
1972,500,-7908.0,20.256,21.412,578,87,0,0.01
1973,500,-8581.0,22.032,23.222,595,88,0,0.01
1974,500,-8333.0,21.108,22.288,590,85,0,0.01
1975,500,-9439.0,23.036,24.222,593,81,0,0.01
1976,500,-9267.0,23.312,24.506,597,88,0,0.01
1977,500,-8277.5,20.65,21.774,562,90,0,0.01
1978,500,-8481.5,21.486,22.624,569,96,0,0.01
1979,500,-8542.5,21.666,22.844,589,89,0,0.01
1980,500,-8457.0,21.668,22.814,573,90,0,0.01
1981,500,-8166.0,20.912,22.042,565,101,0,0.01
1982,500,-7958.5,20.51,21.656,573,96,0,0.01
1983,500,-10451.0,25.384,26.584,600,89,0,0.01
1984,500,-9687.0,23.776,24.942,583,87,0,0.01
1985,500,-12426.5,29.174,30.386,606,90,0,0.01
1986,500,-8380.0,21.008,22.114,553,92,0,0.01
1987,500,-8862.0,22.676,23.844,584,93,0,0.01
1988,500,-9166.0,22.68,23.82,570,94,0,0.01
1989,500,-8258.0,20.952,22.074,561,93,0,0.01
1990,500,-9044.0,22.56,23.738,589,90,0,0.01
1991,500,-8355.5,21.022,22.178,578,95,0,0.01
1992,500,-9060.5,23.134,24.386,626,86,0,0.01
1993,500,-8592.5,21.774,22.948,587,92,0,0.01
1994,500,-7621.0,19.528,20.628,550,101,0,0.01
1995,500,-8302.5,20.994,22.128,567,95,0,0.01
1996,500,-9250.5,23.362,24.518,578,101,0,0.01
1997,500,-8566.5,21.414,22.514,550,87,0,0.01
1998,500,-10159.0,25.904,27.134,615,89,0,0.01
1999,500,-7326.5,18.426,19.484,529,99,0,0.01
2000,500,-9459.0,23.736,24.894,579,94,0,0.01
2001,500,-10425.5,25.514,26.722,604,87,0,0.01
2002,500,-8456.0,21.492,22.586,547,102,0,0.01
2003,500,-8392.0,20.316,21.334,509,96,0,0.01
2004,500,-8342.0,21.428,22.572,572,100,0,0.01
2005,500,-7843.0,19.716,20.802,543,95,0,0.01
2006,500,-7544.0,19.444,20.528,542,104,0,0.01
2007,500,-8117.0,20.928,22.07,571,101,0,0.01
2008,500,-7894.5,19.962,20.994,516,107,0,0.01
2009,500,-9109.5,22.974,24.166,596,87,0,0.01
2010,500,-7964.0,20.256,21.378,561,104,0,0.01
2011,500,-7785.0,20.2,21.334,567,97,0,0.01
2012,500,-8634.0,21.988,23.136,574,92,0,0.01
2013,500,-10030.5,25.246,26.48,617,88,0,0.01
2014,500,-8276.5,21.414,22.606,596,95,0,0.01
2015,500,-7767.0,20.04,21.172,566,99,0,0.01
2016,500,-11217.0,27.132,28.346,607,83,0,0.01
2017,500,-8619.5,22.382,23.554,586,94,0,0.01
2018,500,-7972.0,20.36,21.524,582,89,0,0.01
2019,500,-8572.5,22.306,23.504,599,92,0,0.01
2020,500,-8672.5,22.082,23.256,587,88,0,0.01
2021,500,-8627.5,21.414,22.572,579,90,0,0.01
2022,500,-9481.0,24.036,25.268,616,89,0,0.01
2023,500,-8216.5,20.478,21.584,553,97,0,0.01
2024,500,-9033.0,22.84,24.012,586,94,0,0.01
2025,500,-8528.5,21.974,23.126,576,94,0,0.01
2026,500,-7890.5,20.298,21.406,554,93,0,0.01
2027,500,-7505.5,18.994,20.098,552,94,0,0.01
2028,500,-7544.5,19.322,20.394,536,102,0,0.01
2029,500,-8179.5,20.534,21.626,546,96,0,0.01
2030,500,-11909.5,29.326,30.6,637,75,0,0.01
2031,500,-10017.5,25.266,26.47,602,91,0,0.01
2032,500,-6985.5,17.986,19.026,520,98,0,0.01
2033,500,-8782.5,22.062,23.218,578,92,0,0.01
2034,500,-8339.5,21.282,22.432,575,95,0,0.01
2035,500,-8361.0,21.488,22.652,582,96,0,0.01
2036,500,-9732.5,24.09,25.246,578,95,0,0.01
2037,500,-7880.0,20.444,21.598,577,93,0,0.01
2038,500,-8828.0,22.512,23.704,596,89,0,0.01
2039,500,-10246.0,25.128,26.31,591,86,0,0.01
2040,500,-8548.0,21.48,22.604,562,91,0,0.01
2041,500,-9367.5,22.926,24.064,569,86,0,0.01
2042,500,-11411.5,27.898,29.134,618,82,0,0.01
2043,500,-7833.5,19.586,20.674,544,94,0,0.01
2044,500,-8772.0,21.5,22.626,563,96,0,0.01
2045,500,-8947.0,22.528,23.7,586,90,0,0.01
2046,500,-9207.5,23.23,24.394,582,88,0,0.01
2047,500,-7997.0,19.528,20.636,554,93,0,0.01
2048,500,-9490.0,23.98,25.152,586,95,0,0.01
2049,500,-8675.0,21.94,23.146,603,90,0,0.01
2050,500,-7957.0,20.312,21.41,549,99,0,0.01
2051,500,-10469.5,25.546,26.7,577,96,0,0.01
2052,500,-9858.0,24.78,25.968,594,91,0,0.01
2053,500,-9401.5,23.638,24.828,595,92,0,0.01
2054,500,-9613.0,24.052,25.236,592,90,0,0.01
2055,500,-9435.0,23.548,24.672,562,94,0,0.01
2056,500,-9502.5,23.258,24.354,548,88,0,0.01
2057,500,-8006.0,20.792,21.932,570,99,0,0.01
2058,500,-9497.0,23.9,25.07,585,90,0,0.01
2059,500,-8113.5,20.426,21.49,532,102,0,0.01
2060,500,-8792.0,22.036,23.166,565,93,0,0.01
2061,500,-9044.5,22.446,23.572,563,95,0,0.01
2062,500,-7670.5,18.914,19.932,509,104,0,0.01
2063,500,-9634.0,23.992,25.192,600,86,0,0.01
2064,500,-9805.5,24.434,25.666,616,84,0,0.01
2065,500,-10647.0,26.148,27.318,585,96,0,0.01
2066,500,-9379.0,23.98,25.176,598,90,0,0.01
2067,500,-10445.0,25.748,26.932,592,90,0,0.01
2068,500,-8376.5,21.062,22.194,566,91,0,0.01
2069,500,-9361.5,23.45,24.604,577,91,0,0.01
2070,500,-10013.0,25.188,26.398,605,86,0,0.01
2071,500,-8294.5,20.834,21.864,515,107,0,0.01
2072,500,-9587.0,23.856,24.994,569,95,0,0.01
2073,500,-9509.0,24.408,25.61,601,90,0,0.01
2074,500,-9701.0,24.176,25.34,582,89,0,0.01
2075,500,-8446.5,21.546,22.682,568,95,0,0.01
2076,500,-8777.5,22.122,23.282,580,84,0,0.01
2077,500,-8948.0,22.2,23.344,572,94,0,0.01
2078,500,-9310.0,23.376,24.568,596,92,0,0.01
2079,500,-9053.0,22.628,23.732,552,99,0,0.01
2080,500,-7762.0,19.724,20.828,552,92,0,0.01
2081,500,-7917.5,20.314,21.434,560,97,0,0.01
2082,500,-7830.0,19.812,20.906,547,100,0,0.01
2083,500,-8215.0,20.968,22.11,571,97,0,0.01
2084,500,-10122.5,25.422,26.54,559,93,0,0.01
2085,500,-8673.5,22.054,23.23,588,86,0,0.01
2086,500,-8743.5,22.17,23.316,573,98,0,0.01
2087,500,-9179.0,23.132,24.284,576,96,0,0.01
2088,500,-9083.0,23.048,24.216,584,87,0,0.01
2089,500,-10777.5,26.406,27.602,598,90,0,0.01
2090,500,-8092.0,20.264,21.374,555,93,0,0.01
2091,500,-10391.0,25.768,26.926,579,95,0,0.01
2092,500,-7587.5,19.234,20.326,546,99,0,0.01
2093,500,-10220.5,25.33,26.52,595,91,0,0.01
2094,500,-8444.0,21.52,22.632,556,97,0,0.01
2095,500,-8954.5,22.494,23.654,580,87,0,0.01
2096,500,-9220.0,23.64,24.814,587,99,0,0.01
2097,500,-7945.0,20.46,21.544,542,95,0,0.01
2098,500,-8411.5,21.49,22.656,583,85,0,0.01
2099,500,-7769.5,19.526,20.604,539,94,0,0.01
2100,500,-8330.0,20.992,22.074,541,94,0,0.01
2101,500,-10442.0,26.412,27.64,614,87,0,0.01
2102,500,-8884.5,22.618,23.746,564,91,0,0.01
2103,500,-9831.5,24.134,25.266,566,90,0,0.01
2104,500,-8412.5,21.342,22.438,548,105,0,0.01
2105,500,-10233.5,25.566,26.81,622,82,0,0.01
2106,500,-8733.0,22.204,23.28,538,104,0,0.01
2107,500,-10059.0,24.864,25.97,553,99,0,0.01
2108,500,-10035.5,24.602,25.76,579,95,0,0.01
2109,500,-9805.5,24.974,26.158,592,93,0,0.01
2110,500,-8901.0,22.568,23.72,576,99,0,0.01
2111,500,-9620.0,23.704,24.828,562,97,0,0.01
2112,500,-10324.5,25.61,26.81,600,89,0,0.01
2113,500,-8876.5,22.358,23.444,543,97,0,0.01
2114,500,-9194.5,23.054,24.178,562,93,0,0.01
2115,500,-8758.5,22.478,23.6,561,105,0,0.01
2116,500,-10485.5,25.958,27.13,586,101,0,0.01
2117,500,-10025.5,24.606,25.78,587,95,0,0.01
2118,500,-9520.0,24.072,25.226,577,93,0,0.01
2119,500,-9163.0,23.192,24.28,544,105,0,0.01
2120,500,-9528.0,23.652,24.792,570,98,0,0.01
2121,500,-10437.0,25.416,26.502,543,95,0,0.01
2122,500,-11083.0,26.212,27.34,564,96,0,0.01
2123,500,-9604.5,24.398,25.568,585,97,0,0.01
2124,500,-9231.0,23.348,24.528,590,93,0,0.01
2125,500,-9037.5,23.106,24.21,552,100,0,0.01
2126,500,-9223.0,23.304,24.394,545,109,0,0.01
2127,500,-9585.0,24.08,25.244,582,96,0,0.01
2128,500,-9234.0,23.456,24.606,575,102,0,0.01
2129,500,-7533.0,19.3,20.382,541,105,0,0.01
2130,500,-9446.0,23.772,24.928,578,95,0,0.01
2131,500,-9750.0,23.892,24.962,535,103,0,0.01
2132,500,-9993.5,24.874,26.052,589,96,0,0.01
2133,500,-10839.5,26.79,27.978,594,85,0,0.01
2134,500,-8710.0,22.284,23.44,578,95,0,0.01
2135,500,-8348.0,21.02,22.108,544,103,0,0.01
2136,500,-10131.0,24.972,26.154,591,89,0,0.01
2137,500,-11727.0,28.556,29.768,606,91,0,0.01
2138,500,-10072.0,24.904,26.064,580,91,0,0.01
2139,500,-9989.0,24.96,26.14,590,94,0,0.01
2140,500,-10563.5,26.45,27.65,600,90,0,0.01
2141,500,-10549.5,26.39,27.584,597,94,0,0.01
2142,500,-9207.5,23.338,24.49,576,98,0,0.01
2143,500,-10351.5,26.166,27.344,589,98,0,0.01
2144,500,-10230.0,25.6,26.776,588,95,0,0.01
2145,500,-9125.0,23.42,24.546,563,100,0,0.01
2146,500,-10239.0,25.308,26.422,557,105,0,0.01
2147,500,-10226.5,25.338,26.448,555,106,0,0.01
2148,500,-9532.0,24.1,25.228,564,97,0,0.01
2149,500,-10241.0,25.352,26.454,551,98,0,0.01
2150,500,-12456.0,29.62,30.8,590,97,0,0.01
2151,500,-10736.0,26.156,27.228,536,106,0,0.01
2152,500,-11761.0,27.808,28.902,547,99,0,0.01
2153,500,-8943.0,22.864,23.954,545,103,0,0.01
2154,500,-11204.0,27.364,28.58,608,84,0,0.01
2155,500,-9606.5,24.126,25.27,572,97,0,0.01
2156,500,-9540.5,23.674,24.772,549,101,0,0.01
2157,500,-9919.0,24.888,26.066,589,95,0,0.01
2158,500,-11202.5,27.586,28.756,585,93,0,0.01
2159,500,-10373.5,25.806,26.926,560,98,0,0.01
2160,500,-10548.0,25.616,26.738,561,96,0,0.01
2161,500,-10167.5,25.022,26.132,555,98,0,0.01
2162,500,-11379.0,27.98,29.174,597,94,0,0.01
2163,500,-12066.5,28.278,29.372,547,95,0,0.01
2164,500,-11811.0,28.952,30.152,600,94,0,0.01
2165,500,-10603.5,26.158,27.324,583,95,0,0.01
2166,500,-9497.0,23.668,24.834,583,88,0,0.01
2167,500,-10344.5,25.666,26.838,586,93,0,0.01
2168,500,-11019.5,26.738,27.932,597,86,0,0.01
2169,500,-9180.5,22.666,23.818,576,87,0,0.01
2170,500,-10742.5,26.814,28.084,635,85,0,0.01
2171,500,-11122.0,27.06,28.238,589,91,0,0.01
2172,500,-9654.5,23.898,25.034,568,93,0,0.01
2173,500,-10801.5,25.874,27.024,575,89,0,0.01
2174,500,-11859.0,29.048,30.222,587,96,0,0.01
2175,500,-12055.5,29.074,30.262,594,94,0,0.01
2176,500,-11676.5,27.794,28.938,572,87,0,0.01
2177,500,-8918.0,21.988,23.052,532,102,0,0.01
2178,500,-9235.5,22.482,23.642,580,91,0,0.01
2179,500,-9752.0,24.472,25.648,588,87,0,0.01
2180,500,-10415.5,25.118,26.234,558,92,0,0.01
2181,500,-10316.0,25.496,26.65,577,93,0,0.01
2182,500,-9732.0,24.32,25.5,590,96,0,0.01
2183,500,-10936.5,26.45,27.608,579,84,0,0.01
2184,500,-9900.5,24.846,25.994,574,96,0,0.01
2185,500,-11647.5,28.61,29.818,604,87,0,0.01
2186,500,-11522.5,27.99,29.17,590,99,0,0.01
2187,500,-11196.0,26.964,28.046,541,102,0,0.01
2188,500,-10398.0,25.816,26.948,566,103,0,0.01
2189,500,-12360.0,30.04,31.274,617,89,0,0.01
2190,500,-13271.5,31.126,32.262,568,96,0,0.01
2191,500,-11052.0,27.0,28.134,567,93,0,0.01
2192,500,-13987.0,32.216,33.272,528,101,0,0.01
2193,500,-11670.5,27.61,28.686,538,103,0,0.01
2194,500,-11989.5,29.09,30.254,582,97,0,0.01
2195,500,-12145.5,29.234,30.404,585,94,0,0.01
2196,500,-12774.0,30.376,31.588,606,86,0,0.01
2197,500,-11319.5,27.718,28.83,556,94,0,0.01
2198,500,-10964.0,26.896,27.986,545,100,0,0.01
2199,500,-11824.0,28.42,29.564,572,94,0,0.01
2200,500,-14224.0,32.304,33.408,552,100,0,0.01
2201,500,-13314.0,31.064,32.182,559,93,0,0.01
2202,500,-11906.0,28.524,29.654,565,91,0,0.01
2203,500,-12747.5,31.202,32.41,604,87,0,0.01
2204,500,-12189.5,28.854,29.968,557,88,0,0.01
2205,235,-7798.5,33.90212765957447,34.88936170212766,232,53,1,0.01
2206,500,-11306.5,26.782,27.848,533,101,0,0.01
2207,500,-11643.5,26.938,27.964,513,100,0,0.01
2208,500,-15184.5,34.266,35.388,561,99,0,0.01
2209,500,-13364.0,30.764,31.846,541,102,0,0.01
2210,500,-12979.0,30.22,31.338,559,100,0,0.01
2211,500,-13846.5,32.526,33.688,581,88,0,0.01
2212,398,-11029.0,30.613065326633166,31.587939698492463,388,85,1,0.01
2213,500,-12611.5,28.582,29.568,493,115,0,0.01
2214,500,-13538.0,31.516,32.602,543,99,0,0.01
2215,500,-14545.0,34.56,35.728,584,95,0,0.01
2216,500,-14780.5,34.134,35.218,542,109,0,0.01
2217,231,-7531.5,35.52813852813853,36.45887445887446,215,48,1,0.01
2218,500,-14089.0,33.108,34.196,544,105,0,0.01
2219,500,-14294.5,34.03,35.188,579,95,0,0.01
2220,500,-15627.5,36.634,37.838,602,87,0,0.01
2221,500,-12809.0,30.784,31.968,592,92,0,0.01
2222,500,-13519.5,31.73,32.872,571,101,0,0.01
2223,500,-13029.0,30.724,31.86,568,91,0,0.01
2224,500,-14185.5,33.234,34.374,570,98,0,0.01
2225,500,-15073.0,35.408,36.578,585,95,0,0.01
2226,500,-16310.5,36.486,37.548,531,102,0,0.01
2227,162,-6762.5,44.351851851851855,45.02469135802469,109,42,1,0.01
2228,201,-8279.5,42.74129353233831,43.6865671641791,190,47,1,0.01
2229,420,-15702.0,41.36190476190476,42.27857142857143,385,102,1,0.01
2230,326,-10940.0,37.85889570552147,38.97239263803681,363,64,1,0.01
2231,500,-17583.0,40.316,41.448,566,100,0,0.01
2232,393,-13558.0,38.81424936386768,39.92875318066158,438,77,1,0.01
2233,443,-15509.0,39.137697516930025,40.15124153498871,449,100,1,0.01
2234,398,-14925.5,41.0678391959799,42.13316582914573,424,85,1,0.01
2235,250,-7654.0,33.272,34.184,228,60,1,0.01
2236,500,-17894.5,41.034,42.144,555,100,0,0.01
2237,130,-4401.5,35.146153846153844,35.86923076923077,94,31,1,0.01
2238,153,-5287.5,36.68627450980392,37.450980392156865,117,42,1,0.01
2239,327,-12979.5,42.75535168195719,43.718654434250766,315,78,1,0.01
2240,228,-9499.5,46.8640350877193,47.83771929824562,222,55,1,0.01
2241,249,-9054.5,40.670682730923694,41.75502008032129,270,53,1,0.01
2242,338,-14498.5,48.571005917159766,49.514792899408285,319,85,1,0.01
2243,231,-7903.5,40.21212121212121,41.05194805194805,194,61,1,0.01
2244,148,-6704.0,51.445945945945944,52.027027027027025,86,48,1,0.01
2245,185,-8150.5,51.03243243243243,51.5945945945946,104,62,1,0.01
2246,166,-6725.0,45.30120481927711,46.16265060240964,143,36,1,0.01
2247,268,-11260.0,47.92537313432836,48.83582089552239,244,67,1,0.01
2248,256,-8350.0,36.0859375,36.984375,230,61,1,0.01
2249,326,-11392.0,41.171779141104295,42.04601226993865,285,84,1,0.01
2250,294,-13705.0,52.21768707482993,53.08163265306123,254,71,1,0.01
2251,166,-6748.0,45.83132530120482,46.54216867469879,118,46,1,0.01
2252,176,-6102.5,38.10795454545455,38.75,113,44,1,0.01
2253,203,-9182.5,51.600985221674875,52.285714285714285,139,62,1,0.01
2254,202,-7470.5,41.74752475247525,42.59405940594059,171,53,1,0.01
2255,195,-7616.0,43.84615384615385,44.67179487179487,161,50,1,0.01
2256,187,-7196.0,43.00534759358289,43.7379679144385,137,52,1,0.01
2257,161,-6471.0,44.45962732919255,45.03105590062112,92,50,1,0.01
2258,141,-5918.0,45.659574468085104,46.38297872340426,102,40,1,0.01
2259,183,-6716.0,41.60655737704918,42.24590163934426,117,49,1,0.01
2260,208,-7688.5,39.0625,39.89903846153846,174,58,1,0.01
2261,386,-13298.0,40.74611398963731,41.60880829015544,333,105,1,0.01
2262,246,-10510.0,48.390243902439025,49.08130081300813,170,74,1,0.01
2263,161,-6107.0,41.66459627329193,42.298136645962735,102,52,1,0.01
2264,168,-7908.5,54.160714285714285,54.55952380952381,67,64,1,0.01
2265,147,-7217.5,61.53061224489796,61.802721088435376,40,59,1,0.01
2266,182,-9821.5,68.57692307692308,69.07692307692308,91,66,1,0.01
2267,245,-10026.0,47.19183673469388,48.00816326530612,200,65,1,0.01
2268,167,-6926.5,47.80239520958084,48.604790419161674,134,48,1,0.01
2269,185,-7668.0,46.71351351351351,47.394594594594594,126,50,1,0.01
2270,153,-5782.0,41.88235294117647,42.529411764705884,99,44,1,0.01
2271,367,-15579.5,47.762942779291556,48.78474114441417,375,86,1,0.01
2272,256,-10681.0,47.296875,48.25390625,245,58,1,0.01
2273,270,-9485.0,38.97037037037037,39.666666666666664,188,80,1,0.01
2274,183,-7512.5,46.71584699453552,47.50273224043716,144,52,1,0.01
2275,206,-10162.0,58.883495145631066,59.66019417475728,160,61,1,0.01
2276,123,-5811.5,53.47154471544715,54.073170731707314,74,37,1,0.01
2277,209,-7647.0,41.282296650717704,41.92344497607655,134,63,1,0.01
2278,148,-6388.0,50.270270270270274,50.99324324324324,107,44,1,0.01
2279,173,-6308.5,40.80346820809248,41.664739884393065,149,40,1,0.01
2280,189,-7049.5,45.13756613756614,45.767195767195766,119,62,1,0.01
2281,197,-8297.0,46.86294416243655,47.63959390862944,153,56,1,0.01
2282,212,-7835.0,44.028301886792455,44.75471698113208,154,63,1,0.01
2283,249,-9362.5,43.93172690763052,44.69076305220884,189,72,1,0.01
2284,117,-4915.0,47.72649572649573,48.47863247863248,88,35,1,0.01
2285,271,-9200.0,38.83394833948339,39.830258302583026,270,66,1,0.01
2286,264,-12239.0,50.28787878787879,51.053030303030305,202,78,1,0.01
2287,153,-6042.5,43.61437908496732,44.57516339869281,147,34,1,0.01
2288,178,-8856.0,57.47191011235955,58.140449438202246,119,57,1,0.01
2289,462,-22963.5,56.25757575757576,57.21212121212121,441,108,1,0.01
2290,250,-10348.5,46.828,47.652,206,68,1,0.01
2291,175,-7097.0,46.034285714285716,46.817142857142855,137,50,1,0.01
2292,221,-9467.0,46.81447963800905,47.63800904977376,182,62,1,0.01
2293,154,-5913.5,44.27922077922078,44.967532467532465,106,51,1,0.01
2294,117,-3684.0,36.1025641025641,36.794871794871796,81,34,1,0.01
2295,277,-12680.0,51.494584837545126,52.35379061371841,238,75,1,0.01
2296,138,-5892.0,47.18840579710145,47.84782608695652,91,43,1,0.01
2297,198,-8382.0,49.474747474747474,50.06565656565657,117,67,1,0.01
2298,218,-7226.0,36.88990825688074,37.72935779816514,183,58,1,0.01
2299,175,-8198.0,56.628571428571426,57.42285714285714,139,51,1,0.01
2300,187,-6756.5,42.54010695187166,43.2620320855615,135,53,1,0.01
2301,270,-10300.0,41.08148148148148,41.94814814814815,234,69,1,0.01
2302,173,-6330.5,41.45086705202312,42.23699421965318,136,42,1,0.01
2303,252,-10404.0,47.43650793650794,48.317460317460316,222,65,1,0.01
2304,259,-11510.5,52.737451737451735,53.575289575289574,217,64,1,0.01
2305,182,-7704.5,46.95054945054945,47.87362637362637,168,46,1,0.01
2306,315,-11332.5,41.98412698412698,42.98095238095238,314,72,1,0.01
2307,145,-5826.5,42.310344827586206,42.89655172413793,85,42,1,0.01
2308,175,-7237.0,46.822857142857146,47.628571428571426,141,46,1,0.01
2309,190,-7174.5,42.98421052631579,43.88421052631579,171,50,1,0.01
2310,213,-7799.0,41.117370892018776,41.840375586854464,154,56,1,0.01
2311,129,-4682.0,38.883720930232556,39.51162790697674,81,41,1,0.01
2312,181,-6530.0,38.828729281767956,39.6353591160221,146,46,1,0.01
2313,210,-8358.0,43.542857142857144,44.357142857142854,171,54,1,0.01
2314,89,-2999.5,35.60674157303371,36.13483146067416,47,32,1,0.01
2315,150,-6391.0,47.653333333333336,48.44,118,42,1,0.01
2316,162,-6419.5,41.51234567901235,42.17901234567901,108,49,1,0.01
2317,216,-7081.5,36.66203703703704,37.416666666666664,163,52,1,0.01
2318,107,-4168.5,41.26168224299065,42.14018691588785,94,22,1,0.01
2319,205,-8590.5,46.75609756097561,47.46829268292683,146,61,1,0.01
2320,209,-8280.0,43.44497607655502,44.24401913875598,167,52,1,0.01
2321,155,-6653.0,47.52258064516129,48.348387096774196,128,35,1,0.01
2322,298,-12249.5,47.5,48.61409395973154,332,59,1,0.01
2323,133,-4966.5,39.3609022556391,40.150375939849624,105,36,1,0.01
2324,238,-10950.5,50.273109243697476,51.26470588235294,236,51,1,0.01
2325,274,-13358.5,53.90875912408759,54.894160583941606,270,62,1,0.01
2326,297,-11986.5,46.023569023569024,46.89562289562289,259,75,1,0.01
2327,247,-10459.5,48.38461538461539,49.32388663967611,232,63,1,0.01
2328,169,-7460.5,48.218934911242606,48.917159763313606,118,42,1,0.01
2329,148,-6213.5,47.479729729729726,48.21621621621622,109,42,1,0.01
2330,154,-6133.5,44.44805194805195,45.12337662337662,104,44,1,0.01
2331,156,-7356.5,55.62179487179487,56.07051282051282,70,55,1,0.01
2332,203,-6935.5,37.88669950738916,38.6551724137931,156,51,1,0.01
2333,154,-7201.0,53.74025974025974,54.298701298701296,86,46,1,0.01
2334,208,-7872.0,44.91346153846154,45.71634615384615,167,56,1,0.01
2335,386,-17530.5,52.5,53.303108808290155,310,108,1,0.01
2336,201,-8288.0,47.87064676616915,48.601990049751244,147,54,1,0.01
2337,152,-6350.0,47.85526315789474,48.53947368421053,104,43,1,0.01
2338,189,-8227.0,52.16931216931217,52.94708994708995,147,55,1,0.01
2339,204,-8031.0,46.69607843137255,47.36764705882353,137,62,1,0.01
2340,230,-10166.0,51.756521739130434,52.48695652173913,168,64,1,0.01
2341,147,-6402.0,49.673469387755105,50.31972789115646,95,44,1,0.01
2342,454,-20204.0,51.25550660792952,52.158590308370044,410,117,1,0.01
2343,200,-7339.0,40.61,41.36,150,62,1,0.01
2344,140,-5621.0,47.72857142857143,48.18571428571428,64,48,1,0.01
2345,229,-11139.5,53.29694323144105,54.082969432314414,180,61,1,0.01
2346,168,-7668.5,55.029761904761905,55.50595238095238,80,58,1,0.01
2347,174,-8274.5,55.235632183908045,55.758620689655174,91,55,1,0.01
2348,332,-14466.5,50.147590361445786,50.96686746987952,272,87,1,0.01
2349,252,-9235.5,41.54365079365079,42.44444444444444,227,46,1,0.01
2350,262,-10761.5,44.60687022900763,45.48473282442748,230,48,1,0.01
2351,196,-6795.0,39.642857142857146,40.46938775510204,162,52,1,0.01
2352,130,-4755.0,40.292307692307695,40.93846153846154,84,38,1,0.01
2353,321,-13492.5,46.57632398753894,47.47663551401869,289,76,1,0.01
2354,202,-7051.0,40.584158415841586,41.23267326732673,131,58,1,0.01
2355,118,-3486.0,30.271186440677965,30.966101694915253,82,27,1,0.01
2356,230,-10057.5,47.856521739130436,48.79565217391304,216,57,1,0.01
2357,197,-8166.0,47.34010152284264,48.19796954314721,169,54,1,0.01
2358,500,-18777.5,42.822,43.874,526,110,0,0.01
2359,203,-8374.0,45.01477832512315,45.98522167487685,197,47,1,0.01
2360,163,-4960.5,33.04907975460123,33.85889570552147,132,40,1,0.01
2361,500,-19322.0,43.98,45.012,516,107,0,0.01
2362,124,-4226.5,36.104838709677416,36.79838709677419,86,34,1,0.01
2363,240,-6892.0,32.75,33.72083333333333,233,59,1,0.01
2364,153,-6411.5,41.83660130718954,42.39869281045752,86,46,1,0.01
2365,217,-8696.5,45.38709677419355,46.2073732718894,178,48,1,0.01
2366,323,-13131.5,44.59752321981424,45.55108359133127,308,73,1,0.01
2367,165,-5960.5,38.515151515151516,39.35151515151515,138,37,1,0.01
2368,172,-7089.5,46.377906976744185,47.348837209302324,167,41,1,0.01
2369,217,-8672.5,44.576036866359445,45.45161290322581,190,50,1,0.01
2370,363,-13199.5,41.46280991735537,42.476584022038566,368,78,1,0.01
2371,242,-10683.5,49.607438016528924,50.574380165289256,234,58,1,0.01
2372,173,-7581.5,48.96531791907515,49.76878612716763,139,45,1,0.01
2373,268,-10815.0,46.02238805970149,47.07089552238806,281,61,1,0.01
2374,265,-13073.5,56.11698113207547,57.011320754716984,237,52,1,0.01
2375,200,-7883.0,42.22,43.1,176,52,1,0.01
2376,154,-5988.0,40.064935064935064,40.94155844155844,135,41,1,0.01
2377,331,-12359.0,41.99395770392749,42.92447129909365,308,79,1,0.01
2378,251,-10923.0,48.23107569721115,49.18326693227092,239,63,1,0.01
2379,198,-9128.0,53.707070707070706,54.484848484848484,154,39,1,0.01
2380,123,-4073.5,34.80487804878049,35.61788617886179,100,31,1,0.01
2381,138,-4907.0,38.34782608695652,39.07971014492754,101,37,1,0.01
2382,134,-5215.5,43.03731343283582,43.649253731343286,82,44,1,0.01
2383,211,-6306.0,32.51184834123223,33.41706161137441,191,48,1,0.01
2384,252,-11639.5,51.916666666666664,52.79365079365079,221,64,1,0.01
2385,467,-19210.5,44.55460385438972,45.601713062098504,489,98,1,0.01
2386,182,-7224.0,42.42857142857143,43.357142857142854,169,43,1,0.01
2387,215,-8965.0,46.306976744186045,47.13488372093023,178,58,1,0.01
2388,267,-11961.0,49.60299625468165,50.550561797752806,253,65,1,0.01
2389,201,-7373.5,40.353233830845774,41.049751243781095,140,54,1,0.01
2390,267,-11460.0,46.9812734082397,47.92883895131086,253,59,1,0.01
2391,395,-17789.5,50.40253164556962,51.45316455696202,415,82,1,0.01
2392,245,-7795.5,35.922448979591834,36.82857142857143,222,56,1,0.01
2393,324,-12567.5,44.76851851851852,45.78086419753087,328,73,1,0.01
2394,254,-8259.0,35.84251968503937,36.681102362204726,213,65,1,0.01
2395,299,-11475.0,42.68227424749164,43.49498327759197,243,78,1,0.01
2396,247,-10073.0,44.607287449392715,45.550607287449395,233,54,1,0.01
2397,401,-16058.0,45.72069825436409,46.69326683291771,390,95,1,0.01
2398,171,-6100.0,36.175438596491226,36.812865497076025,109,44,1,0.01
2399,190,-7407.5,43.06842105263158,43.921052631578945,162,47,1,0.01
2400,190,-7513.5,44.47894736842105,45.43157894736842,181,46,1,0.01
2401,230,-9763.0,46.19130434782609,47.11304347826087,212,54,1,0.01
2402,134,-5362.5,42.47014925373134,43.40298507462686,125,28,1,0.01
2403,500,-18030.0,42.028,43.098,535,106,0,0.01
2404,259,-11422.5,49.810810810810814,50.77220077220077,249,61,1,0.01
2405,409,-18724.5,50.8239608801956,51.858190709046454,423,85,1,0.01
2406,346,-14460.5,46.28034682080925,47.202312138728324,319,85,1,0.01
2407,500,-20931.5,48.066,49.148,541,110,0,0.01
2408,148,-5761.5,41.4527027027027,42.16891891891892,106,45,1,0.01
2409,135,-5439.0,41.79259259259259,42.50370370370371,96,38,1,0.01
2410,159,-5579.0,40.893081761006286,41.679245283018865,125,45,1,0.01
2411,193,-7570.5,44.21243523316062,44.90155440414508,133,56,1,0.01
2412,202,-6885.5,36.67821782178218,37.54455445544554,175,48,1,0.01
2413,199,-7873.0,43.768844221105525,44.618090452261306,169,51,1,0.01
2414,148,-5636.0,42.108108108108105,42.83783783783784,108,39,1,0.01
2415,211,-7533.0,40.056872037914694,40.91469194312796,181,53,1,0.01
2416,310,-12817.5,45.487096774193546,46.42258064516129,290,69,1,0.01
2417,162,-6333.5,43.26543209876543,43.98765432098765,117,46,1,0.01
2418,320,-12986.0,44.975,45.990625,325,68,1,0.01
2419,169,-5409.5,35.74556213017752,36.781065088757394,175,34,1,0.01
2420,159,-5257.5,35.062893081761004,35.79874213836478,117,41,1,0.01
2421,241,-9941.5,44.809128630705395,45.614107883817425,194,59,1,0.01
2422,202,-8543.0,48.039603960396036,48.945544554455445,183,46,1,0.01
2423,185,-7758.5,43.94054054054054,44.637837837837836,129,49,1,0.01
2424,146,-5047.0,38.04109589041096,38.705479452054796,97,42,1,0.01
2425,194,-7586.0,43.08247422680412,43.80927835051546,141,55,1,0.01
2426,163,-5438.0,35.877300613496935,36.717791411042946,137,42,1,0.01
2427,174,-6958.5,42.99425287356322,43.7183908045977,126,43,1,0.01
2428,135,-5252.0,42.54814814814815,43.37777777777778,112,31,1,0.01
2429,261,-10121.5,43.337164750957854,44.20306513409962,226,67,1,0.01
2430,202,-7658.0,43.336633663366335,44.366336633663366,208,41,1,0.01
2431,181,-6387.5,37.28729281767956,37.98342541436464,126,49,1,0.01
2432,355,-12893.5,39.540845070422534,40.40845070422535,308,84,1,0.01
2433,214,-6480.0,32.44859813084112,33.38785046728972,201,50,1,0.01
2434,171,-5464.0,34.01169590643275,34.67251461988304,113,48,1,0.01
2435,316,-9345.5,33.528481012658226,34.4746835443038,299,67,1,0.01
2436,130,-5233.5,43.00769230769231,43.86923076923077,112,32,1,0.01
2437,144,-5440.0,41.416666666666664,42.22222222222222,116,40,1,0.01
2438,254,-10312.0,44.85826771653543,45.68503937007874,210,67,1,0.01
2439,238,-9138.5,42.89495798319328,43.76470588235294,207,52,1,0.01
2440,187,-7380.0,42.26737967914438,43.01604278074866,140,51,1,0.01
2441,139,-5498.0,43.16546762589928,43.84892086330935,95,41,1,0.01
2442,460,-19387.5,48.03695652173913,49.108695652173914,493,90,1,0.01
2443,179,-5863.5,33.502793296089386,34.25698324022346,135,48,1,0.01
2444,116,-3874.5,35.33620689655172,36.13793103448276,93,25,1,0.01
2445,169,-7209.0,43.94082840236686,44.633136094674555,117,42,1,0.01
2446,202,-6188.0,34.396039603960396,35.163366336633665,155,45,1,0.01
2447,374,-17421.0,52.25133689839572,53.25668449197861,376,80,1,0.01
2448,321,-10427.5,36.35202492211838,37.33956386292835,317,66,1,0.01
2449,153,-5708.5,41.3921568627451,42.1764705882353,120,41,1,0.01
2450,218,-7588.5,37.98623853211009,39.0,221,42,1,0.01
2451,480,-15325.0,36.17916666666667,37.233333333333334,506,93,1,0.01
2452,248,-9570.5,42.94758064516129,43.79838709677419,211,60,1,0.01
2453,185,-6952.0,40.78918918918919,41.71351351351351,171,39,1,0.01
2454,241,-8897.0,37.510373443983404,38.41078838174274,217,54,1,0.01
2455,183,-7044.0,39.431693989071036,40.31147540983606,161,45,1,0.01
2456,500,-17315.0,39.036,40.102,533,104,0,0.01
2457,342,-10614.0,34.36842105263158,35.37719298245614,345,75,1,0.01
2458,419,-16480.0,42.692124105011935,43.730310262529834,435,84,1,0.01
2459,500,-17454.5,40.13,41.278,574,90,0,0.01
2460,105,-3730.0,34.34285714285714,35.06666666666667,76,20,1,0.01
2461,326,-12391.5,40.487730061349694,41.52760736196319,339,58,1,0.01
2462,500,-18579.0,41.184,42.206,511,97,0,0.01
2463,195,-5122.0,28.564102564102566,29.497435897435896,182,44,1,0.01
2464,202,-5670.5,31.123762376237625,32.06435643564357,190,44,1,0.01
2465,257,-10264.0,43.63424124513619,44.65369649805447,262,58,1,0.01
2466,500,-17548.0,40.864,41.994,565,98,0,0.01
2467,500,-14867.0,35.276,36.346,535,108,0,0.01
2468,500,-17498.0,40.188,41.29,551,99,0,0.01
2469,500,-18245.5,41.914,43.048,567,100,0,0.01
2470,347,-13086.5,42.08933717579251,43.12391930835735,359,76,1,0.01
2471,500,-15897.0,36.276,37.338,531,97,0,0.01
2472,303,-9905.0,36.17161716171617,37.023102310231025,258,69,1,0.01
2473,192,-6274.5,35.723958333333336,36.630208333333336,174,45,1,0.01
2474,273,-10672.5,41.937728937728934,42.89377289377289,261,50,1,0.01
2475,307,-10645.5,38.92182410423453,39.86970684039088,291,69,1,0.01
2476,251,-9698.5,42.73705179282869,43.59362549800797,215,55,1,0.01
2477,199,-7908.5,44.5678391959799,45.391959798994975,164,46,1,0.01
2478,417,-15928.5,42.75539568345324,43.829736211031175,448,88,1,0.01
2479,245,-9928.0,44.66122448979592,45.60408163265306,231,52,1,0.01
2480,438,-17629.5,44.88812785388128,46.03196347031963,501,85,1,0.01
2481,298,-10748.5,40.79530201342282,41.72147651006711,276,56,1,0.01
2482,424,-16760.0,43.79716981132076,44.83490566037736,440,83,1,0.01
2483,124,-4524.0,38.854838709677416,39.45161290322581,74,29,1,0.01
2484,251,-9657.0,42.68525896414343,43.701195219123505,255,57,1,0.01
2485,242,-7624.5,35.18595041322314,36.078512396694215,216,50,1,0.01
2486,402,-13513.5,37.93283582089552,38.972636815920396,418,79,1,0.01
2487,122,-4195.5,33.66393442622951,34.42622950819672,93,30,1,0.01
2488,188,-6213.5,35.37765957446808,36.265957446808514,167,48,1,0.01
2489,202,-8471.0,46.82178217821782,47.76237623762376,190,44,1,0.01
2490,306,-10434.5,38.34313725490196,39.30392156862745,294,70,1,0.01
2491,283,-10323.0,40.734982332155475,41.851590106007066,316,56,1,0.01
2492,500,-16607.5,39.69,40.92,615,89,0,0.01
2493,500,-14804.0,34.484,35.584,550,102,0,0.01
2494,319,-9572.5,33.71473354231975,34.73354231974922,325,62,1,0.01
2495,500,-14474.5,33.922,35.02,549,101,0,0.01
2496,500,-15999.0,38.044,39.184,570,94,0,0.01
2497,500,-14348.0,34.428,35.588,580,93,0,0.01
2498,500,-17104.0,39.34,40.47,565,95,0,0.01
2499,500,-15322.0,35.76,36.878,559,90,0,0.01
2500,396,-12964.5,36.426767676767675,37.5,425,68,1,0.01
2501,500,-16440.5,38.322,39.5,589,84,0,0.01
2502,239,-8637.5,40.06276150627615,41.11715481171548,252,45,1,0.01
2503,500,-13078.5,31.326,32.436,555,91,0,0.01
2504,246,-7411.5,32.04471544715447,33.020325203252035,240,52,1,0.01
2505,500,-19953.5,44.026,45.128,551,96,0,0.01
2506,500,-14874.5,34.298,35.346,524,105,0,0.01
2507,500,-14802.0,34.448,35.53,541,105,0,0.01
2508,222,-7079.0,34.52252252252252,35.572072072072075,233,48,1,0.01
2509,268,-8341.0,33.559701492537314,34.541044776119406,263,61,1,0.01
2510,500,-14189.0,34.196,35.338,571,101,0,0.01
2511,500,-15480.5,35.97,37.108,569,94,0,0.01
2512,500,-13950.5,33.254,34.38,563,97,0,0.01
2513,500,-16566.0,37.352,38.442,545,96,0,0.01
2514,301,-8501.0,32.18604651162791,33.22591362126246,313,68,1,0.01
2515,500,-16841.5,38.298,39.466,584,93,0,0.01
2516,500,-14043.5,33.17,34.262,546,100,0,0.01
2517,500,-13184.0,31.848,32.976,564,95,0,0.01
2518,500,-14756.0,34.324,35.494,585,90,0,0.01
2519,87,-2791.0,31.2183908045977,32.01149425287356,69,19,1,0.01
2520,500,-14914.0,32.984,34.036,526,103,0,0.01
2521,500,-13836.0,32.004,33.108,552,98,0,0.01
2522,265,-7404.5,29.883018867924527,30.72830188679245,224,60,1,0.01
2523,465,-15376.0,36.473118279569896,37.520430107526884,487,88,1,0.01
2524,500,-13828.0,33.148,34.264,558,95,0,0.01
2525,500,-14555.0,34.812,36.004,596,83,0,0.01
2526,500,-14111.0,31.952,33.01,529,102,0,0.01
2527,500,-14258.5,34.29,35.464,587,93,0,0.01
2528,500,-12927.5,30.29,31.4,555,100,0,0.01
2529,500,-14487.0,34.2,35.364,582,88,0,0.01
2530,500,-15513.5,35.174,36.342,584,91,0,0.01
2531,500,-14874.5,34.758,35.91,576,96,0,0.01
2532,131,-4187.0,32.717557251908396,33.41984732824427,92,35,1,0.01
2533,500,-12359.0,29.736,30.874,569,94,0,0.01
2534,500,-15122.0,34.332,35.436,552,99,0,0.01
2535,286,-7991.5,30.611888111888113,31.55944055944056,271,58,1,0.01
2536,500,-15649.5,35.506,36.522,508,99,0,0.01
2537,500,-13785.0,31.596,32.69,547,98,0,0.01
2538,500,-14003.0,33.524,34.704,590,99,0,0.01
2539,500,-13149.0,29.96,31.054,547,95,0,0.01
2540,500,-13678.0,33.38,34.656,638,82,0,0.01
2541,500,-14505.5,34.514,35.702,594,95,0,0.01
2542,500,-12234.5,29.278,30.364,543,97,0,0.01
2543,500,-15482.0,35.572,36.74,584,90,0,0.01
2544,500,-11572.0,28.44,29.586,573,100,0,0.01
2545,500,-12123.5,29.01,30.134,562,100,0,0.01
2546,500,-11940.5,28.998,30.11,556,101,0,0.01
2547,500,-12651.5,29.878,30.954,538,98,0,0.01
2548,500,-13639.5,31.674,32.808,567,93,0,0.01
2549,500,-14147.5,34.786,36.066,640,82,0,0.01
2550,500,-12895.5,31.422,32.648,613,95,0,0.01
2551,500,-12772.0,29.868,30.988,560,99,0,0.01
2552,500,-13786.0,31.84,32.926,543,100,0,0.01
2553,500,-12143.0,28.844,29.924,540,105,0,0.01
2554,500,-15098.0,33.752,34.878,563,98,0,0.01
2555,500,-16071.5,36.346,37.496,575,96,0,0.01
2556,500,-13626.5,31.066,32.144,539,100,0,0.01
2557,500,-12492.5,29.634,30.794,580,95,0,0.01
2558,168,-4782.0,29.61904761904762,30.488095238095237,146,38,1,0.01
2559,500,-14574.5,34.018,35.198,590,100,0,0.01
2560,500,-12218.5,29.574,30.672,549,102,0,0.01
2561,500,-15696.5,37.362,38.558,598,92,0,0.01
2562,500,-13741.0,32.636,33.752,558,88,0,0.01
2563,500,-13494.0,32.16,33.372,606,93,0,0.01
2564,500,-11948.5,28.958,30.066,554,104,0,0.01
2565,500,-11602.0,28.688,29.79,551,102,0,0.01
2566,500,-12076.0,28.936,30.018,541,99,0,0.01
2567,500,-12717.5,30.762,31.896,567,98,0,0.01
2568,500,-12498.5,30.782,31.904,561,101,0,0.01
2569,500,-12438.0,30.024,31.17,573,101,0,0.01
2570,500,-12773.0,31.104,32.294,595,99,0,0.01
2571,500,-12320.5,28.954,30.012,529,112,0,0.01
2572,500,-13580.0,32.512,33.686,587,89,0,0.01
2573,500,-12761.5,30.93,32.048,559,105,0,0.01
2574,500,-14002.0,33.52,34.728,604,91,0,0.01
2575,500,-11903.0,29.476,30.574,549,106,0,0.01
2576,500,-12485.5,29.906,31.036,565,100,0,0.01
2577,500,-12414.0,29.556,30.656,550,99,0,0.01
2578,500,-11478.0,27.668,28.744,538,105,0,0.01
2579,500,-13764.5,32.534,33.736,601,90,0,0.01
2580,500,-11377.5,28.038,29.106,534,111,0,0.01
2581,500,-12688.5,30.41,31.544,567,101,0,0.01
2582,500,-11723.5,28.094,29.168,537,103,0,0.01
2583,500,-12725.0,30.776,31.976,600,87,0,0.01
2584,500,-12806.0,30.312,31.426,557,104,0,0.01
2585,500,-14160.0,31.732,32.822,545,101,0,0.01
2586,500,-12880.0,30.932,32.096,582,97,0,0.01
2587,500,-13089.0,32.176,33.398,611,90,0,0.01
2588,500,-13035.0,31.42,32.596,588,97,0,0.01
2589,500,-10554.0,26.952,28.18,614,92,0,0.01
2590,500,-12833.5,29.898,31.0,551,101,0,0.01
2591,500,-9906.0,24.78,25.926,573,103,0,0.01
2592,500,-11330.5,27.11,28.226,558,98,0,0.01
2593,500,-12518.0,29.78,30.902,561,104,0,0.01
2594,500,-11018.5,26.846,27.962,558,101,0,0.01
2595,500,-12125.5,28.406,29.56,577,97,0,0.01
2596,500,-9966.0,25.308,26.464,578,97,0,0.01
2597,500,-11370.0,28.12,29.32,600,97,0,0.01
2598,500,-11183.5,27.434,28.572,569,93,0,0.01
2599,500,-10933.5,27.294,28.494,600,88,0,0.01
2600,500,-11271.0,26.944,28.066,561,95,0,0.01
2601,500,-12908.0,30.972,32.142,585,90,0,0.01
2602,500,-11365.5,27.41,28.55,570,96,0,0.01
2603,500,-10506.0,25.664,26.732,534,99,0,0.01
2604,500,-12789.0,29.46,30.582,561,95,0,0.01
2605,500,-10596.5,26.49,27.654,582,98,0,0.01
2606,500,-12254.5,29.046,30.21,582,89,0,0.01
2607,500,-11705.0,28.832,30.05,609,91,0,0.01
2608,500,-9836.0,24.42,25.528,554,92,0,0.01
2609,500,-11015.5,27.066,28.26,597,90,0,0.01
2610,500,-10665.0,26.312,27.49,589,94,0,0.01
2611,500,-10097.0,24.572,25.71,569,91,0,0.01
2612,500,-10892.0,27.144,28.358,607,88,0,0.01
2613,500,-9945.0,24.508,25.634,563,97,0,0.01
2614,500,-11014.5,27.026,28.206,590,89,0,0.01
2615,500,-9951.5,24.81,25.986,588,86,0,0.01
2616,500,-9574.5,23.59,24.66,535,92,0,0.01
2617,500,-11274.0,27.128,28.262,567,92,0,0.01
2618,500,-9524.0,24.08,25.17,545,101,0,0.01
2619,500,-9481.5,23.722,24.842,560,89,0,0.01
2620,500,-9389.0,23.772,24.92,574,100,0,0.01
2621,500,-12604.5,29.538,30.752,607,81,0,0.01
2622,500,-12270.0,28.388,29.536,574,85,0,0.01
2623,500,-9946.0,25.04,26.188,574,96,0,0.01
2624,500,-9560.5,23.746,24.84,547,96,0,0.01
2625,500,-9218.0,23.136,24.312,588,86,0,0.01
2626,500,-10526.5,26.258,27.396,569,95,0,0.01
2627,500,-11642.5,28.018,29.158,570,95,0,0.01
2628,500,-8637.5,21.902,23.018,558,91,0,0.01
2629,500,-10134.5,25.242,26.38,569,96,0,0.01
2630,500,-11298.0,28.284,29.534,625,82,0,0.01
2631,500,-8546.0,21.476,22.56,542,97,0,0.01
2632,500,-9634.0,24.132,25.328,598,85,0,0.01
2633,500,-10076.5,25.026,26.15,562,94,0,0.01
2634,500,-8781.5,21.73,22.786,528,97,0,0.01
2635,500,-9382.5,23.07,24.174,552,94,0,0.01
2636,500,-10668.0,25.572,26.718,573,90,0,0.01
2637,500,-8785.5,22.042,23.164,561,98,0,0.01
2638,500,-9906.0,24.408,25.546,569,93,0,0.01
2639,500,-9352.5,23.394,24.564,585,92,0,0.01
2640,500,-8535.0,21.644,22.85,603,82,0,0.01
2641,500,-10861.5,27.078,28.28,601,87,0,0.01
2642,500,-9296.5,23.694,24.816,561,98,0,0.01
2643,500,-9811.5,24.25,25.428,589,88,0,0.01
2644,500,-10422.5,26.186,27.332,573,99,0,0.01
2645,500,-10173.5,25.282,26.46,589,92,0,0.01
2646,500,-9936.5,24.506,25.658,576,90,0,0.01
2647,500,-10761.5,26.314,27.52,603,87,0,0.01
2648,500,-10576.0,25.732,26.878,573,90,0,0.01
2649,500,-10084.5,24.698,25.848,575,90,0,0.01
2650,500,-10674.5,26.498,27.712,607,94,0,0.01
2651,500,-10766.0,26.892,28.07,589,95,0,0.01
2652,500,-10759.0,26.46,27.6,570,96,0,0.01
2653,500,-9076.5,22.846,23.982,568,96,0,0.01
2654,500,-9687.0,24.604,25.76,578,95,0,0.01
2655,500,-11243.5,27.826,29.038,606,87,0,0.01
2656,500,-9280.0,23.068,24.182,557,99,0,0.01
2657,500,-8822.0,22.068,23.168,550,97,0,0.01
2658,500,-9181.5,22.79,23.886,548,96,0,0.01
2659,500,-9785.5,24.302,25.472,585,91,0,0.01
2660,500,-9935.5,24.886,26.068,591,91,0,0.01
2661,500,-9843.0,24.024,25.146,561,97,0,0.01
2662,500,-9880.0,24.424,25.592,584,97,0,0.01
2663,500,-10473.5,25.65,26.87,610,79,0,0.01
2664,500,-8752.5,21.554,22.656,551,95,0,0.01
2665,500,-9450.5,23.594,24.754,580,86,0,0.01
2666,500,-9925.0,24.276,25.402,563,88,0,0.01
2667,500,-10984.0,26.468,27.644,588,93,0,0.01
2668,500,-8693.0,21.692,22.828,568,93,0,0.01
2669,500,-8402.5,21.17,22.266,548,95,0,0.01
2670,500,-9927.0,24.252,25.406,577,93,0,0.01
2671,500,-8168.5,20.226,21.306,540,92,0,0.01
2672,500,-10761.5,26.742,27.976,617,81,0,0.01
2673,500,-10308.5,26.238,27.49,626,87,0,0.01
2674,500,-9198.0,22.992,24.134,571,91,0,0.01
2675,500,-10416.0,25.1,26.24,570,94,0,0.01
2676,500,-9417.0,24.02,25.182,581,96,0,0.01
2677,500,-9452.5,23.99,25.168,589,90,0,0.01
2678,500,-11224.5,27.15,28.312,581,86,0,0.01
2679,500,-9287.5,23.502,24.658,578,92,0,0.01
2680,500,-8209.0,20.792,21.956,582,93,0,0.01
2681,500,-9029.5,22.062,23.152,545,98,0,0.01
2682,500,-9721.0,23.992,25.144,576,91,0,0.01
2683,500,-9105.0,22.576,23.666,545,91,0,0.01
2684,500,-9491.0,23.476,24.632,578,92,0,0.01
2685,500,-11120.5,26.438,27.58,571,95,0,0.01
2686,500,-10811.0,26.396,27.64,622,78,0,0.01
2687,500,-8794.5,21.498,22.644,573,90,0,0.01
2688,500,-10317.0,25.452,26.634,591,89,0,0.01
2689,500,-9686.5,23.982,25.15,584,93,0,0.01
2690,500,-8945.0,21.596,22.712,558,91,0,0.01
2691,500,-8569.5,21.83,22.958,564,92,0,0.01
2692,500,-7720.0,19.364,20.414,525,103,0,0.01
2693,500,-8963.5,22.334,23.476,571,95,0,0.01
2694,500,-8951.5,22.582,23.716,567,100,0,0.01
2695,500,-7759.5,19.478,20.562,542,96,0,0.01
2696,500,-8045.5,20.202,21.372,585,88,0,0.01
2697,500,-9120.0,21.912,22.976,532,87,0,0.01
2698,500,-12429.0,30.252,31.486,617,82,0,0.01
2699,500,-9870.0,24.664,25.844,590,94,0,0.01
2700,500,-9886.0,24.748,25.886,569,89,0,0.01
2701,500,-8025.5,20.722,21.874,576,95,0,0.01
2702,500,-7788.0,19.508,20.592,542,88,0,0.01
2703,500,-7809.5,19.566,20.688,561,81,0,0.01
2704,500,-8812.0,22.176,23.324,574,98,0,0.01
2705,500,-9155.0,22.704,23.874,585,87,0,0.01
2706,500,-8311.5,20.79,21.958,584,87,0,0.01
2707,500,-8801.5,22.31,23.452,571,91,0,0.01
2708,500,-8639.0,21.772,22.898,563,91,0,0.01
2709,500,-8625.0,21.188,22.318,565,91,0,0.01
2710,500,-11138.5,28.146,29.386,620,90,0,0.01
2711,500,-8313.5,21.278,22.446,584,88,0,0.01
2712,500,-9169.0,23.248,24.396,574,85,0,0.01
2713,500,-8828.0,21.908,23.026,559,91,0,0.01
2714,500,-8580.0,21.86,22.998,569,96,0,0.01
2715,500,-8912.5,21.974,23.1,563,89,0,0.01
2716,500,-10329.0,24.76,25.94,590,85,0,0.01
2717,500,-9678.5,24.494,25.678,592,86,0,0.01
2718,500,-9774.5,24.366,25.556,595,87,0,0.01
2719,500,-9527.5,23.854,25.03,588,93,0,0.01
2720,500,-11213.0,27.836,29.044,604,89,0,0.01
2721,500,-8822.0,21.964,23.084,560,91,0,0.01
2722,500,-7845.5,19.978,21.136,579,92,0,0.01
2723,500,-9169.5,22.366,23.524,579,92,0,0.01
2724,500,-8843.0,22.184,23.35,583,87,0,0.01
2725,500,-9930.5,24.906,26.112,603,88,0,0.01
2726,500,-9137.5,22.894,24.104,605,85,0,0.01
2727,500,-9576.5,23.794,24.924,565,96,0,0.01
2728,500,-8384.0,21.584,22.692,554,95,0,0.01
2729,500,-10287.5,24.45,25.594,572,89,0,0.01
2730,500,-10442.0,26.084,27.31,613,91,0,0.01
2731,500,-8861.0,22.26,23.424,582,92,0,0.01
2732,500,-8662.5,22.194,23.374,590,90,0,0.01
2733,500,-9275.0,23.08,24.24,580,91,0,0.01
2734,500,-9382.5,23.43,24.552,561,102,0,0.01
2735,500,-7655.5,19.258,20.378,560,91,0,0.01
2736,500,-10602.0,26.048,27.226,589,95,0,0.01
2737,500,-7958.5,19.958,21.076,559,88,0,0.01
2738,500,-9103.0,22.408,23.522,557,92,0,0.01
2739,500,-9431.0,23.684,24.834,575,88,0,0.01
2740,500,-9026.5,22.494,23.696,601,80,0,0.01
2741,500,-8265.0,20.572,21.676,552,93,0,0.01
2742,500,-10200.0,25.356,26.564,604,88,0,0.01
2743,500,-9450.0,23.924,25.144,610,88,0,0.01
2744,500,-10633.5,26.482,27.686,602,86,0,0.01
2745,500,-8878.5,22.706,23.868,581,92,0,0.01
2746,500,-8219.0,20.892,21.978,543,102,0,0.01
2747,500,-8329.0,20.86,22.012,576,89,0,0.01
2748,500,-8867.0,22.6,23.804,602,90,0,0.01
2749,500,-8896.5,22.434,23.564,565,97,0,0.01
2750,500,-8669.0,21.812,22.992,590,79,0,0.01
2751,500,-8156.0,20.872,22.04,584,88,0,0.01
2752,500,-6889.5,17.586,18.664,539,89,0,0.01
2753,500,-8925.5,22.542,23.73,594,88,0,0.01
2754,500,-8763.0,22.26,23.406,573,88,0,0.01
2755,500,-10380.5,25.562,26.752,595,91,0,0.01
2756,500,-8601.5,21.338,22.42,541,99,0,0.01
2757,500,-8461.0,21.376,22.536,580,87,0,0.01
2758,500,-7818.5,20.002,21.162,580,85,0,0.01
2759,500,-11061.5,27.994,29.244,625,87,0,0.01
2760,500,-7524.0,18.936,19.998,531,102,0,0.01
2761,500,-10946.0,26.94,28.186,623,84,0,0.01
2762,500,-8293.0,21.172,22.298,563,94,0,0.01
2763,500,-10916.0,26.024,27.198,587,92,0,0.01
2764,500,-8482.5,21.754,22.95,598,91,0,0.01
2765,500,-8346.5,21.17,22.322,576,97,0,0.01
2766,500,-8197.5,20.97,22.088,559,100,0,0.01
2767,500,-7663.0,19.516,20.662,573,94,0,0.01
2768,500,-7809.0,19.876,21.036,580,89,0,0.01
2769,500,-9449.5,24.126,25.364,619,88,0,0.01
2770,500,-8681.0,21.52,22.63,555,96,0,0.01
2771,500,-7400.0,18.728,19.804,538,96,0,0.01
2772,500,-8176.0,20.82,21.974,577,91,0,0.01
2773,500,-10002.0,25.58,26.804,612,90,0,0.01
2774,500,-7806.0,19.72,20.856,568,88,0,0.01
2775,500,-8975.5,22.698,23.874,588,88,0,0.01
2776,500,-7417.5,18.754,19.84,543,92,0,0.01
2777,500,-7801.5,19.946,21.08,567,92,0,0.01
2778,500,-9113.5,23.098,24.28,591,94,0,0.01
2779,500,-8925.0,22.852,24.016,582,95,0,0.01
2780,500,-7974.0,20.032,21.162,565,95,0,0.01
2781,500,-8843.5,22.574,23.78,603,87,0,0.01
2782,500,-7582.0,19.388,20.54,576,90,0,0.01
2783,500,-7513.5,19.17,20.25,540,96,0,0.01
2784,500,-6786.0,16.972,18.014,521,90,0,0.01
2785,500,-8460.5,21.434,22.578,572,91,0,0.01
2786,500,-8702.0,21.864,23.044,590,90,0,0.01
2787,500,-7800.5,19.526,20.642,558,93,0,0.01
2788,500,-7571.5,19.41,20.554,572,90,0,0.01
2789,500,-7883.5,20.062,21.216,577,87,0,0.01
2790,500,-10070.5,25.062,26.298,618,80,0,0.01
2791,500,-8887.0,22.116,23.25,567,94,0,0.01
2792,500,-7788.0,19.788,20.93,571,89,0,0.01
2793,500,-8998.0,22.636,23.788,576,92,0,0.01
2794,500,-7722.0,19.264,20.358,547,90,0,0.01
2795,500,-8354.0,21.304,22.452,574,92,0,0.01
2796,500,-7839.5,19.85,21.004,577,85,0,0.01
2797,500,-7877.0,19.752,20.878,563,89,0,0.01
2798,500,-10275.0,25.696,26.888,596,89,0,0.01
2799,500,-11855.5,28.786,30.03,622,84,0,0.01
2800,500,-7961.0,20.344,21.46,558,95,0,0.01
2801,500,-9583.5,23.874,25.074,600,86,0,0.01
2802,500,-11417.5,27.778,29.002,612,83,0,0.01
2803,500,-9296.0,23.244,24.414,585,91,0,0.01
2804,500,-8216.5,20.814,21.978,582,87,0,0.01
2805,500,-8261.5,20.814,21.948,567,93,0,0.01
2806,500,-8667.5,22.498,23.71,606,93,0,0.01
2807,500,-8235.0,20.704,21.822,559,88,0,0.01
2808,500,-7859.5,19.97,21.04,535,98,0,0.01
2809,500,-9266.5,22.694,23.85,578,83,0,0.01
2810,500,-7505.0,19.184,20.314,565,93,0,0.01
2811,500,-8057.0,20.336,21.452,558,92,0,0.01
2812,500,-11008.0,27.18,28.372,596,89,0,0.01
2813,500,-10158.5,25.438,26.618,590,85,0,0.01
2814,500,-9276.0,23.472,24.686,607,90,0,0.01
2815,500,-7116.0,17.408,18.396,494,98,0,0.01
2816,500,-7802.5,19.822,20.968,573,94,0,0.01
2817,500,-9335.5,23.278,24.462,592,87,0,0.01
2818,500,-7156.0,18.284,19.396,556,91,0,0.01
2819,500,-8790.0,22.044,23.244,600,85,0,0.01
2820,500,-7564.0,18.4,19.454,527,86,0,0.01
2821,500,-9689.0,24.552,25.76,604,89,0,0.01
2822,500,-8004.5,20.298,21.424,563,90,0,0.01
2823,500,-8102.5,20.462,21.586,562,87,0,0.01
2824,500,-9192.0,23.156,24.336,590,84,0,0.01
2825,500,-7580.5,19.518,20.688,585,89,0,0.01
2826,500,-7983.0,20.3,21.432,566,88,0,0.01
2827,500,-7810.0,19.568,20.644,538,89,0,0.01
2828,500,-8279.0,20.968,22.132,582,92,0,0.01
2829,500,-8444.5,21.002,22.108,553,92,0,0.01
2830,500,-7020.0,18.136,19.236,550,89,0,0.01
2831,500,-7938.0,19.96,21.05,545,95,0,0.01
2832,500,-9919.0,24.288,25.472,592,84,0,0.01
2833,500,-9975.5,25.418,26.656,619,83,0,0.01
2834,500,-7422.0,18.996,20.114,559,96,0,0.01
2835,500,-9635.0,24.1,25.318,609,88,0,0.01
2836,500,-7270.0,18.512,19.626,557,89,0,0.01
2837,500,-11868.0,28.248,29.438,595,87,0,0.01
2838,500,-9058.5,23.27,24.496,613,88,0,0.01
2839,500,-8931.5,22.922,24.134,606,87,0,0.01
2840,500,-8041.0,20.468,21.596,564,87,0,0.01
2841,500,-7539.5,19.494,20.632,569,90,0,0.01
2842,500,-8455.0,20.92,22.036,558,86,0,0.01
2843,500,-8680.0,21.532,22.672,570,91,0,0.01
2844,500,-8884.0,22.376,23.54,582,90,0,0.01
2845,500,-7727.0,19.364,20.512,574,87,0,0.01
2846,500,-9293.0,23.66,24.884,612,84,0,0.01
2847,500,-7142.5,17.786,18.856,535,91,0,0.01
2848,500,-6873.5,17.786,18.948,581,84,0,0.01
2849,500,-9429.5,23.346,24.512,583,86,0,0.01
2850,500,-10579.0,25.924,27.152,614,84,0,0.01
2851,500,-8673.0,21.768,22.942,587,86,0,0.01
2852,500,-8559.0,21.796,22.972,588,94,0,0.01
2853,500,-10119.5,25.486,26.738,626,82,0,0.01
2854,500,-8172.0,20.824,22.018,597,84,0,0.01
2855,500,-8230.5,20.87,22.066,598,86,0,0.01
2856,500,-7229.0,18.5,19.636,568,87,0,0.01
2857,500,-7307.5,18.67,19.768,549,90,0,0.01
2858,500,-9402.5,23.318,24.474,578,89,0,0.01
2859,500,-7937.5,20.246,21.404,579,88,0,0.01
2860,500,-7756.5,19.262,20.374,556,85,0,0.01
2861,500,-8452.5,21.41,22.568,579,94,0,0.01
2862,500,-7044.5,17.802,18.888,543,87,0,0.01
2863,500,-9178.0,22.504,23.636,566,86,0,0.01
2864,500,-9565.5,23.914,25.11,598,81,0,0.01
2865,500,-10507.5,26.254,27.478,612,83,0,0.01
2866,500,-8535.0,21.276,22.422,573,88,0,0.01
2867,500,-7384.0,18.4,19.49,545,87,0,0.01
2868,500,-8047.0,20.34,21.498,579,88,0,0.01
2869,500,-7947.5,20.014,21.082,534,96,0,0.01
2870,500,-8554.0,21.684,22.8,558,89,0,0.01
2871,500,-8726.5,22.41,23.65,620,84,0,0.01
2872,500,-8786.0,21.968,23.122,577,86,0,0.01
2873,500,-8935.0,22.684,23.876,596,86,0,0.01
2874,500,-7982.5,20.374,21.558,592,87,0,0.01
2875,500,-7898.5,20.362,21.518,578,92,0,0.01
2876,500,-8628.0,21.96,23.132,586,84,0,0.01
2877,500,-8040.5,20.418,21.578,580,91,0,0.01
2878,500,-6865.0,17.216,18.22,502,99,0,0.01
2879,500,-6542.0,16.852,17.948,548,92,0,0.01
2880,500,-8197.0,20.692,21.808,558,95,0,0.01
2881,500,-8741.0,22.296,23.482,593,86,0,0.01
2882,500,-7328.5,18.666,19.796,565,88,0,0.01
2883,500,-8264.0,21.196,22.392,598,84,0,0.01
2884,500,-10329.5,25.778,27.004,613,86,0,0.01
2885,500,-7531.0,19.428,20.604,588,89,0,0.01
2886,500,-7993.5,20.026,21.174,574,89,0,0.01
2887,500,-8632.0,21.764,22.93,583,90,0,0.01
2888,500,-7271.0,18.7,19.832,566,94,0,0.01
2889,500,-7667.5,18.89,19.992,551,85,0,0.01
2890,500,-10025.0,24.964,26.168,602,90,0,0.01
2891,500,-8242.5,20.882,22.036,577,91,0,0.01
2892,500,-9337.0,23.26,24.438,589,83,0,0.01
2893,500,-8783.5,22.306,23.426,560,92,0,0.01
2894,500,-8158.0,20.236,21.346,555,87,0,0.01
2895,500,-8863.0,22.656,23.862,603,83,0,0.01
2896,500,-10158.5,25.586,26.83,622,83,0,0.01
2897,500,-7774.0,19.66,20.732,536,92,0,0.01
2898,500,-9584.5,24.31,25.506,598,84,0,0.01
2899,500,-8239.5,20.946,22.104,579,88,0,0.01
2900,500,-8927.5,22.906,24.108,601,88,0,0.01
2901,500,-7631.0,19.592,20.714,561,97,0,0.01
2902,500,-8229.0,21.14,22.308,584,87,0,0.01
2903,500,-11412.5,27.51,28.71,600,84,0,0.01
2904,500,-7792.5,20.038,21.16,561,94,0,0.01
2905,500,-8992.5,22.858,24.016,579,91,0,0.01
2906,500,-7755.0,19.68,20.842,581,89,0,0.01
2907,500,-7802.5,19.626,20.714,544,90,0,0.01
2908,500,-9546.5,24.082,25.298,608,81,0,0.01
2909,500,-8243.5,20.786,21.926,570,89,0,0.01
2910,500,-10022.5,24.706,25.906,600,87,0,0.01
2911,500,-7518.5,19.614,20.754,570,91,0,0.01
2912,500,-7833.5,20.17,21.306,568,93,0,0.01
2913,500,-9236.0,23.348,24.528,590,92,0,0.01
2914,500,-8973.0,23.028,24.256,614,87,0,0.01
2915,500,-9327.5,23.446,24.62,587,88,0,0.01
2916,500,-7976.0,19.652,20.74,544,90,0,0.01
2917,500,-9363.0,23.768,24.978,605,85,0,0.01
2918,500,-9263.5,22.978,24.146,584,82,0,0.01
2919,500,-8632.0,21.04,22.12,540,97,0,0.01
2920,500,-10974.0,26.516,27.718,601,81,0,0.01
2921,500,-9303.5,23.27,24.462,596,89,0,0.01
2922,500,-8657.0,22.068,23.22,576,97,0,0.01
2923,500,-7473.0,18.672,19.694,511,96,0,0.01
2924,500,-7459.0,18.968,20.088,560,94,0,0.01
2925,500,-8796.0,22.104,23.32,608,89,0,0.01
2926,500,-7464.5,19.294,20.418,562,93,0,0.01
2927,500,-8045.5,20.378,21.504,563,98,0,0.01
2928,500,-7943.5,20.262,21.396,567,94,0,0.01
2929,500,-7874.0,19.944,21.03,543,95,0,0.01
2930,500,-8590.0,21.612,22.772,580,92,0,0.01
2931,500,-7097.0,18.32,19.428,554,93,0,0.01
2932,500,-8165.5,20.778,21.928,575,92,0,0.01
2933,500,-7801.0,19.996,21.12,562,90,0,0.01
2934,500,-9190.5,23.546,24.758,606,84,0,0.01
2935,500,-8602.0,21.812,23.004,596,93,0,0.01
2936,500,-8926.5,22.666,23.84,587,93,0,0.01
2937,500,-8231.5,20.742,21.89,574,93,0,0.01
2938,500,-8300.0,21.396,22.578,591,92,0,0.01
2939,500,-7938.5,20.098,21.238,570,94,0,0.01
2940,500,-7466.0,19.232,20.354,561,95,0,0.01
2941,500,-8143.5,21.09,22.282,596,85,0,0.01
2942,500,-7979.0,20.136,21.23,547,94,0,0.01
2943,500,-8668.5,22.226,23.418,596,86,0,0.01
2944,500,-8747.0,21.736,22.888,576,81,0,0.01
2945,500,-8525.0,21.856,23.01,577,89,0,0.01
2946,500,-8658.0,21.82,22.98,580,91,0,0.01
2947,500,-10923.5,26.978,28.234,628,86,0,0.01
2948,500,-9252.5,23.602,24.738,568,93,0,0.01
2949,500,-9814.5,24.566,25.8,617,85,0,0.01
2950,500,-9747.5,24.55,25.764,607,92,0,0.01
2951,500,-7830.5,20.03,21.164,567,91,0,0.01
2952,500,-8026.0,20.464,21.574,555,96,0,0.01
2953,500,-9075.0,22.328,23.468,570,83,0,0.01
2954,500,-8598.0,21.44,22.56,560,92,0,0.01
2955,500,-7298.5,18.77,19.946,588,85,0,0.01
2956,500,-7546.5,19.558,20.712,577,93,0,0.01
2957,500,-6989.5,17.69,18.79,550,92,0,0.01
2958,500,-8303.5,21.09,22.254,582,87,0,0.01
2959,500,-9051.0,22.824,23.98,578,86,0,0.01
2960,500,-9370.0,23.552,24.722,585,83,0,0.01
2961,500,-7633.5,19.734,20.846,556,90,0,0.01
2962,500,-7381.5,18.794,19.902,554,92,0,0.01
2963,500,-8132.5,20.566,21.744,589,85,0,0.01
2964,500,-9083.5,22.514,23.652,569,89,0,0.01
2965,500,-7631.0,19.592,20.736,572,90,0,0.01
2966,500,-7514.0,18.656,19.73,537,84,0,0.01
2967,500,-9862.5,24.238,25.45,606,82,0,0.01
2968,500,-6646.5,17.21,18.352,571,89,0,0.01
2969,500,-8112.5,20.686,21.842,578,91,0,0.01
2970,500,-6298.0,16.204,17.294,545,84,0,0.01
2971,500,-7920.0,19.96,21.114,577,85,0,0.01
2972,500,-7899.5,19.918,21.054,568,90,0,0.01
2973,500,-8854.5,22.346,23.514,584,93,0,0.01
2974,500,-8105.0,20.764,21.918,577,94,0,0.01
2975,500,-10909.5,27.274,28.526,626,87,0,0.01
2976,500,-7055.5,18.11,19.21,550,93,0,0.01
2977,500,-7726.0,19.776,20.918,571,94,0,0.01
2978,500,-7299.0,18.74,19.87,565,95,0,0.01
2979,500,-7592.5,19.694,20.878,592,91,0,0.01
2980,500,-8606.5,21.938,23.13,596,88,0,0.01
2981,500,-8086.0,20.752,21.9,574,94,0,0.01
2982,500,-7883.0,19.892,21.022,565,93,0,0.01
2983,500,-7990.5,20.046,21.196,575,83,0,0.01
2984,500,-7971.5,20.638,21.816,589,91,0,0.01
2985,500,-7672.5,19.386,20.47,542,98,0,0.01
2986,500,-8884.5,22.826,24.07,622,88,0,0.01
2987,500,-7438.0,18.816,19.928,556,92,0,0.01
2988,500,-8412.5,21.13,22.27,570,90,0,0.01
2989,500,-8494.5,21.494,22.636,571,88,0,0.01
2990,500,-9600.0,23.948,25.122,587,85,0,0.01
2991,500,-6911.5,17.754,18.892,569,84,0,0.01
2992,500,-8226.0,21.092,22.264,586,89,0,0.01
2993,500,-9951.5,25.398,26.686,644,81,0,0.01
2994,500,-8958.0,21.812,22.896,542,84,0,0.01
2995,500,-8890.0,22.576,23.788,606,89,0,0.01
2996,500,-9223.0,23.328,24.532,602,86,0,0.01
2997,500,-8187.0,20.376,21.548,586,84,0,0.01
2998,500,-7502.0,19.072,20.198,563,89,0,0.01
2999,500,-7114.0,18.22,19.346,563,89,0,0.01
3000,500,-7360.0,19.148,20.31,581,89,0,0.01
