episode,steps,cumulative_reward,average_queue_length,average_waiting_time,total_throughput,phase_switches,overflow_count,epsilon
1,120,-223.01042080714652,60.025,60.21666666666667,23,54,1,1.0
2,160,-290.7676065049343,68.3625,68.7,54,65,1,0.995
3,129,-241.25305226045427,63.72868217054263,63.96124031007752,30,57,1,0.990025
4,128,-255.71488929105638,70.7265625,70.9921875,34,55,1,0.985074875
5,139,-225.74237386070504,52.07194244604317,52.33812949640288,37,59,1,0.9801495006250001
6,144,-293.1987230363725,72.8125,73.07638888888889,38,63,1,0.9752487531218751
7,165,-332.65598975745934,76.41818181818182,76.69090909090909,45,71,1,0.9703725093562657
8,166,-322.29477714979333,75.1987951807229,75.48192771084338,47,71,1,0.9655206468094844
9,186,-367.6638472897906,78.24731182795699,78.55913978494624,58,79,1,0.960693043575437
10,132,-226.55084451133126,60.68939393939394,61.02272727272727,44,55,1,0.9558895783575597
11,153,-247.82334437299488,60.31372549019608,60.666666666666664,54,63,1,0.9511101304657719
12,134,-221.07547679119986,56.93283582089552,57.24626865671642,42,55,1,0.946354579813443
13,110,-152.51920011073892,48.77272727272727,49.22727272727273,50,43,1,0.9416228069143757
14,138,-232.202554746723,56.89855072463768,57.210144927536234,43,58,1,0.9369146928798039
15,162,-255.26694003958048,58.9320987654321,59.27777777777778,56,67,1,0.9322301194154049
16,156,-285.4907222824,67.18589743589743,67.53205128205128,54,65,1,0.9275689688183278
17,139,-248.6851856676433,63.10791366906475,63.37410071942446,37,59,1,0.9229311239742362
18,141,-234.77546158390746,57.57446808510638,57.87943262411348,43,59,1,0.918316468354365
19,126,-225.13116972196934,65.01587301587301,65.39682539682539,48,51,1,0.9137248860125932
20,85,-133.28640554822357,47.2,47.470588235294116,23,36,1,0.9091562615825302
21,138,-235.6232771878159,63.608695652173914,63.97826086956522,51,55,1,0.9046104802746175
22,151,-300.31414252519437,75.64900662251655,75.96688741721854,48,63,1,0.9000874278732445
23,152,-289.29214581048046,71.21710526315789,71.52631578947368,47,64,1,0.8955869907338783
24,132,-226.3881154012624,59.303030303030305,59.59848484848485,39,56,1,0.8911090557802088
25,129,-196.93393398605934,50.51162790697674,50.86046511627907,45,53,1,0.8866535105013078
26,162,-281.6142712241293,66.10493827160494,66.45679012345678,57,66,1,0.8822202429488013
27,132,-219.87503835511276,58.35606060606061,58.68939393939394,44,54,1,0.8778091417340573
28,114,-217.03110185220407,61.14035087719298,61.35964912280702,25,50,1,0.8734200960253871
29,115,-203.5256695164114,59.63478260869565,59.904347826086955,31,50,1,0.8690529955452602
30,161,-239.86057986150465,57.04968944099379,57.49689440993789,72,62,1,0.8647077305675338
31,179,-314.95132180997564,72.89944134078212,73.3463687150838,80,70,1,0.8603841919146962
32,126,-206.66393145474555,56.301587301587304,56.63492063492063,42,53,1,0.8560822709551227
33,124,-183.03896328718622,52.46774193548387,52.83870967741935,46,48,1,0.851801859600347
34,151,-257.97434320574183,65.88741721854305,66.29801324503312,62,60,1,0.8475428503023453
35,122,-186.25249960993403,52.049180327868854,52.40983606557377,44,49,1,0.8433051360508336
36,161,-340.2598645944131,85.8136645962733,86.18012422360249,59,65,1,0.8390886103705794
37,150,-187.97968679305396,50.77333333333333,51.346666666666664,86,53,1,0.8348931673187264
38,180,-324.61993657602534,72.47777777777777,72.86111111111111,69,72,1,0.8307187014821328
39,210,-341.9908795852325,70.65714285714286,71.17142857142858,108,76,1,0.8265651079747222
40,134,-230.91983583831677,59.76865671641791,60.05223880597015,38,57,1,0.8224322824348486
41,174,-320.55052765346403,74.2816091954023,74.72413793103448,77,68,1,0.8183201210226743
42,152,-211.82026932577142,55.2171052631579,55.651315789473685,66,58,1,0.8142285204175609
43,142,-266.0136984176843,69.62676056338029,69.98591549295774,51,57,1,0.810157377815473
44,159,-275.4975219043404,70.72955974842768,71.22012578616352,78,59,1,0.8061065909263957
45,103,-171.96859904083414,53.83495145631068,54.12621359223301,30,43,1,0.8020760579717637
46,167,-233.8872597309947,52.67065868263473,53.06586826347306,66,66,1,0.798065677681905
47,178,-336.1515024867971,74.87640449438203,75.24719101123596,66,72,1,0.7940753492934954
48,114,-175.42678395372198,52.91228070175438,53.3421052631579,49,44,1,0.7901049725470279
49,172,-262.64927349756346,63.406976744186046,63.96511627906977,96,62,1,0.7861544476842928
50,190,-292.27396274215556,64.60526315789474,65.07894736842105,90,71,1,0.7822236754458713
51,174,-244.50019882732653,57.95977011494253,58.5,94,64,1,0.778312557068642
52,166,-267.435798726776,67.78313253012048,68.28915662650603,84,61,1,0.7744209942832988
53,160,-269.4567272724389,66.76875,67.24375,76,61,1,0.7705488893118823
54,193,-333.15278738047357,72.71502590673575,73.16580310880829,87,74,1,0.7666961448653229
55,151,-262.45532888712,67.28476821192054,67.72185430463576,66,58,1,0.7628626641409962
56,139,-229.35899585073176,64.20863309352518,64.66906474820144,64,53,1,0.7590483508202912
57,172,-270.80255683868626,66.8953488372093,67.42441860465117,91,62,1,0.7552531090661897
58,126,-187.4261139089083,53.72222222222222,54.182539682539684,58,45,1,0.7514768435208588
59,126,-179.93767907809632,51.96825396825397,52.42063492063492,57,49,1,0.7477194593032545
60,192,-269.3132564021374,62.390625,62.989583333333336,115,67,1,0.7439808620067382
61,145,-211.43033984084522,58.172413793103445,58.724137931034484,80,52,1,0.7402609576967045
62,150,-186.23468779251695,48.54666666666667,49.07333333333333,79,54,1,0.736559652908221
63,196,-295.9436463236385,65.78061224489795,66.34183673469387,110,70,1,0.7328768546436799
64,147,-213.67809751045735,55.50340136054422,55.91836734693877,61,58,1,0.7292124703704616
65,138,-220.03887731525498,62.58695652173913,63.08695652173913,69,49,1,0.7255664080186093
66,175,-269.1634084541041,69.48,70.08571428571429,106,59,1,0.7219385759785162
67,138,-198.2835291616637,54.02173913043478,54.43478260869565,57,54,1,0.7183288830986236
68,174,-304.066188648277,70.0,70.41379310344827,72,67,1,0.7147372386831305
69,174,-233.63879033554628,58.58045977011494,59.14942528735632,99,61,1,0.7111635524897149
70,135,-145.5696155551898,40.45925925925926,40.94074074074074,65,46,1,0.7076077347272662
71,133,-149.93789580272158,45.58646616541353,46.19548872180451,81,46,1,0.7040696960536299
72,158,-250.6147559666801,62.936708860759495,63.379746835443036,70,59,1,0.7005493475733617
73,226,-336.58955965153007,67.62389380530973,68.22566371681415,136,79,1,0.697046600835495
74,241,-327.30458701072826,64.80497925311204,65.45228215767635,156,80,1,0.6935613678313175
75,201,-192.39756817260022,45.48756218905473,46.19402985074627,142,63,1,0.6900935609921609
76,132,-180.97109701756645,51.378787878787875,51.871212121212125,65,48,1,0.6866430931872001
77,189,-280.6101208489355,68.02645502645503,68.6984126984127,127,62,1,0.6832098777212641
78,121,-153.97565642203995,49.31404958677686,49.81818181818182,61,43,1,0.6797938283326578
79,186,-173.07124760299442,41.17204301075269,41.806451612903224,118,62,1,0.6763948591909945
80,153,-180.50384458903181,52.15686274509804,52.77124183006536,94,51,1,0.6730128848950395
81,183,-230.29662314567358,52.994535519125684,53.49180327868852,91,67,1,0.6696478204705644
82,229,-357.979784674093,73.67248908296943,74.29257641921397,142,77,1,0.6662995813682115
83,145,-200.54502073050156,55.69655172413793,56.220689655172414,76,53,1,0.6629680834613705
84,149,-201.28226152903866,57.59731543624161,58.214765100671144,92,50,1,0.6596532430440636
85,164,-286.18227882829433,72.26219512195122,72.79268292682927,87,58,1,0.6563549768288433
86,195,-313.50512167740635,69.25128205128205,69.75897435897436,99,71,1,0.653073201944699
87,186,-228.4736529667992,55.295698924731184,55.935483870967744,119,61,1,0.6498078359349755
88,140,-199.96978770391902,59.56428571428572,60.15,82,47,1,0.6465587967553006
89,241,-324.2560341768269,63.21576763485477,63.87551867219917,159,80,1,0.6433260027715241
90,128,-147.4571678806089,43.3359375,43.84375,65,45,1,0.6401093727576664
91,144,-191.90825047499993,54.38194444444444,54.979166666666664,86,47,1,0.6369088258938781
92,177,-225.21656301988338,60.83050847457627,61.570621468926554,131,52,1,0.6337242817644086
93,152,-182.72441777566533,54.14473684210526,54.828947368421055,104,48,1,0.6305556603555866
94,181,-210.11670096970104,52.87845303867403,53.50828729281768,114,61,1,0.6274028820538087
95,140,-159.66850176426132,41.07142857142857,41.535714285714285,65,47,1,0.6242658676435396
96,221,-319.94967266778264,66.27601809954751,66.87782805429865,133,76,1,0.6211445383053219
97,132,-162.94356505726853,45.90151515151515,46.40909090909091,67,47,1,0.6180388156137953
98,220,-337.78819767541023,68.76818181818182,69.35454545454546,129,77,1,0.6149486215357263
99,133,-135.5429356856997,43.73684210526316,44.3984962406015,88,43,1,0.6118738784280476
100,144,-215.06939525110462,55.854166666666664,56.298611111111114,64,56,1,0.6088145090359074
101,174,-227.7525338088458,59.39655172413793,60.09770114942529,122,57,1,0.6057704364907278
102,214,-271.23523328411756,61.995327102803735,62.69626168224299,150,66,1,0.6027415843082742
103,131,-129.0881150016629,40.83206106870229,41.51908396946565,90,42,1,0.5997278763867329
104,181,-181.09098032665256,46.58011049723757,47.30939226519337,132,55,1,0.5967292370047992
105,199,-261.0343345254508,59.34170854271357,59.93467336683417,118,64,1,0.5937455908197752
106,157,-158.85418291283466,46.681528662420384,47.4203821656051,116,48,1,0.5907768628656763
107,211,-226.3336489119493,56.40758293838863,57.18009478672986,163,62,1,0.5878229785513479
108,188,-250.02010627139654,58.88297872340426,59.4468085106383,106,65,1,0.5848838636585911
109,193,-236.18861812765488,56.95336787564767,57.590673575129536,123,66,1,0.5819594443402982
110,142,-149.09545065945431,39.28169014084507,39.84507042253521,80,48,1,0.5790496471185967
111,219,-246.0843171670333,55.863013698630134,56.57077625570776,155,66,1,0.5761543988830038
112,175,-212.43814607987633,58.15428571428571,58.88,127,55,1,0.5732736268885887
113,213,-301.98597334982196,64.86384976525821,65.46478873239437,128,74,1,0.5704072587541458
114,192,-292.89685222092186,67.73958333333333,68.296875,107,67,1,0.567555222460375
115,212,-187.64075682546095,42.87264150943396,43.62264150943396,159,62,1,0.5647174463480732
116,131,-153.89050411219395,50.35114503816794,51.030534351145036,89,39,1,0.5618938591163328
117,128,-117.30971857897607,37.6953125,38.3203125,80,42,1,0.5590843898207511
118,211,-207.8926891337098,49.08056872037915,49.81990521327014,156,58,1,0.5562889678716474
119,176,-238.74152486963763,58.51704545454545,59.09659090909091,102,58,1,0.5535075230322891
120,191,-230.50075212422897,59.31937172774869,60.06282722513089,142,56,1,0.5507399854171277
121,227,-249.46947116924295,56.801762114537446,57.54625550660793,169,65,1,0.547986285490042
122,310,-295.09497847239396,54.89354838709677,55.70322580645161,251,84,1,0.5452463540625918
123,242,-260.8472997723214,55.29752066115702,56.03305785123967,178,72,1,0.5425201222922789
124,298,-334.92735974158376,61.446308724832214,62.25167785234899,240,88,1,0.5398075216808175
125,225,-263.3326589095279,59.28,59.977777777777774,157,69,1,0.5371084840724134
126,162,-159.79796420487423,45.58641975308642,46.30246913580247,116,48,1,0.5344229416520513
127,173,-186.28931891024456,52.03468208092485,52.7514450867052,124,54,1,0.531750826943791
128,212,-248.65715219359708,58.051886792452834,58.79245283018868,157,62,1,0.5290920728090721
129,116,-122.84379598140873,39.53448275862069,40.043103448275865,59,40,1,0.5264466124450268
130,217,-264.3610878979249,59.51152073732719,60.184331797235025,146,68,1,0.5238143793828016
131,150,-196.51586014533072,60.36666666666667,61.07333333333333,106,44,1,0.5211953074858876
132,107,-78.17774464670222,34.08411214953271,34.822429906542055,79,30,1,0.5185893309484582
133,254,-253.16988941120107,49.153543307086615,49.87007874015748,182,77,1,0.5159963842937159
134,257,-286.78560411446864,59.6420233463035,60.42023346303502,200,67,1,0.5134164023722473
135,207,-197.54464622332492,49.97584541062802,50.71980676328502,154,59,1,0.510849320360386
136,297,-242.8589960173945,48.82828282828283,49.67340067340067,251,79,1,0.5082950737585841
137,270,-271.0619049105025,51.31481481481482,52.06666666666667,203,79,1,0.5057535983897912
138,249,-230.41859214594365,52.136546184738954,52.967871485943775,207,71,1,0.5032248303978422
139,235,-290.84556091207446,57.52340425531915,58.14468085106383,146,78,1,0.500708706245853
140,256,-272.6716855975662,59.27734375,60.07421875,204,70,1,0.4982051627146237
141,205,-190.95817792063127,50.84878048780488,51.66829268292683,168,52,1,0.49571413690105054
142,259,-225.71033363270578,51.37837837837838,52.23938223938224,223,69,1,0.4932355662165453
143,215,-158.4299692363195,38.665116279069764,39.395348837209305,157,58,1,0.4907693883854626
144,282,-292.7119858746395,56.43262411347518,57.223404255319146,223,78,1,0.4883155414435353
145,140,-80.04023221257553,29.792857142857144,30.6,113,36,1,0.4858739637363176
146,275,-253.26194131970132,51.57090909090909,52.39636363636364,227,75,1,0.483444593917636
147,290,-292.17380238792157,57.42068965517242,58.272413793103446,247,79,1,0.4810273709480478
148,311,-331.9968103451675,57.967845659163984,58.72990353697749,237,85,1,0.47862223409330756
149,134,-144.55000332556546,47.223880597014926,47.88059701492537,88,40,1,0.47622912292284103
150,165,-162.45118567084543,48.8969696969697,49.587878787878786,114,44,1,0.4738479773082268
151,135,-99.24184205069615,37.45185185185185,38.25185185185185,108,34,1,0.47147873742168567
152,216,-266.1432294126488,62.425925925925924,63.1712962962963,161,64,1,0.46912134373457726
153,178,-133.1310055834086,42.438202247191015,43.28651685393258,151,46,1,0.46677573701590436
154,228,-194.3988530662765,43.26754385964912,43.94736842105263,155,62,1,0.46444185833082485
155,216,-212.3174144261051,50.995370370370374,51.74074074074074,161,61,1,0.46211964903917074
156,374,-348.5231743263636,57.855614973262036,58.77807486631016,345,98,1,0.4598090507939749
157,213,-165.4347626264696,42.04694835680751,42.882629107981224,178,57,1,0.457510005540005
158,234,-201.19249461876828,51.70940170940171,52.63247863247863,216,60,1,0.45522245551230495
159,186,-151.8982590579248,43.95161290322581,44.75806451612903,150,48,1,0.4529463432347434
160,234,-191.40908872768802,46.401709401709404,47.21367521367522,190,63,1,0.4506816115185697
161,306,-222.10070356927395,46.36274509803921,47.245098039215684,270,79,1,0.4484282034609769
162,353,-293.15890083278515,52.138810198300284,53.022662889518415,312,89,1,0.446186062443672
163,159,-176.8759526442631,52.522012578616355,53.21383647798742,110,43,1,0.4439551321314536
164,245,-212.5352183618121,49.285714285714285,50.138775510204084,209,65,1,0.4417353564707963
165,288,-218.86265904015127,49.65277777777778,50.59722222222222,272,69,1,0.43952667968844233
166,125,-118.19683810152678,42.128,42.832,88,33,1,0.43732904629000013
167,193,-169.52480065440625,47.89119170984456,48.69948186528497,156,51,1,0.4351424010585501
168,241,-240.1613265090428,58.219917012448136,59.08298755186722,208,65,1,0.43296668905325736
169,153,-122.66524841716634,43.928104575163395,44.849673202614376,141,37,1,0.43080185560799106
170,249,-207.8450089079366,44.4859437751004,45.265060240963855,194,67,1,0.4286478463299511
171,209,-217.3634352510251,56.82775119617225,57.64114832535885,170,51,1,0.42650460709830135
172,222,-164.71785914179284,47.81531531531532,48.7972972972973,218,50,1,0.42437208406280985
173,228,-157.28237176441297,44.05263157894737,44.94736842105263,204,60,1,0.4222502236424958
174,192,-197.61789321224592,53.557291666666664,54.265625,136,50,1,0.42013897252428334
175,175,-146.16527886995547,40.497142857142855,41.205714285714286,124,51,1,0.4180382776616619
176,283,-212.69329509308486,46.918727915194346,47.78445229681979,245,69,1,0.4159480862733536
177,227,-186.83313761926055,43.629955947136565,44.37444933920705,169,61,1,0.41386834584198684
178,167,-144.5351325464091,48.98203592814371,49.84431137724551,144,43,1,0.4117990041127769
179,172,-117.1127642193921,40.98255813953488,41.825581395348834,145,39,1,0.40974000909221303
180,227,-156.96595728633324,42.83700440528634,43.713656387665196,199,52,1,0.40769130904675194
181,174,-165.48792615814446,50.1551724137931,50.94252873563219,137,47,1,0.40565285250151817
182,193,-202.08792189409843,52.07772020725388,52.803108808290155,140,54,1,0.4036245882390106
183,129,-118.35987626416134,40.906976744186046,41.542635658914726,82,33,1,0.4016064652978155
184,411,-312.339105031466,53.148418491484186,54.12165450121655,400,95,1,0.3995984329713264
185,253,-207.86516417580316,45.308300395256914,46.10671936758893,202,60,1,0.3976004408064698
186,367,-250.25410414816204,49.55040871934605,50.55313351498638,368,85,1,0.39561243860243744
187,328,-329.2864282058459,63.14329268292683,64.08536585365853,309,79,1,0.3936343764094253
188,195,-152.9683245103714,47.85128205128205,48.76923076923077,179,45,1,0.39166620452737816
189,205,-190.65316350360587,49.71707317073171,50.53658536585366,168,59,1,0.3897078735047413
190,238,-181.26069110465582,46.88235294117647,47.760504201680675,209,55,1,0.3877593341372176
191,399,-309.1443255912657,54.794486215538846,55.796992481203006,400,91,1,0.3858205374665315
192,122,-105.5160122182551,34.41803278688525,35.0655737704918,79,33,1,0.38389143477919885
193,159,-133.25315613981877,45.905660377358494,46.685534591194966,124,35,1,0.3819719776053028
194,217,-177.13404595200103,48.89861751152074,49.74654377880184,184,50,1,0.3800621177172763
195,138,-93.81319597627872,35.36231884057971,36.130434782608695,106,33,1,0.37816180712868996
196,229,-223.15772958727945,50.40174672489083,51.12663755458515,166,61,1,0.37627099809304654
197,229,-208.41857162862354,56.427947598253276,57.34497816593886,210,50,1,0.3743896431025813
198,240,-218.07508876909458,48.475,49.24166666666667,184,64,1,0.37251769488706843
199,136,-105.58970927109603,41.205882352941174,42.044117647058826,114,34,1,0.3706551064126331
200,254,-197.4506014414348,49.74015748031496,50.610236220472444,221,55,1,0.36880183088056995
201,212,-146.90323775033798,41.471698113207545,42.301886792452834,176,49,1,0.3669578217261671
202,500,-422.71406996000337,60.99,61.996,503,114,0,0.36512303261753626
203,287,-232.2159582731529,53.01393728222997,53.954703832752614,270,65,1,0.3632974174544486
204,223,-197.6258648826021,51.31390134529148,52.15695067264574,188,55,1,0.3614809303671764
205,239,-181.79612585776746,47.28870292887029,48.18410041841004,214,56,1,0.3596735257153405
206,500,-356.95995995582075,54.006,55.016,505,110,0,0.3578751580867638
207,358,-301.37277308142774,57.21508379888268,58.14525139664804,333,82,1,0.35608578229633
208,154,-102.5614867486643,36.103896103896105,36.92857142857143,127,37,1,0.3543053533848483
209,241,-299.29080882059367,67.90871369294605,68.68464730290457,187,64,1,0.35253382661792404
210,201,-143.1489584121799,41.27860696517413,42.08457711442786,162,42,1,0.3507711574848344
211,338,-289.91198434893835,59.9112426035503,60.928994082840234,344,72,1,0.34901730169741024
212,500,-324.77732698114175,47.49,48.414,462,113,0,0.3472722151889232
213,331,-276.38076281574564,51.516616314199396,52.42598187311178,301,81,1,0.3455358541129786
214,232,-150.96574056170797,43.72844827586207,44.62068965517241,207,51,1,0.3438081748424137
215,159,-151.2321455248757,48.276729559748425,49.0314465408805,120,35,1,0.3420891339682016
216,218,-114.73408026923701,33.23853211009175,34.059633027522935,179,55,1,0.3403786882983606
217,210,-174.08384723217546,47.90952380952381,48.75238095238095,177,48,1,0.3386767948568688
218,473,-354.156302566283,58.05708245243129,59.120507399577164,503,99,1,0.33698341088258443
219,267,-165.8620070592995,38.838951310861425,39.71910112359551,235,62,1,0.3352984938281715
220,254,-233.03304311923725,57.45275590551181,58.40944881889764,243,57,1,0.33362200135903064
221,210,-140.00225796837228,42.404761904761905,43.3,188,45,1,0.33195389135223546
222,344,-239.44704539778357,47.03779069767442,47.95639534883721,316,81,1,0.3302941218954743
223,209,-116.64294900589628,41.20095693779904,42.17224880382775,203,44,1,0.32864265128599696
224,306,-187.88568679192693,44.287581699346404,45.22875816993464,288,69,1,0.326999438029567
225,209,-146.47030028937243,43.622009569377994,44.50239234449761,184,45,1,0.3253644408394192
226,172,-106.15096854662099,35.325581395348834,36.13953488372093,140,43,1,0.3237376186352221
227,179,-126.35518985311658,44.66480446927374,45.608938547486034,169,39,1,0.322118930542046
228,242,-165.0880013534922,47.36363636363637,48.34297520661157,237,53,1,0.32050833588933575
229,346,-262.75489762008755,50.88150289017341,51.797687861271676,317,74,1,0.31890579420988907
230,360,-180.61063114769357,40.269444444444446,41.28888888888889,367,78,1,0.3173112652388396
231,287,-194.10552137939516,43.78048780487805,44.66550522648084,254,59,1,0.3157247089126454
232,159,-136.86373126838114,45.23270440251572,45.9937106918239,121,38,1,0.3141460853680822
233,168,-106.55117537398142,39.61309523809524,40.50595238095238,150,37,1,0.3125753549412418
234,217,-167.04877314812092,44.327188940092164,45.09216589861751,166,47,1,0.31101247816653554
235,500,-281.1510296289972,48.188,49.218,515,89,0,0.30945741577570285
236,500,-308.0815892840734,48.864,49.872,504,103,0,0.3079101286968243
237,500,-311.5907730679117,53.808,54.92,556,102,0,0.3063705780533402
238,200,-90.08462441262272,33.365,34.27,181,40,1,0.30483872516307353
239,266,-161.04315257698786,41.37218045112782,42.31578947368421,251,60,1,0.3033145315372582
240,491,-244.96726303065557,44.382892057026474,45.435845213849284,517,95,1,0.3017979588795719
241,344,-199.57100727144348,44.86918604651163,45.86337209302326,342,73,1,0.30028896908517405
242,500,-257.9191185796516,46.664,47.748,542,95,0,0.2987875242397482
243,143,-97.69052990133748,40.58041958041958,41.47552447552447,128,29,1,0.29729358661854943
244,431,-287.4404065016074,54.74477958236659,55.82366589327146,465,84,1,0.29580711868545667
245,262,-128.53987138699063,39.62977099236641,40.63358778625954,263,52,1,0.2943280830920294
246,252,-125.55298979097135,41.107142857142854,42.142857142857146,261,47,1,0.29285644267656924
247,131,-109.59510024905727,44.69465648854962,45.534351145038165,110,27,1,0.2913921604631864
248,320,-147.2438044814318,38.253125,39.25625,321,61,1,0.28993519966087045
249,212,-123.72250126192912,44.75471698113208,45.825471698113205,227,43,1,0.2884855236625661
250,340,-220.07448402236378,47.3235294117647,48.26176470588236,319,68,1,0.28704309604425327
251,186,-69.83631344610819,30.408602150537636,31.35483870967742,176,34,1,0.285607880564032
252,318,-241.19207452791844,53.930817610062896,54.86477987421384,297,66,1,0.28417984116121187
253,500,-249.9447783171221,47.424,48.568,572,97,0,0.2827589419554058
254,477,-332.9773287117093,55.262054507337524,56.306079664570234,498,93,1,0.28134514724562876
255,196,-129.16285009395702,37.214285714285715,38.01020408163265,156,43,1,0.2799384215094006
256,465,-292.43251819329566,46.42365591397849,47.376344086021504,443,104,1,0.27853872940185365
257,164,-132.46446950615126,45.24390243902439,46.08536585365854,138,36,1,0.27714603575484437
258,222,-138.34483744379335,40.450450450450454,41.31981981981982,193,44,1,0.2757603055760701
259,210,-133.41497860951128,38.142857142857146,39.01428571428571,183,54,1,0.2743815040481898
260,304,-147.77336351403125,42.411184210526315,43.463815789473685,320,52,1,0.2730095965279488
261,500,-247.49136953333334,44.042,45.092,525,98,0,0.27164454854530906
262,500,-196.05909576117222,38.426,39.45,512,92,0,0.2702863258025825
263,372,-215.50866598874754,42.556451612903224,43.48924731182796,347,74,1,0.2689348941735696
264,396,-193.7802214316633,39.53787878787879,40.474747474747474,371,75,1,0.26759021970270175
265,500,-313.3060306666644,50.2,51.19,495,97,0,0.2662522686041882
266,227,-137.7928174712498,37.563876651982376,38.40528634361233,191,54,1,0.2649210072611673
267,232,-169.6514938440924,50.53448275862069,51.51293103448276,227,43,1,0.26359640222486147
268,439,-285.6595127485701,48.5876993166287,49.546697038724375,421,90,1,0.26227842021373715
269,500,-226.0069137802348,46.496,47.66,582,92,0,0.2609670281126685
270,344,-168.45932651864965,35.450581395348834,36.325581395348834,301,69,1,0.25966219297210513
271,262,-204.5333871736248,45.41984732824427,46.225190839694655,211,58,1,0.2583638820072446
272,340,-160.9185693419286,40.54705882352941,41.56764705882353,347,66,1,0.2570720625972084
273,109,-71.02959452427545,33.11009174311926,33.92660550458716,89,22,1,0.25578670228422234
274,267,-150.09913404300298,42.40449438202247,43.36329588014981,256,50,1,0.25450776877280124
275,500,-203.64834031718345,40.224,41.274,525,97,0,0.2532352299289372
276,164,-106.16976646380867,36.99390243902439,37.77439024390244,128,34,1,0.2519690537792925
277,322,-184.47117664362332,43.01242236024845,43.97204968944099,309,60,1,0.2507092085103961
278,211,-103.72084901999553,33.018957345971565,33.89099526066351,184,38,1,0.2494556624678441
279,454,-199.1403176767183,40.85022026431718,41.914096916299556,483,88,1,0.24820838415550486
280,289,-210.16397965844013,50.56401384083045,51.50173010380623,271,56,1,0.24696734223472733
281,445,-207.88026552783955,41.7752808988764,42.80224719101123,457,83,1,0.2457325055235537
282,169,-85.20379289613223,31.775147928994084,32.62130177514793,143,32,1,0.24450384299593592
283,383,-225.24380367852123,49.0,50.070496083550914,410,67,1,0.24328132378095624
284,190,-120.91944536285312,38.16315789473684,38.97894736842105,155,35,1,0.24206491716205145
285,190,-96.60119969658608,35.22105263157895,36.189473684210526,184,36,1,0.2408545925762412
286,332,-128.19388403819173,34.325301204819276,35.30120481927711,324,62,1,0.23965031961336
287,315,-145.3647214374661,36.2,37.08571428571429,279,54,1,0.2384520680152932
288,404,-187.67856597166502,40.146039603960396,41.10891089108911,389,71,1,0.23725980767521673
289,206,-107.06351056469703,35.36893203883495,36.21844660194175,175,36,1,0.23607350863684065
290,332,-171.90586322349586,40.48192771084337,41.44879518072289,321,64,1,0.23489314109365644
291,500,-256.22866097878864,46.436,47.464,514,90,0,0.23371867538818816
292,105,-120.75112206512615,52.87619047619047,53.57142857142857,73,24,1,0.23255008201124722
293,310,-147.4941633607589,41.87741935483871,42.94516129032258,331,56,1,0.231387331601191
294,234,-100.57695560548589,36.9059829059829,37.914529914529915,236,40,1,0.23023039494318503
295,500,-152.63678963249782,35.444,36.49,523,79,0,0.2290792429684691
296,289,-221.60566842356715,58.377162629757784,59.484429065743946,320,52,1,0.22793384675362674
297,145,-81.33922664146634,34.62758620689655,35.41379310344828,114,22,1,0.22679417751985861
298,227,-118.07214137482482,36.290748898678416,37.13215859030837,191,44,1,0.22566020663225933
299,500,-214.57331343337546,40.396,41.422,513,91,0,0.22453190559909803
300,262,-146.5671661053431,43.85114503816794,44.847328244274806,261,48,1,0.22340924607110255
301,147,-78.35751994516536,34.863945578231295,35.795918367346935,137,23,1,0.22229219984074702
302,331,-170.8843922859728,37.06042296072508,37.94259818731118,292,62,1,0.2211807388415433
303,255,-140.1763223312665,42.31764705882353,43.31764705882353,255,50,1,0.22007483514733558
304,359,-205.9785189806152,44.986072423398326,45.95543175487465,348,62,1,0.2189744609715989
305,167,-78.770916987127,35.10778443113772,35.9940119760479,148,25,1,0.2178795886667409
306,442,-229.98332637554785,46.119909502262445,47.23076923076923,491,82,1,0.2167901907234072
307,262,-116.44310554773399,36.35114503816794,37.33969465648855,259,51,1,0.21570623976979014
308,482,-231.25130476763795,38.087136929460584,38.98547717842324,433,90,1,0.21462770857094118
309,400,-170.66448263161575,37.095,38.0575,385,70,1,0.21355457002808648
310,266,-151.58126360670312,39.82706766917293,40.65413533834587,220,44,1,0.21248679717794605
311,322,-206.1052802347989,47.357142857142854,48.2888198757764,300,61,1,0.21142436319205632
312,477,-243.42420343812515,46.56813417190776,47.61635220125786,500,84,1,0.21036724137609603
313,392,-212.40520686027386,46.107142857142854,47.191326530612244,425,75,1,0.20931540516921554
314,500,-228.14396589178222,42.416,43.428,506,90,0,0.20826882814336947
315,295,-130.63045309955154,38.50847457627118,39.53220338983051,302,53,1,0.20722748400265262
316,500,-198.38472902491313,39.116,40.138,511,89,0,0.20619134658263935
317,181,-138.5887160124057,48.71270718232044,49.6243093922652,165,34,1,0.20516038984972615
318,145,-72.45036890505072,28.53793103448276,29.310344827586206,112,28,1,0.2041345879004775
319,163,-73.33657088218254,34.50306748466258,35.441717791411044,153,26,1,0.2031139149609751
320,500,-231.10679895762377,46.462,47.538,538,83,0,0.20209834538617025
321,500,-160.44792694745001,34.726,35.762,518,89,0,0.2010878536592394
322,375,-153.86026233289755,35.834666666666664,36.84,377,71,1,0.2000824143909432
323,357,-168.800624200135,43.90756302521008,44.9859943977591,385,55,1,0.19908200231898848
324,500,-159.97149676789414,37.408,38.454,523,79,0,0.19808659230739353
325,500,-206.23660967846624,39.25,40.268,509,87,0,0.19709615934585656
326,208,-113.32960957503981,43.55769230769231,44.61057692307692,219,35,1,0.19611067854912728
327,278,-167.5280961723775,47.330935251798564,48.37410071942446,290,48,1,0.19513012515638165
328,415,-171.74824030226566,41.626506024096386,42.727710843373494,457,70,1,0.19415447453059972
329,197,-114.39453480639888,39.95939086294416,40.84771573604061,175,32,1,0.19318370215794672
330,345,-204.0208390044069,44.23478260869565,45.142028985507245,313,64,1,0.192217783647157
331,277,-126.04485040259469,38.848375451263536,39.87003610108303,283,45,1,0.1912566947289212
332,198,-68.19507611407343,32.58080808080808,33.58585858585859,199,31,1,0.1903004112552766
333,500,-169.14168528605717,37.844,38.896,526,84,0,0.18934890919900021
334,169,-127.45527123781048,44.25443786982248,45.01775147928994,129,31,1,0.18840216465300522
335,361,-147.68757193535163,39.62326869806094,40.662049861495845,375,58,1,0.18746015382974018
336,211,-91.3441507843105,34.48341232227488,35.426540284360186,199,32,1,0.1865228530605915
337,389,-153.57014556835765,35.3573264781491,36.27763496143959,358,64,1,0.18559023879528855
338,474,-255.74967191692284,47.76371308016878,48.80379746835443,493,78,1,0.1846622876013121
339,500,-246.56303919068156,47.544,48.638,547,83,0,0.18373897616330553
340,312,-159.78610040844362,42.85897435897436,43.88461538461539,320,54,1,0.182820281282489
341,476,-171.07827518792809,39.23739495798319,40.30882352941177,510,78,1,0.18190617987607657
342,151,-62.57741608459383,28.158940397350992,29.0,127,21,1,0.18099664897669618
343,246,-87.54141794258298,34.353658536585364,35.33739837398374,242,32,1,0.1800916657318127
344,207,-103.34057047721632,34.70531400966183,35.58454106280193,182,33,1,0.17919120740315364
345,317,-162.54170567491803,46.451104100946374,47.50157728706625,333,47,1,0.17829525136613786
346,500,-189.57348522070973,43.872,45.008,568,69,0,0.17740377510930716
347,500,-198.00495183935374,42.846,43.924,539,76,0,0.17651675623376062
348,190,-107.59008752439556,36.27368421052632,37.126315789473686,162,34,1,0.1756341724525918
349,500,-79.95407100907855,32.408,33.554,573,71,0,0.17475600159032884
350,500,-178.25590259686496,37.748,38.772,512,77,0,0.17388222158237718
351,348,-149.66399088667364,39.502873563218394,40.48275862068966,341,53,1,0.1730128104744653
352,394,-150.53024080563563,41.005076142131976,42.10406091370558,433,59,1,0.17214774642209296
353,385,-165.50245108607197,41.07012987012987,42.13506493506493,410,59,1,0.1712870076899825
354,263,-147.1266454859807,45.48669201520912,46.50570342205323,268,42,1,0.17043057265153258
355,500,-164.266735846088,38.942,39.99,524,66,0,0.16957841978827493
356,117,-48.659245846611064,27.213675213675213,27.99145299145299,91,16,1,0.16873052768933355
357,402,-153.7741713139302,38.81592039800995,39.850746268656714,416,59,1,0.1678868750508869
358,151,-74.0622186686293,31.271523178807946,32.09271523178808,124,27,1,0.16704744067563246
359,500,-143.20149455977162,37.974,39.058,542,70,0,0.1662122034722543
360,360,-108.24456424429935,36.022222222222226,37.12222222222222,396,57,1,0.16538114245489302
361,476,-164.10131319836395,37.88235294117647,38.90756302521008,488,65,1,0.16455423674261854
362,386,-100.89912644628009,30.204663212435232,31.199481865284973,384,64,1,0.16373146555890544
363,313,-191.5900834652166,48.52076677316294,49.51757188498402,312,47,1,0.16291280823111093
364,500,-134.01554603965533,34.268,35.324,528,79,0,0.16209824418995536
365,500,-130.08704455605172,33.186,34.228,521,75,0,0.16128775296900558
366,132,-85.8789527811257,35.515151515151516,36.25,97,23,1,0.16048131420416054
367,142,-51.703682983949335,24.570422535211268,25.380281690140844,115,24,1,0.15967890763313974
368,500,-143.0157627642806,33.45,34.478,514,77,0,0.15888051309497406
369,433,-157.5043925096334,40.482678983833715,41.59122401847575,480,64,1,0.1580861105294992
370,351,-130.03411648370377,34.78347578347579,35.72079772079772,329,54,1,0.1572956799768517
371,500,-139.16472394287518,35.402,36.484,541,76,0,0.15650920157696743
372,334,-135.24945321865826,36.380239520958085,37.34730538922156,323,51,1,0.1557266555690826
373,500,-189.9690948652251,42.73,43.86,565,80,0,0.1549480222912372
374,369,-158.28055197112187,39.924119241192415,40.97289972899729,387,56,1,0.15417328217978102
375,196,-96.8856978534972,36.20918367346939,37.11224489795919,177,29,1,0.1534024157688821
376,472,-139.44944908307147,37.50847457627118,38.63135593220339,530,69,1,0.1526354036900377
377,441,-193.31013429759057,44.956916099773245,46.02947845804989,473,65,1,0.1518722266715875
378,136,-73.2684295922458,32.36764705882353,33.1985294117647,113,20,1,0.15111286553822956
379,500,-106.79594934051475,34.464,35.592,564,66,0,0.15035730121053842
380,500,-207.53112677216396,42.936,44.002,533,78,0,0.14960551470448571
381,500,-105.58708591388304,32.796,33.89,547,76,0,0.14885748713096328
382,106,-67.52985196034982,33.5188679245283,34.25471698113208,78,19,1,0.14811319969530845
383,500,-133.49481337810678,34.986,36.028,521,71,0,0.1473726336968319
384,500,-180.7630179505714,43.128,44.25,561,66,0,0.14663577052834775
385,302,-76.73929359370887,28.804635761589402,29.764900662251655,290,44,1,0.14590259167570602
386,404,-167.36279776481004,41.79455445544554,42.863861386138616,432,49,1,0.1451730787173275
387,387,-183.20787815004115,43.12403100775194,44.17312661498708,406,60,1,0.14444721332374086
388,230,-130.62590656362443,47.64782608695652,48.66086956521739,233,28,1,0.14372497725712216
389,128,-67.89040478186216,34.3984375,35.21875,105,19,1,0.14300635237083656
390,426,-230.72453160063392,45.2887323943662,46.27699530516432,421,66,1,0.14229132060898236
391,500,-83.06887564903757,31.418,32.514,548,68,0,0.14157986400593744
392,500,-114.9712435576621,32.248,33.308,530,76,0,0.14087196468590776
393,500,-119.64854107352197,33.372,34.462,545,76,0,0.14016760486247823
394,500,-61.36724561678758,28.994,30.122,564,72,0,0.13946676683816583
395,488,-155.61924908927506,34.04713114754098,35.032786885245905,481,78,1,0.138769433003975
396,500,-195.9592060347504,44.222,45.348,563,71,0,0.13807558583895513
397,278,-97.75822161720858,39.115107913669064,40.219424460431654,307,38,1,0.13738520790976036
398,452,-119.92240479840179,32.63716814159292,33.64823008849557,457,67,1,0.13669828187021155
399,500,-201.14618233566006,48.906,50.146,620,69,0,0.13601479046086049
400,394,-211.77528687363034,48.97208121827411,50.055837563451774,427,63,1,0.1353347165085562
401,500,-120.82860751711725,33.39,34.428,519,65,0,0.1346580429260134
402,500,-159.15923608794017,40.12,41.252,566,77,0,0.13398475271138335
403,500,-145.93071304103506,35.272,36.344,536,80,0,0.13331482894782642
404,203,-88.57464293101664,36.45812807881774,37.40394088669951,192,32,1,0.13264825480308728
405,187,-41.22481441611763,23.83957219251337,24.78609625668449,177,28,1,0.13198501352907185
406,198,-85.20822529403443,33.08080808080808,33.96969696969697,176,28,1,0.1313250884614265
407,132,-66.36433308203448,31.348484848484848,32.14393939393939,105,20,1,0.13066846301911936
408,500,-111.86133489445393,35.112,36.24,564,69,0,0.13001512070402377
409,500,-184.74764581419456,43.588,44.736,574,68,0,0.12936504510050365
410,500,-91.97887865574091,31.128,32.234,553,74,0,0.12871821987500112
411,450,-139.31382238670085,37.32666666666667,38.40888888888889,487,62,1,0.12807462877562611
412,371,-174.62162592559042,45.43126684636118,46.53369272237197,409,52,1,0.12743425563174798
413,500,-93.42078675538018,32.236,33.318,541,71,0,0.12679708435358925
414,356,-90.02519778471252,30.603932584269664,31.634831460674157,367,52,1,0.1261630989318213
415,481,-139.29135883686996,37.91891891891892,39.07692307692308,557,67,1,0.1255322834371622
416,126,-65.95460867510748,29.849206349206348,30.626984126984127,98,25,1,0.12490462201997637
417,500,-42.4230347781483,25.972,27.036,532,67,0,0.1242800989098765
418,500,-88.83329131827566,30.304,31.382,539,73,0,0.12365869841532712
419,500,-102.33800557222298,28.114,29.116,501,76,0,0.12304040492325048
420,148,-39.57339271597128,29.81756756756757,30.87162162162162,156,17,1,0.12242520289863423
421,500,-186.63497115632856,44.554,45.714,580,69,0,0.12181307688414106
422,337,-88.93557465221062,26.66765578635015,27.534124629080118,292,46,1,0.12120401149972035
423,500,-165.437110312896,38.314,39.382,534,70,0,0.12059799144222175
424,500,-116.67403212339879,38.898,40.128,615,65,0,0.11999500148501063
425,500,-83.57276533188832,30.78,31.876,548,70,0,0.11939502647758558
426,500,-104.37013471536596,31.776,32.842,533,65,0,0.11879805134519765
427,181,-106.59543682133449,41.67403314917127,42.530386740331494,155,24,1,0.11820406108847166
428,500,-94.10293221095904,31.35,32.396,523,70,0,0.1176130407830293
429,292,-152.47630285992798,43.04109589041096,43.98972602739726,277,41,1,0.11702497557911415
430,500,-72.33082118444595,30.984,32.136,576,71,0,0.11643985070121858
431,152,-78.15485790628074,39.55263157894737,40.46052631578947,138,19,1,0.11585765144771248
432,500,-127.01252928812382,36.644,37.754,555,64,0,0.11527836319047392
433,164,-70.08180712466473,34.042682926829265,34.99390243902439,156,21,1,0.11470197137452155
434,500,-74.53575682666406,29.99,31.078,544,72,0,0.11412846151764894
435,500,-102.4311769430745,34.136,35.234,549,63,0,0.1135578192100607
436,243,-146.19076666356366,47.92181069958848,48.91769547325103,242,31,1,0.11299003011401039
437,249,-62.351208811898495,28.72289156626506,29.734939759036145,252,34,1,0.11242507996344034
438,490,-126.91465359879366,34.179591836734694,35.2265306122449,513,61,1,0.11186295456362313
439,500,-48.61030026068566,29.16,30.336,588,66,0,0.11130363979080501
440,306,-112.46890565017654,39.59803921568628,40.63398692810458,317,39,1,0.11074712159185099
441,500,-91.0267614448286,33.356,34.48,562,62,0,0.11019338598389174
442,199,-62.83338966889897,32.97989949748744,34.05527638190955,214,30,1,0.10964241905397228
443,443,-152.11530811312358,37.94356659142212,39.01805869074492,476,63,1,0.10909420695870241
444,500,-125.3998241774687,36.886,38.038,576,69,0,0.1085487359239089
445,371,-94.99611926882204,32.61455525606469,33.671159029649594,392,55,1,0.10800599224428936
446,326,-104.257541636926,34.65950920245399,35.68098159509202,333,45,1,0.10746596228306791
447,500,-63.10382662917119,31.526,32.708,591,62,0,0.10692863247165257
448,356,-90.41950137184932,28.365168539325843,29.28370786516854,327,49,1,0.1063939893092943
449,500,-155.88193567720637,44.672,45.89,609,58,0,0.10586201936274783
450,307,-109.0343947602891,38.899022801302934,39.957654723127035,325,38,1,0.10533270926593409
451,198,-85.05809906941556,35.196969696969695,36.13131313131313,185,29,1,0.10480604571960442
452,500,-107.40793311305595,35.342,36.488,573,65,0,0.1042820154910064
453,500,-104.82938779730489,35.02,36.174,577,69,0,0.10376060541355137
454,500,-94.1537573310713,33.298,34.46,581,67,0,0.1032418023864836
455,500,-30.82177140956943,25.63,26.732,551,65,0,0.10272559337455119
456,264,-91.11278212682559,31.46212121212121,32.36363636363637,238,39,1,0.10221196540767843
457,500,-78.87472521901064,29.786,30.854,534,65,0,0.10170090558064004
458,500,-158.06894991301576,41.338,42.476,569,70,0,0.10119240105273684
459,500,-112.23391743357544,34.338,35.49,576,71,0,0.10068643904747315
460,500,-42.92710650699343,28.904,30.058,577,63,0,0.10018300685223579
461,478,-118.52645206907178,35.92677824267783,37.05020920502092,537,57,1,0.0996820918179746
462,202,-95.98183532896249,40.836633663366335,41.9009900990099,215,26,1,0.09918368135888474
463,429,-102.83980566123893,33.655011655011656,34.77622377622377,481,59,1,0.09868776295209031
464,500,-57.55247670144114,29.162,30.314,576,74,0,0.09819432413732986
465,334,-82.98246808525884,32.73353293413174,33.76946107784431,346,41,1,0.09770335251664321
466,500,-100.78348046402739,32.934,34.046,556,70,0,0.09721483575406
467,500,-109.09410258363955,32.998,34.116,559,70,0,0.09672876157528969
468,500,-57.39574641580489,28.564,29.65,543,63,0,0.09624511776741324
469,500,-78.84570890146247,31.484,32.618,567,68,0,0.09576389217857617
470,250,-65.28097467185832,33.428,34.524,274,34,1,0.09528507271768329
471,500,-113.96673154383804,38.734,39.902,584,57,0,0.09480864735409487
472,500,-51.22980499328113,30.46,31.636,588,63,0,0.0943346041173244
473,500,-66.2867655566756,29.384,30.476,546,64,0,0.09386293109673778
474,218,-74.97672262758674,35.38073394495413,36.408256880733944,224,30,1,0.09339361644125409
475,273,-106.46245676182394,39.42857142857143,40.501831501831504,293,36,1,0.09292664835904782
476,500,-64.31475148354414,29.138,30.252,557,66,0,0.09246201511725258
477,500,-79.69984328741174,31.182,32.302,560,69,0,0.09199970504166631
478,389,-103.29299397427995,33.39588688946015,34.45244215938303,411,55,1,0.09153970651645797
479,500,-62.49367404481723,31.018,32.168,575,57,0,0.09108200798387568
480,277,-95.44571701610882,38.02888086642599,39.12996389891697,305,39,1,0.0906265979439563
481,500,-27.080218707164057,25.46,26.576,558,68,0,0.09017346495423652
482,500,-0.08179603873673247,21.758,22.832,537,65,0,0.08972259762946533
483,500,-114.96974894175176,35.334,36.458,562,62,0,0.089273984641318
484,500,-124.04643132376245,36.69,37.79,550,66,0,0.0888276147181114
485,500,-68.35587568533151,30.056,31.138,541,58,0,0.08838347664452084
486,500,-36.69400289191241,26.554,27.67,558,65,0,0.08794155926129824
487,500,-56.832322479556154,32.076,33.244,584,55,0,0.08750185146499175
488,500,-41.39077862843385,26.248,27.348,550,66,0,0.08706434220766679
489,500,-91.89235809017407,32.61,33.7,545,60,0,0.08662902049662846
490,500,-66.77225609295836,31.492,32.682,595,64,0,0.08619587539414532
491,500,-101.63724359906854,33.672,34.784,556,69,0,0.08576489601717459
492,500,-119.13581085830963,36.612,37.772,580,66,0,0.08533607153708872
493,240,-124.81838423439753,38.38333333333333,39.208333333333336,198,28,1,0.08490939117940327
494,337,-108.01004808258855,40.34421364985163,41.49258160237389,387,37,1,0.08448484422350626
495,500,-104.48437889950344,36.376,37.54,582,64,0,0.08406242000238873
496,252,-56.955897961288706,29.746031746031747,30.76984126984127,258,32,1,0.08364210790237678
497,497,-64.0616573855394,26.120724346076457,27.142857142857142,508,66,1,0.0832238973628649
498,212,-61.96919140887236,35.18396226415094,36.320754716981135,241,28,1,0.08280777787605056
499,500,-34.581173707763526,27.682,28.826,572,64,0,0.08239373898667031
500,500,-83.97562466226371,34.246,35.418,586,59,0,0.08198177029173696
501,500,-96.76717987718959,36.51,37.676,583,60,0,0.08157186144027828
502,263,-64.32997121366999,30.03422053231939,31.0532319391635,268,34,1,0.0811640021330769
503,500,-96.285638289023,36.092,37.296,602,62,0,0.08075818212241151
504,363,-116.97505671419644,35.47107438016529,36.49586776859504,372,47,1,0.08035439121179945
505,368,-90.85480980297581,35.23097826086956,36.34782608695652,411,43,1,0.07995261925574046
506,500,-82.63618568867729,31.388,32.484,548,62,0,0.07955285615946175
507,500,-98.91963229120692,34.638,35.762,562,62,0,0.07915509187866444
508,442,-95.28458298851822,35.5316742081448,36.660633484162894,499,47,1,0.07875931641927113
509,269,-82.72604118076528,33.048327137546465,34.10408921933085,284,40,1,0.07836551983717477
510,500,-27.47923296878858,25.712,26.796,542,61,0,0.07797369223798889
511,500,-83.6730704435991,32.51,33.626,558,55,0,0.07758382377679894
512,500,-39.42012125959907,27.86,28.99,565,63,0,0.07719590465791494
513,500,-86.02556252308325,27.778,28.766,494,64,0,0.07680992513462537
514,500,-66.46968071059119,30.664,31.792,564,64,0,0.07642587550895225
515,500,-104.15571162317913,34.42,35.516,548,57,0,0.07604374613140748
516,500,-76.63937422754324,32.516,33.654,569,60,0,0.07566352740075044
517,500,-35.919368822313984,29.352,30.526,587,58,0,0.07528520976374668
518,500,-47.28394501244887,30.706,31.888,591,56,0,0.07490878371492794
519,500,-55.00531167100766,29.954,31.1,573,58,0,0.0745342397963533
520,149,-43.21216984964525,28.751677852348994,29.731543624161073,146,18,1,0.07416156859737154
521,500,-63.58091530211586,29.5,30.566,533,56,0,0.07379076075438468
522,248,-86.82005128402427,35.600806451612904,36.645161290322584,259,36,1,0.07342180695061275
523,500,-71.62195417835437,33.476,34.656,590,57,0,0.07305469791585968
524,500,-29.030665612181217,27.42,28.576,578,65,0,0.07268942442628039
525,258,-54.89450499999211,26.674418604651162,27.655038759689923,253,34,1,0.07232597730414898
526,500,-73.03074377881093,32.69,33.82,565,53,0,0.07196434741762824
527,500,-56.91114965135242,27.8,28.842,521,54,0,0.0716045256805401
528,500,-36.34693582263816,28.36,29.5,570,62,0,0.0712465030521374
529,371,-70.41708285451097,27.795148247978435,28.78975741239892,369,49,1,0.0708902705368767
530,500,-15.322386581623126,27.946,29.142,598,56,0,0.07053581918419231
531,500,-4.754791909388602,23.794,24.936,571,65,0,0.07018314008827135
532,500,-51.51517966097114,28.904,30.03,563,60,0,0.06983222438783
533,500,-38.30704847749555,25.082,26.156,537,66,0,0.06948306326589085
534,269,-63.52448263594477,30.349442379182157,31.37918215613383,277,35,1,0.0691356479495614
535,500,-8.004707727187293,25.902,27.096,597,63,0,0.06878996970981359
536,329,-88.42289573029852,32.65653495440729,33.64741641337386,326,40,1,0.06844601986126451
537,500,-39.04482466550169,26.01,27.056,523,58,0,0.06810378976195819
538,109,-51.62316188919713,32.62385321100918,33.60550458715596,107,17,1,0.0677632708131484
539,500,-39.91131508267742,26.556,27.648,546,60,0,0.06742445445908266
540,500,-27.468622800199995,28.296,29.45,577,58,0,0.06708733218678724
541,181,-56.11506027919203,32.31491712707182,33.32596685082873,183,17,1,0.0667518955258533
542,500,-25.314518144249558,25.17,26.258,544,60,0,0.06641813604822402
543,500,-66.8988178835687,34.226,35.434,604,59,0,0.0660860453679829
544,500,-93.78964407340298,32.554,33.614,530,60,0,0.06575561514114299
545,500,-34.553012737291986,27.986,29.122,568,59,0,0.06542683706543727
546,500,-27.11021412209145,22.008,22.986,489,61,0,0.06509970288011008
547,500,-34.35882762863431,30.774,31.984,605,57,0,0.06477420436570952
548,500,-66.26137058086172,31.57,32.718,574,60,0,0.06445033334388098
549,500,18.838280454322252,22.4,23.544,572,58,0,0.06412808167716157
550,313,-96.92801836714337,36.90095846645367,37.926517571884986,321,33,1,0.06380744126877576
551,500,-9.174538509370747,23.894,24.986,546,58,0,0.06348840406243188
552,500,-6.145944736030898,24.85,25.98,565,58,0,0.06317096204211972
553,500,-87.00034959326383,33.522,34.662,570,58,0,0.06285510723190912
554,500,-57.904078755218094,30.34,31.492,576,62,0,0.06254083169574957
555,500,-83.19567532797531,32.362,33.486,562,64,0,0.062228127537270826
556,500,-43.305542956543135,29.13,30.262,566,62,0,0.06191698689958447
557,500,-28.687766825534492,27.564,28.73,583,61,0,0.061607401965086545
558,500,-83.36121146734212,34.878,36.05,586,55,0,0.06129936495526111
559,500,-71.51211096975712,32.074,33.224,575,61,0,0.0609928681304848
560,500,-57.27472622678791,30.744,31.894,575,57,0,0.060687903789832374
561,500,-52.58479504949782,28.234,29.336,551,59,0,0.06038446427088321
562,500,-50.093395406836365,29.434,30.588,577,56,0,0.06008254194952879
563,500,-16.921946414968247,22.956,24.038,541,63,0,0.05978212923978115
564,500,-42.9902178112168,29.832,31.02,594,61,0,0.05948321859358224
565,500,-59.19416735366429,27.068,28.108,520,61,0,0.05918580250061433
566,500,-0.020203613866370818,25.114,26.268,577,53,0,0.058889873488111255
567,500,-50.40604427555897,29.866,31.024,579,58,0,0.058595424120670696
568,500,-97.04371726878705,33.99,35.068,539,55,0,0.05830244700006734
569,500,-38.14274203585401,28.366,29.498,566,56,0,0.058010934765067
570,500,-81.7911873727267,32.28,33.394,557,57,0,0.05772088009124167
571,354,-113.97282285273894,38.59322033898305,39.64124293785311,371,39,1,0.05743227569078546
572,500,-46.31393781748978,29.712,30.916,602,59,0,0.05714511431233153
573,310,-52.54262141336108,26.88064516129032,27.9,316,38,1,0.05685938874076987
574,500,-24.391414640998708,28.162,29.36,599,55,0,0.056575091797066025
575,500,-60.44082917798585,32.266,33.438,586,57,0,0.056292216338080694
576,275,-66.51292740222576,31.516363636363636,32.52,276,30,1,0.05601075525639029
577,500,1.1816537248597085,24.076,25.23,577,62,0,0.05573070148010834
578,500,-63.84536842653458,32.686,33.834,574,54,0,0.0554520479727078
579,500,19.205729128366187,23.218,24.386,584,57,0,0.05517478773284426
580,500,-44.992726046609114,32.38,33.628,624,55,0,0.05489891379418004
581,500,-110.53258164619854,37.29,38.46,585,57,0,0.05462441922520914
582,318,-103.60320641823049,38.333333333333336,39.430817610062896,349,38,1,0.0543512971290831
583,500,-34.1880447789289,27.604,28.726,561,58,0,0.05407954064343768
584,356,-41.682045141451106,25.025280898876403,26.06179775280899,369,41,1,0.05380914294022049
585,131,-43.96420897033656,24.801526717557252,25.61832061068702,107,15,1,0.05354009722551939
586,500,-30.259656786967923,26.092,27.21,559,61,0,0.05327239673939179
587,500,-18.676091097781406,25.316,26.394,539,57,0,0.053006034755694834
588,500,-23.427436400070256,28.13,29.28,575,51,0,0.052741004581916356
589,500,-6.199734021610599,26.24,27.392,576,56,0,0.052477299559006776
590,500,-35.40010700308669,30.466,31.658,596,50,0,0.052214913061211746
591,500,-61.78396520657812,31.404,32.542,569,55,0,0.05195383849590569
592,500,-19.309958739776025,26.708,27.85,571,55,0,0.05169406930342616
593,409,-48.880422149796956,26.466992665036674,27.535452322738386,437,53,1,0.05143559895690903
594,500,-54.79380274375236,29.618,30.772,577,64,0,0.051178420962124486
595,500,4.974456701472482,25.238,26.438,600,59,0,0.05092252885731386
596,500,-47.37529235403266,28.226,29.3,537,51,0,0.05066791621302729
597,500,-32.836288198869156,26.628,27.746,559,61,0,0.05041457663196215
598,500,-69.89985917929022,31.796,32.93,567,54,0,0.050162503748802344
599,500,-23.207564680612755,25.314,26.426,556,61,0,0.049911691230058335
600,500,-5.011373340164884,27.738,28.978,620,59,0,0.04966213277390804
601,500,-19.4349407454553,23.77,24.846,538,64,0,0.0494138221100385
602,500,-53.50125020082248,27.076,28.132,528,62,0,0.04916675299948831
603,500,6.472986182342162,26.168,27.384,608,54,0,0.04892091923449087
604,500,-37.486812870916765,29.02,30.194,587,58,0,0.04867631463831842
605,448,-108.10649200073296,35.247767857142854,36.36607142857143,501,54,1,0.048432933065126825
606,500,-10.495578336389121,29.49,30.76,635,55,0,0.048190768399801194
607,500,-39.724290588208156,29.796,30.988,596,59,0,0.04794981455780219
608,500,-18.594117068141376,27.656,28.828,586,54,0,0.04771006548501318
609,282,-61.230909960995476,27.19858156028369,28.120567375886523,260,28,1,0.047471515157588115
610,500,-41.68003875313283,29.206,30.324,559,52,0,0.047234157581800176
611,500,14.61932237763292,22.736,23.876,570,56,0,0.046997986793891174
612,500,-38.84620715894192,26.466,27.506,520,53,0,0.04676299685992172
613,500,-33.94750927546535,28.96,30.132,586,54,0,0.04652918187562211
614,500,-42.53633128726835,31.54,32.746,603,50,0,0.046296535966244
615,500,-36.428422499841,30.012,31.19,589,51,0,0.046065053286412784
616,500,-47.62460032536016,31.032,32.224,596,56,0,0.04583472801998072
617,500,-31.07428843708294,29.748,30.972,612,57,0,0.045605554379880814
618,500,25.890228293054633,21.394,22.522,564,58,0,0.04537752660798141
619,500,-0.9574705629424805,26.762,27.978,608,54,0,0.0451506389749415
620,500,-50.844853554385786,32.858,34.076,609,53,0,0.044924885780066794
621,500,-56.83841492469339,30.238,31.392,577,55,0,0.04470026135116646
622,370,-59.44515085065984,28.186486486486487,29.181081081081082,368,38,1,0.04447676004441063
623,500,-13.741672859025488,24.954,26.046,546,58,0,0.04425437624418858
624,500,0.482809558205628,23.37,24.496,563,59,0,0.04403310436296763
625,500,-85.87320618312975,37.346,38.58,617,56,0,0.043812938841152796
626,500,-14.912528165733354,27.498,28.678,590,56,0,0.04359387414694703
627,500,6.351986510645346,23.872,25.028,578,60,0,0.043375904776212296
628,500,-11.999646319111601,25.256,26.39,567,58,0,0.043159025252331236
629,500,-20.04759130654157,26.78,27.944,582,58,0,0.04294323012606958
630,500,-7.275953471154777,27.062,28.246,592,53,0,0.04272851397543923
631,500,-26.37584955358583,26.054,27.162,554,56,0,0.04251487140556204
632,500,-7.941647716264107,25.304,26.434,565,55,0,0.04230229704853423
633,500,7.962551380547609,24.164,25.314,575,54,0,0.04209078556329156
634,500,-11.361621945913894,23.496,24.618,561,63,0,0.0418803316354751
635,500,-11.08324246108715,26.716,27.88,582,52,0,0.041670929977297724
636,500,0.26906041348350196,26.77,27.992,611,59,0,0.04146257532741124
637,500,-14.368524154454557,25.694,26.8,553,48,0,0.04125526245077418
638,500,-36.77079941194766,26.464,27.572,554,61,0,0.04104898613852031
639,500,-22.173858205896995,25.298,26.416,559,63,0,0.04084374120782771
640,500,-64.74185100236909,33.278,34.476,599,60,0,0.04063952250178857
641,500,6.341462313988012,25.438,26.626,594,55,0,0.04043632488927963
642,500,7.095319107937848,23.678,24.824,573,58,0,0.04023414326483323
643,500,17.010331583034702,22.532,23.636,552,52,0,0.040032972548509065
644,439,-31.81098245125535,24.138952164009112,25.18223234624146,458,46,1,0.03983280768576652
645,500,-24.141353909195193,27.33,28.464,567,58,0,0.03963364364733769
646,500,-5.342380320815473,25.196,26.348,576,62,0,0.039435475429100995
647,500,14.854958648077208,22.364,23.482,559,57,0,0.03923829805195549
648,500,-42.198599751566505,29.352,30.496,572,59,0,0.03904210656169572
649,500,-0.2590419381053535,23.122,24.222,550,58,0,0.03884689602888724
650,500,-13.039317586011054,28.368,29.586,609,54,0,0.0386526615487428
651,500,-54.27353366105212,29.81,30.922,556,60,0,0.03845939824099909
652,346,-35.574472926300814,28.41907514450867,29.57514450867052,400,42,1,0.03826710124979409
653,500,-17.13433820901163,25.562,26.702,570,62,0,0.038075765743545126
654,500,-11.048333161975536,25.728,26.852,562,56,0,0.0378853869148274
655,500,-22.115581326464056,25.888,27.006,559,57,0,0.03769595998025326
656,500,-19.44927158610985,25.828,26.908,540,52,0,0.03750748018035199
657,500,8.58418674161822,23.98,25.124,572,53,0,0.037319942779450235
658,500,-23.402515908147144,28.812,30.004,596,50,0,0.037133343065552986
659,500,15.272472032983872,21.78,22.908,564,61,0,0.03694767635022522
660,500,5.826028302460337,24.836,25.98,572,50,0,0.036762937968474095
661,500,14.037454514053113,23.908,25.07,581,52,0,0.03657912327863173
662,500,-15.050525342410792,24.996,26.096,550,57,0,0.036396227662238566
663,500,-20.22121586417584,27.676,28.866,595,53,0,0.03621424652392737
664,500,-12.057417938673726,26.028,27.166,569,53,0,0.036033175291307735
665,500,14.966461257527524,24.108,25.3,596,60,0,0.03585300941485119
666,500,6.934132650810654,23.234,24.376,571,59,0,0.035673744367776934
667,500,-4.9197952691730835,23.884,25.0,558,63,0,0.03549537564593805
668,404,-51.95530150971364,31.371287128712872,32.58168316831683,489,48,1,0.035317898767708356
669,500,-15.259429803682671,26.86,28.004,572,55,0,0.03514130927386981
670,500,-9.35718564536077,25.778,26.906,564,50,0,0.03496560272750046
671,500,28.230955416586202,20.666,21.796,565,55,0,0.03479077471386296
672,500,-1.3475962551740068,25.712,26.892,590,57,0,0.03461682084029365
673,500,2.7930636831785347,25.86,27.06,600,54,0,0.034443736736092176
674,500,25.062062697141858,20.652,21.74,544,54,0,0.034271518052411715
675,500,8.530448749338687,25.06,26.246,593,56,0,0.034100160462149656
676,500,-15.606496872956953,25.078,26.186,554,52,0,0.03392965965983891
677,500,15.609354734146653,25.318,26.532,607,53,0,0.033760011361539714
678,500,19.368045952886803,22.068,23.192,562,54,0,0.03359121130473201
679,500,9.099074458634941,23.516,24.66,572,53,0,0.033423255248208356
680,227,-54.642314286095576,28.73127753303965,29.691629955947135,218,22,1,0.03325613897196732
681,500,-33.341256309431195,28.37,29.51,570,56,0,0.03308985827710748
682,500,25.491048600105046,20.446,21.57,562,63,0,0.032924408985721944
683,500,11.890321267377244,21.988,23.078,545,53,0,0.03275978694079333
684,500,8.834731569590382,23.566,24.674,554,50,0,0.032595988006089364
685,500,-7.087255571049693,26.228,27.39,581,56,0,0.032433008066058915
686,500,-3.284577925273219,24.294,25.426,566,54,0,0.03227084302572862
687,500,-14.74886424919399,25.624,26.714,545,49,0,0.032109488810599975
688,500,-61.012121551608026,31.598,32.762,582,54,0,0.031948941366546975
689,500,-23.412607301936102,31.046,32.308,631,49,0,0.03178919665971424
690,500,-35.3615763622406,29.026,30.17,572,52,0,0.03163025067641567
691,500,7.354477484986232,25.022,26.214,596,57,0,0.03147209942303359
692,500,22.28575522190756,21.932,23.082,575,58,0,0.03131473892591842
693,500,-48.08403235355263,29.672,30.818,573,52,0,0.031158165231288826
694,500,1.165655834578466,25.532,26.73,599,55,0,0.03100237440513238
695,500,3.4984401002297045,25.516,26.656,570,50,0,0.030847362533106718
696,191,-44.247398459982605,24.20418848167539,25.041884816753928,160,22,1,0.030693125720441184
697,500,34.329412079058216,22.98,24.184,602,54,0,0.030539660091838977
698,500,-35.529850976553575,29.696,30.844,574,47,0,0.03038696179137978
699,500,-8.513029161558023,28.692,29.92,614,54,0,0.030235026982422884
700,500,-7.400244914700233,25.49,26.626,568,49,0,0.030083851847510768
701,500,-6.245222713330767,24.478,25.602,562,53,0,0.029933432588273214
702,500,-10.889401083626137,24.736,25.852,558,55,0,0.029783765425331846
703,500,16.661701343498603,21.644,22.738,547,55,0,0.029634846598205186
704,500,6.252018617594038,23.262,24.332,535,46,0,0.02948667236521416
705,500,-0.6771605595968389,25.454,26.644,595,58,0,0.029339239003388088
706,500,20.82187027849278,23.024,24.202,589,57,0,0.029192542808371146
707,500,-55.995721634438674,31.028,32.158,565,49,0,0.02904658009432929
708,500,-5.205331465537228,25.786,26.944,579,53,0,0.028901347193857643
709,500,-5.395829777849494,26.78,27.97,595,53,0,0.028756840457888354
710,500,-8.696483607593265,25.286,26.398,556,54,0,0.02861305625559891
711,500,-21.7186867882723,25.55,26.666,558,58,0,0.028469990974320916
712,500,26.661907163081622,21.468,22.612,572,59,0,0.02832764101944931
713,500,-22.93670680222248,27.892,29.058,583,52,0,0.028186002814352063
714,500,-15.747442090286336,27.988,29.19,601,58,0,0.0280450728002803
715,500,-21.26077689570135,27.636,28.8,582,52,0,0.0279048474362789
716,500,-22.34864390690491,27.986,29.16,587,54,0,0.027765323199097504
717,500,28.525445636954533,21.76,22.926,583,59,0,0.027626496583102015
718,500,0.9948799872644394,25.09,26.264,587,57,0,0.027488364100186506
719,500,-17.65857872065211,25.77,26.9,565,54,0,0.027350922279685573
720,500,7.929102665097327,24.794,25.96,583,55,0,0.027214167668287145
721,500,5.021611796436964,26.574,27.774,600,54,0,0.02707809682994571
722,500,21.117604357897214,22.926,24.096,585,59,0,0.02694270634579598
723,500,4.844063200511768,22.926,24.044,559,55,0,0.026807992814067
724,500,-48.99251257825256,29.72,30.844,562,54,0,0.026673952849996664
725,500,8.193837322370042,25.688,26.898,605,51,0,0.02654058308574668
726,500,-18.160172990085165,26.36,27.498,569,50,0,0.026407880170317945
727,500,-5.7377219474054835,24.702,25.826,562,54,0,0.026275840769466357
728,500,1.4485190106074912,26.098,27.284,593,49,0,0.026144461565619025
729,500,19.14008581516179,23.248,24.396,574,52,0,0.02601373925779093
730,500,-7.85616519015018,27.818,29.018,600,53,0,0.025883670561501974
731,500,46.76795333995938,19.392,20.532,570,53,0,0.025754252208694463
732,500,30.089299119802902,22.39,23.56,585,56,0,0.02562548094765099
733,500,2.3212005568701692,22.184,23.278,547,58,0,0.025497353542912736
734,500,-10.136293147501577,25.564,26.696,566,55,0,0.02536986677519817
735,500,-10.958119444053853,26.3,27.44,570,53,0,0.02524301744132218
736,500,2.6954732728254625,25.954,27.122,584,49,0,0.025116802354115567
737,500,-14.127950226237465,24.284,25.326,521,52,0,0.024991218342344988
738,500,14.447044912017393,22.86,24.004,572,59,0,0.024866262250633264
739,500,20.133890783423993,21.99,23.104,557,51,0,0.024741930939380097
740,500,19.14504399025484,22.106,23.21,552,52,0,0.024618221284683196
741,500,-45.003439448180174,29.348,30.518,585,55,0,0.02449513017825978
742,500,28.189597229122203,24.348,25.572,612,51,0,0.02437265452736848
743,500,-21.98218458890029,27.092,28.224,566,53,0,0.024250791254731636
744,500,-12.697545420635137,22.968,24.004,518,51,0,0.024129537298457977
745,500,0.4224675049087465,25.97,27.18,605,53,0,0.024008889611965685
746,500,12.38599177926661,24.266,25.444,589,54,0,0.023888845163905856
747,500,-21.490557962953638,29.088,30.284,598,54,0,0.023769400938086327
748,500,-12.200167470861253,24.556,25.676,560,52,0,0.023650553933395897
749,500,-3.264762485952475,23.4,24.464,532,50,0,0.023532301163728918
750,500,-17.769613848603182,29.122,30.314,596,50,0,0.023414639657910272
751,500,-11.256753527078741,27.994,29.198,602,52,0,0.023297566459620722
752,500,-12.538434396031928,26.612,27.758,573,50,0,0.023181078627322618
753,500,5.714298709724673,22.268,23.34,536,52,0,0.023065173234186005
754,500,-23.291026813625535,27.08,28.22,570,51,0,0.022949847368015076
755,500,5.383593779248306,23.69,24.804,557,49,0,0.022835098131175
756,500,28.669696141061337,21.634,22.804,585,57,0,0.022720922640519125
757,500,8.940276389248314,24.81,25.962,576,50,0,0.02260731802731653
758,500,13.696273423950982,23.016,24.166,575,56,0,0.022494281437179946
759,500,2.5419590457666112,21.724,22.794,535,52,0,0.022381810029994047
760,500,6.6721672444643545,24.028,25.168,570,55,0,0.022269900979844076
761,500,18.550923328430862,24.578,25.77,596,51,0,0.022158551474944856
762,500,-15.693332847098707,27.96,29.128,584,50,0,0.022047758717570132
763,500,28.804316220341086,21.742,22.888,573,56,0,0.021937519923982282
764,500,21.624352363346286,21.18,22.294,557,51,0,0.021827832324362372
765,500,4.331790208138628,24.892,26.048,578,51,0,0.02171869316274056
766,500,1.8723376626259478,23.644,24.752,554,50,0,0.021610099696926857
767,500,0.22117372174507488,24.396,25.544,574,53,0,0.021502049198442223
768,500,27.184491530137663,21.72,22.858,569,52,0,0.021394538952450012
769,500,18.72398107423406,22.74,23.854,557,49,0,0.02128756625768776
770,500,8.63292552416452,24.282,25.416,567,48,0,0.021181128426399323
771,500,7.935479742829392,22.522,23.612,545,51,0,0.021075222784267326
772,500,28.63247155759386,22.582,23.746,582,51,0,0.020969846670345987
773,406,-17.369888017670725,23.935960591133004,25.029556650246306,444,44,1,0.020864997436994256
774,500,20.121452682916846,23.302,24.46,579,52,0,0.020760672449809284
775,500,29.024507897406448,20.308,21.394,543,51,0,0.020656869087560238
776,500,17.155591960500903,23.986,25.172,593,54,0,0.020553584742122436
777,500,16.83136734073924,23.568,24.736,584,54,0,0.020450816818411825
778,500,-11.084871085960122,23.4,24.464,532,52,0,0.020348562734319765
779,500,25.655066506501107,23.298,24.448,575,47,0,0.020246819920648168
780,500,-56.463011841344745,32.37,33.572,601,55,0,0.020145585821044927
781,500,-22.84656489492128,28.87,30.038,584,49,0,0.020044857891939702
782,500,15.945306374961586,23.206,24.356,575,57,0,0.019944633602480003
783,500,43.182062107757034,20.146,21.298,576,57,0,0.019844910434467605
784,500,-1.9138855164121926,28.284,29.506,611,46,0,0.019745685882295267
785,500,28.904336053074875,23.166,24.358,596,54,0,0.01964695745288379
786,500,30.39568440243606,24.64,25.882,621,56,0,0.01954872266561937
787,500,19.908552372733933,21.036,22.112,538,54,0,0.019450979052291272
788,500,-12.010208294140355,30.608,31.88,636,50,0,0.019353724157029815
789,500,9.880910177062043,25.594,26.796,601,54,0,0.019256955536244666
790,500,13.82095663572458,25.516,26.73,607,57,0,0.019160670758563442
791,500,15.621947360936584,24.176,25.358,591,52,0,0.019064867404770626
792,500,6.801725915668521,24.838,25.986,574,49,0,0.018969543067746772
793,500,18.939781388037474,23.394,24.542,574,50,0,0.018874695352408037
794,500,-23.09439502153576,27.704,28.828,562,48,0,0.018780321875645996
795,500,19.20390819883898,23.518,24.68,581,54,0,0.018686420266267767
796,500,43.5597361845527,19.024,20.134,555,55,0,0.018592988164936427
797,500,4.066779884166892,26.002,27.226,612,51,0,0.018500023224111744
798,500,3.717016667350927,24.222,25.338,558,52,0,0.018407523107991184
799,500,22.40204096284805,22.516,23.662,573,52,0,0.01831548549245123
800,500,27.252151980174496,22.408,23.554,573,50,0,0.018223908064988973
801,500,12.522845073621925,24.874,26.06,593,56,0,0.018132788524664028
802,500,-20.342998425946746,24.636,25.68,522,47,0,0.018042124582040707
803,500,4.241813732162349,25.07,26.218,574,53,0,0.017951913959130504
804,500,10.810222716833369,22.64,23.752,556,50,0,0.01786215438933485
805,500,16.253172112193962,23.974,25.178,602,54,0,0.017772843617388175
806,500,41.06918488657658,22.878,24.098,610,51,0,0.017683979399301233
807,500,-4.058661797709849,27.204,28.394,595,51,0,0.017595559502304726
808,243,-38.428025849253785,29.353909465020575,30.432098765432098,262,22,1,0.0175075817047932
809,500,-0.40562889027023075,22.32,23.366,523,49,0,0.017420043796269234
810,500,30.088793859932096,21.092,22.226,567,51,0,0.017332943577287888
811,500,37.55392591865171,22.314,23.514,600,53,0,0.01724627885940145
812,500,-9.018031950751098,26.022,27.166,572,50,0,0.017160047465104442
813,500,27.023934083184027,22.938,24.104,583,53,0,0.01707424722777892
814,500,40.59148772077839,19.042,20.134,546,53,0,0.016988875991640028
815,500,32.76847911715032,20.654,21.794,570,52,0,0.016903931611681827
816,500,1.185227029562524,27.488,28.728,620,52,0,0.01681941195362342
817,500,30.096078224423184,20.98,22.096,558,51,0,0.016735314893855303
818,500,32.560663988631816,21.128,22.27,571,55,0,0.016651638319386028
819,500,1.8670634325759725,28.03,29.284,627,54,0,0.0165683801277891
820,500,13.732611884361663,20.844,21.922,539,55,0,0.016485538227150154
821,500,37.88211935746708,19.866,20.98,557,56,0,0.0164031105360144
822,500,25.132667441707984,23.05,24.22,585,52,0,0.01632109498333433
823,500,14.915416802903204,22.712,23.866,577,52,0,0.016239489508417658
824,500,19.212786509571934,22.326,23.456,565,51,0,0.01615829206087557
825,500,20.042979500977204,23.696,24.872,588,56,0,0.01607750060057119
826,500,-16.54238269776554,29.342,30.606,632,56,0,0.015997113097568336
827,500,-17.796170614172638,27.672,28.864,596,54,0,0.015917127532080494
828,500,6.051346195830247,25.898,27.08,591,49,0,0.01583754189442009
829,500,34.3845279393365,20.982,22.114,566,52,0,0.01575835418494799
830,500,18.897811451451368,21.72,22.832,556,55,0,0.01567956241402325
831,500,7.5215979583170665,22.576,23.66,542,50,0,0.015601164601953134
832,500,23.194720189158105,23.326,24.516,595,54,0,0.015523158778943369
833,500,1.479899295925132,25.06,26.222,581,50,0,0.015445542985048652
834,500,4.1807983777830895,22.694,23.768,537,48,0,0.015368315270123408
835,500,18.87016925577938,26.234,27.494,630,56,0,0.01529147369377279
836,500,18.172699700855535,21.072,22.152,540,53,0,0.015215016325303928
837,500,20.104290392993406,22.984,24.108,562,47,0,0.015138941243677408
838,500,0.6799979034664622,25.05,26.182,566,49,0,0.01506324653745902
839,500,14.127132196123798,23.32,24.474,577,53,0,0.014987930304771725
840,500,41.447855321802926,19.84,20.98,570,56,0,0.014912990653247866
841,500,31.472776460108193,21.63,22.76,565,48,0,0.014838425699981627
842,500,22.984730141255678,19.43,20.472,521,49,0,0.01476423357148172
843,500,18.8665549164364,23.11,24.248,569,52,0,0.014690412403624311
844,500,9.493962765036493,23.486,24.602,558,50,0,0.01461696034160619
845,500,21.933318338374185,21.544,22.652,554,52,0,0.014543875539898159
846,500,-0.373822804475616,25.562,26.734,586,51,0,0.014471156162198668
847,500,22.34760214977472,22.352,23.488,568,52,0,0.014398800381387675
848,500,-30.430222912048126,30.172,31.36,594,48,0,0.014326806379480736
849,500,28.048009486690553,22.116,23.278,581,56,0,0.014255172347583332
850,500,55.70774203935655,18.664,19.812,574,56,0,0.014183896485845416
851,500,30.74299506966485,22.556,23.73,587,52,0,0.014112977003416188
852,500,38.9762326937086,20.488,21.634,573,53,0,0.014042412118399107
853,500,39.6651502515165,23.536,24.796,630,56,0,0.013972200057807112
854,500,8.368510178117464,23.682,24.792,555,49,0,0.013902339057518077
855,500,27.233106562381316,21.65,22.786,568,54,0,0.013832827362230486
856,500,19.000435750168695,24.704,25.898,597,49,0,0.013763663225419333
857,500,30.96820647378351,19.6,20.698,549,55,0,0.013694844909292236
858,500,3.6923430296509725,23.188,24.292,552,53,0,0.013626370684745774
859,500,7.542845815205622,24.0,25.124,562,51,0,0.013558238831322046
860,500,17.317218222887742,21.522,22.62,549,51,0,0.013490447637165436
861,500,6.3117034946236785,21.664,22.756,546,55,0,0.013422995398979608
862,500,-1.5536007128253058,25.98,27.148,584,54,0,0.01335588042198471
863,500,-21.143151065133555,31.076,32.318,621,47,0,0.013289101019874787
864,500,40.80192783260058,19.98,21.126,573,54,0,0.013222655514775413
865,500,12.993522636585684,25.852,27.08,614,54,0,0.013156542237201536
866,500,14.544006958579187,22.188,23.292,552,53,0,0.013090759526015528
867,500,20.557001612257316,21.868,22.982,557,55,0,0.01302530572838545
868,500,6.297578473552102,23.578,24.708,565,49,0,0.012960179199743523
869,500,11.177681649537314,23.36,24.518,579,59,0,0.012895378303744804
870,500,-12.93176914444959,26.83,27.966,568,51,0,0.01283090141222608
871,207,-32.72941192215373,25.657004830917874,26.685990338164252,213,21,1,0.012766746905164949
872,500,18.79514937436256,22.534,23.664,565,55,0,0.012702913170639124
873,500,40.2641361141109,19.4,20.53,565,58,0,0.012639398604785928
874,500,25.51782144391772,21.746,22.88,567,52,0,0.012576201611761997
875,500,25.390341461506203,21.298,22.428,565,53,0,0.012513320603703188
876,500,31.732580461999277,19.902,21.03,564,56,0,0.012450754000684672
877,500,33.234123438132116,19.606,20.714,554,58,0,0.012388500230681249
878,500,43.75866274367815,19.808,20.942,567,53,0,0.012326557729527843
879,500,11.744558886308877,22.754,23.858,552,52,0,0.012264924940880204
880,500,19.42033752281589,25.862,27.076,607,48,0,0.012203600316175803
881,500,50.19855435286683,19.038,20.182,572,54,0,0.012142582314594924
882,500,-13.133692584169008,22.53,23.602,536,57,0,0.01208186940302195
883,500,20.237460147271833,23.348,24.496,574,52,0,0.01202146005600684
884,500,19.60663677652044,23.344,24.524,590,56,0,0.011961352755726806
885,500,32.66246045998395,18.962,20.018,528,51,0,0.01190154599194817
886,500,32.69967804106001,21.61,22.792,591,58,0,0.01184203826198843
887,500,14.8629746093422,23.35,24.494,572,53,0,0.011782828070678488
888,500,24.549542204163327,21.93,23.044,557,50,0,0.011723913930325095
889,500,-3.9104841555717806,23.392,24.498,553,55,0,0.01166529436067347
890,500,18.58562616157727,22.698,23.832,567,48,0,0.011606967888870102
891,500,20.996010354657876,23.444,24.596,576,48,0,0.01154893304942575
892,500,28.569205727087763,23.34,24.526,593,49,0,0.011491188384178622
893,500,33.445233594767956,21.974,23.176,601,59,0,0.011433732442257729
894,500,31.531949721257984,23.362,24.584,611,55,0,0.01137656378004644
895,500,15.702849965256885,25.244,26.45,603,55,0,0.011319680961146208
896,500,44.17685643205854,20.608,21.788,590,54,0,0.011263082556340478
897,500,26.939142119203904,21.746,22.882,568,53,0,0.011206767143558775
898,500,20.557269630182788,22.448,23.574,563,53,0,0.011150733307840981
899,500,34.963650325578726,21.6,22.766,583,51,0,0.011094979641301777
900,500,2.6118424522188564,22.95,24.068,559,58,0,0.011039504743095268
901,500,39.2426754352481,21.716,22.892,588,53,0,0.01098430721937979
902,500,32.43299870395739,20.692,21.808,558,54,0,0.010929385683282892
903,500,44.329202356824254,18.446,19.562,558,62,0,0.010874738754866477
904,500,31.14522929251777,22.05,23.198,574,53,0,0.010820365061092144
905,500,45.16100019951367,19.774,20.878,552,50,0,0.010766263235786683
906,500,37.23399268543809,22.874,24.088,607,51,0,0.01071243191960775
907,500,7.790589969889022,21.044,22.096,526,53,0,0.010658869760009713
908,500,36.39575295678764,20.672,21.818,573,55,0,0.010605575411209664
909,500,37.47907407844637,22.264,23.47,603,53,0,0.010552547534153616
910,500,51.50079251657473,20.542,21.734,596,54,0,0.010499784796482848
911,500,38.94474917540828,21.07,22.236,583,51,0,0.010447285872500434
912,500,38.441364752428186,21.754,22.944,595,52,0,0.01039504944313793
913,500,27.98378507612514,20.992,22.114,561,53,0,0.010343074195922241
914,500,46.784146791163586,17.882,18.994,556,58,0,0.01029135882494263
915,500,37.69135628349804,23.834,25.082,624,55,0,0.010239902030817916
916,500,28.27826503783347,22.156,23.306,575,54,0,0.010188702520663827
917,500,42.31412201196208,22.024,23.234,605,56,0,0.010137759008060509
918,500,16.695122539237428,24.742,25.928,593,51,0,0.010087070213020206
919,500,-2.018083890433576,25.232,26.404,586,53,0,0.010036634861955105
920,500,14.757824814181172,26.588,27.818,615,47,0,0.01
921,500,19.338476338436305,22.892,24.03,569,49,0,0.01
922,500,31.74053487130409,21.224,22.372,574,55,0,0.01
923,500,4.592141150922991,25.33,26.48,575,49,0,0.01
924,500,25.627296657875554,22.862,24.064,601,54,0,0.01
925,500,29.052424623541285,23.442,24.64,599,52,0,0.01
926,500,53.34815480029476,18.67,19.804,567,53,0,0.01
927,500,43.660261277157275,21.778,22.954,588,50,0,0.01
928,500,57.23709850864151,21.058,22.288,615,55,0,0.01
929,500,3.9544046665885135,26.478,27.692,607,51,0,0.01
930,500,12.277811717645074,21.66,22.74,540,52,0,0.01
931,500,37.91601113444571,19.87,20.996,563,53,0,0.01
932,500,39.57473771640321,19.512,20.602,545,52,0,0.01
933,500,30.2350615008713,21.644,22.79,573,52,0,0.01
934,500,34.14871662528939,21.296,22.436,570,52,0,0.01
935,500,16.554675422859265,20.87,21.942,536,51,0,0.01
936,500,30.33692278045234,22.648,23.852,602,54,0,0.01
937,500,24.049634855294762,21.938,23.056,559,48,0,0.01
938,500,20.787504017623398,21.56,22.69,565,52,0,0.01
939,500,37.14888141023228,21.396,22.556,580,52,0,0.01
940,500,10.278598510370093,27.038,28.28,621,53,0,0.01
941,500,33.43704258990005,20.954,22.104,575,58,0,0.01
942,500,26.88172058684756,22.594,23.782,594,56,0,0.01
943,500,26.808834590174452,23.54,24.718,589,52,0,0.01
944,500,27.126998187161067,22.986,24.156,585,52,0,0.01
945,500,24.313184595605108,21.154,22.244,545,51,0,0.01
946,500,32.80561462894609,23.794,25.03,618,52,0,0.01
947,500,24.088845799614507,21.858,22.976,559,53,0,0.01
948,500,29.64866826506674,24.622,25.874,626,53,0,0.01
949,500,26.608310182156178,19.274,20.33,528,52,0,0.01
950,500,53.47205447561211,19.346,20.496,575,52,0,0.01
951,500,22.347323873189193,21.85,22.962,556,49,0,0.01
952,500,5.828003758270312,24.734,25.882,574,46,0,0.01
953,500,30.322743209811893,21.298,22.416,559,51,0,0.01
954,500,12.139292020045417,21.486,22.582,548,56,0,0.01
955,500,27.725726290490055,18.22,19.246,513,54,0,0.01
956,500,9.47338820923035,27.026,28.266,620,51,0,0.01
957,500,20.816365808888733,23.092,24.274,591,54,0,0.01
958,500,-28.028895975954153,27.466,28.59,562,53,0,0.01
959,500,47.61114798743413,16.898,17.948,525,52,0,0.01
960,500,16.573074569427497,23.624,24.79,583,47,0,0.01
961,500,18.350206615758275,23.916,25.086,585,51,0,0.01
962,500,28.11866226828811,20.67,21.81,570,57,0,0.01
963,500,39.756762354757036,23.086,24.33,622,51,0,0.01
964,500,15.881909791761373,27.232,28.51,639,52,0,0.01
965,500,38.46322745817926,20.32,21.476,578,52,0,0.01
966,500,26.92216513154336,21.408,22.536,564,52,0,0.01
967,500,24.772152398567112,20.972,22.086,557,53,0,0.01
968,500,26.47238469188004,20.714,21.822,554,53,0,0.01
969,454,-44.105805987632046,29.795154185022028,30.975770925110133,536,45,1,0.01
970,500,36.1169856063837,21.162,22.324,581,55,0,0.01
971,500,17.075318366354086,24.568,25.768,600,54,0,0.01
972,500,37.413664750918684,19.482,20.566,542,52,0,0.01
973,500,35.52945549064837,18.666,19.734,534,54,0,0.01
974,500,39.35975106865403,19.464,20.594,565,54,0,0.01
975,500,11.671930002519014,23.282,24.412,565,50,0,0.01
976,500,26.150805572742104,21.62,22.756,568,50,0,0.01
977,500,25.16219602151824,22.49,23.622,566,49,0,0.01
978,500,16.136144515819524,22.402,23.538,568,51,0,0.01
979,500,21.480895654355805,23.064,24.228,582,57,0,0.01
980,500,44.10622416778101,21.966,23.158,596,46,0,0.01
981,500,19.943701523677422,23.34,24.502,581,47,0,0.01
982,500,0.8986770571879847,23.148,24.29,571,58,0,0.01
983,500,18.851151357697674,21.804,22.918,557,49,0,0.01
984,500,38.42212377371209,21.078,22.228,575,51,0,0.01
985,500,13.211264373950282,23.036,24.176,570,51,0,0.01
986,500,4.292716529050315,28.784,30.076,646,50,0,0.01
987,500,34.45817695514592,22.012,23.18,584,49,0,0.01
988,500,13.844434451419911,23.938,25.084,573,51,0,0.01
989,500,5.529050364019723,26.126,27.322,598,50,0,0.01
990,500,-3.2439550807058795,26.7,27.91,605,51,0,0.01
991,500,32.248018376177974,25.114,26.374,630,54,0,0.01
992,500,30.641246635344228,20.91,22.05,570,51,0,0.01
993,500,13.688989059459857,23.132,24.298,583,55,0,0.01
994,500,26.063052053181167,22.376,23.524,574,50,0,0.01
995,500,5.019460650641762,25.638,26.808,585,44,0,0.01
996,500,8.923175651285035,24.12,25.262,571,51,0,0.01
997,500,42.80153606437234,19.036,20.174,569,59,0,0.01
998,500,19.492285456749826,22.922,24.086,582,50,0,0.01
999,500,25.362286980286008,25.008,26.262,627,55,0,0.01
1000,500,33.77296671100352,22.61,23.784,587,49,0,0.01
1001,500,2.1041083469991637,26.598,27.79,596,48,0,0.01
1002,500,1.3014473158918536,23.814,24.948,567,52,0,0.01
1003,500,6.019683731276151,21.808,22.91,551,56,0,0.01
1004,500,42.10637543779515,18.57,19.666,548,54,0,0.01
1005,500,44.264084820810744,19.694,20.812,559,53,0,0.01
1006,500,30.96650929455899,20.236,21.338,551,54,0,0.01
1007,500,47.28021932994115,21.05,22.258,604,51,0,0.01
1008,500,49.32451920204801,16.576,17.626,525,53,0,0.01
1009,500,32.459595857784855,20.85,22.002,576,55,0,0.01
1010,500,-10.021076221994358,27.378,28.574,598,55,0,0.01
1011,500,16.57333232869292,24.234,25.424,595,52,0,0.01
1012,500,34.91186401552046,19.128,20.228,550,56,0,0.01
1013,500,25.56562541999355,23.568,24.766,599,52,0,0.01
1014,500,27.69217759832588,21.936,23.094,579,54,0,0.01
1015,500,44.403346373844386,20.864,22.034,585,56,0,0.01
1016,500,15.695325102551736,21.068,22.162,547,55,0,0.01
1017,500,33.67081624979466,20.098,21.218,560,50,0,0.01
1018,500,-0.10450057663572743,25.298,26.446,574,53,0,0.01
1019,500,28.805962106265405,21.412,22.536,562,53,0,0.01
1020,500,44.82634371103503,20.36,21.516,578,55,0,0.01
1021,500,38.258858627792215,20.26,21.408,574,60,0,0.01
1022,500,41.781731530093886,20.94,22.116,588,57,0,0.01
1023,500,1.9663586709271037,24.748,25.89,571,58,0,0.01
1024,500,28.937939294807915,22.71,23.896,593,52,0,0.01
1025,500,19.50776082610884,23.822,25.024,601,53,0,0.01
1026,500,13.019151598076135,25.242,26.416,587,50,0,0.01
1027,500,36.76012658360825,23.052,24.252,600,50,0,0.01
1028,500,20.32288747743463,21.558,22.67,556,53,0,0.01
1029,500,18.16246403944377,23.074,24.216,571,53,0,0.01
1030,500,25.234504947700284,20.636,21.736,550,52,0,0.01
1031,500,31.114621638614185,23.938,25.17,616,52,0,0.01
1032,500,12.795451424536822,26.498,27.758,630,55,0,0.01
1033,500,20.267070796362482,22.3,23.438,569,55,0,0.01
1034,500,31.250011093039376,21.342,22.496,577,54,0,0.01
1035,500,11.393946188571393,25.6,26.792,596,51,0,0.01
1036,500,-9.974347573889089,23.362,24.442,540,57,0,0.01
1037,500,6.723554783903115,29.184,30.486,651,50,0,0.01
1038,500,10.603816232293832,22.014,23.108,547,56,0,0.01
1039,500,13.737181547495194,22.344,23.468,562,51,0,0.01
1040,500,26.819070251586247,21.546,22.658,556,50,0,0.01
1041,500,24.58573965321989,23.048,24.212,582,55,0,0.01
1042,500,36.409366361979295,22.124,23.284,580,50,0,0.01
1043,500,23.632883843142153,23.386,24.574,594,55,0,0.01
1044,500,29.506895220372137,22.414,23.576,581,53,0,0.01
1045,500,20.65422141808454,21.826,22.914,544,49,0,0.01
1046,500,36.466447419407686,20.046,21.154,554,53,0,0.01
1047,500,-5.870551226755975,25.528,26.648,560,53,0,0.01
1048,500,28.643995368950577,22.674,23.872,599,55,0,0.01
1049,500,-5.934219084150284,25.432,26.548,558,50,0,0.01
1050,500,26.643514529050726,25.842,27.11,634,52,0,0.01
1051,500,12.218136452893145,22.12,23.218,549,53,0,0.01
1052,500,-18.52402719572389,29.842,31.046,602,50,0,0.01
1053,500,27.737150771515108,22.454,23.604,575,53,0,0.01
1054,500,27.433833533713962,22.262,23.418,578,52,0,0.01
1055,500,34.981716645992535,20.568,21.69,561,52,0,0.01
1056,500,19.086633101859153,21.254,22.338,542,52,0,0.01
1057,500,33.03275019557459,21.006,22.17,582,56,0,0.01
1058,500,21.266001980929246,23.558,24.75,596,53,0,0.01
1059,500,7.21369379633098,24.542,25.702,580,53,0,0.01
1060,500,33.639291696854286,20.884,22.03,573,55,0,0.01
1061,500,26.678873892082112,21.904,23.034,565,50,0,0.01
1062,500,13.234570402311459,24.922,26.11,594,51,0,0.01
1063,500,31.755484463472193,20.93,22.082,576,56,0,0.01
1064,500,47.412358693540085,19.95,21.1,575,52,0,0.01
1065,500,36.07462390156935,18.58,19.68,550,58,0,0.01
1066,500,27.8315834189823,23.342,24.558,608,55,0,0.01
1067,500,16.99017631516814,23.284,24.414,565,50,0,0.01
1068,500,27.55790825263414,22.984,24.176,596,53,0,0.01
1069,500,27.680117751118203,20.688,21.786,549,53,0,0.01
1070,500,46.75544017256332,17.592,18.63,519,48,0,0.01
1071,500,33.31174452926384,21.34,22.486,573,51,0,0.01
1072,500,-8.637661080031561,25.91,27.08,585,51,0,0.01
1073,500,34.90160783678855,21.254,22.408,577,54,0,0.01
1074,500,1.9809710444359205,26.818,28.058,620,52,0,0.01
1075,500,14.956294150467329,22.174,23.316,571,57,0,0.01
1076,500,31.523624707427313,22.072,23.226,577,50,0,0.01
1077,500,43.40228456080254,18.538,19.636,549,52,0,0.01
1078,500,15.808133769380637,22.332,23.44,554,51,0,0.01
1079,500,33.81176536977505,21.746,22.886,570,50,0,0.01
1080,500,51.31322498386309,19.758,20.936,589,55,0,0.01
1081,500,37.6967850398309,19.606,20.726,560,54,0,0.01
1082,500,3.860875403229491,23.18,24.278,549,50,0,0.01
1083,500,27.310848147547073,20.17,21.238,534,51,0,0.01
1084,500,17.254621790813044,22.646,23.836,595,55,0,0.01
1085,500,37.14871662528936,21.296,22.436,570,49,0,0.01
1086,500,33.144858041609645,21.014,22.146,566,52,0,0.01
1087,500,33.45152160082834,23.77,24.996,613,54,0,0.01
1088,500,35.71653127841787,21.62,22.796,588,52,0,0.01
1089,500,8.43162083595854,21.686,22.794,554,58,0,0.01
1090,500,29.239332370099245,22.75,23.918,584,48,0,0.01
1091,500,14.58755032408709,22.878,24.01,566,50,0,0.01
1092,500,14.391815560096303,24.5,25.69,595,50,0,0.01
1093,500,26.194843939460796,23.658,24.86,601,54,0,0.01
1094,500,4.688979447182085,24.274,25.398,562,53,0,0.01
1095,500,13.953989124771622,22.084,23.178,547,54,0,0.01
1096,500,11.672971298240782,25.752,26.936,592,48,0,0.01
1097,500,24.676825979269584,21.368,22.5,566,57,0,0.01
1098,500,29.339513731507225,20.712,21.836,562,54,0,0.01
1099,500,42.22269195471578,18.96,20.068,554,53,0,0.01
1100,500,32.1153704964394,21.354,22.526,586,53,0,0.01
1101,500,26.366822611170743,23.148,24.318,585,48,0,0.01
1102,500,-2.5544355425818575,24.434,25.55,558,56,0,0.01
1103,500,32.30209294073451,20.662,21.788,563,50,0,0.01
1104,500,21.377955300681535,23.388,24.54,576,51,0,0.01
1105,500,33.604904918664836,19.524,20.624,550,53,0,0.01
1106,500,14.965110909240089,21.342,22.434,546,51,0,0.01
1107,500,18.288799493150815,20.584,21.678,547,56,0,0.01
1108,500,10.759528995797043,22.36,23.464,552,50,0,0.01
1109,500,-2.860920801928909,25.282,26.436,577,52,0,0.01
1110,500,25.746915205304813,22.51,23.694,592,53,0,0.01
1111,500,7.4938075923714695,22.256,23.388,566,57,0,0.01
1112,500,-10.105393702083802,27.702,28.876,587,49,0,0.01
1113,500,31.974250235507196,24.242,25.476,617,51,0,0.01
1114,500,20.847901266871418,23.284,24.426,571,50,0,0.01
1115,500,17.525518093957007,22.458,23.588,565,54,0,0.01
1116,500,37.826776513903376,21.068,22.242,587,56,0,0.01
1117,500,38.79114587667784,20.908,22.076,584,53,0,0.01
1118,500,14.034245457867021,25.176,26.364,594,50,0,0.01
1119,500,37.23714018966394,21.966,23.136,585,50,0,0.01
1120,500,15.556314306392204,24.116,25.296,590,55,0,0.01
1121,500,34.90852095037157,20.122,21.234,556,51,0,0.01
1122,500,32.31231134109493,22.294,23.486,596,56,0,0.01
1123,500,34.12658264534414,18.628,19.66,516,49,0,0.01
1124,500,38.79711392513031,21.334,22.542,604,60,0,0.01
1125,500,27.2041345357421,23.266,24.462,598,50,0,0.01
1126,500,20.295283060134157,22.294,23.444,575,55,0,0.01
1127,500,22.18985498838763,24.99,26.222,616,54,0,0.01
1128,500,18.982479665128817,22.58,23.71,565,52,0,0.01
1129,500,25.058616399010397,21.178,22.28,551,51,0,0.01
1130,500,-9.337944666644713,26.442,27.616,587,54,0,0.01
1131,220,-36.527921931684816,29.995454545454546,31.081818181818182,239,19,1,0.01
1132,500,26.5599253894665,23.69,24.876,593,50,0,0.01
1133,500,1.2602711744221375,23.926,25.064,569,54,0,0.01
1134,500,35.3156133716036,21.54,22.708,584,56,0,0.01
1135,500,40.22873246017074,20.056,21.182,563,53,0,0.01
1136,500,41.80395522809298,20.616,21.764,574,52,0,0.01
1137,500,30.759157744888928,21.252,22.376,562,49,0,0.01
1138,500,12.951796944336301,21.336,22.414,539,56,0,0.01
1139,500,31.00089607274845,21.612,22.752,570,52,0,0.01
1140,500,17.964969897885986,24.648,25.854,603,50,0,0.01
1141,500,15.223651181157232,21.986,23.086,550,55,0,0.01
1142,500,36.46346470012465,21.066,22.232,583,54,0,0.01
1143,500,29.609650271783515,22.13,23.268,569,50,0,0.01
1144,500,9.759109707857455,25.16,26.356,598,51,0,0.01
1145,500,14.276413332326145,22.694,23.8,553,49,0,0.01
1146,500,30.853250563810395,21.97,23.132,581,52,0,0.01
1147,500,37.287669125757404,22.13,23.296,583,51,0,0.01
1148,500,25.037773825278805,24.142,25.354,606,53,0,0.01
1149,500,31.236081632890777,23.178,24.398,610,52,0,0.01
1150,500,29.141648985423583,22.298,23.448,575,50,0,0.01
1151,500,25.167514542477146,21.374,22.508,567,55,0,0.01
1152,500,28.218496798759016,22.098,23.266,584,55,0,0.01
1153,500,46.11510247851401,20.734,21.914,590,51,0,0.01
1154,500,45.208484217981635,20.254,21.424,585,55,0,0.01
1155,500,40.25293487024861,23.132,24.374,621,54,0,0.01
1156,500,49.76753079575106,18.634,19.754,560,54,0,0.01
1157,500,29.04104182353864,20.032,21.088,528,49,0,0.01
1158,500,29.791476092945796,22.208,23.368,580,53,0,0.01
1159,500,23.06586233874776,23.796,25.012,608,54,0,0.01
1160,500,29.304388354152437,21.874,23.016,571,51,0,0.01
1161,346,-20.657804953001822,24.647398843930635,25.765895953757227,387,37,1,0.01
1162,500,49.20321699032292,21.052,22.244,596,52,0,0.01
1163,500,8.082891266090762,24.952,26.134,591,53,0,0.01
1164,500,24.15624849038584,21.924,23.032,554,49,0,0.01
1165,500,39.52546615427462,21.608,22.796,594,57,0,0.01
1166,500,19.78383138258886,22.314,23.436,561,52,0,0.01
1167,500,44.03069202410196,20.512,21.684,586,54,0,0.01
1168,500,18.098813443100788,19.312,20.338,513,52,0,0.01
1169,500,47.15279128721216,21.336,22.54,602,56,0,0.01
1170,500,51.07472713455208,19.008,20.126,559,51,0,0.01
1171,500,25.971838720560157,20.146,21.212,533,54,0,0.01
1172,500,37.357734578203846,19.838,20.936,549,50,0,0.01
1173,500,26.18102145841746,18.804,19.84,518,54,0,0.01
1174,500,47.199090388717764,20.19,21.362,586,55,0,0.01
1175,500,31.1783689554024,21.096,22.196,550,48,0,0.01
1176,500,13.327467399228286,23.004,24.162,579,55,0,0.01
1177,500,7.770125649456842,21.464,22.514,525,49,0,0.01
1178,500,12.039224150280123,23.942,25.078,568,46,0,0.01
1179,500,5.0801014978443,23.428,24.54,556,52,0,0.01
1180,500,29.47855920629774,22.088,23.226,569,50,0,0.01
1181,500,22.78223678996474,22.354,23.508,577,52,0,0.01
1182,500,57.3952784728969,19.096,20.264,584,55,0,0.01
1183,500,25.75732655670171,21.602,22.722,560,53,0,0.01
1184,500,13.09476255476682,22.642,23.756,557,54,0,0.01
1185,500,39.94072580678573,20.66,21.812,576,53,0,0.01
1186,500,29.31307110396252,20.732,21.828,548,51,0,0.01
1187,500,42.28037450260624,22.272,23.468,598,53,0,0.01
1188,500,37.89347838388087,19.85,20.982,566,59,0,0.01
1189,500,19.19281654396839,23.054,24.238,592,54,0,0.01
1190,500,24.028582559329205,20.424,21.536,556,54,0,0.01
1191,500,-8.228778505252482,27.23,28.442,606,52,0,0.01
1192,500,4.239806853990005,24.334,25.476,571,50,0,0.01
1193,500,21.920766746224423,22.454,23.602,574,53,0,0.01
1194,500,52.001995017779535,19.064,20.212,574,51,0,0.01
1195,500,28.154179413871045,20.456,21.584,564,52,0,0.01
1196,500,15.6425976300139,24.824,25.992,584,48,0,0.01
1197,500,13.375670145923635,22.154,23.274,560,52,0,0.01
1198,500,38.375010359769966,20.578,21.704,563,49,0,0.01
1199,500,17.343128717232403,24.972,26.152,590,46,0,0.01
1200,500,13.110134691143188,23.114,24.248,567,49,0,0.01
1201,500,34.96982483999645,22.978,24.172,597,50,0,0.01
1202,500,5.484139389172996,26.292,27.494,601,53,0,0.01
1203,500,31.051548112762298,21.072,22.236,582,55,0,0.01
1204,500,29.596840920368344,22.406,23.572,583,52,0,0.01
1205,500,37.12085444872346,21.41,22.57,580,49,0,0.01
1206,500,51.471099151821555,20.982,22.202,610,59,0,0.01
1207,500,33.72349633168326,21.242,22.366,562,50,0,0.01
1208,500,56.041370747042116,19.08,20.25,585,56,0,0.01
1209,500,47.644589700493036,19.86,21.016,578,53,0,0.01
1210,500,20.99240953024363,23.792,24.95,579,47,0,0.01
1211,500,1.4775833651871126,23.976,25.112,568,49,0,0.01
1212,500,23.662010396064233,21.968,23.094,563,52,0,0.01
1213,500,31.131955715871833,20.764,21.928,582,58,0,0.01
1214,500,6.519636017435779,26.19,27.378,594,48,0,0.01
1215,500,51.20094209422503,19.7,20.892,596,58,0,0.01
1216,500,23.561931621256704,23.386,24.596,605,56,0,0.01
1217,500,24.82181898519252,23.318,24.484,583,52,0,0.01
1218,500,47.5513727459683,20.428,21.62,596,56,0,0.01
1219,305,-30.948130147011263,23.17049180327869,24.16393442622951,303,31,1,0.01
1220,500,1.4116034797057038,27.346,28.57,612,53,0,0.01
1221,500,47.70976943484905,19.34,20.47,565,53,0,0.01
1222,500,35.94288721124094,21.606,22.756,575,50,0,0.01
1223,500,22.99177026141007,22.148,23.292,572,55,0,0.01
1224,500,29.42596184007174,21.504,22.644,570,54,0,0.01
1225,500,8.045687199943364,25.768,26.956,594,51,0,0.01
1226,500,28.565168843536412,19.454,20.5,523,50,0,0.01
1227,500,23.23264298353289,21.176,22.258,541,49,0,0.01
1228,500,32.820952733073696,20.87,22.014,572,54,0,0.01
1229,500,42.42558033050361,20.502,21.636,567,48,0,0.01
1230,500,26.356459943187616,21.24,22.358,559,54,0,0.01
1231,500,41.74321815029921,18.734,19.836,551,52,0,0.01
1232,500,52.58021401991358,22.072,23.314,621,54,0,0.01
1233,500,39.5285001668578,20.314,21.446,566,52,0,0.01
1234,500,18.138893249425884,24.166,25.36,597,51,0,0.01
1235,500,46.85967893484266,19.316,20.458,571,55,0,0.01
1236,500,25.02329481435048,21.334,22.466,566,55,0,0.01
1237,500,47.69443833311276,18.664,19.768,552,51,0,0.01
1238,500,42.1591818798729,22.556,23.802,623,55,0,0.01
1239,500,5.221070488762434,23.912,25.07,579,54,0,0.01
1240,500,37.1787190426082,21.164,22.316,576,52,0,0.01
1241,500,-13.19559716134547,27.08,28.236,578,53,0,0.01
1242,500,11.13246162212497,23.23,24.348,559,51,0,0.01
1243,500,-41.16819530735941,30.106,31.272,583,54,0,0.01
1244,500,17.669902607026565,22.626,23.764,569,50,0,0.01
1245,500,56.4307443251796,19.172,20.318,573,51,0,0.01
1246,500,22.8955057793734,20.57,21.662,546,52,0,0.01
1247,500,35.53989387190269,24.746,25.984,619,49,0,0.01
1248,500,42.96326881601058,20.574,21.746,586,56,0,0.01
1249,500,3.681498875385752,23.412,24.55,569,53,0,0.01
1250,500,-14.3380062186049,26.83,27.972,571,49,0,0.01
1251,500,-35.03802178729258,27.99,29.124,567,58,0,0.01
1252,500,38.33953424882727,20.548,21.7,576,57,0,0.01
1253,500,2.6666012229001104,24.484,25.596,556,46,0,0.01
1254,500,37.91666066193932,21.42,22.58,580,52,0,0.01
1255,500,29.78929417117048,21.41,22.552,571,52,0,0.01
1256,500,28.758735200680672,20.502,21.602,550,53,0,0.01
1257,500,47.203461234659684,18.21,19.288,539,51,0,0.01
1258,500,39.15383958532529,20.246,21.366,560,52,0,0.01
1259,500,-2.598696989934957,26.178,27.32,571,51,0,0.01
1260,500,33.43523191903289,21.204,22.346,571,53,0,0.01
1261,500,42.65627894317487,21.148,22.312,582,51,0,0.01
1262,500,34.03610416576567,21.03,22.148,559,51,0,0.01
1263,500,41.02526001150052,21.21,22.384,587,55,0,0.01
1264,500,40.97226061838619,19.756,20.914,579,62,0,0.01
1265,500,23.944409346862567,20.956,22.066,555,53,0,0.01
1266,500,27.18461528044042,22.064,23.208,572,52,0,0.01
1267,500,-1.1483844170716486,23.422,24.52,549,52,0,0.01
1268,500,32.090604530799254,20.83,21.978,574,57,0,0.01
1269,500,21.32622028392343,20.634,21.726,546,54,0,0.01
1270,500,33.881308301299306,21.77,22.944,587,55,0,0.01
1271,478,-37.037108144524396,26.738493723849373,27.85355648535565,533,51,1,0.01
1272,500,-5.174648744744754,27.038,28.244,603,53,0,0.01
1273,500,-3.279338217325998,27.216,28.438,611,52,0,0.01
1274,500,11.164522210916346,23.556,24.696,570,54,0,0.01
1275,500,37.38510500982767,21.886,23.062,588,51,0,0.01
1276,500,31.938781126955814,20.648,21.772,562,50,0,0.01
1277,500,23.985980512829162,25.29,26.544,627,54,0,0.01
1278,500,34.862754628448194,18.866,19.924,529,53,0,0.01
1279,500,33.44686922203226,21.706,22.882,588,55,0,0.01
1280,500,27.921773363315168,20.484,21.594,555,53,0,0.01
1281,500,22.577929511537942,21.966,23.114,574,55,0,0.01
1282,500,36.80670396169939,22.4,23.596,598,54,0,0.01
1283,500,23.37246809212888,19.782,20.83,524,50,0,0.01
1284,500,34.535344726089235,23.126,24.324,599,55,0,0.01
1285,500,33.85684813195597,18.068,19.11,521,53,0,0.01
1286,500,30.63137896857192,20.394,21.498,552,53,0,0.01
1287,500,22.744455653326273,22.242,23.37,564,54,0,0.01
1288,500,17.295530560739547,23.002,24.154,576,53,0,0.01
1289,500,25.279086352661242,20.226,21.302,538,54,0,0.01
1290,500,27.065975830390432,24.17,25.404,617,57,0,0.01
1291,251,-31.723309864738482,22.561752988047807,23.51394422310757,239,29,1,0.01
1292,500,6.050706926996698,24.29,25.44,575,50,0,0.01
1293,500,48.49857281642797,23.53,24.81,640,53,0,0.01
1294,500,30.48354815737093,20.76,21.866,553,52,0,0.01
1295,500,31.507194014277715,22.792,23.986,597,56,0,0.01
1296,500,25.598538099592876,21.778,22.936,579,55,0,0.01
1297,500,22.876391807228654,23.788,24.962,587,49,0,0.01
1298,500,23.651114948498815,22.474,23.628,577,54,0,0.01
1299,500,42.61765207173758,18.516,19.614,549,52,0,0.01
1300,500,52.651234796150646,18.124,19.238,557,53,0,0.01
1301,500,39.99138875184194,21.114,22.268,577,53,0,0.01
1302,500,13.288462920873732,23.984,25.156,586,55,0,0.01
1303,500,18.044057928688193,21.352,22.488,568,56,0,0.01
1304,500,20.297021920381088,22.494,23.616,561,49,0,0.01
1305,500,40.66983015002407,21.884,23.08,598,54,0,0.01
1306,500,30.526393958353747,23.724,24.938,607,52,0,0.01
1307,500,40.27805857186817,21.192,22.36,584,53,0,0.01
1308,500,13.55853726280763,24.698,25.896,599,54,0,0.01
1309,500,28.953494123560777,20.66,21.754,547,51,0,0.01
1310,500,9.353089358327354,26.01,27.224,607,51,0,0.01
1311,500,45.623579085549935,19.194,20.314,560,51,0,0.01
1312,500,15.86156531898101,23.378,24.576,599,57,0,0.01
1313,500,3.7580793171779283,23.704,24.814,555,51,0,0.01
1314,500,35.01377723478389,20.922,22.052,565,48,0,0.01
1315,500,19.16360466549723,21.41,22.512,551,53,0,0.01
1316,500,-0.8284376689292803,26.362,27.56,599,50,0,0.01
1317,500,30.330411693757572,24.654,25.916,631,53,0,0.01
1318,500,36.64009249436199,19.054,20.13,538,53,0,0.01
1319,500,20.263376997625596,22.134,23.276,571,53,0,0.01
1320,500,36.34106664310889,19.82,20.944,562,55,0,0.01
1321,500,45.16081425086847,18.722,19.834,556,54,0,0.01
1322,500,9.289737555889971,22.63,23.758,564,54,0,0.01
1323,500,7.111897324978887,26.732,27.966,617,51,0,0.01
1324,500,37.61605112310436,23.224,24.44,608,53,0,0.01
1325,500,37.697042799096344,20.236,21.37,567,54,0,0.01
1326,500,38.99308593106646,20.474,21.626,576,56,0,0.01
1327,500,-6.669009942986795,27.806,28.992,593,50,0,0.01
1328,500,29.27936462924678,20.728,21.828,550,53,0,0.01
1329,500,21.573700323332325,21.724,22.812,544,47,0,0.01
1330,500,50.34921661333668,21.032,22.22,594,52,0,0.01
1331,500,48.77005254607215,19.606,20.77,582,54,0,0.01
1332,500,5.839651966311958,26.222,27.386,582,47,0,0.01
1333,500,27.401937729865395,22.04,23.192,576,51,0,0.01
1334,500,31.92976880726011,21.562,22.706,572,51,0,0.01
1335,500,36.78388267588902,21.956,23.122,583,52,0,0.01
1336,500,39.88813869921974,20.022,21.176,577,56,0,0.01
1337,500,12.742747569059487,21.936,23.064,564,53,0,0.01
1338,500,28.500146891732033,23.674,24.884,605,53,0,0.01
1339,500,31.237982021811824,19.92,21.02,550,53,0,0.01
1340,500,-1.2432260938183748,25.292,26.41,559,46,0,0.01
1341,500,18.3974540386631,24.706,25.906,600,52,0,0.01
1342,500,11.585719135899838,23.228,24.356,564,52,0,0.01
1343,500,2.154266032184519,25.714,26.892,589,53,0,0.01
1344,500,3.651713182692244,24.394,25.532,569,53,0,0.01
1345,500,30.50263460980424,21.262,22.398,568,54,0,0.01
1346,500,17.74708063662992,23.71,24.866,578,49,0,0.01
1347,500,11.672053752821695,23.626,24.762,568,50,0,0.01
1348,500,13.918348228886025,21.982,23.068,543,52,0,0.01
1349,500,30.4813354596155,20.144,21.222,539,49,0,0.01
1350,500,45.053737036928915,18.238,19.318,540,50,0,0.01
1351,500,24.764290963584912,20.164,21.26,548,55,0,0.01
1352,500,43.72162346247367,20.72,21.882,581,55,0,0.01
1353,500,32.24765087139246,16.956,17.952,498,50,0,0.01
1354,500,59.922418988157844,17.32,18.428,554,53,0,0.01
1355,500,12.669401249806631,25.914,27.116,601,49,0,0.01
1356,500,35.42449099775026,21.892,23.068,588,50,0,0.01
1357,500,25.467704793372516,22.398,23.554,578,47,0,0.01
1358,500,25.54656648727164,19.346,20.402,528,51,0,0.01
1359,500,23.201458259138235,22.136,23.27,567,52,0,0.01
1360,500,5.945756438881254,20.3,21.33,515,50,0,0.01
1361,500,32.522130091517084,19.022,20.094,536,54,0,0.01
1362,500,-27.184729233491527,30.366,31.57,602,46,0,0.01
1363,500,35.024057187104454,22.202,23.412,605,55,0,0.01
1364,500,20.62986709161033,21.07,22.174,552,51,0,0.01
1365,500,40.00869530938814,21.692,22.874,591,50,0,0.01
1366,500,38.71914600306149,23.094,24.322,614,52,0,0.01
1367,500,33.24491890898358,22.182,23.38,599,56,0,0.01
1368,500,25.128303598157437,21.442,22.582,570,53,0,0.01
1369,500,-2.394060141622445,26.758,27.95,596,56,0,0.01
1370,500,32.883005480523806,21.13,22.302,586,58,0,0.01
1371,500,31.214463171476364,21.754,22.902,574,53,0,0.01
1372,500,40.59134670942433,22.352,23.556,602,54,0,0.01
1373,500,50.32329911660068,21.186,22.408,611,56,0,0.01
1374,500,43.18970681811394,20.092,21.256,582,55,0,0.01
1375,500,34.975614588577294,19.84,20.922,541,49,0,0.01
1376,500,25.96679082741323,24.308,25.54,616,55,0,0.01
1377,500,28.517584201972326,20.968,22.108,570,57,0,0.01
1378,500,27.29969494071619,20.05,21.13,540,52,0,0.01
1379,500,7.007575847036992,24.424,25.56,568,46,0,0.01
1380,500,36.98575027327516,20.9,22.048,574,52,0,0.01
1381,500,44.63766632825003,21.074,22.258,592,53,0,0.01
1382,500,30.939213929824152,21.308,22.474,583,57,0,0.01
1383,500,9.89399780506272,25.844,27.03,593,49,0,0.01
1384,500,38.5558365662328,19.002,20.082,540,52,0,0.01
1385,500,36.24405330324696,20.814,21.952,569,53,0,0.01
1386,500,22.933218361660266,24.614,25.846,616,54,0,0.01
1387,500,-15.745562218685395,24.874,25.938,532,52,0,0.01
1388,500,32.75774910091003,22.324,23.482,579,51,0,0.01
1389,500,42.509334255030645,22.746,23.986,620,55,0,0.01
1390,500,33.570449586123814,22.12,23.276,578,49,0,0.01
1391,500,25.71269385844048,22.294,23.432,569,53,0,0.01
1392,500,18.031342197977867,23.21,24.344,567,52,0,0.01
1393,500,21.259665937837354,25.626,26.888,631,50,0,0.01
1394,500,13.141662500352316,25.846,27.086,620,50,0,0.01
1395,500,23.87491070624715,24.218,25.434,608,54,0,0.01
1396,500,48.72481200133966,19.58,20.706,563,49,0,0.01
1397,500,35.53740989995312,20.004,21.084,540,49,0,0.01
1398,500,39.63254336821412,22.12,23.326,603,54,0,0.01
1399,500,26.66316453704644,23.78,24.992,606,52,0,0.01
1400,500,13.842362765018617,19.996,21.01,507,51,0,0.01
1401,500,23.168339113573623,22.998,24.172,587,51,0,0.01
1402,500,16.43748955407935,26.25,27.49,620,53,0,0.01
1403,500,32.70158168624978,21.946,23.102,578,46,0,0.01
1404,500,44.589494357534726,21.746,22.976,615,57,0,0.01
1405,500,26.805687085948584,24.46,25.676,608,50,0,0.01
1406,500,24.69480258162952,23.376,24.576,600,54,0,0.01
1407,500,38.35703701367875,22.124,23.296,586,49,0,0.01
1408,500,21.633735933950046,21.286,22.404,559,53,0,0.01
1409,500,15.692518073253868,23.21,24.346,568,49,0,0.01
1410,500,30.490753062468162,23.618,24.826,604,51,0,0.01
1411,500,34.499610855881095,22.514,23.7,593,51,0,0.01
1412,500,39.67009816794951,22.48,23.68,600,49,0,0.01
1413,500,24.35091769521213,25.086,26.318,616,52,0,0.01
1414,500,1.7023863864084918,24.822,25.948,563,47,0,0.01
1415,500,30.23286932043597,20.9,22.028,564,52,0,0.01
1416,500,29.88623570041221,20.842,21.946,552,49,0,0.01
1417,500,-13.856546699718347,26.892,28.048,578,47,0,0.01
1418,500,37.54747312764846,20.434,21.582,574,51,0,0.01
1419,500,-10.82953987022905,25.348,26.428,540,45,0,0.01
1420,500,-0.6694979418062966,22.822,23.87,524,46,0,0.01
1421,500,9.316348871028458,27.332,28.59,629,50,0,0.01
1422,500,12.997192661733788,22.62,23.706,543,49,0,0.01
1423,500,17.93894655828095,21.856,22.948,546,50,0,0.01
1424,500,16.128121552163144,25.02,26.246,613,54,0,0.01
1425,500,21.867544272475776,24.822,26.026,602,49,0,0.01
1426,500,53.4438557267691,22.848,24.102,627,49,0,0.01
1427,500,37.07070702219816,22.2,23.394,597,53,0,0.01
1428,500,20.664326326802264,23.084,24.22,568,48,0,0.01
1429,500,29.412290139188524,23.974,25.192,609,51,0,0.01
1430,500,22.573425303015515,24.752,25.942,595,46,0,0.01
1431,500,40.35264239414804,20.674,21.818,572,52,0,0.01
1432,500,49.602056208344564,20.774,21.968,597,52,0,0.01
1433,500,3.317836974401236,23.302,24.4,549,50,0,0.01
1434,500,47.34067487488077,18.884,19.996,556,49,0,0.01
1435,500,28.262304925923683,19.798,20.9,551,57,0,0.01
1436,500,28.35687222873586,22.036,23.182,573,53,0,0.01
1437,500,54.40825260925497,18.948,20.094,573,52,0,0.01
1438,500,49.04688547530618,19.006,20.148,571,53,0,0.01
1439,500,28.071016074763744,22.58,23.778,599,52,0,0.01
1440,500,8.200534357709989,24.742,25.882,570,46,0,0.01
1441,500,26.412977445053585,21.766,22.898,566,49,0,0.01
1442,500,44.46259909438798,19.674,20.792,559,52,0,0.01
1443,344,-67.48963928129828,31.723837209302324,32.799418604651166,370,34,1,0.01
1444,500,49.53752274521362,19.298,20.434,568,52,0,0.01
1445,500,8.195297906031463,25.358,26.53,586,49,0,0.01
1446,500,39.649788373800156,23.042,24.266,612,52,0,0.01
1447,500,50.80043647295903,20.452,21.646,597,54,0,0.01
1448,445,-18.68498356982533,24.77752808988764,25.869662921348315,486,43,1,0.01
1449,500,44.9071841170129,20.748,21.928,590,55,0,0.01
1450,500,49.085522605403526,21.568,22.784,608,55,0,0.01
1451,500,32.508571882276584,21.874,23.038,582,56,0,0.01
1452,500,17.868313647621193,22.15,23.284,567,48,0,0.01
1453,500,50.66839708607403,18.454,19.596,571,57,0,0.01
1454,500,20.90043643475501,23.144,24.306,581,54,0,0.01
1455,500,44.75008322685077,21.402,22.588,593,54,0,0.01
1456,500,39.29751301894087,19.196,20.286,545,53,0,0.01
1457,500,0.3026258768450975,30.128,31.436,654,47,0,0.01
1458,500,9.305151373288751,23.902,25.044,571,51,0,0.01
1459,500,38.75133734454691,20.172,21.306,567,53,0,0.01
1460,500,40.49974486484378,22.772,23.98,604,52,0,0.01
1461,500,6.457047234134717,24.758,25.9,571,51,0,0.01
1462,500,45.33994653437554,21.336,22.52,592,53,0,0.01
1463,500,3.357349968895278,27.174,28.408,617,52,0,0.01
1464,500,41.36220100835478,20.826,21.994,584,55,0,0.01
1465,500,-5.667869316933326,26.15,27.292,571,48,0,0.01
1466,500,20.865248859057832,23.598,24.792,597,55,0,0.01
1467,500,44.699410023134554,21.014,22.192,589,52,0,0.01
1468,500,47.09270373691199,21.024,22.206,591,50,0,0.01
1469,500,42.830088803072066,20.26,21.41,575,53,0,0.01
1470,500,46.56967630832756,20.158,21.308,575,54,0,0.01
1471,500,25.624898657857223,22.238,23.4,581,54,0,0.01
1472,500,-2.337377854813637,27.408,28.622,607,48,0,0.01
1473,500,24.50450747901388,21.768,22.874,553,49,0,0.01
1474,126,-49.78532418743493,33.57142857142857,34.58730158730159,128,11,1,0.01
1475,500,46.22838172658275,18.88,20.006,563,54,0,0.01
1476,500,51.53116618480158,21.466,22.676,605,51,0,0.01
1477,500,45.75906477056636,20.67,21.826,578,50,0,0.01
1478,500,50.405280795014285,20.974,22.15,588,51,0,0.01
1479,500,44.740153361735906,20.218,21.362,572,50,0,0.01
1480,500,19.528349543225907,24.814,25.992,589,50,0,0.01
1481,500,33.75293193717103,20.148,21.242,547,51,0,0.01
1482,500,51.19498430443264,19.196,20.36,582,56,0,0.01
1483,500,25.7713278274706,19.38,20.438,529,50,0,0.01
1484,500,32.710027194114446,20.022,21.14,559,55,0,0.01
1485,500,29.70916484464647,22.22,23.386,583,52,0,0.01
1486,500,31.18478006538324,22.152,23.322,585,54,0,0.01
1487,500,7.797289615115449,22.584,23.712,564,52,0,0.01
1488,500,28.953823693446495,20.888,22.008,560,50,0,0.01
1489,500,21.358243094343376,24.766,25.976,605,49,0,0.01
1490,500,20.104991213787205,24.224,25.402,589,51,0,0.01
1491,500,25.37659795000278,24.174,25.368,597,50,0,0.01
1492,500,8.408174442625626,24.19,25.324,567,49,0,0.01
1493,500,17.820921957093542,21.128,22.224,548,48,0,0.01
1494,500,36.26602950064074,19.782,20.89,554,53,0,0.01
1495,500,46.22037928024646,21.39,22.606,608,55,0,0.01
1496,500,28.390413918508706,21.92,23.052,566,53,0,0.01
1497,500,52.141892583378,18.308,19.416,554,51,0,0.01
1498,500,18.158052158861704,25.306,26.524,609,52,0,0.01
1499,500,35.31042821322522,21.882,23.084,601,55,0,0.01
1500,500,30.08598357436549,19.672,20.738,533,50,0,0.01
1501,500,15.79282318496449,21.516,22.614,549,55,0,0.01
1502,500,40.986870382008554,19.308,20.434,563,60,0,0.01
1503,500,24.58513116036646,21.29,22.416,563,50,0,0.01
1504,500,28.996309148563434,23.802,24.996,597,50,0,0.01
1505,500,27.232243566531096,22.788,24.0,606,53,0,0.01
1506,500,-9.704156484043878,28.052,29.266,607,48,0,0.01
1507,500,47.3782707092562,18.976,20.108,566,53,0,0.01
1508,500,1.2780009225589761,26.298,27.468,585,48,0,0.01
1509,500,47.260514772376624,19.86,20.994,567,51,0,0.01
1510,500,40.51909607893393,20.316,21.444,564,51,0,0.01
1511,500,47.03262644527183,20.63,21.804,587,50,0,0.01
1512,500,33.16628794449239,18.904,19.968,532,50,0,0.01
1513,500,33.35162226212858,19.168,20.224,528,51,0,0.01
1514,500,32.50883990020208,22.458,23.632,587,53,0,0.01
1515,500,33.55157921193362,21.412,22.576,582,54,0,0.01
1516,500,18.044924180807175,23.776,24.946,585,52,0,0.01
1517,500,39.601173341556574,23.108,24.336,614,51,0,0.01
1518,500,27.21059758540528,25.084,26.336,626,53,0,0.01
1519,500,31.981428110747004,20.112,21.214,551,55,0,0.01
1520,500,32.170775538345666,20.864,21.96,548,48,0,0.01
1521,500,39.74648240243649,21.762,22.948,593,55,0,0.01
1522,500,17.2180057001991,25.388,26.592,602,45,0,0.01
1523,500,14.592594471111395,25.854,27.06,603,50,0,0.01
1524,500,36.895972614490525,24.562,25.84,639,53,0,0.01
1525,500,26.00185465280768,23.518,24.708,595,52,0,0.01
1526,500,41.1590240973214,18.844,19.958,557,56,0,0.01
1527,500,21.733787189046183,23.592,24.736,572,47,0,0.01
1528,500,36.617717526348734,22.77,23.972,601,53,0,0.01
1529,500,25.05132503212796,24.902,26.134,616,48,0,0.01
1530,500,48.69747560196463,20.888,22.068,590,51,0,0.01
1531,500,22.807806809381365,24.574,25.81,618,53,0,0.01
1532,500,21.7757327056613,20.756,21.852,548,53,0,0.01
1533,500,34.73558369860236,18.77,19.842,536,51,0,0.01
1534,500,43.86943375635453,20.47,21.626,578,56,0,0.01
1535,500,10.93394734854772,23.274,24.38,553,46,0,0.01
1536,500,16.8752581835665,21.868,22.956,544,50,0,0.01
1537,500,41.360936631998584,22.158,23.354,598,51,0,0.01
1538,500,27.510887813014637,23.01,24.174,582,49,0,0.01
1539,500,23.59347733789944,23.516,24.69,587,53,0,0.01
1540,500,48.51403467085826,20.962,22.15,594,52,0,0.01
1541,500,29.411733586017498,22.938,24.124,593,53,0,0.01
1542,500,24.484486220110078,22.786,23.936,575,52,0,0.01
1543,500,29.161360545379488,19.884,20.992,554,51,0,0.01
1544,500,19.179475059353106,26.792,28.062,635,50,0,0.01
1545,500,27.766826228834624,24.608,25.876,634,54,0,0.01
1546,500,49.79130040296062,21.026,22.232,603,55,0,0.01
1547,500,29.21154265053581,23.49,24.678,594,50,0,0.01
1548,500,22.14954119638589,22.952,24.116,582,50,0,0.01
1549,500,48.248980055977576,18.754,19.886,566,54,0,0.01
1550,500,19.29891466052856,21.808,22.94,566,48,0,0.01
1551,500,41.537491969233464,19.508,20.62,556,51,0,0.01
1552,500,43.75645004592281,19.184,20.294,555,52,0,0.01
1553,500,22.214177892499517,24.884,26.11,613,51,0,0.01
1554,500,36.794540881509086,20.712,21.836,562,48,0,0.01
1555,500,57.183656053998924,19.01,20.176,583,54,0,0.01
1556,500,26.164858783193385,20.136,21.208,536,50,0,0.01
1557,500,40.701993971798075,22.686,23.898,606,53,0,0.01
1558,500,36.56370825987506,19.756,20.854,549,51,0,0.01
1559,500,30.939966690300405,23.342,24.532,595,50,0,0.01
1560,500,-5.338758979081162,24.784,25.908,562,50,0,0.01
1561,500,32.42728841477036,20.888,21.982,547,49,0,0.01
1562,500,-4.6177116317480165,25.286,26.404,559,47,0,0.01
1563,500,55.60551276513602,20.166,21.36,597,55,0,0.01
1564,500,16.462674807659184,23.982,25.15,584,47,0,0.01
1565,500,33.62693631200971,22.824,23.986,581,43,0,0.01
1566,500,-9.302478814362011,26.526,27.674,574,47,0,0.01
1567,500,3.224005171013947,26.756,27.95,597,47,0,0.01
1568,500,-17.353193052718353,26.382,27.508,563,50,0,0.01
1569,500,18.09746960735072,23.598,24.78,591,51,0,0.01
1570,500,16.514141806491786,26.148,27.368,610,48,0,0.01
1571,500,-37.699709924830806,30.352,31.536,592,46,0,0.01
1572,500,-5.607465711676237,23.214,24.278,532,51,0,0.01
1573,500,24.360177515513225,24.856,26.082,613,52,0,0.01
1574,500,15.374516004941446,20.33,21.37,520,50,0,0.01
1575,500,24.85385905666387,23.804,24.966,581,44,0,0.01
1576,500,43.33413301220584,21.076,22.234,579,49,0,0.01
1577,500,42.663872360231615,21.372,22.544,586,52,0,0.01
1578,500,24.638274821103508,22.948,24.112,582,49,0,0.01
1579,500,10.411548283754563,23.026,24.152,563,51,0,0.01
1580,500,25.98142110835561,23.744,24.948,602,53,0,0.01
1581,500,34.60223189832971,21.94,23.096,578,49,0,0.01
1582,500,-11.735519508310102,25.432,26.554,561,49,0,0.01
1583,500,24.75747082432447,21.85,22.97,560,49,0,0.01
1584,500,23.88751359169715,23.026,24.208,591,51,0,0.01
1585,500,27.090264702253567,20.7,21.8,550,53,0,0.01
1586,500,9.36036020788973,22.422,23.492,535,49,0,0.01
1587,500,18.523099576618623,21.966,23.044,539,49,0,0.01
1588,500,44.723052623772745,19.524,20.66,568,52,0,0.01
1589,500,17.212477457006287,21.994,23.096,551,51,0,0.01
1590,500,25.329442855038277,22.846,24.036,595,53,0,0.01
1591,500,12.551311840390348,21.98,23.06,540,50,0,0.01
1592,500,41.21932837224682,20.062,21.182,560,51,0,0.01
1593,500,17.36019803283332,24.756,25.978,611,55,0,0.01
1594,500,14.163030851274819,24.076,25.24,582,49,0,0.01
1595,500,9.22658521702651,23.798,24.948,575,50,0,0.01
1596,500,36.30230966535982,21.508,22.648,570,50,0,0.01
1597,500,36.9302631620886,21.866,23.068,601,54,0,0.01
1598,500,26.457592882263434,24.724,25.958,617,51,0,0.01
1599,500,28.075349142334233,24.362,25.584,611,51,0,0.01
1600,500,22.79186786117393,23.176,24.332,578,47,0,0.01
1601,500,31.78142573379696,24.198,25.442,622,53,0,0.01
1602,500,32.88889145969603,22.072,23.242,585,52,0,0.01
1603,500,25.088364313332473,23.966,25.182,608,52,0,0.01
1604,500,27.498088720259474,23.22,24.418,599,53,0,0.01
1605,500,11.669903253408847,23.718,24.812,547,43,0,0.01
1606,500,0.5184094194510869,23.764,24.86,548,46,0,0.01
1607,500,42.66150839246204,24.128,25.38,626,49,0,0.01
1608,500,22.29328708700406,22.552,23.674,561,47,0,0.01
1609,500,6.533565477584391,24.378,25.488,555,44,0,0.01
1610,500,29.195685771608687,21.584,22.73,573,55,0,0.01
1611,500,-10.723717420367914,26.042,27.214,586,51,0,0.01
1612,500,42.75743940196216,20.9,22.074,587,52,0,0.01
1613,500,48.66975443675283,17.68,18.774,547,53,0,0.01
1614,500,12.200719659972918,24.706,25.88,587,50,0,0.01
1615,500,22.14829733734976,24.148,25.354,603,51,0,0.01
1616,500,20.619342894953025,22.624,23.766,571,49,0,0.01
1617,500,35.57463773968927,22.618,23.814,598,50,0,0.01
1618,500,22.082499497862607,23.996,25.176,590,49,0,0.01
1619,500,43.4478553218029,19.848,20.984,568,52,0,0.01
1620,500,29.940932272750977,21.632,22.762,565,50,0,0.01
1621,500,29.33340467170065,23.564,24.776,606,56,0,0.01
1622,500,36.36565056275491,23.866,25.128,631,57,0,0.01
1623,500,29.417124563978874,22.492,23.658,583,50,0,0.01
1624,500,41.8110261242275,23.192,24.432,620,50,0,0.01
1625,500,29.92589996492033,21.342,22.474,566,51,0,0.01
1626,500,27.831518610753363,20.156,21.236,540,53,0,0.01
1627,500,25.594198676013267,24.66,25.882,611,50,0,0.01
1628,500,5.939596085774578,23.462,24.56,549,47,0,0.01
1629,500,39.206787038757135,20.926,22.082,578,51,0,0.01
1630,500,5.293380061326664,23.122,24.218,548,51,0,0.01
1631,500,28.180468161515137,21.326,22.442,558,50,0,0.01
1632,500,30.285171149025093,24.624,25.85,613,49,0,0.01
1633,500,5.510692252091638,23.164,24.262,549,48,0,0.01
1634,500,31.599617173686127,20.462,21.568,553,50,0,0.01
1635,500,7.645373883331668,22.896,23.996,550,52,0,0.01
1636,500,14.300323950889776,21.76,22.848,544,53,0,0.01
1637,500,27.510928847654796,22.782,23.952,585,48,0,0.01
1638,500,26.40024055064093,22.676,23.832,578,51,0,0.01
1639,500,12.843527164660859,21.77,22.862,546,50,0,0.01
1640,500,10.019996686492718,26.746,27.966,610,48,0,0.01
1641,500,33.638161329460836,22.502,23.684,591,51,0,0.01
1642,500,30.1767948800983,21.004,22.148,572,56,0,0.01
1643,500,19.454792855356885,23.262,24.422,580,53,0,0.01
1644,500,8.502284522598467,21.25,22.306,528,52,0,0.01
1645,500,34.02908781920006,21.722,22.87,574,49,0,0.01
1646,500,5.3650228453458615,24.456,25.564,554,45,0,0.01
1647,500,13.218765463066692,23.798,24.92,561,48,0,0.01
1648,500,17.11063995101403,24.408,25.58,586,51,0,0.01
1649,500,52.15085360977356,17.676,18.758,541,52,0,0.01
1650,500,10.63751570461816,25.63,26.832,601,51,0,0.01
1651,500,26.614700774816924,20.458,21.574,558,55,0,0.01
1652,500,20.358930400208447,22.558,23.682,562,45,0,0.01
1653,500,20.923618712813433,24.706,25.9,597,49,0,0.01
1654,500,1.3944892268137032,23.172,24.264,546,54,0,0.01
1655,500,25.568095877014375,24.818,26.056,619,54,0,0.01
1656,500,-13.4392699103748,26.63,27.754,562,44,0,0.01
1657,500,27.112817970138373,20.576,21.688,556,54,0,0.01
1658,500,38.964502416386644,19.476,20.584,554,49,0,0.01
1659,500,15.858002919320406,21.028,22.084,528,47,0,0.01
1660,500,13.656877177368301,23.084,24.224,570,55,0,0.01
1661,500,39.85547352022584,22.5,23.706,603,53,0,0.01
1662,500,-4.636241531010294,25.8,26.93,565,48,0,0.01
1663,500,30.44781428716274,20.132,21.234,551,52,0,0.01
1664,500,3.114392045442399,20.756,21.78,512,49,0,0.01
1665,500,-6.439926440259729,28.624,29.86,618,52,0,0.01
1666,500,-6.111001404670491,27.282,28.472,595,49,0,0.01
1667,500,16.224248768968394,22.794,23.932,569,51,0,0.01
1668,500,17.819451761154355,22.556,23.67,557,50,0,0.01
1669,500,-2.199417966653661,23.012,24.054,521,44,0,0.01
1670,500,27.513828851275218,21.17,22.292,561,51,0,0.01
1671,500,12.329474277400646,23.792,24.93,569,46,0,0.01
1672,500,23.786239641267223,22.872,24.04,584,50,0,0.01
1673,500,7.602541597277576,23.436,24.54,552,47,0,0.01
1674,500,17.35169797539977,23.404,24.546,571,52,0,0.01
1675,500,30.47719159695893,22.944,24.116,586,49,0,0.01
1676,500,27.28366627445485,21.652,22.784,566,52,0,0.01
1677,500,23.47401006048426,20.504,21.584,540,52,0,0.01
1678,500,-23.277784659341997,27.492,28.632,570,48,0,0.01
1679,483,-50.81578219741467,28.111801242236027,29.18840579710145,520,48,1,0.01
1680,500,23.965389185825615,21.832,22.954,561,48,0,0.01
1681,500,21.559922133197794,20.172,21.226,527,49,0,0.01
1682,500,29.751379025569303,21.044,22.136,546,46,0,0.01
1683,500,27.88487834973344,21.624,22.772,574,55,0,0.01
1684,500,4.689597552313296,24.958,26.128,585,52,0,0.01
1685,500,36.31857818345297,23.134,24.38,623,55,0,0.01
1686,500,20.82610011308056,24.37,25.558,594,50,0,0.01
1687,500,20.033338171107967,22.96,24.118,579,54,0,0.01
1688,500,21.4972231145228,21.88,23.004,562,52,0,0.01
1689,500,-26.043144747328483,29.024,30.186,581,48,0,0.01
1690,152,-40.59827217325419,26.07894736842105,26.967105263157894,135,15,1,0.01
1691,500,25.39660895024651,23.202,24.356,577,50,0,0.01
1692,500,27.596912730988574,22.0,23.18,590,54,0,0.01
1693,500,45.28344954982959,20.718,21.88,581,52,0,0.01
1694,500,37.52270716200822,19.906,21.032,563,56,0,0.01
1695,500,21.657856274747612,24.826,26.044,609,54,0,0.01
1696,500,27.09816016948454,24.872,26.118,623,52,0,0.01
1697,500,41.85066661514688,20.262,21.408,573,53,0,0.01
1698,500,11.695954112725307,22.77,23.876,553,49,0,0.01
1699,500,38.835263702790435,20.008,21.106,549,50,0,0.01
1700,500,11.140621851012726,24.44,25.596,578,48,0,0.01
1701,500,28.49501041676738,21.224,22.34,558,52,0,0.01
1702,500,28.68325760657048,22.316,23.518,601,57,0,0.01
1703,500,17.209718464739904,20.268,21.32,526,54,0,0.01
1704,500,52.06588985845922,19.976,21.13,577,51,0,0.01
1705,500,18.180059132235534,24.088,25.288,600,55,0,0.01
1706,500,14.42894781562339,24.086,25.258,586,53,0,0.01
1707,500,-0.9065120802494269,24.092,25.202,555,49,0,0.01
1708,500,30.482747359863176,22.574,23.758,592,55,0,0.01
1709,500,33.862685427714396,21.762,22.95,594,57,0,0.01
1710,500,53.764785318413395,20.392,21.584,596,53,0,0.01
1711,500,31.47235326951765,19.816,20.952,568,56,0,0.01
1712,500,41.16552818162479,20.426,21.606,590,60,0,0.01
1713,500,11.745651475330876,24.93,26.1,585,51,0,0.01
1714,500,41.52891245240607,21.106,22.268,581,52,0,0.01
1715,500,8.308882950397077,20.294,21.32,513,54,0,0.01
1716,500,32.30644326935637,18.766,19.81,522,54,0,0.01
1717,500,23.680798054591953,22.056,23.198,571,58,0,0.01
1718,500,36.636546219516624,22.638,23.858,610,56,0,0.01
1719,500,14.44715840366004,23.306,24.432,563,48,0,0.01
1720,500,33.93685696444597,20.444,21.582,569,56,0,0.01
1721,500,27.93760972492221,22.482,23.642,580,54,0,0.01
1722,500,67.28569237718285,20.028,21.288,630,56,0,0.01
1723,500,33.10118066713902,20.054,21.142,544,51,0,0.01
1724,500,32.22543368593077,24.368,25.63,631,54,0,0.01
1725,500,22.114168318425776,23.402,24.584,591,53,0,0.01
1726,500,0.6142443548881542,28.2,29.438,619,49,0,0.01
1727,500,33.119916385984276,19.396,20.506,555,56,0,0.01
1728,500,25.29569534568241,23.078,24.262,592,54,0,0.01
1729,500,27.0744213382551,22.282,23.46,589,57,0,0.01
1730,500,14.975751853808756,23.736,24.912,588,52,0,0.01
1731,500,33.68777272013521,20.536,21.668,566,55,0,0.01
1732,500,20.64519819334657,21.75,22.878,564,52,0,0.01
1733,500,48.799913952036796,22.8,24.08,640,54,0,0.01
1734,500,23.218878308327113,23.108,24.278,585,51,0,0.01
1735,500,30.60967078910362,22.01,23.154,572,50,0,0.01
1736,500,36.27876965132208,22.394,23.608,607,56,0,0.01
1737,500,29.215163992270192,23.014,24.206,596,54,0,0.01
1738,500,25.032073148369513,23.2,24.43,615,58,0,0.01
1739,500,26.82644694401767,20.9,22.018,559,53,0,0.01
1740,500,49.560632566269426,20.186,21.378,596,57,0,0.01
1741,500,16.132265414819738,22.2,23.342,571,59,0,0.01
1742,500,39.18895796028865,22.704,23.914,605,50,0,0.01
1743,500,36.087825021212794,19.24,20.324,542,51,0,0.01
1744,500,20.65220428125211,21.104,22.206,551,57,0,0.01
1745,500,50.32522002284183,17.828,18.926,549,53,0,0.01
1746,500,17.330450118511276,21.952,23.068,558,58,0,0.01
1747,500,34.97277613691713,21.072,22.23,579,54,0,0.01
1748,500,12.046261014165838,23.114,24.234,560,53,0,0.01
1749,500,28.690139944173385,21.346,22.506,580,57,0,0.01
1750,500,13.659007159461115,23.136,24.3,582,55,0,0.01
1751,500,17.119528520407034,23.126,24.284,579,56,0,0.01
1752,500,35.007015391215106,18.682,19.746,532,51,0,0.01
1753,500,58.22396658973198,17.514,18.624,555,55,0,0.01
1754,500,29.39427250218842,22.234,23.358,562,45,0,0.01
1755,500,39.60420735413976,21.782,22.97,594,54,0,0.01
1756,500,36.722582042532885,22.638,23.844,603,54,0,0.01
1757,500,12.387699863533419,24.636,25.782,573,49,0,0.01
1758,500,17.306611310567902,22.484,23.63,573,53,0,0.01
1759,500,22.572377004902357,25.874,27.132,629,50,0,0.01
1760,500,47.81099209197875,19.8,20.926,563,50,0,0.01
1761,500,37.37420956226222,22.384,23.592,604,55,0,0.01
1762,500,32.311888796886656,21.548,22.714,583,57,0,0.01
1763,500,10.140848834298072,25.232,26.402,585,52,0,0.01
1764,500,21.495361150355453,22.416,23.524,554,48,0,0.01
1765,500,-1.321833931103049,24.34,25.496,578,55,0,0.01
1766,500,15.45364132426116,23.952,25.164,606,54,0,0.01
1767,500,52.992590929855645,19.054,20.204,575,53,0,0.01
1768,500,20.83279650203828,22.352,23.504,576,53,0,0.01
1769,500,48.40893291272873,20.336,21.516,590,54,0,0.01
1770,500,37.21419515355089,21.146,22.296,575,56,0,0.01
1771,500,25.668308014402417,22.622,23.814,596,56,0,0.01
1772,500,28.70123860143535,18.238,19.244,503,50,0,0.01
1773,500,57.31210161886098,17.756,18.862,553,50,0,0.01
1774,500,22.262215854252034,23.914,25.092,589,50,0,0.01
1775,500,2.7562616439193883,27.542,28.768,613,50,0,0.01
1776,500,14.26605066434299,20.79,21.842,526,54,0,0.01
1777,500,13.503418146260586,23.146,24.3,577,58,0,0.01
1778,500,0.28150877265060537,25.42,26.59,585,53,0,0.01
1779,500,35.321506353167116,18.87,19.924,527,53,0,0.01
1780,500,-3.029329425204772,25.63,26.798,584,56,0,0.01
1781,500,46.03455060778171,20.79,21.972,591,54,0,0.01
1782,500,41.544150579819714,21.268,22.454,593,53,0,0.01
1783,500,23.11667655381808,20.886,21.992,553,52,0,0.01
1784,500,8.606647035180458,23.33,24.49,580,56,0,0.01
1785,500,2.3159263268201946,26.618,27.834,608,50,0,0.01
1786,500,26.313033325591036,24.53,25.726,598,48,0,0.01
1787,500,0.552160185075588,27.054,28.286,616,50,0,0.01
1788,500,35.934438447107624,19.952,21.038,543,50,0,0.01
1789,500,7.710615169647847,22.028,23.114,543,52,0,0.01
1790,500,46.58921608094927,21.244,22.45,603,52,0,0.01
1791,500,40.55746193483708,18.78,19.838,529,49,0,0.01
1792,500,35.207443568642105,18.888,19.954,533,51,0,0.01
1793,500,7.456562491583933,23.332,24.448,558,48,0,0.01
1794,500,-10.280945678496614,24.864,25.952,544,49,0,0.01
1795,500,-0.7871410334255581,23.04,24.126,543,51,0,0.01
1796,294,-28.350982474995405,23.727891156462587,24.727891156462587,294,29,1,0.01
1797,500,19.29717644666388,22.664,23.798,567,50,0,0.01
1798,500,12.472182128565688,24.44,25.614,587,51,0,0.01
1799,500,11.146394338542256,24.948,26.114,583,50,0,0.01
1800,500,9.345935746530314,22.85,23.978,564,55,0,0.01
1801,500,-7.923928873169637,26.694,27.872,589,49,0,0.01
1802,500,24.439224511675317,21.812,22.95,569,53,0,0.01
1803,500,-32.46939282172759,30.0,31.206,603,50,0,0.01
1804,500,13.490815260810612,24.386,25.55,582,49,0,0.01
1805,500,23.70715861285631,22.54,23.674,567,51,0,0.01
1806,500,-1.7002908979727929,24.698,25.82,561,50,0,0.01
1807,500,-13.630139473595113,26.56,27.714,577,52,0,0.01
1808,500,15.431676031909696,25.962,27.19,614,55,0,0.01
1809,500,35.02774072718133,22.426,23.63,602,57,0,0.01
1810,500,14.863940191792796,21.632,22.72,544,54,0,0.01
1811,500,6.747901951457727,21.8,22.872,536,52,0,0.01
1812,500,24.35716776637275,18.9,19.944,522,55,0,0.01
1813,500,43.25893369468123,23.38,24.67,645,59,0,0.01
1814,500,33.03256489331162,21.022,22.162,570,53,0,0.01
1815,500,25.80455281590421,21.46,22.628,584,56,0,0.01
1816,500,19.803669949116212,23.782,24.99,604,54,0,0.01
1817,500,45.58087054979853,20.058,21.198,570,51,0,0.01
1818,500,12.371997510889093,22.904,24.018,557,53,0,0.01
1819,500,27.11473187398815,20.798,21.914,558,56,0,0.01
1820,500,1.2186552276927318,26.97,28.192,611,52,0,0.01
1821,500,30.670723921854357,20.62,21.722,551,53,0,0.01
1822,500,35.850144094224625,22.63,23.852,611,52,0,0.01
1823,500,23.929298226020304,24.68,25.892,606,52,0,0.01
1824,500,29.457579367334702,21.22,22.342,561,53,0,0.01
1825,500,21.571672927839845,21.06,22.16,550,55,0,0.01
1826,500,47.36179898146659,19.952,21.104,576,53,0,0.01
1827,500,6.553002017223482,24.96,26.146,593,53,0,0.01
1828,500,46.235164087471674,20.996,22.196,600,53,0,0.01
1829,500,51.84858792635426,19.876,21.03,577,54,0,0.01
1830,500,46.38265507012692,20.472,21.636,582,52,0,0.01
1831,500,61.570314930778885,20.654,21.89,618,56,0,0.01
1832,317,-44.90755859574405,26.602523659305994,27.63722397476341,328,33,1,0.01
1833,500,20.833772343148887,20.576,21.674,549,54,0,0.01
1834,500,-3.2088085396489108,26.478,27.648,585,50,0,0.01
1835,500,54.78292344944757,18.934,20.106,586,58,0,0.01
1836,500,49.03993132708306,20.37,21.546,588,56,0,0.01
1837,500,22.128644073085404,22.652,23.802,575,55,0,0.01
1838,500,14.490320259599816,22.99,24.14,575,53,0,0.01
1839,500,-0.06208757852124225,27.594,28.812,609,49,0,0.01
1840,500,29.00900500833607,23.112,24.28,584,51,0,0.01
1841,500,34.39155454456217,20.232,21.336,552,54,0,0.01
1842,500,27.496851863614665,20.8,21.93,565,58,0,0.01
1843,500,16.280182197951945,25.988,27.228,620,51,0,0.01
1844,500,27.772193433207292,20.716,21.85,567,56,0,0.01
1845,500,5.3739627080390875,22.872,23.982,555,53,0,0.01
1846,500,34.68361534254987,19.832,20.946,557,59,0,0.01
1847,500,33.1083753135762,22.95,24.148,599,55,0,0.01
1848,500,40.36385715293911,20.438,21.586,574,53,0,0.01
1849,500,-9.111320715896078,27.0,28.164,582,52,0,0.01
1850,500,28.842427573247505,23.126,24.304,589,52,0,0.01
1851,500,34.70437845688763,19.846,20.966,560,54,0,0.01
1852,500,22.724959525231156,23.414,24.638,612,59,0,0.01
1853,500,5.884150009228218,24.192,25.354,581,50,0,0.01
1854,500,31.170129267120785,22.832,24.026,597,56,0,0.01
1855,500,20.040602018279014,22.964,24.1,568,54,0,0.01
1856,500,14.010571434866492,25.772,27.028,628,57,0,0.01
1857,500,35.6288085348371,22.198,23.394,598,53,0,0.01
1858,500,17.925694145337367,21.486,22.584,549,57,0,0.01
1859,500,22.36057954240145,25.718,26.966,624,53,0,0.01
1860,500,42.27686600613228,22.078,23.308,615,57,0,0.01
1861,500,22.02384110886146,22.44,23.596,578,53,0,0.01
1862,500,49.0980947148734,20.538,21.72,591,55,0,0.01
1863,500,11.507864059091466,24.314,25.502,594,53,0,0.01
1864,500,-2.8207717948700184,27.216,28.42,602,54,0,0.01
1865,500,44.8327207887671,18.072,19.16,544,55,0,0.01
1866,500,49.545394438855794,20.028,21.194,583,55,0,0.01
1867,500,34.75800621379321,21.878,23.086,604,58,0,0.01
1868,500,35.41294602269122,20.852,22.02,584,52,0,0.01
1869,500,54.37814695895357,18.596,19.74,572,55,0,0.01
1870,500,28.267369590268036,22.678,23.848,585,52,0,0.01
1871,500,41.745011560115046,22.154,23.374,610,54,0,0.01
1872,500,39.32793798046799,19.814,20.94,563,54,0,0.01
1873,500,16.486863702808307,23.554,24.726,586,53,0,0.01
1874,500,-2.594571034712055,26.012,27.186,587,47,0,0.01
1875,500,23.76254184467794,20.038,21.152,557,58,0,0.01
1876,500,-6.435195248452046,26.658,27.852,597,57,0,0.01
1877,500,-8.9845627179808,25.268,26.404,568,51,0,0.01
1878,500,59.81644462190035,18.942,20.092,575,51,0,0.01
1879,500,42.70830885118761,19.69,20.848,579,55,0,0.01
1880,500,22.404387669566145,23.426,24.604,589,53,0,0.01
1881,500,62.32760776420014,18.45,19.616,583,56,0,0.01
1882,500,48.76921771631555,18.064,19.174,555,54,0,0.01
1883,500,41.16730807651191,20.394,21.554,580,54,0,0.01
1884,500,28.01897265182229,20.542,21.63,544,51,0,0.01
1885,500,21.228272137591,23.168,24.338,585,52,0,0.01
1886,500,-26.074659687991087,28.712,29.92,604,53,0,0.01
1887,500,22.443804433468916,23.242,24.434,596,54,0,0.01
1888,500,34.78954167177591,22.066,23.236,585,55,0,0.01
1889,500,13.32848817762995,25.594,26.8,603,52,0,0.01
1890,500,26.243108238116424,22.448,23.63,591,54,0,0.01
1891,500,23.114433080082573,20.448,21.518,535,48,0,0.01
1892,500,28.31893591943235,20.73,21.848,559,51,0,0.01
1893,500,4.320884501913222,25.46,26.64,590,52,0,0.01
1894,500,-16.898492216333437,29.716,30.926,605,47,0,0.01
1895,500,41.85024407093867,19.536,20.646,555,49,0,0.01
1896,346,-18.407641634597734,22.6242774566474,23.670520231213874,362,35,1,0.01
1897,500,11.18952541850196,24.822,25.998,588,51,0,0.01
1898,500,19.05655122514645,24.336,25.538,601,53,0,0.01
1899,500,29.981840396295254,20.924,22.046,561,54,0,0.01
1900,500,39.89911686244765,20.108,21.224,558,50,0,0.01
1901,500,24.882225846718427,23.944,25.142,599,50,0,0.01
1902,500,48.00385762832914,19.592,20.726,567,53,0,0.01
1903,500,35.97798181261553,20.626,21.748,561,51,0,0.01
1904,500,23.167896052045254,22.356,23.506,575,55,0,0.01
1905,500,24.687680392194835,21.11,22.198,544,51,0,0.01
1906,500,29.142473556520045,23.914,25.108,597,46,0,0.01
1907,500,3.7210708119535583,24.442,25.586,572,53,0,0.01
1908,500,29.770620004285448,21.7,22.842,571,52,0,0.01
1909,500,25.14167976140369,22.144,23.29,573,49,0,0.01
1910,500,3.704217574595705,24.46,25.596,568,49,0,0.01
1911,500,6.220576133933875,23.568,24.688,560,55,0,0.01
1912,500,22.166250166120964,22.714,23.872,579,52,0,0.01
1913,500,21.604052827856925,21.684,22.824,570,54,0,0.01
1914,500,30.77092905685105,22.044,23.208,582,50,0,0.01
1915,500,35.57009885253584,20.936,22.096,580,56,0,0.01
1916,500,21.2701150676057,20.932,22.024,546,53,0,0.01
1917,500,15.594961695149554,26.648,27.89,621,50,0,0.01
1918,500,5.465513259319408,22.766,23.85,542,49,0,0.01
1919,500,44.61017214632349,18.67,19.776,553,55,0,0.01
1920,500,15.120699922440664,21.296,22.416,560,57,0,0.01
1921,500,18.449010109167368,22.804,23.956,576,54,0,0.01
1922,500,28.81873303292691,23.85,25.086,618,56,0,0.01
1923,500,41.43651681270917,19.728,20.86,566,56,0,0.01
1924,500,48.71205394322462,19.554,20.724,585,54,0,0.01
1925,500,44.38029810474871,19.612,20.746,567,55,0,0.01
1926,500,36.850247327207335,23.086,24.312,613,52,0,0.01
1927,500,24.949686833181318,20.08,21.18,550,56,0,0.01
1928,500,35.65228635053242,20.6,21.738,569,52,0,0.01
1929,500,-15.928577349314795,29.276,30.474,599,42,0,0.01
1930,500,18.61258430765277,23.922,25.12,599,55,0,0.01
1931,500,-10.073670331951694,30.368,31.67,651,51,0,0.01
1932,500,37.53888335216109,22.074,23.278,602,56,0,0.01
1933,500,25.58386678401028,22.574,23.752,589,57,0,0.01
1934,500,19.63054413881534,18.888,19.92,516,55,0,0.01
1935,500,16.279357626855433,24.396,25.58,592,49,0,0.01
1936,500,43.50169654706508,19.208,20.314,553,54,0,0.01
1937,500,36.56097304119739,21.468,22.634,583,51,0,0.01
1938,500,23.16205175389546,22.27,23.388,559,49,0,0.01
1939,500,33.78132950320562,20.13,21.258,564,53,0,0.01
1940,500,13.751543810512192,21.192,22.28,544,53,0,0.01
1941,500,38.431950405844226,21.818,23.0,591,51,0,0.01
1942,500,29.090237182542104,24.424,25.634,605,49,0,0.01
1943,500,14.60786011823647,22.312,23.422,555,48,0,0.01
1944,500,12.592931043388434,22.474,23.592,559,53,0,0.01
1945,500,19.80165345866599,24.136,25.322,593,53,0,0.01
1946,500,49.952895889367326,18.72,19.84,560,56,0,0.01
1947,500,41.959369197690734,20.54,21.688,574,52,0,0.01
1948,500,49.05760587926868,18.446,19.544,549,51,0,0.01
1949,500,23.13830592027475,23.296,24.456,580,50,0,0.01
1950,354,-9.23062972090578,24.112994350282484,25.26553672316384,408,37,1,0.01
1951,500,38.78404746083192,22.06,23.244,592,52,0,0.01
1952,500,37.03822388919848,21.132,22.276,572,50,0,0.01
1953,500,42.79657788927935,20.202,21.372,585,53,0,0.01
1954,500,-4.247641877051363,22.918,24.022,552,54,0,0.01
1955,500,29.701520134289535,22.278,23.43,576,53,0,0.01
1956,500,45.39354025903226,20.016,21.154,569,53,0,0.01
1957,500,46.265513982109766,18.486,19.584,549,52,0,0.01
1958,500,24.79185434624521,19.672,20.716,522,50,0,0.01
1959,500,58.4506520924408,17.728,18.838,555,52,0,0.01
1960,500,26.965667462411137,22.302,23.464,581,56,0,0.01
1961,500,0.8892941329663948,24.082,25.202,560,56,0,0.01
1962,500,18.291970770965428,23.11,24.28,585,53,0,0.01
1963,500,-10.104009478075877,22.136,23.184,524,52,0,0.01
1964,500,56.11968940269896,18.512,19.654,571,53,0,0.01
1965,500,24.704966432421,21.788,22.908,560,52,0,0.01
1966,500,28.8820161244844,19.446,20.538,546,55,0,0.01
1967,500,16.640332992576056,23.406,24.58,587,57,0,0.01
1968,500,34.82325514888292,18.47,19.518,524,53,0,0.01
1969,500,44.194809260829715,19.178,20.308,565,54,0,0.01
1970,500,36.903603809918714,21.004,22.182,589,56,0,0.01
1971,500,43.47988513461416,20.356,21.504,574,53,0,0.01
1972,500,55.537801021799126,19.788,20.954,583,52,0,0.01
1973,500,25.372378374074998,22.77,23.956,593,57,0,0.01
1974,500,31.250021351699424,21.272,22.434,581,57,0,0.01
1975,500,42.4673335424644,21.27,22.456,593,54,0,0.01
1976,500,64.98916514904427,19.396,20.598,601,55,0,0.01
1977,500,36.17828623973986,20.484,21.604,560,52,0,0.01
1978,500,23.905445903148223,21.704,22.836,566,53,0,0.01
1979,500,19.57123312258021,23.996,25.174,589,52,0,0.01
1980,500,55.84258845553939,18.536,19.686,575,55,0,0.01
1981,500,45.72495626896244,19.812,20.946,567,51,0,0.01
1982,500,35.55090916711986,19.982,21.106,562,52,0,0.01
1983,500,-0.43327108594221775,26.822,28.022,600,53,0,0.01
1984,500,33.53124890046415,22.098,23.278,590,55,0,0.01
1985,500,51.64720442513669,21.334,22.542,604,52,0,0.01
1986,500,26.07909097810262,20.708,21.81,551,52,0,0.01
1987,500,23.3258837116464,24.01,25.192,591,52,0,0.01
1988,500,35.39729560972936,19.882,21.004,561,53,0,0.01
1989,500,36.678337856231146,20.712,21.834,561,52,0,0.01
1990,500,-1.326513183228317,27.044,28.24,598,53,0,0.01
1991,500,60.23020265610991,18.536,19.69,577,54,0,0.01
1992,500,13.77088101981956,25.924,27.174,625,55,0,0.01
1993,500,25.17190916200782,22.816,23.982,583,52,0,0.01
1994,500,12.791373506345405,22.848,23.958,555,55,0,0.01
1995,500,44.40267632903067,19.442,20.568,563,54,0,0.01
1996,500,39.44262912878436,20.414,21.58,583,57,0,0.01
1997,500,34.60137655125307,20.502,21.606,552,52,0,0.01
1998,500,23.577396731955663,24.364,25.6,618,54,0,0.01
1999,500,27.61213798985576,19.738,20.792,527,50,0,0.01
2000,500,40.238796334248285,21.546,22.712,583,52,0,0.01
2001,500,26.717716841762414,24.35,25.574,612,51,0,0.01
2002,500,30.58062304919306,19.418,20.522,552,54,0,0.01
2003,500,40.14681998249098,17.388,18.422,517,51,0,0.01
2004,500,29.28187612090778,21.75,22.896,573,54,0,0.01
2005,500,54.506994550703766,18.184,19.3,558,55,0,0.01
2006,500,29.734134019983266,20.102,21.186,542,53,0,0.01
2007,500,33.00680256924069,22.418,23.57,576,49,0,0.01
2008,500,53.766397172088915,16.69,17.736,523,51,0,0.01
2009,500,31.241400800231826,23.118,24.314,598,54,0,0.01
2010,500,43.12363070204115,19.426,20.546,560,53,0,0.01
2011,500,32.929232771409175,20.402,21.522,560,54,0,0.01
2012,500,34.64868552611819,20.94,22.088,574,54,0,0.01
2013,500,16.006310824298602,24.62,25.85,615,57,0,0.01
2014,500,8.156148513671926,25.058,26.258,600,52,0,0.01
2015,500,18.46185023656267,22.346,23.48,567,54,0,0.01
2016,500,22.206419690499914,24.556,25.756,600,48,0,0.01
2017,475,-21.05436340877047,25.94736842105263,27.073684210526316,535,49,1,0.01
2018,500,41.16354246715478,20.626,21.78,577,54,0,0.01
2019,500,4.671191403353745,25.828,27.01,591,50,0,0.01
2020,500,49.95748606982098,20.092,21.268,588,55,0,0.01
2021,500,52.98360938614005,19.802,20.974,586,52,0,0.01
2022,500,30.056344759181208,23.336,24.574,619,62,0,0.01
2023,500,42.23770374522629,19.358,20.464,553,54,0,0.01
2024,500,21.945728919169863,23.932,25.118,593,55,0,0.01
2025,500,38.54177309712147,20.528,21.678,575,56,0,0.01
2026,500,41.30927407224306,20.042,21.172,565,53,0,0.01
2027,500,18.882366858072427,20.626,21.716,545,57,0,0.01
2028,500,47.44688648308361,18.004,19.086,541,52,0,0.01
2029,500,33.64796418800425,19.784,20.89,553,59,0,0.01
2030,500,-4.540592544218478,29.224,30.484,630,45,0,0.01
2031,500,32.78602291664195,21.938,23.136,599,59,0,0.01
2032,500,32.39455778116528,19.116,20.156,520,50,0,0.01
2033,500,42.78532209584812,20.662,21.824,581,54,0,0.01
2034,500,43.326570371129165,20.662,21.826,582,52,0,0.01
2035,500,9.859404560908043,23.544,24.69,573,52,0,0.01
2036,500,28.357408264586816,23.184,24.36,588,52,0,0.01
2037,500,19.25615483147696,22.934,24.09,578,55,0,0.01
2038,500,42.705223545304214,21.306,22.494,594,52,0,0.01
2039,500,38.901916889354226,21.582,22.766,592,53,0,0.01
2040,500,52.979287223611834,19.002,20.134,566,53,0,0.01
2041,500,44.78531183718814,20.728,21.884,578,50,0,0.01
2042,500,27.856823868513285,25.362,26.62,629,50,0,0.01
2043,500,46.46939871632835,18.112,19.198,543,54,0,0.01
2044,500,16.47880670690314,22.816,23.946,565,53,0,0.01
2045,500,27.484320788785,21.61,22.776,583,55,0,0.01
2046,500,52.5810455934014,20.072,21.248,588,54,0,0.01
2047,500,35.09351479307978,19.16,20.262,551,57,0,0.01
2048,500,31.232930872396196,20.54,21.686,573,54,0,0.01
2049,500,56.528767538401056,19.758,20.968,605,57,0,0.01
2050,500,38.86503913682391,19.068,20.172,552,54,0,0.01
2051,500,33.782463773250065,23.126,24.304,589,49,0,0.01
2052,500,21.24154506785463,23.39,24.574,592,53,0,0.01
2053,500,37.057578359557326,22.194,23.39,598,55,0,0.01
2054,500,-28.072507895813775,30.752,31.94,594,49,0,0.01
2055,500,53.79200822614579,18.65,19.8,575,59,0,0.01
2056,500,38.72504924328503,20.362,21.48,559,50,0,0.01
2057,500,44.26414637277103,19.342,20.474,566,54,0,0.01
2058,500,17.752780667156916,23.572,24.748,588,54,0,0.01
2059,500,32.334542041485385,18.378,19.42,521,49,0,0.01
2060,500,40.365420323200844,19.508,20.648,570,56,0,0.01
2061,500,10.516650041884068,23.648,24.784,568,50,0,0.01
2062,500,15.194366845683618,19.716,20.734,509,52,0,0.01
2063,500,19.58438230254114,23.874,25.06,593,53,0,0.01
2064,500,53.082107083252104,21.896,23.144,624,54,0,0.01
2065,500,32.13060927023538,22.556,23.734,589,54,0,0.01
2066,500,8.305996461705327,25.398,26.59,596,49,0,0.01
2067,500,18.708013959932952,23.978,25.164,593,53,0,0.01
2068,500,12.158729206066749,23.18,24.298,559,47,0,0.01
2069,500,31.995257594181673,21.378,22.522,572,52,0,0.01
2070,500,57.60964962540126,20.966,22.184,609,53,0,0.01
2071,500,34.22232135018991,19.008,20.06,526,51,0,0.01
2072,500,8.586100645468001,24.218,25.358,570,51,0,0.01
2073,500,42.868612441526714,22.432,23.646,607,52,0,0.01
2074,500,15.688948024819679,23.38,24.53,575,49,0,0.01
2075,500,44.60338278304325,20.166,21.31,572,53,0,0.01
2076,500,34.66207194802443,21.584,22.74,578,50,0,0.01
2077,500,35.837909203414114,21.332,22.476,572,50,0,0.01
2078,500,-31.828948638427136,30.852,32.042,595,49,0,0.01
2079,500,38.64990886783418,19.836,20.95,557,55,0,0.01
2080,500,28.915939323825377,20.304,21.402,549,55,0,0.01
2081,500,23.133756774461244,21.688,22.802,557,52,0,0.01
2082,500,40.61605812549572,19.608,20.714,553,54,0,0.01
2083,500,29.71067672160807,21.584,22.73,573,54,0,0.01
2084,500,17.1491911091801,22.84,23.974,567,56,0,0.01
2085,500,18.734199474594433,24.392,25.562,585,50,0,0.01
2086,500,22.40952088826211,22.342,23.49,574,52,0,0.01
2087,500,13.874106652470727,22.538,23.688,575,55,0,0.01
2088,500,17.28629125775851,23.12,24.28,580,52,0,0.01
2089,500,49.85316784814786,21.306,22.514,604,55,0,0.01
2090,500,25.822691593320574,21.074,22.188,557,54,0,0.01
2091,500,47.642799546945945,19.978,21.138,580,52,0,0.01
2092,500,46.37218916916111,18.128,19.226,549,52,0,0.01
2093,500,37.04101365744497,22.648,23.866,609,56,0,0.01
2094,500,44.760329146922544,19.346,20.47,562,53,0,0.01
2095,500,45.78177256473405,20.7,21.888,594,55,0,0.01
2096,500,42.25916768035785,20.612,21.778,583,53,0,0.01
2097,500,26.26611221630323,20.402,21.486,542,52,0,0.01
2098,500,46.65411753871971,20.206,21.37,582,53,0,0.01
2099,500,18.15609396410307,21.774,22.86,543,50,0,0.01
2100,500,36.42323362378542,19.596,20.696,550,52,0,0.01
2101,500,39.972099089711996,23.23,24.472,621,52,0,0.01
2102,500,46.38393996380313,19.036,20.17,567,53,0,0.01
2103,500,21.360720553755556,22.408,23.544,568,53,0,0.01
2104,500,59.75195219340946,17.218,18.326,554,55,0,0.01
2105,500,40.02665139442804,23.788,25.048,630,54,0,0.01
2106,500,22.73422699430587,20.648,21.718,535,53,0,0.01
2107,500,25.867984077735436,21.878,23.008,565,52,0,0.01
2108,500,59.75113087858164,19.164,20.338,587,54,0,0.01
2109,500,5.262999390708391,25.814,27.002,594,50,0,0.01
2110,500,25.82864938311303,21.586,22.724,569,54,0,0.01
2111,500,28.926126948205674,22.15,23.288,569,51,0,0.01
2112,500,50.12091600068359,20.994,22.2,603,53,0,0.01
2113,500,10.869970438587774,22.806,23.9,547,51,0,0.01
2114,500,22.781907220079013,22.138,23.26,561,50,0,0.01
2115,500,18.725441011513237,21.33,22.444,557,57,0,0.01
2116,500,37.95617040016467,21.758,22.93,586,52,0,0.01
2117,500,7.498047685619297,23.528,24.68,576,54,0,0.01
2118,500,31.84578089705639,22.102,23.256,577,47,0,0.01
2119,500,15.817228804738932,21.978,23.072,547,54,0,0.01
2120,500,31.671331768325608,21.354,22.504,575,53,0,0.01
2121,500,20.88634919205488,21.284,22.372,544,48,0,0.01
2122,500,36.13588675655411,21.692,22.854,581,51,0,0.01
2123,500,25.823670690699906,22.856,24.028,586,51,0,0.01
2124,500,47.87333337467448,20.512,21.688,588,55,0,0.01
2125,500,35.13659457973923,19.34,20.434,547,54,0,0.01
2126,500,41.51457770910058,18.534,19.622,544,52,0,0.01
2127,500,26.293740407192452,23.076,24.254,589,54,0,0.01
2128,500,18.06330981244666,23.014,24.172,579,56,0,0.01
2129,500,-0.2824922340892748,21.02,22.056,518,55,0,0.01
2130,500,10.089917871316427,24.21,25.36,575,51,0,0.01
2131,500,34.32738142729705,18.814,19.89,538,52,0,0.01
2132,500,6.738243360537087,24.71,25.886,588,53,0,0.01
2133,500,5.382648714117775,25.292,26.466,587,48,0,0.01
2134,500,44.779786850264,20.876,22.05,587,56,0,0.01
2135,500,19.97936993927439,19.706,20.772,533,54,0,0.01
2136,500,-19.15594315549737,27.67,28.836,583,53,0,0.01
2137,500,-3.6425980914222555,27.96,29.168,604,50,0,0.01
2138,500,15.024490636355068,24.022,25.196,587,51,0,0.01
2139,500,39.05000545982061,21.842,23.04,599,55,0,0.01
2140,500,-0.03313671558431608,25.062,26.23,584,51,0,0.01
2141,500,28.31834158788986,23.464,24.664,600,54,0,0.01
2142,500,37.27239957598137,21.09,22.25,580,53,0,0.01
2143,500,12.10465073885922,23.026,24.188,581,57,0,0.01
2144,500,10.983190744582663,23.802,24.968,583,54,0,0.01
2145,500,33.371172293410346,20.184,21.304,560,52,0,0.01
2146,500,36.404621008860545,19.534,20.648,557,53,0,0.01
2147,500,27.09788889529034,20.746,21.862,558,55,0,0.01
2148,500,28.169428446326943,21.592,22.732,570,55,0,0.01
2149,500,-3.6552664314833807,24.91,26.042,566,55,0,0.01
2150,500,14.037794342598858,24.066,25.262,598,54,0,0.01
2151,500,27.356388132567332,21.662,22.758,548,49,0,0.01
2152,500,37.55444843957389,19.982,21.088,553,51,0,0.01
2153,500,29.490987048144795,20.822,21.92,549,52,0,0.01
2154,500,47.31623147673484,22.184,23.418,617,53,0,0.01
2155,500,55.01127535540075,18.694,19.852,579,54,0,0.01
2156,500,15.639601395802146,22.34,23.454,557,54,0,0.01
2157,500,33.18080799006088,21.464,22.624,580,52,0,0.01
2158,500,1.6679515711875739,27.298,28.486,594,44,0,0.01
2159,500,48.54138132889328,19.58,20.724,572,54,0,0.01
2160,500,31.7029800715687,20.892,22.032,570,53,0,0.01
2161,500,34.03600093278309,20.562,21.682,560,53,0,0.01
2162,500,33.581334128646965,20.608,21.764,578,53,0,0.01
2163,500,39.44200076499312,19.808,20.916,554,53,0,0.01
2164,500,-28.184873501114225,30.126,31.326,600,50,0,0.01
2165,500,12.599692886957294,24.722,25.902,590,48,0,0.01
2166,500,23.692177598325884,21.972,23.112,570,49,0,0.01
2167,500,63.46300047489399,19.404,20.608,602,55,0,0.01
2168,500,19.88945827152703,23.09,24.274,592,53,0,0.01
2169,500,27.334906290002166,23.014,24.19,588,53,0,0.01
2170,101,-38.58405417786001,32.53465346534654,33.584158415841586,106,9,1,0.01
2171,500,45.54607474232956,21.428,22.622,597,52,0,0.01
2172,500,20.510392811803825,21.65,22.782,566,52,0,0.01
2173,500,30.360751329735667,22.206,23.362,578,51,0,0.01
2174,500,48.62626562081374,20.25,21.442,596,54,0,0.01
2175,500,33.21337383872309,23.104,24.314,605,56,0,0.01
2176,500,39.04208247287819,21.422,22.57,574,47,0,0.01
2177,500,26.546164460383412,18.492,19.522,515,49,0,0.01
2178,500,30.43169264657884,21.212,22.368,578,53,0,0.01
2179,500,28.51289404480473,22.714,23.898,592,49,0,0.01
2180,500,20.822959611246063,21.674,22.79,558,52,0,0.01
2181,500,43.998517943668,19.764,20.92,578,56,0,0.01
2182,500,29.033513214710847,22.998,24.18,591,49,0,0.01
2183,500,26.246616734590344,22.646,23.792,573,49,0,0.01
2184,500,6.190903286500764,23.932,25.064,566,50,0,0.01
2185,500,23.747729517741284,24.176,25.406,615,53,0,0.01
2186,500,-2.291470521536172,25.326,26.496,585,52,0,0.01
2187,500,14.858642188154015,22.612,23.712,550,53,0,0.01
2188,500,21.375649628603536,22.246,23.374,564,50,0,0.01
2189,500,16.982750939322962,26.718,27.972,627,48,0,0.01
2190,500,27.422391791637565,21.678,22.83,576,55,0,0.01
2191,500,20.216284101003605,21.498,22.63,566,56,0,0.01
2192,500,41.28273847037573,19.528,20.638,555,54,0,0.01
2193,500,28.936671662183038,20.472,21.58,554,55,0,0.01
2194,500,-11.126456256709416,26.262,27.42,579,52,0,0.01
2195,500,36.995793630032644,22.51,23.692,591,50,0,0.01
2196,500,23.159398604498147,23.518,24.72,601,49,0,0.01
2197,500,43.20817516541601,19.93,21.068,569,53,0,0.01
2198,500,35.84688048846968,20.642,21.762,560,51,0,0.01
2199,500,17.45286869284707,23.11,24.258,574,50,0,0.01
2200,500,22.004610388805347,21.714,22.828,557,50,0,0.01
2201,500,41.14667897113687,20.686,21.838,576,54,0,0.01
2202,500,27.783635175283656,21.32,22.448,564,48,0,0.01
2203,500,40.97554538784351,22.716,23.938,611,51,0,0.01
2204,500,2.374725727175371,24.856,25.988,566,47,0,0.01
2205,500,38.25055738755034,22.412,23.608,598,51,0,0.01
2206,500,12.469114083733697,22.39,23.482,546,50,0,0.01
2207,500,24.132932203364735,20.088,21.15,531,51,0,0.01
2208,500,43.40311939055899,20.08,21.232,576,52,0,0.01
2209,500,40.3053847125832,19.95,21.058,554,49,0,0.01
2210,500,48.04015831036836,21.206,22.374,584,49,0,0.01
2211,500,53.783418450658345,20.33,21.516,593,54,0,0.01
2212,500,14.352509031567571,21.544,22.604,530,49,0,0.01
2213,500,30.867764096841466,17.434,18.458,512,57,0,0.01
2214,500,22.292637559510467,20.982,22.08,549,53,0,0.01
2215,500,23.653090404308834,22.364,23.526,581,52,0,0.01
2216,500,32.44635434988362,21.514,22.63,558,49,0,0.01
2217,500,11.593652381502299,23.63,24.79,580,50,0,0.01
2218,500,26.474710881278046,21.764,22.888,562,48,0,0.01
2219,500,24.127451507349498,23.562,24.762,600,53,0,0.01
2220,500,52.61162508121133,20.864,22.086,611,54,0,0.01
2221,500,23.243355738721803,23.176,24.35,587,47,0,0.01
2222,500,24.113745774217513,22.66,23.814,577,51,0,0.01
2223,500,29.08348559763327,22.13,23.274,572,51,0,0.01
2224,500,32.43745487544832,21.786,22.946,580,51,0,0.01
2225,500,27.065450053199537,22.976,24.176,600,55,0,0.01
2226,500,15.183268834803881,23.92,25.046,563,45,0,0.01
2227,500,33.71831117330495,21.58,22.74,580,50,0,0.01
2228,500,27.196727067330436,24.086,25.27,592,47,0,0.01
2229,500,24.252591785434195,19.508,20.558,525,49,0,0.01
2230,500,39.9230102199599,22.84,24.05,605,52,0,0.01
2231,500,38.69369973394753,21.198,22.36,581,56,0,0.01
2232,500,4.593129860580081,25.978,27.224,623,55,0,0.01
2233,500,16.566415958841276,21.832,22.94,554,53,0,0.01
2234,500,13.616669874617886,25.04,26.238,599,53,0,0.01
2235,500,27.10207704885582,21.26,22.408,574,54,0,0.01
2236,500,10.964681362640434,24.212,25.388,588,52,0,0.01
2237,500,14.27366085259711,28.052,29.348,648,52,0,0.01
2238,500,11.890661095923004,22.158,23.276,559,52,0,0.01
2239,500,36.17083709030593,20.492,21.612,560,50,0,0.01
2240,500,32.0608598727459,21.58,22.736,578,57,0,0.01
2241,500,22.10983915350625,26.226,27.474,624,48,0,0.01
2242,500,15.906167241262105,22.868,24.038,585,55,0,0.01
2243,500,35.43206389748694,22.224,23.408,592,53,0,0.01
2244,500,8.463571835758204,26.244,27.446,601,48,0,0.01
2245,500,37.13627526851358,19.074,20.134,530,48,0,0.01
2246,500,16.218634063990415,25.97,27.244,637,56,0,0.01
2247,500,41.06003791153584,22.462,23.714,626,53,0,0.01
2248,500,53.45137343055463,18.872,20.03,579,56,0,0.01
2249,500,-4.564681462653599,26.514,27.68,583,53,0,0.01
2250,500,11.993931665865254,23.126,24.252,563,51,0,0.01
2251,500,21.97920841060025,23.128,24.304,588,54,0,0.01
2252,500,39.237817236869006,19.804,20.892,544,46,0,0.01
2253,500,42.250708657564466,19.008,20.112,552,55,0,0.01
2254,500,14.865063556794869,23.634,24.794,580,53,0,0.01
2255,500,19.962489182205125,23.432,24.608,588,52,0,0.01
2256,500,27.817939884192757,23.14,24.3,580,51,0,0.01
2257,500,42.69302968913384,19.768,20.89,561,52,0,0.01
2258,500,47.43350331744603,20.914,22.102,594,53,0,0.01
2259,500,15.766823618948182,22.182,23.274,546,47,0,0.01
2260,500,17.49651203506893,20.71,21.772,531,49,0,0.01
2261,500,29.62970230666744,20.918,22.028,555,52,0,0.01
2262,500,-14.137444032215127,27.33,28.478,574,47,0,0.01
2263,500,-5.614231301367738,28.14,29.364,612,48,0,0.01
2264,500,32.07660000376167,19.538,20.614,538,53,0,0.01
2265,500,28.720441801780016,22.688,23.846,579,51,0,0.01
2266,500,13.549308218486667,24.75,25.962,606,55,0,0.01
2267,500,18.52209231314564,22.88,24.022,571,47,0,0.01
2268,500,30.36748239732444,24.616,25.834,609,49,0,0.01
2269,500,23.54763855897357,21.642,22.758,558,51,0,0.01
2270,500,27.23653234319271,21.272,22.374,551,49,0,0.01
2271,489,-19.833337548330796,24.198364008179958,25.33128834355828,554,56,1,0.01
2272,500,58.740173879056016,20.05,21.224,587,49,0,0.01
2273,500,18.627005512743516,19.964,20.978,507,46,0,0.01
2274,500,36.63413796083828,22.084,23.256,586,53,0,0.01
2275,500,29.905919740656707,22.14,23.318,589,51,0,0.01
2276,500,3.451721064402242,28.426,29.706,640,50,0,0.01
2277,500,26.879178319206463,21.75,22.884,567,54,0,0.01
2278,500,22.997707533882398,22.78,23.942,581,54,0,0.01
2279,500,52.78238041120524,21.418,22.662,622,53,0,0.01
2280,500,3.516897542489481,24.356,25.494,569,52,0,0.01
2281,500,46.65670148738315,21.882,23.078,598,49,0,0.01
2282,500,-14.962417832993236,28.966,30.17,602,48,0,0.01
2283,500,21.905549136130873,22.168,23.3,566,54,0,0.01
2284,500,19.576204812601937,26.342,27.596,627,51,0,0.01
2285,500,37.33740752300312,24.074,25.304,615,49,0,0.01
2286,500,58.55565061758762,17.886,19.006,560,52,0,0.01
2287,500,28.69148703619209,20.602,21.726,562,58,0,0.01
2288,500,22.283112977552513,24.194,25.396,601,50,0,0.01
2289,500,36.56992380893293,20.91,22.04,565,48,0,0.01
2290,500,45.10940244798706,20.856,22.024,584,51,0,0.01
2291,500,1.704640118803991,25.198,26.364,583,52,0,0.01
2292,500,42.25827129864107,19.43,20.524,547,50,0,0.01
2293,500,37.328793327544716,21.244,22.426,591,55,0,0.01
2294,500,30.94916431225907,22.408,23.604,598,53,0,0.01
2295,500,47.34524453801427,20.356,21.528,586,52,0,0.01
2296,500,26.71414353705962,20.962,22.088,563,55,0,0.01
2297,500,25.32527521879293,22.224,23.382,579,52,0,0.01
2298,500,18.17768164953731,23.352,24.514,581,54,0,0.01
2299,500,52.452455760916585,21.11,22.33,610,55,0,0.01
2300,500,16.705460787249567,22.152,23.3,574,53,0,0.01
2301,500,36.96903104487999,21.188,22.344,578,52,0,0.01
2302,500,22.844496003380122,23.554,24.73,588,51,0,0.01
2303,500,34.16545637100455,20.876,22.02,572,56,0,0.01
2304,500,39.21325008842035,22.764,23.966,601,49,0,0.01
2305,500,16.771949835252773,24.678,25.868,595,50,0,0.01
2306,500,39.258745136149614,19.882,21.014,566,53,0,0.01
2307,500,31.10870162719321,19.652,20.748,548,52,0,0.01
2308,500,8.600280216108407,25.564,26.792,614,55,0,0.01
2309,500,32.43827944654483,23.378,24.594,608,53,0,0.01
2310,500,42.10749880279725,20.56,21.734,587,56,0,0.01
2311,500,33.773788025831365,20.656,21.768,556,52,0,0.01
2312,500,40.68961416698243,20.12,21.262,571,51,0,0.01
2313,500,45.334442064771515,21.404,22.592,594,50,0,0.01
2314,500,26.337592825266015,24.102,25.334,616,52,0,0.01
2315,500,18.440049082771825,23.432,24.612,590,54,0,0.01
2316,500,22.87170865245243,21.894,23.014,560,51,0,0.01
2317,500,32.65278835413454,18.384,19.424,520,53,0,0.01
2318,500,34.529417712276874,22.464,23.632,584,49,0,0.01
2319,500,49.007468711403455,19.19,20.318,564,52,0,0.01
2320,500,35.48516262093283,19.544,20.65,553,49,0,0.01
2321,500,-0.3844399754555472,26.574,27.796,611,55,0,0.01
2322,500,45.314152787942184,21.85,23.066,608,53,0,0.01
2323,500,18.756216706628322,23.128,24.276,574,50,0,0.01
2324,500,44.52643173672515,19.89,21.022,566,53,0,0.01
2325,500,10.146177613916986,24.09,25.248,579,50,0,0.01
2326,500,39.78514705224523,20.624,21.762,569,53,0,0.01
2327,500,27.768276553835985,24.336,25.564,614,52,0,0.01
2328,500,44.15538223826698,19.428,20.538,555,51,0,0.01
2329,500,9.132729640050432,23.806,24.938,566,52,0,0.01
2330,500,24.670747695443097,24.07,25.284,607,53,0,0.01
2331,500,50.16535313802197,20.384,21.542,579,48,0,0.01
2332,500,8.54618888035446,23.01,24.12,555,54,0,0.01
2333,500,1.58200872249388,27.8,29.01,605,50,0,0.01
2334,500,20.381556125095795,23.06,24.196,568,48,0,0.01
2335,500,32.170270278474824,19.542,20.614,536,49,0,0.01
2336,500,18.273389578402952,23.934,25.096,581,49,0,0.01
2337,500,19.470257966055865,24.22,25.416,598,56,0,0.01
2338,500,56.74973249326271,20.21,21.404,597,53,0,0.01
2339,500,22.567724626106305,23.802,25.014,606,53,0,0.01
2340,500,29.94110731635392,21.694,22.836,571,48,0,0.01
2341,500,29.294839998605752,21.644,22.774,565,52,0,0.01
2342,500,41.71292719773489,18.402,19.476,537,51,0,0.01
2343,500,34.75739836732195,21.168,22.316,574,51,0,0.01
2344,500,20.62167934301107,23.584,24.76,588,52,0,0.01
2345,500,36.37252264169778,22.974,24.182,604,52,0,0.01
2346,500,52.007489228723514,19.046,20.192,573,56,0,0.01
2347,500,27.19904935407759,20.514,21.632,559,52,0,0.01
2348,500,34.1141650621571,19.804,20.894,545,55,0,0.01
2349,500,21.6845636639491,21.852,22.986,567,53,0,0.01
2350,500,28.220441478588903,22.146,23.324,589,57,0,0.01
2351,500,-9.988740612886154,24.692,25.8,554,54,0,0.01
2352,500,32.546580002200386,22.79,23.988,599,54,0,0.01
2353,500,18.993921407205203,23.164,24.298,567,49,0,0.01
2354,500,22.740308534400995,21.52,22.612,546,49,0,0.01
2355,500,35.51013505253836,20.956,22.106,575,53,0,0.01
2356,500,12.538536521223923,25.6,26.846,623,58,0,0.01
2357,500,58.40744155308723,20.812,22.038,613,53,0,0.01
2358,500,36.88455903850775,21.33,22.458,564,49,0,0.01
2359,500,31.317355488119237,25.306,26.554,624,48,0,0.01
2360,500,15.177949667462789,23.94,25.11,585,53,0,0.01
2361,500,44.266039759300675,19.7,20.822,561,51,0,0.01
2362,500,47.480163411199676,20.878,22.04,581,47,0,0.01
2363,500,58.33784668188057,20.018,21.228,605,53,0,0.01
2364,500,43.185075603020174,18.972,20.062,545,51,0,0.01
2365,500,52.71159036437623,19.04,20.176,568,51,0,0.01
2366,500,37.36480547433839,22.382,23.588,603,56,0,0.01
2367,500,38.93713524103147,20.958,22.114,578,51,0,0.01
2368,500,47.91744029574468,18.618,19.746,564,55,0,0.01
2369,500,39.68973791728516,20.46,21.61,575,53,0,0.01
2370,500,39.70620964507484,19.476,20.61,567,55,0,0.01
2371,500,36.51966289076499,21.298,22.458,580,52,0,0.01
2372,500,19.99699971069728,25.14,26.366,613,53,0,0.01
2373,249,-22.686916854758962,24.85542168674699,25.95983935742972,275,26,1,0.01
2374,500,27.63888966996606,20.066,21.168,551,51,0,0.01
2375,500,38.860616997581836,21.354,22.534,590,54,0,0.01
2376,500,31.613127345895087,21.442,22.566,562,48,0,0.01
2377,500,55.19287483965989,19.028,20.172,572,52,0,0.01
2378,500,44.6020049150444,21.072,22.252,590,55,0,0.01
2379,500,34.06644641163022,21.052,22.218,583,57,0,0.01
2380,500,-8.063764240425705,28.138,29.352,607,50,0,0.01
2381,500,41.405033294408796,20.306,21.46,577,55,0,0.01
2382,500,29.69062468672411,22.812,23.978,583,48,0,0.01
2383,500,18.41200160394297,23.566,24.74,587,50,0,0.01
2384,500,36.14297491373997,20.59,21.738,574,54,0,0.01
2385,500,12.831305788779012,23.94,25.084,572,52,0,0.01
2386,500,30.48839609709001,22.758,23.936,589,52,0,0.01
2387,500,-32.08623543903023,27.87,29.052,591,55,0,0.01
2388,500,32.25971397486885,21.738,22.918,590,53,0,0.01
2389,500,39.29462327398052,20.758,21.894,568,48,0,0.01
2390,500,25.742820026061978,22.53,23.674,572,50,0,0.01
2391,500,39.21095467500246,21.548,22.736,594,52,0,0.01
2392,500,29.229103711078842,21.14,22.258,559,51,0,0.01
2393,500,28.77466389022806,22.002,23.158,578,48,0,0.01
2394,500,25.872818502525806,20.4,21.476,538,50,0,0.01
2395,500,27.032482824031355,21.522,22.628,553,50,0,0.01
2396,500,29.306611310567895,22.452,23.614,581,49,0,0.01
2397,500,37.02541453778326,21.4,22.576,588,54,0,0.01
2398,500,50.53043133175898,16.846,17.882,518,51,0,0.01
2399,500,38.72040012075761,21.816,23.016,600,57,0,0.01
2400,500,16.31693294391088,24.612,25.808,598,51,0,0.01
2401,500,11.74414985702935,25.492,26.692,600,53,0,0.01
2402,500,19.570298316109707,25.544,26.782,619,50,0,0.01
2403,500,33.191775894628776,21.596,22.722,563,49,0,0.01
2404,500,24.009149275958826,23.36,24.528,584,51,0,0.01
2405,500,11.962973924755895,24.886,26.074,594,55,0,0.01
2406,500,29.20035541145616,20.002,21.076,537,51,0,0.01
2407,500,14.890784846225687,22.494,23.622,564,51,0,0.01
2408,500,6.84060664372028,23.494,24.632,569,54,0,0.01
2409,500,32.49127558339038,21.266,22.39,562,52,0,0.01
2410,500,-5.467520598900168,29.302,30.578,638,53,0,0.01
2411,468,-38.032325013034246,26.053418803418804,27.117521367521366,498,47,1,0.01
2412,500,30.69193009772048,21.244,22.392,574,52,0,0.01
2413,500,33.83030552769738,21.174,22.304,565,49,0,0.01
2414,500,44.24282996153091,21.862,23.062,600,54,0,0.01
2415,500,20.93252779952647,23.312,24.494,591,53,0,0.01
2416,500,19.02553893446825,22.868,23.99,561,51,0,0.01
2417,500,18.675142314973808,25.52,26.762,621,54,0,0.01
2418,500,34.10010159304573,21.342,22.496,577,56,0,0.01
2419,500,41.900363977752484,22.438,23.64,601,51,0,0.01
2420,500,11.931758424381092,26.056,27.272,608,49,0,0.01
2421,500,44.0125198608191,18.59,19.662,536,51,0,0.01
2422,500,28.513584606938522,24.004,25.244,620,55,0,0.01
2423,500,18.247870852286486,21.396,22.5,552,55,0,0.01
2424,500,33.03129025829543,22.404,23.574,585,51,0,0.01
2425,500,22.94074697048809,21.66,22.76,550,51,0,0.01
2426,500,37.38044237237147,19.884,21.006,561,51,0,0.01
2427,500,38.96114909257779,20.504,21.634,565,50,0,0.01
2428,500,27.70130666593298,24.974,26.232,629,51,0,0.01
2429,500,28.235061500871264,21.644,22.79,573,54,0,0.01
2430,500,46.23377596081281,21.964,23.196,616,54,0,0.01
2431,500,33.62562699836247,19.754,20.86,553,52,0,0.01
2432,500,13.931012666296212,20.442,21.506,532,49,0,0.01
2433,500,33.99937393712677,22.282,23.452,585,53,0,0.01
2434,500,37.37292466858597,23.82,25.058,619,54,0,0.01
2435,500,7.961008727605895,24.986,26.144,579,49,0,0.01
2436,500,51.749330466374516,19.348,20.52,586,59,0,0.01
2437,500,-12.55180730300951,29.456,30.714,629,53,0,0.01
2438,500,7.814225568135845,23.154,24.282,564,53,0,0.01
2439,500,54.37718137650295,20.314,21.514,600,54,0,0.01
2440,500,28.917853227675195,20.554,21.642,544,50,0,0.01
2441,500,47.28330528220686,20.494,21.644,575,49,0,0.01
2442,500,34.72555385677359,20.648,21.806,579,52,0,0.01
2443,500,24.3164866261138,20.42,21.476,528,49,0,0.01
2444,500,33.15399736787678,23.99,25.226,618,50,0,0.01
2445,500,52.692421196280335,17.942,19.06,559,54,0,0.01
2446,500,20.71710899529121,23.628,24.798,585,53,0,0.01
2447,500,28.2527290506656,23.304,24.498,597,53,0,0.01
2448,500,30.037268565407985,22.816,24.006,595,50,0,0.01
2449,500,38.66060110570306,21.94,23.148,604,56,0,0.01
2450,500,-1.697253629120877,26.922,28.12,599,51,0,0.01
2451,500,33.424161427864554,21.668,22.816,574,52,0,0.01
2452,500,43.84640600457899,19.106,20.228,561,54,0,0.01
2453,500,57.882541255293084,19.484,20.686,601,57,0,0.01
2454,500,53.986674174703296,18.29,19.434,572,57,0,0.01
2455,500,50.73439113286648,19.62,20.772,576,50,0,0.01
2456,500,31.330109643583295,20.694,21.824,565,57,0,0.01
2457,500,17.03859514010659,22.244,23.366,561,50,0,0.01
2458,500,28.814049878150694,21.968,23.144,588,55,0,0.01
2459,500,41.67167159687134,21.468,22.674,603,56,0,0.01
2460,500,32.864589072904145,22.078,23.25,586,51,0,0.01
2461,500,50.264702925942004,20.342,21.524,591,55,0,0.01
2462,500,23.23308604506125,21.782,22.906,562,54,0,0.01
2463,500,44.544140321159695,21.306,22.5,597,55,0,0.01
2464,263,-23.58148552674374,25.133079847908746,26.254752851711025,295,27,1,0.01
2465,500,57.269866920618036,19.052,20.226,587,55,0,0.01
2466,500,39.80255684277414,21.642,22.82,589,55,0,0.01
2467,500,41.00549325559344,19.336,20.438,551,53,0,0.01
2468,500,49.077259143533105,19.906,21.078,586,56,0,0.01
2469,500,8.833817280440023,24.978,26.16,591,53,0,0.01
2470,500,42.749495251317306,19.512,20.672,580,55,0,0.01
2471,500,35.612436783761325,20.104,21.196,546,50,0,0.01
2472,500,11.639941224347911,22.526,23.66,567,53,0,0.01
2473,500,1.4207465520954687,23.196,24.278,541,47,0,0.01
2474,500,23.48975344776872,21.988,23.116,564,52,0,0.01
2475,500,19.27550930183578,24.02,25.216,598,54,0,0.01
2476,500,37.87872435263579,20.078,21.228,575,59,0,0.01
2477,500,20.516948835789655,24.002,25.182,590,51,0,0.01
2478,500,15.228241361610902,23.35,24.51,580,56,0,0.01
2479,500,38.785036816871276,23.764,25.018,627,54,0,0.01
2480,500,10.83776819206007,24.718,25.936,609,57,0,0.01
2481,500,31.677537058723445,22.554,23.74,593,53,0,0.01
2482,500,33.74302584564499,22.366,23.554,594,53,0,0.01
2483,500,20.32936078575797,23.334,24.496,581,52,0,0.01
2484,500,19.47802642671546,24.506,25.722,608,55,0,0.01
2485,500,52.649846669491716,19.088,20.236,574,55,0,0.01
2486,500,45.72914442252785,20.306,21.482,588,55,0,0.01
2487,500,14.204609019632764,24.794,25.992,599,54,0,0.01
2488,500,13.887421263756783,23.576,24.726,575,54,0,0.01
2489,500,45.67011868526961,22.312,23.542,615,56,0,0.01
2490,500,44.67316295651287,20.956,22.134,589,53,0,0.01
2491,500,9.716957725277094,27.044,28.3,628,53,0,0.01
2492,500,36.37521943562165,23.996,25.266,635,52,0,0.01
2493,500,47.02263502819686,19.758,20.896,569,55,0,0.01
2494,500,39.63545363049461,20.462,21.616,577,54,0,0.01
2495,500,50.35750759491852,18.978,20.096,559,51,0,0.01
2496,500,44.380957890902394,21.116,22.28,582,51,0,0.01
2497,500,51.72545062379097,20.108,21.304,598,55,0,0.01
2498,500,52.165229387719265,20.016,21.18,582,52,0,0.01
2499,500,59.26756124854006,17.894,19.052,579,56,0,0.01
2500,500,16.271454510850837,22.772,23.952,590,53,0,0.01
2501,500,42.22435135556881,22.074,23.302,614,60,0,0.01
2502,500,62.10359853809513,19.398,20.61,606,53,0,0.01
2503,500,25.8098412072652,21.594,22.722,564,53,0,0.01
2504,500,15.491505822944395,25.684,26.9,608,51,0,0.01
2505,500,39.99345718197451,21.518,22.682,582,52,0,0.01
2506,500,52.25999925384567,18.576,19.694,559,52,0,0.01
2507,500,49.26206768397825,18.988,20.112,562,52,0,0.01
2508,500,27.800182616344532,24.508,25.738,615,51,0,0.01
2509,500,22.029747605353716,23.254,24.418,582,50,0,0.01
2510,500,8.31302306693097,24.652,25.814,581,50,0,0.01
2511,500,22.58576017054,22.944,24.106,581,54,0,0.01
2512,500,47.61600618581325,18.826,19.956,565,55,0,0.01
2513,500,45.45535576453705,19.554,20.698,572,51,0,0.01
2514,500,32.45068677107178,22.244,23.408,582,51,0,0.01
2515,500,33.81835152335877,22.872,24.09,609,52,0,0.01
2516,500,38.08848480736646,20.724,21.848,562,50,0,0.01
2517,500,47.92396554375047,21.164,22.324,580,49,0,0.01
2518,500,35.40441844554627,23.2,24.41,605,53,0,0.01
2519,500,12.455854668398779,25.636,26.844,604,53,0,0.01
2520,500,28.760411862585094,19.998,21.082,542,50,0,0.01
2521,500,35.37127552639296,20.644,21.766,561,50,0,0.01
2522,500,34.196269844491134,18.884,19.958,537,53,0,0.01
2523,500,36.55862633447932,20.542,21.684,571,54,0,0.01
2524,500,38.105275846381836,19.998,21.144,573,58,0,0.01
2525,500,18.0113824910343,23.908,25.084,588,48,0,0.01
2526,500,37.46287737097349,20.216,21.338,561,52,0,0.01
2527,500,36.86666776169686,22.392,23.592,600,54,0,0.01
2528,500,44.9049406432774,20.31,21.454,572,51,0,0.01
2529,500,14.371505765946972,25.066,26.278,606,52,0,0.01
2530,500,51.37165638957887,20.502,21.7,599,53,0,0.01
2531,500,35.394931641959836,22.626,23.834,604,53,0,0.01
2532,500,37.68982063294773,21.052,22.192,570,51,0,0.01
2533,500,33.80421298735847,21.27,22.42,575,54,0,0.01
2534,500,57.844120849821074,17.804,18.928,562,50,0,0.01
2535,500,43.98811749731331,21.682,22.872,595,49,0,0.01
2536,500,36.81993260105415,19.312,20.394,541,55,0,0.01
2537,500,45.129588491833644,19.926,21.076,575,54,0,0.01
2538,500,32.50930347905051,22.968,24.178,605,53,0,0.01
2539,500,50.37784816504795,18.218,19.33,556,54,0,0.01
2540,500,20.246929043424693,26.544,27.826,641,51,0,0.01
2541,500,43.63989954332546,21.594,22.8,603,52,0,0.01
2542,500,37.7845904990742,19.604,20.702,549,53,0,0.01
2543,500,36.62122537644046,21.912,23.104,596,52,0,0.01
2544,500,31.018171854314577,22.352,23.52,584,52,0,0.01
2545,500,37.215748065152624,20.302,21.428,563,52,0,0.01
2546,500,54.00132497296581,17.618,18.734,558,53,0,0.01
2547,500,54.71463463561946,17.656,18.754,549,52,0,0.01
2548,500,22.765363035286796,22.468,23.62,576,53,0,0.01
2549,500,42.637813852141505,24.856,26.164,654,52,0,0.01
2550,500,50.24331405769943,22.232,23.484,626,54,0,0.01
2551,500,48.80178356497781,19.712,20.868,578,56,0,0.01
2552,500,42.16272815471831,18.976,20.076,550,51,0,0.01
2553,500,22.552565311704228,19.638,20.72,541,51,0,0.01
2554,500,49.021277677518086,20.564,21.734,585,51,0,0.01
2555,500,26.216799619534406,22.75,23.914,582,52,0,0.01
2556,500,37.94828844786236,21.074,22.22,573,52,0,0.01
2557,500,49.28181392256528,20.99,22.176,593,51,0,0.01
2558,500,-0.31404430674109185,25.534,26.704,585,57,0,0.01
2559,500,16.782649075512946,23.182,24.348,583,51,0,0.01
2560,500,14.969351002487949,22.606,23.722,558,50,0,0.01
2561,500,29.244118757858068,25.092,26.322,615,49,0,0.01
2562,500,46.538038263744454,20.562,21.724,581,54,0,0.01
2563,500,59.029365449403336,21.064,22.314,625,57,0,0.01
2564,500,47.05663003815807,20.226,21.376,575,51,0,0.01
2565,500,34.88047347154273,20.224,21.346,561,55,0,0.01
2566,500,21.856253800413484,20.854,21.952,549,55,0,0.01
2567,500,28.678955961362387,21.432,22.582,575,50,0,0.01
2568,500,39.3417161706025,21.386,22.536,575,47,0,0.01
2569,500,29.98253095842901,22.23,23.4,585,56,0,0.01
2570,500,42.84417604577219,22.144,23.356,606,53,0,0.01
2571,500,35.936032393349464,18.836,19.926,545,56,0,0.01
2572,500,43.854958001694996,21.228,22.412,592,52,0,0.01
2573,500,39.94767995500886,19.284,20.408,562,53,0,0.01
2574,500,10.811273624832964,23.996,25.19,597,52,0,0.01
2575,500,27.36047305315016,21.704,22.836,566,51,0,0.01
2576,500,45.3280822480908,20.018,21.166,574,54,0,0.01
2577,500,33.92356351686225,20.338,21.458,560,55,0,0.01
2578,500,38.243599983058516,20.258,21.356,549,48,0,0.01
2579,500,32.348374781188774,23.166,24.38,607,51,0,0.01
2580,500,49.32119665421923,17.442,18.514,536,51,0,0.01
2581,500,1.7603433082335194,24.034,25.18,573,55,0,0.01
2582,500,-4.821115526066729,22.476,23.544,534,54,0,0.01
2583,500,28.041539434635915,23.906,25.126,610,51,0,0.01
2584,500,15.988520170583806,23.7,24.836,568,47,0,0.01
2585,500,39.73624348475604,20.242,21.36,559,50,0,0.01
2586,500,55.93101201991395,19.21,20.388,589,55,0,0.01
2587,500,42.460925688752276,23.744,24.986,621,51,0,0.01
2588,500,28.230340567723594,23.536,24.734,599,53,0,0.01
2589,500,26.878779548586934,24.442,25.668,613,52,0,0.01
2590,500,23.377171764225157,21.568,22.67,551,46,0,0.01
2591,500,46.910630415144354,20.226,21.39,582,55,0,0.01
2592,500,21.023253779710334,21.594,22.704,555,52,0,0.01
2593,500,43.530063337119586,19.376,20.504,564,53,0,0.01
2594,500,44.535454315080926,18.922,20.034,556,51,0,0.01
2595,500,18.378109826964316,23.578,24.732,577,49,0,0.01
2596,500,45.30056054645289,21.346,22.522,588,52,0,0.01
2597,500,31.917639759318643,23.202,24.42,609,55,0,0.01
2598,500,70.57797690218712,16.902,18.054,576,55,0,0.01
2599,500,5.654379200636033,25.594,26.786,596,50,0,0.01
2600,500,27.98380559344524,20.868,21.998,565,55,0,0.01
2601,500,46.99904372085887,20.95,22.144,597,57,0,0.01
2602,500,39.0700574947045,20.65,21.81,580,52,0,0.01
2603,500,49.74100545254389,18.07,19.168,549,53,0,0.01
2604,500,5.909809746698761,23.388,24.512,562,51,0,0.01
2605,500,10.625568702670916,23.74,24.906,583,51,0,0.01
2606,500,30.010763739520794,22.116,23.298,591,54,0,0.01
2607,500,32.54316448004905,23.13,24.354,612,54,0,0.01
2608,500,36.571208702609184,19.458,20.566,554,53,0,0.01
2609,500,50.130289312627504,21.162,22.368,603,54,0,0.01
2610,500,11.56545037639063,23.566,24.722,578,53,0,0.01
2611,500,-12.568313063048052,27.084,28.226,571,48,0,0.01
2612,500,18.682313187822228,25.01,26.228,609,53,0,0.01
2613,500,58.9755729075549,18.924,20.07,573,52,0,0.01
2614,500,24.084196677087135,23.348,24.53,591,51,0,0.01
2615,500,30.063350847086777,22.742,23.928,593,54,0,0.01
2616,500,36.7679950209818,20.252,21.356,552,50,0,0.01
2617,500,41.18607521771954,20.63,21.786,578,52,0,0.01
2618,500,43.83681661439216,19.12,20.216,548,52,0,0.01
2619,500,45.20958380939496,18.834,19.95,558,53,0,0.01
2620,500,42.61474180945707,20.17,21.322,576,53,0,0.01
2621,500,6.368533951706226,27.12,28.348,614,48,0,0.01
2622,500,28.267194546665166,22.628,23.78,576,51,0,0.01
2623,500,63.900762101989756,18.618,19.79,586,53,0,0.01
2624,500,52.085807884380365,18.486,19.6,557,51,0,0.01
2625,500,38.00313954648394,22.046,23.224,589,50,0,0.01
2626,500,47.10696276694629,19.392,20.546,577,57,0,0.01
2627,500,43.7550721779239,20.078,21.23,576,57,0,0.01
2628,500,50.31083724250475,19.096,20.226,565,51,0,0.01
2629,500,-12.475241022528335,25.232,26.354,561,49,0,0.01
2630,500,36.57911442850023,23.556,24.82,632,56,0,0.01
2631,500,50.07049729996421,17.69,18.784,547,52,0,0.01
2632,500,20.260446218025013,23.924,25.106,591,49,0,0.01
2633,500,23.946632303277994,21.534,22.664,565,51,0,0.01
2634,500,31.52555587232849,18.64,19.68,520,51,0,0.01
2635,500,41.9232954989368,19.75,20.862,556,51,0,0.01
2636,500,38.47462816561553,21.112,22.276,582,55,0,0.01
2637,500,32.449996208938,20.926,22.048,561,52,0,0.01
2638,500,53.408108341632236,18.716,19.854,569,54,0,0.01
2639,500,60.75499972092146,19.392,20.574,591,53,0,0.01
2640,500,24.753069202402468,23.996,25.208,606,55,0,0.01
2641,500,22.17286774206705,24.722,25.938,608,50,0,0.01
2642,500,16.109959647540315,23.032,24.164,566,53,0,0.01
2643,500,44.00291256319862,21.21,22.396,593,52,0,0.01
2644,500,27.57045984478382,22.074,23.226,576,52,0,0.01
2645,500,16.33726325538032,23.914,25.1,593,53,0,0.01
2646,500,-0.4828344395850479,24.948,26.092,572,51,0,0.01
2647,500,25.9459449974129,23.746,24.96,607,53,0,0.01
2648,500,49.03980757678034,20.038,21.202,582,53,0,0.01
2649,500,32.214710672081765,22.446,23.604,579,51,0,0.01
2650,500,42.20798286076173,23.558,24.784,613,48,0,0.01
2651,500,25.08250975652261,23.922,25.112,595,50,0,0.01
2652,500,28.75782091153028,21.934,23.098,582,51,0,0.01
2653,500,37.225564438624765,21.108,22.26,576,50,0,0.01
2654,500,18.556077064446885,23.374,24.542,584,51,0,0.01
2655,500,16.021105890183875,24.184,25.392,604,51,0,0.01
2656,500,34.77754337652847,20.47,21.592,561,54,0,0.01
2657,500,52.40251154408782,19.314,20.434,560,50,0,0.01
2658,500,43.05605296766698,19.334,20.434,550,50,0,0.01
2659,500,55.26625583754373,19.482,20.648,583,50,0,0.01
2660,500,61.53077441657344,20.51,21.718,604,51,0,0.01
2661,500,30.376924263619806,20.836,21.948,556,50,0,0.01
2662,500,36.847601826583585,21.766,22.944,589,54,0,0.01
2663,500,11.010602857228838,26.69,27.908,609,47,0,0.01
2664,500,40.33138427859952,19.32,20.416,548,48,0,0.01
2665,500,52.24758167065872,19.768,20.936,584,54,0,0.01
2666,500,23.721850445759024,21.624,22.744,560,50,0,0.01
2667,500,20.305357192871803,23.73,24.92,595,53,0,0.01
2668,500,48.1317704136089,20.748,21.904,578,46,0,0.01
2669,500,15.120411387195077,20.876,21.958,541,48,0,0.01
2670,500,30.681096848497546,22.446,23.614,584,53,0,0.01
2671,500,32.642264157477236,19.95,21.022,536,48,0,0.01
2672,500,52.586027542083194,22.352,23.61,629,55,0,0.01
2673,500,24.0981704281446,24.818,26.064,623,54,0,0.01
2674,500,32.84543016346831,20.926,22.08,577,53,0,0.01
2675,500,46.848896978919896,20.252,21.412,580,50,0,0.01
2676,500,52.30385167191924,19.578,20.762,592,56,0,0.01
2677,500,45.02310886570531,20.202,21.382,590,59,0,0.01
2678,500,36.88080304142842,20.46,21.604,572,50,0,0.01
2679,500,42.94267048661564,20.696,21.864,584,55,0,0.01
2680,500,34.49184239522149,22.232,23.396,582,51,0,0.01
2681,500,29.425405286900677,20.492,21.588,548,50,0,0.01
2682,500,20.443454346263145,23.158,24.306,574,50,0,0.01
2683,500,40.97197208314064,19.344,20.46,558,51,0,0.01
2684,500,40.094205355213546,20.466,21.616,575,54,0,0.01
2685,500,26.139972323519117,22.834,23.984,575,48,0,0.01
2686,500,20.718118868650684,25.236,26.47,617,50,0,0.01
2687,500,17.415406867434285,23.284,24.43,573,51,0,0.01
2688,500,9.63174321708866,25.122,26.314,596,50,0,0.01
2689,500,-0.5838198547694158,25.258,26.404,573,48,0,0.01
2690,500,25.94814418023957,20.886,22.002,558,54,0,0.01
2691,500,21.670795732474634,20.258,21.352,547,51,0,0.01
2692,500,38.4617847819515,18.036,19.094,529,53,0,0.01
2693,500,28.581654086254883,21.95,23.104,577,53,0,0.01
2694,500,-12.220590110270956,25.772,26.886,557,51,0,0.01
2695,500,27.46847481490011,20.742,21.822,540,46,0,0.01
2696,500,-3.586001776544693,24.456,25.586,565,51,0,0.01
2697,500,22.902759367884357,20.66,21.714,527,45,0,0.01
2698,500,-9.111863754138412,29.464,30.71,623,50,0,0.01
2699,500,15.42331959571667,23.798,24.974,588,52,0,0.01
2700,500,11.121349449934288,22.882,24.018,568,51,0,0.01
2701,500,17.08003929950179,22.68,23.826,573,54,0,0.01
2702,500,52.48988355408055,17.588,18.674,543,49,0,0.01
2703,500,35.309665840471226,20.99,22.126,568,51,0,0.01
2704,500,13.77851221524772,22.386,23.526,570,53,0,0.01
2705,500,28.121142983969012,21.898,23.062,582,50,0,0.01
2706,500,38.47296176237116,21.582,22.752,585,52,0,0.01
2707,500,20.838012436396752,21.836,22.96,562,54,0,0.01
2708,500,31.912420568691452,20.18,21.304,562,53,0,0.01
2709,500,-0.23059243238833416,23.882,24.994,556,53,0,0.01
2710,500,29.571871745031515,24.52,25.77,625,52,0,0.01
2711,500,33.58914427032902,21.694,22.864,585,54,0,0.01
2712,500,14.357408264586827,23.236,24.386,575,53,0,0.01
2713,500,40.69870920234073,19.766,20.894,564,54,0,0.01
2714,500,5.1592549832577035,24.398,25.538,570,50,0,0.01
2715,500,22.1791627505188,22.898,24.03,566,50,0,0.01
2716,500,50.99891997055616,20.594,21.788,597,56,0,0.01
2717,500,6.770180199025758,24.688,25.882,597,57,0,0.01
2718,500,30.675468628590803,22.162,23.332,585,52,0,0.01
2719,500,40.54930431583569,20.068,21.228,580,53,0,0.01
2720,500,19.01936767631921,25.016,26.238,611,56,0,0.01
2721,500,11.040632794259082,22.834,23.954,560,52,0,0.01
2722,500,62.704151473602266,18.926,20.096,585,55,0,0.01
2723,500,25.145528086423397,22.468,23.628,580,54,0,0.01
2724,500,9.355494360737017,23.034,24.17,568,51,0,0.01
2725,500,12.786682702795558,23.542,24.72,589,50,0,0.01
2726,500,35.33507107494503,23.106,24.306,600,50,0,0.01
2727,500,52.90998088765071,18.656,19.796,570,55,0,0.01
2728,500,16.234989690251005,22.106,23.21,552,52,0,0.01
2729,500,33.37927097033788,21.73,22.882,576,52,0,0.01
2730,500,43.8087409694696,21.91,23.142,616,53,0,0.01
2731,500,48.770062804732135,19.548,20.714,583,54,0,0.01
2732,500,17.312290823774816,22.466,23.626,580,57,0,0.01
2733,500,10.129427609541729,24.544,25.708,582,52,0,0.01
2734,500,33.77024875337734,20.652,21.784,566,52,0,0.01
2735,500,17.010125117069443,21.596,22.704,554,56,0,0.01
2736,500,3.3477400613883885,27.312,28.512,600,48,0,0.01
2737,500,41.140855190307185,20.468,21.6,566,52,0,0.01
2738,500,47.79208068314831,19.336,20.456,560,52,0,0.01
2739,500,18.47718133829891,23.03,24.186,578,54,0,0.01
2740,500,-44.59697539073951,30.188,31.342,577,49,0,0.01
2741,500,24.549397936540547,21.694,22.802,554,52,0,0.01
2742,500,17.706481565651288,24.722,25.928,603,54,0,0.01
2743,500,14.156272263974632,25.386,26.6,607,50,0,0.01
2744,500,13.08894203020579,25.966,27.18,607,52,0,0.01
2745,500,32.930016307865486,22.25,23.406,578,50,0,0.01
2746,500,40.097363118099445,19.508,20.612,552,51,0,0.01
2747,500,24.656609159442787,22.472,23.616,572,54,0,0.01
2748,500,17.689484060670694,24.496,25.692,598,54,0,0.01
2749,500,62.3944949364406,17.252,18.382,565,53,0,0.01
2750,500,47.60783895453418,21.228,22.432,602,55,0,0.01
2751,500,41.4576922125951,20.534,21.702,584,53,0,0.01
2752,500,45.113649543626195,18.52,19.594,537,50,0,0.01
2753,500,26.879775907017628,22.546,23.724,589,54,0,0.01
2754,500,-11.141952143388504,25.478,26.594,558,49,0,0.01
2755,500,46.268870562187374,20.972,22.182,605,58,0,0.01
2756,500,16.944213785939596,21.05,22.124,537,52,0,0.01
2757,500,25.484888246998285,23.64,24.816,588,52,0,0.01
2758,500,50.64254178768057,19.316,20.478,581,57,0,0.01
2759,500,26.051469299750714,25.118,26.366,624,50,0,0.01
2760,500,56.57776082394411,17.14,18.238,549,54,0,0.01
2761,500,19.989932070831436,26.114,27.364,625,53,0,0.01
2762,500,44.2921630756197,19.402,20.524,561,53,0,0.01
2763,500,4.592635505751513,25.654,26.852,599,52,0,0.01
2764,500,0.909194897836174,26.274,27.458,592,50,0,0.01
2765,500,26.25194551420929,21.484,22.628,572,52,0,0.01
2766,500,35.837249417260445,19.836,20.946,555,52,0,0.01
2767,500,29.427762252278864,21.352,22.478,563,49,0,0.01
2768,500,35.09457660612165,21.518,22.676,579,54,0,0.01
2769,500,55.71484371147112,21.066,22.312,623,54,0,0.01
2770,500,31.472291717557432,20.184,21.298,557,51,0,0.01
2771,500,54.11151891515108,17.384,18.474,545,52,0,0.01
2772,500,58.0451055804191,19.022,20.192,585,54,0,0.01
2773,500,49.36113219292159,22.064,23.296,616,51,0,0.01
2774,500,14.784006426191748,22.388,23.516,564,52,0,0.01
2775,500,58.37305477489785,19.432,20.622,595,56,0,0.01
2776,500,40.19629036181124,18.728,19.826,549,57,0,0.01
2777,500,48.64417741494479,19.048,20.184,568,55,0,0.01
2778,500,41.07223941647982,21.436,22.62,592,54,0,0.01
2779,500,33.85313707216773,21.552,22.718,583,53,0,0.01
2780,500,34.86415627003582,21.39,22.534,572,50,0,0.01
2781,500,23.500404650997467,24.328,25.54,606,52,0,0.01
2782,500,50.91013541393353,18.83,19.98,575,56,0,0.01
2783,500,57.978483169835464,17.278,18.366,544,50,0,0.01
2784,500,39.12816633292598,17.578,18.608,515,48,0,0.01
2785,500,34.38468246561931,21.152,22.296,572,52,0,0.01
2786,500,36.283995844340566,21.836,23.016,590,53,0,0.01
2787,500,39.72840256709391,19.314,20.42,553,53,0,0.01
2788,500,36.57366890096994,20.766,21.912,573,55,0,0.01
2789,500,37.998868677256,20.944,22.098,577,54,0,0.01
2790,500,38.713641533457405,23.154,24.39,618,51,0,0.01
2791,500,23.138130876671884,23.242,24.386,572,50,0,0.01
2792,500,33.29280234445331,21.058,22.188,565,51,0,0.01
2793,500,46.450047502238164,20.572,21.736,582,54,0,0.01
2794,500,55.325065496558935,17.654,18.742,544,49,0,0.01
2795,500,53.73993663711069,19.3,20.466,583,55,0,0.01
2796,500,38.455830248427745,21.078,22.226,574,50,0,0.01
2797,500,44.934634008030585,19.846,20.974,564,52,0,0.01
2798,500,7.586708491939193,24.964,26.146,591,50,0,0.01
2799,500,38.06035786914375,23.804,25.054,625,51,0,0.01
2800,500,24.543779975293845,21.36,22.468,554,49,0,0.01
2801,500,44.462200323768464,22.362,23.574,606,51,0,0.01
2802,387,-36.852622171573486,26.940568475452196,28.046511627906977,428,39,1,0.01
2803,500,32.37701659156003,20.282,21.428,573,56,0,0.01
2804,500,37.1133540059893,21.68,22.844,582,54,0,0.01
2805,500,55.64778849801913,18.63,19.768,569,52,0,0.01
2806,500,59.96720946897056,20.328,21.556,614,56,0,0.01
2807,500,44.442155291275874,19.962,21.09,564,52,0,0.01
2808,500,34.231786990073985,18.662,19.728,533,50,0,0.01
2809,500,39.45945159016208,20.598,21.752,577,54,0,0.01
2810,500,36.420282326864786,21.498,22.636,569,49,0,0.01
2811,500,51.56142310511714,18.43,19.542,556,52,0,0.01
2812,500,12.557015127186016,25.384,26.604,610,55,0,0.01
2813,500,56.21186831777057,19.0,20.18,590,56,0,0.01
2814,500,40.89850136720283,21.91,23.126,608,54,0,0.01
2815,500,20.1882647882684,18.968,19.956,494,49,0,0.01
2816,500,41.64292329724863,20.35,21.502,576,51,0,0.01
2817,500,32.780694137023026,23.12,24.31,595,51,0,0.01
2818,500,55.78978526973035,18.088,19.21,561,55,0,0.01
2819,500,21.88030168420853,23.772,24.968,598,53,0,0.01
2820,500,29.520278386009778,19.508,20.562,527,51,0,0.01
2821,500,33.55405992761445,22.604,23.81,603,56,0,0.01
2822,500,46.846684281164485,19.612,20.756,572,53,0,0.01
2823,500,33.20250591086904,19.914,21.028,557,53,0,0.01
2824,500,38.18274241123077,21.562,22.734,586,51,0,0.01
2825,500,55.52662729764811,19.776,20.954,589,55,0,0.01
2826,500,37.75674883982832,19.598,20.722,562,54,0,0.01
2827,500,36.65514531951275,19.232,20.308,538,51,0,0.01
2828,500,25.059698729372318,23.4,24.572,586,53,0,0.01
2829,500,54.02404367217574,18.654,19.774,560,52,0,0.01
2830,500,57.57426323251246,17.952,19.056,552,51,0,0.01
2831,500,37.705746066226446,18.978,20.07,546,54,0,0.01
2832,500,59.06775182262659,19.424,20.602,589,52,0,0.01
2833,500,20.452634707170372,25.874,27.148,637,55,0,0.01
2834,500,55.040700702228435,17.658,18.784,563,55,0,0.01
2835,500,32.9346064883191,23.618,24.832,607,50,0,0.01
2836,500,34.57724920806417,20.55,21.678,564,54,0,0.01
2837,500,42.89048540593782,20.908,22.106,599,60,0,0.01
2838,500,40.72094641526861,22.902,24.136,617,55,0,0.01
2839,500,53.220131779640994,20.674,21.892,609,55,0,0.01
2840,137,-44.19199406445864,28.21897810218978,29.145985401459853,127,13,1,0.01
2841,500,55.97595441712305,19.926,21.078,576,48,0,0.01
2842,500,36.46289788829361,20.112,21.232,560,50,0,0.01
2843,500,66.50553396704244,18.486,19.654,584,52,0,0.01
2844,500,34.304419130132565,21.684,22.84,578,50,0,0.01
2845,500,39.91060989782431,20.366,21.514,574,56,0,0.01
2846,500,12.549906452680059,26.61,27.836,613,50,0,0.01
2847,500,21.610492103931428,20.088,21.154,533,54,0,0.01
2848,500,53.43850252717922,19.516,20.68,582,53,0,0.01
2849,500,40.124682256423064,21.85,23.02,585,51,0,0.01
2850,500,58.82701310946643,20.69,21.934,622,56,0,0.01
2851,500,46.114927434911145,20.656,21.832,588,57,0,0.01
2852,500,36.54821562946466,22.502,23.684,591,51,0,0.01
2853,500,36.00620759131599,24.104,25.36,628,51,0,0.01
2854,500,26.80898911645727,23.714,24.902,594,51,0,0.01
2855,500,42.665600315436194,20.558,21.734,588,54,0,0.01
2856,500,32.63000110057305,21.308,22.444,568,51,0,0.01
2857,500,34.43081678218211,19.882,20.986,552,54,0,0.01
2858,500,42.686003083908176,20.502,21.66,579,54,0,0.01
2859,500,34.0763044661248,22.686,23.858,586,50,0,0.01
2860,500,53.80301716535388,18.582,19.69,554,48,0,0.01
2861,500,55.31666102333448,19.294,20.454,580,53,0,0.01
2862,500,22.674200995965926,19.972,21.04,534,51,0,0.01
2863,500,43.40298538159629,19.79,20.936,573,53,0,0.01
2864,500,37.368633282037905,22.87,24.062,596,49,0,0.01
2865,500,45.46209709078584,21.882,23.102,610,55,0,0.01
2866,500,29.961674869768686,21.738,22.882,572,51,0,0.01
2867,500,27.715624638041046,20.516,21.608,546,52,0,0.01
2868,500,53.882232202727465,19.168,20.334,583,55,0,0.01
2869,500,48.66035034882894,17.694,18.778,542,50,0,0.01
2870,500,43.14420851411607,19.436,20.548,556,50,0,0.01
2871,500,24.13569445189981,25.344,26.582,619,51,0,0.01
2872,500,30.877532433282077,22.084,23.238,577,52,0,0.01
2873,500,40.373910768356644,21.974,23.166,596,55,0,0.01
2874,500,37.09692331283979,22.428,23.618,595,53,0,0.01
2875,500,58.694767902998436,18.84,19.996,578,52,0,0.01
2876,500,40.04468693886176,22.95,24.15,600,50,0,0.01
2877,500,46.871419470824584,20.298,21.466,584,52,0,0.01
2878,500,40.03975302721144,16.826,17.84,507,52,0,0.01
2879,500,29.620277701423493,21.06,22.15,545,46,0,0.01
2880,500,45.95307093297028,18.802,19.924,561,53,0,0.01
2881,500,42.06518203527403,22.364,23.568,602,50,0,0.01
2882,500,25.803944969433005,20.73,21.848,559,54,0,0.01
2883,500,34.78997447464425,22.762,23.956,597,52,0,0.01
2884,500,40.96445437935513,23.296,24.52,612,50,0,0.01
2885,500,42.43505622904774,20.07,21.234,582,54,0,0.01
2886,500,27.004826467048442,21.504,22.658,577,53,0,0.01
2887,500,46.49136791133076,20.676,21.852,588,55,0,0.01
2888,500,19.270537611814028,21.67,22.792,561,56,0,0.01
2889,500,43.70958413258607,19.36,20.464,552,53,0,0.01
2890,500,17.723241828686554,24.222,25.418,598,49,0,0.01
2891,500,34.375680404583655,22.012,23.176,582,52,0,0.01
2892,500,41.42612662501457,21.576,22.75,587,52,0,0.01
2893,500,48.77317953297798,18.798,19.922,562,57,0,0.01
2894,500,47.38180998171031,18.968,20.086,559,56,0,0.01
2895,500,20.55790825263412,23.008,24.188,590,54,0,0.01
2896,500,45.18900925358883,22.374,23.614,620,54,0,0.01
2897,500,38.544796851044644,19.292,20.384,546,51,0,0.01
2898,500,24.353889509452877,23.076,24.27,597,53,0,0.01
2899,500,41.150743374399624,20.864,22.038,587,51,0,0.01
2900,500,-4.9316255232089725,25.978,27.162,592,53,0,0.01
2901,500,15.791136264400011,22.102,23.202,550,52,0,0.01
2902,500,49.40120548670927,19.818,20.986,584,54,0,0.01
2903,500,39.51281132914221,22.078,23.294,608,53,0,0.01
2904,500,34.06008659494961,19.702,20.81,554,52,0,0.01
2905,500,26.355473843416945,23.078,24.246,584,52,0,0.01
2906,500,43.48957775778364,20.806,21.98,587,54,0,0.01
2907,500,17.823166077211294,22.634,23.734,550,45,0,0.01
2908,500,45.35513272210672,20.736,21.958,611,57,0,0.01
2909,500,38.94841219816507,21.438,22.58,571,46,0,0.01
2910,500,26.0920581120693,24.132,25.344,606,53,0,0.01
2911,500,40.99859040067048,20.422,21.562,570,53,0,0.01
2912,500,55.95103327881777,18.2,19.33,565,50,0,0.01
2913,500,42.60957781478107,21.428,22.604,588,54,0,0.01
2914,500,36.1793576650595,21.708,22.922,607,58,0,0.01
2915,500,53.79655737195928,20.278,21.464,593,52,0,0.01
2916,500,34.17814197211708,20.272,21.374,551,50,0,0.01
2917,500,49.437547203388604,21.172,22.396,612,57,0,0.01
2918,500,38.441117251822774,21.054,22.238,592,55,0,0.01
2919,500,12.013715682823698,21.366,22.436,535,47,0,0.01
2920,500,0.09648350758006163,25.496,26.698,601,52,0,0.01
2921,500,36.761452511924645,21.388,22.564,588,50,0,0.01
2922,500,31.098692949066802,22.474,23.632,579,48,0,0.01
2923,500,33.24609795979075,17.824,18.832,504,47,0,0.01
2924,500,28.380896338942122,21.54,22.654,557,48,0,0.01
2925,500,32.40265906797935,23.156,24.37,607,52,0,0.01
2926,500,19.478682956600473,22.472,23.596,562,50,0,0.01
2927,500,36.122201540742154,20.666,21.79,562,51,0,0.01
2928,500,25.210862347062125,22.13,23.27,570,51,0,0.01
2929,500,32.08989345134545,19.66,20.746,543,50,0,0.01
2930,500,11.22647172538386,23.364,24.526,581,56,0,0.01
2931,500,46.34953266829366,17.792,18.876,542,51,0,0.01
2932,500,36.736686546284396,20.864,22.016,576,54,0,0.01
2933,500,48.527871156684256,18.624,19.738,557,50,0,0.01
2934,450,-9.703276873524503,24.67111111111111,25.833333333333332,523,52,1,0.01
2935,500,42.56870046721689,21.95,23.146,598,53,0,0.01
2936,500,25.087663492538645,22.694,23.872,589,56,0,0.01
2937,500,50.339297006881914,19.77,20.928,579,53,0,0.01
2938,500,28.220554970231582,22.56,23.736,588,54,0,0.01
2939,500,34.57023286149855,21.258,22.408,575,48,0,0.01
2940,500,44.42146398755842,19.562,20.688,563,52,0,0.01
2941,500,47.41654684710547,20.448,21.638,595,55,0,0.01
2942,500,33.67651692670394,21.032,22.138,553,47,0,0.01
2943,500,38.92278323667458,22.048,23.244,598,50,0,0.01
2944,500,52.52292324025129,19.684,20.856,586,52,0,0.01
2945,500,30.115308944479267,21.702,22.862,580,55,0,0.01
2946,500,25.21895076532963,23.742,24.908,583,49,0,0.01
2947,500,32.2592741696092,24.666,25.928,631,50,0,0.01
2948,500,30.03669149491683,21.908,23.056,574,49,0,0.01
2949,500,40.27687626479233,22.048,23.266,609,52,0,0.01
2950,500,25.275292577210482,23.13,24.334,602,55,0,0.01
2951,500,49.83894659648499,19.152,20.282,565,51,0,0.01
2952,500,41.827855587996616,19.736,20.866,565,57,0,0.01
2953,294,-3.8569925276614154,20.537414965986393,21.60544217687075,314,28,1,0.01
2954,500,19.419038467828685,22.766,23.91,572,49,0,0.01
2955,500,37.37572143922383,21.764,22.944,590,53,0,0.01
2956,500,39.245884491434204,20.468,21.608,570,50,0,0.01
2957,500,49.32906834786143,18.18,19.278,549,52,0,0.01
2958,500,22.486564908902757,23.14,24.298,579,51,0,0.01
2959,500,26.516464093238934,22.544,23.714,585,51,0,0.01
2960,500,12.659223884086416,24.018,25.178,580,51,0,0.01
2961,500,28.37705827258252,21.118,22.24,561,53,0,0.01
2962,500,52.06506528736272,18.38,19.48,550,50,0,0.01
2963,500,40.66183470607912,20.782,21.956,587,58,0,0.01
2964,500,30.227602092777285,21.698,22.848,575,53,0,0.01
2965,500,31.175087442213776,21.694,22.842,574,55,0,0.01
2966,500,39.05427307277991,19.406,20.506,550,50,0,0.01
2967,500,50.92090010880488,21.592,22.82,614,51,0,0.01
2968,500,50.60108736962531,18.934,20.072,569,54,0,0.01
2969,500,48.65023843771986,20.02,21.182,581,55,0,0.01
2970,500,50.17891134726245,17.492,18.578,543,56,0,0.01
2971,500,33.64109210906144,20.712,21.854,571,55,0,0.01
2972,500,39.89773899444884,21.014,22.166,576,52,0,0.01
2973,500,53.349103121694,20.618,21.808,595,52,0,0.01
2974,500,39.90137059484326,20.492,21.644,576,53,0,0.01
2975,500,53.27664928150704,21.172,22.418,623,57,0,0.01
2976,500,10.00997059078664,21.462,22.54,539,54,0,0.01
2977,500,41.895453839690916,19.74,20.88,570,53,0,0.01
2978,500,28.80212403990579,21.01,22.132,561,53,0,0.01
2979,500,27.743427872533232,23.252,24.45,599,52,0,0.01
2980,500,51.11678939907847,20.128,21.316,594,54,0,0.01
2981,500,46.796248319393634,19.962,21.112,575,53,0,0.01
2982,500,41.633457657364566,20.712,21.842,565,48,0,0.01
2983,500,24.321736592721134,23.26,24.42,580,53,0,0.01
2984,500,37.56061204894936,20.362,21.52,579,54,0,0.01
2985,500,44.32517898820164,18.08,19.16,540,54,0,0.01
2986,500,42.77695865726377,22.082,23.318,618,55,0,0.01
2987,500,59.16068024190579,18.4,19.522,561,49,0,0.01
2988,500,38.015711655953794,21.016,22.16,572,50,0,0.01
2989,500,22.582025337163003,23.022,24.174,576,49,0,0.01
2990,500,36.32672489741203,20.844,22.014,585,56,0,0.01
2991,500,46.83161093869369,19.558,20.694,568,53,0,0.01
2992,500,28.076696234352948,23.634,24.812,589,48,0,0.01
2993,500,51.663267123646804,23.088,24.376,644,55,0,0.01
2994,500,29.440437594731304,20.786,21.878,546,48,0,0.01
2995,500,57.80418156499608,20.312,21.52,604,53,0,0.01
2996,500,37.85368336667873,22.626,23.832,603,52,0,0.01
2997,500,31.05162056976483,21.698,22.862,582,57,0,0.01
2998,500,61.61393775568059,18.378,19.52,571,53,0,0.01
2999,500,30.382356276221312,20.138,21.248,555,52,0,0.01
3000,500,29.113137281364047,20.83,21.982,576,59,0,0.01
