episode,steps,cumulative_reward,average_queue_length,average_waiting_time,total_throughput,phase_switches,overflow_count,epsilon
1,120,-7324.0,60.025,60.21666666666667,23,54,1,1.0
2,160,-11077.0,68.3625,68.7,54,65,1,0.995
3,129,-8345.0,63.72868217054263,63.96124031007752,30,57,1,0.990025
4,128,-9186.0,70.7265625,70.9921875,34,55,1,0.985074875
5,139,-7367.0,52.07194244604317,52.33812949640288,37,59,1,0.9801495006250001
6,144,-11039.0,75.60416666666667,75.84027777777777,34,64,1,0.9752487531218751
7,145,-10015.0,68.18620689655172,68.45517241379311,39,62,1,0.9703725093562657
8,165,-12144.0,72.7939393939394,73.06060606060606,44,72,1,0.9655206468094844
9,142,-9072.0,63.04225352112676,63.309859154929576,38,62,1,0.960693043575437
10,138,-8382.0,59.869565217391305,60.23913043478261,51,56,1,0.9558895783575597
11,184,-12993.0,69.8695652173913,70.21739130434783,64,75,1,0.9511101304657719
12,131,-7829.0,58.847328244274806,59.11450381679389,35,56,1,0.946354579813443
13,130,-8311.0,63.03846153846154,63.34615384615385,40,55,1,0.9416228069143757
14,131,-7324.0,54.954198473282446,55.229007633587784,36,57,1,0.9369146928798039
15,157,-10034.0,63.18471337579618,63.496815286624205,49,66,1,0.9322301194154049
16,156,-10967.0,69.36538461538461,69.69871794871794,52,65,1,0.9275689688183278
17,162,-12606.0,76.88888888888889,77.12345679012346,38,72,1,0.9229311239742362
18,141,-8253.0,57.659574468085104,57.9645390070922,43,59,1,0.918316468354365
19,115,-7268.0,62.15652173913043,62.469565217391306,36,49,1,0.9137248860125932
20,102,-5568.0,53.6078431372549,53.872549019607845,27,44,1,0.9091562615825302
21,138,-9449.0,67.54347826086956,67.84057971014492,41,58,1,0.9046104802746175
22,156,-11597.0,73.40384615384616,73.73076923076923,51,65,1,0.9000874278732445
23,137,-9728.0,70.03649635036497,70.24817518248175,29,61,1,0.8955869907338783
24,129,-8017.0,61.201550387596896,61.44961240310077,32,56,1,0.8911090557802088
25,129,-8000.0,61.03875968992248,61.30232558139535,34,56,1,0.8866535105013078
26,148,-10190.0,68.0,68.3108108108108,46,63,1,0.8822202429488013
27,137,-8508.0,61.21897810218978,61.55474452554745,46,57,1,0.8778091417340573
28,113,-7049.0,61.29203539823009,61.51327433628319,25,50,1,0.8734200960253871
29,103,-5894.0,56.13592233009709,56.29126213592233,16,47,1,0.8690529955452602
30,144,-9406.0,64.40277777777777,64.65277777777777,36,63,1,0.8647077305675338
31,143,-8783.0,60.6013986013986,60.97902097902098,54,57,1,0.8603841919146962
32,126,-8388.0,65.60317460317461,65.85714285714286,32,55,1,0.8560822709551227
33,139,-9653.0,68.55395683453237,68.84172661870504,40,59,1,0.851801859600347
34,126,-8672.0,67.78571428571429,68.02380952380952,30,55,1,0.8475428503023453
35,127,-8017.0,62.07086614173228,62.25196850393701,23,57,1,0.8433051360508336
36,138,-10182.0,72.76086956521739,73.05797101449275,41,59,1,0.8390886103705794
37,149,-10114.0,66.99328859060402,67.31543624161074,48,63,1,0.8348931673187264
38,141,-7601.0,53.269503546099294,53.765957446808514,70,53,1,0.8307187014821328
39,143,-10487.0,72.38461538461539,72.62237762237763,34,62,1,0.8265651079747222
40,159,-10344.0,64.35849056603773,64.80503144654088,71,62,1,0.8224322824348486
41,134,-8720.0,64.13432835820896,64.42537313432835,39,57,1,0.8183201210226743
42,124,-6883.0,54.645161290322584,54.854838709677416,26,56,1,0.8142285204175609
43,134,-8163.0,60.0,60.41044776119403,55,53,1,0.810157377815473
44,125,-8667.0,68.328,68.64,39,52,1,0.8061065909263957
45,119,-7648.0,63.34453781512605,63.69747899159664,42,49,1,0.8020760579717637
46,137,-6913.0,49.76642335766423,50.08029197080292,43,58,1,0.798065677681905
47,149,-9762.0,64.61744966442953,64.8993288590604,42,64,1,0.7940753492934954
48,117,-7456.0,62.598290598290596,62.87179487179487,32,51,1,0.7901049725470279
49,127,-7755.0,60.188976377952756,60.56692913385827,48,52,1,0.7861544476842928
50,166,-11514.0,68.59036144578313,68.93975903614458,58,69,1,0.7822236754458713
51,147,-10538.0,70.84353741496598,71.16326530612245,47,62,1,0.778312557068642
52,136,-9660.0,70.09558823529412,70.32352941176471,31,60,1,0.7744209942832988
53,111,-7181.0,63.54054054054054,63.75675675675676,24,49,1,0.7705488893118823
54,126,-7195.0,56.182539682539684,56.46031746031746,35,54,1,0.7666961448653229
55,117,-7443.0,62.623931623931625,62.888888888888886,31,51,1,0.7628626641409962
56,126,-8034.0,62.80952380952381,63.13492063492063,41,52,1,0.7590483508202912
57,124,-8634.0,68.58064516129032,68.79032258064517,26,55,1,0.7552531090661897
58,123,-8184.0,65.3821138211382,65.58536585365853,25,55,1,0.7514768435208588
59,110,-6100.0,54.481818181818184,54.78181818181818,33,46,1,0.7477194593032545
60,149,-10571.0,70.06040268456375,70.3489932885906,43,63,1,0.7439808620067382
61,101,-5415.0,52.67326732673267,53.00990099009901,34,42,1,0.7402609576967045
62,158,-10249.0,64.0126582278481,64.33544303797468,51,64,1,0.736559652908221
63,151,-9903.0,64.7748344370861,65.11920529801324,52,62,1,0.7328768546436799
64,133,-7540.0,55.94736842105263,56.233082706766915,38,57,1,0.7292124703704616
65,159,-12013.0,74.68553459119497,75.13207547169812,71,61,1,0.7255664080186093
66,147,-11193.0,75.12925170068027,75.35374149659864,33,65,1,0.7219385759785162
67,157,-9818.0,61.70700636942675,62.031847133757964,51,65,1,0.7183288830986236
68,135,-8351.0,61.007407407407406,61.34074074074074,45,56,1,0.7147372386831305
69,131,-7672.0,57.80152671755725,58.16793893129771,48,53,1,0.7111635524897149
70,135,-6979.0,50.94814814814815,51.27407407407407,44,56,1,0.7076077347272662
71,153,-10413.0,67.20261437908496,67.56862745098039,56,63,1,0.7040696960536299
72,129,-8705.0,66.4186046511628,66.56589147286822,19,59,1,0.7005493475733617
73,149,-10735.0,71.11409395973155,71.36912751677852,38,64,1,0.697046600835495
74,136,-8639.0,62.588235294117645,62.8235294117647,32,59,1,0.6935613678313175
75,140,-9314.0,65.67857142857143,65.88571428571429,29,62,1,0.6900935609921609
76,157,-10376.0,65.2484076433121,65.6624203821656,65,62,1,0.6866430931872001
77,122,-7352.0,59.31147540983606,59.64754098360656,41,51,1,0.6832098777212641
78,174,-12301.0,69.97126436781609,70.3735632183908,70,69,1,0.6797938283326578
79,151,-8134.0,53.19205298013245,53.57615894039735,58,61,1,0.6763948591909945
80,134,-7586.0,55.865671641791046,56.3134328358209,60,51,1,0.6730128848950395
81,170,-9626.0,56.082352941176474,56.55882352941177,81,64,1,0.6696478204705644
82,183,-13897.0,75.16939890710383,75.59016393442623,77,72,1,0.6662995813682115
83,154,-11051.0,70.83116883116882,71.11688311688312,44,66,1,0.6629680834613705
84,142,-10666.0,74.09859154929578,74.4225352112676,46,59,1,0.6596532430440636
85,123,-8379.0,67.03252032520325,67.3170731707317,35,52,1,0.6563549768288433
86,133,-9257.0,68.69924812030075,68.9624060150376,35,57,1,0.653073201944699
87,144,-9111.0,62.44444444444444,62.81944444444444,54,58,1,0.6498078359349755
88,118,-7149.0,59.652542372881356,60.03389830508475,45,48,1,0.6465587967553006
89,134,-8898.0,65.41044776119404,65.6044776119403,26,61,1,0.6433260027715241
90,128,-7974.0,61.359375,61.578125,28,57,1,0.6401093727576664
91,137,-9454.0,68.02919708029196,68.38686131386861,49,56,1,0.6369088258938781
92,130,-8343.0,63.16153846153846,63.53076923076923,48,53,1,0.6337242817644086
93,105,-5340.0,50.0,50.43809523809524,46,41,1,0.6305556603555866
94,167,-13479.0,79.88622754491018,80.16766467065868,47,72,1,0.6274028820538087
95,154,-10048.0,64.33116883116882,64.57792207792208,38,68,1,0.6242658676435396
96,134,-8500.0,62.492537313432834,62.75373134328358,35,58,1,0.6211445383053219
97,93,-4028.0,42.38709677419355,42.634408602150536,23,39,1,0.6180388156137953
98,130,-8703.0,65.96923076923076,66.2,30,58,1,0.6149486215357263
99,124,-7564.0,60.104838709677416,60.41935483870968,39,52,1,0.6118738784280476
100,118,-7362.0,61.33050847457627,61.45762711864407,15,55,1,0.6088145090359074
101,117,-6963.0,58.52136752136752,58.85470085470085,39,48,1,0.6057704364907278
102,124,-6329.0,50.17741935483871,50.54838709677419,46,50,1,0.6027415843082742
103,105,-5893.0,55.095238095238095,55.40952380952381,33,44,1,0.5997278763867329
104,150,-9960.0,65.56666666666666,65.98,62,58,1,0.5967292370047992
105,179,-12811.0,70.8268156424581,71.24022346368714,74,70,1,0.5937455908197752
106,111,-6436.0,56.972972972972975,57.26126126126126,32,48,1,0.5907768628656763
107,148,-11534.0,76.95945945945945,77.21621621621621,38,64,1,0.5878229785513479
108,153,-10206.0,65.81045751633987,65.98039215686275,26,70,1,0.5848838636585911
109,148,-10286.0,68.60810810810811,68.85135135135135,36,64,1,0.5819594443402982
110,153,-8574.0,55.27450980392157,55.72549019607843,69,59,1,0.5790496471185967
111,148,-9226.0,61.57432432432432,61.91891891891892,51,60,1,0.5761543988830038
112,141,-10103.0,70.73049645390071,71.02836879432624,42,59,1,0.5732736268885887
113,151,-9692.0,63.4635761589404,63.90066225165563,66,59,1,0.5704072587541458
114,138,-9313.0,66.57971014492753,66.8840579710145,42,59,1,0.567555222460375
115,154,-10105.0,64.79220779220779,65.0909090909091,46,66,1,0.5647174463480732
116,117,-7241.0,60.93162393162393,61.39316239316239,54,44,1,0.5618938591163328
117,128,-6545.0,50.296875,50.609375,40,54,1,0.5590843898207511
118,137,-6984.0,50.24817518248175,50.67153284671533,58,54,1,0.5562889678716474
119,115,-5426.0,46.36521739130435,46.80869565217391,51,44,1,0.5535075230322891
120,125,-7918.0,62.456,62.84,48,50,1,0.5507399854171277
121,102,-5062.0,48.745098039215684,48.950980392156865,21,45,1,0.547986285490042
122,124,-6887.0,54.766129032258064,55.185483870967744,52,49,1,0.5452463540625918
123,148,-8739.0,58.222972972972975,58.560810810810814,50,62,1,0.5425201222922789
124,136,-7759.0,56.294117647058826,56.74264705882353,61,53,1,0.5398075216808175
125,140,-7951.0,56.07142857142857,56.52142857142857,63,54,1,0.5371084840724134
126,140,-8614.0,60.69285714285714,61.07142857142857,53,57,1,0.5344229416520513
127,164,-10870.0,65.57926829268293,66.03658536585365,75,63,1,0.531750826943791
128,129,-8437.0,64.51937984496124,64.90697674418605,50,52,1,0.5290920728090721
129,116,-5782.0,49.10344827586207,49.474137931034484,43,47,1,0.5264466124450268
130,128,-6297.0,48.4296875,48.7890625,46,52,1,0.5238143793828016
131,107,-6107.0,56.09345794392523,56.42056074766355,35,44,1,0.5211953074858876
132,141,-8956.0,62.680851063829785,63.0709219858156,55,57,1,0.5185893309484582
133,153,-9778.0,63.13725490196079,63.51633986928105,58,62,1,0.5159963842937159
134,151,-8963.0,58.57615894039735,58.94039735099338,55,62,1,0.5134164023722473
135,148,-8978.0,59.932432432432435,60.317567567567565,57,60,1,0.510849320360386
136,168,-10344.0,60.773809523809526,61.166666666666664,66,68,1,0.5082950737585841
137,145,-8789.0,59.84137931034483,60.26896551724138,62,57,1,0.5057535983897912
138,148,-8090.0,54.04054054054054,54.601351351351354,83,53,1,0.5032248303978422
139,159,-10756.0,66.83018867924528,67.15723270440252,52,66,1,0.500708706245853
140,114,-6168.0,53.26315789473684,53.675438596491226,47,45,1,0.4982051627146237
141,107,-5130.0,47.149532710280376,47.57943925233645,46,42,1,0.49571413690105054
142,137,-9039.0,65.11678832116789,65.5036496350365,53,53,1,0.4932355662165453
143,177,-10283.0,57.440677966101696,57.847457627118644,72,71,1,0.4907693883854626
144,142,-8323.0,57.86619718309859,58.32394366197183,65,54,1,0.4883155414435353
145,119,-6041.0,49.88235294117647,50.21848739495798,40,50,1,0.4858739637363176
146,165,-9869.0,59.06666666666667,59.47878787878788,68,65,1,0.483444593917636
147,104,-4274.0,40.28846153846154,40.64423076923077,37,42,1,0.4810273709480478
148,188,-12231.0,64.43085106382979,64.89893617021276,88,72,1,0.47862223409330756
149,127,-8748.0,67.88188976377953,68.16535433070867,36,54,1,0.47622912292284103
150,145,-8609.0,58.737931034482756,59.255172413793105,75,54,1,0.4738479773082268
151,102,-5265.0,50.64705882352941,50.950980392156865,31,43,1,0.47147873742168567
152,146,-8197.0,55.54109589041096,56.16438356164384,91,49,1,0.46912134373457726
153,126,-7503.0,58.69047619047619,59.07936507936508,49,51,1,0.46677573701590436
154,183,-12416.0,67.2896174863388,67.7431693989071,83,70,1,0.46444185833082485
155,184,-13026.0,70.08695652173913,70.47826086956522,72,74,1,0.46211964903917074
156,117,-6147.0,51.77777777777778,52.282051282051285,59,44,1,0.4598090507939749
157,155,-8645.0,55.05806451612903,55.52903225806452,73,58,1,0.457510005540005
158,128,-7679.0,59.140625,59.5625,54,51,1,0.45522245551230495
159,114,-5717.0,49.35087719298246,49.79824561403509,51,42,1,0.4529463432347434
160,181,-10555.0,57.71270718232044,58.209944751381215,90,65,1,0.4506816115185697
161,161,-9405.0,57.77639751552795,58.254658385093165,77,59,1,0.4484282034609769
162,173,-10049.0,57.48554913294798,58.040462427745666,96,63,1,0.446186062443672
163,114,-6264.0,54.026315789473685,54.39473684210526,42,47,1,0.4439551321314536
164,142,-8056.0,55.95774647887324,56.33802816901409,54,58,1,0.4417353564707963
165,139,-7528.0,53.52517985611511,54.10071942446043,80,50,1,0.43952667968844233
166,88,-3759.0,41.81818181818182,42.19318181818182,33,34,1,0.43732904629000013
167,135,-7917.0,57.93333333333333,58.355555555555554,57,53,1,0.4351424010585501
168,134,-7864.0,57.865671641791046,58.38805970149254,70,49,1,0.43296668905325736
169,114,-6882.0,59.42982456140351,59.93859649122807,58,42,1,0.43080185560799106
170,169,-9713.0,56.85207100591716,57.37869822485207,89,61,1,0.4286478463299511
171,128,-7027.0,54.1328125,54.6953125,72,45,1,0.42650460709830135
172,133,-10017.0,74.26315789473684,74.63157894736842,49,54,1,0.42437208406280985
173,91,-4927.0,53.08791208791209,53.34065934065934,23,39,1,0.4222502236424958
174,129,-7046.0,53.674418604651166,53.945736434108525,35,55,1,0.42013897252428334
175,159,-11686.0,72.59119496855345,72.79245283018868,32,68,1,0.4180382776616619
176,120,-7255.0,59.4,59.56666666666667,20,55,1,0.4159480862733536
177,160,-8797.0,54.2875,54.63125,55,64,1,0.41386834584198684
178,103,-5864.0,55.883495145631066,56.19417475728155,32,42,1,0.4117990041127769
179,144,-9599.0,65.70833333333333,65.97916666666667,39,62,1,0.40974000909221303
180,142,-7169.0,49.74647887323944,50.147887323943664,57,54,1,0.40769130904675194
181,132,-8822.0,65.88636363636364,66.1590909090909,36,54,1,0.40565285250151817
182,128,-5862.0,45.1484375,45.7265625,74,44,1,0.4036245882390106
183,133,-7879.0,58.34586466165413,58.69172932330827,46,53,1,0.4016064652978155
184,110,-5772.0,51.61818181818182,51.95454545454545,37,43,1,0.3995984329713264
185,127,-7943.0,61.67716535433071,61.92913385826772,32,55,1,0.3976004408064698
186,151,-9985.0,65.44370860927152,65.93377483443709,74,55,1,0.39561243860243744
187,117,-5939.0,49.92307692307692,50.41025641025641,57,43,1,0.3936343764094253
188,95,-4971.0,51.357894736842105,51.73684210526316,36,38,1,0.39166620452737816
189,178,-10010.0,55.741573033707866,56.48314606741573,132,56,1,0.3897078735047413
190,163,-9659.0,58.56441717791411,59.079754601226995,84,61,1,0.3877593341372176
191,144,-7977.0,54.6875,55.21527777777778,76,52,1,0.3858205374665315
192,139,-7565.0,53.69064748201439,54.280575539568346,82,49,1,0.38389143477919885
193,113,-6080.0,52.94690265486726,53.43362831858407,55,42,1,0.3819719776053028
194,135,-8439.0,61.681481481481484,62.13333333333333,61,51,1,0.3800621177172763
195,125,-5832.0,45.816,46.232,52,48,1,0.37816180712868996
196,155,-8372.0,53.354838709677416,53.81290322580645,71,59,1,0.37627099809304654
197,104,-5482.0,51.75,52.15384615384615,42,40,1,0.3743896431025813
198,168,-10075.0,59.30357142857143,59.74404761904762,74,65,1,0.37251769488706843
199,115,-5755.0,49.208695652173915,49.7304347826087,60,41,1,0.3706551064126331
200,133,-6780.0,50.278195488721806,50.774436090225564,66,50,1,0.36880183088056995
201,168,-10762.0,63.464285714285715,64.01785714285714,93,60,1,0.3669578217261671
202,120,-6374.0,52.34166666666667,52.86666666666667,63,44,1,0.36512303261753626
203,104,-4743.0,44.78846153846154,45.29807692307692,53,39,1,0.3632974174544486
204,143,-8269.0,57.07692307692308,57.53846153846154,66,54,1,0.3614809303671764
205,139,-8707.0,61.81294964028777,62.21582733812949,56,56,1,0.3596735257153405
206,150,-7356.0,48.36,48.84,72,56,1,0.3578751580867638
207,136,-6635.0,48.095588235294116,48.595588235294116,68,51,1,0.35608578229633
208,133,-8483.0,62.93984962406015,63.38345864661654,59,50,1,0.3543053533848483
209,148,-9283.0,61.96621621621622,62.520270270270274,82,52,1,0.35253382661792404
210,124,-6080.0,48.29032258064516,48.70967741935484,52,46,1,0.3507711574848344
211,106,-5113.0,47.33018867924528,47.783018867924525,48,40,1,0.34901730169741024
212,137,-7866.0,56.64963503649635,56.941605839416056,40,58,1,0.3472722151889232
213,117,-7817.0,65.78632478632478,66.09401709401709,36,50,1,0.3455358541129786
214,169,-10655.0,62.35502958579882,62.75739644970414,68,68,1,0.3438081748424137
215,109,-6052.0,54.522935779816514,54.84403669724771,35,46,1,0.3420891339682016
216,145,-7936.0,54.02758620689655,54.4,54,59,1,0.3403786882983606
217,151,-7765.0,50.6953642384106,51.17218543046358,72,58,1,0.3386767948568688
218,130,-6595.0,49.96923076923077,50.36923076923077,52,52,1,0.33698341088258443
219,151,-9369.0,61.22516556291391,61.5364238410596,47,64,1,0.3352984938281715
220,119,-7462.0,61.66386554621849,61.91596638655462,30,52,1,0.33362200135903064
221,109,-5757.0,51.862385321100916,52.14678899082569,31,46,1,0.33195389135223546
222,167,-11098.0,65.62874251497006,65.94610778443113,53,68,1,0.3302941218954743
223,146,-8012.0,54.1986301369863,54.82876712328767,92,49,1,0.32864265128599696
224,134,-6664.0,49.082089552238806,49.57462686567164,66,50,1,0.326999438029567
225,103,-4678.0,44.63106796116505,45.116504854368934,50,37,1,0.3253644408394192
226,123,-5481.0,43.91869918699187,44.40650406504065,60,46,1,0.3237376186352221
227,109,-5372.0,48.46788990825688,48.908256880733944,48,42,1,0.322118930542046
228,117,-6630.0,55.76068376068376,56.29059829059829,62,43,1,0.32050833588933575
229,185,-10780.0,57.7027027027027,58.26486486486486,104,63,1,0.31890579420988907
230,153,-9336.0,60.35947712418301,60.79738562091503,67,59,1,0.3173112652388396
231,147,-8662.0,58.16326530612245,58.53741496598639,55,59,1,0.3157247089126454
232,144,-10198.0,69.90972222222223,70.20833333333333,43,61,1,0.3141460853680822
233,121,-7128.0,58.0,58.33884297520661,41,50,1,0.3125753549412418
234,180,-13931.0,76.55,76.83333333333333,51,76,1,0.31101247816653554
235,138,-6753.0,48.38405797101449,49.0,85,47,1,0.30945741577570285
236,115,-5270.0,45.052173913043475,45.45217391304348,46,43,1,0.3079101286968243
237,102,-5437.0,52.34313725490196,52.63725490196079,30,42,1,0.3063705780533402
238,163,-9772.0,59.25766871165644,59.65644171779141,65,65,1,0.30483872516307353
239,114,-6930.0,59.824561403508774,60.14035087719298,36,45,1,0.3033145315372582
240,146,-7980.0,53.99315068493151,54.54109589041096,80,49,1,0.3017979588795719
241,114,-5846.0,50.50877192982456,51.00877192982456,57,42,1,0.30028896908517405
242,127,-5804.0,45.13385826771653,45.83464566929134,89,41,1,0.2987875242397482
243,96,-4296.0,43.989583333333336,44.583333333333336,57,33,1,0.29729358661854943
244,131,-6637.0,49.97709923664122,50.58015267175573,79,45,1,0.29580711868545667
245,132,-6966.0,52.17424242424242,52.75757575757576,77,46,1,0.2943280830920294
246,123,-5685.0,45.59349593495935,46.292682926829265,86,40,1,0.29285644267656924
247,128,-8149.0,62.8671875,63.4921875,80,44,1,0.2913921604631864
248,193,-12550.0,64.50259067357513,65.12435233160622,120,67,1,0.28993519966087045
249,95,-5461.0,56.44210526315789,56.863157894736844,40,38,1,0.2884855236625661
250,154,-7918.0,50.77922077922078,51.29220779220779,79,56,1,0.28704309604425327
251,118,-5978.0,49.771186440677965,50.09322033898305,38,49,1,0.285607880564032
252,128,-8154.0,62.84375,63.25,52,51,1,0.28417984116121187
253,115,-4708.0,40.208695652173915,40.69565217391305,56,42,1,0.2827589419554058
254,125,-5969.0,47.128,47.656,66,45,1,0.28134514724562876
255,136,-5677.0,41.22794117647059,41.75735294117647,72,47,1,0.2799384215094006
256,189,-10026.0,52.560846560846564,53.22222222222222,125,62,1,0.27853872940185365
257,120,-6107.0,50.016666666666666,50.55833333333333,65,43,1,0.27714603575484437
258,118,-5506.0,46.016949152542374,46.52542372881356,60,44,1,0.2757603055760701
259,116,-4678.0,39.775862068965516,40.3448275862069,66,42,1,0.2743815040481898
260,119,-5523.0,45.69747899159664,46.18487394957983,58,45,1,0.2730095965279488
261,123,-6979.0,55.86178861788618,56.203252032520325,42,50,1,0.27164454854530906
262,189,-12344.0,64.6984126984127,65.2063492063492,96,70,1,0.2702863258025825
263,160,-7839.0,48.4875,49.00625,83,55,1,0.2689348941735696
264,169,-9295.0,54.43195266272189,54.98816568047337,94,61,1,0.26759021970270175
265,128,-6816.0,52.6328125,53.09375,59,49,1,0.2662522686041882
266,173,-8127.0,46.46820809248555,47.07514450867052,105,57,1,0.2649210072611673
267,152,-9313.0,60.5,61.0,76,52,1,0.26359640222486147
268,161,-8149.0,49.962732919254655,50.38509316770186,68,59,1,0.26227842021373715
269,153,-8774.0,56.71895424836601,57.248366013071895,81,54,1,0.2609670281126685
270,173,-9812.0,56.20809248554913,56.7514450867052,94,63,1,0.25966219297210513
271,201,-8632.0,42.46766169154229,43.11940298507463,131,65,1,0.2583638820072446
272,134,-8957.0,65.97014925373135,66.32835820895522,48,53,1,0.2570720625972084
273,129,-8420.0,64.23255813953489,64.62790697674419,51,50,1,0.25578670228422234
274,219,-15651.0,70.9269406392694,71.62557077625571,153,71,1,0.25450776877280124
275,128,-5606.0,43.1640625,43.8359375,86,43,1,0.2532352299289372
276,123,-6144.0,49.16260162601626,49.5609756097561,49,49,1,0.2519690537792925
277,121,-7159.0,58.33057851239669,58.63636363636363,37,51,1,0.2507092085103961
278,147,-7820.0,52.476190476190474,52.89795918367347,62,57,1,0.2494556624678441
279,115,-6682.0,57.22608695652174,57.55652173913043,38,48,1,0.24820838415550486
280,146,-7048.0,47.68493150684932,48.3013698630137,90,49,1,0.24696734223472733
281,131,-7153.0,53.93129770992366,54.45038167938932,68,48,1,0.2457325055235537
282,125,-6011.0,47.392,47.88,61,46,1,0.24450384299593592
283,136,-7774.0,56.30882352941177,56.74264705882353,59,53,1,0.24328132378095624
284,130,-7391.0,56.01538461538462,56.40769230769231,51,39,1,0.24206491716205145
285,144,-6977.0,47.86805555555556,48.59722222222222,105,45,1,0.2408545925762412
286,197,-11302.0,56.88324873096447,57.578680203045685,137,63,1,0.23965031961336
287,160,-6798.0,41.98125,42.50625,84,59,1,0.2384520680152932
288,126,-5820.0,45.507936507936506,45.92063492063492,52,48,1,0.23725980767521673
289,152,-6875.0,44.64473684210526,45.223684210526315,88,54,1,0.23607350863684065
290,135,-7284.0,53.333333333333336,53.837037037037035,68,49,1,0.23489314109365644
291,105,-4592.0,42.86666666666667,43.23809523809524,39,42,1,0.23371867538818816
292,91,-5427.0,58.53846153846154,58.967032967032964,39,34,1,0.23255008201124722
293,143,-8110.0,55.99300699300699,56.55244755244755,80,49,1,0.231387331601191
294,151,-8469.0,55.384105960264904,55.913907284768214,80,53,1,0.23023039494318503
295,221,-10251.0,46.01357466063349,46.69683257918552,151,72,1,0.2290792429684691
296,109,-6141.0,55.37614678899082,55.88073394495413,55,39,1,0.22793384675362674
297,149,-9738.0,64.53691275167785,64.93959731543625,60,59,1,0.22679417751985861
298,150,-7794.0,51.32,51.79333333333334,71,55,1,0.22566020663225933
299,159,-9576.0,59.55345911949686,60.0,71,60,1,0.22453190559909803
300,142,-7310.0,50.84507042253521,51.45070422535211,86,49,1,0.22340924607110255
301,115,-4799.0,40.99130434782609,41.56521739130435,66,41,1,0.22229219984074702
302,199,-10462.0,52.130653266331656,52.753768844221106,124,64,1,0.2211807388415433
303,143,-8343.0,57.65734265734266,58.2027972027972,78,50,1,0.22007483514733558
304,144,-5815.0,39.923611111111114,40.6875,110,44,1,0.2189744609715989
305,227,-12562.0,54.91189427312775,55.713656387665196,182,65,1,0.2178795886667409
306,137,-7213.0,51.956204379562045,52.56934306569343,84,45,1,0.2167901907234072
307,152,-7565.0,49.16447368421053,49.74342105263158,88,47,1,0.21570623976979014
308,150,-7985.0,52.63333333333333,53.18666666666667,83,49,1,0.21462770857094118
309,134,-6740.0,49.723880597014926,50.32089552238806,80,39,1,0.21355457002808648
310,204,-8935.0,43.4264705882353,44.11764705882353,141,66,1,0.21248679717794605
311,167,-8252.0,48.880239520958085,49.52694610778443,108,56,1,0.21142436319205632
312,116,-6069.0,51.60344827586207,52.28448275862069,79,37,1,0.21036724137609603
313,181,-10322.0,56.49171270718232,57.149171270718234,119,60,1,0.20931540516921554
314,159,-7438.0,46.283018867924525,46.9811320754717,111,51,1,0.20826882814336947
315,120,-5848.0,47.975,48.541666666666664,68,43,1,0.20722748400265262
316,128,-5725.0,44.09375,44.703125,78,44,1,0.20619134658263935
317,146,-8647.0,58.62328767123287,59.35616438356164,107,46,1,0.20516038984972615
318,169,-8745.0,51.201183431952664,51.81656804733728,104,58,1,0.2041345879004775
319,179,-9553.0,52.798882681564244,53.5195530726257,129,57,1,0.2031139149609751
320,150,-7976.0,52.53333333333333,53.086666666666666,83,52,1,0.20209834538617025
321,139,-6760.0,48.02877697841727,48.63309352517986,84,46,1,0.2010878536592394
322,148,-9382.0,62.682432432432435,63.222972972972975,80,54,1,0.2000824143909432
323,123,-6504.0,52.073170731707314,52.642276422764226,70,42,1,0.19908200231898848
324,165,-9038.0,54.18181818181818,54.72727272727273,90,59,1,0.19808659230739353
325,128,-6944.0,53.5,54.03125,68,45,1,0.19709615934585656
326,123,-8758.0,70.2520325203252,70.73983739837398,60,46,1,0.19611067854912728
327,121,-6787.0,55.21487603305785,55.768595041322314,67,42,1,0.19513012515638165
328,166,-8105.0,48.24698795180723,48.81325301204819,94,58,1,0.19415447453059972
329,111,-4562.0,40.37837837837838,40.909909909909906,59,39,1,0.19318370215794672
330,162,-8797.0,53.7962962962963,54.45061728395062,106,51,1,0.192217783647157
331,172,-9237.0,53.156976744186046,53.872093023255815,123,54,1,0.1912566947289212
332,158,-8777.0,54.89873417721519,55.5253164556962,99,52,1,0.1903004112552766
333,214,-12222.0,56.69626168224299,57.36448598130841,143,70,1,0.18934890919900021
334,397,-24515.0,61.455919395466,62.357682619647356,358,109,1,0.18840216465300522
335,209,-11345.0,53.8421052631579,54.55980861244019,150,65,1,0.18746015382974018
336,188,-12661.0,66.77127659574468,67.47340425531915,132,61,1,0.1865228530605915
337,184,-10067.0,54.15217391304348,54.59239130434783,81,70,1,0.18559023879528855
338,135,-6993.0,51.03703703703704,51.44444444444444,55,48,1,0.1846622876013121
339,121,-6265.0,51.01652892561984,51.446280991735534,52,47,1,0.18373897616330553
340,167,-9958.0,59.047904191616766,59.69461077844311,108,57,1,0.182820281282489
341,183,-11730.0,63.42622950819672,63.90710382513661,88,70,1,0.18190617987607657
342,147,-8366.0,56.074829931972786,56.51020408163265,64,56,1,0.18099664897669618
343,208,-13464.0,64.1923076923077,64.84134615384616,135,70,1,0.1800916657318127
344,152,-9980.0,64.8092105263158,65.09210526315789,43,65,1,0.17919120740315364
345,141,-6397.0,44.773049645390074,45.43971631205674,94,45,1,0.17829525136613786
346,159,-10594.0,65.93081761006289,66.37106918238993,70,62,1,0.17740377510930716
347,101,-5255.0,51.118811881188115,51.495049504950494,38,41,1,0.17651675623376062
348,155,-7025.0,44.729032258064514,45.329032258064515,93,53,1,0.1756341724525918
349,143,-8283.0,57.12587412587413,57.47552447552447,50,58,1,0.17475600159032884
350,140,-9288.0,65.48571428571428,65.88571428571429,56,55,1,0.17388222158237718
351,174,-8044.0,45.86206896551724,46.58620689655172,126,54,1,0.1730128104744653
352,127,-6199.0,48.25196850393701,48.976377952755904,92,40,1,0.17214774642209296
353,154,-8751.0,56.253246753246756,56.97402597402598,111,48,1,0.1712870076899825
354,159,-8395.0,52.257861635220124,52.9874213836478,116,50,1,0.17043057265153258
355,154,-7117.0,45.74025974025974,46.44805194805195,109,49,1,0.16957841978827493
356,122,-5848.0,47.21311475409836,47.66393442622951,55,46,1,0.16873052768933355
357,114,-4985.0,43.00877192982456,43.57017543859649,64,38,1,0.1678868750508869
358,175,-8809.0,49.82857142857143,50.52571428571429,122,57,1,0.16704744067563246
359,185,-8232.0,44.075675675675676,44.86486486486486,146,56,1,0.1662122034722543
360,146,-7272.0,49.23287671232877,49.97260273972603,108,46,1,0.16538114245489302
361,106,-4624.0,42.77358490566038,43.160377358490564,41,42,1,0.16455423674261854
362,223,-11987.0,53.327354260089685,53.964125560538115,142,75,1,0.16373146555890544
363,124,-6533.0,51.87903225806452,52.37903225806452,62,40,1,0.16291280823111093
364,131,-5350.0,40.29007633587786,40.89312977099237,79,43,1,0.16209824418995536
365,219,-11289.0,51.15981735159817,51.881278538812786,158,68,1,0.16128775296900558
366,130,-5604.0,42.63846153846154,43.36153846153846,94,38,1,0.16048131420416054
367,184,-9317.0,50.17391304347826,50.97282608695652,147,53,1,0.15967890763313974
368,123,-5010.0,40.15447154471545,40.77235772357724,76,42,1,0.15888051309497406
369,142,-5899.0,41.08450704225352,41.82394366197183,105,43,1,0.1580861105294992
370,124,-5139.0,40.846774193548384,41.306451612903224,57,44,1,0.1572956799768517
371,165,-8636.0,51.78181818181818,52.41818181818182,105,50,1,0.15650920157696743
372,151,-5563.0,36.370860927152314,37.06622516556291,105,44,1,0.1557266555690826
373,137,-7020.0,50.503649635036496,50.948905109489054,61,44,1,0.1549480222912372
374,142,-5492.0,38.183098591549296,38.96478873239437,111,43,1,0.15417328217978102
375,117,-5522.0,46.41025641025641,46.957264957264954,64,40,1,0.1534024157688821
376,147,-6205.0,41.734693877551024,42.394557823129254,97,49,1,0.1526354036900377
377,178,-7783.0,43.31460674157304,44.09550561797753,139,52,1,0.1518722266715875
378,127,-6273.0,48.60629921259842,49.118110236220474,65,45,1,0.15111286553822956
379,151,-8337.0,54.556291390728475,55.13907284768212,88,53,1,0.15035730121053842
380,138,-6413.0,45.91304347826087,46.594202898550726,94,45,1,0.14960551470448571
381,116,-6623.0,56.206896551724135,56.58620689655172,44,46,1,0.14885748713096328
382,218,-10824.0,49.26146788990825,50.1651376146789,197,58,1,0.14811319969530845
383,220,-12033.0,54.31363636363636,55.11363636363637,176,65,1,0.1473726336968319
384,131,-5676.0,42.68702290076336,43.29007633587786,79,42,1,0.14663577052834775
385,190,-9005.0,46.98947368421052,47.67368421052632,130,61,1,0.14590259167570602
386,165,-8831.0,52.88484848484848,53.41818181818182,88,59,1,0.1451730787173275
387,143,-9269.0,63.98601398601399,64.41958041958041,62,56,1,0.14444721332374086
388,148,-7189.0,47.87837837837838,48.560810810810814,101,47,1,0.14372497725712216
389,141,-8609.0,60.361702127659576,60.87234042553192,72,53,1,0.14300635237083656
390,183,-9304.0,50.39344262295082,51.14207650273224,137,53,1,0.14229132060898236
391,128,-5834.0,44.859375,45.4140625,71,45,1,0.14157986400593744
392,184,-10404.0,56.11413043478261,56.891304347826086,143,53,1,0.14087196468590776
393,149,-9085.0,60.26845637583892,60.79865771812081,79,55,1,0.14016760486247823
394,180,-9848.0,54.26111111111111,54.91111111111111,117,60,1,0.13946676683816583
395,288,-15065.0,51.96180555555556,52.701388888888886,213,87,1,0.138769433003975
396,117,-7701.0,64.73504273504274,64.97435897435898,28,50,1,0.13807558583895513
397,220,-12636.0,57.02272727272727,57.877272727272725,188,62,1,0.13738520790976036
398,163,-7113.0,43.15950920245399,43.68098159509202,85,56,1,0.13669828187021155
399,138,-7118.0,50.85507246376812,51.427536231884055,79,33,1,0.13601479046086049
400,164,-7771.0,46.84146341463415,47.52439024390244,112,47,1,0.1353347165085562
401,217,-10431.0,47.645161290322584,48.30875576036866,144,72,1,0.1346580429260134
402,145,-6635.0,45.241379310344826,45.93793103448276,101,45,1,0.13398475271138335
403,200,-10090.0,50.05,50.83,156,56,1,0.13331482894782642
404,125,-6288.0,49.632,50.208,72,43,1,0.13264825480308728
405,159,-9589.0,59.64779874213836,60.144654088050316,79,59,1,0.13198501352907185
406,165,-8472.0,50.82424242424243,51.484848484848484,109,52,1,0.1313250884614265
407,160,-8278.0,51.16875,51.825,105,44,1,0.13066846301911936
408,205,-9832.0,47.65365853658537,48.541463414634144,182,51,1,0.13001512070402377
409,279,-14868.0,53.007168458781365,53.971326164874554,269,63,1,0.12936504510050365
410,192,-9169.0,47.401041666666664,48.244791666666664,162,49,1,0.12871821987500112
411,219,-11949.0,54.178082191780824,55.02283105022831,185,56,1,0.12807462877562611
412,177,-6992.0,39.07909604519774,39.85875706214689,138,46,1,0.12743425563174798
413,174,-9011.0,51.293103448275865,51.95977011494253,116,55,1,0.12679708435358925
414,298,-14693.0,49.057046979865774,49.96308724832215,270,77,1,0.1261630989318213
415,172,-7995.0,45.97674418604651,46.70348837209303,125,52,1,0.1255322834371622
416,108,-5564.0,50.833333333333336,51.324074074074076,53,38,1,0.12490462201997637
417,148,-7091.0,47.358108108108105,47.932432432432435,85,52,1,0.1242800989098765
418,326,-17782.0,54.260736196319016,55.104294478527606,275,77,1,0.12365869841532712
419,288,-13527.0,46.666666666666664,47.489583333333336,237,82,1,0.12304040492325048
420,167,-10660.0,63.209580838323355,63.98203592814371,129,49,1,0.12242520289863423
421,133,-7831.0,58.090225563909776,58.744360902255636,87,45,1,0.12181307688414106
422,256,-12942.0,50.28125,51.0390625,194,79,1,0.12120401149972035
423,213,-10133.0,47.27230046948357,48.183098591549296,194,44,1,0.12059799144222175
424,146,-6975.0,47.136986301369866,47.88356164383562,109,42,1,0.11999500148501063
425,176,-7396.0,41.59659090909091,42.26136363636363,117,56,1,0.11939502647758558
426,216,-9108.0,41.861111111111114,42.638888888888886,168,63,1,0.11879805134519765
427,233,-11079.0,47.21030042918455,48.103004291845494,208,55,1,0.11820406108847166
428,429,-23293.0,54.13986013986014,55.086247086247084,406,108,1,0.1176130407830293
429,146,-5611.0,38.034246575342465,38.82876712328767,116,39,1,0.11702497557911415
430,145,-7037.0,47.99310344827586,48.66896551724138,98,44,1,0.11643985070121858
431,203,-9904.0,48.40394088669951,49.26600985221675,175,55,1,0.11585765144771248
432,399,-18882.0,47.14035087719298,48.18295739348371,416,90,1,0.11527836319047392
433,190,-9512.0,49.626315789473686,50.526315789473685,171,47,1,0.11470197137452155
434,168,-9640.0,56.892857142857146,57.601190476190474,119,45,1,0.11412846151764894
435,120,-6339.0,52.125,52.71666666666667,71,34,1,0.1135578192100607
436,223,-13550.0,60.336322869955154,61.224215246636774,198,59,1,0.11299003011401039
437,500,-26458.0,52.778,53.868,545,103,0,0.11242507996344034
438,327,-16537.0,50.391437308868504,51.39449541284404,328,79,1,0.11186295456362313
439,147,-6073.0,40.93877551020408,41.74829931972789,119,39,1,0.11130363979080501
440,116,-5204.0,44.293103448275865,45.01724137931034,84,33,1,0.11074712159185099
441,267,-12592.0,46.853932584269664,47.77902621722846,247,66,1,0.11019338598389174
442,100,-4195.0,41.27,41.9,63,31,1,0.10964241905397228
443,185,-8203.0,43.935135135135134,44.67027027027027,136,53,1,0.10909420695870241
444,182,-9527.0,51.87362637362637,52.62637362637363,137,51,1,0.1085487359239089
445,147,-6699.0,45.1156462585034,45.816326530612244,103,42,1,0.10800599224428936
446,153,-7173.0,46.26797385620915,46.87581699346405,93,51,1,0.10746596228306791
447,137,-5750.0,41.503649635036496,42.175182481751825,92,41,1,0.10692863247165257
448,206,-8790.0,42.286407766990294,42.970873786407765,141,59,1,0.1063939893092943
449,122,-5604.0,45.221311475409834,45.78688524590164,69,40,1,0.10586201936274783
450,168,-7699.0,45.458333333333336,46.36309523809524,152,41,1,0.10533270926593409
451,218,-11764.0,53.58715596330275,54.444954128440365,187,57,1,0.10480604571960442
452,156,-6765.0,42.93589743589744,43.69871794871795,119,41,1,0.1042820154910064
453,212,-10169.0,47.617924528301884,48.56603773584906,201,46,1,0.10376060541355137
454,148,-6887.0,46.08783783783784,46.979729729729726,132,39,1,0.1032418023864836
455,100,-3934.0,38.69,39.25,56,35,1,0.10272559337455119
456,149,-7473.0,49.577181208053695,50.14093959731544,84,51,1,0.10221196540767843
457,260,-13011.0,49.76538461538462,50.6,217,73,1,0.10170090558064004
458,118,-5402.0,45.08474576271186,45.644067796610166,66,38,1,0.10119240105273684
459,144,-6465.0,44.354166666666664,44.986111111111114,91,44,1,0.10068643904747315
460,144,-7384.0,50.638888888888886,51.1875,79,52,1,0.10018300685223579
461,154,-7753.0,49.84415584415584,50.63636363636363,122,43,1,0.0996820918179746
462,115,-5398.0,46.165217391304346,46.88695652173913,83,34,1,0.09918368135888474
463,241,-12178.0,50.22406639004149,51.09958506224066,211,58,1,0.09868776295209031
464,129,-6093.0,46.65891472868217,47.36434108527132,91,33,1,0.09819432413732986
465,388,-19725.0,50.63917525773196,51.63917525773196,388,88,1,0.09770335251664321
466,247,-13209.0,53.08502024291498,53.8582995951417,191,69,1,0.09721483575406
467,198,-9770.0,48.86868686868687,49.56565656565657,138,58,1,0.09672876157528969
468,117,-4914.0,41.38461538461539,42.0,72,39,1,0.09624511776741324
469,98,-4567.0,45.724489795918366,46.183673469387756,45,31,1,0.09576389217857617
470,104,-5368.0,50.625,50.96153846153846,35,33,1,0.09528507271768329
471,111,-4740.0,42.06306306306306,42.88288288288288,91,29,1,0.09480864735409487
472,151,-6852.0,44.88741721854305,45.75496688741722,131,39,1,0.0943346041173244
473,101,-3912.0,38.05940594059406,38.67326732673267,62,31,1,0.09386293109673778
474,159,-7464.0,46.38364779874214,47.075471698113205,110,46,1,0.09339361644125409
475,229,-10309.0,44.63755458515284,45.55458515283843,210,58,1,0.09292664835904782
476,166,-7002.0,41.66265060240964,42.295180722891565,105,52,1,0.09246201511725258
477,109,-4789.0,43.22935779816514,43.84403669724771,67,36,1,0.09199970504166631
478,154,-7006.0,44.94805194805195,45.55194805194805,93,47,1,0.09153970651645797
479,244,-9938.0,40.454918032786885,41.39344262295082,229,61,1,0.09108200798387568
480,133,-6277.0,46.64661654135338,47.42857142857143,104,39,1,0.0906265979439563
481,500,-22770.0,45.408,46.446,519,115,0,0.09017346495423652
482,153,-5503.0,35.60130718954248,36.28104575163399,104,42,1,0.08972259762946533
483,144,-6505.0,44.65277777777778,45.28472222222222,91,46,1,0.089273984641318
484,168,-8192.0,48.32738095238095,49.160714285714285,140,46,1,0.0888276147181114
485,174,-7736.0,44.01724137931034,44.701149425287355,119,49,1,0.08838347664452084
486,266,-13532.0,50.54135338345865,51.38345864661654,224,73,1,0.08794155926129824
487,133,-5811.0,43.203007518796994,43.96992481203007,102,39,1,0.08750185146499175
488,184,-8259.0,44.5,45.28260869565217,144,55,1,0.08706434220766679
489,278,-12601.0,45.07913669064748,46.014388489208635,260,71,1,0.08662902049662846
490,138,-5335.0,38.2463768115942,39.14492753623188,124,34,1,0.08619587539414532
491,161,-7947.0,48.857142857142854,49.49689440993789,103,53,1,0.08576489601717459
492,134,-7140.0,52.61940298507463,53.23134328358209,82,45,1,0.08533607153708872
493,197,-8653.0,43.598984771573605,44.32994923857868,144,54,1,0.08490939117940327
494,152,-6645.0,43.25657894736842,44.13815789473684,134,41,1,0.08448484422350626
495,167,-7652.0,45.44311377245509,46.383233532934135,157,42,1,0.08406242000238873
496,169,-7501.0,43.8698224852071,44.53846153846154,113,54,1,0.08364210790237678
497,212,-8977.0,41.9622641509434,42.68396226415094,153,59,1,0.0832238973628649
498,264,-13906.0,52.428030303030305,53.56439393939394,300,55,1,0.08280777787605056
499,161,-6383.0,39.19875776397515,39.95652173913044,122,48,1,0.08239373898667031
500,167,-6544.0,38.76047904191617,39.43712574850299,113,52,1,0.08198177029173696
501,193,-8274.0,42.52849740932643,43.30051813471503,149,57,1,0.08157186144027828
502,163,-7518.0,45.66257668711656,46.441717791411044,127,48,1,0.0811640021330769
503,143,-7048.0,48.72027972027972,49.39160839160839,96,45,1,0.08075818212241151
504,307,-16147.0,52.34527687296417,53.28664495114006,289,80,1,0.08035439121179945
505,168,-7149.0,42.13690476190476,42.964285714285715,139,47,1,0.07995261925574046
506,130,-5592.0,42.34615384615385,42.87692307692308,69,45,1,0.07955285615946175
507,114,-3962.0,34.20175438596491,34.63157894736842,49,43,1,0.07915509187866444
508,114,-4764.0,41.26315789473684,42.166666666666664,103,31,1,0.07875931641927113
509,238,-12620.0,52.69327731092437,53.634453781512605,224,60,1,0.07836551983717477
510,137,-6732.0,48.54014598540146,49.153284671532845,84,47,1,0.07797369223798889
511,236,-11806.0,49.70762711864407,50.49152542372882,185,69,1,0.07758382377679894
512,151,-7046.0,46.145695364238414,46.81456953642384,101,44,1,0.07719590465791494
513,470,-20684.0,43.85531914893617,44.797872340425535,443,118,1,0.07680992513462537
514,256,-13407.0,52.109375,53.0234375,234,62,1,0.07642587550895225
515,230,-11606.0,50.2,51.15652173913043,220,57,1,0.07604374613140748
516,123,-5337.0,42.89430894308943,43.78861788617886,110,32,1,0.07566352740075044
517,125,-4516.0,35.6,36.304,88,35,1,0.07528520976374668
518,156,-6444.0,40.80128205128205,41.65384615384615,133,41,1,0.07490878371492794
519,321,-15022.0,46.60747663551402,47.60747663551402,321,74,1,0.0745342397963533
520,86,-3753.0,42.80232558139535,43.27906976744186,41,30,1,0.07416156859737154
521,252,-11829.0,46.70238095238095,47.59920634920635,226,56,1,0.07379076075438468
522,164,-8226.0,49.707317073170735,50.51219512195122,132,43,1,0.07342180695061275
523,198,-10101.0,50.58080808080808,51.378787878787875,158,51,1,0.07305469791585968
524,171,-7046.0,40.72514619883041,41.45029239766082,124,50,1,0.07268942442628039
525,258,-12343.0,47.507751937984494,48.36821705426357,222,65,1,0.07232597730414898
526,155,-7614.0,48.61290322580645,49.354838709677416,115,48,1,0.07196434741762824
527,140,-5278.0,37.19285714285714,37.864285714285714,94,43,1,0.0716045256805401
528,122,-4826.0,39.02459016393443,39.67213114754098,79,37,1,0.0712465030521374
529,290,-14002.0,48.0551724137931,48.96206896551724,263,74,1,0.0708902705368767
530,200,-10686.0,52.985,53.915,186,52,1,0.07053581918419231
531,185,-8155.0,43.75135135135135,44.68108108108108,172,48,1,0.07018314008827135
532,201,-8620.0,42.57213930348259,43.407960199004975,168,58,1,0.06983222438783
533,197,-9857.0,49.68527918781726,50.441624365482234,149,59,1,0.06948306326589085
534,151,-6192.0,40.51655629139073,41.311258278145694,120,42,1,0.0691356479495614
535,192,-8005.0,41.401041666666664,42.317708333333336,176,51,1,0.06878996970981359
536,137,-4912.0,35.40875912408759,36.03649635036496,86,35,1,0.06844601986126451
537,403,-15527.0,38.36724565756824,39.31017369727047,380,98,1,0.06810378976195819
538,105,-4775.0,44.80952380952381,45.60952380952381,84,29,1,0.0677632708131484
539,296,-13704.0,46.0304054054054,46.898648648648646,257,78,1,0.06742445445908266
540,126,-4599.0,35.857142857142854,36.34126984126984,61,43,1,0.06708733218678724
541,395,-22651.0,57.1746835443038,58.245569620253164,423,81,1,0.0667518955258533
542,200,-10031.0,49.72,50.405,137,61,1,0.06641813604822402
543,309,-15637.0,50.35275080906149,51.36893203883495,314,72,1,0.0660860453679829
544,168,-7430.0,43.82142857142857,44.583333333333336,128,43,1,0.06575561514114299
545,258,-11843.0,45.593023255813954,46.39147286821706,206,66,1,0.06542683706543727
546,500,-20850.0,41.578,42.5,461,124,0,0.06509970288011008
547,143,-5586.0,38.69230769230769,39.51048951048951,117,39,1,0.06477420436570952
548,208,-10450.0,49.86538461538461,50.61538461538461,156,62,1,0.06445033334388098
549,500,-21678.0,43.226,44.28,527,101,0,0.06412808167716157
550,301,-12572.0,41.561461794019934,42.53156146179402,292,63,1,0.06380744126877576
551,270,-12676.0,46.733333333333334,47.58148148148148,229,65,1,0.06348840406243188
552,162,-7267.0,44.47530864197531,45.351851851851855,142,43,1,0.06317096204211972
553,197,-9038.0,45.50761421319797,46.421319796954315,180,51,1,0.06285510723190912
554,144,-6212.0,42.666666666666664,43.486111111111114,118,40,1,0.06254083169574957
555,176,-7913.0,44.63068181818182,45.5,153,36,1,0.062228127537270826
556,283,-13977.0,49.12720848056537,50.08480565371025,271,65,1,0.06191698689958447
557,293,-18291.0,62.16382252559727,63.177474402730375,297,67,1,0.061607401965086545
558,270,-14421.0,53.114814814814814,54.04814814814815,252,66,1,0.06129936495526111
559,125,-4966.0,39.128,39.736,76,38,1,0.0609928681304848
560,226,-11417.0,50.18141592920354,51.075221238938056,202,54,1,0.060687903789832374
561,168,-8250.0,48.732142857142854,49.601190476190474,146,43,1,0.06038446427088321
562,287,-13514.0,46.801393728223,47.65853658536585,246,72,1,0.06008254194952879
563,304,-14553.0,47.55921052631579,48.35526315789474,242,81,1,0.05978212923978115
564,224,-11252.0,49.933035714285715,50.888392857142854,214,54,1,0.05948321859358224
565,302,-13951.0,45.90066225165563,46.69205298013245,239,82,1,0.05918580250061433
566,177,-7939.0,44.429378531073446,45.23163841807909,142,47,1,0.058889873488111255
567,131,-5716.0,43.12977099236641,43.83969465648855,93,39,1,0.058595424120670696
568,222,-11078.0,49.513513513513516,50.306306306306304,176,65,1,0.05830244700006734
569,281,-12082.0,42.76512455516014,43.67615658362989,256,69,1,0.058010934765067
570,232,-9780.0,41.875,42.866379310344826,230,55,1,0.05772088009124167
571,223,-9334.0,41.52914798206278,42.4304932735426,201,56,1,0.05743227569078546
572,131,-5913.0,44.51908396946565,45.29007633587786,101,38,1,0.05714511431233153
573,211,-10201.0,47.95734597156398,48.7345971563981,164,57,1,0.05685938874076987
574,154,-6495.0,41.746753246753244,42.54545454545455,123,40,1,0.056575091797066025
575,305,-15786.0,51.47868852459016,52.44918032786885,296,73,1,0.056292216338080694
576,300,-15712.0,52.12,53.03666666666667,275,75,1,0.05601075525639029
577,216,-9408.0,43.23148148148148,44.129629629629626,194,56,1,0.05573070148010834
578,228,-10427.0,45.3421052631579,46.15350877192982,185,63,1,0.0554520479727078
579,487,-22489.0,46.04517453798768,47.1129363449692,520,106,1,0.05517478773284426
580,168,-7453.0,43.898809523809526,44.654761904761905,127,50,1,0.05489891379418004
581,212,-9766.0,45.75471698113208,46.7311320754717,207,51,1,0.05462441922520914
582,137,-5959.0,42.8978102189781,43.54744525547445,89,43,1,0.0543512971290831
583,298,-13134.0,43.87248322147651,44.84563758389262,290,67,1,0.05407954064343768
584,188,-8235.0,43.420212765957444,44.265957446808514,159,50,1,0.05380914294022049
585,252,-11486.0,45.30952380952381,46.226190476190474,231,62,1,0.05354009722551939
586,401,-18378.0,45.67082294264339,46.66583541147132,399,97,1,0.05327239673939179
587,187,-7342.0,38.844919786096256,39.58288770053476,138,50,1,0.053006034755694834
588,291,-13943.0,47.6426116838488,48.529209621993125,258,76,1,0.052741004581916356
589,161,-6575.0,40.38509316770186,41.161490683229815,125,45,1,0.052477299559006776
590,146,-7215.0,48.8013698630137,49.43150684931507,92,47,1,0.052214913061211746
591,175,-6821.0,38.565714285714286,39.32,132,52,1,0.05195383849590569
592,165,-8299.0,49.75757575757576,50.31515151515151,92,57,1,0.05169406930342616
593,159,-5936.0,36.9937106918239,37.79874213836478,128,43,1,0.05143559895690903
594,210,-9928.0,46.90952380952381,47.74761904761905,176,59,1,0.051178420962124486
595,102,-4377.0,42.27450980392157,42.98039215686274,72,30,1,0.05092252885731386
596,161,-6518.0,40.06211180124224,40.732919254658384,108,50,1,0.05066791621302729
597,225,-11145.0,49.16,49.955555555555556,179,64,1,0.05041457663196215
598,141,-6624.0,46.3758865248227,46.90070921985816,74,45,1,0.050162503748802344
599,164,-7461.0,44.951219512195124,45.65243902439025,115,52,1,0.049911691230058335
600,88,-3594.0,40.05681818181818,40.69318181818182,56,28,1,0.04966213277390804
601,345,-17420.0,50.28405797101449,51.17391304347826,307,92,1,0.0494138221100385
602,211,-8231.0,38.65876777251185,39.38388625592417,153,62,1,0.04916675299948831
603,199,-9657.0,48.10552763819096,48.93467336683417,165,52,1,0.04892091923449087
604,116,-4320.0,36.672413793103445,37.258620689655174,68,39,1,0.04867631463831842
605,247,-11414.0,45.94331983805668,46.89878542510122,236,53,1,0.048432933065126825
606,162,-7430.0,45.41975308641975,46.27160493827161,138,41,1,0.048190768399801194
607,212,-10446.0,48.87264150943396,49.698113207547166,175,52,1,0.04794981455780219
608,158,-7708.0,48.17088607594937,48.84177215189873,106,52,1,0.04771006548501318
609,252,-12389.0,48.72222222222222,49.38492063492063,167,80,1,0.047471515157588115
610,253,-14313.0,56.21739130434783,56.96837944664031,190,70,1,0.047234157581800176
611,229,-11430.0,49.59825327510917,50.47161572052402,200,58,1,0.046997986793891174
612,292,-11008.0,37.486301369863014,38.386986301369866,263,78,1,0.04676299685992172
613,258,-13363.0,51.55038759689923,52.51162790697674,248,63,1,0.04652918187562211
614,122,-6270.0,50.721311475409834,51.295081967213115,70,37,1,0.046296535966244
615,164,-7613.0,45.9390243902439,46.701219512195124,125,46,1,0.046065053286412784
616,125,-7568.0,59.776,60.336,70,44,1,0.04583472801998072
617,161,-8221.0,50.52173913043478,51.31055900621118,127,47,1,0.045605554379880814
618,275,-15787.0,57.07636363636364,57.98909090909091,251,71,1,0.04537752660798141
619,106,-3811.0,35.41509433962264,36.198113207547166,83,30,1,0.0451506389749415
620,169,-9173.0,53.710059171597635,54.52662721893491,138,45,1,0.044924885780066794
621,287,-16755.0,58.02090592334495,58.87108013937282,244,81,1,0.04470026135116646
622,160,-8032.0,49.75,50.375,100,53,1,0.04447676004441063
623,148,-6927.0,46.28378378378378,46.88513513513514,89,51,1,0.04425437624418858
624,196,-12000.0,60.525510204081634,61.11224489795919,115,65,1,0.04403310436296763
625,138,-9707.0,69.23913043478261,69.51449275362319,38,54,1,0.043812938841152796
626,116,-4883.0,41.224137931034484,41.63793103448276,48,36,1,0.04359387414694703
627,150,-8823.0,58.24666666666667,59.053333333333335,121,44,1,0.043375904776212296
628,197,-10603.0,53.24873096446701,53.86294416243655,121,61,1,0.043159025252331236
629,214,-12622.0,58.453271028037385,59.17289719626168,154,66,1,0.04294323012606958
630,277,-15902.0,57.09386281588448,57.99638989169675,250,70,1,0.04272851397543923
631,164,-7299.0,44.0609756097561,44.81707317073171,124,43,1,0.04251487140556204
632,211,-10827.0,50.88625592417062,51.639810426540286,159,63,1,0.04230229704853423
633,155,-7073.0,45.090322580645164,45.74193548387097,101,43,1,0.04209078556329156
634,171,-7911.0,45.78362573099415,46.50292397660819,123,53,1,0.0418803316354751
635,137,-6365.0,45.839416058394164,46.44525547445255,83,44,1,0.041670929977297724
636,203,-9079.0,44.33990147783251,45.25615763546798,186,51,1,0.04146257532741124
637,142,-5814.0,40.359154929577464,40.88732394366197,75,48,1,0.04125526245077418
638,157,-7544.0,47.52229299363057,48.11464968152866,93,45,1,0.04104898613852031
639,407,-21420.0,52.4054054054054,53.32678132678133,375,104,1,0.04084374120782771
640,125,-6331.0,49.928,50.544,77,43,1,0.04063952250178857
641,111,-4631.0,41.03603603603604,41.711711711711715,75,36,1,0.04043632488927963
642,166,-7970.0,47.536144578313255,48.19277108433735,109,54,1,0.04023414326483323
643,158,-7240.0,45.30379746835443,45.89873417721519,94,52,1,0.040032972548509065
644,229,-11947.0,51.89519650655022,52.751091703056765,196,64,1,0.03983280768576652
645,251,-13273.0,52.52589641434263,53.398406374501995,219,67,1,0.03963364364733769
646,152,-6495.0,42.19736842105263,42.828947368421055,96,49,1,0.039435475429100995
647,164,-6532.0,39.41463414634146,40.103658536585364,113,46,1,0.03923829805195549
648,113,-4489.0,39.26548672566372,39.92920353982301,75,37,1,0.03904210656169572
649,119,-6040.0,50.016806722689076,50.39495798319328,45,45,1,0.03884689602888724
650,201,-10552.0,52.06467661691542,52.91542288557214,171,56,1,0.0386526615487428
651,150,-7873.0,51.92,52.486666666666665,85,49,1,0.03845939824099909
652,129,-5995.0,45.86821705426357,46.48062015503876,79,41,1,0.03826710124979409
653,149,-6850.0,45.41610738255034,46.0,87,50,1,0.038075765743545126
654,155,-8091.0,51.60645161290323,52.25806451612903,101,51,1,0.0378853869148274
655,138,-6332.0,45.289855072463766,45.81159420289855,72,49,1,0.03769595998025326
656,200,-9417.0,46.685,47.345,132,64,1,0.03750748018035199
657,172,-6682.0,38.41279069767442,39.21511627906977,138,48,1,0.037319942779450235
658,187,-8058.0,42.68449197860963,43.50802139037433,154,50,1,0.037133343065552986
659,170,-7508.0,43.65882352941176,44.23529411764706,98,52,1,0.03694767635022522
660,212,-9727.0,45.59905660377358,46.466981132075475,184,55,1,0.036762937968474095
661,204,-9829.0,47.8235294117647,48.72549019607843,184,50,1,0.03657912327863173
662,175,-7359.0,41.537142857142854,42.22857142857143,121,48,1,0.036396227662238566
663,128,-5539.0,42.6171875,43.1796875,72,41,1,0.03621424652392737
664,141,-6946.0,48.695035460992905,49.219858156028366,74,48,1,0.036033175291307735
665,92,-3865.0,41.29347826086956,41.91304347826087,57,30,1,0.03585300941485119
666,150,-5723.0,37.693333333333335,38.43333333333333,111,45,1,0.035673744367776934
667,152,-7189.0,46.723684210526315,47.38815789473684,101,48,1,0.03549537564593805
668,121,-5653.0,46.04132231404959,46.6198347107438,70,39,1,0.035317898767708356
669,116,-5266.0,44.775862068965516,45.37068965517241,69,37,1,0.03514130927386981
670,243,-11731.0,48.008230452674894,48.89711934156379,216,67,1,0.03496560272750046
671,230,-10699.0,46.130434782608695,46.91304347826087,180,67,1,0.03479077471386296
672,193,-9542.0,49.09326424870466,49.90673575129534,157,55,1,0.03461682084029365
673,127,-5474.0,42.54330708661417,43.16535433070866,79,39,1,0.034443736736092176
674,160,-6646.0,41.04375,41.625,93,49,1,0.034271518052411715
675,205,-9725.0,47.00487804878049,47.8,163,61,1,0.034100160462149656
676,134,-5055.0,37.17910447761194,37.67910447761194,67,43,1,0.03392965965983891
677,123,-5727.0,45.9349593495935,46.54471544715447,75,39,1,0.033760011361539714
678,251,-13455.0,53.2589641434263,54.0796812749004,206,68,1,0.03359121130473201
679,257,-11929.0,46.15175097276265,47.03501945525292,227,68,1,0.033423255248208356
680,122,-4166.0,33.59016393442623,34.295081967213115,86,36,1,0.03325613897196732
681,174,-7525.0,42.89655172413793,43.666666666666664,134,49,1,0.03308985827710748
682,141,-5654.0,39.652482269503544,40.354609929078016,99,42,1,0.032924408985721944
683,151,-5586.0,36.496688741721854,37.24503311258278,113,42,1,0.03275978694079333
684,163,-8366.0,50.80368098159509,51.50306748466258,114,51,1,0.032595988006089364
685,135,-5111.0,37.28148148148148,37.97037037037037,93,42,1,0.032433008066058915
686,198,-10439.0,52.303030303030305,53.15151515151515,168,56,1,0.03227084302572862
687,184,-6960.0,37.47826086956522,38.266304347826086,145,53,1,0.032109488810599975
688,182,-8390.0,45.58791208791209,46.379120879120876,144,53,1,0.031948941366546975
689,120,-5284.0,43.416666666666664,44.09166666666667,81,37,1,0.03178919665971424
690,268,-12977.0,48.15298507462686,49.08955223880597,251,67,1,0.03163025067641567
691,187,-7465.0,39.481283422459896,40.37433155080214,167,50,1,0.03147209942303359
692,158,-6653.0,41.62658227848101,42.32911392405063,111,47,1,0.03131473892591842
693,190,-8444.0,44.04210526315789,44.81578947368421,147,52,1,0.031158165231288826
694,190,-7977.0,41.584210526315786,42.463157894736845,167,52,1,0.03100237440513238
695,287,-13437.0,46.55052264808362,47.44947735191638,258,67,1,0.030847362533106718
696,295,-15094.0,50.86779661016949,51.70169491525424,246,81,1,0.030693125720441184
697,344,-19344.0,55.906976744186046,56.80232558139535,308,94,1,0.030539660091838977
698,140,-7169.0,50.621428571428574,51.31428571428572,97,44,1,0.03038696179137978
699,140,-5897.0,41.535714285714285,42.09285714285714,78,47,1,0.030235026982422884
700,183,-9270.0,50.26229508196721,51.07103825136612,148,53,1,0.030083851847510768
701,400,-18753.0,46.71,47.7125,401,97,1,0.029933432588273214
702,118,-4616.0,38.559322033898304,39.313559322033896,89,33,1,0.029783765425331846
703,364,-15832.0,43.25824175824176,44.18681318681319,338,87,1,0.029634846598205186
704,198,-9577.0,47.994949494949495,48.73232323232323,146,61,1,0.02948667236521416
705,148,-6591.0,44.027027027027025,44.79054054054054,113,41,1,0.029339239003388088
706,295,-17060.0,57.51525423728813,58.40338983050847,262,81,1,0.029192542808371146
707,142,-5820.0,40.45774647887324,41.147887323943664,98,44,1,0.02904658009432929
708,182,-8425.0,45.82967032967033,46.620879120879124,144,52,1,0.028901347193857643
709,123,-5415.0,43.43089430894309,43.951219512195124,64,41,1,0.028756840457888354
710,300,-13328.0,44.22,45.193333333333335,292,67,1,0.02861305625559891
711,323,-19247.0,59.306501547987615,60.18266253869969,283,81,1,0.028469990974320916
712,184,-11429.0,61.65217391304348,62.41847826086956,141,52,1,0.02832764101944931
713,336,-17448.0,51.651785714285715,52.583333333333336,313,75,1,0.028186002814352063
714,160,-7859.0,48.575,49.29375,115,44,1,0.0280450728002803
715,141,-5467.0,38.241134751773046,38.86524822695036,88,37,1,0.0279048474362789
716,188,-10879.0,57.340425531914896,58.11702127659574,146,49,1,0.027765323199097504
717,212,-9640.0,45.136792452830186,45.9811320754717,179,52,1,0.027626496583102015
718,131,-5787.0,43.52671755725191,44.14503816793893,81,38,1,0.027488364100186506
719,178,-8662.0,48.162921348314605,48.80337078651685,114,56,1,0.027350922279685573
720,135,-5620.0,41.13333333333333,41.925925925925924,107,36,1,0.027214167668287145
721,185,-8518.0,45.70810810810811,46.6,165,42,1,0.02707809682994571
722,169,-6831.0,40.071005917159766,40.89940828402367,140,46,1,0.02694270634579598
723,217,-9189.0,42.013824884792626,42.866359447004605,185,57,1,0.026807992814067
724,232,-10707.0,45.76724137931034,46.52155172413793,175,62,1,0.026673952849996664
725,96,-3545.0,36.197916666666664,36.885416666666664,66,26,1,0.02654058308574668
726,122,-4960.0,40.09016393442623,40.78688524590164,85,32,1,0.026407880170317945
727,284,-15316.0,53.59507042253521,54.42253521126761,235,73,1,0.026275840769466357
728,222,-12237.0,54.792792792792795,55.612612612612615,182,65,1,0.026144461565619025
729,265,-12653.0,47.47924528301887,48.3811320754717,239,67,1,0.02601373925779093
730,112,-4277.0,37.625,38.3125,77,30,1,0.025883670561501974
731,115,-4637.0,39.70434782608696,40.321739130434786,71,30,1,0.025754252208694463
732,133,-5843.0,43.45864661654135,44.24812030075188,105,33,1,0.02562548094765099
733,140,-5293.0,37.32857142857143,37.97857142857143,91,42,1,0.025497353542912736
734,159,-7907.0,49.23270440251572,49.930817610062896,111,41,1,0.02536986677519817
735,178,-8761.0,48.80337078651685,49.662921348314605,153,40,1,0.02524301744132218
736,166,-6153.0,36.644578313253014,37.40963855421687,127,46,1,0.025116802354115567
737,254,-11045.0,43.19291338582677,43.95275590551181,193,65,1,0.024991218342344988
738,194,-9651.0,49.27835051546392,49.99484536082474,139,55,1,0.024866262250633264
739,419,-19997.0,47.563245823389025,48.57040572792363,422,95,1,0.024741930939380097
740,166,-6689.0,39.933734939759034,40.7289156626506,132,44,1,0.024618221284683196
741,161,-7589.0,46.70807453416149,47.53416149068323,133,41,1,0.02449513017825978
742,166,-6925.0,41.31325301204819,42.24698795180723,155,37,1,0.02437265452736848
743,228,-11447.0,49.925438596491226,50.83771929824562,208,54,1,0.024250791254731636
744,142,-6554.0,45.65492957746479,46.29577464788732,91,41,1,0.024129537298457977
745,181,-7687.0,42.06077348066298,42.9171270718232,155,49,1,0.024008889611965685
746,152,-6659.0,43.26973684210526,43.973684210526315,107,49,1,0.023888845163905856
747,149,-6290.0,41.66442953020134,42.369127516778526,105,42,1,0.023769400938086327
748,194,-7454.0,38.08247422680412,38.84020618556701,147,48,1,0.023650553933395897
749,297,-13276.0,44.387205387205384,45.15488215488215,228,90,1,0.023532301163728918
750,157,-7484.0,47.203821656050955,48.031847133757964,130,41,1,0.023414639657910272
751,142,-6527.0,45.429577464788736,46.190140845070424,108,32,1,0.023297566459620722
752,161,-6154.0,37.77018633540373,38.40372670807454,102,49,1,0.023181078627322618
753,347,-13287.0,38.080691642651296,39.00576368876081,321,84,1,0.023065173234186005
754,289,-11356.0,39.08650519031142,40.083044982698965,288,69,1,0.022949847368015076
755,124,-4930.0,39.32258064516129,40.00806451612903,85,37,1,0.022835098131175
756,190,-9374.0,48.92631578947368,49.73684210526316,154,50,1,0.022720922640519125
757,183,-8476.0,45.90710382513661,46.66120218579235,138,46,1,0.02260731802731653
758,106,-4872.0,45.25471698113208,45.84905660377358,63,33,1,0.022494281437179946
759,243,-10024.0,41.0,41.864197530864196,210,54,1,0.022381810029994047
760,246,-9734.0,39.30487804878049,40.18292682926829,216,57,1,0.022269900979844076
761,158,-6818.0,42.68987341772152,43.36708860759494,107,48,1,0.022158551474944856
762,136,-5658.0,41.080882352941174,41.838235294117645,103,36,1,0.022047758717570132
763,172,-7616.0,43.94186046511628,44.872093023255815,160,41,1,0.021937519923982282
764,191,-7652.0,39.69109947643979,40.50261780104712,155,54,1,0.021827832324362372
765,134,-4915.0,36.12686567164179,36.6865671641791,75,39,1,0.02171869316274056
766,169,-7495.0,43.86390532544379,44.514792899408285,110,47,1,0.021610099696926857
767,183,-7778.0,42.169398907103826,43.01092896174863,154,44,1,0.021502049198442223
768,116,-4683.0,39.86206896551724,40.66379310344828,93,26,1,0.021394538952450012
769,278,-13124.0,46.94244604316547,47.84532374100719,251,64,1,0.02128756625768776
770,118,-4603.0,38.38135593220339,38.889830508474574,60,30,1,0.021181128426399323
771,162,-8389.0,51.24074074074074,51.876543209876544,103,49,1,0.021075222784267326
772,161,-7101.0,43.6583850931677,44.52173913043478,139,43,1,0.020969846670345987
773,361,-17146.0,47.3213296398892,48.34903047091413,371,83,1,0.020864997436994256
774,322,-16829.0,51.993788819875775,52.96583850931677,313,71,1,0.020760672449809284
775,202,-8856.0,43.42574257425743,44.163366336633665,149,46,1,0.020656869087560238
776,175,-7723.0,43.80571428571429,44.714285714285715,159,43,1,0.020553584742122436
777,117,-4393.0,37.01709401709402,37.743589743589745,85,35,1,0.020450816818411825
778,360,-17313.0,47.90277777777778,48.827777777777776,333,89,1,0.020348562734319765
779,172,-6944.0,40.0406976744186,40.77906976744186,127,44,1,0.020246819920648168
780,211,-9207.0,43.30331753554503,44.26066350710901,202,53,1,0.020145585821044927
781,217,-10110.0,46.31336405529954,47.27188940092166,208,53,1,0.020044857891939702
782,152,-6751.0,43.9078947368421,44.56578947368421,100,37,1,0.019944633602480003
783,203,-9156.0,44.679802955665025,45.40886699507389,148,60,1,0.019844910434467605
784,182,-9147.0,49.81318681318681,50.64835164835165,152,49,1,0.019745685882295267
785,173,-7640.0,43.73410404624278,44.456647398843934,125,47,1,0.01964695745288379
786,110,-4796.0,42.981818181818184,43.71818181818182,81,30,1,0.01954872266561937
787,261,-13302.0,50.63984674329502,51.452107279693486,212,74,1,0.019450979052291272
788,161,-7916.0,48.714285714285715,49.52795031055901,131,47,1,0.019353724157029815
789,151,-7572.0,49.59602649006622,50.397350993377486,121,43,1,0.019256955536244666
790,134,-6648.0,49.08955223880597,49.96268656716418,117,35,1,0.019160670758563442
791,261,-12173.0,46.37931034482759,47.39080459770115,264,62,1,0.019064867404770626
792,197,-9286.0,46.6497461928934,47.431472081218274,154,50,1,0.018969543067746772
793,127,-5560.0,43.14173228346457,43.70866141732284,72,23,1,0.018874695352408037
794,124,-4405.0,35.03225806451613,35.66129032258065,78,35,1,0.018780321875645996
795,218,-11756.0,53.62385321100918,54.5,191,54,1,0.018686420266267767
796,144,-6912.0,47.451388888888886,48.00694444444444,80,47,1,0.018592988164936427
797,95,-4205.0,43.6,44.294736842105266,66,25,1,0.018500023224111744
798,156,-6938.0,43.93589743589744,44.48717948717949,86,45,1,0.018407523107991184
799,219,-10192.0,46.1324200913242,46.84474885844749,156,65,1,0.01831548549245123
800,146,-7606.0,51.445205479452056,52.0,81,47,1,0.018223908064988973
801,195,-10428.0,53.04615384615385,53.825641025641026,152,55,1,0.018132788524664028
802,198,-11366.0,56.91919191919192,57.57575757575758,130,63,1,0.018042124582040707
803,279,-16822.0,59.87455197132616,60.623655913978496,209,84,1,0.017951913959130504
804,197,-9669.0,48.7258883248731,49.63451776649746,179,49,1,0.01786215438933485
805,249,-12196.0,48.7429718875502,49.75502008032129,252,54,1,0.017772843617388175
806,176,-10374.0,58.36363636363637,58.98863636363637,110,58,1,0.017683979399301233
807,193,-9590.0,49.170984455958546,49.880829015544045,137,58,1,0.017595559502304726
808,139,-7731.0,54.76978417266187,55.25179856115108,67,49,1,0.0175075817047932
809,162,-6358.0,38.876543209876544,39.56172839506173,111,47,1,0.017420043796269234
810,240,-11128.0,46.0125,46.829166666666666,196,60,1,0.017332943577287888
811,117,-4457.0,37.60683760683761,38.547008547008545,110,27,1,0.01724627885940145
812,324,-14391.0,44.1820987654321,45.151234567901234,314,69,1,0.017160047465104442
813,117,-5559.0,46.7008547008547,47.23076923076923,62,38,1,0.01707424722777892
814,267,-12586.0,46.838951310861425,47.72284644194757,236,71,1,0.016988875991640028
815,256,-9934.0,38.55859375,39.4140625,219,67,1,0.016903931611681827
816,153,-6353.0,41.08496732026144,41.908496732026144,126,38,1,0.01681941195362342
817,137,-4960.0,35.65693430656934,36.33576642335766,93,41,1,0.016735314893855303
818,142,-6410.0,44.62676056338028,45.232394366197184,86,46,1,0.016651638319386028
819,99,-4782.0,47.525252525252526,48.17171717171717,64,28,1,0.0165683801277891
820,233,-10678.0,45.527896995708154,46.2961373390558,179,62,1,0.016485538227150154
821,312,-13281.0,42.32371794871795,43.22435897435897,281,81,1,0.0164031105360144
822,330,-19268.0,58.13030303030303,59.06666666666667,309,83,1,0.01632109498333433
823,185,-6923.0,37.1027027027027,37.94054054054054,155,49,1,0.016239489508417658
824,245,-12252.0,49.76734693877551,50.73877551020408,238,59,1,0.01615829206087557
825,267,-10672.0,39.69288389513109,40.62546816479401,249,62,1,0.01607750060057119
826,121,-5720.0,46.586776859504134,47.107438016528924,63,36,1,0.015997113097568336
827,241,-9005.0,37.12448132780083,38.09128630705394,233,58,1,0.015917127532080494
828,168,-6795.0,40.05357142857143,40.94047619047619,149,39,1,0.01583754189442009
829,131,-5418.0,40.7557251908397,41.13740458015267,50,40,1,0.01575835418494799
830,283,-13502.0,47.48056537102474,48.371024734982335,252,73,1,0.01567956241402325
831,157,-6314.0,39.78343949044586,40.54140127388535,119,47,1,0.015601164601953134
832,186,-6744.0,35.833333333333336,36.645161290322584,151,52,1,0.015523158778943369
833,213,-10631.0,49.624413145539904,50.53051643192488,193,54,1,0.015445542985048652
834,419,-19347.0,46.0071599045346,46.96420047732697,401,107,1,0.015368315270123408
835,146,-6571.0,44.445205479452056,45.21917808219178,113,44,1,0.01529147369377279
836,396,-14757.0,37.10858585858586,38.06060606060606,377,103,1,0.015215016325303928
837,319,-13491.0,42.05015673981191,42.9717868338558,294,78,1,0.015138941243677408
838,272,-11413.0,41.75,42.661764705882355,248,73,1,0.01506324653745902
839,286,-10715.0,37.22727272727273,38.24825174825175,292,66,1,0.014987930304771725
840,262,-12867.0,48.80152671755725,49.656488549618324,224,70,1,0.014912990653247866
841,221,-9057.0,40.678733031674206,41.57013574660633,197,58,1,0.014838425699981627
842,343,-15517.0,45.06413994169096,45.965014577259474,309,87,1,0.01476423357148172
843,171,-7913.0,45.83040935672515,46.54970760233918,123,47,1,0.014690412403624311
844,191,-7252.0,37.675392670157066,38.4869109947644,155,49,1,0.01461696034160619
845,220,-7577.0,34.11818181818182,34.85454545454545,162,52,1,0.014543875539898159
846,205,-8989.0,43.46829268292683,44.297560975609755,170,59,1,0.014471156162198668
847,160,-6362.0,39.38125,40.26875,142,44,1,0.014398800381387675
848,233,-11721.0,50.00429184549356,50.93562231759657,217,59,1,0.014326806379480736
849,171,-7527.0,43.63157894736842,44.54385964912281,156,45,1,0.014255172347583332
850,211,-9540.0,44.796208530805686,45.63507109004739,177,59,1,0.014183896485845416
851,216,-9084.0,41.73148148148148,42.61574074074074,191,54,1,0.014112977003416188
852,305,-13241.0,43.19672131147541,44.14754098360656,290,74,1,0.014042412118399107
853,130,-5480.0,41.715384615384615,42.47692307692308,99,39,1,0.013972200057807112
854,401,-14507.0,35.99251870324189,36.98004987531172,396,99,1,0.013902339057518077
855,255,-10277.0,40.07450980392157,41.062745098039215,252,63,1,0.013832827362230486
856,242,-10073.0,41.3099173553719,42.14049586776859,201,65,1,0.013763663225419333
857,118,-4170.0,34.855932203389834,35.61864406779661,90,33,1,0.013694844909292236
858,142,-5394.0,37.528169014084504,38.147887323943664,88,49,1,0.013626370684745774
859,356,-14679.0,41.05898876404494,42.01685393258427,341,92,1,0.013558238831322046
860,412,-17112.0,41.36407766990291,42.36407766990291,412,98,1,0.013490447637165436
861,373,-13197.0,35.2171581769437,36.20107238605898,367,92,1,0.013422995398979608
862,359,-14020.0,38.86629526462396,39.9025069637883,372,84,1,0.01335588042198471
863,271,-12929.0,47.47970479704797,48.6309963099631,312,56,1,0.013289101019874787
864,300,-10470.0,34.70666666666666,35.71333333333333,302,70,1,0.013222655514775413
865,232,-10474.0,44.92672413793103,45.96551724137931,241,52,1,0.013156542237201536
866,148,-5266.0,35.222972972972975,35.932432432432435,105,40,1,0.013090759526015528
867,338,-13175.0,38.80177514792899,39.79585798816568,336,81,1,0.01302530572838545
868,149,-5896.0,39.14093959731544,40.06711409395973,138,38,1,0.012960179199743523
869,307,-12135.0,39.29641693811075,40.31270358306189,312,72,1,0.012895378303744804
870,500,-18915.0,37.74,38.824,542,107,0,0.01283090141222608
871,297,-12105.0,40.54545454545455,41.62626262626262,321,62,1,0.012766746905164949
872,488,-18888.0,38.59426229508197,39.64959016393443,515,108,1,0.012702913170639124
873,167,-6437.0,38.07185628742515,38.65269461077844,97,42,1,0.012639398604785928
874,341,-13426.0,39.17008797653959,40.11436950146628,322,84,1,0.012576201611761997
875,216,-7386.0,33.907407407407405,34.7962962962963,192,59,1,0.012513320603703188
876,197,-7421.0,37.36548223350254,38.22842639593909,170,50,1,0.012450754000684672
877,124,-4213.0,33.53225806451613,34.266129032258064,91,34,1,0.012388500230681249
878,233,-9608.0,40.896995708154506,41.87982832618026,229,51,1,0.012326557729527843
879,211,-7545.0,35.4739336492891,36.36492890995261,188,55,1,0.012264924940880204
880,208,-7094.0,33.82692307692308,34.67307692307692,176,46,1,0.012203600316175803
881,203,-7307.0,35.669950738916256,36.50738916256157,170,52,1,0.012142582314594924
882,272,-11419.0,41.79044117647059,42.81617647058823,279,62,1,0.01208186940302195
883,189,-6924.0,36.32804232804233,37.29100529100529,182,41,1,0.01202146005600684
884,191,-7783.0,40.43455497382199,41.460732984293195,196,39,1,0.011961352755726806
885,162,-5192.0,31.691358024691358,32.388888888888886,113,45,1,0.01190154599194817
886,158,-6009.0,37.67088607594937,38.45569620253165,124,41,1,0.01184203826198843
887,205,-8480.0,41.078048780487805,42.10243902439024,210,42,1,0.011782828070678488
888,246,-8894.0,35.90243902439025,36.75609756097561,210,60,1,0.011723913930325095
889,329,-13115.0,39.653495440729486,40.56838905775076,301,72,1,0.01166529436067347
890,136,-4863.0,35.30882352941177,36.125,111,35,1,0.011606967888870102
891,219,-7341.0,33.29223744292238,34.342465753424655,230,47,1,0.01154893304942575
892,295,-9848.0,33.21016949152543,34.227118644067794,300,61,1,0.011491188384178622
893,126,-4762.0,37.29365079365079,38.15079365079365,108,30,1,0.011433732442257729
894,269,-9529.0,35.24907063197026,36.28996282527881,280,58,1,0.01137656378004644
895,122,-4459.0,36.122950819672134,37.10655737704918,120,25,1,0.011319680961146208
896,147,-5124.0,34.48299319727891,35.25850340136054,114,37,1,0.011263082556340478
897,500,-18444.0,36.786,37.862,538,101,0,0.011206767143558775
898,150,-5079.0,33.46666666666667,34.34,131,34,1,0.011150733307840981
899,211,-8071.0,38.00947867298578,38.976303317535546,204,44,1,0.011094979641301777
900,263,-9418.0,35.58174904942966,36.539923954372625,252,63,1,0.011039504743095268
901,445,-18975.0,42.50112359550562,43.57752808988764,479,87,1,0.01098430721937979
902,305,-11536.0,37.6327868852459,38.609836065573774,298,71,1,0.010929385683282892
903,134,-4665.0,34.28358208955224,35.014925373134325,98,32,1,0.010874738754866477
904,202,-7889.0,38.75247524752475,39.633663366336634,178,39,1,0.010820365061092144
905,408,-16805.0,41.06372549019608,42.09068627450981,419,87,1,0.010766263235786683
906,127,-4272.0,33.125984251968504,33.78740157480315,84,37,1,0.01071243191960775
907,152,-4904.0,31.95394736842105,32.66447368421053,108,43,1,0.010658869760009713
908,203,-7218.0,35.2807881773399,36.0935960591133,165,49,1,0.010605575411209664
909,325,-12237.0,37.473846153846154,38.50769230769231,336,71,1,0.010552547534153616
910,156,-4772.0,30.25,31.03205128205128,122,34,1,0.010499784796482848
911,287,-12373.0,42.926829268292686,43.944250871080136,292,66,1,0.010447285872500434
912,310,-10647.0,34.16129032258065,35.23548387096774,333,68,1,0.01039504944313793
913,188,-6362.0,33.505319148936174,34.37234042553192,163,48,1,0.010343074195922241
914,242,-9654.0,39.66942148760331,40.63223140495868,233,59,1,0.01029135882494263
915,211,-9586.0,45.15165876777251,46.23696682464455,229,44,1,0.010239902030817916
916,325,-13132.0,40.23384615384615,41.252307692307696,331,76,1,0.010188702520663827
917,195,-7684.0,39.11794871794872,40.14358974358974,200,45,1,0.010137759008060509
918,173,-7097.0,40.67052023121387,41.578034682080926,157,41,1,0.010087070213020206
919,159,-5939.0,37.0062893081761,37.893081761006286,141,39,1,0.010036634861955105
920,145,-4826.0,32.91034482758621,33.786206896551725,127,36,1,0.01
921,229,-7322.0,31.737991266375545,32.66375545851528,212,52,1,0.01
922,187,-6794.0,36.0855614973262,37.037433155080215,178,43,1,0.01
923,371,-13949.0,37.455525606469,38.52021563342318,395,69,1,0.01
924,230,-10405.0,44.97826086956522,45.982608695652175,231,48,1,0.01
925,238,-8210.0,34.260504201680675,35.2436974789916,234,58,1,0.01
926,236,-7841.0,32.98728813559322,33.894067796610166,214,59,1,0.01
927,118,-4367.0,36.46610169491525,37.26271186440678,94,30,1,0.01
928,310,-13000.0,41.73870967741936,42.803225806451614,330,66,1,0.01
929,361,-12691.0,34.99722991689751,36.08310249307479,392,78,1,0.01
930,278,-12179.0,43.62589928057554,44.58273381294964,266,64,1,0.01
931,201,-7809.0,38.56218905472637,39.417910447761194,172,51,1,0.01
932,240,-9219.0,38.18333333333333,39.016666666666666,200,60,1,0.01
933,183,-7031.0,38.08743169398907,38.96174863387978,160,44,1,0.01
934,169,-5998.0,35.15384615384615,35.95266272189349,135,42,1,0.01
935,139,-4661.0,33.1294964028777,33.884892086330936,105,35,1,0.01
936,193,-9354.0,48.145077720207254,49.0880829015544,182,48,1,0.01
937,176,-6074.0,34.22159090909091,35.06818181818182,149,45,1,0.01
938,215,-8094.0,37.367441860465114,38.288372093023256,198,46,1,0.01
939,130,-4063.0,30.815384615384616,31.592307692307692,101,34,1,0.01
940,305,-12304.0,40.15409836065574,41.20327868852459,320,64,1,0.01
941,305,-11228.0,36.636065573770495,37.65245901639344,310,61,1,0.01
942,341,-13376.0,39.05571847507331,40.10263929618768,357,72,1,0.01
943,278,-12241.0,43.81654676258993,44.78776978417266,270,66,1,0.01
944,189,-6274.0,32.888888888888886,33.67724867724868,149,47,1,0.01
945,221,-8055.0,36.19004524886878,37.10859728506787,203,53,1,0.01
946,203,-7772.0,38.00985221674877,38.98029556650246,197,44,1,0.01
947,291,-11557.0,39.512027491408936,40.422680412371136,265,69,1,0.01
948,297,-11801.0,39.52188552188552,40.63973063973064,332,61,1,0.01
949,254,-7764.0,30.334645669291337,31.141732283464567,205,59,1,0.01
950,248,-9539.0,38.19758064516129,39.141129032258064,234,59,1,0.01
951,285,-10217.0,35.642105263157895,36.58245614035088,268,71,1,0.01
952,250,-9807.0,39.016,39.936,230,61,1,0.01
953,308,-10991.0,35.47727272727273,36.36363636363637,273,65,1,0.01
954,193,-7245.0,37.20725388601036,38.1139896373057,175,44,1,0.01
955,194,-7015.0,35.881443298969074,36.76288659793814,171,47,1,0.01
956,150,-5251.0,34.653333333333336,35.553333333333335,135,37,1,0.01
957,135,-4720.0,34.54074074074074,35.474074074074075,126,29,1,0.01
958,154,-5245.0,33.701298701298704,34.36363636363637,102,38,1,0.01
959,312,-10211.0,32.544871794871796,33.43589743589744,278,78,1,0.01
960,170,-5938.0,34.582352941176474,35.423529411764704,143,45,1,0.01
961,179,-5453.0,30.156424581005588,31.022346368715084,155,39,1,0.01
962,232,-9018.0,38.564655172413794,39.508620689655174,219,56,1,0.01
963,169,-5948.0,34.85207100591716,35.98224852071006,191,33,1,0.01
964,194,-7146.0,36.55670103092783,37.56185567010309,195,44,1,0.01
965,363,-13563.0,37.22314049586777,38.289256198347104,387,74,1,0.01
966,207,-7073.0,33.91787439613527,34.869565217391305,197,48,1,0.01
967,178,-5776.0,32.140449438202246,32.96067415730337,146,47,1,0.01
968,295,-10729.0,36.179661016949154,37.13559322033898,282,66,1,0.01
969,137,-5180.0,37.42335766423358,38.4014598540146,134,31,1,0.01
970,152,-4915.0,31.973684210526315,32.73684210526316,116,36,1,0.01
971,132,-4829.0,36.128787878787875,37.04545454545455,121,32,1,0.01
972,192,-6335.0,32.666666666666664,33.484375,157,47,1,0.01
973,327,-10915.0,33.211009174311926,34.12538226299694,299,77,1,0.01
974,166,-5715.0,34.126506024096386,35.006024096385545,146,40,1,0.01
975,131,-4328.0,32.63358778625954,33.43511450381679,105,31,1,0.01
976,229,-9846.0,42.7292576419214,43.68122270742358,218,49,1,0.01
977,184,-6444.0,34.70652173913044,35.53260869565217,152,43,1,0.01
978,149,-4799.0,31.838926174496645,32.61073825503356,115,38,1,0.01
979,107,-3664.0,33.71028037383178,34.52336448598131,87,27,1,0.01
980,243,-7901.0,32.28395061728395,33.300411522633745,247,48,1,0.01
981,419,-15443.0,36.71360381861575,37.77804295942721,446,89,1,0.01
982,147,-5625.0,37.87755102040816,38.72789115646258,125,40,1,0.01
983,210,-8056.0,38.08571428571429,38.871428571428574,165,56,1,0.01
984,128,-4401.0,33.9140625,34.765625,109,31,1,0.01
985,216,-7280.0,33.43981481481482,34.31018518518518,188,54,1,0.01
986,371,-13934.0,37.41509433962264,38.62803234501348,450,68,1,0.01
987,146,-4975.0,33.6986301369863,34.52739726027397,121,36,1,0.01
988,192,-7355.0,38.03125,38.96875,180,45,1,0.01
989,205,-7193.0,34.795121951219514,35.765853658536585,199,49,1,0.01
990,335,-13217.0,39.28358208955224,40.34626865671642,356,74,1,0.01
991,103,-3292.0,31.37864077669903,32.1747572815534,82,27,1,0.01
992,202,-6595.0,32.381188118811885,33.18316831683168,162,51,1,0.01
993,197,-7241.0,36.45685279187817,37.36548223350254,179,49,1,0.01
994,240,-9502.0,39.358333333333334,40.3875,247,53,1,0.01
995,312,-12096.0,38.6025641025641,39.6474358974359,326,65,1,0.01
996,262,-9922.0,37.66030534351145,38.652671755725194,260,57,1,0.01
997,170,-7041.0,41.05294117647059,41.99411764705882,160,38,1,0.01
998,164,-5552.0,33.51219512195122,34.420731707317074,149,37,1,0.01
999,245,-9574.0,38.83673469387755,39.83673469387755,245,55,1,0.01
1000,218,-8115.0,36.95412844036697,37.93119266055046,213,53,1,0.01
1001,179,-6402.0,35.45810055865922,36.32960893854749,156,46,1,0.01
1002,179,-6241.0,34.56983240223464,35.46368715083799,160,38,1,0.01
1003,142,-5031.0,35.04225352112676,35.985915492957744,134,33,1,0.01
1004,207,-6594.0,31.594202898550726,32.405797101449274,168,53,1,0.01
1005,121,-4089.0,33.36363636363637,34.18181818181818,99,30,1,0.01
1006,150,-4801.0,31.666666666666668,32.473333333333336,121,36,1,0.01
1007,168,-6364.0,37.50595238095238,38.398809523809526,150,44,1,0.01
1008,181,-5882.0,32.1767955801105,32.98342541436464,146,51,1,0.01
1009,260,-8935.0,34.16153846153846,35.16923076923077,262,60,1,0.01
1010,188,-6836.0,36.026595744680854,36.952127659574465,174,47,1,0.01
1011,164,-6296.0,38.05487804878049,39.03048780487805,160,38,1,0.01
1012,273,-9337.0,34.0,34.99633699633699,272,63,1,0.01
1013,113,-4131.0,35.982300884955755,36.88495575221239,102,27,1,0.01
1014,121,-4339.0,35.43801652892562,36.33057851239669,108,30,1,0.01
1015,190,-6287.0,32.805263157894736,33.67894736842105,166,44,1,0.01
1016,296,-11435.0,38.45608108108108,39.38175675675676,274,72,1,0.01
1017,312,-10300.0,32.830128205128204,33.78846153846154,299,74,1,0.01
1018,188,-7238.0,38.170212765957444,39.08510638297872,172,48,1,0.01
1019,176,-5629.0,31.65340909090909,32.375,127,54,1,0.01
1020,227,-8243.0,36.08810572687225,36.97797356828194,202,60,1,0.01
1021,291,-10531.0,35.98969072164948,36.96219931271477,283,72,1,0.01
1022,361,-14929.0,41.21883656509695,42.337950138504155,404,71,1,0.01
1023,257,-9772.0,37.82101167315175,38.82101167315175,257,55,1,0.01
1024,189,-7036.0,36.925925925925924,37.97883597883598,199,42,1,0.01
1025,163,-6073.0,36.92638036809816,37.920245398773005,162,37,1,0.01
1026,284,-9974.0,34.929577464788736,35.98943661971831,301,60,1,0.01
1027,311,-11985.0,38.356913183279744,39.38263665594855,319,69,1,0.01
1028,378,-13639.0,35.939153439153436,36.94179894179894,379,89,1,0.01
1029,265,-9898.0,37.158490566037734,38.23018867924528,284,59,1,0.01
1030,385,-12027.0,31.0987012987013,32.05974025974026,370,89,1,0.01
1031,210,-7954.0,37.62380952380953,38.614285714285714,208,47,1,0.01
1032,111,-3892.0,34.52252252252252,35.36036036036036,93,22,1,0.01
1033,143,-5094.0,35.25874125874126,36.17482517482517,131,31,1,0.01
1034,273,-9735.0,35.45054945054945,36.494505494505496,285,51,1,0.01
1035,322,-12462.0,38.54037267080745,39.608695652173914,344,67,1,0.01
1036,245,-8182.0,33.179591836734694,34.10612244897959,227,56,1,0.01
1037,91,-3092.0,33.35164835164835,34.032967032967036,62,27,1,0.01
1038,328,-12007.0,36.4390243902439,37.44512195121951,330,69,1,0.01
1039,186,-6263.0,33.413978494623656,34.31182795698925,167,49,1,0.01
1040,216,-6947.0,31.90740740740741,32.800925925925924,193,56,1,0.01
1041,143,-5043.0,34.90909090909091,35.70629370629371,114,39,1,0.01
1042,341,-12724.0,37.146627565982406,38.193548387096776,357,72,1,0.01
1043,399,-17063.0,42.61904761904762,43.711779448621556,436,88,1,0.01
1044,392,-16451.0,41.83673469387755,42.923469387755105,426,79,1,0.01
1045,179,-6090.0,33.737430167597765,34.608938547486034,156,44,1,0.01
1046,238,-8446.0,35.21008403361345,36.09243697478992,210,44,1,0.01
1047,248,-8634.0,34.608870967741936,35.49596774193548,220,61,1,0.01
1048,244,-9177.0,37.377049180327866,38.46311475409836,265,48,1,0.01
1049,322,-9978.0,30.82608695652174,31.838509316770185,326,64,1,0.01
1050,166,-6550.0,39.13855421686747,40.0,143,41,1,0.01
1051,273,-9792.0,35.67032967032967,36.666666666666664,272,57,1,0.01
1052,217,-8181.0,37.3963133640553,38.27188940092166,190,46,1,0.01
1053,148,-4267.0,28.47972972972973,29.14189189189189,98,39,1,0.01
1054,263,-10060.0,38.02281368821293,38.98859315589353,254,62,1,0.01
1055,237,-7917.0,33.19831223628692,34.10548523206751,215,56,1,0.01
1056,155,-4577.0,29.2,29.954838709677418,117,39,1,0.01
1057,321,-12140.0,37.626168224299064,38.638629283489095,325,66,1,0.01
1058,172,-5553.0,32.0,32.848837209302324,146,39,1,0.01
1059,246,-9332.0,37.71544715447155,38.670731707317074,235,49,1,0.01
1060,148,-4938.0,33.04054054054054,33.86486486486486,122,32,1,0.01
1061,199,-6414.0,31.944723618090453,32.8391959798995,178,48,1,0.01
1062,223,-8281.0,36.89686098654708,37.847533632286996,212,49,1,0.01
1063,269,-10834.0,40.02973977695167,41.014869888475836,265,66,1,0.01
1064,500,-19694.0,39.28,40.36,540,98,0,0.01
1065,287,-9890.0,34.24738675958188,35.23693379790941,284,70,1,0.01
1066,118,-4935.0,41.20338983050848,41.74576271186441,64,26,1,0.01
1067,135,-4468.0,32.68888888888889,33.4,96,40,1,0.01
1068,176,-6598.0,37.19318181818182,38.1875,175,38,1,0.01
1069,318,-13266.0,41.5314465408805,42.490566037735846,305,78,1,0.01
1070,358,-11778.0,32.75698324022346,33.6731843575419,328,89,1,0.01
1071,192,-6365.0,32.833333333333336,33.739583333333336,174,43,1,0.01
1072,152,-4998.0,32.5328947368421,33.26973684210526,112,41,1,0.01
1073,327,-14384.0,43.81957186544342,44.8868501529052,349,71,1,0.01
1074,152,-5799.0,37.796052631578945,38.67763157894737,134,36,1,0.01
1075,323,-10960.0,33.76160990712074,34.77708978328173,328,73,1,0.01
1076,424,-15718.0,36.948113207547166,38.04009433962264,463,88,1,0.01
1077,187,-6518.0,34.54010695187166,35.43850267379679,168,45,1,0.01
1078,500,-17238.0,34.392,35.464,536,113,0,0.01
1079,395,-19037.0,48.02278481012658,49.08860759493671,421,86,1,0.01
1080,205,-8055.0,38.97073170731707,39.892682926829266,189,51,1,0.01
1081,191,-7920.0,41.12041884816754,41.92670157068063,154,56,1,0.01
1082,317,-11828.0,37.126182965299684,38.03785488958991,289,81,1,0.01
1083,262,-10375.0,39.38167938931298,40.24809160305343,227,71,1,0.01
1084,107,-3186.0,29.242990654205606,29.91588785046729,72,33,1,0.01
1085,183,-7256.0,39.31693989071038,40.224043715846996,166,48,1,0.01
1086,165,-4767.0,28.545454545454547,29.43030303030303,146,43,1,0.01
1087,189,-7467.0,39.17989417989418,40.12169312169312,178,48,1,0.01
1088,181,-5690.0,31.138121546961326,31.955801104972377,148,44,1,0.01
1089,161,-5620.0,34.52795031055901,35.32919254658385,129,45,1,0.01
1090,173,-7037.0,40.323699421965316,41.32947976878613,174,36,1,0.01
1091,111,-3514.0,31.18018018018018,31.92792792792793,83,29,1,0.01
1092,134,-4261.0,31.388059701492537,32.276119402985074,119,34,1,0.01
1093,170,-6190.0,36.09411764705882,36.96470588235294,148,46,1,0.01
1094,189,-6566.0,34.423280423280424,35.25396825396825,157,44,1,0.01
1095,190,-6509.0,33.95263157894737,34.78947368421053,159,51,1,0.01
1096,193,-6757.0,34.66839378238342,35.61658031088083,183,45,1,0.01
1097,164,-6556.0,39.63414634146341,40.451219512195124,134,41,1,0.01
1098,269,-8762.0,32.3457249070632,33.25278810408922,244,68,1,0.01
1099,292,-10244.0,34.86643835616438,35.79794520547945,272,68,1,0.01
1100,237,-8555.0,35.82700421940928,36.75105485232068,219,54,1,0.01
1101,133,-4899.0,36.42857142857143,37.285714285714285,114,34,1,0.01
1102,191,-6909.0,35.89528795811518,36.795811518324605,172,45,1,0.01
1103,371,-13661.0,36.649595687331534,37.649595687331534,371,85,1,0.01
1104,500,-18794.0,37.506,38.608,551,97,0,0.01
1105,232,-7757.0,33.185344827586206,34.06896551724138,205,53,1,0.01
1106,270,-9356.0,34.44444444444444,35.34444444444444,243,70,1,0.01
1107,241,-7396.0,30.481327800829874,31.3402489626556,207,62,1,0.01
1108,245,-8059.0,32.68571428571428,33.60408163265306,225,58,1,0.01
1109,214,-8693.0,40.2803738317757,41.271028037383175,212,53,1,0.01
1110,246,-9346.0,37.6910569105691,38.548780487804876,211,65,1,0.01
1111,258,-11469.0,44.166666666666664,45.06976744186046,233,64,1,0.01
1112,169,-6785.0,39.69822485207101,40.5207100591716,139,46,1,0.01
1113,129,-5776.0,44.29457364341085,45.17054263565891,113,34,1,0.01
1114,233,-9917.0,42.24034334763949,43.18454935622318,220,54,1,0.01
1115,370,-16646.0,44.76486486486486,45.73513513513514,359,92,1,0.01
1116,205,-8982.0,43.42439024390244,44.19024390243902,157,59,1,0.01
1117,215,-8637.0,39.8,40.57209302325582,166,64,1,0.01
1118,129,-4166.0,31.8062015503876,32.49612403100775,89,37,1,0.01
1119,261,-10054.0,38.298850574712645,39.31417624521073,265,60,1,0.01
1120,228,-10287.0,44.83771929824562,45.75438596491228,209,53,1,0.01
1121,223,-7306.0,32.45291479820628,33.25560538116592,179,59,1,0.01
1122,187,-5156.0,27.245989304812834,28.080213903743317,156,44,1,0.01
1123,238,-9209.0,38.41596638655462,39.26470588235294,202,57,1,0.01
1124,148,-5329.0,35.601351351351354,36.4527027027027,126,37,1,0.01
1125,496,-20899.0,41.95967741935484,43.046370967741936,539,97,1,0.01
1126,151,-6459.0,42.258278145695364,43.00662251655629,113,37,1,0.01
1127,371,-16225.0,43.57142857142857,44.711590296495956,423,72,1,0.01
1128,310,-12975.0,41.65806451612903,42.651612903225804,308,68,1,0.01
1129,144,-5692.0,39.11805555555556,39.854166666666664,106,35,1,0.01
1130,238,-10820.0,45.19747899159664,46.273109243697476,256,43,1,0.01
1131,170,-8588.0,49.98823529411764,50.77647058823529,134,46,1,0.01
1132,202,-7445.0,36.50990099009901,37.43069306930693,186,47,1,0.01
1133,136,-4520.0,32.81617647058823,33.75735294117647,128,27,1,0.01
1134,324,-13115.0,40.25617283950617,41.26851851851852,328,72,1,0.01
1135,384,-21258.0,55.122395833333336,56.026041666666664,347,96,1,0.01
1136,147,-7992.0,53.625850340136054,54.08163265306123,67,54,1,0.01
1137,156,-5922.0,37.55769230769231,38.416666666666664,134,42,1,0.01
1138,120,-4231.0,34.725,35.31666666666667,71,34,1,0.01
1139,174,-6717.0,38.28735632183908,39.247126436781606,167,42,1,0.01
1140,113,-4485.0,39.150442477876105,39.991150442477874,95,28,1,0.01
1141,309,-14682.0,47.25889967637541,48.22330097087379,298,75,1,0.01
1142,385,-17900.0,46.25454545454546,47.21038961038961,368,96,1,0.01
1143,247,-9765.0,39.12955465587044,39.902834008097166,191,67,1,0.01
1144,160,-5920.0,36.60625,37.45625,136,41,1,0.01
1145,318,-16462.0,51.380503144654085,52.119496855345915,235,84,1,0.01
1146,271,-10966.0,40.2140221402214,41.2140221402214,271,62,1,0.01
1147,420,-22182.0,52.60952380952381,53.607142857142854,419,101,1,0.01
1148,291,-13480.0,46.03780068728523,47.02061855670103,286,69,1,0.01
1149,197,-6892.0,34.7005076142132,35.69543147208122,196,40,1,0.01
1150,430,-22463.0,51.986046511627904,52.93488372093023,408,104,1,0.01
1151,250,-10854.0,43.148,44.064,229,65,1,0.01
1152,154,-7862.0,50.37012987012987,50.87012987012987,77,53,1,0.01
1153,258,-7984.0,30.709302325581394,31.686046511627907,252,59,1,0.01
1154,326,-15662.0,47.76687116564417,48.69938650306749,304,80,1,0.01
1155,211,-10571.0,49.54502369668246,50.199052132701425,138,68,1,0.01
1156,230,-12339.0,53.18695652173913,53.9,164,70,1,0.01
1157,226,-10953.0,47.95132743362832,48.5353982300885,132,77,1,0.01
1158,156,-7151.0,45.39102564102564,46.1025641025641,111,46,1,0.01
1159,241,-11273.0,46.38174273858921,47.24066390041494,207,67,1,0.01
1160,255,-10918.0,42.46666666666667,43.34117647058824,223,68,1,0.01
1161,98,-3097.0,31.010204081632654,31.683673469387756,66,28,1,0.01
1162,225,-8161.0,35.99111111111111,36.88,200,56,1,0.01
1163,168,-8546.0,50.45238095238095,51.31547619047619,145,46,1,0.01
1164,231,-12383.0,53.16017316017316,53.95238095238095,183,68,1,0.01
1165,413,-19502.0,47.00484261501211,48.041162227602904,428,98,1,0.01
1166,140,-7274.0,51.32142857142857,51.864285714285714,76,49,1,0.01
1167,108,-3762.0,34.2962962962963,34.99074074074074,75,32,1,0.01
1168,222,-7409.0,33.0990990990991,33.81981981981982,160,63,1,0.01
1169,213,-9979.0,46.436619718309856,47.34272300469483,193,56,1,0.01
1170,246,-9304.0,37.58536585365854,38.50813008130081,227,57,1,0.01
1171,216,-8866.0,40.754629629629626,41.5462962962963,171,59,1,0.01
1172,209,-6845.0,32.49760765550239,33.25358851674641,158,57,1,0.01
1173,192,-5880.0,30.338541666666668,31.171875,160,42,1,0.01
1174,277,-13954.0,50.04693140794224,50.92418772563177,243,71,1,0.01
1175,215,-7656.0,35.372093023255815,36.223255813953486,183,51,1,0.01
1176,180,-6375.0,35.1,35.95,153,45,1,0.01
1177,177,-5706.0,31.949152542372882,32.77401129943503,146,46,1,0.01
1178,213,-8997.0,41.901408450704224,42.74647887323944,180,55,1,0.01
1179,192,-7908.0,40.890625,41.786458333333336,172,45,1,0.01
1180,276,-14175.0,51.11231884057971,52.083333333333336,268,63,1,0.01
1181,250,-11362.0,45.136,46.084,237,62,1,0.01
1182,120,-5593.0,45.90833333333333,46.608333333333334,84,29,1,0.01
1183,292,-13291.0,45.19178082191781,46.02054794520548,242,75,1,0.01
1184,186,-8075.0,42.983870967741936,43.784946236559136,149,52,1,0.01
1185,273,-13137.0,47.79120879120879,48.65201465201465,235,73,1,0.01
1186,203,-9336.0,45.58128078817734,46.34975369458128,156,62,1,0.01
1187,214,-9110.0,42.1588785046729,42.97196261682243,174,51,1,0.01
1188,500,-19383.0,38.674,39.748,537,99,0,0.01
1189,228,-10166.0,44.25,45.1578947368421,207,47,1,0.01
1190,176,-5883.0,33.10795454545455,33.94886363636363,148,43,1,0.01
1191,140,-5955.0,42.07857142857143,43.02857142857143,133,29,1,0.01
1192,139,-4866.0,34.60431654676259,35.37410071942446,107,37,1,0.01
1193,500,-22230.0,44.35,45.438,544,103,0,0.01
1194,500,-22875.0,45.608,46.666,529,100,0,0.01
1195,183,-6613.0,35.78142076502732,36.63387978142077,156,50,1,0.01
1196,364,-13734.0,37.543956043956044,38.574175824175825,375,75,1,0.01
1197,437,-22534.0,51.382151029748286,52.37070938215103,432,93,1,0.01
1198,355,-14350.0,40.23943661971831,41.202816901408454,342,83,1,0.01
1199,277,-8868.0,31.79783393501805,32.7870036101083,274,60,1,0.01
1200,119,-4145.0,34.32773109243698,35.03361344537815,84,32,1,0.01
1201,181,-6485.0,35.50276243093923,36.34254143646409,152,48,1,0.01
1202,179,-7956.0,43.98882681564246,44.83798882681564,152,46,1,0.01
1203,319,-14371.0,44.79623824451411,45.658307210031346,275,86,1,0.01
1204,134,-4825.0,35.57462686567164,36.343283582089555,103,32,1,0.01
1205,129,-5114.0,39.17829457364341,40.007751937984494,107,34,1,0.01
1206,215,-10640.0,49.17674418604651,50.14418604651163,208,49,1,0.01
1207,137,-5730.0,41.29197080291971,41.99270072992701,96,36,1,0.01
1208,352,-15526.0,43.89204545454545,44.86363636363637,342,62,1,0.01
1209,141,-5951.0,41.652482269503544,42.40425531914894,106,37,1,0.01
1210,236,-10029.0,42.067796610169495,42.90677966101695,198,42,1,0.01
1211,452,-19241.0,42.40929203539823,43.453539823008846,472,83,1,0.01
1212,444,-20633.0,46.306306306306304,47.31306306306306,447,82,1,0.01
1213,245,-10265.0,41.583673469387755,42.518367346938774,229,55,1,0.01
1214,186,-6801.0,36.22043010752688,37.075268817204304,159,43,1,0.01
1215,455,-20808.0,45.59340659340659,46.69010989010989,499,83,1,0.01
1216,238,-8463.0,35.30672268907563,36.3235294117647,242,56,1,0.01
1217,245,-11137.0,45.19183673469388,46.138775510204084,232,49,1,0.01
1218,108,-3765.0,34.324074074074076,35.01851851851852,75,27,1,0.01
1219,488,-22078.0,45.10450819672131,46.1905737704918,530,91,1,0.01
1220,186,-9809.0,52.306451612903224,53.13978494623656,155,39,1,0.01
1221,157,-5819.0,36.68789808917197,37.52866242038217,132,35,1,0.01
1222,259,-9894.0,37.91119691119691,38.83011583011583,238,62,1,0.01
1223,148,-6719.0,44.858108108108105,45.486486486486484,93,42,1,0.01
1224,127,-4949.0,38.51968503937008,39.275590551181104,96,35,1,0.01
1225,163,-7115.0,43.2760736196319,44.23312883435583,156,35,1,0.01
1226,193,-7933.0,40.73575129533679,41.56476683937824,160,53,1,0.01
1227,159,-6155.0,38.314465408805034,39.0251572327044,113,44,1,0.01
1228,382,-18891.0,49.24083769633508,50.28010471204188,397,81,1,0.01
1229,315,-13571.0,42.89523809523809,43.888888888888886,313,67,1,0.01
1230,122,-5308.0,42.92622950819672,43.557377049180324,77,31,1,0.01
1231,236,-11614.0,48.813559322033896,49.61864406779661,190,59,1,0.01
1232,137,-4802.0,34.583941605839414,35.44525547445255,118,34,1,0.01
1233,279,-13351.0,47.59139784946237,48.40501792114696,227,73,1,0.01
1234,155,-5348.0,34.05161290322581,34.81290322580645,118,38,1,0.01
1235,381,-19004.0,49.750656167979,50.824146981627294,409,74,1,0.01
1236,287,-14991.0,51.98257839721254,52.926829268292686,271,74,1,0.01
1237,500,-19823.0,39.544,40.586,521,97,0,0.01
1238,220,-9297.0,41.85909090909091,42.89090909090909,227,46,1,0.01
1239,407,-18433.0,45.11056511056511,46.13759213759214,418,83,1,0.01
1240,121,-5534.0,45.00826446280992,45.59504132231405,71,37,1,0.01
1241,200,-7507.0,37.205,38.1,179,49,1,0.01
1242,307,-14649.0,47.51465798045603,48.4527687296417,288,65,1,0.01
1243,253,-12571.0,49.40711462450593,50.383399209486164,247,57,1,0.01
1244,115,-3698.0,31.678260869565218,32.28695652173913,70,37,1,0.01
1245,106,-3636.0,33.801886792452834,34.54716981132076,79,27,1,0.01
1246,248,-12479.0,50.03629032258065,50.94758064516129,226,57,1,0.01
1247,222,-9326.0,41.707207207207205,42.707207207207205,222,49,1,0.01
1248,163,-7081.0,43.061349693251536,43.93251533742331,142,41,1,0.01
1249,192,-7805.0,40.234375,40.984375,144,45,1,0.01
1250,210,-9492.0,44.838095238095235,45.67142857142857,175,54,1,0.01
1251,331,-13424.0,40.323262839879156,41.29607250755287,322,76,1,0.01
1252,266,-10797.0,40.36466165413534,41.34586466165413,261,60,1,0.01
1253,165,-7159.0,42.842424242424244,43.35757575757576,85,54,1,0.01
1254,220,-9038.0,40.81363636363636,41.804545454545455,218,45,1,0.01
1255,162,-6669.0,40.75308641975309,41.598765432098766,137,36,1,0.01
1256,232,-11327.0,48.543103448275865,49.4051724137931,200,58,1,0.01
1257,177,-6380.0,35.740112994350284,36.48022598870057,131,50,1,0.01
1258,258,-9302.0,35.810077519379846,36.74418604651163,241,63,1,0.01
1259,168,-6300.0,37.160714285714285,37.93452380952381,130,42,1,0.01
1260,169,-6612.0,38.73372781065089,39.514792899408285,132,48,1,0.01
1261,107,-3846.0,35.308411214953274,36.00934579439252,75,31,1,0.01
1262,260,-9247.0,35.35769230769231,36.34230769230769,256,59,1,0.01
1263,198,-7683.0,38.48989898989899,39.36363636363637,173,40,1,0.01
1264,179,-8371.0,46.41899441340782,47.30167597765363,158,44,1,0.01
1265,194,-6549.0,33.47938144329897,34.345360824742265,168,50,1,0.01
1266,151,-6185.0,40.58278145695364,41.34437086092715,115,37,1,0.01
1267,266,-10050.0,37.59398496240601,38.50751879699248,243,60,1,0.01
1268,266,-12072.0,45.16541353383459,46.1203007518797,254,57,1,0.01
1269,121,-4548.0,37.13223140495868,37.93388429752066,97,30,1,0.01
1270,157,-6334.0,39.961783439490446,40.71337579617835,118,40,1,0.01
1271,187,-6842.0,36.24598930481283,37.19786096256684,178,48,1,0.01
1272,225,-8943.0,39.49333333333333,40.52,231,50,1,0.01
1273,132,-5191.0,38.89393939393939,39.79545454545455,119,31,1,0.01
1274,246,-10434.0,42.17886178861789,43.10162601626016,227,60,1,0.01
1275,200,-7295.0,36.17,37.11,188,48,1,0.01
1276,280,-9445.0,33.525,34.46785714285714,264,62,1,0.01
1277,127,-4771.0,37.04724409448819,37.976377952755904,118,32,1,0.01
1278,207,-9624.0,46.19806763285024,47.04830917874396,176,53,1,0.01
1279,122,-4612.0,37.368852459016395,38.16393442622951,97,35,1,0.01
1280,207,-7864.0,37.710144927536234,38.54589371980676,173,54,1,0.01
1281,131,-4786.0,36.099236641221374,36.908396946564885,106,36,1,0.01
1282,132,-4636.0,34.666666666666664,35.54545454545455,116,33,1,0.01
1283,230,-7478.0,32.26521739130435,33.09130434782609,190,62,1,0.01
1284,140,-5986.0,42.35,43.08571428571429,103,40,1,0.01
1285,137,-4859.0,35.051094890510946,35.72992700729927,93,38,1,0.01
1286,138,-4155.0,29.702898550724637,30.355072463768117,90,43,1,0.01
1287,156,-5161.0,32.71153846153846,33.53846153846154,129,39,1,0.01
1288,162,-5595.0,34.19753086419753,35.06172839506173,140,42,1,0.01
1289,174,-6584.0,37.5,38.28735632183908,137,42,1,0.01
1290,99,-3618.0,35.96969696969697,36.696969696969695,72,24,1,0.01
1291,246,-10245.0,41.43089430894309,42.34146341463415,224,55,1,0.01
1292,119,-4418.0,36.563025210084035,37.36134453781513,95,28,1,0.01
1293,207,-8374.0,40.14009661835749,41.05797101449275,190,51,1,0.01
1294,225,-9339.0,41.22666666666667,42.14222222222222,206,55,1,0.01
1295,130,-4483.0,34.06923076923077,34.88461538461539,106,33,1,0.01
1296,134,-5277.0,38.992537313432834,39.87313432835821,118,36,1,0.01
1297,193,-6932.0,35.61139896373057,36.476683937823836,167,48,1,0.01
1298,146,-6400.0,43.42465753424658,44.28767123287671,126,38,1,0.01
1299,118,-3256.0,27.10169491525424,27.779661016949152,80,33,1,0.01
1300,172,-6539.0,37.66279069767442,38.53488372093023,150,41,1,0.01
1301,318,-14449.0,45.22641509433962,46.20125786163522,310,79,1,0.01
1302,204,-8949.0,43.57843137254902,44.60294117647059,209,48,1,0.01
1303,170,-5910.0,34.48235294117647,35.31764705882353,142,43,1,0.01
1304,220,-7540.0,34.00909090909091,34.872727272727275,190,60,1,0.01
1305,228,-9970.0,43.43421052631579,44.36842105263158,213,55,1,0.01
1306,140,-4702.0,33.2,34.0,112,38,1,0.01
1307,264,-9981.0,37.59469696969697,38.51893939393939,244,65,1,0.01
1308,322,-14712.0,45.43788819875776,46.475155279503106,334,63,1,0.01
1309,121,-3993.0,32.54545454545455,33.28099173553719,89,34,1,0.01
1310,135,-4619.0,33.785185185185185,34.63703703703704,115,32,1,0.01
1311,122,-4569.0,36.9344262295082,37.622950819672134,84,39,1,0.01
1312,162,-5911.0,36.135802469135804,37.03086419753087,145,35,1,0.01
1313,198,-8019.0,40.17171717171717,40.95454545454545,155,47,1,0.01
1314,101,-3704.0,36.10891089108911,36.9009900990099,80,24,1,0.01
1315,192,-6941.0,35.833333333333336,36.729166666666664,172,48,1,0.01
1316,158,-5752.0,36.03164556962025,36.81012658227848,123,43,1,0.01
1317,208,-8975.0,42.87019230769231,43.79326923076923,192,51,1,0.01
1318,180,-6892.0,37.96111111111111,38.7,133,49,1,0.01
1319,165,-5819.0,34.86666666666667,35.7030303030303,138,41,1,0.01
1320,426,-16948.0,39.65727699530517,40.683098591549296,437,98,1,0.01
1321,250,-11228.0,44.656,45.56,226,64,1,0.01
1322,164,-5877.0,35.426829268292686,36.33536585365854,149,37,1,0.01
1323,107,-4171.0,38.429906542056074,39.205607476635514,83,31,1,0.01
1324,208,-9249.0,44.06730769230769,44.92788461538461,179,47,1,0.01
1325,182,-6529.0,35.565934065934066,36.467032967032964,164,43,1,0.01
1326,204,-7692.0,37.42156862745098,38.34803921568628,189,47,1,0.01
1327,157,-4702.0,29.630573248407643,30.43949044585987,127,40,1,0.01
1328,202,-7529.0,36.995049504950494,37.886138613861384,180,44,1,0.01
1329,219,-7171.0,32.51598173515982,33.36529680365297,186,57,1,0.01
1330,181,-5783.0,31.640883977900554,32.607734806629836,175,35,1,0.01
1331,414,-15028.0,36.16183574879227,37.22222222222222,439,77,1,0.01
1332,293,-10696.0,36.32764505119454,37.351535836177476,300,59,1,0.01
1333,176,-5309.0,29.869318181818183,30.761363636363637,157,40,1,0.01
1334,309,-12006.0,38.679611650485434,39.724919093851135,323,71,1,0.01
1335,403,-15900.0,39.292803970223325,40.35235732009926,427,81,1,0.01
1336,171,-5800.0,33.567251461988306,34.380116959064324,139,39,1,0.01
1337,176,-7085.0,39.79545454545455,40.5,124,47,1,0.01
1338,296,-10911.0,36.69932432432432,37.722972972972975,303,57,1,0.01
1339,192,-7181.0,37.135416666666664,37.979166666666664,162,40,1,0.01
1340,293,-10106.0,34.29351535836177,35.23890784982935,277,66,1,0.01
1341,250,-8369.0,33.272,34.308,259,52,1,0.01
1342,483,-20383.0,42.091097308488614,43.15320910973085,513,101,1,0.01
1343,163,-6265.0,38.02453987730061,38.83435582822086,132,41,1,0.01
1344,248,-8799.0,35.270161290322584,36.25806451612903,245,52,1,0.01
1345,118,-3727.0,31.127118644067796,31.78813559322034,78,33,1,0.01
1346,204,-6952.0,33.76960784313726,34.490196078431374,147,58,1,0.01
1347,201,-8484.0,41.865671641791046,42.756218905472636,179,51,1,0.01
1348,173,-6021.0,34.50289017341041,35.24277456647399,128,50,1,0.01
1349,425,-14570.0,34.14823529411765,35.12235294117647,414,99,1,0.01
1350,194,-6721.0,34.371134020618555,35.25257731958763,171,51,1,0.01
1351,120,-4328.0,35.625,36.43333333333333,97,29,1,0.01
1352,486,-16481.0,33.7962962962963,34.88065843621399,527,95,1,0.01
1353,500,-15709.0,31.328,32.294,483,99,0,0.01
1354,224,-8692.0,38.57142857142857,39.433035714285715,193,52,1,0.01
1355,143,-4368.0,30.16083916083916,30.95104895104895,113,38,1,0.01
1356,251,-8593.0,34.0,34.91235059760956,229,58,1,0.01
1357,348,-12872.0,36.81609195402299,37.8419540229885,357,78,1,0.01
1358,202,-7388.0,36.28712871287129,37.0990099009901,164,46,1,0.01
1359,439,-16145.0,36.662870159453306,37.724373576309794,466,90,1,0.01
1360,213,-7576.0,35.30046948356807,36.1924882629108,190,50,1,0.01
1361,354,-11958.0,33.62429378531073,34.559322033898304,331,87,1,0.01
1362,214,-8084.0,37.51401869158879,38.50934579439252,213,49,1,0.01
1363,100,-3218.0,31.63,32.55,92,23,1,0.01
1364,172,-5945.0,34.22674418604651,35.093023255813954,149,41,1,0.01
1365,195,-6910.0,35.174358974358974,36.16923076923077,194,43,1,0.01
1366,141,-4453.0,31.177304964539008,32.11347517730496,132,33,1,0.01
1367,396,-14581.0,36.656565656565654,37.72727272727273,424,76,1,0.01
1368,321,-10323.0,31.98753894080997,33.02803738317757,334,70,1,0.01
1369,453,-19024.0,41.88079470198676,42.99558498896247,505,88,1,0.01
1370,303,-10379.0,34.06600660066007,35.052805280528055,299,68,1,0.01
1371,249,-9244.0,36.89558232931727,37.94779116465863,262,52,1,0.01
1372,500,-18695.0,37.286,38.414,564,97,0,0.01
1373,334,-12625.0,37.6437125748503,38.724550898203596,361,70,1,0.01
1374,174,-6248.0,35.5919540229885,36.52873563218391,163,44,1,0.01
1375,500,-16801.0,33.516,34.55,517,112,0,0.01
1376,123,-4104.0,32.8780487804878,33.67479674796748,98,33,1,0.01
1377,500,-17266.0,34.434,35.526,546,105,0,0.01
1378,138,-4807.0,34.427536231884055,35.130434782608695,97,42,1,0.01
1379,500,-17786.0,35.494,36.612,559,98,0,0.01
1380,131,-4460.0,33.64885496183206,34.541984732824424,117,32,1,0.01
1381,215,-7171.0,33.11162790697674,34.12093023255814,217,51,1,0.01
1382,189,-6366.0,33.386243386243386,34.20634920634921,155,50,1,0.01
1383,283,-10325.0,36.28975265017668,37.38515901060071,310,56,1,0.01
1384,323,-10510.0,32.356037151702786,33.244582043343655,287,86,1,0.01
1385,500,-17716.0,35.354,36.452,549,105,0,0.01
1386,500,-18720.0,37.344,38.53,593,96,0,0.01
1387,485,-15371.0,31.567010309278352,32.542268041237115,473,108,1,0.01
1388,221,-9542.0,42.83710407239819,43.76018099547511,204,52,1,0.01
1389,500,-17708.0,35.33,36.522,596,96,0,0.01
1390,155,-4869.0,31.032258064516128,31.83225806451613,124,38,1,0.01
1391,376,-13674.0,36.226063829787236,37.3031914893617,405,80,1,0.01
1392,500,-18238.0,36.392,37.472,540,94,0,0.01
1393,144,-5036.0,34.56944444444444,35.44444444444444,126,32,1,0.01
1394,500,-20106.0,40.098,41.296,599,89,0,0.01
1395,340,-13626.0,39.911764705882355,41.06764705882353,393,62,1,0.01
1396,245,-7916.0,32.073469387755104,32.93469387755102,211,63,1,0.01
1397,500,-14344.0,28.604,29.628,512,112,0,0.01
1398,203,-8384.0,41.004926108374384,41.8423645320197,170,50,1,0.01
1399,173,-6095.0,34.92485549132948,35.95375722543353,178,32,1,0.01
1400,500,-14274.0,28.488,29.486,499,112,0,0.01
1401,312,-10759.0,34.31730769230769,35.37179487179487,329,65,1,0.01
1402,500,-16453.0,32.85,34.066,608,90,0,0.01
1403,152,-5246.0,34.11842105263158,34.973684210526315,130,40,1,0.01
1404,234,-11308.0,48.02136752136752,49.08119658119658,248,49,1,0.01
1405,500,-15103.0,30.142,31.334,596,86,0,0.01
1406,489,-21585.0,43.989775051124745,45.09815950920245,542,99,1,0.01
1407,448,-18037.0,40.11830357142857,41.21205357142857,490,92,1,0.01
1408,218,-8007.0,36.46330275229358,37.362385321100916,196,55,1,0.01
1409,500,-18121.0,36.174,37.296,561,91,0,0.01
1410,231,-10765.0,46.38961038961039,47.43722943722944,242,47,1,0.01
1411,144,-4901.0,33.59722222222222,34.388888888888886,114,36,1,0.01
1412,313,-14499.0,46.07667731629393,47.054313099041536,306,71,1,0.01
1413,170,-6760.0,39.3235294117647,40.2,149,35,1,0.01
1414,473,-18700.0,39.42706131078224,40.50951374207188,512,94,1,0.01
1415,290,-10801.0,37.0448275862069,37.9448275862069,261,67,1,0.01
1416,321,-11552.0,35.80685358255452,36.82554517133956,327,70,1,0.01
1417,283,-9656.0,33.90106007067138,34.84805653710247,268,59,1,0.01
1418,398,-15930.0,39.85427135678392,40.869346733668344,404,80,1,0.01
1419,500,-20607.0,41.1,42.116,508,107,0,0.01
1420,151,-5375.0,35.17218543046358,35.90728476821192,111,43,1,0.01
1421,162,-6555.0,40.04320987654321,41.074074074074076,167,34,1,0.01
1422,409,-14701.0,35.80440097799511,36.82885085574572,419,93,1,0.01
1423,500,-20022.0,39.974,41.04,533,108,0,0.01
1424,183,-8747.0,47.486338797814206,48.486338797814206,183,43,1,0.01
1425,400,-18082.0,45.0575,46.1625,442,83,1,0.01
1426,135,-4810.0,35.237037037037034,36.074074074074076,113,34,1,0.01
1427,210,-10133.0,47.852380952380955,48.70952380952381,180,57,1,0.01
1428,290,-13795.0,47.296551724137935,48.19655172413793,261,76,1,0.01
1429,213,-7585.0,35.347417840375584,36.40845070422535,226,44,1,0.01
1430,294,-14319.0,48.45918367346939,49.51700680272109,311,64,1,0.01
1431,202,-8663.0,42.62871287128713,43.58910891089109,194,50,1,0.01
1432,500,-20834.0,41.568,42.706,569,94,0,0.01
1433,176,-7332.0,41.24431818181818,42.06818181818182,145,47,1,0.01
1434,169,-6017.0,35.27218934911242,36.06508875739645,134,46,1,0.01
1435,239,-9748.0,40.56066945606695,41.49790794979079,224,50,1,0.01
1436,273,-12054.0,43.9010989010989,44.92673992673993,280,57,1,0.01
1437,396,-15930.0,40.08585858585859,41.093434343434346,399,89,1,0.01
1438,188,-7625.0,40.159574468085104,41.047872340425535,167,43,1,0.01
1439,166,-6220.0,37.0722891566265,37.993975903614455,153,38,1,0.01
1440,150,-5607.0,36.93333333333333,37.76,124,41,1,0.01
1441,425,-18841.0,44.17411764705882,45.21411764705882,442,93,1,0.01
1442,269,-11282.0,41.657992565055764,42.51672862453532,231,68,1,0.01
1443,199,-8654.0,43.05527638190955,43.814070351758794,151,53,1,0.01
1444,181,-7563.0,41.31491712707182,42.04419889502763,132,45,1,0.01
1445,196,-9221.0,46.51020408163265,47.14795918367347,125,60,1,0.01
1446,162,-6605.0,40.28395061728395,41.05555555555556,125,47,1,0.01
1447,328,-14738.0,44.72256097560975,45.75914634146341,340,75,1,0.01
1448,452,-17223.0,37.953539823008846,39.008849557522126,477,97,1,0.01
1449,244,-10840.0,44.16803278688525,45.131147540983605,235,59,1,0.01
1450,228,-9240.0,40.16228070175438,41.030701754385966,198,55,1,0.01
1451,141,-4629.0,32.43262411347518,33.226950354609926,112,32,1,0.01
1452,223,-10324.0,45.88789237668161,46.61883408071749,163,63,1,0.01
1453,204,-8008.0,38.84313725490196,39.627450980392155,160,47,1,0.01
1454,165,-7577.0,45.551515151515154,46.42424242424242,144,38,1,0.01
1455,162,-6566.0,40.17283950617284,41.098765432098766,150,41,1,0.01
1456,120,-4644.0,38.208333333333336,38.95,89,32,1,0.01
1457,123,-5480.0,43.959349593495936,44.78048780487805,101,33,1,0.01
1458,192,-7063.0,36.427083333333336,37.244791666666664,157,50,1,0.01
1459,217,-8932.0,40.84331797235023,41.62672811059908,170,56,1,0.01
1460,137,-5698.0,41.2043795620438,42.065693430656935,118,32,1,0.01
1461,500,-18243.0,36.4,37.492,546,109,0,0.01
1462,420,-18504.0,43.93333333333333,45.02619047619048,459,89,1,0.01
1463,220,-9672.0,43.64545454545455,44.61818181818182,214,53,1,0.01
1464,420,-16399.0,38.88809523809524,39.96190476190476,451,88,1,0.01
1465,148,-4315.0,28.722972972972972,29.52027027027027,118,34,1,0.01
1466,467,-16546.0,35.29550321199144,36.42398286937902,527,89,1,0.01
1467,500,-16254.0,32.426,33.562,568,97,0,0.01
1468,500,-17281.0,34.494,35.65,578,96,0,0.01
1469,500,-16397.0,32.712,33.822,555,104,0,0.01
1470,482,-18469.0,38.20124481327801,39.267634854771785,514,103,1,0.01
1471,500,-17646.0,35.202,36.326,562,102,0,0.01
1472,152,-4767.0,30.92105263157895,31.55263157894737,96,47,1,0.01
1473,312,-11568.0,36.92628205128205,37.89423076923077,302,74,1,0.01
1474,500,-17655.0,35.264,36.436,586,100,0,0.01
1475,329,-11719.0,35.46504559270517,36.474164133738604,332,75,1,0.01
1476,500,-18930.0,37.8,38.982,591,94,0,0.01
1477,356,-16935.0,47.42134831460674,48.48314606741573,378,77,1,0.01
1478,456,-19006.0,41.55701754385965,42.64473684210526,496,98,1,0.01
1479,351,-13931.0,39.50712250712251,40.527065527065524,358,78,1,0.01
1480,500,-15833.0,31.612,32.756,572,103,0,0.01
1481,440,-16750.0,37.91590909090909,38.89090909090909,429,102,1,0.01
1482,204,-7509.0,36.544117647058826,37.544117647058826,204,39,1,0.01
1483,500,-15272.0,30.492,31.562,535,102,0,0.01
1484,312,-12082.0,38.53846153846154,39.50961538461539,303,76,1,0.01
1485,192,-5927.0,30.557291666666668,31.5,181,39,1,0.01
1486,500,-19266.0,38.454,39.586,566,97,0,0.01
1487,130,-4510.0,34.2,34.93846153846154,96,39,1,0.01
1488,500,-16374.0,32.668,33.768,550,107,0,0.01
1489,500,-18702.0,37.332,38.52,594,91,0,0.01
1490,397,-16269.0,40.83627204030227,41.96977329974811,450,81,1,0.01
1491,268,-8604.0,31.895522388059703,32.87313432835821,262,61,1,0.01
1492,145,-4494.0,30.662068965517243,31.413793103448278,109,42,1,0.01
1493,402,-12828.0,31.771144278606965,32.788557213930346,409,96,1,0.01
1494,500,-15949.0,31.826,32.906,540,107,0,0.01
1495,470,-16531.0,35.05531914893617,36.2,538,95,1,0.01
1496,464,-16268.0,34.928879310344826,35.9676724137931,482,103,1,0.01
1497,500,-18396.0,36.704,37.762,529,113,0,0.01
1498,500,-19614.0,39.15,40.33,590,99,0,0.01
1499,500,-20917.0,41.75,42.928,589,98,0,0.01
1500,500,-15848.0,31.624,32.662,519,116,0,0.01
1501,500,-15470.0,30.846,31.9,527,106,0,0.01
1502,500,-20002.0,39.92,40.992,536,106,0,0.01
1503,477,-17992.0,37.60377358490566,38.658280922431864,503,100,1,0.01
1504,270,-10151.0,37.3962962962963,38.53703703703704,308,54,1,0.01
1505,444,-16500.0,37.02477477477478,38.17567567567568,511,89,1,0.01
1506,500,-18881.0,37.704,38.932,614,93,0,0.01
1507,287,-10506.0,36.400696864111495,37.32404181184669,265,69,1,0.01
1508,157,-5856.0,36.955414012738856,37.955414012738856,157,39,1,0.01
1509,309,-11286.0,36.35598705501618,37.3915857605178,320,67,1,0.01
1510,500,-15268.0,30.462,31.552,545,110,0,0.01
1511,500,-16897.0,33.728,34.884,578,102,0,0.01
1512,278,-10352.0,37.03237410071942,37.97122302158273,261,67,1,0.01
1513,500,-17909.0,35.732,36.736,502,113,0,0.01
1514,293,-11479.0,38.98634812286689,40.0716723549488,318,60,1,0.01
1515,500,-18871.0,37.67,38.812,571,93,0,0.01
1516,500,-19243.0,38.404,39.538,567,102,0,0.01
1517,445,-17181.0,38.476404494382024,39.635955056179775,516,79,1,0.01
1518,191,-8705.0,45.26701570680628,46.397905759162306,216,37,1,0.01
1519,460,-17120.0,37.08695652173913,38.11086956521739,471,101,1,0.01
1520,500,-19144.0,38.208,39.256,524,103,0,0.01
1521,219,-7146.0,32.401826484018265,33.342465753424655,206,43,1,0.01
1522,201,-7463.0,36.865671641791046,37.75124378109453,178,46,1,0.01
1523,130,-4320.0,32.80769230769231,33.53846153846154,95,35,1,0.01
1524,370,-13595.0,36.58378378378379,37.729729729729726,424,73,1,0.01
1525,246,-8619.0,34.8130081300813,35.82520325203252,249,53,1,0.01
1526,500,-16213.0,32.338,33.414,538,104,0,0.01
1527,500,-16129.0,32.19,33.298,554,98,0,0.01
1528,382,-14502.0,37.81937172774869,38.88743455497382,408,77,1,0.01
1529,413,-15427.0,37.220338983050844,38.380145278450364,479,78,1,0.01
1530,349,-13550.0,38.66189111747851,39.713467048710605,367,64,1,0.01
1531,404,-14263.0,35.15594059405941,36.30940594059406,466,77,1,0.01
1532,500,-14885.0,29.688,30.76,536,98,0,0.01
1533,500,-15127.0,30.172,31.22,524,99,0,0.01
1534,500,-16265.0,32.474,33.598,562,94,0,0.01
1535,500,-18360.0,36.662,37.764,551,100,0,0.01
1536,500,-13678.0,27.288,28.352,532,101,0,0.01
1537,344,-12852.0,37.19767441860465,38.31104651162791,383,63,1,0.01
1538,500,-19003.0,37.914,39.026,556,82,0,0.01
1539,500,-17288.0,34.522,35.674,576,96,0,0.01
1540,328,-11434.0,34.69512195121951,35.74390243902439,344,60,1,0.01
1541,316,-10850.0,34.14873417721519,35.164556962025316,321,63,1,0.01
1542,138,-5469.0,39.2463768115942,40.108695652173914,119,26,1,0.01
1543,411,-15436.0,37.41849148418491,38.416058394160586,410,83,1,0.01
1544,191,-7540.0,39.16230366492147,40.17801047120419,194,36,1,0.01
1545,406,-17959.0,44.08866995073892,45.251231527093594,472,69,1,0.01
1546,208,-8744.0,41.77403846153846,42.875,229,37,1,0.01
1547,349,-13011.0,37.12320916905444,38.17765042979943,368,70,1,0.01
1548,163,-5510.0,33.4478527607362,34.41104294478528,157,36,1,0.01
1549,231,-7822.0,33.61471861471861,34.523809523809526,210,59,1,0.01
1550,449,-15769.0,34.98663697104677,36.042316258351896,474,90,1,0.01
1551,474,-14882.0,31.27426160337553,32.29113924050633,482,99,1,0.01
1552,301,-11299.0,37.352159468438536,38.269102990033225,276,64,1,0.01
1553,356,-15041.0,42.09550561797753,43.25,411,69,1,0.01
1554,500,-16162.0,32.25,33.346,548,103,0,0.01
1555,388,-13337.0,34.21907216494845,35.26030927835052,404,86,1,0.01
1556,478,-14531.0,30.278242677824267,31.276150627615063,477,99,1,0.01
1557,332,-12401.0,37.18072289156626,38.25301204819277,356,68,1,0.01
1558,347,-11818.0,33.887608069164266,34.829971181556196,327,75,1,0.01
1559,348,-11410.0,32.62643678160919,33.70402298850575,375,75,1,0.01
1560,343,-11913.0,34.57142857142857,35.565597667638485,341,74,1,0.01
1561,500,-16853.0,33.648,34.708,530,108,0,0.01
1562,500,-17895.0,35.644,36.672,514,106,0,0.01
1563,197,-6748.0,33.97969543147208,34.984771573604064,198,43,1,0.01
1564,160,-6985.0,43.275,44.10625,133,41,1,0.01
1565,132,-5902.0,44.15151515151515,44.871212121212125,95,39,1,0.01
1566,500,-20132.0,40.166,41.278,556,100,0,0.01
1567,411,-15313.0,37.08759124087591,38.14598540145985,435,83,1,0.01
1568,212,-7293.0,34.117924528301884,34.990566037735846,185,48,1,0.01
1569,266,-10093.0,37.7406015037594,38.80075187969925,282,57,1,0.01
1570,104,-3681.0,34.67307692307692,35.27884615384615,63,27,1,0.01
1571,408,-15107.0,36.870098039215684,37.950980392156865,441,87,1,0.01
1572,500,-20274.0,40.44,41.458,509,103,0,0.01
1573,115,-4284.0,36.71304347826087,37.51304347826087,92,31,1,0.01
1574,430,-16829.0,38.9953488372093,39.913953488372094,395,107,1,0.01
1575,430,-17059.0,39.53488372093023,40.56046511627907,441,96,1,0.01
1576,244,-8583.0,34.84426229508197,35.71311475409836,212,60,1,0.01
1577,216,-9081.0,41.717592592592595,42.68981481481482,210,54,1,0.01
1578,270,-8345.0,30.714814814814815,31.72962962962963,274,59,1,0.01
1579,279,-13219.0,47.04659498207885,47.92114695340502,244,72,1,0.01
1580,500,-19005.0,37.926,39.09,582,99,0,0.01
1581,486,-15722.0,32.24485596707819,33.34362139917695,534,100,1,0.01
1582,219,-9410.0,42.68493150684932,43.534246575342465,186,49,1,0.01
1583,172,-6248.0,35.95348837209303,36.73837209302326,135,41,1,0.01
1584,320,-13094.0,40.7375,41.825,348,69,1,0.01
1585,500,-17078.0,34.044,35.074,515,113,0,0.01
1586,158,-5161.0,32.322784810126585,33.13291139240506,128,41,1,0.01
1587,266,-10033.0,37.53007518796993,38.37593984962406,225,68,1,0.01
1588,365,-15907.0,43.35616438356164,44.35616438356164,365,91,1,0.01
1589,301,-12431.0,41.06312292358804,42.08305647840532,307,71,1,0.01
1590,174,-7801.0,44.333333333333336,45.06896551724138,128,48,1,0.01
1591,500,-18741.0,37.324,38.296,486,121,0,0.01
1592,239,-11991.0,49.77824267782427,50.59832635983263,196,64,1,0.01
1593,171,-6760.0,39.0233918128655,39.85964912280702,143,48,1,0.01
1594,190,-8066.0,42.026315789473685,42.810526315789474,149,54,1,0.01
1595,108,-5138.0,46.76851851851852,47.111111111111114,37,34,1,0.01
1596,192,-7913.0,40.796875,41.520833333333336,139,59,1,0.01
1597,211,-9867.0,46.308056872037916,47.19431279620853,187,53,1,0.01
1598,335,-15152.0,45.005970149253734,46.06865671641791,356,74,1,0.01
1599,196,-8508.0,43.05102040816327,43.92857142857143,172,53,1,0.01
1600,163,-6737.0,40.852760736196316,41.60122699386503,122,45,1,0.01
1601,196,-9621.0,48.61734693877551,49.423469387755105,158,59,1,0.01
1602,226,-10074.0,44.190265486725664,45.07079646017699,199,61,1,0.01
1603,165,-8221.0,49.23030303030303,49.92121212121212,114,52,1,0.01
1604,188,-8840.0,46.505319148936174,47.319148936170215,153,55,1,0.01
1605,299,-12435.0,41.2943143812709,42.13377926421405,251,75,1,0.01
1606,192,-6608.0,34.067708333333336,34.796875,140,53,1,0.01
1607,251,-12579.0,49.844621513944226,51.00796812749004,292,52,1,0.01
1608,500,-15932.0,31.796,32.894,549,99,0,0.01
1609,153,-5179.0,33.490196078431374,34.21568627450981,111,34,1,0.01
1610,500,-18404.0,36.72,37.818,549,98,0,0.01
1611,218,-6336.0,28.81192660550459,29.73394495412844,201,51,1,0.01
1612,238,-10065.0,42.02100840336134,42.9327731092437,217,50,1,0.01
1613,291,-9724.0,33.24054982817869,34.154639175257735,266,74,1,0.01
1614,160,-4716.0,29.15625,30.0125,137,38,1,0.01
1615,214,-8041.0,37.24766355140187,38.177570093457945,199,46,1,0.01
1616,387,-15430.0,39.72093023255814,40.746770025839794,397,68,1,0.01
1617,500,-23464.0,46.806,47.928,561,84,0,0.01
1618,183,-5954.0,32.23497267759563,33.09289617486339,157,34,1,0.01
1619,138,-4769.0,34.18115942028985,34.98550724637681,111,32,1,0.01
1620,376,-17552.0,46.454787234042556,47.41755319148936,362,72,1,0.01
1621,253,-11426.0,44.81422924901186,45.758893280632414,239,48,1,0.01
1622,173,-7267.0,41.61271676300578,42.49710982658959,153,33,1,0.01
1623,463,-19149.0,41.17494600431966,42.21598272138229,482,74,1,0.01
1624,174,-8046.0,45.78735632183908,46.62643678160919,146,37,1,0.01
1625,358,-15476.0,43.022346368715084,44.0,350,71,1,0.01
1626,430,-15985.0,36.986046511627904,37.92093023255814,402,93,1,0.01
1627,159,-6099.0,37.867924528301884,38.62893081761006,121,38,1,0.01
1628,188,-5228.0,27.54255319148936,28.324468085106382,147,40,1,0.01
1629,159,-6781.0,42.16981132075472,42.76100628930818,94,32,1,0.01
1630,203,-9703.0,47.35960591133005,47.97536945812808,125,58,1,0.01
1631,133,-5622.0,41.766917293233085,42.473684210526315,94,35,1,0.01
1632,172,-6883.0,39.56395348837209,40.348837209302324,135,32,1,0.01
1633,130,-3822.0,29.0,29.807692307692307,105,31,1,0.01
1634,218,-11231.0,51.206422018348626,52.05045871559633,184,56,1,0.01
1635,500,-18306.0,36.466,37.47,502,101,0,0.01
1636,318,-12876.0,40.283018867924525,41.229559748427675,301,65,1,0.01
1637,231,-10287.0,44.1991341991342,45.095238095238095,207,56,1,0.01
1638,357,-14373.0,40.08403361344538,41.08683473389356,358,64,1,0.01
1639,168,-6002.0,35.375,36.17261904761905,134,45,1,0.01
1640,204,-8320.0,40.46078431372549,41.44117647058823,200,42,1,0.01
1641,390,-14247.0,36.323076923076925,37.32820512820513,392,75,1,0.01
1642,426,-16705.0,39.02582159624413,40.01173708920188,420,76,1,0.01
1643,125,-3906.0,30.768,31.568,100,26,1,0.01
1644,500,-17827.0,35.532,36.526,497,98,0,0.01
1645,232,-12324.0,52.76293103448276,53.71120689655172,220,51,1,0.01
1646,203,-8434.0,41.10344827586207,41.69950738916256,121,58,1,0.01
1647,282,-10811.0,38.0177304964539,38.88652482269504,245,70,1,0.01
1648,187,-6970.0,36.898395721925134,37.74331550802139,158,45,1,0.01
1649,233,-10085.0,42.957081545064376,43.75965665236051,187,55,1,0.01
1650,369,-18454.0,49.826558265582655,50.91056910569106,400,75,1,0.01
1651,207,-6679.0,32.009661835748794,32.96135265700483,197,40,1,0.01
1652,417,-14867.0,35.53237410071942,36.57074340527578,433,82,1,0.01
1653,374,-14305.0,38.098930481283425,39.17914438502674,404,70,1,0.01
1654,500,-15647.0,31.224,32.296,536,93,0,0.01
1655,500,-19479.0,38.856,40.03,587,83,0,0.01
1656,201,-6876.0,33.930348258706466,34.85572139303483,186,42,1,0.01
1657,170,-5227.0,30.41764705882353,31.235294117647058,139,40,1,0.01
1658,495,-18124.0,36.48888888888889,37.52121212121212,511,97,1,0.01
1659,203,-7896.0,38.53694581280788,39.42857142857143,181,50,1,0.01
1660,383,-13456.0,35.00261096605744,36.01827676240209,389,75,1,0.01
1661,151,-4158.0,27.211920529801326,28.1523178807947,142,28,1,0.01
1662,213,-6550.0,30.502347417840376,31.455399061032864,203,47,1,0.01
1663,500,-19045.0,37.996,39.058,531,92,0,0.01
1664,500,-17644.0,35.194,36.204,505,114,0,0.01
1665,259,-12362.0,47.47876447876448,48.552123552123554,278,52,1,0.01
1666,500,-23441.0,46.764,47.892,564,83,0,0.01
1667,372,-14810.0,39.653225806451616,40.704301075268816,391,72,1,0.01
1668,500,-16720.0,33.338,34.392,527,98,0,0.01
1669,500,-17423.0,34.736,35.73,497,104,0,0.01
1670,214,-8883.0,41.205607476635514,42.05607476635514,182,47,1,0.01
1671,145,-5728.0,39.0551724137931,39.779310344827586,105,45,1,0.01
1672,124,-4147.0,33.016129032258064,33.725806451612904,88,36,1,0.01
1673,168,-5477.0,32.25595238095238,33.05952380952381,135,42,1,0.01
1674,206,-7869.0,37.92718446601942,38.92718446601942,206,42,1,0.01
1675,408,-15086.0,36.818627450980394,37.875,431,77,1,0.01
1676,234,-8025.0,34.047008547008545,34.927350427350426,206,60,1,0.01
1677,174,-5432.0,30.919540229885058,31.75287356321839,145,43,1,0.01
1678,331,-11995.0,36.07250755287009,37.08761329305136,336,69,1,0.01
1679,266,-10396.0,38.84586466165413,39.8609022556391,270,51,1,0.01
1680,275,-9322.0,33.70909090909091,34.665454545454544,263,54,1,0.01
1681,456,-16670.0,36.4078947368421,37.36842105263158,438,97,1,0.01
1682,266,-8212.0,30.68796992481203,31.67669172932331,263,54,1,0.01
1683,183,-5876.0,31.808743169398905,32.650273224043715,154,39,1,0.01
1684,500,-20624.0,41.11,42.202,546,95,0,0.01
1685,147,-4680.0,31.482993197278912,32.3469387755102,127,32,1,0.01
1686,500,-18697.0,37.336,38.506,585,89,0,0.01
1687,500,-22224.0,44.314,45.384,535,101,0,0.01
1688,500,-16297.0,32.522,33.626,552,98,0,0.01
1689,232,-9464.0,40.48275862068966,41.314655172413794,193,59,1,0.01
1690,122,-4586.0,37.10655737704918,37.81147540983606,86,33,1,0.01
1691,107,-4116.0,37.86915887850467,38.60747663551402,79,31,1,0.01
1692,274,-11218.0,40.63503649635037,41.64598540145985,277,63,1,0.01
1693,202,-8150.0,40.02970297029703,40.94059405940594,184,48,1,0.01
1694,500,-21178.0,42.294,43.398,552,98,0,0.01
1695,287,-11264.0,38.96864111498258,39.940766550522646,279,65,1,0.01
1696,247,-12164.0,48.91902834008097,49.92307692307692,248,53,1,0.01
1697,417,-17400.0,41.565947242206235,42.60431654676259,433,88,1,0.01
1698,500,-22181.0,44.234,45.268,517,106,0,0.01
1699,159,-7022.0,43.679245283018865,44.283018867924525,96,46,1,0.01
1700,220,-11532.0,52.06818181818182,53.018181818181816,209,47,1,0.01
1701,403,-18014.0,44.49627791563275,45.44665012406948,383,98,1,0.01
1702,170,-7843.0,45.72941176470588,46.588235294117645,146,45,1,0.01
1703,212,-7740.0,36.25471698113208,37.15094339622642,190,48,1,0.01
1704,165,-7295.0,43.70909090909091,44.43030303030303,119,46,1,0.01
1705,147,-5926.0,39.945578231292515,40.91156462585034,142,34,1,0.01
1706,200,-7378.0,36.565,37.445,176,49,1,0.01
1707,162,-7097.0,43.24074074074074,43.68518518518518,72,49,1,0.01
1708,254,-10275.0,40.153543307086615,41.08267716535433,236,54,1,0.01
1709,220,-10249.0,46.163636363636364,46.89545454545455,161,57,1,0.01
1710,341,-17264.0,50.401759530791786,51.42521994134897,349,80,1,0.01
1711,137,-4539.0,32.722627737226276,33.503649635036496,107,32,1,0.01
1712,121,-4340.0,35.33884297520661,36.107438016528924,93,33,1,0.01
1713,500,-21382.0,42.666,43.774,554,104,0,0.01
1714,256,-10177.0,39.546875,40.5625,260,56,1,0.01
1715,500,-18407.0,36.702,37.672,485,121,0,0.01
1716,199,-7110.0,35.42211055276382,36.120603015075375,139,52,1,0.01
1717,282,-11490.0,40.51063829787234,41.49290780141844,277,59,1,0.01
1718,121,-4862.0,39.735537190082646,40.50413223140496,93,33,1,0.01
1719,424,-17312.0,40.68867924528302,41.719339622641506,437,93,1,0.01
1720,119,-4268.0,35.38655462184874,36.20168067226891,97,24,1,0.01
1721,200,-7727.0,38.335,39.23,179,48,1,0.01
1722,252,-9436.0,37.21825396825397,38.257936507936506,262,57,1,0.01
1723,461,-18306.0,39.58785249457701,40.61605206073753,474,100,1,0.01
1724,286,-11907.0,41.39510489510489,42.45804195804196,304,60,1,0.01
1725,244,-8883.0,36.17622950819672,37.192622950819676,248,54,1,0.01
1726,164,-6889.0,41.676829268292686,42.75,176,32,1,0.01
1727,500,-18064.0,36.05,37.142,546,101,0,0.01
1728,188,-8280.0,43.58510638297872,44.388297872340424,151,47,1,0.01
1729,174,-6147.0,34.97701149425287,35.82183908045977,147,41,1,0.01
1730,140,-5114.0,36.035714285714285,36.73571428571429,98,38,1,0.01
1731,409,-16044.0,39.06601466992665,40.048899755501225,402,91,1,0.01
1732,214,-6499.0,30.088785046728972,30.89252336448598,172,49,1,0.01
1733,253,-10837.0,42.59683794466403,43.719367588932805,284,54,1,0.01
1734,325,-10015.0,30.636923076923075,31.636923076923075,325,76,1,0.01
1735,344,-13438.0,38.88662790697674,39.906976744186046,351,73,1,0.01
1736,165,-5131.0,30.76969696969697,31.684848484848484,151,39,1,0.01
1737,83,-2686.0,31.686746987951807,32.30120481927711,51,21,1,0.01
1738,108,-3763.0,34.25925925925926,35.175925925925924,99,27,1,0.01
1739,376,-12718.0,33.680851063829785,34.68882978723404,379,88,1,0.01
1740,230,-9546.0,41.2695652173913,42.256521739130434,227,50,1,0.01
1741,233,-7259.0,30.888412017167383,31.88412017167382,232,52,1,0.01
1742,125,-4363.0,34.432,35.304,109,30,1,0.01
1743,174,-5971.0,34.0,34.839080459770116,146,43,1,0.01
1744,191,-6423.0,33.345549738219894,34.18848167539267,161,50,1,0.01
1745,213,-6635.0,30.892018779342724,31.727699530516432,178,56,1,0.01
1746,229,-7750.0,33.61135371179039,34.54148471615721,213,54,1,0.01
1747,94,-3106.0,32.47872340425532,33.297872340425535,77,25,1,0.01
1748,122,-4256.0,34.467213114754095,35.114754098360656,79,38,1,0.01
1749,130,-3679.0,27.861538461538462,28.584615384615386,94,35,1,0.01
1750,158,-5222.0,32.70886075949367,33.64556962025316,148,38,1,0.01
1751,234,-8565.0,36.376068376068375,37.363247863247864,231,49,1,0.01
1752,163,-6049.0,36.75460122699386,37.423312883435585,109,40,1,0.01
1753,295,-10904.0,36.75932203389831,37.664406779661014,267,52,1,0.01
1754,421,-14175.0,33.53681710213777,34.581947743467936,440,86,1,0.01
1755,144,-4877.0,33.47222222222222,34.3125,121,34,1,0.01
1756,216,-7613.0,34.986111111111114,35.93518518518518,205,50,1,0.01
1757,500,-19000.0,37.948,39.07,561,104,0,0.01
1758,228,-8152.0,35.50877192982456,36.530701754385966,233,50,1,0.01
1759,245,-8825.0,35.78367346938776,36.85306122448979,262,51,1,0.01
1760,279,-10193.0,36.34767025089606,37.32258064516129,272,56,1,0.01
1761,110,-3659.0,32.79090909090909,33.627272727272725,92,27,1,0.01
1762,176,-6929.0,39.05681818181818,39.88068181818182,145,47,1,0.01
1763,145,-4502.0,30.655172413793103,31.47586206896552,119,39,1,0.01
1764,500,-18781.0,37.468,38.516,524,100,0,0.01
1765,156,-5577.0,35.40384615384615,36.26282051282051,134,38,1,0.01
1766,161,-5341.0,32.838509316770185,33.70807453416149,140,38,1,0.01
1767,225,-7885.0,34.80888888888889,35.83111111111111,230,44,1,0.01
1768,125,-4815.0,38.064,38.84,97,24,1,0.01
1769,203,-7117.0,34.75369458128079,35.61576354679803,175,44,1,0.01
1770,326,-12191.0,37.236196319018404,38.26687116564417,336,65,1,0.01
1771,232,-8562.0,36.668103448275865,37.66379310344828,231,48,1,0.01
1772,320,-11163.0,34.71875,35.603125,283,81,1,0.01
1773,311,-10246.0,32.758842443729904,33.749196141479096,308,68,1,0.01
1774,335,-12370.0,36.71044776119403,37.734328358208955,343,69,1,0.01
1775,119,-5160.0,42.78991596638655,43.64705882352941,102,28,1,0.01
1776,500,-18364.0,36.648,37.66,506,104,0,0.01
1777,232,-8091.0,34.63793103448276,35.633620689655174,231,46,1,0.01
1778,203,-6965.0,34.073891625615765,35.004926108374384,189,47,1,0.01
1779,262,-7872.0,29.83969465648855,30.721374045801525,231,60,1,0.01
1780,298,-11387.0,37.993288590604024,39.02013422818792,306,57,1,0.01
1781,203,-6499.0,31.748768472906406,32.66502463054187,186,41,1,0.01
1782,135,-4625.0,33.86666666666667,34.72592592592593,116,34,1,0.01
1783,308,-11132.0,35.938311688311686,36.91558441558441,301,66,1,0.01
1784,178,-5631.0,31.34269662921348,32.28089887640449,167,43,1,0.01
1785,206,-8593.0,41.42718446601942,42.519417475728154,225,40,1,0.01
1786,116,-3961.0,33.68103448275862,34.46551724137931,91,33,1,0.01
1787,161,-5225.0,32.11801242236025,33.037267080745345,148,28,1,0.01
1788,198,-6871.0,34.40909090909091,35.33838383838384,184,52,1,0.01
1789,130,-3838.0,29.161538461538463,29.876923076923077,93,39,1,0.01
1790,119,-4205.0,34.90756302521008,35.747899159663866,100,31,1,0.01
1791,133,-3611.0,26.789473684210527,27.518796992481203,97,36,1,0.01
1792,283,-10904.0,38.33922261484099,39.27208480565371,264,58,1,0.01
1793,279,-8297.0,29.544802867383513,30.444444444444443,251,69,1,0.01
1794,216,-6358.0,29.212962962962962,30.15740740740741,204,51,1,0.01
1795,222,-8822.0,39.490990990990994,40.346846846846844,190,51,1,0.01
1796,239,-7756.0,32.17991631799163,33.07531380753138,214,55,1,0.01
1797,185,-5556.0,29.735135135135135,30.54054054054054,149,47,1,0.01
1798,124,-4071.0,32.33064516129032,33.16935483870968,104,28,1,0.01
1799,349,-14416.0,41.146131805157594,42.19484240687679,366,77,1,0.01
1800,125,-4402.0,34.784,35.704,115,27,1,0.01
1801,125,-3792.0,29.96,30.768,101,30,1,0.01
1802,179,-5598.0,30.972067039106147,31.810055865921786,150,47,1,0.01
1803,106,-3192.0,29.632075471698112,30.367924528301888,78,29,1,0.01
1804,140,-4483.0,31.571428571428573,32.19285714285714,87,37,1,0.01
1805,127,-4268.0,33.15748031496063,33.976377952755904,104,32,1,0.01
1806,155,-5176.0,33.038709677419355,33.96774193548387,144,34,1,0.01
1807,151,-4556.0,29.7682119205298,30.602649006622517,126,40,1,0.01
1808,173,-5471.0,31.31791907514451,32.29479768786127,169,42,1,0.01
1809,124,-4009.0,31.919354838709676,32.74193548387097,102,33,1,0.01
1810,136,-4140.0,30.03676470588235,30.74264705882353,96,41,1,0.01
1811,349,-11647.0,33.232091690544415,34.21489971346705,343,82,1,0.01
1812,231,-8146.0,35.02164502164502,35.8008658008658,180,61,1,0.01
1813,109,-4211.0,38.11926605504587,39.04587155963303,101,21,1,0.01
1814,239,-9190.0,38.23430962343096,39.18410041841004,227,51,1,0.01
1815,175,-6569.0,37.222857142857144,38.08,150,50,1,0.01
1816,127,-4777.0,37.16535433070866,37.968503937007874,102,38,1,0.01
1817,202,-7431.0,36.45049504950495,37.34653465346535,181,48,1,0.01
1818,176,-6192.0,34.875,35.76704545454545,157,46,1,0.01
1819,213,-7057.0,32.87323943661972,33.83568075117371,205,49,1,0.01
1820,111,-3934.0,34.91891891891892,35.648648648648646,81,30,1,0.01
1821,205,-7786.0,37.71707317073171,38.69268292682927,200,49,1,0.01
1822,246,-9029.0,36.459349593495936,37.41463414634146,235,58,1,0.01
1823,305,-12420.0,40.5344262295082,41.63934426229508,337,64,1,0.01
1824,263,-8822.0,33.30038022813688,34.28136882129277,258,63,1,0.01
1825,136,-5987.0,43.51470588235294,44.13235294117647,84,24,1,0.01
1826,345,-13423.0,38.7536231884058,39.77391304347826,352,84,1,0.01
1827,205,-7982.0,38.61951219512195,39.58048780487805,197,49,1,0.01
1828,347,-12333.0,35.35446685878963,36.414985590778095,368,76,1,0.01
1829,373,-13007.0,34.73994638069705,35.77747989276139,387,83,1,0.01
1830,237,-6804.0,28.47257383966245,29.39240506329114,218,57,1,0.01
1831,172,-7691.0,44.36046511627907,45.27325581395349,157,35,1,0.01
1832,420,-18314.0,43.464285714285715,44.53333333333333,449,95,1,0.01
1833,292,-10510.0,35.784246575342465,36.75684931506849,284,67,1,0.01
1834,500,-21023.0,41.918,43.008,545,106,0,0.01
1835,138,-5246.0,37.507246376811594,38.2536231884058,103,40,1,0.01
1836,449,-18619.0,41.32516703786192,42.4075723830735,486,94,1,0.01
1837,227,-8695.0,38.0352422907489,39.0,219,55,1,0.01
1838,500,-20364.0,40.594,41.674,540,103,0,0.01
1839,285,-13877.0,48.43859649122807,49.357894736842105,262,68,1,0.01
1840,500,-22474.0,44.828,45.902,537,106,0,0.01
1841,205,-8442.0,40.863414634146345,41.64878048780488,161,56,1,0.01
1842,121,-4124.0,33.578512396694215,34.35537190082645,94,33,1,0.01
1843,114,-4359.0,37.68421052631579,38.5,93,27,1,0.01
1844,216,-9712.0,44.63425925925926,45.4212962962963,170,53,1,0.01
1845,294,-16932.0,57.31292517006803,58.22108843537415,267,73,1,0.01
1846,439,-21694.0,49.287015945330296,50.32118451025057,454,98,1,0.01
1847,210,-10386.0,49.09047619047619,49.98095238095238,187,55,1,0.01
1848,233,-7203.0,30.686695278969957,31.61802575107296,217,52,1,0.01
1849,391,-18492.0,47.09718670076726,48.14322250639386,409,84,1,0.01
1850,169,-6598.0,38.68639053254438,39.5207100591716,141,43,1,0.01
1851,232,-8423.0,36.05603448275862,36.922413793103445,201,51,1,0.01
1852,282,-15288.0,53.93262411347518,54.90070921985816,273,71,1,0.01
1853,197,-8667.0,43.59390862944162,44.26903553299493,133,57,1,0.01
1854,226,-7610.0,33.415929203539825,34.42035398230089,227,49,1,0.01
1855,231,-8365.0,35.904761904761905,36.8008658008658,207,61,1,0.01
1856,133,-4559.0,33.78195488721804,34.49624060150376,95,34,1,0.01
1857,196,-8649.0,43.78061224489796,44.76020408163265,192,42,1,0.01
1858,401,-20322.0,50.49376558603491,51.45386533665835,385,95,1,0.01
1859,365,-17704.0,48.21095890410959,49.175342465753424,352,86,1,0.01
1860,139,-6905.0,48.985611510791365,49.60431654676259,86,47,1,0.01
1861,192,-10307.0,53.130208333333336,53.8125,131,55,1,0.01
1862,195,-8136.0,41.287179487179486,42.14871794871795,168,51,1,0.01
1863,140,-5525.0,38.957142857142856,39.56428571428572,85,35,1,0.01
1864,147,-6729.0,45.08843537414966,45.72789115646258,94,44,1,0.01
1865,201,-9333.0,46.004975124378106,46.701492537313435,140,59,1,0.01
1866,212,-11594.0,54.18396226415094,54.778301886792455,126,69,1,0.01
1867,165,-6981.0,41.76969696969697,42.53333333333333,126,44,1,0.01
1868,183,-8405.0,45.36612021857923,46.09836065573771,134,53,1,0.01
1869,151,-5947.0,38.920529801324506,39.64238410596027,109,40,1,0.01
1870,267,-14532.0,54.00749063670412,54.78651685393258,208,76,1,0.01
1871,137,-6422.0,46.21897810218978,46.802919708029194,80,46,1,0.01
1872,151,-7692.0,50.390728476821195,51.06622516556291,102,48,1,0.01
1873,311,-13462.0,43.02572347266881,43.91318327974277,276,82,1,0.01
1874,146,-5021.0,33.9041095890411,34.534246575342465,92,41,1,0.01
1875,148,-6628.0,44.182432432432435,44.804054054054056,92,50,1,0.01
1876,181,-9144.0,49.988950276243095,50.67955801104972,125,54,1,0.01
1877,198,-9627.0,48.17171717171717,48.878787878787875,140,55,1,0.01
1878,208,-7859.0,37.46634615384615,38.36538461538461,187,50,1,0.01
1879,240,-10091.0,41.6625,42.46666666666667,193,62,1,0.01
1880,176,-9873.0,55.56818181818182,56.28977272727273,127,52,1,0.01
1881,197,-10003.0,50.34517766497462,51.06091370558376,141,59,1,0.01
1882,244,-11511.0,46.799180327868854,47.48360655737705,167,60,1,0.01
1883,190,-8330.0,43.35263157894737,44.089473684210525,140,51,1,0.01
1884,141,-6157.0,43.05673758865248,43.60992907801418,78,39,1,0.01
1885,151,-5230.0,34.11258278145695,34.854304635761586,112,39,1,0.01
1886,256,-12874.0,49.86328125,50.67578125,208,64,1,0.01
1887,198,-7771.0,38.888888888888886,39.67171717171717,155,48,1,0.01
1888,279,-13761.0,49.04659498207885,49.956989247311824,254,72,1,0.01
1889,246,-13607.0,54.89837398373984,55.71138211382114,200,63,1,0.01
1890,180,-7355.0,40.544444444444444,41.455555555555556,164,44,1,0.01
1891,220,-8914.0,40.14090909090909,40.89545454545455,166,60,1,0.01
1892,148,-4303.0,28.716216216216218,29.513513513513512,118,34,1,0.01
1893,115,-5363.0,45.96521739130435,46.47826086956522,59,32,1,0.01
1894,142,-9788.0,68.1056338028169,68.57042253521126,66,42,1,0.01
1895,302,-11296.0,37.09933774834437,38.0,272,67,1,0.01
1896,230,-10281.0,44.208695652173915,44.84782608695652,147,61,1,0.01
1897,238,-12287.0,51.15966386554622,51.94117647058823,186,65,1,0.01
1898,241,-8808.0,36.31120331950208,37.22821576763486,221,49,1,0.01
1899,204,-7071.0,34.34313725490196,35.15686274509804,166,51,1,0.01
1900,208,-8714.0,41.47115384615385,42.25961538461539,164,56,1,0.01
1901,187,-8794.0,46.43850267379679,47.0855614973262,121,58,1,0.01
1902,165,-10655.0,63.945454545454545,64.50909090909092,93,57,1,0.01
1903,154,-4449.0,28.532467532467532,29.227272727272727,107,37,1,0.01
1904,228,-13482.0,58.61842105263158,59.3640350877193,170,65,1,0.01
1905,168,-5189.0,30.583333333333332,31.333333333333332,126,42,1,0.01
1906,235,-10325.0,43.47234042553192,44.251063829787235,183,67,1,0.01
1907,163,-5860.0,35.57055214723926,36.355828220858896,128,40,1,0.01
1908,243,-8699.0,35.4320987654321,36.16460905349794,178,67,1,0.01
1909,133,-5586.0,41.36842105263158,42.06015037593985,92,42,1,0.01
1910,364,-16071.0,43.93131868131868,44.870879120879124,342,86,1,0.01
1911,208,-11094.0,52.79807692307692,53.45192307692308,136,63,1,0.01
1912,210,-8790.0,41.52857142857143,42.36666666666667,176,52,1,0.01
1913,296,-11778.0,39.570945945945944,40.513513513513516,279,64,1,0.01
1914,197,-9024.0,45.47715736040609,46.32994923857868,168,54,1,0.01
1915,216,-10670.0,49.00925925925926,49.7962962962963,170,62,1,0.01
1916,331,-14593.0,43.93655589123867,44.92749244712991,328,75,1,0.01
1917,123,-4087.0,32.73170731707317,33.520325203252035,97,34,1,0.01
1918,208,-7392.0,35.27403846153846,36.07692307692308,167,53,1,0.01
1919,183,-7907.0,42.89617486338798,43.721311475409834,151,37,1,0.01
1920,140,-5392.0,38.07857142857143,38.871428571428574,111,33,1,0.01
1921,255,-10770.0,42.015686274509804,43.015686274509804,255,52,1,0.01
1922,188,-7716.0,40.6436170212766,41.5,161,46,1,0.01
1923,282,-12006.0,42.287234042553195,43.1063829787234,231,73,1,0.01
1924,214,-8432.0,39.0607476635514,40.004672897196265,202,54,1,0.01
1925,213,-9984.0,46.539906103286384,47.36150234741784,175,53,1,0.01
1926,219,-9980.0,45.26027397260274,46.205479452054796,207,49,1,0.01
1927,363,-17681.0,48.509641873278234,49.413223140495866,328,90,1,0.01
1928,290,-13242.0,45.38275862068966,46.255172413793105,253,75,1,0.01
1929,153,-7158.0,46.26797385620915,46.92156862745098,100,46,1,0.01
1930,252,-14233.0,56.17063492063492,57.023809523809526,215,64,1,0.01
1931,155,-6932.0,44.24516129032258,45.13548387096774,138,36,1,0.01
1932,89,-3685.0,40.51685393258427,40.943820224719104,38,27,1,0.01
1933,313,-17146.0,54.501597444089455,55.4185303514377,287,72,1,0.01
1934,266,-9093.0,33.97744360902256,34.796992481203006,218,63,1,0.01
1935,156,-5109.0,32.243589743589745,33.01923076923077,121,39,1,0.01
1936,163,-7453.0,45.25153374233129,45.95092024539877,114,50,1,0.01
1937,108,-4401.0,40.157407407407405,40.96296296296296,87,26,1,0.01
1938,214,-8192.0,37.981308411214954,38.76168224299065,167,45,1,0.01
1939,260,-8949.0,34.207692307692305,35.08846153846154,229,61,1,0.01
1940,163,-6658.0,40.41104294478528,41.11042944785276,114,44,1,0.01
1941,152,-6052.0,39.28947368421053,40.026315789473685,112,33,1,0.01
1942,274,-12044.0,43.66423357664234,44.62408759124087,263,49,1,0.01
1943,230,-8810.0,38.01304347826087,38.81739130434783,185,49,1,0.01
1944,401,-15199.0,37.73067331670823,38.69326683291771,386,78,1,0.01
1945,184,-7500.0,40.42391304347826,41.30978260869565,163,48,1,0.01
1946,181,-7622.0,41.66298342541437,42.3756906077348,129,46,1,0.01
1947,239,-9556.0,39.71129707112971,40.64435146443515,223,47,1,0.01
1948,162,-5554.0,33.882716049382715,34.629629629629626,121,45,1,0.01
1949,395,-14357.0,36.18227848101266,37.21518987341772,408,76,1,0.01
1950,240,-10535.0,43.5875,44.53333333333333,227,54,1,0.01
1951,218,-8483.0,38.596330275229356,39.408256880733944,177,46,1,0.01
1952,232,-10543.0,45.07327586206897,45.83620689655172,177,49,1,0.01
1953,189,-8414.0,44.08994708994709,44.82010582010582,138,49,1,0.01
1954,191,-6681.0,34.60732984293194,35.38743455497382,149,51,1,0.01
1955,196,-8519.0,43.12755102040816,44.025510204081634,176,32,1,0.01
1956,215,-9496.0,43.7953488372093,44.53023255813954,158,47,1,0.01
1957,197,-10377.0,52.30964467005076,53.121827411167516,160,39,1,0.01
1958,291,-12635.0,43.16838487972509,44.03092783505155,251,67,1,0.01
1959,166,-6876.0,40.95180722891566,41.58433734939759,105,28,1,0.01
1960,156,-6661.0,42.17948717948718,42.84615384615385,104,33,1,0.01
1961,192,-7516.0,38.776041666666664,39.59375,157,45,1,0.01
1962,120,-5476.0,45.075,45.9,99,19,1,0.01
1963,265,-8624.0,32.30943396226415,33.10188679245283,210,52,1,0.01
1964,189,-7279.0,38.142857142857146,39.0,162,35,1,0.01
1965,196,-8406.0,42.525510204081634,43.36224489795919,164,32,1,0.01
1966,178,-7419.0,41.20786516853933,41.848314606741575,114,39,1,0.01
1967,147,-6232.0,42.0,42.91836734693877,135,26,1,0.01
1968,376,-13884.0,36.744680851063826,37.659574468085104,344,77,1,0.01
1969,220,-8076.0,36.43636363636364,37.36818181818182,205,42,1,0.01
1970,161,-6557.0,40.3416149068323,41.1055900621118,123,33,1,0.01
1971,133,-5070.0,37.59398496240601,38.30075187969925,94,29,1,0.01
1972,214,-9609.0,44.58411214953271,45.453271028037385,186,41,1,0.01
1973,147,-6112.0,41.12925170068027,42.006802721088434,129,27,1,0.01
1974,174,-6639.0,37.775862068965516,38.62068965517241,147,31,1,0.01
1975,208,-7862.0,37.44711538461539,38.36538461538461,191,38,1,0.01
1976,176,-8138.0,45.85227272727273,46.65909090909091,142,45,1,0.01
1977,163,-6937.0,42.19631901840491,42.987730061349694,129,35,1,0.01
1978,158,-6105.0,38.32911392405063,39.25949367088607,147,39,1,0.01
1979,143,-5577.0,38.59440559440559,39.54545454545455,136,29,1,0.01
1980,199,-8232.0,41.005025125628144,41.80402010050251,159,43,1,0.01
1981,169,-6203.0,36.34319526627219,37.19526627218935,144,36,1,0.01
1982,292,-10547.0,35.85958904109589,36.77739726027397,268,58,1,0.01
1983,194,-5859.0,29.891752577319586,30.9020618556701,196,46,1,0.01
1984,218,-8585.0,39.03211009174312,39.84403669724771,177,44,1,0.01
1985,164,-5880.0,35.46341463414634,36.43292682926829,159,37,1,0.01
1986,156,-6830.0,43.26923076923077,43.8525641025641,91,43,1,0.01
1987,166,-5667.0,33.7710843373494,34.5722891566265,133,38,1,0.01
1988,167,-6416.0,37.964071856287426,38.62874251497006,111,47,1,0.01
1989,259,-9108.0,34.884169884169886,35.7992277992278,237,58,1,0.01
1990,198,-7418.0,37.06565656565657,37.85353535353536,156,53,1,0.01
1991,130,-4634.0,35.09230769230769,35.761538461538464,87,25,1,0.01
1992,191,-7441.0,38.617801047120416,39.518324607329845,172,31,1,0.01
1993,227,-11147.0,48.74008810572687,49.62555066079295,201,50,1,0.01
1994,125,-4763.0,37.664,38.36,87,31,1,0.01
1995,184,-6457.0,34.79891304347826,35.70108695652174,166,42,1,0.01
1996,267,-10044.0,37.38202247191011,38.27715355805243,239,63,1,0.01
1997,353,-12054.0,33.98583569405099,34.95467422096317,342,76,1,0.01
1998,138,-4961.0,35.572463768115945,36.51449275362319,130,30,1,0.01
1999,363,-11661.0,31.975206611570247,32.92011019283746,343,82,1,0.01
2000,429,-13648.0,31.696969696969695,32.78321678321678,466,93,1,0.01
2001,187,-6038.0,31.93048128342246,32.79679144385027,162,43,1,0.01
2002,143,-4052.0,27.958041958041957,28.734265734265733,111,42,1,0.01
2003,182,-6530.0,35.59340659340659,36.395604395604394,146,44,1,0.01
2004,208,-7628.0,36.35096153846154,37.29807692307692,197,48,1,0.01
2005,137,-5134.0,37.08759124087591,37.934306569343065,116,33,1,0.01
2006,263,-9215.0,34.836501901140686,35.7148288973384,231,63,1,0.01
2007,169,-6323.0,37.07692307692308,37.88165680473373,136,34,1,0.01
2008,138,-4976.0,35.594202898550726,36.30434782608695,98,34,1,0.01
2009,170,-5331.0,31.03529411764706,31.9,147,38,1,0.01
2010,102,-3390.0,32.6764705882353,33.411764705882355,75,26,1,0.01
2011,170,-6020.0,35.082352941176474,35.88235294117647,136,44,1,0.01
2012,227,-8255.0,36.10132158590309,37.070484581497794,220,49,1,0.01
2013,127,-4692.0,36.511811023622045,37.37007874015748,109,28,1,0.01
2014,141,-5639.0,39.56028368794326,40.47517730496454,129,30,1,0.01
2015,175,-6038.0,34.19428571428571,35.04571428571428,149,36,1,0.01
2016,137,-4383.0,31.547445255474454,32.27007299270073,99,26,1,0.01
2017,96,-3120.0,31.90625,32.625,69,20,1,0.01
2018,256,-7699.0,29.81640625,30.76953125,244,60,1,0.01
2019,136,-5179.0,37.661764705882355,38.588235294117645,126,32,1,0.01
2020,106,-3428.0,31.79245283018868,32.5377358490566,79,28,1,0.01
2021,240,-8619.0,35.69166666666667,36.666666666666664,234,49,1,0.01
2022,279,-10658.0,37.97491039426523,39.03942652329749,297,50,1,0.01
2023,190,-6666.0,34.78947368421053,35.626315789473686,159,42,1,0.01
2024,121,-4334.0,35.34710743801653,36.18181818181818,101,29,1,0.01
2025,204,-7903.0,38.495098039215684,39.40196078431372,185,50,1,0.01
2026,160,-6269.0,38.7875,39.575,126,33,1,0.01
2027,152,-4677.0,30.407894736842106,31.289473684210527,134,40,1,0.01
2028,137,-4261.0,30.67883211678832,31.416058394160583,101,37,1,0.01
2029,183,-6751.0,36.60655737704918,37.486338797814206,161,42,1,0.01
2030,271,-10550.0,38.66789667896679,39.69741697416974,279,55,1,0.01
2031,208,-7830.0,37.35576923076923,38.33653846153846,204,46,1,0.01
2032,161,-5376.0,33.04347826086956,33.732919254658384,111,46,1,0.01
2033,165,-5884.0,35.36969696969697,36.236363636363635,143,37,1,0.01
2034,203,-8586.0,41.970443349753694,42.90147783251231,189,39,1,0.01
2035,164,-5208.0,31.378048780487806,32.16463414634146,129,40,1,0.01
2036,151,-5126.0,33.52980132450331,34.397350993377486,131,34,1,0.01
2037,166,-5925.0,35.3855421686747,36.325301204819276,156,35,1,0.01
2038,203,-7233.0,35.36945812807882,36.354679802955665,200,47,1,0.01
2039,159,-4947.0,30.735849056603772,31.566037735849058,132,37,1,0.01
2040,174,-5525.0,31.396551724137932,32.247126436781606,148,43,1,0.01
2041,226,-7522.0,33.030973451327434,34.030973451327434,226,42,1,0.01
2042,165,-5359.0,32.18181818181818,33.096969696969694,151,37,1,0.01
2043,305,-10852.0,35.41311475409836,36.429508196721315,310,55,1,0.01
2044,130,-3926.0,29.753846153846155,30.576923076923077,107,23,1,0.01
2045,254,-9421.0,36.89370078740158,37.889763779527556,253,51,1,0.01
2046,299,-12218.0,40.65217391304348,41.62207357859532,290,63,1,0.01
2047,286,-9491.0,33.00349650349651,33.93356643356643,266,66,1,0.01
2048,180,-6565.0,36.15,37.02777777777778,158,45,1,0.01
2049,133,-4705.0,34.954887218045116,35.81203007518797,114,30,1,0.01
2050,337,-9238.0,27.258160237388726,28.237388724035608,330,79,1,0.01
2051,261,-10276.0,39.16475095785441,40.13793103448276,254,58,1,0.01
2052,118,-4018.0,33.59322033898305,34.41525423728814,97,25,1,0.01
2053,185,-6749.0,36.167567567567566,37.08108108108108,169,45,1,0.01
2054,343,-12373.0,35.91253644314869,37.01749271137026,379,66,1,0.01
2055,185,-5267.0,28.16216216216216,29.01081081081081,157,45,1,0.01
2056,230,-7030.0,30.33478260869565,31.295652173913044,221,41,1,0.01
2057,189,-6696.0,35.12698412698413,36.042328042328045,173,45,1,0.01
2058,257,-8096.0,31.30350194552529,32.31906614785992,261,52,1,0.01
2059,253,-7804.0,30.632411067193676,31.561264822134387,235,48,1,0.01
2060,151,-4760.0,31.119205298013245,31.90728476821192,119,35,1,0.01
2061,341,-10468.0,30.527859237536656,31.5366568914956,344,69,1,0.01
2062,498,-14315.0,28.63855421686747,29.598393574297187,478,113,1,0.01
2063,124,-3944.0,31.387096774193548,32.12903225806452,92,28,1,0.01
2064,154,-5434.0,34.94155844155844,35.92857142857143,152,28,1,0.01
2065,248,-7789.0,31.177419354838708,32.12903225806452,236,50,1,0.01
2066,161,-5211.0,32.037267080745345,32.92546583850932,143,35,1,0.01
2067,137,-4398.0,31.67153284671533,32.54744525547445,120,31,1,0.01
2068,344,-10561.0,30.52906976744186,31.50872093023256,337,72,1,0.01
2069,186,-6599.0,35.18817204301075,36.11290322580645,172,44,1,0.01
2070,156,-5455.0,34.666666666666664,35.71153846153846,163,28,1,0.01
2071,249,-7485.0,29.839357429718877,30.59036144578313,187,63,1,0.01
2072,178,-5634.0,31.337078651685392,32.162921348314605,147,46,1,0.01
2073,157,-5328.0,33.5859872611465,34.4203821656051,131,37,1,0.01
2074,142,-5545.0,38.598591549295776,39.5,128,31,1,0.01
2075,196,-6489.0,32.826530612244895,33.755102040816325,182,42,1,0.01
2076,304,-9836.0,32.17434210526316,33.21052631578947,315,65,1,0.01
2077,115,-4330.0,37.17391304347826,38.00869565217391,96,30,1,0.01
2078,194,-6884.0,35.170103092783506,36.103092783505154,181,45,1,0.01
2079,176,-5499.0,30.920454545454547,31.77840909090909,151,47,1,0.01
2080,287,-9391.0,32.53310104529617,33.54006968641115,289,67,1,0.01
2081,199,-6564.0,32.70854271356784,33.5678391959799,171,49,1,0.01
2082,278,-9167.0,32.773381294964025,33.66546762589928,248,72,1,0.01
2083,140,-4650.0,32.82142857142857,33.72142857142857,126,37,1,0.01
2084,259,-9142.0,35.1003861003861,36.05791505791506,248,61,1,0.01
2085,168,-5677.0,33.476190476190474,34.339285714285715,145,45,1,0.01
2086,123,-4097.0,32.86178861788618,33.666666666666664,99,36,1,0.01
2087,237,-10221.0,42.85232067510549,43.860759493670884,239,53,1,0.01
2088,155,-5630.0,35.980645161290326,36.85806451612903,136,43,1,0.01
2089,265,-10135.0,38.049056603773586,39.113207547169814,282,53,1,0.01
2090,201,-6382.0,31.52238805970149,32.40298507462686,177,43,1,0.01
2091,186,-6528.0,34.774193548387096,35.53225806451613,141,45,1,0.01
2092,231,-7723.0,33.1991341991342,34.086580086580085,205,59,1,0.01
2093,109,-3606.0,32.60550458715596,33.46788990825688,94,24,1,0.01
2094,282,-10130.0,35.734042553191486,36.684397163120565,268,63,1,0.01
2095,209,-6567.0,31.157894736842106,32.038277511961724,184,55,1,0.01
2096,148,-5693.0,38.08783783783784,39.054054054054056,143,36,1,0.01
2097,229,-6731.0,29.1353711790393,29.899563318777293,175,64,1,0.01
2098,355,-10729.0,30.047887323943662,31.08450704225352,368,73,1,0.01
2099,329,-10425.0,31.507598784194528,32.42857142857143,303,78,1,0.01
2100,239,-8203.0,34.06694560669456,34.89958158995816,199,58,1,0.01
2101,176,-5556.0,31.272727272727273,32.27272727272727,176,40,1,0.01
2102,160,-5735.0,35.48125,36.29375,130,39,1,0.01
2103,191,-7089.0,36.81675392670157,37.68062827225131,165,49,1,0.01
2104,141,-4951.0,34.709219858156025,35.60283687943262,126,36,1,0.01
2105,131,-4152.0,31.251908396946565,32.20610687022901,125,27,1,0.01
2106,171,-4835.0,27.953216374269005,28.71345029239766,130,36,1,0.01
2107,314,-11114.0,35.21974522292994,36.152866242038215,293,68,1,0.01
2108,123,-4620.0,37.0,37.65853658536585,81,33,1,0.01
2109,232,-8748.0,37.46551724137931,38.43103448275862,224,54,1,0.01
2110,197,-6219.0,31.299492385786802,32.233502538071065,184,49,1,0.01
2111,150,-4601.0,30.313333333333333,31.206666666666667,134,33,1,0.01
2112,185,-6825.0,36.605405405405406,37.52972972972973,171,44,1,0.01
2113,145,-4549.0,30.986206896551725,31.717241379310344,106,35,1,0.01
2114,257,-9871.0,38.14785992217899,39.1011673151751,245,52,1,0.01
2115,118,-4014.0,33.53389830508475,34.313559322033896,92,30,1,0.01
2116,151,-4976.0,32.63576158940398,33.602649006622514,146,30,1,0.01
2117,283,-11155.0,39.24028268551237,40.265017667844525,290,65,1,0.01
2118,244,-8302.0,33.80327868852459,34.799180327868854,243,59,1,0.01
2119,286,-10020.0,34.85664335664335,35.87762237762238,292,64,1,0.01
2120,141,-4896.0,34.38297872340426,35.191489361702125,114,33,1,0.01
2121,302,-9782.0,32.19867549668874,33.16556291390729,292,62,1,0.01
2122,240,-7133.0,29.508333333333333,30.491666666666667,236,53,1,0.01
2123,182,-7489.0,40.7967032967033,41.73076923076923,170,43,1,0.01
2124,166,-5327.0,31.759036144578314,32.5722891566265,135,38,1,0.01
2125,237,-9169.0,38.49789029535865,39.49789029535865,237,54,1,0.01
2126,500,-15781.0,31.478,32.532,527,99,0,0.01
2127,272,-9941.0,36.32720588235294,37.3860294117647,288,56,1,0.01
2128,417,-13504.0,32.247002398081534,33.30935251798561,443,82,1,0.01
2129,157,-4845.0,30.496815286624205,31.363057324840764,136,31,1,0.01
2130,220,-8528.0,38.53636363636364,39.49545454545454,211,41,1,0.01
2131,206,-6481.0,31.199029126213592,32.029126213592235,171,43,1,0.01
2132,437,-15302.0,34.88787185354691,35.995423340961096,484,85,1,0.01
2133,322,-11196.0,34.59316770186335,35.61801242236025,330,67,1,0.01
2134,230,-7621.0,32.87391304347826,33.86521739130435,228,53,1,0.01
2135,133,-4345.0,32.30827067669173,33.12781954887218,109,33,1,0.01
2136,146,-6005.0,40.75342465753425,41.64383561643836,130,31,1,0.01
2137,150,-4839.0,31.913333333333334,32.77333333333333,129,34,1,0.01
2138,164,-5210.0,31.445121951219512,32.21341463414634,126,41,1,0.01
2139,185,-7651.0,41.016216216216215,41.972972972972975,177,43,1,0.01
2140,129,-5535.0,42.36434108527132,43.34108527131783,126,25,1,0.01
2141,145,-4830.0,32.91724137931035,33.779310344827586,125,36,1,0.01
2142,194,-7573.0,38.7319587628866,39.670103092783506,182,42,1,0.01
2143,256,-7488.0,29.046875,30.0546875,258,57,1,0.01
2144,130,-4336.0,32.9,33.7,104,31,1,0.01
2145,160,-4927.0,30.41875,31.04375,100,42,1,0.01
2146,260,-8970.0,34.28846153846154,35.238461538461536,247,54,1,0.01
2147,255,-8208.0,32.0,32.96470588235294,246,47,1,0.01
2148,190,-6699.0,34.97894736842105,35.921052631578945,179,43,1,0.01
2149,245,-7998.0,32.43265306122449,33.3469387755102,224,53,1,0.01
2150,227,-7084.0,30.955947136563875,31.991189427312776,235,44,1,0.01
2151,169,-5033.0,29.497041420118343,30.37278106508876,148,33,1,0.01
2152,141,-4429.0,31.06382978723404,31.886524822695037,116,29,1,0.01
2153,284,-9162.0,32.063380281690144,33.04225352112676,278,56,1,0.01
2154,190,-5535.0,28.86315789473684,29.878947368421052,193,38,1,0.01
2155,500,-14221.0,28.354,29.474,560,94,0,0.01
2156,217,-6386.0,29.18433179723502,30.078341013824886,194,45,1,0.01
2157,500,-14389.0,28.734,29.904,585,92,0,0.01
2158,220,-6777.0,30.563636363636363,31.536363636363635,214,39,1,0.01
2159,243,-8539.0,34.934156378600825,35.934156378600825,243,46,1,0.01
2160,240,-7145.0,29.554166666666667,30.545833333333334,238,45,1,0.01
2161,500,-14077.0,28.066,29.136,535,98,0,0.01
2162,314,-12290.0,38.955414012738856,40.02547770700637,336,60,1,0.01
2163,311,-8727.0,27.893890675241156,28.855305466237944,299,65,1,0.01
2164,500,-16738.0,33.408,34.594,593,91,0,0.01
2165,480,-15122.0,31.39375,32.51875,540,91,1,0.01
2166,195,-6994.0,35.6,36.51794871794872,179,39,1,0.01
2167,290,-8892.0,30.489655172413794,31.582758620689656,317,54,1,0.01
2168,133,-4196.0,31.142857142857142,32.067669172932334,123,29,1,0.01
2169,473,-17544.0,36.97251585623679,38.07399577167019,521,93,1,0.01
2170,232,-9031.0,38.69396551724138,39.849137931034484,268,43,1,0.01
2171,500,-17810.0,35.558,36.728,585,91,0,0.01
2172,239,-8232.0,34.22594142259414,35.21338912133891,236,48,1,0.01
2173,325,-9977.0,30.516923076923078,31.55076923076923,336,62,1,0.01
2174,292,-9584.0,32.636986301369866,33.67123287671233,302,55,1,0.01
2175,345,-11405.0,32.915942028985505,34.03768115942029,387,65,1,0.01
2176,199,-6986.0,34.80402010050251,35.618090452261306,162,46,1,0.01
2177,500,-14934.0,29.79,30.81,510,102,0,0.01
2178,500,-13356.0,26.65,27.81,580,93,0,0.01
2179,500,-14320.0,28.568,29.746,589,84,0,0.01
2180,273,-8449.0,30.721611721611723,31.663003663003664,257,59,1,0.01
2181,244,-7721.0,31.422131147540984,32.47540983606557,257,46,1,0.01
2182,371,-12363.0,33.18598382749326,34.301886792452834,414,68,1,0.01
2183,500,-16821.0,33.552,34.648,548,91,0,0.01
2184,323,-11776.0,36.303405572755416,37.362229102167184,342,65,1,0.01
2185,500,-16943.0,33.776,34.96,592,88,0,0.01
2186,213,-7332.0,34.14553990610329,35.2112676056338,227,39,1,0.01
2187,500,-15124.0,30.218,31.314,548,90,0,0.01
2188,500,-16523.0,32.958,34.05,546,88,0,0.01
2189,314,-11502.0,36.44267515923567,37.595541401273884,362,57,1,0.01
2190,500,-15183.0,30.272,31.38,554,95,0,0.01
2191,500,-13728.0,27.388,28.514,563,87,0,0.01
2192,500,-13570.0,27.098,28.196,549,97,0,0.01
2193,500,-12763.0,25.474,26.572,549,96,0,0.01
2194,500,-16348.0,32.644,33.818,587,90,0,0.01
2195,500,-14973.0,29.884,31.036,576,89,0,0.01
2196,283,-11048.0,38.840989399293285,39.975265017667844,321,53,1,0.01
2197,500,-14705.0,29.322,30.412,545,96,0,0.01
2198,381,-11085.0,28.95800524934383,30.0,397,72,1,0.01
2199,179,-6720.0,37.212290502793294,38.1731843575419,172,38,1,0.01
2200,392,-12476.0,31.668367346938776,32.704081632653065,406,75,1,0.01
2201,258,-8422.0,32.434108527131784,33.39147286821706,247,52,1,0.01
2202,395,-11858.0,29.883544303797468,30.946835443037976,420,74,1,0.01
2203,500,-19207.0,38.318,39.488,585,89,0,0.01
2204,500,-15437.0,30.772,31.858,543,96,0,0.01
2205,500,-14282.0,28.516,29.704,594,90,0,0.01
2206,500,-14046.0,27.998,29.044,523,96,0,0.01
2207,500,-14364.0,28.692,29.764,536,95,0,0.01
2208,500,-14657.0,29.23,30.35,560,101,0,0.01
2209,500,-12396.0,24.732,25.818,543,97,0,0.01
2210,285,-7822.0,27.273684210526316,28.27719298245614,286,51,1,0.01
2211,459,-16650.0,36.16557734204793,37.28540305010893,514,83,1,0.01
2212,500,-12422.0,24.788,25.834,523,95,0,0.01
2213,500,-11643.0,23.242,24.27,514,97,0,0.01
2214,500,-15673.0,31.272,32.346,537,94,0,0.01
2215,207,-8036.0,38.51207729468599,39.52657004830918,210,46,1,0.01
2216,500,-13167.0,26.29,27.386,548,99,0,0.01
2217,383,-15486.0,40.281984334203656,41.34203655352481,406,67,1,0.01
2218,500,-13698.0,27.326,28.432,553,93,0,0.01
2219,500,-14474.0,28.878,30.062,592,88,0,0.01
2220,500,-18042.0,35.994,37.174,590,84,0,0.01
2221,478,-17220.0,35.89958158995816,37.02301255230125,537,89,1,0.01
2222,500,-13668.0,27.27,28.406,568,92,0,0.01
2223,500,-15040.0,29.984,31.068,542,98,0,0.01
2224,500,-13818.0,27.552,28.678,563,91,0,0.01
2225,182,-7101.0,38.71978021978022,39.73076923076923,184,38,1,0.01
2226,412,-13125.0,31.725728155339805,32.74029126213592,418,75,1,0.01
2227,306,-11703.0,38.07843137254902,39.091503267973856,310,65,1,0.01
2228,279,-9179.0,32.70609318996416,33.74551971326165,290,55,1,0.01
2229,274,-8034.0,29.12043795620438,30.01094890510949,244,63,1,0.01
2230,178,-6049.0,33.651685393258425,34.6123595505618,171,36,1,0.01
2231,150,-4672.0,30.766666666666666,31.64,131,34,1,0.01
2232,141,-4647.0,32.51063829787234,33.340425531914896,117,37,1,0.01
2233,196,-6761.0,34.20918367346939,35.05612244897959,166,45,1,0.01
2234,182,-6026.0,32.785714285714285,33.714285714285715,169,44,1,0.01
2235,180,-5775.0,31.805555555555557,32.61666666666667,146,49,1,0.01
2236,210,-6614.0,31.238095238095237,32.10952380952381,183,52,1,0.01
2237,143,-4786.0,33.06993006993007,33.97202797202797,129,37,1,0.01
2238,486,-14448.0,29.604938271604937,30.66460905349794,515,99,1,0.01
2239,223,-7209.0,32.062780269058294,32.955156950672645,199,47,1,0.01
2240,183,-6037.0,32.666666666666664,33.61748633879781,174,40,1,0.01
2241,191,-8040.0,41.74869109947644,42.717277486910994,185,45,1,0.01
2242,275,-8565.0,30.970909090909092,32.0,283,55,1,0.01
2243,330,-13048.0,39.39393939393939,40.46666666666667,354,63,1,0.01
2244,213,-8298.0,38.66197183098591,39.64319248826291,209,48,1,0.01
2245,388,-13572.0,34.86340206185567,35.850515463917525,383,74,1,0.01
2246,170,-6290.0,36.61176470588235,37.60588235294118,169,39,1,0.01
2247,137,-4891.0,35.284671532846716,36.11678832116788,114,33,1,0.01
2248,359,-14722.0,40.796657381615596,41.77437325905292,351,81,1,0.01
2249,241,-9417.0,38.77178423236514,39.60995850622407,202,59,1,0.01
2250,334,-16589.0,49.44011976047904,50.35329341317365,305,82,1,0.01
2251,141,-6365.0,44.5177304964539,45.09219858156028,81,35,1,0.01
2252,338,-9575.0,28.168639053254438,29.12721893491124,324,72,1,0.01
2253,500,-16135.0,32.134,33.136,501,107,0,0.01
2254,246,-10295.0,41.52845528455285,42.43089430894309,222,52,1,0.01
2255,261,-9925.0,37.758620689655174,38.75095785440613,259,61,1,0.01
2256,371,-12776.0,34.274932614555254,35.301886792452834,381,86,1,0.01
2257,306,-9015.0,29.284313725490197,30.26143790849673,299,68,1,0.01
2258,228,-8705.0,37.8859649122807,38.90350877192982,232,49,1,0.01
2259,246,-7790.0,31.447154471544714,32.31707317073171,214,62,1,0.01
2260,500,-21271.0,42.426,43.432,503,118,0,0.01
2261,401,-13037.0,32.31920199501247,33.28927680798005,389,102,1,0.01
2262,245,-8385.0,33.97959183673469,34.88979591836735,223,56,1,0.01
2263,297,-10103.0,33.831649831649834,34.88215488215488,312,63,1,0.01
2264,376,-14767.0,39.11436170212766,40.066489361702125,358,91,1,0.01
2265,365,-12488.0,34.02465753424657,35.04109589041096,371,82,1,0.01
2266,285,-10433.0,36.40350877192982,37.47719298245614,306,63,1,0.01
2267,280,-9110.0,32.325,33.35,287,55,1,0.01
2268,257,-8986.0,34.71206225680934,35.72762645914397,261,57,1,0.01
2269,330,-11205.0,33.74545454545454,34.666666666666664,304,84,1,0.01
2270,293,-10746.0,36.474402730375424,37.38566552901024,267,69,1,0.01
2271,234,-8465.0,35.927350427350426,36.85470085470085,217,59,1,0.01
2272,279,-10037.0,35.774193548387096,36.8494623655914,300,60,1,0.01
2273,500,-16119.0,32.18,33.182,501,114,0,0.01
2274,123,-4865.0,39.13821138211382,40.0,106,29,1,0.01
2275,169,-6381.0,37.42011834319526,38.319526627218934,152,44,1,0.01
2276,125,-4774.0,37.728,38.768,130,30,1,0.01
2277,288,-8426.0,29.0625,30.055555555555557,286,66,1,0.01
2278,261,-11005.0,41.946360153256705,42.95019157088122,262,64,1,0.01
2279,120,-3473.0,28.491666666666667,29.408333333333335,110,29,1,0.01
2280,151,-4464.0,29.2317880794702,30.066225165562916,126,41,1,0.01
2281,248,-9814.0,39.32661290322581,40.33870967741935,251,54,1,0.01
2282,189,-5465.0,28.634920634920636,29.56084656084656,175,46,1,0.01
2283,211,-6636.0,31.203791469194314,32.09478672985782,188,46,1,0.01
2284,102,-4158.0,40.14705882352941,41.14705882352941,102,24,1,0.01
2285,217,-8689.0,39.755760368663594,40.774193548387096,221,52,1,0.01
2286,456,-15842.0,34.63377192982456,35.68859649122807,481,91,1,0.01
2287,182,-7537.0,41.10989010989011,42.09340659340659,179,41,1,0.01
2288,451,-16501.0,36.47893569844789,37.61640798226164,513,83,1,0.01
2289,387,-12189.0,31.356589147286822,32.377260981912144,395,81,1,0.01
2290,265,-8907.0,33.40377358490566,34.339622641509436,248,62,1,0.01
2291,241,-8745.0,36.016597510373444,36.995850622406635,236,56,1,0.01
2292,154,-4880.0,31.318181818181817,32.18181818181818,133,35,1,0.01
2293,182,-6750.0,36.76923076923077,37.67032967032967,164,45,1,0.01
2294,148,-5795.0,38.75,39.6554054054054,134,36,1,0.01
2295,165,-5758.0,34.61212121212121,35.49090909090909,145,40,1,0.01
2296,143,-4375.0,30.237762237762237,31.083916083916083,121,29,1,0.01
2297,254,-6836.0,26.728346456692915,27.653543307086615,235,60,1,0.01
2298,139,-4851.0,34.539568345323744,35.330935251798564,110,36,1,0.01
2299,160,-5865.0,36.3,37.31875,163,35,1,0.01
2300,336,-13526.0,40.080357142857146,41.13690476190476,355,72,1,0.01
2301,407,-13002.0,31.805896805896804,32.83783783783784,420,89,1,0.01
2302,197,-7903.0,39.85279187817259,40.86294416243655,199,46,1,0.01
2303,363,-12471.0,34.20661157024794,35.27548209366391,388,74,1,0.01
2304,167,-6330.0,37.59880239520958,38.49101796407186,149,43,1,0.01
2305,237,-10125.0,42.426160337552744,43.46413502109704,246,53,1,0.01
2306,286,-11516.0,40.02097902097902,40.98251748251748,275,61,1,0.01
2307,146,-4784.0,32.41095890410959,33.205479452054796,116,35,1,0.01
2308,150,-5666.0,37.38,38.306666666666665,139,37,1,0.01
2309,131,-3893.0,29.30534351145038,30.221374045801525,120,27,1,0.01
2310,288,-9269.0,31.99652777777778,33.010416666666664,292,62,1,0.01
2311,500,-16233.0,32.384,33.446,531,103,0,0.01
2312,164,-5320.0,32.13414634146341,33.06707317073171,153,40,1,0.01
2313,254,-10329.0,40.43307086614173,41.40944881889764,248,48,1,0.01
2314,173,-6106.0,34.982658959537574,35.982658959537574,173,41,1,0.01
2315,163,-6145.0,37.38650306748466,38.34355828220859,156,37,1,0.01
2316,127,-4797.0,37.275590551181104,38.023622047244096,95,30,1,0.01
2317,360,-11852.0,32.797222222222224,33.74166666666667,340,78,1,0.01
2318,138,-5480.0,39.31159420289855,40.405797101449274,151,26,1,0.01
2319,304,-10829.0,35.45065789473684,36.421052631578945,295,66,1,0.01
2320,500,-20898.0,41.686,42.752,533,110,0,0.01
2321,111,-4190.0,37.234234234234236,38.14414414414414,101,26,1,0.01
2322,196,-6700.0,33.87244897959184,34.92857142857143,207,41,1,0.01
2323,253,-8573.0,33.67193675889328,34.60079051383399,235,54,1,0.01
2324,132,-4454.0,33.31060606060606,34.20454545454545,118,28,1,0.01
2325,202,-8494.0,41.801980198019805,42.82673267326733,207,42,1,0.01
2326,310,-10464.0,33.55806451612903,34.516129032258064,297,63,1,0.01
2327,128,-4342.0,33.46875,34.265625,102,24,1,0.01
2328,187,-6519.0,34.598930481283425,35.518716577540104,172,45,1,0.01
2329,169,-5954.0,34.887573964497044,35.81065088757396,156,35,1,0.01
2330,159,-5711.0,35.55345911949686,36.45283018867924,143,32,1,0.01
2331,199,-6759.0,33.62814070351759,34.48743718592965,171,44,1,0.01
2332,247,-8801.0,35.417004048582996,36.33198380566802,226,54,1,0.01
2333,114,-4080.0,35.30701754385965,36.19298245614035,101,25,1,0.01
2334,184,-6994.0,37.67391304347826,38.55978260869565,163,37,1,0.01
2335,341,-13631.0,39.82697947214076,40.72434017595308,306,68,1,0.01
2336,143,-5207.0,36.03496503496503,36.86713286713287,119,32,1,0.01
2337,141,-5381.0,37.687943262411345,38.5177304964539,117,30,1,0.01
2338,239,-8937.0,37.13389121338912,38.22175732217573,260,49,1,0.01
2339,159,-6105.0,38.0188679245283,38.83018867924528,129,33,1,0.01
2340,269,-9685.0,35.81040892193309,36.784386617100374,262,59,1,0.01
2341,176,-6404.0,36.11931818181818,37.08522727272727,170,35,1,0.01
2342,193,-6155.0,31.60103626943005,32.38860103626943,152,43,1,0.01
2343,148,-4763.0,31.824324324324323,32.62162162162162,118,39,1,0.01
2344,312,-10973.0,34.96474358974359,35.99679487179487,322,69,1,0.01
2345,229,-8471.0,36.71615720524017,37.685589519650655,222,53,1,0.01
2346,236,-7488.0,31.478813559322035,32.46610169491525,233,52,1,0.01
2347,331,-10139.0,30.47129909365559,31.483383685800604,335,76,1,0.01
2348,336,-11438.0,33.875,34.88392857142857,339,75,1,0.01
2349,268,-9310.0,34.52985074626866,35.507462686567166,262,62,1,0.01
2350,368,-12122.0,32.78804347826087,33.84510869565217,389,81,1,0.01
2351,258,-7986.0,30.732558139534884,31.67829457364341,244,51,1,0.01
2352,278,-9612.0,34.37410071942446,35.37410071942446,278,64,1,0.01
2353,228,-8486.0,36.973684210526315,37.85526315789474,201,52,1,0.01
2354,239,-7320.0,30.384937238493723,31.255230125523013,208,64,1,0.01
2355,336,-12004.0,35.55357142857143,36.51488095238095,323,75,1,0.01
2356,148,-4584.0,30.62837837837838,31.60810810810811,145,31,1,0.01
2357,165,-5390.0,32.345454545454544,33.339393939393936,164,35,1,0.01
2358,210,-7965.0,37.67619047619048,38.63809523809524,202,49,1,0.01
2359,120,-4626.0,38.06666666666667,39.03333333333333,116,25,1,0.01
2360,279,-10941.0,39.02508960573477,40.02508960573477,279,56,1,0.01
2361,264,-9436.0,35.515151515151516,36.46590909090909,251,60,1,0.01
2362,124,-4051.0,32.20967741935484,33.0,98,32,1,0.01
2363,239,-10114.0,42.03347280334728,43.03765690376569,240,49,1,0.01
2364,246,-10608.0,42.800813008130085,43.52845528455285,179,66,1,0.01
2365,224,-9018.0,40.02232142857143,40.97767857142857,214,55,1,0.01
2366,331,-12168.0,36.56797583081571,37.57703927492447,334,76,1,0.01
2367,200,-8830.0,43.895,44.85,191,43,1,0.01
2368,101,-3195.0,31.019801980198018,31.831683168316832,82,25,1,0.01
2369,163,-5705.0,34.61349693251534,35.4601226993865,138,42,1,0.01
2370,174,-4908.0,27.913793103448278,28.804597701149426,155,38,1,0.01
2371,140,-4690.0,33.15714285714286,34.00714285714286,119,31,1,0.01
2372,152,-5387.0,35.11184210526316,36.026315789473685,139,35,1,0.01
2373,215,-8024.0,37.06046511627907,38.08837209302325,221,44,1,0.01
2374,165,-5387.0,32.30909090909091,33.14545454545455,138,37,1,0.01
2375,268,-10431.0,38.70522388059702,39.70522388059702,268,49,1,0.01
2376,402,-13178.0,32.65174129353234,33.71393034825871,427,90,1,0.01
2377,162,-4915.0,30.02469135802469,30.753086419753085,118,40,1,0.01
2378,329,-10469.0,31.653495440729483,32.72036474164134,351,65,1,0.01
2379,120,-4082.0,33.55833333333333,34.38333333333333,99,29,1,0.01
2380,243,-8937.0,36.55555555555556,37.66255144032922,269,50,1,0.01
2381,252,-8989.0,35.448412698412696,36.42857142857143,247,57,1,0.01
2382,153,-4986.0,32.24183006535948,33.15686274509804,140,34,1,0.01
2383,169,-4968.0,29.01775147928994,29.846153846153847,140,35,1,0.01
2384,342,-12654.0,36.79824561403509,37.812865497076025,347,70,1,0.01
2385,361,-14938.0,41.2382271468144,42.26869806094183,372,78,1,0.01
2386,135,-4592.0,33.62222222222222,34.474074074074075,115,32,1,0.01
2387,281,-10178.0,36.00355871886121,37.05693950177936,296,63,1,0.01
2388,200,-6800.0,33.73,34.695,193,48,1,0.01
2389,290,-9855.0,33.789655172413795,34.744827586206895,277,65,1,0.01
2390,500,-17191.0,34.318,35.438,560,100,0,0.01
2391,145,-4559.0,31.103448275862068,31.97241379310345,126,34,1,0.01
2392,252,-9383.0,36.95634920634921,37.86507936507937,229,58,1,0.01
2393,184,-6363.0,34.23913043478261,35.108695652173914,160,41,1,0.01
2394,433,-13870.0,31.89607390300231,32.89838337182448,434,89,1,0.01
2395,227,-7757.0,33.86784140969163,34.63876651982379,175,52,1,0.01
2396,145,-4512.0,30.75862068965517,31.613793103448277,124,33,1,0.01
2397,110,-3568.0,31.963636363636365,32.81818181818182,94,23,1,0.01
2398,488,-16896.0,34.50819672131148,35.46516393442623,467,103,1,0.01
2399,155,-5229.0,33.32258064516129,34.2,136,38,1,0.01
2400,500,-19339.0,38.606,39.784,589,86,0,0.01
2401,288,-10310.0,35.611111111111114,36.69097222222222,311,50,1,0.01
2402,96,-3639.0,37.385416666666664,38.34375,92,22,1,0.01
2403,148,-5686.0,38.054054054054056,39.00675675675676,141,34,1,0.01
2404,401,-15593.0,38.750623441396506,39.82543640897756,431,83,1,0.01
2405,122,-4742.0,38.27049180327869,39.049180327868854,95,28,1,0.01
2406,318,-10546.0,32.9874213836478,33.91509433962264,295,69,1,0.01
2407,224,-7768.0,34.42857142857143,35.392857142857146,216,48,1,0.01
2408,291,-10210.0,34.914089347079035,35.96219931271477,305,62,1,0.01
2409,357,-13054.0,36.42857142857143,37.50420168067227,384,77,1,0.01
2410,212,-7607.0,35.60377358490566,36.58490566037736,208,45,1,0.01
2411,217,-7621.0,34.88940092165899,35.78801843317972,195,53,1,0.01
2412,320,-10574.0,32.840625,33.8375,319,73,1,0.01
2413,247,-9925.0,39.95141700404859,40.935222672064775,243,59,1,0.01
2414,208,-8378.0,39.95673076923077,40.90865384615385,198,44,1,0.01
2415,201,-6975.0,34.44278606965174,35.37810945273632,188,49,1,0.01
2416,190,-6745.0,35.189473684210526,36.126315789473686,178,43,1,0.01
2417,186,-7018.0,37.38172043010753,38.306451612903224,172,44,1,0.01
2418,152,-6112.0,39.83552631578947,40.651315789473685,124,33,1,0.01
2419,193,-8828.0,45.35233160621762,46.32124352331606,187,37,1,0.01
2420,157,-5145.0,32.36942675159236,33.152866242038215,123,39,1,0.01
2421,152,-5183.0,33.63815789473684,34.36842105263158,111,32,1,0.01
2422,175,-4813.0,27.194285714285716,28.165714285714287,170,37,1,0.01
2423,279,-10653.0,37.867383512544805,38.6415770609319,216,51,1,0.01
2424,209,-6679.0,31.63157894736842,32.51196172248804,184,49,1,0.01
2425,190,-7970.0,41.65263157894737,42.47894736842105,157,44,1,0.01
2426,158,-5619.0,35.18987341772152,36.0,128,37,1,0.01
2427,180,-6034.0,33.172222222222224,33.9,131,40,1,0.01
2428,127,-4932.0,38.346456692913385,39.267716535433074,117,29,1,0.01
2429,209,-7622.0,36.186602870813395,37.119617224880386,195,39,1,0.01
2430,241,-11349.0,46.79668049792531,47.863070539419084,257,43,1,0.01
2431,240,-7099.0,29.325,30.208333333333332,212,46,1,0.01
2432,243,-9330.0,38.18518518518518,38.97119341563786,191,60,1,0.01
2433,210,-7031.0,33.18571428571428,34.13809523809524,200,47,1,0.01
2434,198,-6965.0,34.843434343434346,35.69191919191919,168,47,1,0.01
2435,197,-7265.0,36.49238578680203,37.22842639593909,145,57,1,0.01
2436,120,-5371.0,44.13333333333333,44.86666666666667,88,35,1,0.01
2437,205,-8360.0,40.453658536585365,41.4390243902439,202,38,1,0.01
2438,380,-13798.0,36.15526315789474,37.14736842105263,377,79,1,0.01
2439,105,-3984.0,37.333333333333336,37.923809523809524,62,21,1,0.01
2440,220,-8442.0,38.13636363636363,39.08181818181818,208,43,1,0.01
2441,214,-7512.0,34.7803738317757,35.75233644859813,208,42,1,0.01
2442,146,-4689.0,31.69178082191781,32.52739726027397,122,34,1,0.01
2443,208,-6268.0,29.879807692307693,30.745192307692307,180,52,1,0.01
2444,180,-6937.0,38.18333333333333,39.17777777777778,179,39,1,0.01
2445,161,-4961.0,30.527950310559007,31.366459627329192,135,41,1,0.01
2446,303,-10580.0,34.70627062706271,35.71287128712871,305,59,1,0.01
2447,233,-10474.0,44.648068669527895,45.5450643776824,209,54,1,0.01
2448,173,-7104.0,40.71098265895954,41.52023121387283,140,43,1,0.01
2449,150,-5764.0,38.02,38.9,132,34,1,0.01
2450,251,-11067.0,43.72908366533864,44.689243027888445,241,45,1,0.01
2451,500,-17895.0,35.7,36.792,546,95,0,0.01
2452,293,-11936.0,40.569965870307165,41.56655290102389,292,57,1,0.01
2453,303,-10914.0,35.82838283828383,36.87128712871287,316,50,1,0.01
2454,361,-13742.0,37.91135734072022,38.9224376731302,365,81,1,0.01
2455,184,-6434.0,34.608695652173914,35.494565217391305,163,39,1,0.01
2456,500,-14369.0,28.662,29.754,546,106,0,0.01
2457,500,-16796.0,33.52,34.634,557,89,0,0.01
2458,280,-9995.0,35.503571428571426,36.5,279,56,1,0.01
2459,449,-19060.0,42.30734966592428,43.42093541202673,500,89,1,0.01
2460,225,-8899.0,39.24888888888889,40.16888888888889,207,45,1,0.01
2461,195,-7463.0,37.97435897435897,38.86153846153846,173,45,1,0.01
2462,500,-16543.0,33.018,34.114,548,94,0,0.01
2463,186,-6136.0,32.66129032258065,33.56989247311828,169,34,1,0.01
2464,291,-10961.0,37.419243986254294,38.46735395189003,305,62,1,0.01
2465,500,-16647.0,33.188,34.296,554,96,0,0.01
2466,500,-18656.0,37.248,38.388,570,92,0,0.01
2467,457,-14660.0,31.958424507658645,32.97592997811816,465,90,1,0.01
2468,438,-14887.0,33.84018264840183,34.885844748858446,458,94,1,0.01
2469,248,-8586.0,34.37096774193548,35.38306451612903,251,55,1,0.01
2470,500,-14966.0,29.862,31.022,580,93,0,0.01
2471,500,-17682.0,35.31,36.38,535,95,0,0.01
2472,500,-17010.0,33.926,35.042,558,85,0,0.01
2473,500,-14898.0,29.748,30.85,551,95,0,0.01
2474,500,-16057.0,32.05,33.158,554,93,0,0.01
2475,293,-9975.0,33.846416382252556,34.85324232081911,295,70,1,0.01
2476,500,-14640.0,29.2,30.314,557,91,0,0.01
2477,500,-19292.0,38.528,39.694,583,87,0,0.01
2478,500,-17599.0,35.148,36.304,578,81,0,0.01
2479,437,-16109.0,36.734553775743706,37.901601830663616,510,80,1,0.01
2480,500,-18315.0,36.542,37.742,600,80,0,0.01
2481,500,-16391.0,32.712,33.872,580,90,0,0.01
2482,215,-8025.0,37.032558139534885,37.89767441860465,186,49,1,0.01
2483,500,-17539.0,35.006,36.14,567,89,0,0.01
2484,160,-6903.0,42.7875,43.7625,156,35,1,0.01
2485,237,-6833.0,28.578059071729957,29.556962025316455,232,45,1,0.01
2486,500,-18070.0,36.07,37.222,576,93,0,0.01
2487,323,-13589.0,41.87925696594427,42.95665634674923,348,62,1,0.01
2488,337,-14223.0,42.02077151335312,43.068249258160236,353,67,1,0.01
2489,141,-4727.0,33.191489361702125,34.177304964539005,139,23,1,0.01
2490,500,-16952.0,33.82,34.952,566,102,0,0.01
2491,391,-14936.0,38.0460358056266,39.214833759590796,457,72,1,0.01
2492,130,-4942.0,37.60769230769231,38.646153846153844,135,27,1,0.01
2493,500,-14737.0,29.41,30.506,548,94,0,0.01
2494,500,-14862.0,29.662,30.802,570,95,0,0.01
2495,500,-13538.0,27.024,28.122,549,99,0,0.01
2496,500,-14546.0,29.044,30.188,572,98,0,0.01
2497,449,-16360.0,36.30734966592428,37.4075723830735,494,87,1,0.01
2498,404,-13686.0,33.74009900990099,34.80940594059406,432,78,1,0.01
2499,500,-14188.0,28.304,29.442,569,99,0,0.01
2500,383,-12834.0,33.362924281984334,34.45691906005222,419,76,1,0.01
2501,441,-17971.0,40.616780045351476,41.764172335600904,506,90,1,0.01
2502,500,-18021.0,35.962,37.148,593,98,0,0.01
2503,500,-18941.0,37.806,38.902,548,102,0,0.01
2504,295,-9788.0,32.97627118644068,34.0406779661017,314,62,1,0.01
2505,500,-17461.0,34.84,35.95,555,100,0,0.01
2506,500,-13889.0,27.7,28.774,537,109,0,0.01
2507,500,-15089.0,30.114,31.212,549,108,0,0.01
2508,240,-8648.0,35.795833333333334,36.891666666666666,263,53,1,0.01
2509,309,-12059.0,38.81229773462783,39.786407766990294,301,69,1,0.01
2510,500,-18937.0,37.796,38.936,570,85,0,0.01
2511,389,-15324.0,39.239074550128535,40.326478149100254,423,79,1,0.01
2512,500,-14736.0,29.424,30.55,563,98,0,0.01
2513,397,-11515.0,28.851385390428213,29.87153652392947,405,89,1,0.01
2514,500,-17297.0,34.524,35.656,566,96,0,0.01
2515,500,-16035.0,31.992,33.192,600,88,0,0.01
2516,175,-5837.0,33.02857142857143,33.91428571428571,155,39,1,0.01
2517,500,-14471.0,28.888,30.01,561,95,0,0.01
2518,500,-20369.0,40.674,41.85,588,90,0,0.01
2519,500,-16668.0,33.238,34.386,574,98,0,0.01
2520,500,-14902.0,29.718,30.772,527,102,0,0.01
2521,500,-14466.0,28.876,29.986,555,94,0,0.01
2522,500,-16646.0,33.198,34.228,515,97,0,0.01
2523,500,-15442.0,30.79,31.884,547,100,0,0.01
2524,500,-14659.0,29.26,30.394,567,95,0,0.01
2525,500,-16099.0,32.138,33.318,590,86,0,0.01
2526,500,-15640.0,31.2,32.284,542,96,0,0.01
2527,500,-20553.0,41.03,42.192,581,84,0,0.01
2528,500,-14770.0,29.494,30.626,566,94,0,0.01
2529,500,-17980.0,35.862,37.034,586,86,0,0.01
2530,500,-16510.0,32.912,34.048,568,96,0,0.01
2531,328,-13599.0,41.301829268292686,42.353658536585364,345,62,1,0.01
2532,500,-16336.0,32.636,33.774,569,93,0,0.01
2533,495,-19531.0,39.35757575757576,40.448484848484846,540,91,1,0.01
2534,500,-15441.0,30.786,31.866,540,91,0,0.01
2535,500,-15926.0,31.78,32.942,581,88,0,0.01
2536,500,-13988.0,27.938,29.006,534,98,0,0.01
2537,500,-14808.0,29.528,30.63,551,99,0,0.01
2538,500,-15865.0,31.686,32.902,608,83,0,0.01
2539,500,-13317.0,26.582,27.682,550,95,0,0.01
2540,500,-17373.0,34.664,35.92,628,77,0,0.01
2541,500,-16964.0,33.836,35.002,583,88,0,0.01
2542,500,-14708.0,29.372,30.46,544,99,0,0.01
2543,500,-15698.0,31.296,32.444,574,79,0,0.01
2544,500,-14528.0,28.992,30.136,572,87,0,0.01
2545,500,-15235.0,30.378,31.456,539,97,0,0.01
2546,500,-13133.0,26.204,27.312,554,95,0,0.01
2547,500,-13490.0,26.916,27.986,535,101,0,0.01
2548,500,-15745.0,31.43,32.572,571,82,0,0.01
2549,119,-4009.0,33.20168067226891,34.18487394957983,117,22,1,0.01
2550,500,-18365.0,36.644,37.85,603,77,0,0.01
2551,500,-15377.0,30.686,31.804,559,93,0,0.01
2552,398,-12001.0,30.035175879396984,31.045226130653266,402,81,1,0.01
2553,500,-13227.0,26.362,27.44,539,86,0,0.01
2554,336,-12896.0,38.208333333333336,39.24702380952381,349,72,1,0.01
2555,218,-8598.0,39.142201834862384,40.174311926605505,225,43,1,0.01
2556,125,-3433.0,27.048,27.712,83,35,1,0.01
2557,500,-16295.0,32.528,33.686,579,86,0,0.01
2558,500,-16505.0,32.938,34.076,569,92,0,0.01
2559,500,-15813.0,31.546,32.704,579,88,0,0.01
2560,500,-15791.0,31.5,32.588,544,95,0,0.01
2561,500,-17925.0,35.764,36.934,585,92,0,0.01
2562,500,-14009.0,27.974,29.116,571,86,0,0.01
2563,500,-13886.0,27.692,28.892,600,89,0,0.01
2564,500,-16202.0,32.346,33.472,563,90,0,0.01
2565,500,-15282.0,30.498,31.594,548,90,0,0.01
2566,500,-13455.0,26.842,27.92,539,96,0,0.01
2567,500,-15439.0,30.784,31.912,564,86,0,0.01
2568,500,-14613.0,29.164,30.294,565,87,0,0.01
2569,500,-16950.0,33.834,34.972,569,90,0,0.01
2570,500,-16943.0,33.806,34.976,585,85,0,0.01
2571,500,-13254.0,26.448,27.526,539,92,0,0.01
2572,500,-15269.0,30.5,31.688,594,81,0,0.01
2573,500,-16139.0,32.186,33.28,547,92,0,0.01
2574,500,-15649.0,31.212,32.412,600,76,0,0.01
2575,500,-12852.0,25.626,26.726,550,88,0,0.01
2576,500,-16513.0,32.97,34.096,563,77,0,0.01
2577,500,-16782.0,33.506,34.606,550,85,0,0.01
2578,500,-16926.0,33.786,34.848,531,97,0,0.01
2579,500,-17380.0,34.66,35.83,585,76,0,0.01
2580,500,-16248.0,32.428,33.476,524,93,0,0.01
2581,500,-14029.0,27.984,29.124,570,83,0,0.01
2582,500,-15223.0,30.386,31.47,542,93,0,0.01
2583,500,-20189.0,40.292,41.48,594,73,0,0.01
2584,500,-16194.0,32.33,33.452,561,79,0,0.01
2585,500,-13347.0,26.646,27.752,553,89,0,0.01
2586,500,-15469.0,30.888,32.06,586,83,0,0.01
2587,342,-13373.0,38.92982456140351,40.03216374269006,377,59,1,0.01
2588,500,-17623.0,35.168,36.324,578,76,0,0.01
2589,448,-15660.0,34.825892857142854,35.988839285714285,521,72,1,0.01
2590,500,-15948.0,31.806,32.876,535,87,0,0.01
2591,500,-13856.0,27.666,28.816,575,88,0,0.01
2592,500,-14974.0,29.884,30.98,548,96,0,0.01
2593,500,-15916.0,31.73,32.804,537,99,0,0.01
2594,500,-16093.0,32.108,33.194,543,92,0,0.01
2595,500,-14680.0,29.296,30.434,569,83,0,0.01
2596,500,-14715.0,29.354,30.478,562,86,0,0.01
2597,348,-11752.0,33.60344827586207,34.70977011494253,385,66,1,0.01
2598,500,-15202.0,30.338,31.462,562,91,0,0.01
2599,500,-19090.0,38.09,39.256,583,86,0,0.01
2600,473,-19561.0,41.23678646934461,42.289640591966176,498,87,1,0.01
2601,414,-11890.0,28.57729468599034,29.652173913043477,445,80,1,0.01
2602,500,-17616.0,35.134,36.254,560,92,0,0.01
2603,500,-16597.0,33.094,34.13,518,108,0,0.01
2604,500,-15440.0,30.794,31.9,553,94,0,0.01
2605,500,-15599.0,31.08,32.206,563,90,0,0.01
2606,500,-17352.0,34.614,35.764,575,96,0,0.01
2607,198,-6156.0,30.82323232323232,31.752525252525253,184,41,1,0.01
2608,500,-15347.0,30.624,31.716,546,103,0,0.01
2609,500,-18762.0,37.472,38.658,593,80,0,0.01
2610,500,-18398.0,36.72,37.862,571,91,0,0.01
2611,500,-13249.0,26.43,27.55,560,84,0,0.01
2612,500,-18052.0,36.038,37.234,598,86,0,0.01
2613,500,-15243.0,30.452,31.586,567,92,0,0.01
2614,500,-18169.0,36.26,37.416,578,85,0,0.01
2615,500,-16540.0,33.01,34.166,578,84,0,0.01
2616,500,-14891.0,29.714,30.784,535,99,0,0.01
2617,454,-12993.0,28.513215859030836,29.6079295154185,497,86,1,0.01
2618,500,-13731.0,27.416,28.494,539,95,0,0.01
2619,500,-15364.0,30.662,31.76,549,97,0,0.01
2620,500,-16674.0,33.262,34.376,557,97,0,0.01
2621,500,-15519.0,30.956,32.154,599,79,0,0.01
2622,500,-15793.0,31.538,32.672,567,92,0,0.01
2623,138,-4470.0,31.956521739130434,32.833333333333336,121,33,1,0.01
2624,500,-14057.0,28.046,29.13,542,86,0,0.01
2625,372,-13961.0,37.373655913978496,38.47043010752688,408,60,1,0.01
2626,500,-14327.0,28.594,29.73,568,90,0,0.01
2627,500,-16420.0,32.78,33.902,561,84,0,0.01
2628,500,-17713.0,35.368,36.48,556,91,0,0.01
2629,500,-17229.0,34.376,35.502,563,94,0,0.01
2630,296,-12336.0,41.50337837837838,42.69932432432432,354,53,1,0.01
2631,500,-13534.0,26.994,28.064,535,95,0,0.01
2632,178,-5464.0,30.365168539325843,31.376404494382022,180,30,1,0.01
2633,500,-14812.0,29.536,30.642,553,91,0,0.01
2634,500,-14421.0,28.786,29.814,514,94,0,0.01
2635,105,-2629.0,24.571428571428573,25.17142857142857,63,24,1,0.01
2636,500,-14594.0,29.122,30.256,567,98,0,0.01
2637,205,-5535.0,26.73658536585366,27.648780487804878,187,50,1,0.01
2638,500,-17112.0,34.164,35.278,557,89,0,0.01
2639,464,-17171.0,36.89224137931034,38.00646551724138,517,86,1,0.01
2640,500,-16475.0,32.864,34.03,583,88,0,0.01
2641,500,-18992.0,37.902,39.086,592,79,0,0.01
2642,500,-14838.0,29.584,30.662,539,93,0,0.01
2643,500,-16616.0,33.148,34.294,573,88,0,0.01
2644,500,-14134.0,28.202,29.336,567,89,0,0.01
2645,160,-5242.0,32.46875,33.4125,151,29,1,0.01
2646,177,-6255.0,35.005649717514125,35.943502824858754,166,34,1,0.01
2647,110,-3687.0,33.0,33.7,77,31,1,0.01
2648,500,-15864.0,31.66,32.794,567,98,0,0.01
2649,370,-11989.0,32.28108108108108,33.4,414,65,1,0.01
2650,500,-18668.0,37.272,38.46,594,93,0,0.01
2651,251,-7835.0,30.99601593625498,32.0199203187251,257,53,1,0.01
2652,333,-10261.0,30.675675675675677,31.75075075075075,358,66,1,0.01
2653,500,-15394.0,30.7,31.814,557,86,0,0.01
2654,500,-17430.0,34.764,35.896,566,90,0,0.01
2655,484,-17847.0,36.75,37.91528925619835,564,85,1,0.01
2656,500,-13628.0,27.196,28.294,549,91,0,0.01
2657,500,-14798.0,29.542,30.626,542,95,0,0.01
2658,500,-13217.0,26.372,27.446,537,95,0,0.01
2659,500,-14999.0,29.928,31.07,571,80,0,0.01
2660,500,-15680.0,31.312,32.494,591,88,0,0.01
2661,500,-13357.0,26.636,27.718,541,97,0,0.01
2662,500,-15731.0,31.402,32.558,578,82,0,0.01
2663,500,-16867.0,33.686,34.898,606,84,0,0.01
2664,500,-13182.0,26.296,27.376,540,96,0,0.01
2665,500,-16164.0,32.25,33.374,562,92,0,0.01
2666,481,-15353.0,31.80873180873181,32.87941787941788,515,93,1,0.01
2667,500,-17965.0,35.852,37.018,583,83,0,0.01
2668,500,-15932.0,31.788,32.906,559,93,0,0.01
2669,500,-12962.0,25.838,26.922,542,97,0,0.01
2670,500,-18607.0,37.166,38.32,577,95,0,0.01
2671,500,-14377.0,28.706,29.768,531,94,0,0.01
2672,293,-13108.0,44.42320819112628,45.40955631399317,289,56,1,0.01
2673,500,-18642.0,37.206,38.426,610,87,0,0.01
2674,474,-15478.0,32.55907172995781,33.66877637130802,526,91,1,0.01
2675,328,-12800.0,38.86585365853659,39.94207317073171,353,72,1,0.01
2676,185,-7036.0,37.74054054054054,38.71891891891892,181,34,1,0.01
2677,462,-18848.0,40.64718614718615,41.71212121212121,492,95,1,0.01
2678,369,-14201.0,38.33875338753388,39.45528455284553,412,79,1,0.01
2679,500,-16749.0,33.422,34.55,564,100,0,0.01
2680,383,-13381.0,34.778067885117494,35.80156657963447,392,84,1,0.01
2681,432,-15210.0,35.020833333333336,35.94675925925926,400,104,1,0.01
2682,354,-12600.0,35.40112994350282,36.3954802259887,352,77,1,0.01
2683,500,-16005.0,31.914,32.99,538,94,0,0.01
2684,500,-17386.0,34.708,35.836,564,92,0,0.01
2685,453,-15212.0,33.45474613686534,34.51876379690949,482,89,1,0.01
2686,425,-15972.0,37.45882352941177,38.60235294117647,486,76,1,0.01
2687,500,-23710.0,47.322,48.416,547,94,0,0.01
2688,383,-16330.0,42.45691906005222,43.50391644908616,401,78,1,0.01
2689,500,-14030.0,28.004,29.158,577,95,0,0.01
2690,500,-19690.0,39.26,40.308,524,105,0,0.01
2691,500,-16411.0,32.758,33.87,556,97,0,0.01
2692,500,-14457.0,28.812,29.814,501,113,0,0.01
2693,500,-17485.0,34.898,36.026,564,88,0,0.01
2694,500,-14224.0,28.38,29.476,548,92,0,0.01
2695,165,-6527.0,39.2,40.04848484848485,140,38,1,0.01
2696,140,-5598.0,39.41428571428571,39.98571428571429,80,34,1,0.01
2697,500,-13487.0,26.902,27.932,515,98,0,0.01
2698,500,-18243.0,36.444,37.692,624,85,0,0.01
2699,382,-12289.0,32.05235602094241,33.17801047120419,430,70,1,0.01
2700,500,-15679.0,31.256,32.366,555,89,0,0.01
2701,500,-15778.0,31.46,32.566,553,88,0,0.01
2702,500,-17434.0,34.8,35.866,533,92,0,0.01
2703,500,-13297.0,26.51,27.604,547,96,0,0.01
2704,500,-18286.0,36.488,37.622,567,101,0,0.01
2705,500,-15955.0,31.824,32.974,575,88,0,0.01
2706,174,-5244.0,29.833333333333332,30.74712643678161,159,41,1,0.01
2707,500,-17429.0,34.798,35.91,556,91,0,0.01
2708,500,-14972.0,29.842,30.928,543,90,0,0.01
2709,500,-13675.0,27.286,28.39,552,92,0,0.01
2710,483,-18582.0,38.36231884057971,39.55072463768116,574,84,1,0.01
2711,500,-14523.0,28.974,30.118,572,92,0,0.01
2712,500,-14929.0,29.78,30.908,564,95,0,0.01
2713,274,-10382.0,37.73357664233577,38.762773722627735,282,54,1,0.01
2714,500,-18964.0,37.836,38.94,552,99,0,0.01
2715,500,-14547.0,29.044,30.156,556,85,0,0.01
2716,500,-13358.0,26.664,27.834,585,92,0,0.01
2717,500,-12805.0,25.538,26.724,593,86,0,0.01
2718,500,-14283.0,28.52,29.694,587,89,0,0.01
2719,500,-16137.0,32.18,33.314,567,86,0,0.01
2720,500,-16899.0,33.744,34.946,601,88,0,0.01
2721,500,-14839.0,29.616,30.732,558,105,0,0.01
2722,500,-16443.0,32.85,34.002,576,88,0,0.01
2723,500,-13550.0,27.05,28.204,577,91,0,0.01
2724,500,-16802.0,33.516,34.642,563,96,0,0.01
2725,500,-15618.0,31.15,32.334,592,85,0,0.01
2726,95,-2834.0,29.305263157894736,30.08421052631579,74,22,1,0.01
2727,500,-15020.0,29.974,31.086,556,99,0,0.01
2728,500,-14533.0,29.016,30.116,550,95,0,0.01
2729,500,-16913.0,33.766,34.894,564,95,0,0.01
2730,500,-18453.0,36.846,38.08,617,83,0,0.01
2731,500,-14386.0,28.688,29.824,568,90,0,0.01
2732,500,-17354.0,34.644,35.804,580,93,0,0.01
2733,500,-13358.0,26.648,27.79,571,91,0,0.01
2734,135,-4901.0,35.86666666666667,36.56296296296296,94,22,1,0.01
2735,500,-15067.0,30.07,31.162,546,97,0,0.01
2736,191,-7642.0,39.696335078534034,40.58115183246073,169,35,1,0.01
2737,500,-12259.0,24.464,25.57,553,98,0,0.01
2738,500,-13916.0,27.792,28.9,554,92,0,0.01
2739,500,-15336.0,30.612,31.756,572,91,0,0.01
2740,500,-18215.0,36.382,37.566,592,84,0,0.01
2741,500,-16369.0,32.706,33.812,553,84,0,0.01
2742,500,-16956.0,33.856,35.048,596,83,0,0.01
2743,500,-17804.0,35.538,36.74,601,84,0,0.01
2744,500,-16121.0,32.182,33.37,594,89,0,0.01
2745,500,-15273.0,30.466,31.574,554,97,0,0.01
2746,171,-5522.0,31.964912280701753,32.812865497076025,145,37,1,0.01
2747,500,-13127.0,26.212,27.344,566,92,0,0.01
2748,500,-12783.0,25.538,26.746,604,89,0,0.01
2749,500,-12986.0,25.924,27.052,564,100,0,0.01
2750,500,-15708.0,31.354,32.53,588,91,0,0.01
2751,500,-14561.0,29.046,30.194,574,90,0,0.01
2752,500,-14418.0,28.782,29.832,525,94,0,0.01
2753,291,-10968.0,37.49828178694158,38.54639175257732,305,50,1,0.01
2754,500,-16600.0,33.146,34.274,564,91,0,0.01
2755,500,-17424.0,34.728,35.86,566,91,0,0.01
2756,500,-15880.0,31.716,32.796,540,92,0,0.01
2757,500,-16262.0,32.456,33.59,567,88,0,0.01
2758,500,-12463.0,24.89,26.054,582,83,0,0.01
2759,349,-11771.0,33.57593123209169,34.767908309455585,416,65,1,0.01
2760,500,-13188.0,26.304,27.368,532,98,0,0.01
2761,500,-18112.0,36.166,37.39,612,83,0,0.01
2762,500,-14990.0,29.928,31.036,554,95,0,0.01
2763,369,-11452.0,30.875338753387535,31.951219512195124,397,77,1,0.01
2764,500,-14663.0,29.274,30.458,592,80,0,0.01
2765,500,-14869.0,29.67,30.812,571,87,0,0.01
2766,500,-13066.0,26.07,27.168,549,92,0,0.01
2767,500,-13465.0,26.872,27.992,560,99,0,0.01
2768,500,-13590.0,27.15,28.312,581,91,0,0.01
2769,500,-16132.0,32.198,33.43,616,84,0,0.01
2770,500,-14197.0,28.31,29.404,547,101,0,0.01
2771,500,-13879.0,27.658,28.688,515,97,0,0.01
2772,500,-14307.0,28.548,29.69,571,94,0,0.01
2773,500,-15858.0,31.668,32.894,613,80,0,0.01
2774,500,-15896.0,31.692,32.786,547,102,0,0.01
2775,500,-14742.0,29.424,30.588,582,92,0,0.01
2776,500,-13315.0,26.576,27.658,541,92,0,0.01
2777,500,-13120.0,26.192,27.318,563,94,0,0.01
2778,500,-15358.0,30.654,31.814,580,88,0,0.01
2779,500,-13669.0,27.272,28.422,575,88,0,0.01
2780,500,-16298.0,32.538,33.666,564,91,0,0.01
2781,500,-15804.0,31.52,32.69,585,88,0,0.01
2782,500,-13871.0,27.686,28.826,570,96,0,0.01
2783,500,-12217.0,24.392,25.472,540,98,0,0.01
2784,500,-13202.0,26.33,27.338,504,102,0,0.01
2785,500,-14611.0,29.166,30.298,566,91,0,0.01
2786,500,-13557.0,27.072,28.254,591,83,0,0.01
2787,500,-13108.0,26.17,27.274,552,96,0,0.01
2788,500,-13207.0,26.352,27.474,561,96,0,0.01
2789,500,-13459.0,26.878,28.03,576,86,0,0.01
2790,500,-14709.0,29.354,30.578,612,85,0,0.01
2791,249,-7457.0,29.72690763052209,30.65461847389558,231,52,1,0.01
2792,500,-15525.0,30.998,32.118,560,86,0,0.01
2793,500,-13695.0,27.348,28.496,574,92,0,0.01
2794,500,-13857.0,27.674,28.758,542,105,0,0.01
2795,500,-16081.0,32.088,33.218,565,85,0,0.01
2796,500,-15433.0,30.812,31.948,568,95,0,0.01
2797,500,-12969.0,25.898,27.016,559,94,0,0.01
2798,500,-15427.0,30.758,31.912,577,93,0,0.01
2799,407,-13141.0,32.14987714987715,33.32678132678133,479,70,1,0.01
2800,500,-15924.0,31.758,32.83,536,96,0,0.01
2801,500,-15036.0,30.004,31.18,588,83,0,0.01
2802,500,-15977.0,31.846,33.036,595,86,0,0.01
2803,500,-14762.0,29.464,30.618,577,94,0,0.01
2804,500,-14338.0,28.624,29.762,569,84,0,0.01
2805,500,-13458.0,26.848,27.956,554,92,0,0.01
2806,500,-14458.0,28.846,30.038,596,81,0,0.01
2807,500,-16307.0,32.55,33.642,546,89,0,0.01
2808,500,-13000.0,25.942,27.012,535,95,0,0.01
2809,153,-4644.0,29.941176470588236,30.830065359477125,136,34,1,0.01
2810,500,-13146.0,26.24,27.356,558,96,0,0.01
2811,500,-13870.0,27.694,28.796,551,88,0,0.01
2812,500,-16345.0,32.602,33.784,591,77,0,0.01
2813,500,-15601.0,31.142,32.31,584,79,0,0.01
2814,500,-17235.0,34.384,35.568,592,81,0,0.01
2815,500,-14254.0,28.456,29.428,486,106,0,0.01
2816,500,-15126.0,30.162,31.278,558,95,0,0.01
2817,500,-13298.0,26.552,27.73,589,83,0,0.01
2818,500,-12638.0,25.226,26.326,550,88,0,0.01
2819,500,-16323.0,32.578,33.758,590,83,0,0.01
2820,500,-12618.0,25.176,26.206,515,88,0,0.01
2821,500,-11965.0,23.872,25.062,595,90,0,0.01
2822,500,-13660.0,27.24,28.346,553,90,0,0.01
2823,500,-11600.0,23.138,24.248,555,94,0,0.01
2824,500,-14403.0,28.752,29.916,582,81,0,0.01
2825,500,-14489.0,28.932,30.09,579,85,0,0.01
2826,500,-15653.0,31.218,32.31,546,94,0,0.01
2827,500,-10669.0,21.27,22.316,523,99,0,0.01
2828,500,-13976.0,27.892,29.032,570,84,0,0.01
2829,500,-12357.0,24.656,25.744,544,95,0,0.01
2830,500,-13618.0,27.186,28.264,539,96,0,0.01
2831,500,-13042.0,26.018,27.09,536,97,0,0.01
2832,500,-14748.0,29.452,30.622,585,88,0,0.01
2833,500,-15071.0,30.058,31.302,622,83,0,0.01
2834,500,-14772.0,29.484,30.6,558,88,0,0.01
2835,500,-12599.0,25.148,26.354,603,84,0,0.01
2836,500,-11136.0,22.208,23.312,552,94,0,0.01
2837,187,-6423.0,34.04812834224599,35.096256684491976,196,41,1,0.01
2838,500,-15020.0,29.946,31.12,587,80,0,0.01
2839,83,-2347.0,27.602409638554217,28.373493975903614,64,24,1,0.01
2840,500,-13074.0,26.074,27.184,555,94,0,0.01
2841,121,-3322.0,27.03305785123967,27.66115702479339,76,39,1,0.01
2842,500,-16285.0,32.51,33.626,558,91,0,0.01
2843,500,-12682.0,25.31,26.452,571,85,0,0.01
2844,500,-13927.0,27.812,28.972,580,88,0,0.01
2845,500,-15637.0,31.218,32.346,564,95,0,0.01
2846,500,-15788.0,31.516,32.716,600,80,0,0.01
2847,500,-11871.0,23.668,24.708,520,98,0,0.01
2848,500,-14141.0,28.236,29.392,578,90,0,0.01
2849,500,-15009.0,29.976,31.13,577,88,0,0.01
2850,500,-17849.0,35.594,36.776,591,86,0,0.01
2851,500,-12936.0,25.842,27.012,585,79,0,0.01
2852,500,-13689.0,27.316,28.466,575,84,0,0.01
2853,488,-17256.0,35.243852459016395,36.43032786885246,579,77,1,0.01
2854,500,-15731.0,31.418,32.596,589,87,0,0.01
2855,500,-12978.0,25.866,27.006,570,81,0,0.01
2856,500,-12468.0,24.87,25.982,556,75,0,0.01
2857,500,-11885.0,23.712,24.798,543,103,0,0.01
2858,500,-12950.0,25.834,26.964,565,73,0,0.01
2859,500,-12513.0,24.97,26.114,572,89,0,0.01
2860,500,-12084.0,24.098,25.17,536,94,0,0.01
2861,500,-11798.0,23.552,24.702,575,90,0,0.01
2862,500,-12111.0,24.172,25.252,540,95,0,0.01
2863,500,-12591.0,25.104,26.224,560,95,0,0.01
2864,258,-8597.0,33.151162790697676,34.20542635658915,272,44,1,0.01
2865,500,-14772.0,29.504,30.72,608,84,0,0.01
2866,500,-13880.0,27.712,28.854,571,86,0,0.01
2867,500,-12990.0,25.938,27.03,546,98,0,0.01
2868,500,-13232.0,26.398,27.54,571,82,0,0.01
2869,500,-11900.0,23.728,24.794,533,102,0,0.01
2870,500,-13207.0,26.352,27.446,547,95,0,0.01
2871,500,-14555.0,29.044,30.254,605,83,0,0.01
2872,500,-13967.0,27.89,29.036,573,83,0,0.01
2873,500,-14846.0,29.644,30.814,585,77,0,0.01
2874,500,-13408.0,26.766,27.936,585,88,0,0.01
2875,500,-11824.0,23.588,24.72,566,86,0,0.01
2876,500,-13464.0,26.894,28.082,594,89,0,0.01
2877,500,-12433.0,24.812,25.972,580,85,0,0.01
2878,500,-11221.0,22.37,23.354,492,104,0,0.01
2879,500,-11647.0,23.236,24.306,535,97,0,0.01
2880,500,-12827.0,25.584,26.688,552,91,0,0.01
2881,500,-12909.0,25.758,26.94,591,84,0,0.01
2882,500,-12162.0,24.252,25.358,553,96,0,0.01
2883,500,-15740.0,31.44,32.63,595,85,0,0.01
2884,500,-16702.0,33.332,34.514,591,88,0,0.01
2885,172,-6564.0,37.83139534883721,38.854651162790695,176,37,1,0.01
2886,500,-12733.0,25.376,26.508,566,91,0,0.01
2887,500,-13558.0,27.07,28.23,580,88,0,0.01
2888,500,-11788.0,23.504,24.604,550,93,0,0.01
2889,500,-12863.0,25.662,26.726,532,103,0,0.01
2890,486,-15621.0,32.02674897119341,33.166666666666664,554,86,1,0.01
2891,500,-12628.0,25.182,26.306,562,88,0,0.01
2892,500,-14221.0,28.412,29.586,587,81,0,0.01
2893,500,-14244.0,28.45,29.562,556,83,0,0.01
2894,500,-12362.0,24.692,25.802,555,84,0,0.01
2895,500,-16370.0,32.662,33.828,583,87,0,0.01
2896,269,-7308.0,26.955390334572492,28.070631970260223,300,46,1,0.01
2897,500,-13568.0,27.082,28.164,541,91,0,0.01
2898,500,-15993.0,31.902,33.076,587,83,0,0.01
2899,500,-12020.0,23.968,25.13,581,98,0,0.01
2900,500,-14473.0,28.872,30.056,592,84,0,0.01
2901,500,-12192.0,24.352,25.464,556,89,0,0.01
2902,500,-14278.0,28.496,29.648,576,85,0,0.01
2903,500,-13999.0,27.934,29.144,605,84,0,0.01
2904,500,-12946.0,25.842,26.96,559,82,0,0.01
2905,500,-12992.0,25.934,27.086,576,81,0,0.01
2906,500,-12904.0,25.728,26.862,567,78,0,0.01
2907,500,-13067.0,26.072,27.156,542,90,0,0.01
2908,500,-15387.0,30.688,31.894,603,79,0,0.01
2909,500,-12138.0,24.23,25.364,567,83,0,0.01
2910,500,-13033.0,26.026,27.236,605,81,0,0.01
2911,500,-12472.0,24.888,26.006,559,82,0,0.01
2912,500,-11685.0,23.306,24.424,559,87,0,0.01
2913,230,-6864.0,29.565217391304348,30.53913043478261,224,41,1,0.01
2914,500,-14340.0,28.618,29.832,607,78,0,0.01
2915,500,-13571.0,27.086,28.252,583,80,0,0.01
2916,500,-12497.0,24.946,26.042,548,93,0,0.01
2917,500,-15994.0,31.914,33.104,595,83,0,0.01
2918,500,-15741.0,31.396,32.552,578,81,0,0.01
2919,500,-12409.0,24.738,25.804,533,85,0,0.01
2920,495,-14337.0,28.846464646464646,30.02020202020202,581,82,1,0.01
2921,500,-12981.0,25.926,27.132,603,86,0,0.01
2922,500,-14860.0,29.656,30.792,568,87,0,0.01
2923,500,-12522.0,25.0,26.014,507,96,0,0.01
2924,500,-12199.0,24.356,25.47,557,86,0,0.01
2925,500,-14853.0,29.654,30.868,607,81,0,0.01
2926,500,-12141.0,24.226,25.342,558,86,0,0.01
2927,500,-11507.0,22.946,24.04,547,94,0,0.01
2928,500,-12829.0,25.58,26.69,555,84,0,0.01
2929,500,-11088.0,22.104,23.174,535,85,0,0.01
2930,462,-12809.0,27.603896103896105,28.6991341991342,506,80,1,0.01
2931,500,-11001.0,21.952,23.042,545,90,0,0.01
2932,500,-12064.0,24.072,25.212,570,87,0,0.01
2933,500,-14387.0,28.694,29.78,543,86,0,0.01
2934,452,-15121.0,33.334070796460175,34.480088495575224,518,75,1,0.01
2935,500,-15178.0,30.322,31.514,596,79,0,0.01
2936,500,-13959.0,27.856,29.018,581,83,0,0.01
2937,500,-13271.0,26.496,27.644,574,79,0,0.01
2938,500,-13778.0,27.518,28.7,591,81,0,0.01
2939,500,-12580.0,25.072,26.196,562,86,0,0.01
2940,500,-11641.0,23.228,24.34,556,91,0,0.01
2941,500,-12835.0,25.608,26.784,588,81,0,0.01
2942,500,-10802.0,21.552,22.64,544,90,0,0.01
2943,500,-14212.0,28.346,29.518,586,78,0,0.01
2944,500,-16156.0,32.266,33.44,587,76,0,0.01
2945,500,-12756.0,25.46,26.614,577,89,0,0.01
2946,500,-12838.0,25.62,26.756,568,87,0,0.01
2947,500,-16987.0,33.86,35.064,602,79,0,0.01
2948,500,-11992.0,23.946,25.108,581,82,0,0.01
2949,500,-18724.0,37.384,38.6,608,76,0,0.01
2950,500,-15773.0,31.456,32.63,587,83,0,0.01
2951,500,-10975.0,21.916,23.052,568,90,0,0.01
2952,500,-12262.0,24.488,25.61,561,84,0,0.01
2953,477,-15541.0,32.475890985324945,33.55555555555556,515,84,1,0.01
2954,500,-13373.0,26.67,27.8,565,91,0,0.01
2955,500,-12793.0,25.536,26.708,586,83,0,0.01
2956,500,-12127.0,24.208,25.354,573,83,0,0.01
2957,500,-12322.0,24.58,25.654,537,89,0,0.01
2958,500,-14182.0,28.292,29.42,564,77,0,0.01
2959,500,-13953.0,27.794,28.91,558,93,1,0.01
2960,500,-13988.0,27.922,29.082,580,84,0,0.01
2961,500,-12455.0,24.832,25.92,544,91,0,0.01
2962,500,-11175.0,22.312,23.406,547,90,0,0.01
2963,500,-12260.0,24.47,25.63,580,83,0,0.01
2964,500,-11377.0,22.7,23.84,570,91,0,0.01
2965,500,-12489.0,24.928,26.056,564,93,0,0.01
2966,500,-11313.0,22.544,23.612,534,79,0,0.01
2967,500,-14889.0,29.694,30.886,596,86,0,0.01
2968,500,-11714.0,23.39,24.53,570,80,0,0.01
2969,500,-11537.0,23.016,24.15,567,90,0,0.01
2970,500,-9808.0,19.564,20.63,533,90,0,0.01
2971,500,-11998.0,23.95,25.094,572,84,0,0.01
2972,500,-12179.0,24.308,25.444,568,83,0,0.01
2973,500,-14166.0,28.298,29.484,593,79,0,0.01
2974,500,-13317.0,26.562,27.69,564,90,0,0.01
2975,500,-17641.0,35.232,36.474,621,80,0,0.01
2976,500,-12728.0,25.412,26.506,547,91,0,0.01
2977,500,-12805.0,25.554,26.692,569,83,0,0.01
2978,500,-12821.0,25.606,26.738,566,87,0,0.01
2979,500,-16118.0,32.162,33.338,588,79,0,0.01
2980,500,-12005.0,23.954,25.132,589,86,0,0.01
2981,500,-11958.0,23.866,25.002,568,87,0,0.01
2982,500,-12921.0,25.774,26.868,547,90,0,0.01
2983,500,-12720.0,25.408,26.56,576,85,0,0.01
2984,500,-12529.0,25.0,26.164,582,86,0,0.01
2985,500,-11436.0,22.828,23.902,537,91,0,0.01
2986,500,-13213.0,26.346,27.558,606,87,0,0.01
2987,500,-11512.0,22.976,24.078,551,93,0,0.01
2988,500,-13850.0,27.64,28.766,563,90,0,0.01
2989,500,-11623.0,23.192,24.338,573,87,0,0.01
2990,500,-12908.0,25.756,26.922,583,86,0,0.01
2991,500,-12116.0,24.182,25.304,561,89,0,0.01
2992,500,-13093.0,26.114,27.254,570,82,0,0.01
2993,253,-7921.0,31.055335968379445,32.17786561264822,284,46,1,0.01
2994,500,-11628.0,23.172,24.222,525,92,0,0.01
2995,376,-11479.0,30.377659574468087,31.53723404255319,436,67,1,0.01
2996,500,-15411.0,30.768,31.96,596,84,0,0.01
2997,500,-13074.0,26.096,27.246,575,91,0,0.01
2998,500,-12033.0,24.03,25.158,564,93,0,0.01
2999,500,-11901.0,23.746,24.862,558,94,0,0.01
3000,447,-13613.0,30.34228187919463,31.431767337807607,487,85,1,0.01
