episode,steps,cumulative_reward,average_queue_length,average_waiting_time,total_throughput,phase_switches,overflow_count,epsilon
1,120,23.0,60.025,60.21666666666667,23,54,1,1.0
2,160,54.0,68.3625,68.7,54,65,1,0.995
3,129,30.0,63.72868217054263,63.96124031007752,30,57,1,0.990025
4,113,29.0,59.4070796460177,59.663716814159294,29,49,1,0.985074875
5,130,34.0,51.676923076923075,51.93846153846154,34,56,1,0.9801495006250001
6,140,38.0,69.96428571428571,70.23571428571428,38,61,1,0.9752487531218751
7,152,38.0,76.90131578947368,77.15131578947368,38,66,1,0.9703725093562657
8,146,38.0,67.97945205479452,68.23972602739725,38,63,1,0.9655206468094844
9,192,58.0,79.91145833333333,80.21354166666667,58,82,1,0.960693043575437
10,139,47.0,60.62589928057554,60.96402877697842,47,57,1,0.9558895783575597
11,162,55.0,64.79012345679013,65.12962962962963,55,66,1,0.9511101304657719
12,157,63.0,57.64968152866242,58.05095541401274,63,63,1,0.946354579813443
13,130,52.0,58.34615384615385,58.746153846153845,52,51,1,0.9416228069143757
14,147,36.0,65.17687074829932,65.421768707483,36,65,1,0.9369146928798039
15,170,60.0,60.10588235294118,60.45882352941177,60,70,1,0.9322301194154049
16,162,58.0,72.69135802469135,73.04938271604938,58,66,1,0.9275689688183278
17,139,48.0,60.89208633093525,61.23741007194245,48,57,1,0.9229311239742362
18,137,26.0,67.35766423357664,67.54744525547446,26,62,1,0.918316468354365
19,148,63.0,70.1554054054054,70.58108108108108,63,58,1,0.9137248860125932
20,101,36.0,47.386138613861384,47.742574257425744,36,41,1,0.9091562615825302
21,130,39.0,61.58461538461538,61.88461538461539,39,55,1,0.9046104802746175
22,148,54.0,65.94594594594595,66.3108108108108,54,61,1,0.9000874278732445
23,129,34.0,64.06201550387597,64.32558139534883,34,56,1,0.8955869907338783
24,132,33.0,62.053030303030305,62.303030303030305,33,57,1,0.8911090557802088
25,131,49.0,56.48091603053435,56.85496183206107,49,51,1,0.8866535105013078
26,148,55.0,59.86486486486486,60.236486486486484,55,60,1,0.8822202429488013
27,139,36.0,66.34532374100719,66.60431654676259,36,60,1,0.8778091417340573
28,113,28.0,55.72566371681416,55.97345132743363,28,50,1,0.8734200960253871
29,120,33.0,61.525,61.8,33,51,1,0.8690529955452602
30,161,50.0,70.85714285714286,71.16770186335404,50,68,1,0.8647077305675338
31,143,50.0,59.83916083916084,60.18881118881119,50,59,1,0.8603841919146962
32,135,48.0,58.65185185185185,59.007407407407406,48,55,1,0.8560822709551227
33,139,56.0,53.29496402877698,53.697841726618705,56,53,1,0.851801859600347
34,122,41.0,59.122950819672134,59.459016393442624,41,50,1,0.8475428503023453
35,127,48.0,53.59842519685039,53.976377952755904,48,50,1,0.8433051360508336
36,153,57.0,76.89542483660131,77.26797385620915,57,61,1,0.8390886103705794
37,140,78.0,53.042857142857144,53.6,78,50,1,0.8348931673187264
38,113,35.0,51.389380530973455,51.69911504424779,35,47,1,0.8307187014821328
39,134,44.0,56.492537313432834,56.82089552238806,44,56,1,0.8265651079747222
40,180,78.0,64.95555555555555,65.38888888888889,78,70,1,0.8224322824348486
41,145,39.0,72.28275862068965,72.55172413793103,39,62,1,0.8183201210226743
42,201,97.0,61.38805970149254,61.87064676616915,97,76,1,0.8142285204175609
43,134,57.0,55.17910447761194,55.6044776119403,57,52,1,0.810157377815473
44,136,69.0,57.51470588235294,58.02205882352941,69,49,1,0.8061065909263957
45,142,61.0,65.59154929577464,66.02112676056338,61,53,1,0.8020760579717637
46,163,52.0,56.66257668711656,56.98159509202454,52,67,1,0.798065677681905
47,171,96.0,60.333333333333336,60.89473684210526,96,59,1,0.7940753492934954
48,117,47.0,53.666666666666664,54.06837606837607,47,46,1,0.7901049725470279
49,143,59.0,63.11188811188811,63.52447552447553,59,55,1,0.7861544476842928
50,177,84.0,59.706214689265536,60.18079096045198,84,66,1,0.7822236754458713
51,150,58.0,68.76666666666667,69.15333333333334,58,60,1,0.778312557068642
52,154,78.0,60.03896103896104,60.54545454545455,78,57,1,0.7744209942832988
53,135,48.0,69.76296296296296,70.11851851851851,48,55,1,0.7705488893118823
54,168,78.0,58.845238095238095,59.30952380952381,78,62,1,0.7666961448653229
55,138,52.0,67.31884057971014,67.69565217391305,52,55,1,0.7628626641409962
56,150,75.0,62.553333333333335,63.053333333333335,75,56,1,0.7590483508202912
57,123,38.0,58.3739837398374,58.68292682926829,38,51,1,0.7552531090661897
58,132,65.0,60.81060606060606,61.303030303030305,65,48,1,0.7514768435208588
59,170,77.0,68.12352941176471,68.5764705882353,77,65,1,0.7477194593032545
60,176,88.0,63.65909090909091,64.1590909090909,88,66,1,0.7439808620067382
61,102,32.0,50.53921568627451,50.85294117647059,32,42,1,0.7402609576967045
62,166,75.0,60.71084337349398,61.16265060240964,75,63,1,0.736559652908221
63,140,69.0,49.7,50.19285714285714,69,51,1,0.7328768546436799
64,155,50.0,62.406451612903226,62.729032258064514,50,64,1,0.7292124703704616
65,162,86.0,69.25308641975309,69.78395061728395,86,59,1,0.7255664080186093
66,140,53.0,69.18571428571428,69.56428571428572,53,55,1,0.7219385759785162
67,144,66.0,57.6875,58.145833333333336,66,56,1,0.7183288830986236
68,175,88.0,66.37142857142857,66.87428571428572,88,63,1,0.7147372386831305
69,142,60.0,58.894366197183096,59.316901408450704,60,54,1,0.7111635524897149
70,176,76.0,59.64204545454545,60.07386363636363,76,67,1,0.7076077347272662
71,123,54.0,48.56910569105691,49.00813008130081,54,46,1,0.7040696960536299
72,126,25.0,60.32539682539682,60.523809523809526,25,54,1,0.7005493475733617
73,134,40.0,59.25373134328358,59.55223880597015,40,54,1,0.697046600835495
74,115,57.0,39.321739130434786,39.81739130434783,57,41,1,0.6935613678313175
75,129,60.0,44.41085271317829,44.87596899224806,60,50,1,0.6900935609921609
76,157,69.0,64.99363057324841,65.43312101910828,69,61,1,0.6866430931872001
77,137,56.0,62.2992700729927,62.70802919708029,56,52,1,0.6832098777212641
78,174,104.0,55.672413793103445,56.270114942528735,104,59,1,0.6797938283326578
79,247,168.0,56.18623481781376,56.8663967611336,168,78,1,0.6763948591909945
80,180,97.0,68.64444444444445,69.18333333333334,97,64,1,0.6730128848950395
81,201,105.0,54.59701492537314,55.11940298507463,105,72,1,0.6696478204705644
82,206,126.0,66.23300970873787,66.84466019417475,126,70,1,0.6662995813682115
83,173,110.0,57.052023121387286,57.6878612716763,110,56,1,0.6629680834613705
84,145,77.0,61.241379310344826,61.772413793103446,77,53,1,0.6596532430440636
85,135,58.0,66.71851851851852,67.14814814814815,58,52,1,0.6563549768288433
86,161,70.0,61.91304347826087,62.34782608695652,70,62,1,0.653073201944699
87,191,117.0,58.261780104712045,58.87434554973822,117,64,1,0.6498078359349755
88,101,54.0,48.75247524752475,49.28712871287129,54,34,1,0.6465587967553006
89,177,90.0,57.74576271186441,58.25423728813559,90,63,1,0.6433260027715241
90,169,84.0,61.5207100591716,62.01775147928994,84,63,1,0.6401093727576664
91,142,74.0,64.8943661971831,65.41549295774648,74,53,1,0.6369088258938781
92,163,103.0,63.760736196319016,64.39263803680981,103,53,1,0.6337242817644086
93,151,92.0,59.36423841059602,59.973509933774835,92,52,1,0.6305556603555866
94,202,120.0,68.12376237623762,68.71782178217822,120,67,1,0.6274028820538087
95,203,112.0,61.241379310344826,61.793103448275865,112,69,1,0.6242658676435396
96,209,155.0,52.229665071770334,52.97129186602871,155,62,1,0.6211445383053219
97,175,110.0,55.31428571428572,55.94285714285714,110,58,1,0.6180388156137953
98,160,99.0,54.99375,55.6125,99,53,1,0.6149486215357263
99,143,75.0,58.37762237762238,58.9020979020979,75,50,1,0.6118738784280476
100,131,69.0,44.725190839694655,45.25190839694657,69,45,1,0.6088145090359074
101,117,41.0,57.162393162393165,57.51282051282051,41,48,1,0.6057704364907278
102,130,67.0,49.36923076923077,49.88461538461539,67,47,1,0.6027415843082742
103,113,47.0,49.02654867256637,49.442477876106196,47,43,1,0.5997278763867329
104,141,72.0,54.11347517730496,54.6241134751773,72,44,1,0.5967292370047992
105,179,84.0,63.14525139664804,63.614525139664806,84,66,1,0.5937455908197752
106,161,103.0,53.67701863354037,54.316770186335404,103,53,1,0.5907768628656763
107,161,103.0,62.08074534161491,62.72049689440994,103,54,1,0.5878229785513479
108,206,128.0,52.65533980582524,53.27669902912621,128,66,1,0.5848838636585911
109,186,100.0,59.494623655913976,60.03225806451613,100,62,1,0.5819594443402982
110,144,73.0,47.21527777777778,47.72222222222222,73,52,1,0.5790496471185967
111,159,83.0,52.918238993710695,53.44025157232704,83,55,1,0.5761543988830038
112,156,99.0,56.31410256410256,56.94871794871795,99,52,1,0.5732736268885887
113,225,160.0,62.16888888888889,62.88,160,70,1,0.5704072587541458
114,138,55.0,59.20289855072464,59.60144927536232,55,53,1,0.567555222460375
115,190,114.0,59.56315789473684,60.16315789473684,114,63,1,0.5647174463480732
116,149,96.0,60.147651006711406,60.79194630872483,96,48,1,0.5618938591163328
117,128,73.0,36.7109375,37.28125,73,42,1,0.5590843898207511
118,219,154.0,57.12785388127854,57.8310502283105,154,70,1,0.5562889678716474
119,117,50.0,48.837606837606835,49.26495726495727,50,45,1,0.5535075230322891
120,144,59.0,66.24305555555556,66.65277777777777,59,54,1,0.5507399854171277
121,151,65.0,56.0,56.43046357615894,65,57,1,0.547986285490042
122,267,196.0,58.89513108614232,59.62921348314607,196,83,1,0.5452463540625918
123,142,52.0,52.61971830985915,52.985915492957744,52,58,1,0.5425201222922789
124,194,122.0,64.09278350515464,64.72164948453609,122,65,1,0.5398075216808175
125,293,190.0,76.6518771331058,77.30034129692832,190,97,1,0.5371084840724134
126,199,139.0,61.949748743718594,62.64824120603015,139,62,1,0.5344229416520513
127,208,160.0,49.45673076923077,50.22596153846154,160,62,1,0.531750826943791
128,162,111.0,49.111111111111114,49.7962962962963,111,52,1,0.5290920728090721
129,181,114.0,44.71270718232044,45.34254143646409,114,59,1,0.5264466124450268
130,169,89.0,53.11834319526627,53.64497041420118,89,60,1,0.5238143793828016
131,117,68.0,45.034188034188034,45.61538461538461,68,39,1,0.5211953074858876
132,178,103.0,62.56741573033708,63.146067415730336,103,62,1,0.5185893309484582
133,193,113.0,56.58549222797927,57.170984455958546,113,66,1,0.5159963842937159
134,188,108.0,61.43617021276596,62.01063829787234,108,64,1,0.5134164023722473
135,169,95.0,51.42011834319526,51.98224852071006,95,60,1,0.510849320360386
136,173,95.0,47.04624277456647,47.59537572254335,95,55,1,0.5082950737585841
137,166,92.0,57.84939759036145,58.403614457831324,92,56,1,0.5057535983897912
138,183,113.0,50.39344262295082,51.01092896174863,113,57,1,0.5032248303978422
139,212,140.0,57.60849056603774,58.2688679245283,140,67,1,0.500708706245853
140,251,175.0,67.35458167330677,68.05179282868527,175,77,1,0.4982051627146237
141,163,89.0,55.70552147239264,56.25153374233129,89,56,1,0.49571413690105054
142,252,187.0,62.63095238095238,63.37301587301587,187,73,1,0.4932355662165453
143,265,194.0,55.97735849056604,56.70943396226415,194,79,1,0.4907693883854626
144,264,212.0,56.946969696969695,57.75,212,76,1,0.4883155414435353
145,165,117.0,42.92121212121212,43.63030303030303,117,46,1,0.4858739637363176
146,172,96.0,52.91279069767442,53.47093023255814,96,57,1,0.483444593917636
147,139,81.0,38.94964028776978,39.53237410071942,81,38,1,0.4810273709480478
148,159,89.0,36.874213836477985,37.43396226415094,89,51,1,0.47862223409330756
149,135,83.0,51.49629629629629,52.111111111111114,83,46,1,0.47622912292284103
150,246,195.0,53.90243902439025,54.69512195121951,195,74,1,0.4738479773082268
151,169,111.0,57.26627218934911,57.92307692307692,111,55,1,0.47147873742168567
152,183,119.0,56.49726775956284,57.14754098360656,119,59,1,0.46912134373457726
153,176,100.0,58.51136363636363,59.07954545454545,100,57,1,0.46677573701590436
154,309,257.0,50.724919093851135,51.55663430420712,257,88,1,0.46444185833082485
155,264,216.0,52.93560606060606,53.753787878787875,216,74,1,0.46211964903917074
156,215,164.0,55.10232558139535,55.86511627906977,164,60,1,0.4598090507939749
157,155,101.0,39.225806451612904,39.87741935483871,101,40,1,0.457510005540005
158,166,113.0,50.626506024096386,51.30722891566265,113,53,1,0.45522245551230495
159,197,160.0,53.7258883248731,54.53807106598985,160,56,1,0.4529463432347434
160,339,288.0,57.041297935103245,57.89085545722714,288,91,1,0.4506816115185697
161,215,154.0,48.14418604651163,48.86046511627907,154,66,1,0.4484282034609769
162,251,187.0,70.54183266932272,71.28685258964144,187,79,1,0.446186062443672
163,254,215.0,64.39763779527559,65.24409448818898,215,72,1,0.4439551321314536
164,209,149.0,52.09569377990431,52.80861244019139,149,63,1,0.4417353564707963
165,350,322.0,64.02,64.94,322,94,1,0.43952667968844233
166,180,141.0,61.12777777777778,61.91111111111111,141,54,1,0.43732904629000013
167,174,133.0,44.189655172413794,44.95402298850575,133,50,1,0.4351424010585501
168,336,299.0,67.17261904761905,68.0625,299,91,1,0.43296668905325736
169,131,98.0,49.10687022900763,49.85496183206107,98,39,1,0.43080185560799106
170,199,129.0,52.64321608040201,53.29145728643216,129,62,1,0.4286478463299511
171,167,109.0,55.59880239520958,56.25149700598802,109,50,1,0.42650460709830135
172,150,108.0,59.36,60.08,108,46,1,0.42437208406280985
173,204,125.0,57.279411764705884,57.8921568627451,125,66,1,0.4222502236424958
174,259,176.0,68.52895752895753,69.2084942084942,176,79,1,0.42013897252428334
175,152,63.0,62.78947368421053,63.203947368421055,63,58,1,0.4180382776616619
176,232,164.0,54.452586206896555,55.15948275862069,164,72,1,0.4159480862733536
177,300,232.0,51.803333333333335,52.57666666666667,232,82,1,0.41386834584198684
178,103,44.0,51.04854368932039,51.47572815533981,44,37,1,0.4117990041127769
179,130,73.0,45.37692307692308,45.93846153846154,73,42,1,0.40974000909221303
180,178,97.0,61.87078651685393,62.41573033707865,97,60,1,0.40769130904675194
181,178,120.0,54.342696629213485,55.01685393258427,120,54,1,0.40565285250151817
182,121,56.0,46.22314049586777,46.68595041322314,56,41,1,0.4036245882390106
183,217,165.0,52.617511520737324,53.3778801843318,165,63,1,0.4016064652978155
184,174,109.0,48.05172413793103,48.67816091954023,109,54,1,0.3995984329713264
185,142,82.0,38.75352112676056,39.33098591549296,82,39,1,0.3976004408064698
186,206,125.0,66.1116504854369,66.71844660194175,125,70,1,0.39561243860243744
187,181,119.0,63.08839779005525,63.74585635359116,119,59,1,0.3936343764094253
188,168,125.0,59.67857142857143,60.42261904761905,125,49,1,0.39166620452737816
189,129,84.0,45.75968992248062,46.41085271317829,84,42,1,0.3897078735047413
190,174,137.0,42.2183908045977,43.00574712643678,137,46,1,0.3877593341372176
191,172,119.0,45.75,46.44186046511628,119,53,1,0.3858205374665315
192,169,108.0,50.124260355029584,50.76331360946745,108,51,1,0.38389143477919885
193,225,160.0,54.257777777777775,54.96888888888889,160,68,1,0.3819719776053028
194,120,69.0,47.333333333333336,47.90833333333333,69,34,1,0.3800621177172763
195,225,175.0,58.24444444444445,59.022222222222226,175,65,1,0.37816180712868996
196,224,161.0,51.151785714285715,51.870535714285715,161,62,1,0.37627099809304654
197,179,144.0,57.67039106145251,58.47486033519553,144,48,1,0.3743896431025813
198,193,141.0,48.917098445595855,49.64766839378238,141,55,1,0.37251769488706843
199,249,230.0,50.46184738955823,51.3855421686747,230,59,1,0.3706551064126331
200,478,463.0,62.74058577405858,63.7092050209205,463,114,1,0.36880183088056995
201,268,240.0,52.298507462686565,53.19402985074627,240,67,1,0.3669578217261671
202,232,188.0,59.241379310344826,60.05172413793103,188,66,1,0.36512303261753626
203,235,185.0,51.685106382978724,52.47234042553192,185,66,1,0.3632974174544486
204,236,192.0,56.28389830508475,57.097457627118644,192,66,1,0.3614809303671764
205,274,254.0,53.29197080291971,54.21897810218978,254,70,1,0.3596735257153405
206,203,141.0,52.04433497536946,52.73891625615764,141,63,1,0.3578751580867638
207,169,122.0,44.07692307692308,44.798816568047336,122,51,1,0.35608578229633
208,169,122.0,56.05917159763314,56.781065088757394,122,49,1,0.3543053533848483
209,168,109.0,54.98809523809524,55.63690476190476,109,54,1,0.35253382661792404
210,212,150.0,55.7688679245283,56.47641509433962,150,65,1,0.3507711574848344
211,164,123.0,51.0609756097561,51.8109756097561,123,44,1,0.34901730169741024
212,389,328.0,49.789203084832906,50.63239074550128,328,102,1,0.3472722151889232
213,366,354.0,68.5,69.4672131147541,354,92,1,0.3455358541129786
214,193,135.0,39.233160621761655,39.932642487046635,135,60,1,0.3438081748424137
215,139,122.0,38.44604316546763,39.32374100719424,122,32,1,0.3420891339682016
216,418,352.0,52.86124401913876,53.70334928229665,352,114,1,0.3403786882983606
217,163,108.0,47.36196319018405,48.02453987730061,108,47,1,0.3386767948568688
218,153,109.0,30.895424836601308,31.607843137254903,109,35,1,0.33698341088258443
219,207,150.0,54.55072463768116,55.27536231884058,150,61,1,0.3352984938281715
220,208,161.0,57.36538461538461,58.13942307692308,161,61,1,0.33362200135903064
221,425,422.0,65.0070588235294,66.0,422,99,1,0.33195389135223546
222,435,406.0,52.69655172413793,53.62988505747126,406,111,1,0.3302941218954743
223,393,381.0,65.36132315521628,66.33078880407125,381,97,1,0.32864265128599696
224,205,158.0,45.4390243902439,46.20975609756098,158,52,1,0.326999438029567
225,245,230.0,49.04489795918367,49.98367346938775,230,62,1,0.3253644408394192
226,367,341.0,60.05449591280654,60.98365122615804,341,88,1,0.3237376186352221
227,222,187.0,59.626126126126124,60.468468468468465,187,62,1,0.322118930542046
228,309,301.0,58.08414239482201,59.05825242718446,301,74,1,0.32050833588933575
229,312,237.0,69.66346153846153,70.42307692307692,237,89,1,0.31890579420988907
230,379,368.0,57.849604221635886,58.82058047493404,368,91,1,0.3173112652388396
231,273,235.0,50.142857142857146,51.00366300366301,235,72,1,0.3157247089126454
232,201,168.0,50.049751243781095,50.885572139303484,168,58,1,0.3141460853680822
233,402,384.0,67.27611940298507,68.23134328358209,384,104,1,0.3125753549412418
234,425,405.0,56.21176470588235,57.16470588235294,405,99,1,0.31101247816653554
235,396,380.0,53.285353535353536,54.244949494949495,380,94,1,0.30945741577570285
236,269,227.0,49.62081784386617,50.46468401486989,227,72,1,0.3079101286968243
237,203,140.0,62.995073891625616,63.68472906403941,140,66,1,0.3063705780533402
238,452,436.0,51.91814159292036,52.88274336283186,436,109,1,0.30483872516307353
239,132,96.0,42.29545454545455,43.02272727272727,96,40,1,0.3033145315372582
240,141,99.0,32.36879432624114,33.0709219858156,99,41,1,0.3017979588795719
241,365,358.0,55.26575342465753,56.24657534246575,358,85,1,0.30028896908517405
242,179,151.0,48.01117318435754,48.85474860335196,151,47,1,0.2987875242397482
243,239,218.0,50.30962343096234,51.22175732217573,218,56,1,0.29729358661854943
244,477,496.0,65.73165618448637,66.77148846960168,496,107,1,0.29580711868545667
245,177,126.0,47.71186440677966,48.42372881355932,126,45,1,0.2943280830920294
246,196,177.0,45.69897959183673,46.60204081632653,177,48,1,0.29285644267656924
247,206,193.0,57.94660194174757,58.883495145631066,193,52,1,0.2913921604631864
248,315,316.0,49.62222222222222,50.62539682539683,316,72,1,0.28993519966087045
249,212,204.0,60.863207547169814,61.825471698113205,204,51,1,0.2884855236625661
250,500,514.0,51.632,52.66,514,115,0,0.28704309604425327
251,335,321.0,57.776119402985074,58.734328358208955,321,81,1,0.285607880564032
252,190,132.0,45.93157894736842,46.626315789473686,132,57,1,0.28417984116121187
253,133,100.0,31.165413533834588,31.917293233082706,100,28,1,0.2827589419554058
254,164,114.0,36.01219512195122,36.707317073170735,114,41,1,0.28134514724562876
255,421,410.0,70.26365795724466,71.2375296912114,410,93,1,0.2799384215094006
256,395,345.0,53.52405063291139,54.39746835443038,345,102,1,0.27853872940185365
257,221,197.0,54.23076923076923,55.12217194570136,197,50,1,0.27714603575484437
258,141,79.0,40.61702127659574,41.177304964539005,79,34,1,0.2757603055760701
259,475,450.0,62.23789473684211,63.18526315789474,450,118,1,0.2743815040481898
260,130,89.0,40.715384615384615,41.4,89,30,1,0.2730095965279488
261,218,150.0,60.0045871559633,60.69266055045872,150,62,1,0.27164454854530906
262,317,284.0,53.0,53.89589905362776,284,82,1,0.2702863258025825
263,227,165.0,44.5374449339207,45.26431718061674,165,66,1,0.2689348941735696
264,417,371.0,55.4484412470024,56.33812949640288,371,105,1,0.26759021970270175
265,274,218.0,44.693430656934304,45.48905109489051,218,71,1,0.2662522686041882
266,190,147.0,37.305263157894736,38.078947368421055,147,46,1,0.2649210072611673
267,226,187.0,66.13274336283186,66.96017699115045,187,57,1,0.26359640222486147
268,263,206.0,44.73003802281369,45.51330798479088,206,74,1,0.26227842021373715
269,291,259.0,46.470790378006875,47.36082474226804,259,76,1,0.2609670281126685
270,176,128.0,34.71022727272727,35.4375,128,50,1,0.25966219297210513
271,241,181.0,51.22821576763486,51.97925311203319,181,62,1,0.2583638820072446
272,354,323.0,54.94632768361582,55.85875706214689,323,92,1,0.2570720625972084
273,140,105.0,46.27857142857143,47.02857142857143,105,41,1,0.25578670228422234
274,354,337.0,66.33333333333333,67.28531073446328,337,91,1,0.25450776877280124
275,197,171.0,46.045685279187815,46.91370558375635,171,54,1,0.2532352299289372
276,113,49.0,47.8141592920354,48.24778761061947,49,33,1,0.2519690537792925
277,318,298.0,55.28616352201258,56.223270440251575,298,74,1,0.2507092085103961
278,169,131.0,28.923076923076923,29.698224852071007,131,36,1,0.2494556624678441
279,267,240.0,51.02247191011236,51.92134831460674,240,64,1,0.24820838415550486
280,309,297.0,57.420711974110034,58.38187702265372,297,73,1,0.24696734223472733
281,387,356.0,63.68733850129199,64.60723514211887,356,97,1,0.2457325055235537
282,162,118.0,38.82098765432099,39.54938271604938,118,43,1,0.24450384299593592
283,208,161.0,50.86538461538461,51.63942307692308,161,59,1,0.24328132378095624
284,197,146.0,42.89340101522843,43.63451776649746,146,57,1,0.24206491716205145
285,156,105.0,55.3525641025641,56.02564102564103,105,40,1,0.2408545925762412
286,296,257.0,53.4527027027027,54.320945945945944,257,80,1,0.23965031961336
287,247,194.0,35.73684210526316,36.522267206477736,194,45,1,0.2384520680152932
288,403,375.0,56.86600496277916,57.79652605459057,375,94,1,0.23725980767521673
289,420,400.0,60.48571428571429,61.43809523809524,400,99,1,0.23607350863684065
290,139,94.0,41.726618705035975,42.402877697841724,94,35,1,0.23489314109365644
291,95,44.0,34.98947368421052,35.45263157894737,44,21,1,0.23371867538818816
292,325,326.0,56.69538461538462,57.69846153846154,326,78,1,0.23255008201124722
293,301,297.0,61.262458471760795,62.24916943521595,297,65,1,0.231387331601191
294,220,197.0,48.336363636363636,49.231818181818184,197,52,1,0.23023039494318503
295,424,394.0,52.905660377358494,53.83490566037736,394,89,1,0.2290792429684691
296,112,92.0,44.089285714285715,44.910714285714285,92,28,1,0.22793384675362674
297,239,198.0,61.15481171548117,61.98326359832636,198,61,1,0.22679417751985861
298,233,175.0,53.45064377682404,54.201716738197426,175,60,1,0.22566020663225933
299,133,85.0,30.736842105263158,31.37593984962406,85,31,1,0.22453190559909803
300,472,491.0,52.45338983050848,53.49364406779661,491,91,1,0.22340924607110255
301,148,113.0,44.91891891891892,45.682432432432435,113,37,1,0.22229219984074702
302,318,265.0,54.119496855345915,54.95283018867924,265,78,1,0.2211807388415433
303,153,83.0,51.287581699346404,51.830065359477125,83,53,1,0.22007483514733558
304,460,479.0,64.41956521739131,65.4608695652174,479,98,1,0.2189744609715989
305,110,64.0,37.054545454545455,37.63636363636363,64,34,1,0.2178795886667409
306,224,196.0,55.558035714285715,56.433035714285715,196,52,1,0.2167901907234072
307,317,306.0,50.542586750788644,51.50788643533123,306,68,1,0.21570623976979014
308,184,122.0,56.79891304347826,57.46195652173913,122,53,1,0.21462770857094118
309,127,71.0,39.53543307086614,40.09448818897638,71,26,1,0.21355457002808648
310,240,166.0,51.03333333333333,51.725,166,66,1,0.21248679717794605
311,372,351.0,60.26881720430107,61.21236559139785,351,83,1,0.21142436319205632
312,393,382.0,58.14503816793893,59.11704834605598,382,88,1,0.21036724137609603
313,255,246.0,46.24313725490196,47.207843137254905,246,59,1,0.20931540516921554
314,159,122.0,28.641509433962263,29.40880503144654,122,28,1,0.20826882814336947
315,384,386.0,57.098958333333336,58.104166666666664,386,83,1,0.20722748400265262
316,500,505.0,47.344,48.354,505,110,0,0.20619134658263935
317,193,187.0,38.90155440414508,39.870466321243526,187,42,1,0.20516038984972615
318,300,278.0,39.34,40.266666666666666,278,57,1,0.2041345879004775
319,380,407.0,59.286842105263155,60.357894736842105,407,80,1,0.2031139149609751
320,289,270.0,40.26297577854671,41.19723183391003,270,58,1,0.20209834538617025
321,152,106.0,44.91447368421053,45.61184210526316,106,41,1,0.2010878536592394
322,350,334.0,48.682857142857145,49.637142857142855,334,77,1,0.2000824143909432
323,160,132.0,42.15,42.975,132,32,1,0.19908200231898848
324,200,165.0,35.375,36.2,165,44,1,0.19808659230739353
325,196,166.0,46.13775510204081,46.984693877551024,166,46,1,0.19709615934585656
326,149,129.0,49.32214765100671,50.18791946308725,129,39,1,0.19611067854912728
327,112,70.0,48.17857142857143,48.80357142857143,70,34,1,0.19513012515638165
328,157,113.0,35.5796178343949,36.29936305732484,113,26,1,0.19415447453059972
329,176,130.0,39.77272727272727,40.51136363636363,130,38,1,0.19318370215794672
330,149,75.0,51.288590604026844,51.79194630872483,75,48,1,0.192217783647157
331,263,236.0,54.745247148288975,55.6425855513308,236,61,1,0.1912566947289212
332,172,117.0,40.44767441860465,41.127906976744185,117,46,1,0.1903004112552766
333,179,104.0,44.486033519553075,45.06703910614525,104,43,1,0.18934890919900021
334,216,169.0,50.532407407407405,51.31481481481482,169,53,1,0.18840216465300522
335,223,190.0,45.64125560538117,46.493273542600896,190,59,1,0.18746015382974018
336,237,212.0,54.51476793248945,55.40928270042194,212,61,1,0.1865228530605915
337,195,126.0,47.15384615384615,47.8,126,43,1,0.18559023879528855
338,433,429.0,52.29099307159353,53.28175519630485,429,90,1,0.1846622876013121
339,176,133.0,41.01136363636363,41.76704545454545,133,38,1,0.18373897616330553
340,396,411.0,55.81060606060606,56.84848484848485,411,84,1,0.182820281282489
341,410,400.0,49.141463414634146,50.11707317073171,400,89,1,0.18190617987607657
342,209,179.0,40.98086124401914,41.83732057416268,179,45,1,0.18099664897669618
343,115,80.0,37.095652173913045,37.791304347826085,80,28,1,0.1800916657318127
344,309,300.0,56.17799352750809,57.14886731391586,300,69,1,0.17919120740315364
345,327,347.0,50.31498470948012,51.37614678899082,347,60,1,0.17829525136613786
346,229,192.0,43.838427947598255,44.6768558951965,192,59,1,0.17740377510930716
347,219,206.0,51.74429223744292,52.68493150684932,206,54,1,0.17651675623376062
348,194,160.0,42.22164948453608,43.04639175257732,160,46,1,0.1756341724525918
349,214,169.0,50.242990654205606,51.032710280373834,169,51,1,0.17475600159032884
350,251,225.0,38.689243027888445,39.58565737051793,225,56,1,0.17388222158237718
351,225,183.0,35.32888888888889,36.14222222222222,183,60,1,0.1730128104744653
352,412,411.0,65.53883495145631,66.5364077669903,411,96,1,0.17214774642209296
353,215,187.0,46.75813953488372,47.627906976744185,187,53,1,0.1712870076899825
354,273,276.0,43.94139194139194,44.95238095238095,276,55,1,0.17043057265153258
355,336,309.0,52.211309523809526,53.13095238095238,309,76,1,0.16957841978827493
356,261,244.0,40.94252873563219,41.877394636015325,244,61,1,0.16873052768933355
357,328,305.0,52.75609756097561,53.6859756097561,305,75,1,0.1678868750508869
358,227,188.0,51.38766519823788,52.215859030837,188,55,1,0.16704744067563246
359,182,142.0,34.26923076923077,35.04945054945055,142,45,1,0.1662122034722543
360,261,236.0,47.52107279693487,48.42528735632184,236,50,1,0.16538114245489302
361,204,140.0,57.06372549019608,57.75,140,55,1,0.16455423674261854
362,277,220.0,55.16245487364621,55.95667870036101,220,77,1,0.16373146555890544
363,299,290.0,52.31103678929766,53.280936454849495,290,66,1,0.16291280823111093
364,252,207.0,41.92460317460318,42.74603174603175,207,65,1,0.16209824418995536
365,279,229.0,39.49820788530466,40.318996415770606,229,64,1,0.16128775296900558
366,411,419.0,46.97323600973236,47.99270072992701,419,86,1,0.16048131420416054
367,226,217.0,37.14159292035398,38.10176991150443,217,44,1,0.15967890763313974
368,432,409.0,48.74305555555556,49.68981481481482,409,95,1,0.15888051309497406
369,199,162.0,42.21608040201005,43.030150753768844,162,48,1,0.1580861105294992
370,224,167.0,45.450892857142854,46.19642857142857,167,49,1,0.1572956799768517
371,217,183.0,51.05990783410138,51.903225806451616,183,49,1,0.15650920157696743
372,401,406.0,48.1072319201995,49.119700748129674,406,89,1,0.1557266555690826
373,149,115.0,32.15436241610738,32.92617449664429,115,34,1,0.1549480222912372
374,390,403.0,52.18974358974359,53.223076923076924,403,89,1,0.15417328217978102
375,259,252.0,48.42084942084942,49.3938223938224,252,51,1,0.1534024157688821
376,370,373.0,47.18648648648649,48.1945945945946,373,78,1,0.1526354036900377
377,104,54.0,32.56730769230769,33.08653846153846,54,26,1,0.1518722266715875
378,304,323.0,52.96052631578947,54.02302631578947,323,67,1,0.15111286553822956
379,410,417.0,58.08536585365854,59.10243902439024,417,84,1,0.15035730121053842
380,299,258.0,56.19397993311037,57.05685618729097,258,81,1,0.14960551470448571
381,183,145.0,50.30054644808743,51.09289617486339,145,46,1,0.14885748713096328
382,130,96.0,34.11538461538461,34.853846153846156,96,24,1,0.14811319969530845
383,500,517.0,52.944,53.978,517,109,0,0.1473726336968319
384,369,387.0,44.18428184281843,45.233062330623305,387,79,1,0.14663577052834775
385,319,297.0,38.74294670846395,39.67398119122257,297,63,1,0.14590259167570602
386,230,196.0,58.23913043478261,59.09130434782609,196,49,1,0.1451730787173275
387,113,74.0,42.34513274336283,43.0,74,18,1,0.14444721332374086
388,150,126.0,35.68,36.52,126,28,1,0.14372497725712216
389,233,222.0,38.52360515021459,39.47639484978541,222,54,1,0.14300635237083656
390,427,444.0,49.585480093676814,50.62529274004684,444,91,1,0.14229132060898236
391,254,233.0,43.05118110236221,43.968503937007874,233,54,1,0.14157986400593744
392,321,293.0,50.69781931464174,51.610591900311526,293,74,1,0.14087196468590776
393,165,118.0,49.27272727272727,49.987878787878785,118,44,1,0.14016760486247823
394,278,262.0,40.18705035971223,41.1294964028777,262,55,1,0.13946676683816583
395,417,375.0,52.80815347721823,53.70743405275779,375,95,1,0.138769433003975
396,141,108.0,42.262411347517734,43.02836879432624,108,35,1,0.13807558583895513
397,161,154.0,36.807453416149066,37.7639751552795,154,36,1,0.13738520790976036
398,395,354.0,46.6126582278481,47.50886075949367,354,82,1,0.13669828187021155
399,257,254.0,47.797665369649806,48.78599221789883,254,44,1,0.13601479046086049
400,233,208.0,50.98283261802575,51.8755364806867,208,53,1,0.1353347165085562
401,335,300.0,47.84477611940299,48.74029850746269,300,84,1,0.1346580429260134
402,187,142.0,48.77005347593583,49.529411764705884,142,46,1,0.13398475271138335
403,369,352.0,45.577235772357724,46.53116531165312,352,82,1,0.13331482894782642
404,130,86.0,42.91538461538462,43.57692307692308,86,34,1,0.13264825480308728
405,228,191.0,46.578947368421055,47.416666666666664,191,48,1,0.13198501352907185
406,217,177.0,45.133640552995395,45.94930875576037,177,47,1,0.1313250884614265
407,185,157.0,42.61081081081081,43.45945945945946,157,45,1,0.13066846301911936
408,166,130.0,39.0,39.78313253012048,130,33,1,0.13001512070402377
409,137,101.0,41.56204379562044,42.2992700729927,101,28,1,0.12936504510050365
410,209,173.0,42.77511961722488,43.60287081339713,173,39,1,0.12871821987500112
411,153,108.0,43.490196078431374,44.19607843137255,108,32,1,0.12807462877562611
412,187,152.0,29.93582887700535,30.74866310160428,152,36,1,0.12743425563174798
413,500,500.0,44.016,45.016,500,105,0,0.12679708435358925
414,253,227.0,53.5296442687747,54.426877470355734,227,57,1,0.1261630989318213
415,183,146.0,34.256830601092894,35.05464480874317,146,37,1,0.1255322834371622
416,127,74.0,39.1496062992126,39.732283464566926,74,32,1,0.12490462201997637
417,494,480.0,42.030364372469634,43.002024291497975,480,112,1,0.1242800989098765
418,289,252.0,40.733564013840834,41.60553633217993,252,62,1,0.12365869841532712
419,323,287.0,41.68421052631579,42.57275541795666,287,75,1,0.12304040492325048
420,167,154.0,47.10179640718563,48.02395209580838,154,40,1,0.12242520289863423
421,122,109.0,40.15573770491803,41.049180327868854,109,24,1,0.12181307688414106
422,192,129.0,33.78125,34.453125,129,40,1,0.12120401149972035
423,328,290.0,55.78048780487805,56.66463414634146,290,80,1,0.12059799144222175
424,255,249.0,54.858823529411765,55.83529411764706,249,47,1,0.11999500148501063
425,329,307.0,45.04255319148936,45.97568389057751,307,68,1,0.11939502647758558
426,184,109.0,43.005434782608695,43.59782608695652,109,44,1,0.11879805134519765
427,233,223.0,44.042918454935624,45.0,223,45,1,0.11820406108847166
428,253,215.0,35.72727272727273,36.57707509881423,215,58,1,0.1176130407830293
429,426,430.0,50.65023474178404,51.659624413145536,430,87,1,0.11702497557911415
430,307,297.0,48.557003257328994,49.52442996742671,297,68,1,0.11643985070121858
431,365,377.0,40.73150684931507,41.76438356164383,377,70,1,0.11585765144771248
432,322,324.0,39.87577639751553,40.88198757763975,324,63,1,0.11527836319047392
433,500,551.0,51.644,52.746,551,94,0,0.11470197137452155
434,374,373.0,44.18983957219251,45.18716577540107,373,72,1,0.11412846151764894
435,500,534.0,43.964,45.032,534,98,0,0.1135578192100607
436,296,299.0,39.28378378378378,40.29391891891892,299,51,1,0.11299003011401039
437,500,561.0,55.976,57.098,561,81,0,0.11242507996344034
438,358,332.0,41.0195530726257,41.94692737430167,332,68,1,0.11186295456362313
439,500,557.0,42.296,43.41,557,90,0,0.11130363979080501
440,245,232.0,46.90204081632653,47.84897959183674,232,45,1,0.11074712159185099
441,198,187.0,45.292929292929294,46.23737373737374,187,34,1,0.11019338598389174
442,261,257.0,49.46743295019157,50.452107279693486,257,53,1,0.10964241905397228
443,319,324.0,48.86206896551724,49.877742946708466,324,62,1,0.10909420695870241
444,398,427.0,38.29145728643216,39.3643216080402,427,74,1,0.1085487359239089
445,481,485.0,60.723492723492726,61.731808731808734,485,87,1,0.10800599224428936
446,148,101.0,32.58108108108108,33.263513513513516,101,19,1,0.10746596228306791
447,243,225.0,42.24691358024691,43.17283950617284,225,52,1,0.10692863247165257
448,161,113.0,32.52173913043478,33.22360248447205,113,30,1,0.1063939893092943
449,344,362.0,45.924418604651166,46.97674418604651,362,63,1,0.10586201936274783
450,419,452.0,49.37708830548926,50.45584725536993,452,88,1,0.10533270926593409
451,146,117.0,41.486301369863014,42.28767123287671,117,23,1,0.10480604571960442
452,204,179.0,31.96078431372549,32.838235294117645,179,35,1,0.1042820154910064
453,241,241.0,45.66804979253112,46.66804979253112,241,47,1,0.10376060541355137
454,164,152.0,37.207317073170735,38.13414634146341,152,29,1,0.1032418023864836
455,205,174.0,31.926829268292682,32.77560975609756,174,40,1,0.10272559337455119
456,500,516.0,49.678,50.71,516,93,0,0.10221196540767843
457,190,144.0,35.73684210526316,36.49473684210526,144,36,1,0.10170090558064004
458,148,115.0,38.277027027027025,39.054054054054056,115,32,1,0.10119240105273684
459,156,105.0,39.032051282051285,39.705128205128204,105,25,1,0.10068643904747315
460,222,191.0,45.36486486486486,46.22522522522522,191,46,1,0.10018300685223579
461,208,179.0,45.49038461538461,46.35096153846154,179,45,1,0.0996820918179746
462,192,180.0,65.0625,66.0,180,34,1,0.09918368135888474
463,147,99.0,33.97959183673469,34.6530612244898,99,26,1,0.09868776295209031
464,135,107.0,39.474074074074075,40.266666666666666,107,23,1,0.09819432413732986
465,157,93.0,38.87898089171974,39.47133757961783,93,29,1,0.09770335251664321
466,266,247.0,39.06390977443609,39.99248120300752,247,47,1,0.09721483575406
467,162,116.0,39.91358024691358,40.629629629629626,116,32,1,0.09672876157528969
468,150,103.0,35.766666666666666,36.45333333333333,103,29,1,0.09624511776741324
469,425,449.0,56.734117647058824,57.790588235294116,449,77,1,0.09576389217857617
470,142,121.0,40.59154929577465,41.443661971830984,121,21,1,0.09528507271768329
471,209,210.0,56.72248803827751,57.72727272727273,210,39,1,0.09480864735409487
472,201,193.0,49.791044776119406,50.75124378109453,193,46,1,0.0943346041173244
473,180,148.0,40.56666666666667,41.388888888888886,148,37,1,0.09386293109673778
474,153,112.0,43.98039215686274,44.712418300653596,112,39,1,0.09339361644125409
475,190,159.0,39.26315789473684,40.1,159,41,1,0.09292664835904782
476,484,507.0,49.252066115702476,50.299586776859506,507,105,1,0.09246201511725258
477,166,147.0,41.036144578313255,41.92168674698795,147,34,1,0.09199970504166631
478,137,72.0,41.277372262773724,41.802919708029194,72,24,1,0.09153970651645797
479,162,131.0,41.82716049382716,42.635802469135804,131,37,1,0.09108200798387568
480,200,182.0,53.205,54.115,182,44,1,0.0906265979439563
481,166,134.0,42.2710843373494,43.07831325301205,134,29,1,0.09017346495423652
482,242,200.0,32.77685950413223,33.603305785123965,200,49,1,0.08972259762946533
483,301,296.0,43.86046511627907,44.84385382059801,296,56,1,0.089273984641318
484,121,99.0,39.82644628099174,40.64462809917355,99,19,1,0.0888276147181114
485,356,328.0,35.32303370786517,36.24438202247191,328,65,1,0.08838347664452084
486,164,119.0,39.8109756097561,40.53658536585366,119,34,1,0.08794155926129824
487,102,71.0,36.490196078431374,37.18627450980392,71,16,1,0.08750185146499175
488,195,168.0,32.14358974358974,33.00512820512821,168,31,1,0.08706434220766679
489,150,103.0,33.20666666666666,33.89333333333333,103,18,1,0.08662902049662846
490,187,175.0,37.23529411764706,38.17112299465241,175,28,1,0.08619587539414532
491,247,213.0,38.927125506072876,39.78947368421053,213,45,1,0.08576489601717459
492,413,445.0,47.76513317191284,48.842615012106535,445,86,1,0.08533607153708872
493,338,325.0,42.0207100591716,42.98224852071006,325,66,1,0.08490939117940327
494,134,91.0,42.6044776119403,43.28358208955224,91,22,1,0.08448484422350626
495,224,229.0,47.732142857142854,48.754464285714285,229,39,1,0.08406242000238873
496,374,388.0,48.94117647058823,49.97860962566845,388,63,1,0.08364210790237678
497,500,514.0,38.806,39.834,514,101,0,0.0832238973628649
498,168,160.0,44.13095238095238,45.083333333333336,160,34,1,0.08280777787605056
499,190,158.0,34.71052631578947,35.54210526315789,158,31,1,0.08239373898667031
500,285,264.0,36.00701754385965,36.93333333333333,264,54,1,0.08198177029173696
501,416,435.0,41.0,42.04567307692308,435,63,1,0.08157186144027828
502,500,525.0,45.98,47.03,525,95,0,0.0811640021330769
503,194,180.0,44.21649484536083,45.144329896907216,180,43,1,0.08075818212241151
504,237,223.0,43.81012658227848,44.75105485232068,223,47,1,0.08035439121179945
505,194,165.0,43.829896907216494,44.68041237113402,165,34,1,0.07995261925574046
506,378,398.0,51.67724867724868,52.73015873015873,398,66,1,0.07955285615946175
507,239,197.0,38.61506276150627,39.43933054393305,197,44,1,0.07915509187866444
508,143,133.0,49.23776223776224,50.16783216783217,133,20,1,0.07875931641927113
509,500,565.0,47.154,48.284,565,83,0,0.07836551983717477
510,318,295.0,39.64150943396226,40.569182389937104,295,61,1,0.07797369223798889
511,224,187.0,43.9375,44.77232142857143,187,34,1,0.07758382377679894
512,152,114.0,46.89473684210526,47.64473684210526,114,33,1,0.07719590465791494
513,500,493.0,36.174,37.16,493,87,0,0.07680992513462537
514,383,379.0,49.61879895561358,50.608355091383814,379,77,1,0.07642587550895225
515,201,177.0,43.97014925373134,44.850746268656714,177,44,1,0.07604374613140748
516,233,236.0,44.25321888412017,45.26609442060086,236,39,1,0.07566352740075044
517,160,112.0,38.36875,39.06875,112,34,1,0.07528520976374668
518,138,116.0,38.46376811594203,39.30434782608695,116,27,1,0.07490878371492794
519,418,425.0,48.84688995215311,49.86363636363637,425,73,1,0.0745342397963533
520,218,197.0,54.08256880733945,54.98623853211009,197,48,1,0.07416156859737154
521,243,203.0,41.67901234567901,42.51440329218107,203,47,1,0.07379076075438468
522,123,84.0,38.43089430894309,39.113821138211385,84,26,1,0.07342180695061275
523,137,97.0,32.56204379562044,33.27007299270073,97,23,1,0.07305469791585968
524,371,388.0,43.80053908355795,44.84636118598383,388,62,1,0.07268942442628039
525,259,230.0,37.640926640926644,38.52895752895753,230,46,1,0.07232597730414898
526,105,63.0,36.0,36.6,63,17,1,0.07196434741762824
527,231,199.0,48.36363636363637,49.22510822510822,199,37,1,0.0716045256805401
528,173,140.0,40.53757225433526,41.346820809248555,140,34,1,0.0712465030521374
529,200,148.0,34.965,35.705,148,37,1,0.0708902705368767
530,148,130.0,37.78378378378378,38.66216216216216,130,18,1,0.07053581918419231
531,500,543.0,50.036,51.122,543,85,0,0.07018314008827135
532,500,531.0,55.966,57.028,531,72,0,0.06983222438783
533,153,103.0,37.00653594771242,37.6797385620915,103,26,1,0.06948306326589085
534,154,140.0,38.52597402597402,39.435064935064936,140,29,1,0.0691356479495614
535,142,90.0,46.5,47.13380281690141,90,23,1,0.06878996970981359
536,385,368.0,36.81818181818182,37.774025974025975,368,65,1,0.06844601986126451
537,500,481.0,46.51,47.472,481,72,0,0.06810378976195819
538,306,323.0,57.56535947712418,58.62091503267974,323,57,1,0.0677632708131484
539,423,421.0,45.347517730496456,46.342789598108745,421,67,1,0.06742445445908266
540,212,180.0,40.589622641509436,41.43867924528302,180,40,1,0.06708733218678724
541,135,120.0,34.096296296296295,34.98518518518519,120,24,1,0.0667518955258533
542,191,137.0,40.84293193717277,41.56020942408377,137,39,1,0.06641813604822402
543,220,221.0,48.054545454545455,49.05909090909091,221,45,1,0.0660860453679829
544,500,524.0,42.13,43.178,524,97,0,0.06575561514114299
545,188,145.0,40.90425531914894,41.67553191489362,145,26,1,0.06542683706543727
546,255,186.0,28.63529411764706,29.36470588235294,186,41,1,0.06509970288011008
547,483,544.0,49.732919254658384,50.8592132505176,544,89,1,0.06477420436570952
548,309,301.0,38.773462783171524,39.74757281553398,301,47,1,0.06445033334388098
549,289,278.0,39.19031141868512,40.1522491349481,278,44,1,0.06412808167716157
550,384,407.0,44.0546875,45.114583333333336,407,69,1,0.06380744126877576
551,179,134.0,39.726256983240226,40.47486033519553,134,31,1,0.06348840406243188
552,496,527.0,46.78225806451613,47.84475806451613,527,90,1,0.06317096204211972
553,138,114.0,34.61594202898551,35.44202898550725,114,19,1,0.06285510723190912
554,306,301.0,44.8921568627451,45.87581699346405,301,48,1,0.06254083169574957
555,342,344.0,48.646198830409354,49.65204678362573,344,71,1,0.062228127537270826
556,231,215.0,41.15151515151515,42.082251082251084,215,40,1,0.06191698689958447
557,229,206.0,54.61135371179039,55.51091703056768,206,58,1,0.061607401965086545
558,196,171.0,43.535714285714285,44.40816326530612,171,43,1,0.06129936495526111
559,484,511.0,43.54132231404959,44.59710743801653,511,95,1,0.0609928681304848
560,194,169.0,40.2680412371134,41.13917525773196,169,35,1,0.060687903789832374
561,352,345.0,51.0,51.98011363636363,345,75,1,0.06038446427088321
562,360,333.0,49.40277777777778,50.327777777777776,333,79,1,0.06008254194952879
563,500,488.0,44.34,45.316,488,87,0,0.05978212923978115
564,197,174.0,47.0,47.88324873096447,174,37,1,0.05948321859358224
565,187,147.0,26.994652406417114,27.780748663101605,147,28,1,0.05918580250061433
566,204,154.0,50.26470588235294,51.01960784313726,154,53,1,0.058889873488111255
567,137,106.0,39.44525547445255,40.21897810218978,106,25,1,0.058595424120670696
568,126,83.0,29.047619047619047,29.706349206349206,83,20,1,0.05830244700006734
569,251,215.0,39.155378486055774,40.01195219123506,215,50,1,0.058010934765067
570,163,122.0,37.42944785276074,38.17791411042945,122,37,1,0.05772088009124167
571,344,346.0,44.25581395348837,45.26162790697674,346,70,1,0.05743227569078546
572,106,79.0,41.132075471698116,41.87735849056604,79,23,1,0.05714511431233153
573,382,366.0,52.89528795811518,53.853403141361255,366,82,1,0.05685938874076987
574,258,247.0,48.457364341085274,49.41472868217054,247,46,1,0.056575091797066025
575,97,59.0,41.95876288659794,42.56701030927835,59,22,1,0.056292216338080694
576,179,145.0,35.90502793296089,36.71508379888268,145,36,1,0.05601075525639029
577,301,290.0,46.49169435215947,47.45514950166113,290,64,1,0.05573070148010834
578,221,201.0,41.21266968325792,42.12217194570136,201,44,1,0.0554520479727078
579,418,433.0,39.38516746411483,40.421052631578945,433,85,1,0.05517478773284426
580,488,569.0,47.16803278688525,48.334016393442624,569,89,1,0.05489891379418004
581,286,311.0,41.73076923076923,42.81818181818182,311,36,1,0.05462441922520914
582,351,375.0,48.427350427350426,49.495726495726494,375,62,1,0.0543512971290831
583,196,154.0,43.9030612244898,44.68877551020408,154,32,1,0.05407954064343768
584,216,189.0,38.379629629629626,39.254629629629626,189,40,1,0.05380914294022049
585,149,102.0,42.671140939597315,43.355704697986575,102,28,1,0.05354009722551939
586,136,87.0,34.779411764705884,35.419117647058826,87,23,1,0.05327239673939179
587,417,397.0,43.74580335731415,44.697841726618705,397,81,1,0.053006034755694834
588,500,551.0,42.246,43.348,551,76,0,0.052741004581916356
589,283,262.0,41.69964664310954,42.62544169611307,262,43,1,0.052477299559006776
590,161,122.0,42.17391304347826,42.93167701863354,122,23,1,0.052214913061211746
591,139,76.0,38.23021582733813,38.776978417266186,76,23,1,0.05195383849590569
592,349,339.0,38.8567335243553,39.82808022922636,339,57,1,0.05169406930342616
593,335,346.0,34.3820895522388,35.41492537313433,346,54,1,0.05143559895690903
594,406,417.0,39.10591133004926,40.13300492610838,417,68,1,0.051178420962124486
595,273,303.0,47.205128205128204,48.315018315018314,303,48,1,0.05092252885731386
596,491,504.0,43.55397148676171,44.580448065173115,504,96,1,0.05066791621302729
597,128,74.0,41.8671875,42.4453125,74,26,1,0.05041457663196215
598,360,362.0,40.019444444444446,41.025,362,64,1,0.050162503748802344
599,325,309.0,39.738461538461536,40.68923076923077,309,54,1,0.049911691230058335
600,500,590.0,50.256,51.436,590,73,0,0.04966213277390804
601,319,280.0,39.094043887147336,39.9717868338558,280,54,1,0.0494138221100385
602,222,176.0,38.51801801801802,39.310810810810814,176,31,1,0.04916675299948831
603,297,299.0,44.55555555555556,45.562289562289564,299,60,1,0.04892091923449087
604,201,160.0,37.32835820895522,38.124378109452735,160,35,1,0.04867631463831842
605,299,318.0,35.812709030100336,36.876254180602004,318,51,1,0.048432933065126825
606,310,332.0,42.81290322580645,43.883870967741935,332,52,1,0.048190768399801194
607,174,143.0,35.82183908045977,36.64367816091954,143,24,1,0.04794981455780219
608,500,542.0,47.062,48.146,542,90,0,0.04771006548501318
609,360,352.0,44.32222222222222,45.3,352,61,1,0.047471515157588115
610,179,121.0,34.4804469273743,35.15642458100559,121,28,1,0.047234157581800176
611,500,536.0,43.114,44.186,536,82,0,0.046997986793891174
612,216,162.0,36.60648148148148,37.35648148148148,162,40,1,0.04676299685992172
613,335,348.0,45.33432835820896,46.37313432835821,348,64,1,0.04652918187562211
614,290,286.0,37.38275862068966,38.36896551724138,286,47,1,0.046296535966244
615,500,562.0,44.782,45.906,562,91,0,0.046065053286412784
616,500,576.0,50.518,51.67,576,85,0,0.04583472801998072
617,277,291.0,40.2129963898917,41.26353790613718,291,41,1,0.045605554379880814
618,480,483.0,46.09166666666667,47.09791666666667,483,81,1,0.04537752660798141
619,219,218.0,42.1689497716895,43.16438356164384,218,42,1,0.0451506389749415
620,190,172.0,54.373684210526314,55.27894736842105,172,38,1,0.044924885780066794
621,363,383.0,38.53719008264463,39.59228650137741,383,51,1,0.04470026135116646
622,328,292.0,47.98170731707317,48.8719512195122,292,69,1,0.04447676004441063
623,424,412.0,52.79481132075472,53.76650943396226,412,75,1,0.04425437624418858
624,459,484.0,43.80610021786492,44.86056644880174,484,81,1,0.04403310436296763
625,163,168.0,39.5521472392638,40.58282208588957,168,23,1,0.043812938841152796
626,500,562.0,47.404,48.528,562,90,0,0.04359387414694703
627,75,51.0,35.666666666666664,36.346666666666664,51,15,1,0.043375904776212296
628,500,543.0,39.258,40.344,543,82,0,0.043159025252331236
629,500,565.0,40.314,41.444,565,90,0,0.04294323012606958
630,270,259.0,38.81481481481482,39.77407407407407,259,46,1,0.04272851397543923
631,118,57.0,39.59322033898305,40.07627118644068,57,24,1,0.04251487140556204
632,500,520.0,46.282,47.322,520,92,0,0.04230229704853423
633,285,259.0,40.22105263157895,41.12982456140351,259,58,1,0.04209078556329156
634,275,272.0,36.167272727272724,37.156363636363636,272,42,1,0.0418803316354751
635,190,156.0,41.94736842105263,42.76842105263158,156,33,1,0.041670929977297724
636,205,205.0,42.71219512195122,43.71219512195122,205,39,1,0.04146257532741124
637,159,123.0,29.79245283018868,30.566037735849058,123,24,1,0.04125526245077418
638,351,368.0,48.12535612535613,49.173789173789174,368,58,1,0.04104898613852031
639,128,85.0,36.0,36.6640625,85,25,1,0.04084374120782771
640,102,65.0,34.65686274509804,35.294117647058826,65,25,1,0.04063952250178857
641,500,571.0,42.576,43.718,571,76,0,0.04043632488927963
642,305,287.0,50.40983606557377,51.350819672131145,287,62,1,0.04023414326483323
643,138,78.0,32.68115942028985,33.2463768115942,78,24,1,0.040032972548509065
644,247,224.0,40.74493927125506,41.65182186234818,224,41,1,0.03983280768576652
645,105,55.0,32.32380952380952,32.84761904761905,55,26,1,0.03963364364733769
646,305,285.0,39.71147540983606,40.64590163934426,285,45,1,0.039435475429100995
647,316,308.0,46.76898734177215,47.74367088607595,308,54,1,0.03923829805195549
648,157,98.0,37.52866242038217,38.152866242038215,98,29,1,0.03904210656169572
649,306,292.0,38.40522875816993,39.35947712418301,292,49,1,0.03884689602888724
650,200,180.0,46.8,47.7,180,37,1,0.0386526615487428
651,192,142.0,41.453125,42.192708333333336,142,36,1,0.03845939824099909
652,170,136.0,45.23529411764706,46.03529411764706,136,34,1,0.03826710124979409
653,210,187.0,27.685714285714287,28.576190476190476,187,31,1,0.038075765743545126
654,401,411.0,42.937655860349125,43.96259351620947,411,73,1,0.0378853869148274
655,185,129.0,43.037837837837834,43.73513513513514,129,27,1,0.03769595998025326
656,170,116.0,33.95294117647059,34.63529411764706,116,35,1,0.03750748018035199
657,397,393.0,41.8816120906801,42.87153652392947,393,72,1,0.037319942779450235
658,271,245.0,41.690036900369,42.59409594095941,245,49,1,0.037133343065552986
659,500,528.0,44.334,45.39,528,84,0,0.03694767635022522
660,131,99.0,29.198473282442748,29.954198473282442,99,17,1,0.036762937968474095
661,137,91.0,41.74452554744526,42.40875912408759,91,25,1,0.03657912327863173
662,115,67.0,34.28695652173913,34.869565217391305,67,16,1,0.036396227662238566
663,141,97.0,41.95744680851064,42.645390070921984,97,25,1,0.03621424652392737
664,344,321.0,37.90406976744186,38.83720930232558,321,66,1,0.036033175291307735
665,303,297.0,43.475247524752476,44.45544554455446,297,50,1,0.03585300941485119
666,242,189.0,42.578512396694215,43.35950413223141,189,52,1,0.035673744367776934
667,207,197.0,33.7536231884058,34.70531400966183,197,40,1,0.03549537564593805
668,143,102.0,38.77622377622377,39.48951048951049,102,21,1,0.035317898767708356
669,178,150.0,43.70786516853933,44.550561797752806,150,23,1,0.03514130927386981
670,251,212.0,40.57370517928287,41.418326693227094,212,46,1,0.03496560272750046
671,214,172.0,33.757009345794394,34.5607476635514,172,41,1,0.03479077471386296
672,500,538.0,57.08,58.156,538,93,0,0.03461682084029365
673,270,287.0,38.55925925925926,39.62222222222222,287,45,1,0.034443736736092176
674,500,499.0,39.682,40.68,499,71,0,0.034271518052411715
675,500,568.0,41.58,42.716,568,85,0,0.034100160462149656
676,150,98.0,33.193333333333335,33.846666666666664,98,29,1,0.03392965965983891
677,397,451.0,44.785894206549116,45.92191435768262,451,59,1,0.033760011361539714
678,170,133.0,34.22941176470588,35.01176470588236,133,27,1,0.03359121130473201
679,173,125.0,40.410404624277454,41.13294797687861,125,32,1,0.033423255248208356
680,433,454.0,44.55196304849885,45.60046189376443,454,76,1,0.03325613897196732
681,309,309.0,41.349514563106794,42.349514563106794,309,51,1,0.03308985827710748
682,463,467.0,40.436285097192226,41.44492440604752,467,86,1,0.032924408985721944
683,127,76.0,40.14173228346457,40.74015748031496,76,26,1,0.03275978694079333
684,288,280.0,40.78472222222222,41.75694444444444,280,54,1,0.032595988006089364
685,392,417.0,43.99234693877551,45.05612244897959,417,66,1,0.032433008066058915
686,403,414.0,54.13399503722084,55.16129032258065,414,69,1,0.03227084302572862
687,135,88.0,35.54814814814815,36.2,88,30,1,0.032109488810599975
688,310,328.0,42.151612903225804,43.20967741935484,328,48,1,0.031948941366546975
689,115,64.0,49.095652173913045,49.65217391304348,64,21,1,0.03178919665971424
690,500,556.0,48.51,49.622,556,77,0,0.03163025067641567
691,124,83.0,40.983870967741936,41.653225806451616,83,21,1,0.03147209942303359
692,196,168.0,31.301020408163264,32.15816326530612,168,31,1,0.03131473892591842
693,500,551.0,46.104,47.206,551,81,0,0.031158165231288826
694,265,278.0,46.264150943396224,47.31320754716981,278,43,1,0.03100237440513238
695,145,87.0,41.751724137931035,42.351724137931036,87,30,1,0.030847362533106718
696,322,279.0,40.46583850931677,41.33229813664596,279,56,1,0.030693125720441184
697,155,103.0,39.619354838709675,40.28387096774193,103,28,1,0.030539660091838977
698,113,69.0,46.35398230088496,46.9646017699115,69,20,1,0.03038696179137978
699,155,103.0,34.651612903225804,35.31612903225806,103,22,1,0.030235026982422884
700,500,562.0,47.732,48.856,562,85,0,0.030083851847510768
701,500,531.0,43.632,44.694,531,84,0,0.029933432588273214
702,112,74.0,36.0,36.660714285714285,74,20,1,0.029783765425331846
703,500,535.0,38.414,39.484,535,78,0,0.029634846598205186
704,317,301.0,46.22397476340694,47.17350157728707,301,61,1,0.02948667236521416
705,103,66.0,35.20388349514563,35.84466019417476,66,21,1,0.029339239003388088
706,236,233.0,41.016949152542374,42.00423728813559,233,36,1,0.029192542808371146
707,231,217.0,47.80952380952381,48.74891774891775,217,30,1,0.02904658009432929
708,189,169.0,42.01058201058201,42.904761904761905,169,27,1,0.028901347193857643
709,500,573.0,49.518,50.664,573,83,0,0.028756840457888354
710,273,250.0,40.88644688644688,41.8021978021978,250,48,1,0.02861305625559891
711,241,224.0,41.767634854771785,42.697095435684645,224,52,1,0.028469990974320916
712,217,180.0,52.42857142857143,53.25806451612903,180,51,1,0.02832764101944931
713,500,561.0,43.282,44.404,561,82,0,0.028186002814352063
714,179,158.0,33.78212290502793,34.66480446927374,158,37,1,0.0280450728002803
715,143,96.0,30.482517482517483,31.153846153846153,96,20,1,0.0279048474362789
716,134,105.0,31.32089552238806,32.1044776119403,105,15,1,0.027765323199097504
717,310,291.0,48.329032258064515,49.26774193548387,291,52,1,0.027626496583102015
718,122,91.0,34.48360655737705,35.22950819672131,91,18,1,0.027488364100186506
719,110,50.0,42.518181818181816,42.972727272727276,50,17,1,0.027350922279685573
720,192,168.0,49.151041666666664,50.026041666666664,168,35,1,0.027214167668287145
721,476,505.0,46.359243697478995,47.42016806722689,505,99,1,0.02707809682994571
722,274,253.0,42.47810218978102,43.4014598540146,253,45,1,0.02694270634579598
723,319,317.0,42.96865203761755,43.96238244514107,317,53,1,0.026807992814067
724,258,230.0,36.69767441860465,37.58914728682171,230,47,1,0.026673952849996664
725,138,126.0,33.971014492753625,34.88405797101449,126,28,1,0.02654058308574668
726,154,112.0,39.642857142857146,40.37012987012987,112,32,1,0.026407880170317945
727,333,311.0,46.56456456456456,47.4984984984985,311,65,1,0.026275840769466357
728,306,298.0,43.8202614379085,44.794117647058826,298,60,1,0.026144461565619025
729,151,102.0,41.033112582781456,41.70860927152318,102,27,1,0.02601373925779093
730,100,44.0,42.31,42.75,44,27,1,0.025883670561501974
731,434,424.0,45.22119815668203,46.19815668202765,424,73,1,0.025754252208694463
732,151,128.0,44.37748344370861,45.22516556291391,128,36,1,0.02562548094765099
733,500,525.0,37.204,38.254,525,76,0,0.025497353542912736
734,335,332.0,44.27462686567164,45.265671641791045,332,57,1,0.02536986677519817
735,171,146.0,37.1578947368421,38.01169590643275,146,32,1,0.02524301744132218
736,292,276.0,45.40068493150685,46.3458904109589,276,54,1,0.025116802354115567
737,150,90.0,29.62,30.22,90,25,1,0.024991218342344988
738,253,220.0,38.92094861660079,39.790513833992094,220,53,1,0.024866262250633264
739,183,130.0,33.87431693989071,34.58469945355191,130,32,1,0.024741930939380097
740,500,495.0,48.294,49.284,495,67,0,0.024618221284683196
741,158,133.0,41.48101265822785,42.322784810126585,133,28,1,0.02449513017825978
742,117,84.0,31.153846153846153,31.871794871794872,84,18,1,0.02437265452736848
743,174,148.0,38.764367816091955,39.61494252873563,148,32,1,0.024250791254731636
744,190,137.0,41.16315789473684,41.88421052631579,137,38,1,0.024129537298457977
745,155,124.0,37.43225806451613,38.23225806451613,124,25,1,0.024008889611965685
746,190,163.0,42.194736842105264,43.05263157894737,163,26,1,0.023888845163905856
747,145,116.0,40.89655172413793,41.69655172413793,116,23,1,0.023769400938086327
748,242,202.0,42.04132231404959,42.87603305785124,202,42,1,0.023650553933395897
749,160,98.0,38.09375,38.70625,98,30,1,0.023532301163728918
750,449,484.0,54.209354120267264,55.28730512249443,484,82,1,0.023414639657910272
751,114,68.0,38.54385964912281,39.14035087719298,68,27,1,0.023297566459620722
752,212,148.0,40.089622641509436,40.7877358490566,148,43,1,0.023181078627322618
753,129,73.0,41.34108527131783,41.906976744186046,73,23,1,0.023065173234186005
754,132,71.0,43.46969696969697,44.00757575757576,71,25,1,0.022949847368015076
755,172,130.0,42.25581395348837,43.01162790697674,130,44,1,0.022835098131175
756,270,257.0,40.648148148148145,41.6,257,41,1,0.022720922640519125
757,320,322.0,41.6,42.60625,322,45,1,0.02260731802731653
758,91,58.0,36.46153846153846,37.0989010989011,58,17,1,0.022494281437179946
759,320,273.0,44.95,45.803125,273,46,1,0.022381810029994047
760,206,177.0,37.8252427184466,38.68446601941748,177,28,1,0.022269900979844076
761,205,173.0,33.68780487804878,34.53170731707317,173,39,1,0.022158551474944856
762,189,159.0,40.301587301587304,41.142857142857146,159,26,1,0.022047758717570132
763,175,139.0,38.66285714285714,39.457142857142856,139,30,1,0.021937519923982282
764,217,202.0,41.54838709677419,42.47926267281106,202,34,1,0.021827832324362372
765,270,239.0,41.6037037037037,42.48888888888889,239,40,1,0.02171869316274056
766,181,133.0,47.54696132596685,48.28176795580111,133,30,1,0.021610099696926857
767,424,444.0,39.485849056603776,40.533018867924525,444,56,1,0.021502049198442223
768,273,287.0,39.54578754578755,40.5970695970696,287,36,1,0.021394538952450012
769,273,254.0,32.663003663003664,33.59340659340659,254,38,1,0.02128756625768776
770,418,435.0,39.13875598086124,40.17942583732057,435,62,1,0.021181128426399323
771,159,120.0,44.528301886792455,45.283018867924525,120,22,1,0.021075222784267326
772,247,243.0,42.39676113360324,43.38056680161943,243,38,1,0.020969846670345987
773,242,228.0,40.256198347107436,41.19834710743802,228,38,1,0.020864997436994256
774,341,336.0,52.09384164222874,53.0791788856305,336,50,1,0.020760672449809284
775,161,103.0,40.15527950310559,40.79503105590062,103,29,1,0.020656869087560238
776,214,214.0,36.30373831775701,37.30373831775701,214,32,1,0.020553584742122436
777,196,173.0,46.95918367346939,47.84183673469388,173,26,1,0.020450816818411825
778,127,79.0,33.8503937007874,34.47244094488189,79,16,1,0.020348562734319765
779,466,495.0,45.223175965665234,46.28540772532189,495,73,1,0.020246819920648168
780,250,254.0,38.404,39.42,254,42,1,0.020145585821044927
781,374,392.0,40.906417112299465,41.95454545454545,392,57,1,0.020044857891939702
782,176,140.0,32.42045454545455,33.21590909090909,140,26,1,0.019944633602480003
783,190,156.0,34.963157894736845,35.78421052631579,156,31,1,0.019844910434467605
784,289,299.0,45.50519031141869,46.53979238754325,299,40,1,0.019745685882295267
785,204,163.0,30.936274509803923,31.735294117647058,163,34,1,0.01964695745288379
786,193,166.0,40.22279792746114,41.082901554404145,166,31,1,0.01954872266561937
787,116,83.0,36.672413793103445,37.38793103448276,83,23,1,0.019450979052291272
788,96,49.0,39.572916666666664,40.083333333333336,49,16,1,0.019353724157029815
789,117,78.0,41.26495726495727,41.93162393162393,78,22,1,0.019256955536244666
790,500,554.0,48.378,49.486,554,80,0,0.019160670758563442
791,136,107.0,32.6985294117647,33.48529411764706,107,23,1,0.019064867404770626
792,154,118.0,36.246753246753244,37.01298701298701,118,25,1,0.018969543067746772
793,191,165.0,35.49738219895288,36.361256544502616,165,29,1,0.018874695352408037
794,393,401.0,51.407124681933844,52.42748091603053,401,47,1,0.018780321875645996
795,438,453.0,37.63926940639269,38.67351598173516,453,64,1,0.018686420266267767
796,255,193.0,32.1843137254902,32.94117647058823,193,37,1,0.018592988164936427
797,136,99.0,39.75,40.47794117647059,99,20,1,0.018500023224111744
798,292,273.0,36.1541095890411,37.08904109589041,273,37,1,0.018407523107991184
799,247,201.0,38.441295546558706,39.25506072874494,201,40,1,0.01831548549245123
800,202,172.0,44.33168316831683,45.18316831683168,172,29,1,0.018223908064988973
801,139,110.0,34.69064748201439,35.48201438848921,110,21,1,0.018132788524664028
802,215,184.0,32.544186046511626,33.4,184,33,1,0.018042124582040707
803,193,164.0,37.2279792746114,38.07772020725388,164,34,1,0.017951913959130504
804,426,433.0,43.448356807511736,44.46478873239437,433,67,1,0.01786215438933485
805,395,418.0,45.50886075949367,46.56708860759494,418,62,1,0.017772843617388175
806,150,123.0,36.593333333333334,37.413333333333334,123,21,1,0.017683979399301233
807,178,142.0,33.264044943820224,34.061797752808985,142,23,1,0.017595559502304726
808,316,343.0,44.221518987341774,45.30696202531646,343,45,1,0.0175075817047932
809,414,404.0,32.908212560386474,33.88405797101449,404,73,1,0.017420043796269234
810,189,168.0,34.148148148148145,35.03703703703704,168,31,1,0.017332943577287888
811,309,347.0,41.016181229773466,42.13915857605178,347,50,1,0.01724627885940145
812,414,436.0,39.09661835748792,40.14975845410628,436,68,1,0.017160047465104442
813,500,554.0,44.198,45.306,554,79,0,0.01707424722777892
814,305,302.0,35.51803278688524,36.50819672131148,302,54,1,0.016988875991640028
815,359,347.0,32.91643454038997,33.883008356545965,347,59,1,0.016903931611681827
816,192,184.0,32.25,33.208333333333336,184,34,1,0.01681941195362342
817,315,313.0,37.425396825396824,38.41904761904762,313,44,1,0.016735314893855303
818,494,531.0,39.6578947368421,40.73279352226721,531,76,1,0.016651638319386028
819,176,154.0,54.23295454545455,55.10795454545455,154,30,1,0.0165683801277891
820,500,523.0,33.858,34.904,523,77,0,0.016485538227150154
821,225,179.0,32.986666666666665,33.782222222222224,179,44,1,0.0164031105360144
822,476,525.0,44.60084033613445,45.70378151260504,525,81,1,0.01632109498333433
823,500,547.0,42.444,43.538,547,72,0,0.016239489508417658
824,187,162.0,37.919786096256686,38.786096256684495,162,25,1,0.01615829206087557
825,500,558.0,39.908,41.024,558,85,0,0.01607750060057119
826,323,358.0,38.4891640866873,39.59752321981424,358,47,1,0.015997113097568336
827,424,477.0,37.360849056603776,38.485849056603776,477,70,1,0.015917127532080494
828,152,135.0,27.20394736842105,28.092105263157894,135,25,1,0.01583754189442009
829,252,235.0,41.801587301587304,42.73412698412698,235,38,1,0.01575835418494799
830,347,344.0,37.34005763688761,38.331412103746395,344,63,1,0.01567956241402325
831,278,256.0,34.47122302158273,35.39208633093525,256,55,1,0.015601164601953134
832,350,378.0,39.831428571428575,40.91142857142857,378,53,1,0.015523158778943369
833,144,121.0,31.555555555555557,32.395833333333336,121,30,1,0.015445542985048652
834,500,529.0,40.502,41.56,529,77,0,0.015368315270123408
835,245,280.0,43.75918367346939,44.90204081632653,280,39,1,0.01529147369377279
836,500,517.0,34.638,35.672,517,82,0,0.015215016325303928
837,185,153.0,31.21081081081081,32.037837837837834,153,31,1,0.015138941243677408
838,250,212.0,39.492,40.34,212,40,1,0.01506324653745902
839,89,56.0,33.662921348314605,34.29213483146067,56,17,1,0.014987930304771725
840,334,327.0,33.85329341317365,34.83233532934132,327,50,1,0.014912990653247866
841,174,154.0,32.258620689655174,33.14367816091954,154,26,1,0.014838425699981627
842,390,364.0,36.88205128205128,37.815384615384616,364,67,1,0.01476423357148172
843,384,392.0,38.0234375,39.044270833333336,392,70,1,0.014690412403624311
844,500,536.0,44.912,45.984,536,77,0,0.01461696034160619
845,342,339.0,37.04385964912281,38.03508771929825,339,66,1,0.014543875539898159
846,500,564.0,36.896,38.024,564,77,0,0.014471156162198668
847,319,324.0,39.77742946708464,40.793103448275865,324,50,1,0.014398800381387675
848,111,85.0,30.414414414414413,31.18018018018018,85,19,1,0.014326806379480736
849,410,436.0,51.573170731707314,52.636585365853655,436,63,1,0.014255172347583332
850,277,282.0,43.42599277978339,44.44404332129964,282,42,1,0.014183896485845416
851,187,166.0,36.64171122994652,37.529411764705884,166,36,1,0.014112977003416188
852,500,542.0,42.888,43.972,542,78,0,0.014042412118399107
853,203,200.0,38.68472906403941,39.669950738916256,200,40,1,0.013972200057807112
854,261,229.0,35.13026819923372,36.00766283524904,229,40,1,0.013902339057518077
855,362,386.0,42.37292817679558,43.43922651933702,386,55,1,0.013832827362230486
856,462,507.0,45.683982683982684,46.78138528138528,507,73,1,0.013763663225419333
857,398,404.0,38.5,39.515075376884425,404,58,1,0.013694844909292236
858,238,212.0,31.147058823529413,32.03781512605042,212,43,1,0.013626370684745774
859,358,350.0,35.729050279329606,36.70670391061452,350,69,1,0.013558238831322046
860,403,386.0,39.21836228287841,40.17617866004963,386,58,1,0.013490447637165436
861,500,549.0,38.774,39.872,549,78,0,0.013422995398979608
862,242,238.0,43.586776859504134,44.570247933884296,238,36,1,0.01335588042198471
863,190,207.0,39.43684210526316,40.526315789473685,207,32,1,0.013289101019874787
864,341,327.0,42.18475073313783,43.143695014662754,327,50,1,0.013222655514775413
865,500,588.0,43.592,44.768,588,79,0,0.013156542237201536
866,361,338.0,39.0803324099723,40.016620498614955,338,58,1,0.013090759526015528
867,236,223.0,34.36864406779661,35.313559322033896,223,41,1,0.01302530572838545
868,142,136.0,38.88028169014085,39.83802816901409,136,19,1,0.012960179199743523
869,207,178.0,36.44444444444444,37.30434782608695,178,34,1,0.012895378303744804
870,399,419.0,46.31578947368421,47.365914786967416,419,55,1,0.01283090141222608
871,198,193.0,40.47979797979798,41.45454545454545,193,30,1,0.012766746905164949
872,178,140.0,40.63483146067416,41.42134831460674,140,27,1,0.012702913170639124
873,192,159.0,26.083333333333332,26.911458333333332,159,32,1,0.012639398604785928
874,230,219.0,37.26521739130435,38.21739130434783,219,31,1,0.012576201611761997
875,374,361.0,41.336898395721924,42.30213903743316,361,47,1,0.012513320603703188
876,500,532.0,39.98,41.044,532,73,0,0.012450754000684672
877,179,160.0,34.64804469273743,35.54189944134078,160,26,1,0.012388500230681249
878,500,558.0,39.508,40.624,558,90,0,0.012326557729527843
879,500,530.0,37.062,38.122,530,84,0,0.012264924940880204
880,239,212.0,34.81589958158996,35.70292887029289,212,33,1,0.012203600316175803
881,500,558.0,37.844,38.96,558,92,0,0.012142582314594924
882,500,543.0,42.224,43.31,543,90,0,0.01208186940302195
883,311,323.0,37.37942122186495,38.41800643086817,323,50,1,0.01202146005600684
884,178,172.0,35.37640449438202,36.342696629213485,172,30,1,0.011961352755726806
885,500,508.0,34.858,35.874,508,84,0,0.01190154599194817
886,259,255.0,37.88030888030888,38.86486486486486,255,50,1,0.01184203826198843
887,160,149.0,31.075,32.00625,149,26,1,0.011782828070678488
888,272,244.0,33.345588235294116,34.24264705882353,244,52,1,0.011723913930325095
889,362,341.0,33.5939226519337,34.53591160220994,341,57,1,0.01166529436067347
890,282,286.0,33.797872340425535,34.812056737588655,286,46,1,0.011606967888870102
891,500,553.0,36.986,38.092,553,87,0,0.01154893304942575
892,117,79.0,34.82051282051282,35.495726495726494,79,25,1,0.011491188384178622
893,139,128.0,32.25179856115108,33.172661870503596,128,19,1,0.011433732442257729
894,116,73.0,32.741379310344826,33.37068965517241,73,24,1,0.01137656378004644
895,84,57.0,39.30952380952381,39.98809523809524,57,13,1,0.011319680961146208
896,132,91.0,35.303030303030305,35.99242424242424,91,27,1,0.011263082556340478
897,287,272.0,34.853658536585364,35.801393728223,272,39,1,0.011206767143558775
898,378,385.0,41.27248677248677,42.29100529100529,385,50,1,0.011150733307840981
899,422,464.0,42.2654028436019,43.36492890995261,464,68,1,0.011094979641301777
900,500,543.0,36.04,37.126,543,79,0,0.011039504743095268
901,176,153.0,34.95454545454545,35.82386363636363,153,34,1,0.01098430721937979
902,430,436.0,40.91162790697675,41.925581395348836,436,75,1,0.010929385683282892
903,168,141.0,40.416666666666664,41.25595238095238,141,31,1,0.010874738754866477
904,160,119.0,37.05,37.79375,119,23,1,0.010820365061092144
905,263,247.0,39.155893536121674,40.09505703422053,247,32,1,0.010766263235786683
906,137,91.0,30.255474452554743,30.919708029197082,91,28,1,0.01071243191960775
907,336,302.0,32.848214285714285,33.74702380952381,302,56,1,0.010658869760009713
908,500,536.0,37.84,38.912,536,80,0,0.010605575411209664
909,147,115.0,36.795918367346935,37.57823129251701,115,24,1,0.010552547534153616
910,287,298.0,35.5609756097561,36.599303135888505,298,43,1,0.010499784796482848
911,416,435.0,40.83173076923077,41.87740384615385,435,61,1,0.010447285872500434
912,137,116.0,31.37226277372263,32.21897810218978,116,21,1,0.01039504944313793
913,129,101.0,31.426356589147286,32.2093023255814,101,21,1,0.010343074195922241
914,210,193.0,42.45238095238095,43.371428571428574,193,39,1,0.01029135882494263
915,212,236.0,41.735849056603776,42.84905660377358,236,38,1,0.010239902030817916
916,165,138.0,46.406060606060606,47.24242424242424,138,18,1,0.010188702520663827
917,232,243.0,45.2198275862069,46.26724137931034,243,43,1,0.010137759008060509
918,314,302.0,46.88535031847134,47.847133757961785,302,44,1,0.010087070213020206
919,239,235.0,34.8326359832636,35.81589958158996,235,45,1,0.010036634861955105
920,381,419.0,41.27821522309711,42.37795275590551,419,65,1,0.01
921,158,127.0,36.08860759493671,36.892405063291136,127,27,1,0.01
922,378,381.0,41.82275132275132,42.83068783068783,381,59,1,0.01
923,440,476.0,39.17045454545455,40.252272727272725,476,72,1,0.01
924,146,125.0,36.397260273972606,37.25342465753425,125,28,1,0.01
925,261,255.0,39.264367816091955,40.241379310344826,255,40,1,0.01
926,179,153.0,30.01675977653631,30.87150837988827,153,25,1,0.01
927,403,426.0,47.72456575682382,48.78163771712159,426,58,1,0.01
928,146,131.0,31.71917808219178,32.61643835616438,131,27,1,0.01
929,500,593.0,40.742,41.928,593,83,0,0.01
930,115,87.0,29.208695652173912,29.965217391304346,87,20,1,0.01
931,247,229.0,44.89068825910931,45.81781376518219,229,49,1,0.01
932,321,302.0,32.84423676012461,33.78504672897196,302,51,1,0.01
933,149,125.0,30.926174496644297,31.76510067114094,125,27,1,0.01
934,477,507.0,33.17819706498952,34.24109014675052,507,69,1,0.01
935,195,167.0,31.31282051282051,32.16923076923077,167,30,1,0.01
936,366,397.0,43.39890710382514,44.48360655737705,397,56,1,0.01
937,435,468.0,40.225287356321836,41.301149425287356,468,74,1,0.01
938,427,442.0,37.48009367681499,38.5152224824356,442,78,1,0.01
939,473,511.0,47.15644820295983,48.23678646934461,511,73,1,0.01
940,91,55.0,29.395604395604394,30.0,55,13,1,0.01
941,422,454.0,43.06635071090047,44.14218009478673,454,73,1,0.01
942,141,114.0,28.397163120567377,29.20567375886525,114,28,1,0.01
943,359,364.0,39.06406685236769,40.07799442896936,364,60,1,0.01
944,443,477.0,40.715575620767495,41.792325056433405,477,74,1,0.01
945,393,411.0,39.17811704834605,40.223918575063614,411,61,1,0.01
946,155,133.0,34.4,35.25806451612903,133,24,1,0.01
947,292,262.0,32.24657534246575,33.14383561643836,262,51,1,0.01
948,187,180.0,41.5668449197861,42.529411764705884,180,30,1,0.01
949,500,491.0,37.278,38.26,491,82,0,0.01
950,187,159.0,34.288770053475936,35.13903743315508,159,34,1,0.01
951,492,490.0,36.84552845528455,37.84146341463415,490,76,1,0.01
952,138,112.0,37.7536231884058,38.56521739130435,112,17,1,0.01
953,166,132.0,29.765060240963855,30.56024096385542,132,31,1,0.01
954,107,76.0,33.39252336448598,34.10280373831776,76,19,1,0.01
955,246,215.0,40.28455284552845,41.15853658536585,215,43,1,0.01
956,153,143.0,34.72549019607843,35.66013071895425,143,19,1,0.01
957,149,142.0,33.40268456375839,34.355704697986575,142,22,1,0.01
958,360,367.0,40.102777777777774,41.12222222222222,367,60,1,0.01
959,356,329.0,33.002808988764045,33.92696629213483,329,67,1,0.01
960,500,554.0,44.758,45.866,554,83,0,0.01
961,386,419.0,36.7720207253886,37.85751295336787,419,57,1,0.01
962,359,363.0,45.56267409470752,46.57381615598886,363,59,1,0.01
963,154,147.0,46.746753246753244,47.701298701298704,147,31,1,0.01
964,250,262.0,41.08,42.128,262,40,1,0.01
965,326,343.0,38.65337423312884,39.70552147239264,343,57,1,0.01
966,466,482.0,40.09656652360515,41.13090128755365,482,84,1,0.01
967,407,398.0,38.08599508599509,39.06388206388206,398,77,1,0.01
968,381,380.0,37.06824146981627,38.06561679790026,380,58,1,0.01
969,500,608.0,35.858,37.074,608,82,0,0.01
970,254,234.0,36.267716535433074,37.188976377952756,234,42,1,0.01
971,189,187.0,36.3968253968254,37.386243386243386,187,37,1,0.01
972,148,105.0,36.42567567567568,37.13513513513514,105,27,1,0.01
973,450,427.0,43.333333333333336,44.282222222222224,427,74,1,0.01
974,365,372.0,37.465753424657535,38.484931506849314,372,64,1,0.01
975,165,137.0,33.60606060606061,34.43636363636364,137,29,1,0.01
976,500,544.0,42.124,43.212,544,91,0,0.01
977,172,142.0,36.372093023255815,37.19767441860465,142,25,1,0.01
978,174,144.0,32.99425287356322,33.82183908045977,144,24,1,0.01
979,290,314.0,39.786206896551725,40.86896551724138,314,43,1,0.01
980,203,184.0,30.15270935960591,31.059113300492612,184,38,1,0.01
981,214,196.0,41.429906542056074,42.345794392523366,196,24,1,0.01
982,189,163.0,34.476190476190474,35.33862433862434,163,28,1,0.01
983,381,359.0,35.976377952755904,36.91863517060367,359,60,1,0.01
984,174,165.0,41.270114942528735,42.2183908045977,165,32,1,0.01
985,358,317.0,38.6927374301676,39.57821229050279,317,62,1,0.01
986,156,134.0,41.62179487179487,42.48076923076923,134,24,1,0.01
987,282,284.0,39.5,40.50709219858156,284,41,1,0.01
988,176,154.0,42.14204545454545,43.01704545454545,154,24,1,0.01
989,189,177.0,38.67724867724868,39.613756613756614,177,30,1,0.01
990,168,115.0,34.648809523809526,35.333333333333336,115,21,1,0.01
991,103,63.0,43.398058252427184,44.00970873786408,63,13,1,0.01
992,195,132.0,31.174358974358974,31.851282051282052,132,33,1,0.01
993,246,212.0,38.642276422764226,39.50406504065041,212,39,1,0.01
994,168,165.0,43.892857142857146,44.875,165,23,1,0.01
995,235,204.0,37.46382978723404,38.33191489361702,204,37,1,0.01
996,164,129.0,34.11585365853659,34.90243902439025,129,22,1,0.01
997,163,153.0,43.828220858895705,44.76687116564417,153,25,1,0.01
998,262,272.0,36.10687022900763,37.14503816793893,272,46,1,0.01
999,370,389.0,46.270270270270274,47.321621621621624,389,66,1,0.01
1000,500,540.0,46.592,47.672,540,74,0,0.01
1001,325,348.0,36.50769230769231,37.57846153846154,348,57,1,0.01
1002,472,499.0,33.87076271186441,34.92796610169491,499,67,1,0.01
1003,500,540.0,36.73,37.81,540,88,0,0.01
1004,354,334.0,37.19491525423729,38.13841807909605,334,53,1,0.01
1005,206,205.0,34.16504854368932,35.16019417475728,205,27,1,0.01
1006,333,323.0,38.7957957957958,39.765765765765764,323,54,1,0.01
1007,155,139.0,36.23225806451613,37.12903225806452,139,19,1,0.01
1008,158,122.0,33.69620253164557,34.46835443037975,122,28,1,0.01
1009,320,329.0,36.38125,37.409375,329,53,1,0.01
1010,500,575.0,43.238,44.388,575,86,0,0.01
1011,470,527.0,40.5531914893617,41.67446808510638,527,81,1,0.01
1012,500,535.0,38.342,39.412,535,87,0,0.01
1013,149,139.0,42.95973154362416,43.89261744966443,139,21,1,0.01
1014,183,172.0,36.92896174863388,37.868852459016395,172,28,1,0.01
1015,304,319.0,37.07565789473684,38.125,319,50,1,0.01
1016,491,504.0,38.81466395112016,39.84114052953157,504,81,1,0.01
1017,176,132.0,32.60795454545455,33.35795454545455,132,25,1,0.01
1018,375,400.0,37.76,38.82666666666667,400,57,1,0.01
1019,319,315.0,38.9717868338558,39.959247648902824,315,52,1,0.01
1020,397,417.0,42.211586901763226,43.26196473551637,417,67,1,0.01
1021,301,300.0,42.27242524916944,43.269102990033225,300,48,1,0.01
1022,500,567.0,36.21,37.344,567,83,0,0.01
1023,500,538.0,42.2,43.276,538,87,0,0.01
1024,203,213.0,39.857142857142854,40.9064039408867,213,31,1,0.01
1025,192,195.0,43.578125,44.59375,195,28,1,0.01
1026,192,174.0,35.177083333333336,36.083333333333336,174,36,1,0.01
1027,123,101.0,30.83739837398374,31.658536585365855,101,16,1,0.01
1028,215,198.0,34.03720930232558,34.95813953488372,198,45,1,0.01
1029,201,190.0,46.482587064676615,47.42786069651741,190,38,1,0.01
1030,265,218.0,30.713207547169812,31.535849056603773,218,54,1,0.01
1031,127,100.0,36.8503937007874,37.63779527559055,100,16,1,0.01
1032,131,126.0,38.43511450381679,39.396946564885496,126,24,1,0.01
1033,386,386.0,42.54663212435233,43.54663212435233,386,58,1,0.01
1034,154,140.0,27.62987012987013,28.538961038961038,140,27,1,0.01
1035,380,409.0,36.61052631578947,37.68684210526316,409,56,1,0.01
1036,349,320.0,32.94555873925501,33.862464183381086,320,55,1,0.01
1037,251,263.0,45.05577689243028,46.103585657370516,263,42,1,0.01
1038,271,261.0,33.859778597785976,34.82287822878229,261,49,1,0.01
1039,124,71.0,31.088709677419356,31.661290322580644,71,10,1,0.01
1040,500,530.0,34.914,35.974,530,83,0,0.01
1041,357,369.0,44.53501400560224,45.568627450980394,369,64,1,0.01
1042,172,155.0,33.41279069767442,34.31395348837209,155,24,1,0.01
1043,144,121.0,41.013888888888886,41.854166666666664,121,20,1,0.01
1044,262,258.0,47.02290076335878,48.00763358778626,258,34,1,0.01
1045,500,511.0,39.728,40.75,511,86,0,0.01
1046,378,383.0,39.0,40.01322751322751,383,74,1,0.01
1047,500,545.0,42.696,43.786,545,85,0,0.01
1048,194,192.0,37.36082474226804,38.350515463917525,192,35,1,0.01
1049,500,531.0,40.88,41.942,531,73,0,0.01
1050,397,451.0,41.1183879093199,42.2544080604534,451,58,1,0.01
1051,248,238.0,34.38709677419355,35.346774193548384,238,39,1,0.01
1052,279,291.0,29.61648745519713,30.659498207885303,291,50,1,0.01
1053,500,555.0,37.61,38.72,555,85,0,0.01
1054,284,281.0,31.242957746478872,32.232394366197184,281,40,1,0.01
1055,230,191.0,35.356521739130436,36.18695652173913,191,42,1,0.01
1056,500,530.0,39.352,40.412,530,84,0,0.01
1057,228,221.0,37.26315789473684,38.23245614035088,221,38,1,0.01
1058,500,576.0,44.042,45.194,576,76,0,0.01
1059,415,453.0,42.23373493975904,43.325301204819276,453,69,1,0.01
1060,500,536.0,36.102,37.174,536,95,0,0.01
1061,500,531.0,39.14,40.202,531,65,0,0.01
1062,219,198.0,35.41095890410959,36.31506849315068,198,33,1,0.01
1063,116,78.0,34.37931034482759,35.05172413793103,78,19,1,0.01
1064,138,101.0,36.891304347826086,37.6231884057971,101,19,1,0.01
1065,500,520.0,39.228,40.268,520,93,0,0.01
1066,152,126.0,34.25,35.078947368421055,126,30,1,0.01
1067,265,255.0,34.95471698113207,35.91698113207547,255,42,1,0.01
1068,500,580.0,49.156,50.316,580,82,0,0.01
1069,235,208.0,28.43404255319149,29.319148936170212,208,44,1,0.01
1070,280,231.0,33.38928571428571,34.214285714285715,231,40,1,0.01
1071,244,231.0,44.31147540983606,45.25819672131148,231,37,1,0.01
1072,406,406.0,33.495073891625616,34.495073891625616,406,62,1,0.01
1073,500,540.0,41.958,43.038,540,88,0,0.01
1074,473,548.0,43.43974630021142,44.59830866807611,548,83,1,0.01
1075,199,178.0,34.482412060301506,35.37688442211055,178,26,1,0.01
1076,141,113.0,35.04964539007092,35.851063829787236,113,26,1,0.01
1077,493,475.0,42.012170385395535,42.97565922920892,475,67,1,0.01
1078,203,190.0,30.665024630541872,31.600985221674875,190,38,1,0.01
1079,138,118.0,34.55072463768116,35.405797101449274,118,27,1,0.01
1080,261,245.0,50.724137931034484,51.662835249042146,245,41,1,0.01
1081,416,434.0,39.61538461538461,40.65865384615385,434,71,1,0.01
1082,155,114.0,32.49032258064516,33.225806451612904,114,28,1,0.01
1083,191,148.0,27.87434554973822,28.649214659685864,148,39,1,0.01
1084,131,97.0,34.725190839694655,35.465648854961835,97,21,1,0.01
1085,500,553.0,37.11,38.216,553,84,0,0.01
1086,430,452.0,39.26046511627907,40.311627906976746,452,76,1,0.01
1087,306,333.0,41.591503267973856,42.6797385620915,333,56,1,0.01
1088,156,116.0,30.006410256410255,30.75,116,28,1,0.01
1089,325,305.0,46.652307692307694,47.59076923076923,305,51,1,0.01
1090,500,557.0,46.25,47.364,557,65,0,0.01
1091,500,534.0,42.694,43.762,534,88,0,0.01
1092,128,109.0,35.53125,36.3828125,109,24,1,0.01
1093,497,562.0,43.563380281690144,44.69416498993964,562,72,1,0.01
1094,500,546.0,37.924,39.016,546,81,0,0.01
1095,257,209.0,40.945525291828794,41.75875486381323,209,42,1,0.01
1096,205,195.0,40.858536585365854,41.80975609756098,195,31,1,0.01
1097,305,286.0,37.68524590163934,38.622950819672134,286,52,1,0.01
1098,430,442.0,39.38139534883721,40.40930232558139,442,74,1,0.01
1099,500,526.0,36.654,37.706,526,87,0,0.01
1100,178,146.0,32.87078651685393,33.69101123595506,146,25,1,0.01
1101,319,329.0,34.25705329153605,35.288401253918494,329,57,1,0.01
1102,243,233.0,38.48148148148148,39.440329218106996,233,41,1,0.01
1103,257,238.0,41.64591439688716,42.57198443579767,238,38,1,0.01
1104,336,335.0,33.68154761904762,34.67857142857143,335,57,1,0.01
1105,315,296.0,38.32698412698413,39.266666666666666,296,48,1,0.01
1106,379,372.0,33.67018469656992,34.65171503957784,372,62,1,0.01
1107,215,164.0,36.57674418604651,37.33953488372093,164,36,1,0.01
1108,338,340.0,39.65680473372781,40.662721893491124,340,54,1,0.01
1109,210,211.0,45.352380952380955,46.357142857142854,211,33,1,0.01
1110,326,308.0,47.15337423312884,48.09815950920245,308,52,1,0.01
1111,400,425.0,44.795,45.8575,425,76,1,0.01
1112,160,139.0,30.84375,31.7125,139,30,1,0.01
1113,371,428.0,43.52021563342318,44.67385444743935,428,60,1,0.01
1114,170,165.0,36.93529411764706,37.90588235294118,165,31,1,0.01
1115,191,174.0,29.277486910994764,30.18848167539267,174,28,1,0.01
1116,500,557.0,39.648,40.762,557,85,0,0.01
1117,224,187.0,37.75,38.58482142857143,187,44,1,0.01
1118,145,113.0,35.91034482758621,36.689655172413794,113,26,1,0.01
1119,265,255.0,48.886792452830186,49.84905660377358,255,31,1,0.01
1120,218,203.0,36.57339449541284,37.5045871559633,203,37,1,0.01
1121,397,400.0,43.30982367758186,44.31738035264484,400,67,1,0.01
1122,272,260.0,37.838235294117645,38.794117647058826,260,36,1,0.01
1123,500,496.0,39.484,40.476,496,75,0,0.01
1124,336,359.0,34.336309523809526,35.404761904761905,359,47,1,0.01
1125,145,110.0,37.73103448275862,38.48965517241379,110,23,1,0.01
1126,500,560.0,40.016,41.136,560,85,0,0.01
1127,102,76.0,35.21568627450981,35.96078431372549,76,10,1,0.01
1128,302,301.0,41.04304635761589,42.03973509933775,301,45,1,0.01
1129,500,521.0,37.608,38.65,521,79,0,0.01
1130,292,323.0,45.96232876712329,47.06849315068493,323,44,1,0.01
1131,122,95.0,31.34426229508197,32.122950819672134,95,25,1,0.01
1132,500,570.0,40.542,41.682,570,83,0,0.01
1133,98,75.0,31.357142857142858,32.12244897959184,75,18,1,0.01
1134,240,236.0,47.295833333333334,48.27916666666667,236,34,1,0.01
1135,262,239.0,29.515267175572518,30.427480916030536,239,43,1,0.01
1136,347,359.0,43.00864553314121,44.04322766570605,359,49,1,0.01
1137,134,109.0,31.432835820895523,32.24626865671642,109,28,1,0.01
1138,203,172.0,32.22167487684729,33.06896551724138,172,32,1,0.01
1139,189,181.0,45.05820105820106,46.01587301587302,181,36,1,0.01
1140,286,308.0,54.13636363636363,55.21328671328671,308,42,1,0.01
1141,155,131.0,33.94838709677419,34.79354838709678,131,33,1,0.01
1142,222,213.0,44.84234234234234,45.8018018018018,213,28,1,0.01
1143,161,100.0,34.1055900621118,34.72670807453416,100,27,1,0.01
1144,168,154.0,33.92261904761905,34.839285714285715,154,31,1,0.01
1145,213,176.0,30.76525821596244,31.591549295774648,176,35,1,0.01
1146,217,192.0,37.88940092165899,38.774193548387096,192,27,1,0.01
1147,204,169.0,33.377450980392155,34.205882352941174,169,39,1,0.01
1148,386,432.0,35.23834196891192,36.35751295336787,432,52,1,0.01
1149,419,468.0,49.949880668257755,51.066825775656326,468,69,1,0.01
1150,306,304.0,40.30392156862745,41.29738562091503,304,56,1,0.01
1151,500,544.0,38.27,39.358,544,80,0,0.01
1152,276,269.0,45.20652173913044,46.18115942028985,269,45,1,0.01
1153,263,251.0,36.93155893536122,37.88593155893536,251,45,1,0.01
1154,173,151.0,30.664739884393065,31.53757225433526,151,27,1,0.01
1155,273,278.0,41.7032967032967,42.72161172161172,278,42,1,0.01
1156,150,126.0,36.266666666666666,37.10666666666667,126,29,1,0.01
1157,270,243.0,42.98888888888889,43.888888888888886,243,37,1,0.01
1158,416,443.0,36.69471153846154,37.75961538461539,443,71,1,0.01
1159,220,219.0,39.68636363636364,40.68181818181818,219,42,1,0.01
1160,164,121.0,34.75,35.48780487804878,121,26,1,0.01
1161,353,388.0,28.48725212464589,29.586402266288953,388,54,1,0.01
1162,207,177.0,35.270531400966185,36.1256038647343,177,41,1,0.01
1163,208,216.0,38.51442307692308,39.55288461538461,216,35,1,0.01
1164,268,268.0,48.23134328358209,49.23134328358209,268,54,1,0.01
1165,349,378.0,42.90830945558739,43.99140401146132,378,52,1,0.01
1166,241,217.0,37.643153526970956,38.54356846473029,217,35,1,0.01
1167,223,217.0,41.88789237668161,42.860986547085204,217,36,1,0.01
1168,500,488.0,45.018,45.994,488,83,0,0.01
1169,166,161.0,42.16867469879518,43.13855421686747,161,21,1,0.01
1170,274,263.0,37.1021897810219,38.06204379562044,263,47,1,0.01
1171,416,409.0,40.63701923076923,41.62019230769231,409,73,1,0.01
1172,421,416.0,39.71733966745843,40.705463182897866,416,73,1,0.01
1173,180,143.0,39.65,40.44444444444444,143,30,1,0.01
1174,121,87.0,28.75206611570248,29.47107438016529,87,16,1,0.01
1175,344,344.0,35.645348837209305,36.645348837209305,344,53,1,0.01
1176,500,563.0,42.36,43.486,563,84,0,0.01
1177,489,481.0,36.59304703476483,37.576687116564415,481,72,1,0.01
1178,500,547.0,37.204,38.298,547,76,0,0.01
1179,306,307.0,39.888888888888886,40.8921568627451,307,46,1,0.01
1180,496,515.0,43.693548387096776,44.73185483870968,515,85,1,0.01
1181,260,256.0,44.49230769230769,45.47692307692308,256,41,1,0.01
1182,473,510.0,43.086680761099366,44.164904862579284,510,77,1,0.01
1183,244,207.0,36.17213114754098,37.02049180327869,207,44,1,0.01
1184,417,423.0,39.01199040767386,40.02637889688249,423,67,1,0.01
1185,448,474.0,36.707589285714285,37.765625,474,81,1,0.01
1186,500,526.0,38.714,39.766,526,75,0,0.01
1187,308,335.0,38.76298701298701,39.85064935064935,335,48,1,0.01
1188,105,82.0,31.476190476190474,32.25714285714286,82,13,1,0.01
1189,330,348.0,40.7030303030303,41.75757575757576,348,55,1,0.01
1190,296,272.0,37.69932432432432,38.61824324324324,272,43,1,0.01
1191,127,116.0,35.09448818897638,36.00787401574803,116,23,1,0.01
1192,462,507.0,37.08441558441559,38.18181818181818,507,66,1,0.01
1193,266,261.0,36.34586466165413,37.32706766917293,261,35,1,0.01
1194,145,116.0,34.02758620689655,34.827586206896555,116,19,1,0.01
1195,294,293.0,42.05102040816327,43.04761904761905,293,48,1,0.01
1196,209,168.0,34.100478468899524,34.90430622009569,168,36,1,0.01
1197,361,372.0,38.013850415512465,39.04432132963989,372,61,1,0.01
1198,385,388.0,43.16883116883117,44.176623376623375,388,53,1,0.01
1199,301,297.0,38.60797342192691,39.59468438538206,297,48,1,0.01
1200,232,206.0,39.13793103448276,40.025862068965516,206,42,1,0.01
1201,153,130.0,33.28104575163399,34.130718954248366,130,27,1,0.01
1202,410,446.0,40.90487804878049,41.99268292682927,446,68,1,0.01
1203,272,249.0,35.6360294117647,36.5514705882353,249,45,1,0.01
1204,136,104.0,35.85294117647059,36.61764705882353,104,18,1,0.01
1205,291,290.0,44.9106529209622,45.90721649484536,290,37,1,0.01
1206,500,561.0,47.744,48.866,561,85,0,0.01
1207,317,335.0,46.488958990536275,47.54574132492114,335,49,1,0.01
1208,421,449.0,41.60095011876484,42.66745843230404,449,75,1,0.01
1209,317,329.0,42.42271293375394,43.46056782334385,329,45,1,0.01
1210,355,367.0,47.608450704225355,48.64225352112676,367,54,1,0.01
1211,314,325.0,33.910828025477706,34.945859872611464,325,45,1,0.01
1212,428,437.0,34.05607476635514,35.07710280373832,437,64,1,0.01
1213,213,199.0,35.694835680751176,36.629107981220656,199,44,1,0.01
1214,314,314.0,33.13375796178344,34.13375796178344,314,48,1,0.01
1215,399,431.0,44.31829573934837,45.3984962406015,431,59,1,0.01
1216,441,485.0,41.523809523809526,42.62358276643991,485,67,1,0.01
1217,354,372.0,46.39265536723164,47.443502824858754,372,57,1,0.01
1218,500,551.0,42.094,43.196,551,88,0,0.01
1219,302,292.0,42.688741721854306,43.65562913907285,292,46,1,0.01
1220,344,367.0,44.18313953488372,45.25,367,53,1,0.01
1221,413,440.0,43.23002421307506,44.2953995157385,440,76,1,0.01
1222,247,233.0,32.65182186234818,33.59514170040486,233,39,1,0.01
1223,151,123.0,33.59602649006622,34.41059602649007,123,27,1,0.01
1224,385,392.0,35.348051948051946,36.36623376623377,392,63,1,0.01
1225,212,221.0,41.698113207547166,42.740566037735846,221,30,1,0.01
1226,199,183.0,31.055276381909547,31.974874371859297,183,31,1,0.01
1227,241,206.0,45.50622406639004,46.36099585062241,206,39,1,0.01
1228,295,293.0,45.74915254237288,46.742372881355934,293,45,1,0.01
1229,308,304.0,29.253246753246753,30.24025974025974,304,49,1,0.01
1230,458,469.0,37.609170305676855,38.633187772925766,469,77,1,0.01
1231,239,222.0,33.19246861924686,34.12133891213389,222,41,1,0.01
1232,122,93.0,40.64754098360656,41.40983606557377,93,20,1,0.01
1233,420,411.0,37.352380952380955,38.33095238095238,411,72,1,0.01
1234,182,166.0,38.46153846153846,39.37362637362637,166,36,1,0.01
1235,108,79.0,29.194444444444443,29.925925925925927,79,19,1,0.01
1236,173,147.0,34.74566473988439,35.59537572254335,147,29,1,0.01
1237,500,518.0,43.218,44.254,518,86,0,0.01
1238,176,195.0,42.24431818181818,43.35227272727273,195,27,1,0.01
1239,175,142.0,36.137142857142855,36.94857142857143,142,20,1,0.01
1240,167,157.0,36.7185628742515,37.65868263473054,157,28,1,0.01
1241,500,545.0,42.388,43.478,545,89,0,0.01
1242,499,513.0,48.85370741482966,49.88176352705411,513,94,1,0.01
1243,302,316.0,36.758278145695364,37.8046357615894,316,52,1,0.01
1244,339,353.0,39.905604719764014,40.94690265486726,353,62,1,0.01
1245,106,58.0,39.77358490566038,40.320754716981135,58,17,1,0.01
1246,498,524.0,42.997991967871485,44.05020080321285,524,72,1,0.01
1247,111,84.0,30.666666666666668,31.423423423423422,84,11,1,0.01
1248,500,570.0,36.054,37.194,570,84,0,0.01
1249,305,309.0,35.25901639344262,36.27213114754098,309,44,1,0.01
1250,258,243.0,34.786821705426355,35.72868217054263,243,49,1,0.01
1251,136,105.0,31.75735294117647,32.529411764705884,105,28,1,0.01
1252,251,251.0,45.266932270916335,46.266932270916335,251,38,1,0.01
1253,220,188.0,39.22727272727273,40.08181818181818,188,34,1,0.01
1254,343,367.0,46.24781341107872,47.31778425655977,367,62,1,0.01
1255,500,557.0,43.972,45.086,557,80,0,0.01
1256,254,230.0,33.25984251968504,34.16535433070866,230,34,1,0.01
1257,500,524.0,37.04,38.088,524,90,0,0.01
1258,500,526.0,30.646,31.698,526,84,0,0.01
1259,263,259.0,41.29277566539924,42.27756653992395,259,44,1,0.01
1260,190,158.0,33.87894736842105,34.71052631578947,158,31,1,0.01
1261,477,514.0,42.890985324947586,43.9685534591195,514,81,1,0.01
1262,500,541.0,38.178,39.26,541,81,0,0.01
1263,241,230.0,36.136929460580916,37.09128630705394,230,49,1,0.01
1264,167,136.0,45.4251497005988,46.23952095808383,136,16,1,0.01
1265,449,453.0,40.87750556792873,41.88641425389755,453,82,1,0.01
1266,500,536.0,36.718,37.79,536,82,0,0.01
1267,440,430.0,42.52045454545455,43.497727272727275,430,55,1,0.01
1268,362,363.0,41.70718232044199,42.709944751381215,363,64,1,0.01
1269,107,77.0,35.52336448598131,36.242990654205606,77,19,1,0.01
1270,96,51.0,36.927083333333336,37.458333333333336,51,18,1,0.01
1271,322,331.0,40.33540372670807,41.36335403726708,331,54,1,0.01
1272,368,395.0,46.29076086956522,47.36413043478261,395,62,1,0.01
1273,182,175.0,33.47802197802198,34.43956043956044,175,29,1,0.01
1274,163,162.0,33.239263803680984,34.23312883435583,162,27,1,0.01
1275,283,294.0,37.13780918727915,38.17667844522968,294,48,1,0.01
1276,228,202.0,30.385964912280702,31.271929824561404,202,32,1,0.01
1277,500,589.0,48.786,49.964,589,84,0,0.01
1278,269,255.0,39.36802973977695,40.31598513011152,255,37,1,0.01
1279,245,237.0,44.23673469387755,45.204081632653065,237,42,1,0.01
1280,380,364.0,32.93684210526316,33.89473684210526,364,66,1,0.01
1281,314,300.0,39.81528662420382,40.77070063694268,300,57,1,0.01
1282,344,369.0,33.07848837209303,34.151162790697676,369,51,1,0.01
1283,231,165.0,39.77056277056277,40.484848484848484,165,39,1,0.01
1284,183,150.0,42.10928961748634,42.92896174863388,150,28,1,0.01
1285,500,489.0,36.532,37.51,489,81,0,0.01
1286,146,101.0,23.527397260273972,24.21917808219178,101,17,1,0.01
1287,189,153.0,42.3068783068783,43.116402116402114,153,21,1,0.01
1288,202,191.0,30.782178217821784,31.72772277227723,191,35,1,0.01
1289,484,482.0,45.27272727272727,46.268595041322314,482,84,1,0.01
1290,307,346.0,41.26058631921824,42.387622149837135,346,44,1,0.01
1291,500,528.0,39.076,40.132,528,79,0,0.01
1292,189,174.0,35.333333333333336,36.25396825396825,174,25,1,0.01
1293,279,299.0,37.87455197132616,38.946236559139784,299,43,1,0.01
1294,500,515.0,32.886,33.916,515,85,0,0.01
1295,351,367.0,39.592592592592595,40.63817663817664,367,56,1,0.01
1296,500,570.0,41.184,42.324,570,77,0,0.01
1297,278,275.0,35.30935251798561,36.298561151079134,275,46,1,0.01
1298,305,313.0,34.25573770491803,35.281967213114754,313,48,1,0.01
1299,222,206.0,33.207207207207205,34.13513513513514,206,38,1,0.01
1300,309,303.0,36.61165048543689,37.592233009708735,303,48,1,0.01
1301,500,553.0,34.976,36.082,553,93,0,0.01
1302,215,216.0,38.711627906976744,39.716279069767445,216,34,1,0.01
1303,430,444.0,48.66046511627907,49.693023255813955,444,65,1,0.01
1304,500,523.0,38.208,39.254,523,82,0,0.01
1305,130,102.0,36.753846153846155,37.53846153846154,102,25,1,0.01
1306,414,464.0,43.28019323671498,44.40096618357488,464,65,1,0.01
1307,500,544.0,39.914,41.002,544,79,0,0.01
1308,209,187.0,33.41626794258373,34.311004784689,187,38,1,0.01
1309,198,171.0,37.80808080808081,38.67171717171717,171,29,1,0.01
1310,365,384.0,50.3013698630137,51.35342465753425,384,61,1,0.01
1311,500,543.0,37.142,38.228,543,79,0,0.01
1312,237,241.0,36.177215189873415,37.19409282700422,241,49,1,0.01
1313,272,252.0,35.32720588235294,36.25367647058823,252,48,1,0.01
1314,212,186.0,45.264150943396224,46.14150943396226,186,36,1,0.01
1315,500,537.0,34.972,36.046,537,86,0,0.01
1316,500,563.0,38.73,39.856,563,90,0,0.01
1317,388,436.0,41.868556701030926,42.99226804123711,436,56,1,0.01
1318,199,154.0,38.8391959798995,39.61306532663317,154,32,1,0.01
1319,308,318.0,39.72077922077922,40.753246753246756,318,50,1,0.01
1320,383,381.0,41.31331592689295,42.30809399477807,381,59,1,0.01
1321,296,291.0,37.45608108108108,38.439189189189186,291,55,1,0.01
1322,264,274.0,54.003787878787875,55.041666666666664,274,41,1,0.01
1323,257,255.0,39.6420233463035,40.63424124513619,255,46,1,0.01
1324,175,150.0,35.4,36.25714285714286,150,36,1,0.01
1325,313,307.0,40.33865814696485,41.319488817891376,307,55,1,0.01
1326,465,493.0,45.23870967741936,46.298924731182794,493,79,1,0.01
1327,500,562.0,42.498,43.622,562,75,0,0.01
1328,154,117.0,35.357142857142854,36.116883116883116,117,32,1,0.01
1329,129,79.0,32.87596899224806,33.48837209302326,79,15,1,0.01
1330,124,83.0,35.95967741935484,36.62903225806452,83,18,1,0.01
1331,500,561.0,35.724,36.846,561,87,0,0.01
1332,468,508.0,46.177350427350426,47.26282051282051,508,66,1,0.01
1333,298,307.0,32.56711409395973,33.59731543624161,307,42,1,0.01
1334,140,124.0,31.764285714285716,32.65,124,28,1,0.01
1335,453,472.0,42.079470198675494,43.12141280353201,472,64,1,0.01
1336,311,303.0,39.57234726688103,40.546623794212216,303,54,1,0.01
1337,220,202.0,38.88181818181818,39.8,202,34,1,0.01
1338,88,65.0,32.32954545454545,33.06818181818182,65,16,1,0.01
1339,500,534.0,35.17,36.238,534,83,0,0.01
1340,197,136.0,37.380710659898476,38.07106598984772,136,23,1,0.01
1341,401,439.0,42.00748129675811,43.10224438902743,439,62,1,0.01
1342,500,524.0,45.772,46.82,524,78,0,0.01
1343,469,499.0,39.97867803837953,41.04264392324094,499,80,1,0.01
1344,236,224.0,37.79237288135593,38.74152542372882,224,40,1,0.01
1345,261,254.0,38.9080459770115,39.88122605363985,254,42,1,0.01
1346,196,143.0,38.62244897959184,39.35204081632653,143,31,1,0.01
1347,500,535.0,39.16,40.23,535,81,0,0.01
1348,500,508.0,35.034,36.05,508,81,0,0.01
1349,121,81.0,33.760330578512395,34.429752066115704,81,26,1,0.01
1350,500,523.0,34.01,35.056,523,91,0,0.01
1351,442,442.0,33.78733031674208,34.78733031674208,442,71,1,0.01
1352,361,371.0,38.825484764542935,39.853185595567865,371,55,1,0.01
1353,296,230.0,37.5777027027027,38.354729729729726,230,49,1,0.01
1354,424,427.0,37.50471698113208,38.511792452830186,427,60,1,0.01
1355,486,522.0,45.318930041152264,46.39300411522634,522,68,1,0.01
1356,314,308.0,43.56369426751592,44.544585987261144,308,59,1,0.01
1357,331,331.0,35.77643504531722,36.77643504531722,331,52,1,0.01
1358,386,363.0,46.73575129533679,47.67616580310881,363,65,1,0.01
1359,500,549.0,36.648,37.746,549,85,0,0.01
1360,147,105.0,30.578231292517007,31.292517006802722,105,26,1,0.01
1361,211,193.0,29.113744075829384,30.028436018957347,193,33,1,0.01
1362,179,147.0,40.64804469273743,41.46927374301676,147,24,1,0.01
1363,421,479.0,45.042755344418055,46.180522565320665,479,70,1,0.01
1364,315,317.0,33.46349206349206,34.46984126984127,317,60,1,0.01
1365,450,487.0,42.92444444444445,44.00666666666667,487,63,1,0.01
1366,460,521.0,46.37173913043478,47.504347826086956,521,72,1,0.01
1367,421,453.0,43.69833729216152,44.77434679334917,453,62,1,0.01
1368,360,382.0,42.736111111111114,43.797222222222224,382,62,1,0.01
1369,212,178.0,43.74528301886792,44.58490566037736,178,30,1,0.01
1370,356,367.0,43.21910112359551,44.25,367,44,1,0.01
1371,166,140.0,36.24096385542169,37.08433734939759,140,19,1,0.01
1372,274,272.0,35.18248175182482,36.175182481751825,272,46,1,0.01
1373,171,128.0,37.69590643274854,38.44444444444444,128,27,1,0.01
1374,194,185.0,33.04639175257732,34.0,185,32,1,0.01
1375,182,143.0,32.89010989010989,33.675824175824175,143,35,1,0.01
1376,216,223.0,40.7962962962963,41.8287037037037,223,33,1,0.01
1377,358,376.0,42.444134078212294,43.49441340782123,376,63,1,0.01
1378,432,432.0,33.29398148148148,34.29398148148148,432,73,1,0.01
1379,331,325.0,37.56797583081571,38.54984894259819,325,46,1,0.01
1380,212,194.0,41.99528301886792,42.910377358490564,194,34,1,0.01
1381,307,327.0,46.02931596091205,47.09446254071661,327,49,1,0.01
1382,500,555.0,41.606,42.716,555,68,0,0.01
1383,134,116.0,36.96268656716418,37.82835820895522,116,19,1,0.01
1384,500,514.0,34.43,35.458,514,87,0,0.01
1385,272,262.0,34.404411764705884,35.36764705882353,262,47,1,0.01
1386,265,281.0,38.43396226415094,39.49433962264151,281,47,1,0.01
1387,174,149.0,31.45402298850575,32.310344827586206,149,31,1,0.01
1388,472,507.0,46.11864406779661,47.192796610169495,507,70,1,0.01
1389,298,326.0,46.942953020134226,48.03691275167785,326,47,1,0.01
1390,421,452.0,38.98574821852731,40.05938242280285,452,68,1,0.01
1391,500,545.0,39.524,40.614,545,84,0,0.01
1392,404,418.0,39.01980198019802,40.054455445544555,418,55,1,0.01
1393,128,94.0,32.4296875,33.1640625,94,18,1,0.01
1394,379,434.0,42.733509234828496,43.87862796833773,434,61,1,0.01
1395,264,301.0,39.38636363636363,40.52651515151515,301,44,1,0.01
1396,272,245.0,38.38235294117647,39.283088235294116,245,46,1,0.01
1397,96,62.0,38.125,38.770833333333336,62,13,1,0.01
1398,254,234.0,39.460629921259844,40.381889763779526,234,48,1,0.01
1399,500,587.0,47.582,48.756,587,90,0,0.01
1400,306,256.0,32.6078431372549,33.44444444444444,256,42,1,0.01
1401,462,509.0,41.794372294372295,42.896103896103895,509,70,1,0.01
1402,148,137.0,38.945945945945944,39.87162162162162,137,23,1,0.01
1403,418,455.0,38.282296650717704,39.37081339712919,455,62,1,0.01
1404,124,94.0,45.20161290322581,45.95967741935484,94,23,1,0.01
1405,237,233.0,52.77215189873418,53.755274261603375,233,33,1,0.01
1406,182,159.0,38.94505494505494,39.81868131868132,159,29,1,0.01
1407,470,524.0,40.51489361702128,41.62978723404255,524,67,1,0.01
1408,486,507.0,38.40534979423868,39.44855967078189,507,79,1,0.01
1409,500,548.0,46.308,47.404,548,87,0,0.01
1410,175,153.0,40.537142857142854,41.41142857142857,153,36,1,0.01
1411,399,439.0,36.67919799498747,37.77944862155388,439,61,1,0.01
1412,158,148.0,33.835443037974684,34.77215189873418,148,26,1,0.01
1413,500,589.0,47.378,48.556,589,90,0,0.01
1414,500,556.0,41.05,42.162,556,85,0,0.01
1415,448,470.0,36.640625,37.689732142857146,470,84,1,0.01
1416,254,234.0,43.19291338582677,44.11417322834646,234,45,1,0.01
1417,500,558.0,45.348,46.464,558,75,0,0.01
1418,227,216.0,39.83259911894273,40.784140969163,216,30,1,0.01
1419,207,200.0,40.14975845410628,41.11594202898551,200,35,1,0.01
1420,353,329.0,39.8385269121813,40.77053824362606,329,58,1,0.01
1421,132,123.0,36.333333333333336,37.265151515151516,123,22,1,0.01
1422,240,208.0,40.05833333333333,40.925,208,31,1,0.01
1423,239,212.0,35.65690376569037,36.54393305439331,212,38,1,0.01
1424,183,181.0,36.442622950819676,37.431693989071036,181,27,1,0.01
1425,455,515.0,43.58021978021978,44.71208791208791,515,73,1,0.01
1426,133,105.0,32.38345864661654,33.17293233082707,105,25,1,0.01
1427,298,297.0,37.88255033557047,38.87919463087248,297,49,1,0.01
1428,500,550.0,46.226,47.326,550,82,0,0.01
1429,177,166.0,32.61581920903955,33.55367231638418,166,35,1,0.01
1430,111,80.0,27.972972972972972,28.693693693693692,80,19,1,0.01
1431,192,178.0,38.234375,39.161458333333336,178,29,1,0.01
1432,237,238.0,38.552742616033754,39.55696202531646,238,45,1,0.01
1433,500,529.0,32.2,33.258,529,72,0,0.01
1434,500,544.0,39.402,40.49,544,77,0,0.01
1435,254,238.0,44.023622047244096,44.960629921259844,238,37,1,0.01
1436,210,209.0,33.214285714285715,34.20952380952381,209,37,1,0.01
1437,225,221.0,38.888888888888886,39.87111111111111,221,35,1,0.01
1438,500,548.0,40.794,41.89,548,82,0,0.01
1439,142,135.0,38.08450704225352,39.03521126760563,135,28,1,0.01
1440,195,192.0,39.82051282051282,40.805128205128206,192,35,1,0.01
1441,500,531.0,45.844,46.906,531,80,0,0.01
1442,115,73.0,35.391304347826086,36.02608695652174,73,30,1,0.01
1443,326,339.0,41.92944785276074,42.969325153374236,339,49,1,0.01
1444,402,414.0,50.2363184079602,51.266169154228855,414,76,1,0.01
1445,290,290.0,39.251724137931035,40.251724137931035,290,51,1,0.01
1446,475,537.0,45.433684210526316,46.56421052631579,537,71,1,0.01
1447,215,213.0,44.674418604651166,45.665116279069764,213,35,1,0.01
1448,284,265.0,28.661971830985916,29.595070422535212,265,50,1,0.01
1449,158,128.0,39.18354430379747,39.99367088607595,128,32,1,0.01
1450,234,224.0,39.743589743589745,40.7008547008547,224,46,1,0.01
1451,383,398.0,42.63446475195823,43.67362924281984,398,63,1,0.01
1452,355,354.0,32.10140845070423,33.098591549295776,354,58,1,0.01
1453,280,265.0,37.99285714285714,38.93928571428572,265,44,1,0.01
1454,500,564.0,42.114,43.242,564,87,0,0.01
1455,153,133.0,39.947712418300654,40.81699346405229,133,26,1,0.01
1456,175,146.0,37.177142857142854,38.011428571428574,146,24,1,0.01
1457,372,448.0,57.956989247311824,59.16129032258065,448,62,1,0.01
1458,192,173.0,32.927083333333336,33.828125,173,29,1,0.01
1459,433,450.0,42.83140877598152,43.87066974595843,450,65,1,0.01
1460,500,560.0,41.328,42.448,560,87,0,0.01
1461,272,271.0,40.51470588235294,41.5110294117647,271,45,1,0.01
1462,261,255.0,35.13409961685824,36.111111111111114,255,46,1,0.01
1463,363,420.0,43.80165289256198,44.95867768595041,420,62,1,0.01
1464,112,85.0,33.74107142857143,34.5,85,26,1,0.01
1465,206,195.0,34.859223300970875,35.80582524271845,195,35,1,0.01
1466,298,295.0,40.03691275167785,41.02684563758389,295,56,1,0.01
1467,500,572.0,37.374,38.518,572,77,0,0.01
1468,500,538.0,40.786,41.862,538,71,0,0.01
1469,208,201.0,42.3125,43.27884615384615,201,38,1,0.01
1470,192,173.0,31.588541666666668,32.489583333333336,173,36,1,0.01
1471,176,165.0,39.83522727272727,40.77272727272727,165,29,1,0.01
1472,500,575.0,38.338,39.488,575,80,0,0.01
1473,276,253.0,38.89492753623188,39.81159420289855,253,42,1,0.01
1474,291,322.0,47.48109965635739,48.58762886597938,322,46,1,0.01
1475,177,157.0,37.80225988700565,38.68926553672316,157,34,1,0.01
1476,153,153.0,42.16339869281046,43.16339869281046,153,21,1,0.01
1477,227,207.0,41.82378854625551,42.73568281938326,207,48,1,0.01
1478,140,125.0,29.65714285714286,30.55,125,26,1,0.01
1479,385,394.0,38.703896103896106,39.72727272727273,394,64,1,0.01
1480,247,246.0,38.46153846153846,39.45748987854251,246,38,1,0.01
1481,330,315.0,39.61212121212121,40.56666666666667,315,52,1,0.01
1482,141,121.0,31.893617021276597,32.751773049645394,121,26,1,0.01
1483,440,440.0,38.35227272727273,39.35227272727273,440,70,1,0.01
1484,293,275.0,41.34470989761092,42.28327645051195,275,60,1,0.01
1485,266,261.0,44.221804511278194,45.203007518796994,261,34,1,0.01
1486,118,95.0,26.127118644067796,26.93220338983051,95,15,1,0.01
1487,324,331.0,43.71296296296296,44.73456790123457,331,62,1,0.01
1488,401,400.0,41.70074812967581,42.69825436408978,400,71,1,0.01
1489,148,128.0,33.054054054054056,33.91891891891892,128,27,1,0.01
1490,246,255.0,41.36585365853659,42.40243902439025,255,44,1,0.01
1491,114,98.0,34.26315789473684,35.12280701754386,98,21,1,0.01
1492,439,453.0,43.41457858769932,44.44646924829157,453,81,1,0.01
1493,258,256.0,32.60077519379845,33.593023255813954,256,37,1,0.01
1494,309,265.0,34.8252427184466,35.68284789644013,265,64,1,0.01
1495,437,501.0,39.995423340961096,41.14187643020595,501,75,1,0.01
1496,200,189.0,33.66,34.605,189,30,1,0.01
1497,500,538.0,33.326,34.402,538,79,0,0.01
1498,379,414.0,43.03957783641161,44.13192612137203,414,64,1,0.01
1499,394,439.0,46.81725888324873,47.931472081218274,439,74,1,0.01
1500,173,125.0,31.38150289017341,32.104046242774565,125,27,1,0.01
1501,500,535.0,41.088,42.158,535,88,0,0.01
1502,223,223.0,28.7847533632287,29.7847533632287,223,40,1,0.01
1503,350,339.0,32.145714285714284,33.114285714285714,339,56,1,0.01
1504,208,209.0,41.14903846153846,42.15384615384615,209,32,1,0.01
1505,93,74.0,36.516129032258064,37.31182795698925,74,18,1,0.01
1506,202,209.0,39.54455445544554,40.57920792079208,209,31,1,0.01
1507,314,295.0,44.47133757961783,45.410828025477706,295,53,1,0.01
1508,351,395.0,42.6980056980057,43.82336182336182,395,52,1,0.01
1509,500,534.0,40.992,42.06,534,71,0,0.01
1510,184,149.0,31.831521739130434,32.641304347826086,149,34,1,0.01
1511,500,576.0,37.488,38.64,576,78,0,0.01
1512,120,88.0,31.675,32.40833333333333,88,24,1,0.01
1513,171,119.0,30.789473684210527,31.485380116959064,119,29,1,0.01
1514,257,259.0,33.92217898832685,34.929961089494164,259,46,1,0.01
1515,483,520.0,40.98136645962733,42.05797101449275,520,75,1,0.01
1516,470,506.0,36.276595744680854,37.353191489361706,506,74,1,0.01
1517,309,332.0,50.55987055016181,51.63430420711974,332,53,1,0.01
1518,307,357.0,42.60912052117264,43.77198697068404,357,54,1,0.01
1519,386,382.0,34.354922279792746,35.34455958549223,382,66,1,0.01
1520,500,528.0,45.07,46.126,528,79,0,0.01
1521,264,245.0,41.68939393939394,42.61742424242424,245,38,1,0.01
1522,343,364.0,46.97959183673469,48.04081632653061,364,49,1,0.01
1523,256,237.0,34.34765625,35.2734375,237,44,1,0.01
1524,271,286.0,40.276752767527675,41.33210332103321,286,44,1,0.01
1525,270,270.0,40.696296296296296,41.696296296296296,270,42,1,0.01
1526,243,214.0,45.94238683127572,46.82304526748971,214,42,1,0.01
1527,184,163.0,27.57608695652174,28.46195652173913,163,25,1,0.01
1528,424,459.0,43.29245283018868,44.375,459,65,1,0.01
1529,325,346.0,34.747692307692304,35.81230769230769,346,56,1,0.01
1530,246,240.0,33.7520325203252,34.72764227642276,240,38,1,0.01
1531,174,171.0,41.96551724137931,42.94827586206897,171,23,1,0.01
1532,130,98.0,30.50769230769231,31.26153846153846,98,25,1,0.01
1533,191,148.0,32.78534031413613,33.56020942408377,148,40,1,0.01
1534,455,480.0,38.989010989010985,40.043956043956044,480,81,1,0.01
1535,340,341.0,41.620588235294115,42.62352941176471,341,53,1,0.01
1536,441,453.0,36.66893424036281,37.69614512471655,453,72,1,0.01
1537,273,285.0,37.84249084249084,38.88644688644688,285,48,1,0.01
1538,101,70.0,35.16831683168317,35.86138613861386,70,12,1,0.01
1539,261,255.0,33.02681992337165,34.00383141762452,255,40,1,0.01
1540,142,100.0,35.78169014084507,36.485915492957744,100,18,1,0.01
1541,396,412.0,44.10606060606061,45.14646464646464,412,69,1,0.01
1542,398,409.0,34.585427135678394,35.61306532663317,409,73,1,0.01
1543,123,65.0,42.447154471544714,42.97560975609756,65,15,1,0.01
1544,228,244.0,39.35087719298246,40.421052631578945,244,27,1,0.01
1545,132,124.0,36.36363636363637,37.303030303030305,124,21,1,0.01
1546,500,567.0,39.31,40.444,567,78,0,0.01
1547,127,85.0,41.881889763779526,42.55118110236221,85,23,1,0.01
1548,500,553.0,44.126,45.232,553,80,0,0.01
1549,147,113.0,33.91836734693877,34.68707482993197,113,25,1,0.01
1550,299,290.0,29.94314381270903,30.91304347826087,290,46,1,0.01
1551,212,187.0,36.216981132075475,37.09905660377358,187,33,1,0.01
1552,300,267.0,33.99333333333333,34.88333333333333,267,54,1,0.01
1553,391,449.0,44.40153452685422,45.549872122762146,449,60,1,0.01
1554,500,558.0,36.132,37.248,558,81,0,0.01
1555,500,555.0,36.084,37.194,555,81,0,0.01
1556,500,503.0,36.692,37.698,503,82,0,0.01
1557,257,245.0,35.78599221789883,36.73929961089494,245,41,1,0.01
1558,222,170.0,44.166666666666664,44.932432432432435,170,33,1,0.01
1559,238,237.0,41.32773109243698,42.3235294117647,237,48,1,0.01
1560,213,183.0,34.47417840375587,35.333333333333336,183,36,1,0.01
1561,500,519.0,36.036,37.074,519,87,0,0.01
1562,495,527.0,44.965656565656566,46.03030303030303,527,85,1,0.01
1563,178,164.0,36.42134831460674,37.342696629213485,164,36,1,0.01
1564,217,184.0,33.08755760368663,33.935483870967744,184,26,1,0.01
1565,115,90.0,36.71304347826087,37.495652173913044,90,23,1,0.01
1566,220,199.0,32.695454545454545,33.6,199,32,1,0.01
1567,479,541.0,38.40918580375783,39.53862212943633,541,76,1,0.01
1568,305,309.0,36.993442622950816,38.006557377049184,309,52,1,0.01
1569,500,552.0,43.466,44.57,552,75,0,0.01
1570,225,216.0,38.77333333333333,39.733333333333334,216,27,1,0.01
1571,197,179.0,41.08629441624365,41.994923857868024,179,24,1,0.01
1572,188,154.0,34.1063829787234,34.92553191489362,154,26,1,0.01
1573,201,212.0,37.46268656716418,38.517412935323385,212,34,1,0.01
1574,393,349.0,37.48854961832061,38.3765903307888,349,57,1,0.01
1575,435,454.0,42.9632183908046,44.00689655172414,454,68,1,0.01
1576,161,115.0,31.900621118012424,32.61490683229814,115,26,1,0.01
1577,141,130.0,36.46808510638298,37.39007092198582,130,27,1,0.01
1578,107,69.0,33.018691588785046,33.66355140186916,69,21,1,0.01
1579,263,253.0,39.57034220532319,40.53231939163498,253,51,1,0.01
1580,150,140.0,37.8,38.733333333333334,140,31,1,0.01
1581,500,563.0,36.276,37.402,563,88,0,0.01
1582,500,541.0,34.79,35.872,541,90,0,0.01
1583,171,136.0,33.63157894736842,34.42690058479532,136,29,1,0.01
1584,183,161.0,42.75409836065574,43.63387978142077,161,29,1,0.01
1585,369,359.0,38.794037940379404,39.766937669376695,359,56,1,0.01
1586,202,171.0,32.663366336633665,33.50990099009901,171,36,1,0.01
1587,500,505.0,38.54,39.55,505,75,0,0.01
1588,241,235.0,33.77178423236514,34.74688796680498,235,39,1,0.01
1589,500,548.0,36.118,37.214,548,86,0,0.01
1590,500,575.0,43.698,44.848,575,87,0,0.01
1591,484,482.0,38.14876033057851,39.14462809917355,482,79,1,0.01
1592,500,537.0,33.038,34.112,537,85,0,0.01
1593,339,359.0,43.31268436578171,44.3716814159292,359,58,1,0.01
1594,131,100.0,35.30534351145038,36.06870229007634,100,15,1,0.01
1595,108,75.0,29.25925925925926,29.953703703703702,75,19,1,0.01
1596,240,210.0,37.74166666666667,38.61666666666667,210,37,1,0.01
1597,164,147.0,43.1219512195122,44.01829268292683,147,33,1,0.01
1598,167,137.0,38.37125748502994,39.191616766467064,137,26,1,0.01
1599,500,578.0,44.396,45.552,578,85,0,0.01
1600,306,307.0,45.173202614379086,46.1764705882353,307,61,1,0.01
1601,156,140.0,32.68589743589744,33.583333333333336,140,27,1,0.01
1602,213,198.0,42.093896713615024,43.02347417840375,198,34,1,0.01
1603,153,141.0,37.59477124183007,38.51633986928105,141,32,1,0.01
1604,500,567.0,40.83,41.964,567,81,0,0.01
1605,500,524.0,36.32,37.368,524,81,0,0.01
1606,500,531.0,33.892,34.954,531,84,0,0.01
1607,171,183.0,48.666666666666664,49.73684210526316,183,36,1,0.01
1608,263,252.0,41.50950570342205,42.46768060836502,252,42,1,0.01
1609,500,533.0,34.41,35.476,533,83,0,0.01
1610,418,433.0,38.18421052631579,39.2200956937799,433,66,1,0.01
1611,463,502.0,44.095032397408204,45.1792656587473,502,80,1,0.01
1612,260,252.0,46.07692307692308,47.04615384615385,252,42,1,0.01
1613,437,440.0,39.01144164759725,40.01830663615561,440,77,1,0.01
1614,372,381.0,41.284946236559136,42.30913978494624,381,71,1,0.01
1615,500,581.0,41.054,42.216,581,85,0,0.01
1616,144,110.0,27.444444444444443,28.208333333333332,110,18,1,0.01
1617,500,570.0,42.154,43.294,570,87,0,0.01
1618,261,238.0,51.8544061302682,52.76628352490422,238,47,1,0.01
1619,500,551.0,41.218,42.32,551,95,0,0.01
1620,500,540.0,38.162,39.242,540,87,0,0.01
1621,500,565.0,43.744,44.874,565,76,0,0.01
1622,273,276.0,46.714285714285715,47.72527472527472,276,51,1,0.01
1623,500,543.0,38.922,40.008,543,95,0,0.01
1624,315,347.0,41.29206349206349,42.39365079365079,347,47,1,0.01
1625,310,293.0,40.08387096774194,41.02903225806452,293,57,1,0.01
1626,500,516.0,37.502,38.534,516,92,0,0.01
1627,327,369.0,33.654434250764524,34.782874617737,369,51,1,0.01
1628,500,517.0,38.002,39.036,517,81,0,0.01
1629,257,241.0,37.400778210116734,38.33852140077821,241,41,1,0.01
1630,500,534.0,33.402,34.47,534,74,0,0.01
1631,500,550.0,38.262,39.362,550,79,0,0.01
1632,172,145.0,34.83139534883721,35.674418604651166,145,22,1,0.01
1633,500,546.0,33.852,34.944,546,89,0,0.01
1634,214,197.0,34.88785046728972,35.808411214953274,197,33,1,0.01
1635,266,241.0,39.721804511278194,40.62781954887218,241,47,1,0.01
1636,343,334.0,43.04373177842566,44.01749271137026,334,57,1,0.01
1637,142,98.0,38.563380281690144,39.25352112676056,98,27,1,0.01
1638,500,561.0,33.464,34.586,561,77,0,0.01
1639,500,520.0,38.852,39.892,520,97,0,0.01
1640,272,278.0,46.018382352941174,47.04044117647059,278,48,1,0.01
1641,500,559.0,48.322,49.44,559,87,0,0.01
1642,178,173.0,35.825842696629216,36.79775280898876,173,33,1,0.01
1643,283,260.0,38.09540636042403,39.014134275618375,260,43,1,0.01
1644,450,431.0,45.675555555555555,46.63333333333333,431,63,1,0.01
1645,349,380.0,39.865329512893986,40.95415472779369,380,52,1,0.01
1646,355,342.0,36.47042253521127,37.433802816901405,342,56,1,0.01
1647,214,169.0,39.046728971962615,39.83644859813084,169,33,1,0.01
1648,234,232.0,42.97435897435897,43.965811965811966,232,42,1,0.01
1649,298,278.0,37.1744966442953,38.10738255033557,278,53,1,0.01
1650,279,278.0,38.82078853046595,39.81720430107527,278,49,1,0.01
1651,128,98.0,32.3828125,33.1484375,98,14,1,0.01
1652,331,326.0,36.11480362537765,37.09969788519638,326,51,1,0.01
1653,500,559.0,43.478,44.596,559,73,0,0.01
1654,166,134.0,36.3855421686747,37.19277108433735,134,27,1,0.01
1655,500,572.0,37.96,39.104,572,82,0,0.01
1656,229,211.0,37.11790393013101,38.03930131004367,211,34,1,0.01
1657,236,226.0,37.190677966101696,38.148305084745765,226,43,1,0.01
1658,465,490.0,36.28602150537635,37.339784946236556,490,73,1,0.01
1659,500,521.0,35.078,36.12,521,89,0,0.01
1660,500,542.0,43.114,44.198,542,91,0,0.01
1661,350,363.0,36.04571428571428,37.082857142857144,363,59,1,0.01
1662,351,358.0,43.267806267806264,44.287749287749286,358,50,1,0.01
1663,255,232.0,33.549019607843135,34.45882352941177,232,35,1,0.01
1664,178,142.0,35.39887640449438,36.19662921348315,142,22,1,0.01
1665,391,442.0,40.25575447570333,41.38618925831202,442,69,1,0.01
1666,405,432.0,39.94567901234568,41.01234567901235,432,64,1,0.01
1667,500,542.0,42.868,43.952,542,84,0,0.01
1668,400,399.0,35.185,36.1825,399,63,1,0.01
1669,437,421.0,33.5720823798627,34.535469107551485,421,66,1,0.01
1670,500,542.0,36.678,37.762,542,87,0,0.01
1671,268,255.0,39.07462686567164,40.026119402985074,255,37,1,0.01
1672,475,510.0,42.76210526315789,43.83578947368421,510,64,1,0.01
1673,500,531.0,34.45,35.512,531,82,0,0.01
1674,183,187.0,29.950819672131146,30.972677595628415,187,32,1,0.01
1675,388,403.0,51.92783505154639,52.96649484536083,403,61,1,0.01
1676,468,485.0,38.901709401709404,39.93803418803419,485,77,1,0.01
1677,484,496.0,36.84090909090909,37.86570247933884,496,78,1,0.01
1678,229,212.0,36.786026200873366,37.7117903930131,212,42,1,0.01
1679,500,551.0,39.728,40.83,551,73,0,0.01
1680,448,457.0,36.051339285714285,37.07142857142857,457,62,1,0.01
1681,364,357.0,42.55769230769231,43.53846153846154,357,50,1,0.01
1682,500,527.0,38.602,39.656,527,84,0,0.01
1683,308,296.0,39.44155844155844,40.4025974025974,296,64,1,0.01
1684,500,567.0,39.368,40.502,567,74,0,0.01
1685,369,418.0,53.360433604336045,54.49322493224932,418,60,1,0.01
1686,500,571.0,43.016,44.158,571,86,0,0.01
1687,321,321.0,42.73208722741433,43.73208722741433,321,57,1,0.01
1688,500,535.0,38.26,39.33,535,77,0,0.01
1689,282,275.0,34.861702127659576,35.836879432624116,275,44,1,0.01
1690,500,554.0,46.322,47.43,554,83,0,0.01
1691,500,552.0,36.84,37.944,552,84,0,0.01
1692,500,551.0,43.092,44.194,551,91,0,0.01
1693,316,343.0,35.287974683544306,36.37341772151899,343,55,1,0.01
1694,500,549.0,34.626,35.724,549,82,0,0.01
1695,500,584.0,35.83,36.998,584,86,0,0.01
1696,500,601.0,44.18,45.382,601,85,0,0.01
1697,500,556.0,49.658,50.77,556,89,0,0.01
1698,273,241.0,28.036630036630036,28.91941391941392,241,53,1,0.01
1699,500,527.0,33.76,34.814,527,86,0,0.01
1700,341,348.0,38.53958944281525,39.56011730205279,348,49,1,0.01
1701,305,302.0,42.05573770491803,43.045901639344265,302,60,1,0.01
1702,284,303.0,44.936619718309856,46.00352112676056,303,45,1,0.01
1703,414,388.0,40.07487922705314,41.01207729468599,388,62,1,0.01
1704,231,208.0,40.532467532467535,41.43290043290043,208,39,1,0.01
1705,189,187.0,39.36507936507937,40.354497354497354,187,28,1,0.01
1706,381,386.0,43.04724409448819,44.06036745406824,386,63,1,0.01
1707,253,220.0,35.573122529644266,36.44268774703557,220,40,1,0.01
1708,500,551.0,38.386,39.488,551,72,0,0.01
1709,500,570.0,33.008,34.148,570,82,0,0.01
1710,441,484.0,36.09750566893424,37.19501133786848,484,64,1,0.01
1711,305,311.0,35.131147540983605,36.15081967213115,311,50,1,0.01
1712,382,411.0,44.07853403141361,45.154450261780106,411,60,1,0.01
1713,335,368.0,41.64776119402985,42.74626865671642,368,49,1,0.01
1714,500,546.0,44.944,46.036,546,80,0,0.01
1715,500,499.0,39.876,40.874,499,85,0,0.01
1716,245,191.0,37.06530612244898,37.844897959183676,191,37,1,0.01
1717,252,248.0,47.05555555555556,48.03968253968254,248,45,1,0.01
1718,184,165.0,31.652173913043477,32.54891304347826,165,33,1,0.01
1719,246,226.0,33.166666666666664,34.08536585365854,226,35,1,0.01
1720,202,196.0,43.63861386138614,44.60891089108911,196,35,1,0.01
1721,446,458.0,45.03363228699551,46.06053811659193,458,60,1,0.01
1722,180,154.0,41.93888888888889,42.794444444444444,154,19,1,0.01
1723,253,204.0,34.93280632411067,35.73913043478261,204,49,1,0.01
1724,225,223.0,47.422222222222224,48.413333333333334,223,37,1,0.01
1725,316,354.0,40.822784810126585,41.94303797468354,354,49,1,0.01
1726,205,236.0,39.136585365853655,40.28780487804878,236,30,1,0.01
1727,355,365.0,31.785915492957745,32.81408450704225,365,61,1,0.01
1728,302,322.0,41.579470198675494,42.645695364238414,322,48,1,0.01
1729,287,290.0,36.98606271777003,37.99651567944251,290,49,1,0.01
1730,398,417.0,41.78391959798995,42.83165829145729,417,67,1,0.01
1731,277,265.0,41.24548736462094,42.20216606498195,265,39,1,0.01
1732,500,557.0,42.002,43.116,557,81,0,0.01
1733,165,165.0,39.89090909090909,40.89090909090909,165,23,1,0.01
1734,481,529.0,37.67775467775468,38.777546777546775,529,76,1,0.01
1735,500,557.0,41.75,42.864,557,89,0,0.01
1736,391,440.0,37.81841432225064,38.94373401534527,440,64,1,0.01
1737,500,569.0,39.656,40.794,569,89,0,0.01
1738,294,328.0,39.363945578231295,40.47959183673469,328,48,1,0.01
1739,500,545.0,41.462,42.552,545,84,0,0.01
1740,345,371.0,38.666666666666664,39.74202898550725,371,59,1,0.01
1741,322,339.0,33.86024844720497,34.91304347826087,339,51,1,0.01
1742,500,574.0,39.782,40.93,574,72,0,0.01
1743,439,437.0,32.02050113895216,33.01594533029613,437,77,1,0.01
1744,500,537.0,35.16,36.234,537,85,0,0.01
1745,500,528.0,32.508,33.564,528,92,0,0.01
1746,215,201.0,35.46046511627907,36.395348837209305,201,29,1,0.01
1747,307,306.0,43.13680781758958,44.13355048859935,306,42,1,0.01
1748,500,533.0,38.292,39.358,533,77,0,0.01
1749,319,337.0,39.79937304075235,40.85579937304075,337,48,1,0.01
1750,400,408.0,46.5325,47.5525,408,66,1,0.01
1751,169,168.0,35.781065088757394,36.77514792899408,168,27,1,0.01
1752,315,294.0,37.092063492063495,38.025396825396825,294,52,1,0.01
1753,416,389.0,36.91586538461539,37.85096153846154,389,73,1,0.01
1754,500,542.0,39.958,41.042,542,83,0,0.01
1755,500,588.0,35.624,36.8,588,80,0,0.01
1756,332,361.0,37.13253012048193,38.21987951807229,361,57,1,0.01
1757,379,407.0,41.83641160949868,42.91029023746702,407,64,1,0.01
1758,160,150.0,38.525,39.4625,150,25,1,0.01
1759,217,224.0,40.59907834101382,41.63133640552996,224,32,1,0.01
1760,416,406.0,39.82211538461539,40.79807692307692,406,57,1,0.01
1761,283,309.0,39.74204946996466,40.8339222614841,309,40,1,0.01
1762,500,551.0,38.382,39.484,551,76,0,0.01
1763,127,82.0,33.29133858267716,33.93700787401575,82,18,1,0.01
1764,500,531.0,41.46,42.522,531,87,0,0.01
1765,457,499.0,41.586433260393875,42.67833698030635,499,70,1,0.01
1766,113,83.0,36.21238938053097,36.94690265486726,83,20,1,0.01
1767,500,556.0,37.208,38.32,556,87,0,0.01
1768,500,547.0,42.84,43.934,547,72,0,0.01
1769,314,321.0,43.105095541401276,44.12738853503185,321,45,1,0.01
1770,250,239.0,40.108,41.064,239,33,1,0.01
1771,500,565.0,43.626,44.756,565,81,0,0.01
1772,500,482.0,27.718,28.682,482,78,0,0.01
1773,334,333.0,38.23952095808383,39.23652694610779,333,48,1,0.01
1774,135,86.0,38.91851851851852,39.55555555555556,86,12,1,0.01
1775,436,502.0,48.16284403669725,49.31422018348624,502,74,1,0.01
1776,500,497.0,35.028,36.022,497,73,0,0.01
1777,149,117.0,32.95973154362416,33.74496644295302,117,27,1,0.01
1778,248,233.0,39.66532258064516,40.604838709677416,233,47,1,0.01
1779,500,517.0,37.416,38.45,517,85,0,0.01
1780,232,217.0,34.90948275862069,35.8448275862069,217,37,1,0.01
1781,478,516.0,37.90794979079498,38.98744769874477,516,76,1,0.01
1782,161,146.0,37.52173913043478,38.42857142857143,146,23,1,0.01
1783,338,341.0,36.887573964497044,37.896449704142015,341,61,1,0.01
1784,340,345.0,39.12352941176471,40.13823529411765,345,57,1,0.01
1785,227,256.0,48.096916299559474,49.22466960352423,256,41,1,0.01
1786,500,581.0,36.532,37.694,581,89,0,0.01
1787,178,160.0,34.342696629213485,35.241573033707866,160,23,1,0.01
1788,500,515.0,34.92,35.95,515,97,0,0.01
1789,500,531.0,40.578,41.64,531,89,0,0.01
1790,299,307.0,48.5819397993311,49.608695652173914,307,48,1,0.01
1791,265,244.0,36.74339622641509,37.66415094339623,244,39,1,0.01
1792,500,500.0,35.938,36.938,500,78,0,0.01
1793,397,385.0,40.20906801007557,41.178841309823675,385,66,1,0.01
1794,500,538.0,34.754,35.83,538,76,0,0.01
1795,451,449.0,34.01330376940133,35.008869179600886,449,72,1,0.01
1796,340,325.0,41.60588235294118,42.561764705882354,325,52,1,0.01
1797,384,392.0,35.901041666666664,36.921875,392,60,1,0.01
1798,500,558.0,48.798,49.914,558,82,0,0.01
1799,500,559.0,39.24,40.358,559,79,0,0.01
1800,457,486.0,41.695842450765866,42.75929978118162,486,74,1,0.01
1801,318,296.0,47.229559748427675,48.160377358490564,296,49,1,0.01
1802,500,535.0,38.17,39.24,535,81,0,0.01
1803,106,67.0,38.764150943396224,39.39622641509434,67,19,1,0.01
1804,401,419.0,42.84788029925187,43.8927680798005,419,63,1,0.01
1805,159,130.0,34.20125786163522,35.0188679245283,130,30,1,0.01
1806,411,404.0,42.583941605839414,43.5669099756691,404,64,1,0.01
1807,151,118.0,32.66225165562914,33.443708609271525,118,21,1,0.01
1808,256,272.0,40.27734375,41.33984375,272,45,1,0.01
1809,265,265.0,41.27924528301887,42.27924528301887,265,45,1,0.01
1810,457,460.0,34.04157549234136,35.048140043763674,460,71,1,0.01
1811,473,469.0,36.84778012684989,37.83932346723044,469,90,1,0.01
1812,500,501.0,36.864,37.866,501,84,0,0.01
1813,240,256.0,52.270833333333336,53.3375,256,43,1,0.01
1814,500,564.0,40.608,41.736,564,85,0,0.01
1815,297,293.0,34.872053872053876,35.85858585858586,293,51,1,0.01
1816,193,181.0,42.50777202072539,43.44559585492228,181,29,1,0.01
1817,287,290.0,40.397212543554005,41.40766550522648,290,42,1,0.01
1818,214,192.0,42.35981308411215,43.257009345794394,192,31,1,0.01
1819,491,500.0,42.4867617107943,43.5050916496945,500,75,1,0.01
1820,334,380.0,38.21556886227545,39.35329341317365,380,54,1,0.01
1821,357,381.0,38.79831932773109,39.865546218487395,381,58,1,0.01
1822,495,560.0,38.07272727272727,39.204040404040406,560,69,1,0.01
1823,337,371.0,41.089020771513354,42.189910979228486,371,59,1,0.01
1824,500,543.0,33.648,34.734,543,88,0,0.01
1825,500,534.0,38.966,40.034,534,94,0,0.01
1826,500,566.0,35.036,36.168,566,78,0,0.01
1827,250,268.0,36.728,37.8,268,39,1,0.01
1828,500,582.0,38.77,39.934,582,90,0,0.01
1829,373,384.0,38.206434316353885,39.23592493297587,384,60,1,0.01
1830,279,278.0,36.29032258064516,37.28673835125448,278,47,1,0.01
1831,218,207.0,45.39449541284404,46.34403669724771,207,30,1,0.01
1832,435,448.0,44.59080459770115,45.62068965517241,448,58,1,0.01
1833,470,482.0,31.504255319148935,32.52978723404255,482,84,1,0.01
1834,363,403.0,42.41046831955923,43.52066115702479,403,57,1,0.01
1835,500,565.0,43.07,44.2,565,78,0,0.01
1836,500,556.0,41.79,42.902,556,97,0,0.01
1837,345,366.0,40.71304347826087,41.77391304347826,366,51,1,0.01
1838,225,212.0,39.28888888888889,40.23111111111111,212,32,1,0.01
1839,270,250.0,33.977777777777774,34.903703703703705,250,45,1,0.01
1840,500,562.0,42.158,43.282,562,79,0,0.01
1841,435,443.0,37.737931034482756,38.75632183908046,443,69,1,0.01
1842,164,142.0,40.396341463414636,41.26219512195122,142,20,1,0.01
1843,193,219.0,37.90673575129534,39.04145077720207,219,23,1,0.01
1844,319,310.0,36.13479623824451,37.106583072100314,310,56,1,0.01
1845,265,248.0,34.89056603773585,35.82641509433962,248,45,1,0.01
1846,347,354.0,40.86743515850144,41.887608069164266,354,60,1,0.01
1847,239,226.0,37.29707112970711,38.24267782426778,226,36,1,0.01
1848,359,373.0,38.21727019498607,39.25626740947075,373,56,1,0.01
1849,500,569.0,40.454,41.592,569,84,0,0.01
1850,219,199.0,33.55707762557078,34.465753424657535,199,45,1,0.01
1851,479,490.0,40.9937369519833,42.01670146137787,490,82,1,0.01
1852,410,454.0,37.729268292682924,38.83658536585366,454,73,1,0.01
1853,493,541.0,40.67342799188641,41.77079107505071,541,76,1,0.01
1854,236,227.0,39.889830508474574,40.851694915254235,227,37,1,0.01
1855,500,542.0,40.942,42.026,542,77,0,0.01
1856,407,460.0,40.40786240786241,41.53808353808354,460,66,1,0.01
1857,175,168.0,45.70857142857143,46.668571428571425,168,34,1,0.01
1858,196,170.0,33.37755102040816,34.244897959183675,170,32,1,0.01
1859,299,309.0,47.10033444816054,48.13377926421405,309,52,1,0.01
1860,379,432.0,45.440633245382585,46.58047493403694,432,63,1,0.01
1861,153,119.0,40.87581699346405,41.65359477124183,119,30,1,0.01
1862,500,562.0,38.302,39.426,562,82,0,0.01
1863,380,413.0,41.007894736842104,42.09473684210526,413,60,1,0.01
1864,500,577.0,42.118,43.272,577,89,0,0.01
1865,347,340.0,33.31123919308357,34.29106628242075,340,63,1,0.01
1866,318,303.0,39.867924528301884,40.820754716981135,303,55,1,0.01
1867,266,282.0,32.00751879699248,33.067669172932334,282,46,1,0.01
1868,204,195.0,39.13235294117647,40.088235294117645,195,32,1,0.01
1869,500,529.0,35.926,36.984,529,73,0,0.01
1870,500,560.0,43.04,44.16,560,96,0,0.01
1871,352,369.0,41.59375,42.64204545454545,369,54,1,0.01
1872,298,294.0,39.895973154362416,40.88255033557047,294,46,1,0.01
1873,364,357.0,40.505494505494504,41.48626373626374,357,67,1,0.01
1874,500,578.0,41.97,43.126,578,86,0,0.01
1875,500,549.0,42.348,43.446,549,83,0,0.01
1876,367,376.0,49.002724795640326,50.02724795640327,376,64,1,0.01
1877,500,538.0,46.286,47.362,538,80,0,0.01
1878,105,72.0,31.97142857142857,32.65714285714286,72,23,1,0.01
1879,285,265.0,42.424561403508775,43.35438596491228,265,58,1,0.01
1880,389,414.0,53.70437017994858,54.768637532133674,414,76,1,0.01
1881,409,432.0,41.55501222493888,42.61124694376528,432,59,1,0.01
1882,272,220.0,27.441176470588236,28.25,220,41,1,0.01
1883,428,460.0,42.52570093457944,43.600467289719624,460,74,1,0.01
1884,500,519.0,35.582,36.62,519,81,0,0.01
1885,357,376.0,39.84313725490196,40.896358543417364,376,69,1,0.01
1886,489,547.0,44.25357873210634,45.372188139059304,547,87,1,0.01
1887,197,167.0,32.035532994923855,32.88324873096447,167,34,1,0.01
1888,500,558.0,37.466,38.582,558,91,0,0.01
1889,329,337.0,45.43465045592705,46.45896656534954,337,61,1,0.01
1890,500,575.0,35.414,36.564,575,86,0,0.01
1891,392,374.0,42.38520408163265,43.339285714285715,374,70,1,0.01
1892,404,418.0,30.086633663366335,31.121287128712872,418,69,1,0.01
1893,132,98.0,35.96969696969697,36.71212121212121,98,24,1,0.01
1894,399,443.0,38.53383458646616,39.64411027568922,443,75,1,0.01
1895,500,546.0,36.75,37.842,546,89,0,0.01
1896,500,557.0,37.628,38.742,557,84,0,0.01
1897,124,99.0,35.33870967741935,36.13709677419355,99,18,1,0.01
1898,500,575.0,39.454,40.604,575,76,0,0.01
1899,436,453.0,34.41743119266055,35.456422018348626,453,80,1,0.01
1900,500,530.0,42.7,43.76,530,90,0,0.01
1901,411,449.0,45.19951338199513,46.29197080291971,449,69,1,0.01
1902,500,525.0,37.664,38.714,525,85,0,0.01
1903,500,531.0,39.462,40.524,531,78,0,0.01
1904,500,546.0,41.874,42.966,546,89,0,0.01
1905,500,535.0,34.92,35.99,535,78,0,0.01
1906,500,574.0,40.522,41.67,574,83,0,0.01
1907,241,215.0,33.87966804979253,34.77178423236514,215,36,1,0.01
1908,272,245.0,29.1875,30.08823529411765,245,39,1,0.01
1909,331,328.0,33.96978851963746,34.9607250755287,328,55,1,0.01
1910,500,540.0,39.308,40.388,540,80,0,0.01
1911,291,295.0,40.945017182130584,41.95876288659794,295,60,1,0.01
1912,296,303.0,37.83783783783784,38.861486486486484,303,43,1,0.01
1913,265,248.0,40.04150943396226,40.97735849056604,248,44,1,0.01
1914,465,503.0,39.8494623655914,40.93118279569892,503,87,1,0.01
1915,500,563.0,41.766,42.892,563,85,0,0.01
1916,500,521.0,38.042,39.084,521,83,0,0.01
1917,421,474.0,49.25178147268409,50.37767220902613,474,72,1,0.01
1918,500,541.0,37.036,38.118,541,85,0,0.01
1919,500,538.0,34.6,35.676,538,86,0,0.01
1920,500,548.0,36.426,37.522,548,86,0,0.01
1921,223,216.0,38.19730941704036,39.16591928251121,216,41,1,0.01
1922,458,530.0,43.646288209606986,44.80349344978166,530,79,1,0.01
1923,500,529.0,44.822,45.88,529,84,0,0.01
1924,217,205.0,53.94009216589862,54.884792626728114,205,34,1,0.01
1925,382,385.0,43.44502617801047,44.452879581151834,385,74,1,0.01
1926,172,165.0,38.51162790697674,39.47093023255814,165,30,1,0.01
1927,500,517.0,40.604,41.638,517,74,0,0.01
1928,480,510.0,35.1,36.1625,510,87,1,0.01
1929,278,290.0,33.47122302158273,34.514388489208635,290,49,1,0.01
1930,414,452.0,44.58212560386473,45.67391304347826,452,71,1,0.01
1931,293,331.0,45.28327645051195,46.41296928327645,331,54,1,0.01
1932,500,583.0,40.574,41.74,583,89,0,0.01
1933,172,160.0,37.19186046511628,38.122093023255815,160,31,1,0.01
1934,446,425.0,37.34080717488789,38.29372197309417,425,84,1,0.01
1935,500,581.0,37.538,38.7,581,83,0,0.01
1936,89,57.0,34.13483146067416,34.7752808988764,57,15,1,0.01
1937,500,564.0,38.284,39.412,564,82,0,0.01
1938,476,486.0,45.51260504201681,46.53361344537815,486,82,1,0.01
1939,500,539.0,44.188,45.266,539,82,0,0.01
1940,500,526.0,41.292,42.344,526,88,0,0.01
1941,500,570.0,38.94,40.08,570,73,0,0.01
1942,329,335.0,43.857142857142854,44.87537993920973,335,46,1,0.01
1943,298,273.0,34.09731543624161,35.013422818791945,273,55,1,0.01
1944,500,538.0,36.368,37.444,538,87,0,0.01
1945,500,565.0,36.918,38.048,565,89,0,0.01
1946,335,320.0,33.23582089552239,34.191044776119405,320,51,1,0.01
1947,500,564.0,37.358,38.486,564,77,0,0.01
1948,500,513.0,35.64,36.666,513,94,0,0.01
1949,364,384.0,35.112637362637365,36.167582417582416,384,68,1,0.01
1950,118,109.0,33.898305084745765,34.82203389830509,109,19,1,0.01
1951,500,559.0,40.03,41.148,559,85,0,0.01
1952,500,565.0,29.576,30.706,565,83,0,0.01
1953,168,143.0,38.220238095238095,39.07142857142857,143,32,1,0.01
1954,388,396.0,35.43041237113402,36.45103092783505,396,75,1,0.01
1955,500,543.0,38.648,39.734,543,85,0,0.01
1956,500,545.0,35.244,36.334,545,80,0,0.01
1957,102,77.0,28.519607843137255,29.274509803921568,77,15,1,0.01
1958,500,500.0,37.018,38.018,500,90,0,0.01
1959,500,539.0,37.532,38.61,539,89,0,0.01
1960,500,564.0,43.022,44.15,564,93,0,0.01
1961,500,543.0,31.752,32.838,543,85,0,0.01
1962,196,203.0,41.545918367346935,42.58163265306123,203,36,1,0.01
1963,270,228.0,26.403703703703705,27.248148148148147,228,38,1,0.01
1964,500,528.0,34.752,35.808,528,86,0,0.01
1965,500,516.0,36.284,37.316,516,77,0,0.01
1966,500,527.0,44.518,45.572,527,85,0,0.01
1967,302,320.0,37.05960264900662,38.11920529801324,320,55,1,0.01
1968,500,492.0,36.652,37.636,492,88,0,0.01
1969,500,538.0,36.712,37.788,538,90,0,0.01
1970,500,564.0,44.554,45.682,564,88,0,0.01
1971,312,311.0,38.77564102564103,39.7724358974359,311,47,1,0.01
1972,500,557.0,40.698,41.812,557,91,0,0.01
1973,171,174.0,36.08771929824562,37.10526315789474,174,30,1,0.01
1974,184,168.0,37.983695652173914,38.89673913043478,168,40,1,0.01
1975,195,182.0,34.03076923076923,34.96410256410256,182,36,1,0.01
1976,439,487.0,38.72665148063781,39.83599088838269,487,71,1,0.01
1977,500,541.0,38.16,39.242,541,86,0,0.01
1978,429,441.0,33.77156177156177,34.7995337995338,441,78,1,0.01
1979,500,572.0,34.804,35.948,572,88,0,0.01
1980,500,549.0,35.572,36.67,549,81,0,0.01
1981,316,326.0,36.515822784810126,37.54746835443038,326,55,1,0.01
1982,378,384.0,32.87566137566137,33.89153439153439,384,59,1,0.01
1983,153,123.0,34.26143790849673,35.06535947712418,123,22,1,0.01
1984,128,96.0,37.9453125,38.6953125,96,17,1,0.01
1985,229,251.0,37.44978165938865,38.54585152838428,251,41,1,0.01
1986,500,520.0,39.13,40.17,520,80,0,0.01
1987,500,547.0,47.602,48.696,547,90,0,0.01
1988,271,254.0,31.797047970479706,32.73431734317343,254,44,1,0.01
1989,500,547.0,40.638,41.732,547,84,0,0.01
1990,285,301.0,35.32280701754386,36.37894736842105,301,48,1,0.01
1991,500,561.0,35.088,36.21,561,84,0,0.01
1992,256,260.0,42.50390625,43.51953125,260,45,1,0.01
1993,207,205.0,44.792270531400966,45.78260869565217,205,35,1,0.01
1994,500,532.0,47.026,48.09,532,93,0,0.01
1995,500,548.0,40.86,41.956,548,91,0,0.01
1996,440,476.0,34.81818181818182,35.9,476,78,1,0.01
1997,416,432.0,35.21875,36.25721153846154,432,73,1,0.01
1998,277,308.0,41.415162454873645,42.52707581227437,308,47,1,0.01
1999,500,500.0,32.002,33.002,500,92,0,0.01
2000,500,562.0,36.356,37.48,562,94,0,0.01
2001,237,230.0,32.0084388185654,32.9789029535865,230,43,1,0.01
2002,185,154.0,32.85945945945946,33.69189189189189,154,38,1,0.01
2003,500,497.0,31.632,32.626,497,92,0,0.01
2004,500,557.0,40.118,41.232,557,89,0,0.01
2005,500,540.0,33.598,34.678,540,88,0,0.01
2006,500,529.0,30.658,31.716,529,80,0,0.01
2007,140,97.0,32.47857142857143,33.17142857142857,97,16,1,0.01
2008,500,501.0,32.462,33.464,501,79,0,0.01
2009,259,272.0,35.46718146718147,36.51737451737452,272,33,1,0.01
2010,500,539.0,36.332,37.41,539,90,0,0.01
2011,500,536.0,38.43,39.502,536,87,0,0.01
2012,500,551.0,40.868,41.97,551,87,0,0.01
2013,196,200.0,38.15816326530612,39.17857142857143,200,34,1,0.01
2014,500,582.0,35.88,37.044,582,82,0,0.01
2015,191,154.0,39.52879581151832,40.33507853403141,154,28,1,0.01
2016,500,576.0,37.982,39.134,576,94,0,0.01
2017,500,562.0,40.35,41.474,562,85,0,0.01
2018,500,545.0,35.3,36.39,545,80,0,0.01
2019,500,580.0,45.058,46.218,580,89,0,0.01
2020,339,354.0,41.097345132743364,42.14159292035398,354,57,1,0.01
2021,211,197.0,36.725118483412324,37.65876777251185,197,35,1,0.01
2022,235,237.0,42.48085106382979,43.48936170212766,237,40,1,0.01
2023,500,527.0,38.036,39.09,527,84,0,0.01
2024,370,386.0,48.5,49.543243243243246,386,67,1,0.01
2025,500,556.0,41.258,42.37,556,86,0,0.01
2026,500,535.0,41.978,43.048,535,86,0,0.01
2027,359,359.0,40.211699164345404,41.211699164345404,359,67,1,0.01
2028,174,158.0,30.086206896551722,30.99425287356322,158,21,1,0.01
2029,500,533.0,38.656,39.722,533,86,0,0.01
2030,268,285.0,35.17537313432836,36.23880597014925,285,42,1,0.01
2031,500,589.0,39.256,40.434,589,79,0,0.01
2032,357,324.0,32.75910364145658,33.666666666666664,324,67,1,0.01
2033,500,552.0,45.882,46.986,552,87,0,0.01
2034,500,547.0,40.014,41.108,547,81,0,0.01
2035,425,450.0,37.80235294117647,38.861176470588234,450,70,1,0.01
2036,456,490.0,40.50438596491228,41.578947368421055,490,79,1,0.01
2037,500,543.0,35.992,37.078,543,89,0,0.01
2038,500,577.0,35.13,36.284,577,85,0,0.01
2039,500,577.0,40.876,42.03,577,80,0,0.01
2040,500,533.0,44.63,45.696,533,85,0,0.01
2041,313,340.0,39.501597444089455,40.587859424920126,340,54,1,0.01
2042,320,341.0,51.659375,52.725,341,57,1,0.01
2043,500,529.0,39.34,40.398,529,85,0,0.01
2044,193,188.0,37.61139896373057,38.58549222797927,188,24,1,0.01
2045,209,199.0,43.41626794258373,44.36842105263158,199,37,1,0.01
2046,344,349.0,34.02325581395349,35.03779069767442,349,56,1,0.01
2047,500,542.0,35.424,36.508,542,83,0,0.01
2048,338,360.0,44.81360946745562,45.87869822485207,360,60,1,0.01
2049,351,377.0,43.73504273504273,44.80911680911681,377,68,1,0.01
2050,298,268.0,38.47986577181208,39.37919463087248,268,50,1,0.01
2051,221,207.0,40.0316742081448,40.9683257918552,207,41,1,0.01
2052,246,231.0,42.74390243902439,43.68292682926829,231,46,1,0.01
2053,287,299.0,36.55052264808362,37.59233449477352,299,50,1,0.01
2054,360,392.0,40.958333333333336,42.047222222222224,392,58,1,0.01
2055,237,220.0,35.0253164556962,35.95358649789029,220,36,1,0.01
2056,207,185.0,28.22705314009662,29.120772946859905,185,27,1,0.01
2057,500,552.0,34.974,36.078,552,88,0,0.01
2058,500,563.0,36.496,37.622,563,88,0,0.01
2059,500,516.0,37.698,38.73,516,81,0,0.01
2060,500,550.0,38.834,39.934,550,86,0,0.01
2061,229,199.0,37.36244541484716,38.23144104803494,199,39,1,0.01
2062,500,492.0,28.728,29.712,492,83,0,0.01
2063,500,556.0,42.908,44.02,556,92,0,0.01
2064,234,242.0,40.46153846153846,41.495726495726494,242,39,1,0.01
2065,500,557.0,43.768,44.882,557,74,0,0.01
2066,258,261.0,40.46511627906977,41.47674418604651,261,43,1,0.01
2067,500,563.0,46.358,47.484,563,91,0,0.01
2068,500,538.0,39.268,40.344,538,90,0,0.01
2069,500,546.0,36.438,37.53,546,85,0,0.01
2070,500,576.0,44.268,45.42,576,81,0,0.01
2071,500,511.0,27.526,28.548,511,81,0,0.01
2072,466,499.0,38.957081545064376,40.027896995708154,499,84,1,0.01
2073,500,570.0,48.048,49.188,570,89,0,0.01
2074,365,382.0,40.156164383561645,41.202739726027396,382,59,1,0.01
2075,500,526.0,39.148,40.2,526,94,0,0.01
2076,396,418.0,42.255050505050505,43.31060606060606,418,68,1,0.01
2077,500,555.0,35.738,36.848,555,89,0,0.01
2078,500,564.0,42.758,43.886,564,87,0,0.01
2079,372,383.0,31.0,32.02956989247312,383,63,1,0.01
2080,284,286.0,35.683098591549296,36.690140845070424,286,40,1,0.01
2081,500,534.0,38.06,39.128,534,84,0,0.01
2082,500,535.0,32.562,33.632,535,95,0,0.01
2083,500,549.0,38.646,39.744,549,80,0,0.01
2084,500,552.0,36.592,37.696,552,86,0,0.01
2085,287,305.0,32.68641114982579,33.749128919860624,305,44,1,0.01
2086,370,388.0,34.31351351351351,35.362162162162164,388,61,1,0.01
2087,500,557.0,42.446,43.56,557,90,0,0.01
2088,500,560.0,37.266,38.386,560,90,0,0.01
2089,500,565.0,45.46,46.59,565,80,0,0.01
2090,500,531.0,33.726,34.788,531,89,0,0.01
2091,454,495.0,39.231277533039645,40.3215859030837,495,63,1,0.01
2092,500,530.0,32.812,33.872,530,89,0,0.01
2093,285,297.0,36.99649122807018,38.03859649122807,297,46,1,0.01
2094,455,473.0,34.49230769230769,35.53186813186813,473,77,1,0.01
2095,500,546.0,40.06,41.152,546,89,1,0.01
2096,500,572.0,36.358,37.502,572,87,0,0.01
2097,500,521.0,33.028,34.07,521,90,0,0.01
2098,439,484.0,32.170842824601365,33.27334851936219,484,72,1,0.01
2099,500,511.0,38.042,39.064,511,81,0,0.01
2100,500,515.0,36.376,37.406,515,93,0,0.01
2101,255,275.0,47.780392156862746,48.858823529411765,275,49,1,0.01
2102,500,544.0,36.372,37.46,544,82,0,0.01
2103,500,542.0,34.1,35.184,542,82,0,0.01
2104,303,302.0,36.039603960396036,37.03630363036304,302,49,1,0.01
2105,308,356.0,43.71103896103896,44.866883116883116,356,55,1,0.01
2106,220,168.0,40.83181818181818,41.595454545454544,168,42,1,0.01
2107,500,544.0,33.486,34.574,544,88,0,0.01
2108,270,282.0,38.181481481481484,39.22592592592593,282,40,1,0.01
2109,417,463.0,45.10071942446043,46.21103117505995,463,72,1,0.01
2110,500,568.0,34.262,35.398,568,86,0,0.01
2111,500,545.0,36.006,37.096,545,87,0,0.01
2112,266,263.0,34.07142857142857,35.06015037593985,263,41,1,0.01
2113,500,527.0,34.052,35.106,527,82,0,0.01
2114,310,308.0,32.52258064516129,33.516129032258064,308,49,1,0.01
2115,211,197.0,34.73933649289099,35.67298578199052,197,35,1,0.01
2116,313,338.0,40.87220447284345,41.95207667731629,338,58,1,0.01
2117,481,535.0,40.80873180873181,41.92099792099792,535,84,1,0.01
2118,500,548.0,39.098,40.194,548,81,0,0.01
2119,422,429.0,38.11611374407583,39.132701421800945,429,75,1,0.01
2120,419,429.0,41.61575178997613,42.63961813842482,429,68,1,0.01
2121,500,540.0,33.9,34.98,540,86,0,0.01
2122,500,561.0,39.05,40.172,561,92,0,0.01
2123,500,568.0,41.62,42.756,568,94,0,0.01
2124,124,72.0,32.49193548387097,33.07258064516129,72,17,1,0.01
2125,245,241.0,33.114285714285714,34.09795918367347,241,48,1,0.01
2126,500,537.0,41.194,42.268,537,85,0,0.01
2127,492,544.0,38.47560975609756,39.58130081300813,544,81,1,0.01
2128,500,547.0,42.542,43.636,547,84,0,0.01
2129,500,526.0,35.764,36.816,526,79,0,0.01
2130,267,262.0,37.42696629213483,38.40823970037453,262,43,1,0.01
2131,500,526.0,34.342,35.394,526,87,0,0.01
2132,500,574.0,39.08,40.228,574,85,0,0.01
2133,140,115.0,32.17142857142857,32.99285714285714,115,23,1,0.01
2134,500,556.0,38.234,39.346,556,92,0,0.01
2135,500,520.0,39.4,40.44,520,84,0,0.01
2136,500,578.0,39.85,41.006,578,68,0,0.01
2137,198,187.0,35.292929292929294,36.23737373737374,187,40,1,0.01
2138,500,542.0,43.874,44.958,542,89,0,0.01
2139,279,298.0,43.63799283154122,44.70609318996416,298,48,1,0.01
2140,500,585.0,40.65,41.82,585,80,0,0.01
2141,176,157.0,37.84090909090909,38.73295454545455,157,26,1,0.01
2142,202,191.0,34.23267326732673,35.17821782178218,191,32,1,0.01
2143,295,308.0,36.6271186440678,37.671186440677964,308,58,1,0.01
2144,500,551.0,38.198,39.3,551,87,0,0.01
2145,412,420.0,38.3373786407767,39.35679611650485,420,81,1,0.01
2146,386,389.0,40.93782383419689,41.94559585492228,389,70,1,0.01
2147,305,303.0,29.82950819672131,30.82295081967213,303,52,1,0.01
2148,123,83.0,38.048780487804876,38.72357723577236,83,30,1,0.01
2149,428,450.0,43.71261682242991,44.76401869158879,450,78,1,0.01
2150,231,237.0,35.63203463203463,36.65800865800866,237,43,1,0.01
2151,500,510.0,39.396,40.416,510,93,0,0.01
2152,500,531.0,35.04,36.102,531,86,0,0.01
2153,300,280.0,40.28333333333333,41.21666666666667,280,55,1,0.01
2154,500,571.0,43.632,44.774,571,83,0,0.01
2155,455,477.0,41.14945054945055,42.1978021978022,477,87,1,0.01
2156,368,353.0,34.77445652173913,35.733695652173914,353,50,1,0.01
2157,299,298.0,42.12040133779264,43.11705685618729,298,49,1,0.01
2158,307,317.0,36.442996742671006,37.47557003257329,317,55,1,0.01
2159,500,534.0,37.406,38.474,534,85,0,0.01
2160,181,154.0,31.552486187845304,32.40331491712707,154,26,1,0.01
2161,500,534.0,39.648,40.716,534,80,0,0.01
2162,335,369.0,37.29253731343284,38.39402985074627,369,58,1,0.01
2163,500,513.0,38.324,39.35,513,90,0,0.01
2164,429,473.0,44.37062937062937,45.473193473193476,473,75,1,0.01
2165,360,372.0,37.544444444444444,38.577777777777776,372,75,1,0.01
2166,202,173.0,36.836633663366335,37.693069306930695,173,32,1,0.01
2167,143,110.0,35.32167832167832,36.09090909090909,110,24,1,0.01
2168,331,351.0,36.91540785498489,37.97583081570997,351,50,1,0.01
2169,500,555.0,39.554,40.664,555,86,0,0.01
2170,347,399.0,53.54178674351585,54.69164265129683,399,56,1,0.01
2171,334,331.0,38.619760479041915,39.61077844311377,331,64,1,0.01
2172,151,122.0,37.854304635761586,38.66225165562914,122,32,1,0.01
2173,441,480.0,37.69614512471655,38.78458049886621,480,81,1,0.01
2174,446,492.0,39.06053811659193,40.163677130044846,492,76,1,0.01
2175,252,267.0,37.07936507936508,38.138888888888886,267,46,1,0.01
2176,222,197.0,34.95945945945946,35.846846846846844,197,39,1,0.01
2177,464,450.0,31.204741379310345,32.17456896551724,450,82,1,0.01
2178,278,279.0,40.86690647482014,41.8705035971223,279,47,1,0.01
2179,131,94.0,41.961832061068705,42.6793893129771,94,30,1,0.01
2180,498,536.0,36.42168674698795,37.497991967871485,536,83,1,0.01
2181,186,156.0,36.62903225806452,37.46774193548387,156,42,1,0.01
2182,500,568.0,42.022,43.158,568,82,0,0.01
2183,500,559.0,34.896,36.014,559,84,0,0.01
2184,500,550.0,33.616,34.716,550,81,0,0.01
2185,234,237.0,43.282051282051285,44.294871794871796,237,35,1,0.01
2186,241,257.0,41.10373443983403,42.170124481327804,257,40,1,0.01
2187,473,482.0,34.22198731501057,35.241014799154335,482,85,1,0.01
2188,500,546.0,34.34,35.432,546,89,0,0.01
2189,122,103.0,36.71311475409836,37.557377049180324,103,21,1,0.01
2190,211,178.0,41.208530805687204,42.052132701421804,178,35,1,0.01
2191,208,206.0,30.740384615384617,31.73076923076923,206,42,1,0.01
2192,500,544.0,36.28,37.368,544,80,0,0.01
2193,366,378.0,38.650273224043715,39.68306010928962,378,56,1,0.01
2194,432,477.0,34.68518518518518,35.789351851851855,477,80,1,0.01
2195,498,537.0,46.592369477911646,47.670682730923694,537,83,1,0.01
2196,411,462.0,43.48905109489051,44.613138686131386,462,70,1,0.01
2197,500,548.0,39.706,40.802,548,100,0,0.01
2198,500,537.0,37.512,38.586,537,79,0,0.01
2199,457,486.0,46.29321663019694,47.35667396061269,486,85,1,0.01
2200,205,187.0,35.834146341463416,36.74634146341464,187,33,1,0.01
2201,500,558.0,34.462,35.578,558,81,0,0.01
2202,500,563.0,34.868,35.994,563,86,0,0.01
2203,320,325.0,42.853125,43.86875,325,58,1,0.01
2204,500,541.0,38.158,39.24,541,87,0,0.01
2205,500,590.0,34.1,35.28,590,82,0,0.01
2206,500,530.0,27.99,29.05,530,69,0,0.01
2207,500,517.0,31.146,32.18,517,87,0,0.01
2208,500,552.0,44.0,45.104,552,92,0,0.01
2209,500,532.0,32.8,33.864,532,79,0,0.01
2210,491,537.0,39.639511201629325,40.73319755600814,537,87,1,0.01
2211,500,556.0,38.62,39.732,556,74,0,0.01
2212,266,222.0,40.94736842105263,41.78195488721804,222,48,1,0.01
2213,500,494.0,34.956,35.944,494,98,0,0.01
2214,427,426.0,39.82669789227166,40.824355971896956,426,80,1,0.01
2215,500,573.0,34.388,35.534,573,86,0,0.01
2216,500,535.0,35.306,36.376,535,96,0,0.01
2217,500,575.0,35.712,36.862,575,85,0,0.01
2218,500,555.0,33.038,34.148,555,95,0,0.01
2219,470,529.0,39.251063829787235,40.37659574468085,529,83,1,0.01
2220,500,599.0,39.526,40.724,599,89,0,0.01
2221,500,590.0,37.782,38.962,590,81,0,0.01
2222,500,549.0,37.922,39.02,549,80,0,0.01
2223,500,542.0,37.754,38.838,542,79,0,0.01
2224,500,548.0,35.402,36.498,548,84,0,0.01
2225,500,584.0,40.554,41.722,584,95,0,0.01
2226,458,462.0,35.49126637554585,36.5,462,79,1,0.01
2227,496,543.0,41.69153225806452,42.78629032258065,543,76,1,0.01
2228,500,564.0,37.896,39.024,564,82,0,0.01
2229,500,518.0,32.468,33.504,518,81,0,0.01
2230,500,577.0,42.644,43.798,577,84,0,0.01
2231,190,176.0,32.142105263157895,33.06842105263158,176,28,1,0.01
2232,500,592.0,46.834,48.018,592,81,0,0.01
2233,500,532.0,32.31,33.374,532,90,0,0.01
2234,500,587.0,36.696,37.87,587,79,0,0.01
2235,500,555.0,36.85,37.96,555,91,0,0.01
2236,150,108.0,33.53333333333333,34.25333333333333,108,29,1,0.01
2237,208,217.0,39.38942307692308,40.43269230769231,217,38,1,0.01
2238,500,530.0,40.722,41.782,530,94,0,0.01
2239,500,530.0,42.538,43.598,530,83,0,0.01
2240,500,562.0,38.066,39.19,562,90,0,0.01
2241,500,600.0,53.462,54.662,600,82,0,0.01
2242,473,518.0,39.89217758985201,40.987315010570825,518,78,1,0.01
2243,89,51.0,32.70786516853933,33.28089887640449,51,13,1,0.01
2244,500,572.0,40.13,41.274,572,85,0,0.01
2245,500,527.0,36.114,37.168,527,91,0,0.01
2246,475,559.0,54.92421052631579,56.101052631578945,559,84,1,0.01
2247,280,297.0,36.167857142857144,37.22857142857143,297,50,1,0.01
2248,500,559.0,39.094,40.212,559,81,0,0.01
2249,500,563.0,42.912,44.038,563,87,0,0.01
2250,500,546.0,34.298,35.39,546,87,0,0.01
2251,500,562.0,38.6,39.724,562,89,0,0.01
2252,500,529.0,34.226,35.284,529,95,0,0.01
2253,500,532.0,30.332,31.396,532,91,0,0.01
2254,500,556.0,38.518,39.63,556,96,0,0.01
2255,500,582.0,42.452,43.616,582,78,0,0.01
2256,314,302.0,34.94267515923567,35.904458598726116,302,53,1,0.01
2257,500,545.0,35.32,36.41,545,91,0,0.01
2258,500,563.0,43.53,44.656,563,95,0,0.01
2259,165,129.0,28.26060606060606,29.042424242424243,129,27,1,0.01
2260,288,267.0,30.333333333333332,31.260416666666668,267,51,1,0.01
2261,340,325.0,41.21470588235294,42.17058823529412,325,51,1,0.01
2262,302,286.0,32.735099337748345,33.682119205298015,286,50,1,0.01
2263,235,227.0,32.35744680851064,33.32340425531915,227,42,1,0.01
2264,500,514.0,33.048,34.076,514,91,0,0.01
2265,191,153.0,40.18848167539267,40.989528795811516,153,32,1,0.01
2266,500,589.0,42.448,43.626,589,91,0,0.01
2267,432,452.0,32.655092592592595,33.701388888888886,452,73,1,0.01
2268,500,592.0,35.854,37.038,592,76,0,0.01
2269,240,214.0,35.891666666666666,36.78333333333333,214,44,1,0.01
2270,500,532.0,37.052,38.116,532,98,0,0.01
2271,236,224.0,40.809322033898304,41.75847457627118,224,39,1,0.01
2272,164,144.0,30.445121951219512,31.323170731707318,144,29,1,0.01
2273,500,505.0,38.518,39.528,505,97,0,0.01
2274,422,445.0,42.90995260663507,43.964454976303315,445,66,1,0.01
2275,440,471.0,44.34090909090909,45.41136363636364,471,80,1,0.01
2276,123,119.0,39.829268292682926,40.796747967479675,119,20,1,0.01
2277,376,378.0,35.670212765957444,36.67553191489362,378,58,1,0.01
2278,294,298.0,37.534013605442176,38.54761904761905,298,52,1,0.01
2279,500,604.0,40.47,41.678,604,78,0,0.01
2280,500,555.0,38.054,39.164,555,91,0,0.01
2281,253,254.0,38.18181818181818,39.18577075098814,254,41,1,0.01
2282,422,461.0,38.45023696682465,39.54265402843602,461,62,1,0.01
2283,194,164.0,31.432989690721648,32.27835051546392,164,35,1,0.01
2284,192,209.0,46.802083333333336,47.890625,209,32,1,0.01
2285,246,256.0,41.46747967479675,42.50813008130081,256,45,1,0.01
2286,500,545.0,35.744,36.834,545,76,0,0.01
2287,500,557.0,31.4,32.514,557,84,0,0.01
2288,500,572.0,40.292,41.436,572,88,0,0.01
2289,500,542.0,34.578,35.662,542,85,0,0.01
2290,500,563.0,35.648,36.774,563,74,0,0.01
2291,500,553.0,38.814,39.92,553,90,0,0.01
2292,500,528.0,35.536,36.592,528,99,0,0.01
2293,348,378.0,39.867816091954026,40.95402298850575,378,62,1,0.01
2294,487,553.0,36.45790554414784,37.59342915811088,553,87,1,0.01
2295,500,573.0,35.578,36.724,573,85,0,0.01
2296,254,229.0,37.20866141732284,38.110236220472444,229,52,1,0.01
2297,318,322.0,29.430817610062892,30.443396226415093,322,47,1,0.01
2298,500,555.0,43.86,44.97,555,89,0,0.01
2299,204,217.0,45.96078431372549,47.02450980392157,217,30,1,0.01
2300,204,198.0,29.16176470588235,30.13235294117647,198,32,1,0.01
2301,215,193.0,40.65581395348837,41.55348837209302,193,37,1,0.01
2302,500,575.0,43.462,44.612,575,83,0,0.01
2303,260,252.0,41.27307692307692,42.24230769230769,252,38,1,0.01
2304,500,571.0,38.882,40.024,571,86,0,0.01
2305,500,570.0,39.894,41.034,570,77,0,0.01
2306,194,141.0,41.22164948453608,41.94845360824742,141,34,1,0.01
2307,500,536.0,35.882,36.954,536,88,0,0.01
2308,500,600.0,51.46,52.66,600,79,0,0.01
2309,500,591.0,44.784,45.966,591,87,0,0.01
2310,147,102.0,27.727891156462587,28.421768707482993,102,26,1,0.01
2311,276,270.0,35.7463768115942,36.72463768115942,270,46,1,0.01
2312,500,551.0,38.626,39.728,551,90,0,0.01
2313,500,579.0,38.516,39.674,579,86,0,0.01
2314,500,594.0,44.168,45.356,594,81,0,0.01
2315,311,328.0,47.48553054662379,48.540192926045016,328,57,1,0.01
2316,500,543.0,31.106,32.192,543,80,0,0.01
2317,500,510.0,30.502,31.522,510,87,0,0.01
2318,312,370.0,45.958333333333336,47.14423076923077,370,53,1,0.01
2319,500,524.0,41.174,42.222,524,97,0,0.01
2320,500,550.0,37.03,38.13,550,91,0,0.01
2321,500,604.0,42.34,43.548,604,83,0,0.01
2322,500,583.0,46.764,47.93,583,83,0,0.01
2323,317,315.0,32.65299684542587,33.646687697160885,315,48,1,0.01
2324,500,553.0,40.87,41.976,553,83,0,0.01
2325,112,95.0,36.80357142857143,37.651785714285715,95,20,1,0.01
2326,257,232.0,36.6420233463035,37.54474708171206,232,41,1,0.01
2327,239,248.0,39.37238493723849,40.41004184100419,248,36,1,0.01
2328,500,542.0,34.616,35.7,542,95,0,0.01
2329,500,560.0,35.726,36.846,560,91,0,0.01
2330,278,282.0,44.931654676258994,45.94604316546763,282,49,1,0.01
2331,449,491.0,37.0,38.093541202672604,491,77,1,0.01
2332,500,529.0,37.66,38.718,529,85,0,0.01
2333,500,586.0,35.754,36.926,586,83,0,0.01
2334,500,559.0,29.964,31.082,559,84,0,0.01
2335,500,516.0,38.338,39.37,516,100,0,0.01
2336,500,582.0,36.688,37.852,582,85,0,0.01
2337,302,323.0,39.43046357615894,40.5,323,55,1,0.01
2338,246,272.0,50.13008130081301,51.235772357723576,272,43,1,0.01
2339,425,471.0,42.04941176470588,43.15764705882353,471,80,1,0.01
2340,500,543.0,35.544,36.63,543,94,0,0.01
2341,500,548.0,36.156,37.252,548,90,0,0.01
2342,500,527.0,32.32,33.374,527,85,0,0.01
2343,500,539.0,39.388,40.466,539,91,0,0.01
2344,500,571.0,33.432,34.574,571,86,0,0.01
2345,268,280.0,43.13059701492537,44.17537313432836,280,38,1,0.01
2346,223,218.0,34.62331838565022,35.600896860986545,218,42,1,0.01
2347,500,548.0,33.642,34.738,548,82,0,0.01
2348,118,83.0,35.69491525423729,36.398305084745765,83,22,1,0.01
2349,500,550.0,34.212,35.312,550,89,0,0.01
2350,500,571.0,34.868,36.01,571,85,0,0.01
2351,284,268.0,31.56338028169014,32.50704225352113,268,49,1,0.01
2352,131,98.0,36.16030534351145,36.908396946564885,98,29,1,0.01
2353,500,554.0,38.606,39.714,554,90,0,0.01
2354,450,454.0,36.068888888888885,37.077777777777776,454,65,1,0.01
2355,500,561.0,39.094,40.216,561,80,0,0.01
2356,500,584.0,42.828,43.996,584,83,0,0.01
2357,275,312.0,39.39272727272727,40.527272727272724,312,44,1,0.01
2358,346,367.0,37.95086705202312,39.01156069364162,367,58,1,0.01
2359,430,483.0,43.77209302325581,44.895348837209305,483,76,1,0.01
2360,144,113.0,30.77777777777778,31.5625,113,28,1,0.01
2361,500,528.0,37.552,38.608,528,80,0,0.01
2362,500,563.0,34.412,35.538,563,88,0,0.01
2363,390,443.0,41.61794871794872,42.753846153846155,443,67,1,0.01
2364,500,521.0,33.642,34.684,521,89,0,0.01
2365,228,203.0,37.671052631578945,38.56140350877193,203,40,1,0.01
2366,500,583.0,33.216,34.382,583,84,0,0.01
2367,342,353.0,38.92982456140351,39.961988304093566,353,50,1,0.01
2368,500,564.0,33.664,34.792,564,86,0,0.01
2369,500,541.0,48.466,49.548,541,83,0,0.01
2370,500,565.0,37.982,39.112,565,85,0,0.01
2371,500,567.0,31.236,32.37,567,81,0,0.01
2372,221,213.0,37.633484162895925,38.5972850678733,213,43,1,0.01
2373,500,589.0,48.888,50.066,589,84,0,0.01
2374,500,533.0,36.062,37.128,533,84,0,0.01
2375,469,517.0,44.15778251599147,45.26012793176972,517,83,1,0.01
2376,500,544.0,38.59,39.678,544,87,0,0.01
2377,153,112.0,29.84967320261438,30.58169934640523,112,29,1,0.01
2378,326,346.0,40.13803680981595,41.19938650306749,346,54,1,0.01
2379,500,570.0,37.038,38.178,570,88,0,0.01
2380,500,605.0,40.86,42.07,605,85,0,0.01
2381,500,540.0,43.33,44.41,540,88,0,0.01
2382,175,160.0,34.05714285714286,34.97142857142857,160,37,1,0.01
2383,421,466.0,44.019002375296914,45.12589073634204,466,61,1,0.01
2384,407,442.0,34.08353808353808,35.16953316953317,442,63,1,0.01
2385,446,462.0,35.95067264573991,36.98654708520179,462,78,1,0.01
2386,450,487.0,42.144444444444446,43.22666666666667,487,79,1,0.01
2387,182,159.0,39.637362637362635,40.510989010989015,159,32,1,0.01
2388,500,562.0,35.184,36.308,562,85,0,0.01
2389,248,227.0,29.858870967741936,30.774193548387096,227,39,1,0.01
2390,295,274.0,38.989830508474576,39.91864406779661,274,58,1,0.01
2391,286,294.0,40.00699300699301,41.03496503496503,294,50,1,0.01
2392,454,459.0,41.8215859030837,42.83259911894273,459,75,1,0.01
2393,409,442.0,47.08312958435208,48.163814180929094,442,72,1,0.01
2394,500,522.0,37.412,38.456,522,89,0,0.01
2395,500,508.0,38.38,39.396,508,81,0,0.01
2396,500,565.0,41.118,42.248,565,88,0,0.01
2397,411,415.0,44.26034063260341,45.27007299270073,415,67,1,0.01
2398,500,489.0,34.114,35.092,489,85,0,0.01
2399,425,479.0,42.55529411764706,43.68235294117647,479,71,1,0.01
2400,500,573.0,45.458,46.604,573,80,0,0.01
2401,424,469.0,45.839622641509436,46.945754716981135,469,73,1,0.01
2402,262,289.0,46.75954198473283,47.86259541984733,289,47,1,0.01
2403,500,536.0,38.944,40.016,536,90,0,0.01
2404,470,503.0,39.51702127659574,40.58723404255319,503,81,1,0.01
2405,500,571.0,41.644,42.786,571,85,0,0.01
2406,500,528.0,31.082,32.138,528,84,0,0.01
2407,222,212.0,38.88288288288288,39.83783783783784,212,45,1,0.01
2408,500,563.0,37.05,38.176,563,89,0,0.01
2409,351,364.0,41.61538461538461,42.65242165242165,364,58,1,0.01
2410,255,266.0,29.133333333333333,30.176470588235293,266,41,1,0.01
2411,500,516.0,44.674,45.706,516,76,0,0.01
2412,500,558.0,32.134,33.25,558,83,0,0.01
2413,500,540.0,44.616,45.696,540,91,0,0.01
2414,500,583.0,39.316,40.482,583,85,0,0.01
2415,500,586.0,36.79,37.962,586,75,0,0.01
2416,500,535.0,37.106,38.176,535,86,0,0.01
2417,381,435.0,33.69028871391076,34.83202099737533,435,64,1,0.01
2418,500,562.0,38.996,40.12,562,88,0,0.01
2419,166,167.0,36.55421686746988,37.56024096385542,167,25,1,0.01
2420,500,576.0,42.236,43.388,576,78,0,0.01
2421,500,514.0,34.792,35.82,514,85,0,0.01
2422,287,314.0,35.951219512195124,37.045296167247386,314,44,1,0.01
2423,275,231.0,35.65090909090909,36.49090909090909,231,47,1,0.01
2424,239,234.0,39.62761506276151,40.60669456066945,234,47,1,0.01
2425,262,229.0,34.225190839694655,35.099236641221374,229,41,1,0.01
2426,450,467.0,34.51777777777778,35.55555555555556,467,80,1,0.01
2427,326,334.0,34.80061349693251,35.82515337423313,334,55,1,0.01
2428,255,282.0,39.69019607843137,40.79607843137255,282,39,1,0.01
2429,141,113.0,41.95744680851064,42.758865248226954,113,24,1,0.01
2430,162,171.0,33.28395061728395,34.339506172839506,171,23,1,0.01
2431,500,546.0,34.68,35.772,546,75,0,0.01
2432,379,348.0,32.3377308707124,33.25593667546174,348,65,1,0.01
2433,374,396.0,37.06951871657754,38.1283422459893,396,62,1,0.01
2434,265,268.0,39.24528301886792,40.25660377358491,268,44,1,0.01
2435,500,572.0,37.476,38.62,572,83,0,0.01
2436,214,208.0,41.27570093457944,42.24766355140187,208,38,1,0.01
2437,282,303.0,46.36524822695036,47.43971631205674,303,50,1,0.01
2438,212,176.0,35.910377358490564,36.740566037735846,176,41,1,0.01
2439,301,304.0,38.39867109634552,39.40863787375415,304,42,1,0.01
2440,113,77.0,35.8141592920354,36.49557522123894,77,19,1,0.01
2441,194,190.0,35.829896907216494,36.80927835051546,190,27,1,0.01
2442,500,548.0,41.978,43.074,548,74,0,0.01
2443,500,523.0,32.05,33.096,523,93,0,0.01
2444,500,598.0,41.156,42.352,598,80,0,0.01
2445,304,283.0,30.782894736842106,31.713815789473685,283,50,1,0.01
2446,189,159.0,35.31216931216931,36.15343915343915,159,32,1,0.01
2447,500,572.0,35.668,36.812,572,89,0,0.01
2448,406,430.0,34.79064039408867,35.84975369458128,430,76,1,0.01
2449,239,275.0,36.35983263598327,37.51046025104603,275,38,1,0.01
2450,434,490.0,40.98847926267281,42.117511520737324,490,73,1,0.01
2451,210,202.0,38.01428571428571,38.976190476190474,202,39,1,0.01
2452,201,182.0,37.975124378109456,38.88059701492537,182,35,1,0.01
2453,340,355.0,38.83529411764706,39.879411764705885,355,60,1,0.01
2454,477,505.0,38.299790356394126,39.35849056603774,505,90,1,0.01
2455,500,569.0,34.914,36.052,569,89,0,0.01
2456,500,541.0,33.944,35.026,541,82,0,0.01
2457,500,555.0,40.382,41.492,555,84,0,0.01
2458,500,575.0,42.202,43.352,575,83,0,0.01
2459,444,499.0,38.108108108108105,39.23198198198198,499,79,1,0.01
2460,414,431.0,41.52173913043478,42.56280193236715,431,73,1,0.01
2461,171,141.0,38.900584795321635,39.72514619883041,141,30,1,0.01
2462,199,187.0,39.301507537688444,40.24120603015076,187,35,1,0.01
2463,271,272.0,36.03321033210332,37.03690036900369,272,50,1,0.01
2464,282,310.0,32.202127659574465,33.301418439716315,310,49,1,0.01
2465,207,192.0,35.43478260869565,36.36231884057971,192,38,1,0.01
2466,500,574.0,32.568,33.716,574,93,0,0.01
2467,500,527.0,39.83,40.884,527,85,0,0.01
2468,238,212.0,30.310924369747898,31.201680672268907,212,35,1,0.01
2469,500,573.0,36.066,37.212,573,85,0,0.01
2470,254,251.0,29.5748031496063,30.562992125984252,251,37,1,0.01
2471,500,534.0,34.676,35.744,534,82,0,0.01
2472,216,190.0,32.300925925925924,33.18055555555556,190,32,1,0.01
2473,483,503.0,36.94409937888199,37.98550724637681,503,85,1,0.01
2474,500,546.0,38.136,39.228,546,82,0,0.01
2475,308,311.0,32.564935064935064,33.574675324675326,311,55,1,0.01
2476,500,547.0,39.154,40.248,547,92,0,0.01
2477,500,580.0,34.868,36.028,580,92,0,0.01
2478,500,566.0,36.47,37.602,566,86,0,0.01
2479,399,445.0,46.41102756892231,47.526315789473685,445,62,1,0.01
2480,242,253.0,40.289256198347104,41.33471074380165,253,42,1,0.01
2481,500,574.0,38.9,40.048,574,81,0,0.01
2482,435,466.0,35.57241379310345,36.64367816091954,466,69,1,0.01
2483,500,572.0,34.472,35.616,572,78,0,0.01
2484,500,604.0,42.534,43.742,604,83,0,0.01
2485,442,485.0,40.90045248868778,41.997737556561084,485,69,1,0.01
2486,500,568.0,35.252,36.388,568,82,0,0.01
2487,416,455.0,37.96153846153846,39.05528846153846,455,69,1,0.01
2488,500,562.0,31.712,32.836,562,85,0,0.01
2489,271,291.0,44.35793357933579,45.43173431734317,291,50,1,0.01
2490,288,294.0,35.87152777777778,36.892361111111114,294,51,1,0.01
2491,271,291.0,45.18081180811808,46.254612546125465,291,48,1,0.01
2492,487,592.0,44.05544147843943,45.271047227926076,592,72,1,0.01
2493,500,544.0,36.402,37.49,544,95,0,0.01
2494,500,559.0,39.538,40.656,559,82,0,0.01
2495,500,546.0,37.318,38.41,546,72,0,0.01
2496,270,255.0,36.08148148148148,37.025925925925925,255,48,1,0.01
2497,349,363.0,37.154727793696274,38.19484240687679,363,53,1,0.01
2498,500,570.0,39.232,40.372,570,75,0,0.01
2499,487,527.0,37.143737166324435,38.2258726899384,527,86,1,0.01
2500,319,333.0,37.96238244514107,39.00626959247649,333,50,1,0.01
2501,245,244.0,42.38775510204081,43.38367346938775,244,44,1,0.01
2502,394,427.0,43.71065989847716,44.79441624365482,427,61,1,0.01
2503,500,547.0,37.104,38.198,547,84,0,0.01
2504,195,173.0,34.215384615384615,35.1025641025641,173,28,1,0.01
2505,500,567.0,39.116,40.25,567,83,0,0.01
2506,500,508.0,36.986,38.002,508,91,1,0.01
2507,500,540.0,32.656,33.736,540,87,0,0.01
2508,500,591.0,41.134,42.316,591,82,0,0.01
2509,500,566.0,40.93,42.062,566,86,0,0.01
2510,500,576.0,38.29,39.442,576,85,0,0.01
2511,218,212.0,38.15596330275229,39.12844036697248,212,31,1,0.01
2512,500,550.0,39.59,40.69,550,85,0,0.01
2513,500,554.0,34.676,35.784,554,85,0,0.01
2514,370,395.0,43.15945945945946,44.22702702702703,395,64,1,0.01
2515,500,584.0,40.264,41.432,584,84,0,0.01
2516,500,538.0,36.676,37.752,538,86,0,0.01
2517,500,563.0,33.194,34.32,563,86,0,0.01
2518,292,309.0,40.14041095890411,41.1986301369863,309,47,1,0.01
2519,374,416.0,39.393048128342244,40.50534759358289,416,67,1,0.01
2520,500,520.0,40.6,41.64,520,89,0,0.01
2521,137,94.0,46.02919708029197,46.715328467153284,94,27,1,0.01
2522,500,524.0,35.636,36.684,524,74,0,0.01
2523,476,498.0,47.455882352941174,48.502100840336134,498,76,1,0.01
2524,407,432.0,37.03194103194103,38.09336609336609,432,73,1,0.01
2525,153,132.0,34.47712418300654,35.33986928104575,132,28,1,0.01
2526,500,540.0,42.908,43.988,540,86,0,0.01
2527,180,171.0,46.144444444444446,47.09444444444444,171,29,1,0.01
2528,500,554.0,31.666,32.774,554,89,0,0.01
2529,387,424.0,33.44186046511628,34.5374677002584,424,67,1,0.01
2530,245,249.0,41.59591836734694,42.61224489795919,249,43,1,0.01
2531,500,584.0,37.182,38.35,584,88,0,0.01
2532,380,387.0,33.26315789473684,34.28157894736842,387,65,1,0.01
2533,323,318.0,40.39318885448916,41.37770897832817,318,54,1,0.01
2534,365,366.0,42.75890410958904,43.76164383561644,366,70,1,0.01
2535,427,459.0,45.48711943793911,46.56206088992974,459,74,1,0.01
2536,500,521.0,40.372,41.414,521,82,0,0.01
2537,500,541.0,42.004,43.086,541,85,0,0.01
2538,171,166.0,36.21052631578947,37.1812865497076,166,33,1,0.01
2539,495,515.0,36.41616161616162,37.45656565656566,515,83,1,0.01
2540,168,178.0,37.851190476190474,38.910714285714285,178,26,1,0.01
2541,243,240.0,44.748971193415635,45.73662551440329,240,44,1,0.01
2542,500,497.0,39.23,40.224,497,92,0,0.01
2543,135,92.0,28.644444444444446,29.325925925925926,92,26,1,0.01
2544,500,557.0,41.614,42.728,557,88,0,0.01
2545,500,538.0,39.516,40.592,538,84,0,0.01
2546,346,360.0,46.58670520231214,47.627167630057805,360,61,1,0.01
2547,500,525.0,33.914,34.964,525,83,0,0.01
2548,500,560.0,39.74,40.86,560,92,0,0.01
2549,251,283.0,44.05179282868526,45.179282868525895,283,42,1,0.01
2550,329,357.0,48.121580547112465,49.20668693009119,357,56,1,0.01
2551,500,549.0,36.16,37.258,549,84,0,0.01
2552,270,252.0,37.629629629629626,38.56296296296296,252,45,1,0.01
2553,472,479.0,35.644067796610166,36.65889830508475,479,77,1,0.01
2554,500,538.0,45.892,46.968,538,87,0,0.01
2555,303,326.0,42.35643564356435,43.43234323432343,326,51,1,0.01
2556,500,524.0,40.168,41.216,524,91,0,0.01
2557,500,573.0,39.18,40.326,573,78,0,0.01
2558,500,560.0,37.456,38.576,560,91,0,0.01
2559,458,509.0,42.048034934497814,43.15938864628821,509,82,1,0.01
2560,254,234.0,43.55905511811024,44.48031496062992,234,37,1,0.01
2561,289,291.0,31.965397923875432,32.97231833910035,291,45,1,0.01
2562,162,103.0,52.71604938271605,53.351851851851855,103,30,1,0.01
2563,164,150.0,33.323170731707314,34.23780487804878,150,31,1,0.01
2564,500,535.0,36.844,37.914,535,85,0,0.01
2565,400,406.0,43.225,44.24,406,70,1,0.01
2566,500,517.0,36.284,37.318,517,83,0,0.01
2567,500,557.0,37.4,38.514,557,79,0,0.01
2568,500,534.0,38.24,39.308,534,80,0,0.01
2569,500,540.0,38.854,39.934,540,86,0,0.01
2570,500,590.0,38.282,39.462,590,84,0,0.01
2571,500,507.0,37.22,38.234,507,94,0,0.01
2572,329,355.0,45.66261398176292,46.74164133738602,355,51,1,0.01
2573,500,543.0,32.312,33.398,543,72,0,0.01
2574,141,112.0,34.00709219858156,34.801418439716315,112,25,1,0.01
2575,319,300.0,32.95297805642633,33.893416927899686,300,55,1,0.01
2576,500,546.0,35.956,37.048,546,90,0,0.01
2577,381,377.0,44.01574803149607,45.00524934383202,377,71,1,0.01
2578,244,227.0,41.0655737704918,41.99590163934426,227,41,1,0.01
2579,164,134.0,36.16463414634146,36.98170731707317,134,32,1,0.01
2580,500,523.0,39.156,40.202,523,88,0,0.01
2581,500,551.0,34.004,35.106,551,90,0,0.01
2582,408,405.0,34.25735294117647,35.25,405,79,1,0.01
2583,455,515.0,38.68131868131868,39.81318681318681,515,73,1,0.01
2584,500,560.0,39.304,40.424,560,88,0,0.01
2585,428,411.0,36.86682242990654,37.82710280373832,411,78,1,0.01
2586,500,566.0,39.148,40.28,566,88,0,0.01
2587,385,429.0,45.5012987012987,46.615584415584415,429,61,1,0.01
2588,500,575.0,43.786,44.936,575,82,0,0.01
2589,500,592.0,44.964,46.148,592,75,0,0.01
2590,251,247.0,41.46613545816733,42.45019920318725,247,50,1,0.01
2591,434,459.0,38.3294930875576,39.38709677419355,459,76,1,0.01
2592,500,540.0,38.926,40.006,540,78,0,0.01
2593,457,470.0,44.693654266958426,45.72210065645514,470,85,1,0.01
2594,159,129.0,29.49056603773585,30.30188679245283,129,23,1,0.01
2595,278,262.0,37.36330935251799,38.305755395683455,262,51,1,0.01
2596,309,306.0,31.967637540453076,32.957928802588995,306,57,1,0.01
2597,398,443.0,38.040201005025125,39.153266331658294,443,58,1,0.01
2598,144,126.0,33.354166666666664,34.229166666666664,126,22,1,0.01
2599,166,156.0,31.487951807228917,32.4277108433735,156,31,1,0.01
2600,500,539.0,40.52,41.598,539,68,0,0.01
2601,392,419.0,40.71683673469388,41.785714285714285,419,58,1,0.01
2602,263,248.0,29.23954372623574,30.182509505703422,248,41,1,0.01
2603,289,250.0,36.91349480968858,37.778546712802765,250,50,1,0.01
2604,500,563.0,40.786,41.912,563,75,0,0.01
2605,106,71.0,27.339622641509433,28.00943396226415,71,15,1,0.01
2606,435,493.0,40.234482758620686,41.367816091954026,493,63,1,0.01
2607,336,343.0,42.529761904761905,43.55059523809524,343,46,1,0.01
2608,500,522.0,38.628,39.672,522,87,0,0.01
2609,500,576.0,38.73,39.882,576,76,0,0.01
2610,313,333.0,36.35143769968051,37.415335463258785,333,53,1,0.01
2611,272,275.0,34.283088235294116,35.294117647058826,275,41,1,0.01
2612,293,317.0,42.781569965870304,43.863481228668945,317,46,1,0.01
2613,500,529.0,40.8,41.858,529,76,0,0.01
2614,256,259.0,37.546875,38.55859375,259,41,1,0.01
2615,104,82.0,37.86538461538461,38.65384615384615,82,26,1,0.01
2616,500,518.0,33.52,34.556,518,81,0,0.01
2617,500,564.0,35.812,36.94,564,74,0,0.01
2618,500,519.0,39.204,40.242,519,87,0,0.01
2619,411,432.0,38.70316301703163,39.75425790754258,432,61,1,0.01
2620,336,336.0,38.642857142857146,39.642857142857146,336,61,1,0.01
2621,277,309.0,42.69675090252708,43.812274368231044,309,45,1,0.01
2622,500,542.0,37.62,38.704,542,85,0,0.01
2623,500,558.0,31.432,32.548,558,80,0,0.01
2624,500,545.0,31.424,32.514,545,84,0,0.01
2625,500,565.0,45.72,46.85,565,78,0,0.01
2626,207,190.0,35.86473429951691,36.78260869565217,190,32,1,0.01
2627,259,244.0,41.996138996138995,42.938223938223935,244,45,1,0.01
2628,284,288.0,33.26056338028169,34.274647887323944,288,42,1,0.01
2629,172,164.0,34.47674418604651,35.43023255813954,164,27,1,0.01
2630,180,195.0,38.09444444444444,39.17777777777778,195,26,1,0.01
2631,500,538.0,34.77,35.846,538,99,0,0.01
2632,500,579.0,42.33,43.488,579,79,0,0.01
2633,500,543.0,36.666,37.752,543,87,0,0.01
2634,500,519.0,32.622,33.66,519,75,0,0.01
2635,500,535.0,36.104,37.174,535,78,0,0.01
2636,289,281.0,44.017301038062286,44.98961937716263,281,48,1,0.01
2637,500,542.0,37.338,38.422,542,72,0,0.01
2638,500,548.0,35.778,36.874,548,77,0,0.01
2639,281,301.0,36.88967971530249,37.96085409252669,301,49,1,0.01
2640,172,166.0,42.28488372093023,43.25,166,26,1,0.01
2641,204,203.0,34.48039215686274,35.47549019607843,203,36,1,0.01
2642,474,503.0,39.664556962025316,40.72573839662447,503,70,1,0.01
2643,500,568.0,38.322,39.458,568,73,0,0.01
2644,500,546.0,39.142,40.234,546,75,0,0.01
2645,500,577.0,36.506,37.66,577,80,0,0.01
2646,273,287.0,41.78021978021978,42.83150183150183,287,41,1,0.01
2647,500,584.0,38.016,39.184,584,86,0,0.01
2648,500,565.0,33.178,34.308,565,81,0,0.01
2649,500,570.0,36.774,37.914,570,80,0,0.01
2650,272,289.0,34.6875,35.75,289,36,1,0.01
2651,405,449.0,46.70123456790123,47.809876543209874,449,62,1,0.01
2652,397,411.0,42.08060453400504,43.11586901763224,411,65,1,0.01
2653,346,342.0,37.20809248554913,38.19653179190752,342,55,1,0.01
2654,344,331.0,39.39244186046512,40.354651162790695,331,66,1,0.01
2655,345,358.0,40.220289855072465,41.25797101449275,358,50,1,0.01
2656,500,546.0,32.642,33.734,546,77,0,0.01
2657,205,197.0,33.1219512195122,34.082926829268295,197,29,1,0.01
2658,360,352.0,32.019444444444446,32.99722222222222,352,54,1,0.01
2659,414,438.0,42.908212560386474,43.966183574879224,438,64,1,0.01
2660,473,520.0,39.420718816067655,40.520084566596196,520,73,1,0.01
2661,500,551.0,34.162,35.264,551,72,0,0.01
2662,500,564.0,32.392,33.52,564,74,0,0.01
2663,389,456.0,45.12082262210797,46.29305912596401,456,62,1,0.01
2664,208,175.0,46.0,46.84134615384615,175,34,1,0.01
2665,256,253.0,33.31640625,34.3046875,253,42,1,0.01
2666,229,204.0,36.06113537117904,36.951965065502186,204,38,1,0.01
2667,387,431.0,38.2687338501292,39.382428940568474,431,66,1,0.01
2668,438,459.0,30.529680365296805,31.577625570776256,459,72,1,0.01
2669,500,533.0,34.436,35.502,533,73,0,0.01
2670,500,555.0,38.98,40.09,555,76,0,0.01
2671,500,526.0,28.216,29.268,526,82,0,0.01
2672,500,601.0,35.502,36.704,601,73,0,0.01
2673,285,328.0,38.76491228070176,39.915789473684214,328,53,1,0.01
2674,231,219.0,39.8008658008658,40.74891774891775,219,35,1,0.01
2675,500,558.0,32.926,34.042,558,84,0,0.01
2676,273,296.0,36.663003663003664,37.747252747252745,296,43,1,0.01
2677,134,109.0,27.03731343283582,27.850746268656717,109,20,1,0.01
2678,500,567.0,34.452,35.586,567,87,0,0.01
2679,230,229.0,34.26521739130435,35.26086956521739,229,32,1,0.01
2680,258,240.0,33.724806201550386,34.65503875968992,240,45,1,0.01
2681,500,532.0,28.078,29.142,532,78,0,0.01
2682,500,553.0,37.04,38.146,553,95,0,0.01
2683,500,540.0,34.054,35.134,540,90,0,0.01
2684,500,562.0,34.85,35.974,562,80,0,0.01
2685,500,538.0,39.296,40.372,538,80,0,0.01
2686,467,535.0,42.66595289079229,43.811563169164884,535,80,1,0.01
2687,500,558.0,36.916,38.032,558,79,0,0.01
2688,486,550.0,38.47942386831276,39.611111111111114,550,75,1,0.01
2689,325,333.0,37.24307692307692,38.26769230769231,333,53,1,0.01
2690,261,276.0,33.367816091954026,34.42528735632184,276,37,1,0.01
2691,369,387.0,31.615176151761517,32.66395663956639,387,59,1,0.01
2692,500,506.0,31.876,32.888,506,86,0,0.01
2693,500,550.0,32.836,33.936,550,80,0,0.01
2694,500,559.0,32.298,33.416,559,77,0,0.01
2695,500,518.0,34.238,35.274,518,73,0,0.01
2696,470,525.0,42.07659574468085,43.193617021276594,525,73,1,0.01
2697,500,512.0,35.056,36.08,512,73,0,0.01
2698,230,241.0,42.12608695652174,43.17391304347826,241,32,1,0.01
2699,500,578.0,34.108,35.264,578,77,0,0.01
2700,500,561.0,36.42,37.542,561,75,0,0.01
2701,231,197.0,37.17316017316017,38.02597402597402,197,41,1,0.01
2702,500,521.0,34.144,35.186,521,83,0,0.01
2703,324,317.0,32.01543209876543,32.99382716049383,317,48,1,0.01
2704,204,195.0,31.29901960784314,32.254901960784316,195,29,1,0.01
2705,500,554.0,39.334,40.442,554,77,0,0.01
2706,336,354.0,47.81547619047619,48.86904761904762,354,63,1,0.01
2707,500,550.0,38.256,39.356,550,73,0,0.01
2708,248,246.0,36.024193548387096,37.016129032258064,246,36,1,0.01
2709,490,521.0,34.724489795918366,35.78775510204082,521,78,1,0.01
2710,152,143.0,34.23026315789474,35.171052631578945,143,23,1,0.01
2711,500,572.0,38.68,39.824,572,74,0,0.01
2712,500,558.0,33.798,34.914,558,89,0,0.01
2713,500,546.0,37.956,39.048,546,71,0,0.01
2714,403,419.0,35.08684863523573,36.126550868486355,419,61,1,0.01
2715,220,213.0,43.904545454545456,44.872727272727275,213,38,1,0.01
2716,216,189.0,35.03703703703704,35.91203703703704,189,38,1,0.01
2717,157,148.0,34.261146496815286,35.203821656050955,148,28,1,0.01
2718,147,124.0,34.625850340136054,35.46938775510204,124,27,1,0.01
2719,500,570.0,37.148,38.288,570,91,0,0.01
2720,500,577.0,42.104,43.258,577,70,0,0.01
2721,500,544.0,34.02,35.108,544,70,0,0.01
2722,500,571.0,36.796,37.938,571,88,0,0.01
2723,493,539.0,35.97565922920892,37.06896551724138,539,80,1,0.01
2724,500,569.0,33.078,34.216,569,82,0,0.01
2725,491,565.0,37.56619144602851,38.716904276985744,565,85,1,0.01
2726,327,334.0,39.09785932721712,40.11926605504587,334,59,1,0.01
2727,500,556.0,35.876,36.988,556,68,0,0.01
2728,500,530.0,38.188,39.248,530,81,0,0.01
2729,187,175.0,31.09090909090909,32.026737967914436,175,26,1,0.01
2730,261,272.0,40.60919540229885,41.651340996168585,272,43,1,0.01
2731,353,369.0,35.036827195467424,36.08215297450425,369,65,1,0.01
2732,229,213.0,36.777292576419214,37.70742358078603,213,40,1,0.01
2733,116,88.0,39.86206896551724,40.62068965517241,88,22,1,0.01
2734,174,137.0,34.666666666666664,35.45402298850575,137,31,1,0.01
2735,270,259.0,42.08888888888889,43.04814814814815,259,41,1,0.01
2736,500,575.0,37.446,38.596,575,77,0,0.01
2737,171,151.0,30.461988304093566,31.34502923976608,151,24,1,0.01
2738,500,540.0,34.622,35.702,540,78,0,0.01
2739,496,550.0,39.586693548387096,40.69556451612903,550,82,1,0.01
2740,500,580.0,35.54,36.7,580,74,0,0.01
2741,485,486.0,48.76701030927835,49.769072164948454,486,78,1,0.01
2742,358,403.0,39.245810055865924,40.37150837988827,403,55,1,0.01
2743,500,603.0,40.884,42.09,603,80,0,0.01
2744,122,95.0,31.10655737704918,31.885245901639344,95,16,1,0.01
2745,350,368.0,41.18857142857143,42.24,368,57,1,0.01
2746,483,477.0,39.997929606625256,40.98550724637681,477,75,1,0.01
2747,334,360.0,41.33532934131737,42.41317365269461,360,57,1,0.01
2748,279,298.0,34.634408602150536,35.702508960573475,298,40,1,0.01
2749,352,359.0,44.84659090909091,45.86647727272727,359,56,1,0.01
2750,419,468.0,40.856801909307876,41.97374701670645,468,70,1,0.01
2751,500,574.0,36.45,37.598,574,68,0,0.01
2752,421,405.0,38.950118764845605,39.912114014251785,405,68,1,0.01
2753,281,275.0,36.32384341637011,37.30249110320285,275,56,1,0.01
2754,421,431.0,37.857482185273156,38.8812351543943,431,66,1,0.01
2755,241,237.0,36.91701244813278,37.90041493775934,237,39,1,0.01
2756,446,449.0,31.80269058295964,32.809417040358746,449,71,1,0.01
2757,282,324.0,35.319148936170215,36.46808510638298,324,48,1,0.01
2758,500,549.0,36.692,37.79,549,83,0,0.01
2759,459,535.0,38.507625272331154,39.673202614379086,535,69,1,0.01
2760,500,516.0,34.458,35.49,516,81,0,0.01
2761,189,179.0,36.87830687830688,37.82539682539682,179,31,1,0.01
2762,276,284.0,40.44565217391305,41.47463768115942,284,48,1,0.01
2763,310,298.0,33.848387096774196,34.80967741935484,298,54,1,0.01
2764,333,355.0,48.74174174174174,49.807807807807805,355,56,1,0.01
2765,171,146.0,35.005847953216374,35.85964912280702,146,25,1,0.01
2766,500,529.0,45.03,46.088,529,89,0,0.01
2767,500,550.0,34.5,35.6,550,82,0,0.01
2768,500,545.0,39.788,40.878,545,77,0,0.01
2769,281,309.0,37.29181494661922,38.3914590747331,309,47,1,0.01
2770,500,549.0,44.22,45.318,549,73,0,0.01
2771,500,527.0,28.214,29.268,527,83,0,0.01
2772,345,363.0,36.54782608695652,37.6,363,55,1,0.01
2773,500,587.0,47.578,48.752,587,72,0,0.01
2774,500,542.0,38.136,39.22,542,74,0,0.01
2775,211,211.0,33.947867298578196,34.947867298578196,211,37,1,0.01
2776,499,504.0,38.92384769539078,39.93386773547094,504,74,1,0.01
2777,218,207.0,38.87155963302752,39.821100917431195,207,34,1,0.01
2778,489,550.0,33.648261758691206,34.77300613496933,550,71,1,0.01
2779,500,534.0,37.016,38.084,534,83,0,0.01
2780,500,557.0,36.572,37.686,557,70,0,0.01
2781,198,182.0,35.77272727272727,36.69191919191919,182,37,1,0.01
2782,346,358.0,41.65028901734104,42.6849710982659,358,58,1,0.01
2783,265,255.0,31.845283018867924,32.80754716981132,255,34,1,0.01
2784,500,510.0,34.414,35.434,510,88,0,0.01
2785,500,559.0,39.17,40.288,559,72,0,0.01
2786,500,567.0,36.602,37.736,567,86,0,0.01
2787,500,534.0,33.642,34.71,534,81,0,0.01
2788,500,546.0,38.068,39.16,546,86,0,0.01
2789,500,559.0,43.398,44.516,559,85,0,0.01
2790,500,590.0,43.252,44.432,590,83,0,0.01
2791,115,82.0,31.53913043478261,32.25217391304348,82,17,1,0.01
2792,404,405.0,45.44059405940594,46.443069306930695,405,60,1,0.01
2793,266,280.0,30.981203007518797,32.03383458646616,280,42,1,0.01
2794,155,109.0,31.419354838709676,32.12258064516129,109,20,1,0.01
2795,500,550.0,31.072,32.172,550,82,0,0.01
2796,194,179.0,38.1958762886598,39.118556701030926,179,37,1,0.01
2797,500,555.0,33.226,34.336,555,75,0,0.01
2798,173,172.0,35.01156069364162,36.005780346820806,172,27,1,0.01
2799,134,103.0,31.291044776119403,32.059701492537314,103,19,1,0.01
2800,500,541.0,32.36,33.442,541,87,0,0.01
2801,120,103.0,33.61666666666667,34.475,103,15,1,0.01
2802,469,538.0,43.84434968017057,44.991471215351815,538,77,1,0.01
2803,500,567.0,36.81,37.944,567,85,0,0.01
2804,363,393.0,40.523415977961434,41.60606060606061,393,55,1,0.01
2805,201,154.0,36.62686567164179,37.39303482587065,154,38,1,0.01
2806,254,260.0,36.531496062992126,37.55511811023622,260,42,1,0.01
2807,349,327.0,40.902578796561606,41.83954154727794,327,60,1,0.01
2808,500,521.0,29.518,30.56,521,72,0,0.01
2809,140,117.0,32.22857142857143,33.06428571428572,117,21,1,0.01
2810,178,152.0,32.21348314606742,33.06741573033708,152,29,1,0.01
2811,500,533.0,31.172,32.238,533,84,0,0.01
2812,500,591.0,42.134,43.316,591,75,0,0.01
2813,500,564.0,39.264,40.392,564,76,0,0.01
2814,500,586.0,38.824,39.996,586,82,0,0.01
2815,500,477.0,31.934,32.888,477,77,0,0.01
2816,423,417.0,36.98581560283688,37.97163120567376,417,63,1,0.01
2817,167,162.0,31.21556886227545,32.18562874251497,162,27,1,0.01
2818,270,255.0,32.87407407407407,33.818518518518516,255,41,1,0.01
2819,193,156.0,43.33678756476684,44.145077720207254,156,34,1,0.01
2820,500,510.0,34.532,35.552,510,85,0,0.01
2821,128,98.0,37.125,37.890625,98,28,1,0.01
2822,500,552.0,35.442,36.546,552,79,0,0.01
2823,360,346.0,37.644444444444446,38.605555555555554,346,67,1,0.01
2824,283,260.0,34.79505300353357,35.71378091872791,260,55,1,0.01
2825,500,565.0,47.314,48.444,565,64,0,0.01
2826,219,183.0,40.06392694063927,40.89954337899543,183,41,1,0.01
2827,500,509.0,31.69,32.708,509,70,0,0.01
2828,337,368.0,38.03560830860534,39.12759643916914,368,52,1,0.01
2829,348,333.0,36.577586206896555,37.53448275862069,333,55,1,0.01
2830,476,485.0,34.04831932773109,35.0672268907563,485,83,1,0.01
2831,195,186.0,40.174358974358974,41.12820512820513,186,28,1,0.01
2832,373,410.0,42.957104557640754,44.056300268096514,410,61,1,0.01
2833,172,192.0,37.63953488372093,38.75581395348837,192,27,1,0.01
2834,253,232.0,29.604743083003953,30.52173913043478,232,36,1,0.01
2835,133,120.0,39.669172932330824,40.57142857142857,120,21,1,0.01
2836,399,396.0,29.75689223057644,30.74937343358396,396,69,1,0.01
2837,352,391.0,39.67329545454545,40.78409090909091,391,59,1,0.01
2838,500,590.0,36.372,37.552,590,78,0,0.01
2839,184,187.0,27.320652173913043,28.33695652173913,187,24,1,0.01
2840,191,180.0,37.68586387434555,38.6282722513089,180,29,1,0.01
2841,172,137.0,41.48255813953488,42.27906976744186,137,36,1,0.01
2842,500,540.0,36.768,37.848,540,85,0,0.01
2843,500,551.0,37.016,38.118,551,74,0,0.01
2844,500,568.0,36.822,37.958,568,85,0,0.01
2845,180,146.0,28.961111111111112,29.772222222222222,146,29,1,0.01
2846,230,221.0,31.03913043478261,32.0,221,34,1,0.01
2847,500,512.0,30.942,31.966,512,79,0,0.01
2848,123,111.0,36.10569105691057,37.00813008130081,111,21,1,0.01
2849,500,546.0,35.868,36.96,546,79,0,0.01
2850,500,595.0,42.566,43.756,595,76,0,0.01
2851,500,551.0,45.864,46.966,551,91,0,0.01
2852,425,467.0,38.93411764705883,40.03294117647059,467,61,1,0.01
2853,181,184.0,33.69060773480663,34.70718232044199,184,33,1,0.01
2854,280,313.0,39.542857142857144,40.660714285714285,313,48,1,0.01
2855,279,291.0,41.4336917562724,42.47670250896057,291,41,1,0.01
2856,323,330.0,34.1671826625387,35.188854489164086,330,56,1,0.01
2857,193,161.0,40.27461139896373,41.10880829015544,161,31,1,0.01
2858,455,481.0,46.72087912087912,47.778021978021975,481,82,1,0.01
2859,234,228.0,41.39316239316239,42.36752136752137,228,33,1,0.01
2860,500,541.0,29.066,30.148,541,77,0,0.01
2861,500,567.0,36.112,37.246,567,89,0,0.01
2862,438,431.0,40.598173515981735,41.582191780821915,431,76,1,0.01
2863,475,498.0,35.810526315789474,36.858947368421056,498,87,1,0.01
2864,314,335.0,32.94904458598726,34.01592356687898,335,50,1,0.01
2865,333,363.0,43.552552552552555,44.64264264264264,363,55,1,0.01
2866,253,231.0,35.04347826086956,35.95652173913044,231,41,1,0.01
2867,498,506.0,35.618473895582326,36.63453815261044,506,93,1,0.01
2868,199,193.0,34.51256281407035,35.482412060301506,193,42,1,0.01
2869,297,308.0,33.966329966329965,35.003367003367,308,55,1,0.01
2870,347,342.0,38.06051873198847,39.04610951008645,342,62,1,0.01
2871,255,250.0,42.713725490196076,43.694117647058825,250,46,1,0.01
2872,355,369.0,38.138028169014085,39.177464788732394,369,53,1,0.01
2873,269,260.0,38.066914498141266,39.03345724907063,260,47,1,0.01
2874,500,564.0,42.512,43.64,564,87,0,0.01
2875,500,563.0,35.578,36.704,563,79,0,0.01
2876,160,156.0,30.89375,31.86875,156,25,1,0.01
2877,328,338.0,35.56707317073171,36.59756097560975,338,56,1,0.01
2878,347,316.0,34.52161383285303,35.43227665706052,316,48,1,0.01
2879,500,526.0,36.666,37.718,526,92,0,0.01
2880,500,542.0,40.63,41.714,542,86,0,0.01
2881,284,291.0,33.54577464788732,34.570422535211264,291,57,1,0.01
2882,500,543.0,37.972,39.058,543,95,0,0.01
2883,500,573.0,36.868,38.014,573,86,0,0.01
2884,248,259.0,40.564516129032256,41.608870967741936,259,46,1,0.01
2885,359,392.0,35.626740947075206,36.71866295264624,392,59,1,0.01
2886,276,266.0,30.384057971014492,31.347826086956523,266,46,1,0.01
2887,500,572.0,28.134,29.278,572,80,0,0.01
2888,500,540.0,36.578,37.658,540,85,0,0.01
2889,500,530.0,32.522,33.582,530,90,0,0.01
2890,500,575.0,32.956,34.106,575,81,0,0.01
2891,285,286.0,30.768421052631577,31.771929824561404,286,52,1,0.01
2892,362,396.0,40.68508287292818,41.77900552486188,396,64,1,0.01
2893,500,541.0,36.038,37.12,541,79,0,0.01
2894,421,447.0,34.87885985748218,35.94061757719715,447,69,1,0.01
2895,383,410.0,35.911227154047,36.98172323759791,410,66,1,0.01
2896,192,185.0,31.671875,32.635416666666664,185,34,1,0.01
2897,500,526.0,37.892,38.944,526,98,0,0.01
2898,180,169.0,30.27777777777778,31.216666666666665,169,31,1,0.01
2899,500,550.0,36.54,37.64,550,87,0,0.01
2900,252,247.0,42.23809523809524,43.21825396825397,247,48,1,0.01
2901,398,401.0,40.37688442211055,41.38442211055276,401,85,1,0.01
2902,443,474.0,40.15575620767494,41.22573363431151,474,85,1,0.01
2903,217,196.0,43.02304147465438,43.92626728110599,196,42,1,0.01
2904,500,533.0,33.634,34.7,533,80,0,0.01
2905,168,133.0,36.56547619047619,37.357142857142854,133,36,1,0.01
2906,442,481.0,43.11764705882353,44.205882352941174,481,77,1,0.01
2907,349,326.0,40.00859598853868,40.94269340974212,326,66,1,0.01
2908,255,255.0,42.16078431372549,43.16078431372549,255,44,1,0.01
2909,360,365.0,40.769444444444446,41.78333333333333,365,48,1,0.01
2910,174,159.0,39.304597701149426,40.2183908045977,159,28,1,0.01
2911,324,321.0,33.175925925925924,34.166666666666664,321,54,1,0.01
2912,303,310.0,36.98679867986799,38.00990099009901,310,40,1,0.01
2913,311,322.0,40.97749196141479,42.01286173633441,322,55,1,0.01
2914,484,551.0,49.32644628099174,50.46487603305785,551,90,1,0.01
2915,302,296.0,41.16556291390729,42.145695364238414,296,44,1,0.01
2916,237,224.0,36.46835443037975,37.413502109704645,224,41,1,0.01
2917,203,184.0,32.04433497536946,32.95073891625616,184,36,1,0.01
2918,500,552.0,41.738,42.842,552,95,0,0.01
2919,470,465.0,37.67446808510638,38.66382978723404,465,90,1,0.01
2920,316,318.0,40.81962025316456,41.825949367088604,318,57,1,0.01
2921,232,257.0,41.62931034482759,42.73706896551724,257,39,1,0.01
2922,493,530.0,38.44421906693712,39.51926977687627,530,77,1,0.01
2923,500,495.0,33.108,34.098,495,90,0,0.01
2924,403,420.0,35.940446650124066,36.98263027295285,420,69,1,0.01
2925,238,235.0,35.54621848739496,36.53361344537815,235,37,1,0.01
2926,344,345.0,38.22093023255814,39.223837209302324,345,65,1,0.01
2927,200,184.0,39.12,40.04,184,35,1,0.01
2928,288,294.0,43.739583333333336,44.760416666666664,294,47,1,0.01
2929,379,356.0,34.699208443271765,35.638522427440634,356,68,1,0.01
2930,500,546.0,40.416,41.508,546,93,0,0.01
2931,493,494.0,45.004056795131845,46.00608519269777,494,90,1,0.01
2932,500,558.0,32.936,34.052,558,81,0,0.01
2933,311,290.0,31.260450160771704,32.19292604501608,290,53,1,0.01
2934,327,359.0,34.571865443425075,35.669724770642205,359,52,1,0.01
2935,181,154.0,35.88397790055249,36.73480662983425,154,41,1,0.01
2936,176,142.0,34.52840909090909,35.33522727272727,142,30,1,0.01
2937,206,177.0,35.95145631067961,36.810679611650485,177,39,1,0.01
2938,339,348.0,42.227138643067846,43.25368731563422,348,66,1,0.01
2939,367,361.0,35.48228882833787,36.46594005449591,361,61,1,0.01
2940,181,159.0,35.552486187845304,36.430939226519335,159,39,1,0.01
2941,189,185.0,38.116402116402114,39.095238095238095,185,34,1,0.01
2942,393,369.0,37.31043256997455,38.24936386768448,369,69,1,0.01
2943,132,119.0,39.43939393939394,40.34090909090909,119,20,1,0.01
2944,500,564.0,39.824,40.952,564,92,0,0.01
2945,500,555.0,39.718,40.828,555,85,0,0.01
2946,160,131.0,40.575,41.39375,131,22,1,0.01
2947,217,239.0,39.88940092165899,40.99078341013825,239,37,1,0.01
2948,428,454.0,33.61915887850467,34.679906542056074,454,59,1,0.01
2949,447,509.0,45.12751677852349,46.266219239373605,509,81,1,0.01
2950,189,176.0,42.629629629629626,43.560846560846564,176,33,1,0.01
2951,269,276.0,37.486988847583646,38.513011152416354,276,48,1,0.01
2952,418,421.0,33.3421052631579,34.34928229665072,421,69,1,0.01
2953,269,258.0,33.42007434944238,34.37918215613383,258,47,1,0.01
2954,173,153.0,33.83236994219653,34.716763005780344,153,29,1,0.01
2955,185,171.0,39.58918918918919,40.513513513513516,171,33,1,0.01
2956,308,306.0,33.76623376623377,34.75974025974026,306,48,1,0.01
2957,500,537.0,31.152,32.226,537,78,0,0.01
2958,242,221.0,45.421487603305785,46.33471074380165,221,46,1,0.01
2959,416,431.0,34.27403846153846,35.31009615384615,431,71,1,0.01
2960,267,261.0,30.861423220973784,31.83895131086142,261,45,1,0.01
2961,395,375.0,38.129113924050635,39.07848101265823,375,62,1,0.01
2962,229,222.0,35.24454148471616,36.213973799126634,222,37,1,0.01
2963,222,218.0,35.527027027027025,36.509009009009006,218,41,1,0.01
2964,371,384.0,35.58490566037736,36.6199460916442,384,58,1,0.01
2965,322,335.0,34.01242236024845,35.0527950310559,335,57,1,0.01
2966,500,519.0,34.072,35.11,519,84,0,0.01
2967,181,168.0,33.04419889502763,33.972375690607734,168,32,1,0.01
2968,265,267.0,42.886792452830186,43.89433962264151,267,47,1,0.01
2969,387,412.0,37.98966408268734,39.054263565891475,412,62,1,0.01
2970,500,507.0,32.902,33.916,507,81,0,0.01
2971,500,555.0,43.444,44.554,555,95,0,0.01
2972,305,306.0,37.90491803278689,38.90819672131148,306,55,1,0.01
2973,143,119.0,35.53146853146853,36.36363636363637,119,23,1,0.01
2974,500,546.0,38.122,39.214,546,74,0,0.01
2975,208,219.0,44.86538461538461,45.91826923076923,219,33,1,0.01
2976,238,229.0,37.89915966386555,38.86134453781513,229,34,1,0.01
2977,446,467.0,40.84529147982063,41.89237668161435,467,63,1,0.01
2978,436,440.0,40.793577981651374,41.80275229357798,440,65,1,0.01
2979,283,295.0,48.763250883392224,49.80565371024735,295,37,1,0.01
2980,200,197.0,43.39,44.375,197,39,1,0.01
2981,270,274.0,35.34074074074074,36.355555555555554,274,44,1,0.01
2982,444,441.0,41.141891891891895,42.13513513513514,441,72,1,0.01
2983,168,148.0,39.94642857142857,40.82738095238095,148,31,1,0.01
2984,500,580.0,34.156,35.316,580,69,0,0.01
2985,500,546.0,26.882,27.974,546,72,0,0.01
2986,195,210.0,32.92820512820513,34.00512820512821,210,34,1,0.01
2987,362,360.0,37.549723756906076,38.54419889502763,360,63,1,0.01
2988,158,147.0,36.24683544303797,37.177215189873415,147,25,1,0.01
2989,500,557.0,40.442,41.556,557,86,0,0.01
2990,185,162.0,34.513513513513516,35.38918918918919,162,31,1,0.01
2991,274,266.0,39.96715328467153,40.93795620437956,266,46,1,0.01
2992,500,552.0,40.772,41.876,552,85,0,0.01
2993,225,224.0,45.093333333333334,46.08888888888889,224,43,1,0.01
2994,493,499.0,38.26977687626775,39.281947261663284,499,92,1,0.01
2995,176,187.0,39.42613636363637,40.48863636363637,187,28,1,0.01
2996,337,346.0,40.86646884272997,41.89317507418398,346,59,1,0.01
2997,329,330.0,40.66565349544073,41.66869300911854,330,64,1,0.01
2998,165,155.0,35.45454545454545,36.39393939393939,155,30,1,0.01
2999,197,191.0,41.93908629441624,42.90862944162436,191,33,1,0.01
3000,500,565.0,35.812,36.942,565,82,0,0.01
