episode,steps,cumulative_reward,average_queue_length,average_waiting_time,total_throughput,phase_switches,overflow_count,epsilon
1,120,-169.01042080714646,60.025,60.21666666666667,23,54,1,1.0
2,160,-225.76760650493412,68.3625,68.7,54,65,1,0.995
3,129,-184.25305226045413,63.72868217054263,63.96124031007752,30,57,1,0.990025
4,128,-200.71488929105632,70.7265625,70.9921875,34,55,1,0.985074875
5,139,-166.74237386070502,52.07194244604317,52.33812949640288,37,59,1,0.9801495006250001
6,144,-230.19872303637246,72.8125,73.07638888888889,38,63,1,0.9752487531218751
7,165,-261.655989757459,76.41818181818182,76.69090909090909,45,71,1,0.9703725093562657
8,166,-251.29477714979325,75.1987951807229,75.48192771084338,47,71,1,0.9655206468094844
9,186,-288.66384728979045,78.24731182795699,78.55913978494624,58,79,1,0.960693043575437
10,132,-171.55084451133115,60.68939393939394,61.02272727272727,44,55,1,0.9558895783575597
11,153,-184.82334437299482,60.31372549019608,60.666666666666664,54,63,1,0.9511101304657719
12,134,-159.6936350781587,54.96268656716418,55.291044776119406,44,55,1,0.946354579813443
13,110,-109.51920011073884,48.77272727272727,49.22727272727273,50,43,1,0.9416228069143757
14,138,-174.20255474672297,56.89855072463768,57.210144927536234,43,58,1,0.9369146928798039
15,162,-188.26694003958048,58.9320987654321,59.27777777777778,56,67,1,0.9322301194154049
16,149,-210.9707321226673,65.59731543624162,65.90604026845638,46,63,1,0.9275689688183278
17,145,-190.69224304884898,63.66896551724138,64.00689655172414,49,58,1,0.9229311239742362
18,141,-176.44959107822132,57.858156028368796,58.163120567375884,43,59,1,0.918316468354365
19,160,-243.50618349044802,77.08125,77.5,67,63,1,0.9137248860125932
20,100,-133.3244822224989,56.04,56.25,21,45,1,0.9091562615825302
21,149,-187.27087108026257,60.97315436241611,61.348993288590606,56,60,1,0.9046104802746175
22,162,-230.10064788346864,68.91975308641975,69.29012345679013,60,66,1,0.9000874278732445
23,133,-172.15203606928964,59.857142857142854,60.16541353383459,41,56,1,0.8955869907338783
24,130,-172.49104549627657,61.176923076923075,61.46923076923077,38,55,1,0.8911090557802088
25,137,-196.79744803996107,63.54014598540146,63.802919708029194,36,58,1,0.8866535105013078
26,140,-183.06354004791254,61.69285714285714,61.99285714285714,42,59,1,0.8822202429488013
27,138,-208.62290593690767,67.7536231884058,67.98550724637681,32,59,1,0.8778091417340573
28,113,-139.36711894763002,51.72566371681416,52.008849557522126,32,48,1,0.8734200960253871
29,117,-126.4138405933439,51.47863247863248,51.87179487179487,46,46,1,0.8690529955452602
30,153,-192.16024433520892,60.90196078431372,61.254901960784316,54,63,1,0.8647077305675338
31,155,-150.74901895636253,52.0258064516129,52.535483870967745,79,57,1,0.8603841919146962
32,137,-181.14391687504192,63.45985401459854,63.824817518248175,50,56,1,0.8560822709551227
33,138,-166.58275057383963,57.369565217391305,57.710144927536234,47,57,1,0.851801859600347
34,122,-142.47493476073484,56.22950819672131,56.63934426229508,50,48,1,0.8475428503023453
35,112,-112.78332692154031,47.330357142857146,47.723214285714285,44,45,1,0.8433051360508336
36,166,-262.83683648124196,81.03012048192771,81.43975903614458,68,65,1,0.8390886103705794
37,150,-156.14194141923187,57.233333333333334,57.77333333333333,81,54,1,0.8348931673187264
38,158,-225.31803188485384,71.79113924050633,72.13291139240506,54,65,1,0.8307187014821328
39,145,-130.52312724877012,49.91724137931035,50.46206896551724,79,52,1,0.8265651079747222
40,171,-232.44688973526428,67.78947368421052,68.14035087719299,60,69,1,0.8224322824348486
41,163,-224.5254661501866,70.86503067484662,71.30674846625767,72,64,1,0.8183201210226743
42,166,-161.10454114577934,52.28915662650602,52.72289156626506,72,64,1,0.8142285204175609
43,139,-172.7171231525141,59.143884892086334,59.56115107913669,58,54,1,0.810157377815473
44,129,-183.4943475267852,64.69767441860465,65.02325581395348,42,53,1,0.8061065909263957
45,103,-98.55895734956961,46.89320388349515,47.36893203883495,49,38,1,0.8020760579717637
46,157,-171.66640826777552,56.18471337579618,56.54140127388535,56,63,1,0.798065677681905
47,208,-277.16266204963694,75.07692307692308,75.59615384615384,108,77,1,0.7940753492934954
48,117,-161.27820038204473,59.0940170940171,59.401709401709404,36,49,1,0.7901049725470279
49,157,-183.14451120658433,64.14649681528662,64.69426751592357,86,56,1,0.7861544476842928
50,166,-196.7438093780133,61.566265060240966,61.975903614457835,68,66,1,0.7822236754458713
51,141,-149.45333617025824,57.88652482269504,58.3758865248227,69,53,1,0.778312557068642
52,167,-186.12762719324658,59.81437125748503,60.32934131736527,86,62,1,0.7744209942832988
53,164,-217.40937661655124,69.07317073170732,69.57317073170732,82,61,1,0.7705488893118823
54,184,-227.3956702370371,66.97282608695652,67.42934782608695,84,70,1,0.7666961448653229
55,128,-152.0398461539742,60.0390625,60.484375,57,50,1,0.7628626641409962
56,155,-209.83523617899095,67.60645161290323,68.03870967741935,67,61,1,0.7590483508202912
57,189,-257.3061021439582,75.03174603174604,75.55026455026454,98,70,1,0.7552531090661897
58,109,-122.73248893288127,51.14678899082569,51.54128440366973,43,42,1,0.7514768435208588
59,160,-176.79868164033712,57.725,58.20625,77,59,1,0.7477194593032545
60,98,-96.40614784595549,40.97959183673469,41.275510204081634,29,39,1,0.7439808620067382
61,194,-246.4501365698218,72.87113402061856,73.47422680412372,117,66,1,0.7402609576967045
62,175,-198.1495309336378,61.97714285714286,62.47428571428571,87,64,1,0.736559652908221
63,155,-163.81969225528024,57.21935483870968,57.70967741935484,76,58,1,0.7328768546436799
64,167,-133.29786064870055,47.41317365269461,47.958083832335326,91,59,1,0.7292124703704616
65,138,-209.95386862664944,70.59420289855072,70.94202898550725,48,56,1,0.7255664080186093
66,157,-189.2119446733359,64.61783439490446,65.11464968152866,78,56,1,0.7219385759785162
67,142,-142.84350354351218,50.88028169014085,51.30281690140845,60,53,1,0.7183288830986236
68,150,-152.1197074625726,55.84,56.35333333333333,77,52,1,0.7147372386831305
69,188,-247.2920803558692,69.07446808510639,69.51063829787235,82,73,1,0.7111635524897149
70,162,-116.55347014101699,41.15432098765432,41.67283950617284,84,52,1,0.7076077347272662
71,137,-135.7086571273293,52.153284671532845,52.65693430656934,69,50,1,0.7040696960536299
72,211,-265.03192171773924,71.27488151658768,71.81042654028435,113,76,1,0.7005493475733617
73,162,-197.55983241105594,66.38888888888889,66.88271604938272,80,59,1,0.697046600835495
74,142,-125.61911345422129,47.11267605633803,47.605633802816904,70,50,1,0.6935613678313175
75,151,-134.43503325428136,49.47682119205298,49.973509933774835,75,51,1,0.6900935609921609
76,212,-251.46077425812177,69.42924528301887,70.04716981132076,131,70,1,0.6866430931872001
77,136,-136.38057392388788,55.13970588235294,55.72794117647059,80,44,1,0.6832098777212641
78,173,-202.53309034322336,66.35838150289017,66.86705202312139,88,62,1,0.6797938283326578
79,194,-190.8273747440088,55.881443298969074,56.381443298969074,97,70,1,0.6763948591909945
80,194,-176.39064089770588,56.324742268041234,56.98969072164948,129,63,1,0.6730128848950395
81,270,-306.08519158213727,69.38148148148149,69.93703703703704,150,97,1,0.6696478204705644
82,214,-251.4833070086866,68.78971962616822,69.38785046728972,128,74,1,0.6662995813682115
83,147,-157.3428953738499,53.625850340136054,54.06122448979592,64,56,1,0.6629680834613705
84,183,-215.78476553858897,68.4153005464481,69.02732240437159,112,62,1,0.6596532430440636
85,147,-185.22733797341468,64.27891156462584,64.78231292517007,74,53,1,0.6563549768288433
86,273,-352.9724719869801,78.6923076923077,79.2967032967033,165,95,1,0.653073201944699
87,146,-140.5865578642191,51.897260273972606,52.41095890410959,75,53,1,0.6498078359349755
88,141,-143.96448970028018,55.5531914893617,56.148936170212764,84,46,1,0.6465587967553006
89,228,-246.48866721066778,65.14473684210526,65.7719298245614,143,74,1,0.6433260027715241
90,157,-157.98473729608716,54.10191082802548,54.5859872611465,76,55,1,0.6401093727576664
91,116,-110.46472026302537,45.974137931034484,46.474137931034484,58,41,1,0.6369088258938781
92,131,-138.47962491790233,58.847328244274806,59.48854961832061,84,42,1,0.6337242817644086
93,181,-185.72373356954057,62.48066298342541,63.171270718232044,125,56,1,0.6305556603555866
94,183,-142.42775589218155,50.442622950819676,51.08196721311475,117,60,1,0.6274028820538087
95,154,-112.0420800154318,44.34415584415584,44.94805194805195,93,51,1,0.6242658676435396
96,188,-156.85238885663642,51.3563829787234,51.984042553191486,118,62,1,0.6211445383053219
97,124,-127.85561533040229,49.95161290322581,50.354838709677416,50,47,1,0.6180388156137953
98,236,-256.148771014242,67.91101694915254,68.58474576271186,159,78,1,0.6149486215357263
99,227,-299.8458204783161,81.5330396475771,82.16740088105728,144,76,1,0.6118738784280476
100,141,-172.99055081825674,59.4468085106383,59.829787234042556,54,56,1,0.6088145090359074
101,163,-167.79063490309207,58.99386503067485,59.644171779141104,106,54,1,0.6057704364907278
102,199,-224.8551400436011,67.91959798994975,68.5427135678392,124,68,1,0.6027415843082742
103,186,-177.4127305867424,60.45161290322581,61.20967741935484,141,56,1,0.5997278763867329
104,152,-157.47526107435178,56.24342105263158,56.776315789473685,81,53,1,0.5967292370047992
105,188,-214.17461295423502,65.18085106382979,65.72340425531915,102,64,1,0.5937455908197752
106,157,-128.66289080540594,49.394904458598724,50.06369426751592,105,50,1,0.5907768628656763
107,187,-153.57114079055174,53.49732620320856,54.20320855614973,132,59,1,0.5878229785513479
108,173,-142.78403084207457,51.005780346820806,51.589595375722546,101,57,1,0.5848838636585911
109,169,-208.46232406998308,64.92307692307692,65.3491124260355,72,64,1,0.5819594443402982
110,211,-186.04514790373568,55.981042654028435,56.687203791469194,149,67,1,0.5790496471185967
111,228,-256.377833999649,68.2280701754386,68.83333333333333,138,76,1,0.5761543988830038
112,180,-157.3574602001812,57.144444444444446,57.88333333333333,133,56,1,0.5732736268885887
113,190,-188.59655238103488,59.67368421052632,60.27368421052632,114,65,1,0.5704072587541458
114,195,-207.73637748963077,61.9025641025641,62.48205128205128,113,68,1,0.567555222460375
115,221,-188.62539039871132,55.57013574660633,56.2579185520362,152,69,1,0.5647174463480732
116,129,-152.04157475556107,58.666666666666664,59.17829457364341,66,44,1,0.5618938591163328
117,183,-152.5923059317776,52.32786885245902,52.94535519125683,113,61,1,0.5590843898207511
118,224,-209.27996921536135,59.78125,60.46875,154,68,1,0.5562889678716474
119,162,-155.87161957669264,57.30864197530864,57.9320987654321,101,55,1,0.5535075230322891
120,144,-148.46418032452337,57.44444444444444,58.048611111111114,87,46,1,0.5507399854171277
121,241,-190.53236574884085,57.24896265560166,58.016597510373444,185,69,1,0.547986285490042
122,299,-292.3156189206145,68.33779264214047,69.07357859531773,220,89,1,0.5452463540625918
123,203,-173.16528132331368,58.39408866995074,59.118226600985224,147,64,1,0.5425201222922789
124,220,-234.2437711199225,66.04545454545455,66.68181818181819,140,72,1,0.5398075216808175
125,231,-213.96688689738824,60.79220779220779,61.46320346320346,155,74,1,0.5371084840724134
126,184,-160.6609319642651,54.94021739130435,55.63586956521739,128,57,1,0.5344229416520513
127,210,-199.4624035293769,59.22380952380952,59.9,142,68,1,0.531750826943791
128,229,-188.33601287971868,58.17467248908297,58.96943231441048,182,66,1,0.5290920728090721
129,108,-72.6344997519087,37.925925925925924,38.44444444444444,56,39,1,0.5264466124450268
130,169,-139.6493081761944,50.76923076923077,51.37869822485207,103,54,1,0.5238143793828016
131,225,-252.9982530213949,75.11111111111111,75.91555555555556,181,64,1,0.5211953074858876
132,207,-171.7455142060113,56.84057971014493,57.632850241545896,164,58,1,0.5185893309484582
133,146,-102.6960337245592,43.965753424657535,44.582191780821915,90,47,1,0.5159963842937159
134,218,-146.56848503126807,48.70183486238532,49.46330275229358,166,64,1,0.5134164023722473
135,169,-119.91407425582948,45.37278106508876,45.98224852071006,103,52,1,0.510849320360386
136,324,-264.6113639050609,61.51543209876543,62.324074074074076,262,93,1,0.5082950737585841
137,305,-231.66393439795777,56.40327868852459,57.20327868852459,244,88,1,0.5057535983897912
138,257,-209.9354308987992,60.72373540856031,61.51750972762646,204,78,1,0.5032248303978422
139,212,-195.66871703959387,58.429245283018865,59.04716981132076,131,67,1,0.500708706245853
140,139,-134.18413833910336,52.60431654676259,53.15107913669065,76,49,1,0.4982051627146237
141,197,-138.68520357507668,50.65482233502538,51.441624365482234,155,52,1,0.49571413690105054
142,148,-111.95743231907446,49.398648648648646,50.0945945945946,103,45,1,0.4932355662165453
143,281,-159.03566810254074,49.270462633451956,50.11032028469751,236,76,1,0.4907693883854626
144,207,-120.71173917694408,46.80193236714976,47.58454106280193,162,59,1,0.4883155414435353
145,228,-165.89679131534385,53.473684210526315,54.271929824561404,182,66,1,0.4858739637363176
146,295,-264.9919720177258,66.48135593220339,67.31186440677966,245,80,1,0.483444593917636
147,220,-173.27152370749656,56.25,56.986363636363635,162,63,1,0.4810273709480478
148,217,-81.69250210087884,35.294930875576036,36.07373271889401,169,61,1,0.47862223409330756
149,229,-165.63267476320243,53.672489082969435,54.47598253275109,184,63,1,0.47622912292284103
150,178,-158.82246850859804,55.23033707865169,55.853932584269664,111,49,1,0.4738479773082268
151,203,-129.29706359731523,52.05911330049261,52.935960591133004,178,56,1,0.47147873742168567
152,171,-117.53512228774895,47.853801169590646,48.60818713450293,129,52,1,0.46912134373457726
153,175,-147.36019867512738,53.434285714285714,54.10285714285714,117,54,1,0.46677573701590436
154,271,-213.76351442543222,55.35424354243543,56.06642066420664,193,84,1,0.46444185833082485
155,213,-158.99722343362583,51.971830985915496,52.68075117370892,151,61,1,0.46211964903917074
156,192,-135.4569029624238,52.03125,52.8125,150,55,1,0.4598090507939749
157,156,-97.84584063795252,39.28846153846154,39.92948717948718,100,48,1,0.457510005540005
158,334,-338.52467074924965,76.1377245508982,77.04491017964072,303,87,1,0.45522245551230495
159,173,-120.06865339567055,49.0,49.7514450867052,130,48,1,0.4529463432347434
160,243,-130.55339117147713,43.4320987654321,44.205761316872426,188,67,1,0.4506816115185697
161,292,-249.5642537473876,62.95890410958904,63.736301369863014,227,82,1,0.4484282034609769
162,490,-343.1242784630982,62.720408163265304,63.66122448979592,461,125,1,0.446186062443672
163,155,-118.87672592205932,47.58709677419355,48.25806451612903,104,44,1,0.4439551321314536
164,208,-168.00661726288962,53.17307692307692,53.85096153846154,141,60,1,0.4417353564707963
165,380,-332.6697534732264,68.32894736842105,69.2421052631579,347,102,1,0.43952667968844233
166,113,-52.95254024497482,35.26548672566372,36.07964601769911,92,28,1,0.43732904629000013
167,174,-109.47374984377252,43.78735632183908,44.51149425287356,126,47,1,0.4351424010585501
168,207,-149.72533842082467,54.55072463768116,55.38647342995169,173,58,1,0.43296668905325736
169,137,-123.96664084607531,53.32116788321168,54.043795620437955,99,40,1,0.43080185560799106
170,112,-65.54284661402794,33.3125,33.88392857142857,64,34,1,0.4286478463299511
171,116,-86.26853217884614,41.01724137931034,41.62068965517241,70,33,1,0.42650460709830135
172,121,-72.18971916836078,38.082644628099175,38.85950413223141,94,35,1,0.42437208406280985
173,377,-270.55602480762025,60.777188328912466,61.69230769230769,345,95,1,0.4222502236424958
174,385,-188.31573435140353,47.95844155844156,48.86493506493507,349,95,1,0.42013897252428334
175,224,-96.13351381880089,39.419642857142854,40.223214285714285,180,55,1,0.4180382776616619
176,135,-97.1029613608484,42.54814814814815,43.14074074074074,80,43,1,0.4159480862733536
177,236,-122.34192327886181,44.483050847457626,45.28813559322034,190,62,1,0.41386834584198684
178,197,-109.24210290970203,45.27918781725889,46.12690355329949,167,54,1,0.4117990041127769
179,167,-139.37951211084604,51.964071856287426,52.61077844311377,108,50,1,0.40974000909221303
180,316,-142.1543902682531,46.15822784810127,47.08860759493671,294,77,1,0.40769130904675194
181,132,-77.31856611372882,40.484848484848484,41.196969696969695,94,37,1,0.40565285250151817
182,237,-153.7107664355738,54.67932489451477,55.56962025316456,211,59,1,0.4036245882390106
183,146,-89.59153020062314,39.61643835616438,40.273972602739725,96,42,1,0.4016064652978155
184,198,-94.75014997013827,41.58080808080808,42.41919191919192,166,54,1,0.3995984329713264
185,252,-148.64918817201448,48.97222222222222,49.82936507936508,216,63,1,0.3976004408064698
186,405,-254.24092664557926,56.36543209876543,57.318518518518516,386,95,1,0.39561243860243744
187,362,-130.4273203228987,46.027624309392266,47.08563535911602,383,78,1,0.3936343764094253
188,363,-322.4546635924949,72.1625344352617,73.09917355371901,340,93,1,0.39166620452737816
189,134,-68.35831309389954,35.701492537313435,36.38805970149254,92,37,1,0.3897078735047413
190,176,-110.9658470509589,46.39772727272727,47.16477272727273,135,46,1,0.3877593341372176
191,438,-292.0449057997012,61.48858447488585,62.470319634703195,430,99,1,0.3858205374665315
192,344,-251.5147288184985,60.16279069767442,61.08139534883721,316,83,1,0.38389143477919885
193,143,-78.28646449029732,37.75524475524475,38.48951048951049,105,36,1,0.3819719776053028
194,203,-112.37296699190259,45.847290640394085,46.67487684729064,168,52,1,0.3800621177172763
195,199,-87.21638162027122,41.71859296482412,42.597989949748744,175,49,1,0.37816180712868996
196,249,-156.55222612545262,48.2289156626506,49.00803212851405,194,62,1,0.37627099809304654
197,172,-77.85565375515601,43.377906976744185,44.33720930232558,165,41,1,0.3743896431025813
198,251,-153.73736423578376,49.235059760956176,50.04382470119522,203,68,1,0.37251769488706843
199,157,-86.78136872678175,44.70700636942675,45.560509554140125,134,42,1,0.3706551064126331
200,170,-81.1901487149604,35.61764705882353,36.38235294117647,130,41,1,0.36880183088056995
201,469,-234.5777508945219,53.20255863539445,54.20682302771855,471,106,1,0.3669578217261671
202,315,-190.25146125742447,56.0,56.95238095238095,300,74,1,0.36512303261753626
203,357,-226.58399411981978,57.03361344537815,58.00560224089636,347,78,1,0.3632974174544486
204,181,-91.66296326240843,40.68508287292818,41.48066298342541,144,47,1,0.3614809303671764
205,185,-82.42891132592825,38.6972972972973,39.535135135135135,155,48,1,0.3596735257153405
206,349,-184.13894177222338,50.154727793696274,51.060171919770774,316,85,1,0.3578751580867638
207,423,-159.67085516031457,44.70685579196218,45.657210401891255,402,101,1,0.35608578229633
208,117,-62.28384276326234,36.837606837606835,37.56410256410256,85,30,1,0.3543053533848483
209,339,-242.82277024571627,58.26843657817109,59.14159292035398,296,86,1,0.35253382661792404
210,227,-131.42948123749983,47.85462555066079,48.72246696035242,197,55,1,0.3507711574848344
211,413,-249.55786364458092,58.89588377723971,59.94430992736078,433,85,1,0.34901730169741024
212,314,-93.761141491767,39.23566878980892,40.15605095541401,289,72,1,0.3472722151889232
213,374,-200.3349618151916,53.18181818181818,54.1951871657754,379,83,1,0.3455358541129786
214,438,-298.5546910740019,61.00228310502283,61.93150684931507,407,103,1,0.3438081748424137
215,242,-149.39974293545546,53.074380165289256,54.00413223140496,225,59,1,0.3420891339682016
216,268,-118.62223328220787,41.55223880597015,42.33955223880597,211,69,1,0.3403786882983606
217,126,-73.86598890342763,36.92857142857143,37.56349206349206,80,35,1,0.3386767948568688
218,500,-327.09122851826766,63.452,64.488,518,113,0,0.33698341088258443
219,348,-210.53609016702967,56.60632183908046,57.57183908045977,336,82,1,0.3352984938281715
220,205,-83.16152026298958,42.66829268292683,43.63414634146341,198,41,1,0.33362200135903064
221,183,-100.9503819402601,47.16393442622951,48.03825136612022,160,43,1,0.33195389135223546
222,500,-252.38306052599376,54.074,55.084,505,107,1,0.3302941218954743
223,214,-122.20132489246964,50.22429906542056,51.126168224299064,193,52,1,0.32864265128599696
224,325,-137.82849924524714,44.793846153846154,45.72,301,75,1,0.326999438029567
225,183,-91.48271087016798,43.15300546448088,44.01639344262295,158,40,1,0.3253644408394192
226,285,-101.12145071532454,39.4280701754386,40.35438596491228,264,63,1,0.3237376186352221
227,190,-107.38087010790701,44.7,45.578947368421055,167,47,1,0.322118930542046
228,137,-97.60756912554452,48.394160583941606,49.21897810218978,113,31,1,0.32050833588933575
229,402,-210.77961539216793,53.08706467661692,54.06716417910448,394,93,1,0.31890579420988907
230,234,-143.32825858037012,47.48290598290598,48.27777777777778,186,57,1,0.3173112652388396
231,188,-76.74204493720153,35.37234042553192,36.170212765957444,150,48,1,0.3157247089126454
232,266,-76.43308270829637,39.11654135338346,40.11278195488722,265,58,1,0.3141460853680822
233,275,-149.3199706985289,51.58181818181818,52.512727272727275,256,67,1,0.3125753549412418
234,192,-64.28703830451973,34.822916666666664,35.651041666666664,159,45,1,0.31101247816653554
235,414,-206.5230614811028,51.28260869565217,52.2487922705314,400,97,1,0.30945741577570285
236,300,-115.50585195705827,43.06666666666667,44.02333333333333,287,65,1,0.3079101286968243
237,225,-88.80486380352848,42.90222222222222,43.87111111111111,218,51,1,0.3063705780533402
238,342,-191.07173464237493,51.3859649122807,52.25730994152047,298,78,1,0.30483872516307353
239,190,-83.20390248512399,39.578947368421055,40.43157894736842,162,42,1,0.3033145315372582
240,145,-55.33032781341311,30.020689655172415,30.75862068965517,107,34,1,0.3017979588795719
241,459,-221.51781787050462,54.485838779956424,55.53812636165577,483,97,1,0.30028896908517405
242,279,-142.59894451489785,50.02150537634409,50.98566308243728,269,64,1,0.2987875242397482
243,242,-147.7103438913655,55.03305785123967,55.98760330578512,231,59,1,0.29729358661854943
244,327,-112.08336688212967,42.20489296636086,43.21406727828746,330,68,1,0.29580711868545667
245,263,-116.84608798202976,44.42965779467681,45.361216730038024,245,61,1,0.2943280830920294
246,281,-115.83134095317612,47.57651245551602,48.629893238434164,296,61,1,0.29285644267656924
247,361,-237.907823068702,63.498614958448755,64.57617728531856,389,77,1,0.2913921604631864
248,327,-121.3381101223272,42.22018348623853,43.19266055045872,318,73,1,0.28993519966087045
249,258,-133.85021068098393,52.63953488372093,53.67829457364341,268,55,1,0.2884855236625661
250,500,-217.29260321011745,50.6,51.612,506,108,0,0.28704309604425327
251,470,-229.39774600288712,53.47021276595745,54.5,484,102,1,0.285607880564032
252,500,-192.2913907734437,48.434,49.468,517,109,0,0.28417984116121187
253,181,-41.49940322523395,30.734806629834253,31.640883977900554,164,35,1,0.2827589419554058
254,500,-200.40834265654706,51.058,52.13,536,104,0,0.28134514724562876
255,260,-157.59412034876758,51.04615384615385,51.92307692307692,228,62,1,0.2799384215094006
256,465,-235.78999141855124,52.836559139784946,53.795698924731184,446,110,1,0.27853872940185365
257,317,-126.90742639375732,43.965299684542586,44.94006309148265,309,69,1,0.27714603575484437
258,193,-76.06716268241131,39.44559585492228,40.32124352331606,169,45,1,0.2757603055760701
259,396,-45.806741065242974,31.28030303030303,32.27272727272727,393,86,1,0.2743815040481898
260,231,-98.54627223831098,42.675324675324674,43.5974025974026,213,52,1,0.2730095965279488
261,346,-101.50428553052774,41.052023121387286,42.07514450867052,354,70,1,0.27164454854530906
262,270,-84.64299704292768,39.077777777777776,39.98888888888889,246,59,1,0.2702863258025825
263,224,-92.84920096415283,37.65625,38.433035714285715,174,50,1,0.2689348941735696
264,244,-53.44849978196377,32.614754098360656,33.50819672131148,218,57,1,0.26759021970270175
265,500,-77.66477491298402,36.27,37.304,517,101,0,0.2662522686041882
266,429,-203.39555072271136,49.79020979020979,50.743589743589745,409,91,1,0.2649210072611673
267,227,-146.88023751827376,50.370044052863435,51.24669603524229,199,59,1,0.26359640222486147
268,500,-88.3685977720511,36.85,37.882,516,107,0,0.26227842021373715
269,304,-147.5904957507646,48.661184210526315,49.63486842105263,296,63,1,0.2609670281126685
270,500,-123.79960716785602,41.11,42.152,521,95,0,0.25966219297210513
271,377,-127.12460131929083,42.0053050397878,42.98408488063661,369,78,1,0.2583638820072446
272,454,-136.7456421922909,45.01541850220264,46.10352422907489,494,91,1,0.2570720625972084
273,354,-129.71945357788883,46.70338983050848,47.793785310734464,386,65,1,0.25578670228422234
274,500,-84.82651466701347,38.372,39.47,549,98,0,0.25450776877280124
275,299,-43.44041901246979,33.51170568561873,34.551839464882946,311,59,1,0.2532352299289372
276,500,-140.9116630742085,41.936,42.96,512,102,0,0.2519690537792925
277,308,-68.84940091758068,37.23701298701299,38.26298701298701,316,63,1,0.2507092085103961
278,328,-116.68021511385753,44.57012195121951,45.59756097560975,337,71,1,0.2494556624678441
279,178,-40.71104616145206,31.314606741573034,32.23033707865169,163,36,1,0.24820838415550486
280,290,-166.62298914242436,49.37931034482759,50.255172413793105,254,68,1,0.24696734223472733
281,285,-31.875394127587793,32.954385964912284,34.03508771929825,308,50,1,0.2457325055235537
282,300,-84.79513714811017,38.52,39.51,297,59,1,0.24450384299593592
283,500,-219.65281620308377,52.474,53.566,546,93,0,0.24328132378095624
284,312,-163.15643427841476,53.40064102564103,54.42628205128205,320,60,1,0.24206491716205145
285,256,-81.12380768070277,42.06640625,43.11328125,268,43,1,0.2408545925762412
286,226,-38.65906429047083,29.93362831858407,30.876106194690266,213,49,1,0.23965031961336
287,500,-163.51648623256114,42.442,43.418,488,92,0,0.2384520680152932
288,500,-83.35027369237194,36.432,37.442,505,100,0,0.23725980767521673
289,500,-153.8433633553385,44.272,45.316,522,104,0,0.23607350863684065
290,348,-77.63662435770041,35.758620689655174,36.75574712643678,347,73,1,0.23489314109365644
291,419,-60.0637450402276,33.42243436754177,34.424821002386636,420,82,1,0.23371867538818816
292,470,-195.80474609617897,51.240425531914894,52.31276595744681,504,96,1,0.23255008201124722
293,161,-58.589142459264885,37.6583850931677,38.56521739130435,146,33,1,0.231387331601191
294,500,-215.72446859938077,52.246,53.302,528,99,0,0.23023039494318503
295,500,-61.76694653789484,32.774,33.798,512,97,0,0.2290792429684691
296,164,-91.20018816906702,46.1280487804878,47.05487804878049,152,37,1,0.22793384675362674
297,293,-135.0655166399587,45.80887372013652,46.737201365187715,272,62,1,0.22679417751985861
298,383,-54.07866711268424,32.06005221932115,33.02088772845953,368,76,1,0.22566020663225933
299,500,-104.5119307307391,39.166,40.21,522,102,0,0.22453190559909803
300,241,-113.66126918292429,46.40248962655602,47.35269709543569,229,52,1,0.22340924607110255
301,382,-219.16895429167388,61.583769633507856,62.753926701570684,447,66,1,0.22229219984074702
302,456,-124.23386420112857,41.11842105263158,42.151315789473685,471,88,1,0.2211807388415433
303,317,-98.75412253531458,41.76340694006309,42.82334384858044,336,60,1,0.22007483514733558
304,362,-151.45107576879718,49.0828729281768,50.110497237569064,372,70,1,0.2189744609715989
305,500,-148.26277012677494,44.47,45.528,529,92,0,0.2178795886667409
306,326,-127.51849262087954,47.34049079754601,48.39877300613497,345,69,1,0.2167901907234072
307,245,-100.53443872800659,43.289795918367346,44.21632653061224,227,49,1,0.21570623976979014
308,290,-62.57776666165365,33.04137931034483,33.96896551724138,269,66,1,0.21462770857094118
309,500,-54.80016827005992,34.184,35.244,530,89,0,0.21355457002808648
310,318,-90.03883041445977,35.789308176100626,36.679245283018865,283,72,1,0.21248679717794605
311,500,-127.63463458405167,41.218,42.268,525,99,0,0.21142436319205632
312,365,-102.59756403701276,40.19178082191781,41.18356164383562,362,70,1,0.21036724137609603
313,302,-59.00682176535064,36.79801324503311,37.87748344370861,326,54,1,0.20931540516921554
314,500,-94.35347248989795,37.678,38.698,510,98,0,0.20826882814336947
315,281,-157.40111690080357,55.544483985765126,56.555160142348754,284,56,1,0.20722748400265262
316,489,-123.0492684826579,41.1881390593047,42.210633946830264,500,93,1,0.20619134658263935
317,500,-24.16219583654443,31.574,32.68,553,87,0,0.20516038984972615
318,300,-55.13707099868852,33.516666666666666,34.51,298,56,1,0.2041345879004775
319,500,-255.35664541816035,57.794,58.934,570,93,0,0.2031139149609751
320,392,-151.8080072485756,46.90816326530612,47.920918367346935,397,79,1,0.20209834538617025
321,142,-26.330719581641304,27.02112676056338,27.901408450704224,125,27,1,0.2010878536592394
322,275,-66.02549918850443,34.54909090909091,35.49090909090909,259,58,1,0.2000824143909432
323,126,-36.293154523245896,31.73015873015873,32.666666666666664,118,27,1,0.19908200231898848
324,264,-89.18042841555142,39.02272727272727,39.958333333333336,247,50,1,0.19808659230739353
325,500,-62.45669176653987,36.296,37.38,542,87,0,0.19709615934585656
326,359,-136.2939235853349,48.100278551532035,49.18105849582173,388,65,1,0.19611067854912728
327,478,-155.27950661622137,50.67364016736402,51.89539748953975,584,81,1,0.19513012515638165
328,500,-145.9587321972415,44.758,45.88,561,90,0,0.19415447453059972
329,243,-60.23592904166649,36.991769547325106,37.97942386831276,240,47,1,0.19318370215794672
330,500,-37.941487994565996,32.476,33.514,519,93,0,0.192217783647157
331,394,-157.1834795326577,47.68020304568528,48.77157360406091,430,75,1,0.1912566947289212
332,500,-124.1015016003674,44.35,45.478,564,85,0,0.1903004112552766
333,500,-18.924820705853236,31.362,32.438,538,82,0,0.18934890919900021
334,471,-143.19794112600684,45.41613588110403,46.50743099787686,514,81,1,0.18840216465300522
335,404,-53.018782772080556,34.04950495049505,35.118811881188115,432,66,1,0.18746015382974018
336,301,-50.291773888832374,35.48837209302326,36.57475083056478,327,54,1,0.1865228530605915
337,477,-112.36157116682536,37.9496855345912,38.9475890985325,476,89,1,0.18559023879528855
338,500,-144.1497139593401,46.39,47.49,550,83,0,0.1846622876013121
339,500,-50.49946250063359,36.42,37.554,567,88,0,0.18373897616330553
340,500,-64.83900470720278,38.858,40.046,594,81,0,0.182820281282489
341,500,-11.010805235569343,31.048,32.16,556,84,0,0.18190617987607657
342,500,-40.08225816829256,35.472,36.604,566,84,0,0.18099664897669618
343,500,-56.86628281088627,36.252,37.398,573,87,0,0.1800916657318127
344,441,-107.87070691363279,42.26757369614513,43.36054421768708,482,78,1,0.17919120740315364
345,222,-64.11461331501273,38.3018018018018,39.31531531531532,225,36,1,0.17829525136613786
346,262,-68.71843685866621,36.43893129770992,37.404580152671755,253,47,1,0.17740377510930716
347,500,-22.07694354998449,29.726,30.782,528,83,0,0.17651675623376062
348,332,-71.57466393819071,38.647590361445786,39.713855421686745,354,60,1,0.1756341724525918
349,377,-93.35570260523264,38.43501326259947,39.46419098143236,388,64,1,0.17475600159032884
350,141,-48.05669368170512,32.8936170212766,33.744680851063826,120,32,1,0.17388222158237718
351,500,-25.024150622835506,30.244,31.32,538,91,0,0.1730128104744653
352,500,-21.279652979518495,32.836,33.976,570,89,0,0.17214774642209296
353,478,-76.51260142193458,38.26778242677824,39.39539748953975,539,85,1,0.1712870076899825
354,500,-85.2458079468072,38.996,40.1,552,92,0,0.17043057265153258
355,500,-47.554849635106166,34.3,35.372,536,88,0,0.16957841978827493
356,144,-45.33407290545017,30.493055555555557,31.29861111111111,116,29,1,0.16873052768933355
357,500,-128.66092268531307,41.4,42.438,519,87,0,0.1678868750508869
358,336,-120.3294754095488,45.086309523809526,46.13095238095238,351,68,1,0.16704744067563246
359,236,-58.07934367003529,34.02542372881356,34.97457627118644,224,43,1,0.1662122034722543
360,500,-182.6628185252015,50.492,51.628,568,95,0,0.16538114245489302
361,500,-100.33004271123451,39.932,40.994,531,94,0,0.16455423674261854
362,237,-52.426513325909966,31.270042194092827,32.13502109704641,205,39,1,0.16373146555890544
363,390,-69.5312308080567,37.784615384615385,38.88974358974359,431,69,1,0.16291280823111093
364,352,-133.6266072278901,46.17897727272727,47.17045454545455,349,63,1,0.16209824418995536
365,500,31.71906458016334,24.834,25.91,538,82,0,0.16128775296900558
366,500,-45.64355847845763,36.704,37.852,574,81,0,0.16048131420416054
367,242,-38.70821210229675,33.03719008264463,34.111570247933884,260,45,1,0.15967890763313974
368,500,16.318950727125586,26.546,27.624,539,90,0,0.15888051309497406
369,500,-134.10664507772307,45.536,46.67,567,92,0,0.1580861105294992
370,500,-0.7197132763009579,28.8,29.87,535,94,0,0.1572956799768517
371,244,-23.19968420196065,28.885245901639344,29.91393442622951,251,39,1,0.15650920157696743
372,461,-45.31494639808478,33.00216919739697,34.06724511930586,491,76,1,0.1557266555690826
373,500,-41.38170656375401,35.508,36.654,573,91,0,0.1549480222912372
374,299,-89.24190083624161,41.441471571906355,42.50167224080268,317,54,1,0.15417328217978102
375,205,-59.68522864142999,34.4780487804878,35.40487804878049,190,43,1,0.1534024157688821
376,383,-53.244348166056,33.637075718015666,34.697127937336816,406,62,1,0.1526354036900377
377,500,-23.404016233684242,31.662,32.744,541,85,0,0.1518722266715875
378,500,-23.84572551613151,36.234,37.44,603,80,0,0.15111286553822956
379,500,-60.67120393039827,37.74,38.884,572,89,0,0.15035730121053842
380,500,-48.06257738431662,33.268,34.334,533,82,0,0.14960551470448571
381,191,-38.84901956454074,31.591623036649214,32.56544502617801,186,38,1,0.14885748713096328
382,245,-49.447459132624196,35.351020408163265,36.412244897959184,260,42,1,0.14811319969530845
383,294,-82.04993168160823,39.734693877551024,40.72789115646258,292,53,1,0.1473726336968319
384,500,-43.597331833954485,34.912,36.038,563,83,0,0.14663577052834775
385,500,-11.419543542725682,29.952,31.034,541,92,0,0.14590259167570602
386,368,-98.37409849553212,40.494565217391305,41.55978260869565,392,65,1,0.1451730787173275
387,337,-30.188875216180474,29.93471810089021,30.979228486646885,352,58,1,0.14444721332374086
388,500,-8.244507084843757,31.518,32.664,573,83,0,0.14372497725712216
389,500,-9.059636992438268,30.24,31.356,558,96,0,0.14300635237083656
390,500,0.8256923765654602,29.472,30.578,553,90,0,0.14229132060898236
391,500,-0.2942454820894196,29.55,30.644,547,89,0,0.14157986400593744
392,500,15.083737647271827,28.7,29.81,555,83,0,0.14087196468590776
393,500,-29.564151136429537,33.65,34.774,562,82,0,0.14016760486247823
394,500,-5.237583712600704,30.304,31.422,559,78,0,0.13946676683816583
395,500,13.846122018366604,24.608,25.626,509,83,0,0.138769433003975
396,500,-69.94962054721432,39.414,40.57,578,84,0,0.13807558583895513
397,430,-80.97057286646576,40.56511627906977,41.72558139534884,499,75,1,0.13738520790976036
398,500,15.384481195069512,27.178,28.242,532,85,0,0.13669828187021155
399,500,-50.44685161947888,40.472,41.734,631,80,0,0.13601479046086049
400,500,-15.572229296037039,31.932,33.056,562,86,0,0.1353347165085562
401,500,9.11910026657186,28.32,29.404,542,87,0,0.1346580429260134
402,187,-29.615678707514373,27.967914438502675,28.893048128342247,173,36,1,0.13398475271138335
403,500,-47.127664144350064,34.302,35.396,547,91,0,0.13331482894782642
404,500,-41.40481638480972,34.6,35.7,550,92,0,0.13264825480308728
405,500,17.216927272488128,27.92,29.07,575,81,0,0.13198501352907185
406,500,-39.76954774760972,34.684,35.828,572,78,0,0.1313250884614265
407,500,-27.48537916058432,33.63,34.77,570,82,0,0.13066846301911936
408,500,-30.569294613785633,34.8,35.948,574,80,0,0.13001512070402377
409,495,-77.74373983986574,39.23838383838384,40.38989898989899,570,87,1,0.12936504510050365
410,417,-14.094449571104644,29.50599520383693,30.60431654676259,458,67,1,0.12871821987500112
411,500,-63.56852133598934,36.822,37.946,562,88,0,0.12807462877562611
412,396,-26.53007031106533,33.43939393939394,34.611111111111114,464,67,1,0.12743425563174798
413,500,6.481649061214282,26.398,27.438,520,85,0,0.12679708435358925
414,500,-31.580932563167135,33.254,34.388,567,79,0,0.1261630989318213
415,500,-61.87797840957715,39.652,40.866,607,77,0,0.1255322834371622
416,500,-19.793819358421324,34.432,35.626,597,79,0,0.12490462201997637
417,500,-42.723918044535495,33.156,34.206,525,82,0,0.1242800989098765
418,500,2.2562626134927335,29.304,30.402,549,84,0,0.12365869841532712
419,500,56.53601151463424,21.146,22.198,526,82,0,0.12304040492325048
420,500,-52.37004874343444,35.946,37.104,579,91,0,0.12242520289863423
421,484,-33.37395226440519,32.26652892561984,33.38223140495868,540,90,1,0.12181307688414106
422,480,-17.41396026011002,26.99375,27.989583333333332,478,87,1,0.12120401149972035
423,500,-15.372791121031629,29.386,30.464,539,88,0,0.12059799144222175
424,500,-122.67155711734443,46.062,47.27,604,79,0,0.11999500148501063
425,500,25.841916603749777,27.708,28.832,562,76,0,0.11939502647758558
426,500,-2.6744829902285554,28.912,30.004,546,83,0,0.11879805134519765
427,500,33.46693606460938,26.286,27.406,560,83,0,0.11820406108847166
428,500,43.16990357659993,24.284,25.346,531,86,0,0.1176130407830293
429,500,-23.506029429661652,32.982,34.136,577,81,0,0.11702497557911415
430,500,-7.920313241062134,32.11,33.268,579,73,0,0.11643985070121858
431,93,-36.19715105674332,29.107526881720432,29.903225806451612,74,16,1,0.11585765144771248
432,500,5.794198599605164,30.084,31.222,569,81,0,0.11527836319047392
433,223,-52.504471635700995,34.6457399103139,35.690582959641254,233,39,1,0.11470197137452155
434,500,-10.175808595353988,31.126,32.218,546,86,0,0.11412846151764894
435,500,7.364480453485793,28.124,29.214,545,84,0,0.1135578192100607
436,500,-12.229712018958484,31.074,32.202,564,82,0,0.11299003011401039
437,500,-9.27783204999128,32.5,33.664,582,69,0,0.11242507996344034
438,500,16.051614860137942,27.666,28.768,551,80,0,0.11186295456362313
439,500,-1.7280254215850894,29.938,31.088,575,80,0,0.11130363979080501
440,500,-10.489629512492149,32.36,33.506,573,91,0,0.11074712159185099
441,500,34.538485874306005,27.074,28.22,573,82,0,0.11019338598389174
442,500,-40.54063928848543,35.46,36.632,586,80,0,0.10964241905397228
443,500,75.27715518775997,23.67,24.854,592,79,0,0.10909420695870241
444,500,32.524257620251745,28.512,29.702,595,82,0,0.1085487359239089
445,500,36.16704460761959,25.68,26.79,555,90,0,0.10800599224428936
446,500,14.112382713911826,29.382,30.532,575,73,0,0.10746596228306791
447,500,13.36781651624327,30.726,31.924,599,71,0,0.10692863247165257
448,500,30.640075879692866,23.988,25.044,528,82,0,0.1063939893092943
449,316,-59.429313842670496,38.05696202531646,39.14873417721519,345,51,1,0.10586201936274783
450,500,-49.86877378522707,35.082,36.202,560,82,0,0.10533270926593409
451,500,15.022313263612997,29.046,30.186,570,81,0,0.10480604571960442
452,438,-110.23541711273046,43.726027397260275,44.85159817351598,493,72,1,0.1042820154910064
453,500,8.590581883312101,31.01,32.186,588,80,0,0.10376060541355137
454,500,-64.0109211805706,40.08,41.284,602,76,0,0.1032418023864836
455,500,33.04881418684917,25.076,26.166,545,82,0,0.10272559337455119
456,500,60.54605487139162,22.732,23.83,549,83,0,0.10221196540767843
457,500,9.349407111015001,28.062,29.148,543,76,0,0.10170090558064004
458,500,14.398733222712465,29.178,30.316,569,85,0,0.10119240105273684
459,500,6.2537126970780506,30.996,32.188,596,84,0,0.10068643904747315
460,218,-19.320694132317488,27.21559633027523,28.21559633027523,218,34,1,0.10018300685223579
461,500,22.03193342977994,28.838,30.02,591,73,0,0.0996820918179746
462,500,50.453016863120745,27.988,29.214,613,71,0,0.09918368135888474
463,500,40.299125029144655,27.418,28.602,592,78,0,0.09868776295209031
464,500,18.64963839655052,28.786,29.936,575,85,0,0.09819432413732986
465,500,42.35815076640299,25.4,26.536,568,87,0,0.09770335251664321
466,500,58.56734376292026,23.936,25.076,570,77,0,0.09721483575406
467,500,44.58899364669711,26.278,27.452,587,84,0,0.09672876157528969
468,500,33.35624776759549,26.188,27.29,551,84,0,0.09624511776741324
469,500,39.62432549001701,26.068,27.212,572,79,0,0.09576389217857617
470,500,18.316875294601644,29.738,30.926,594,79,0,0.09528507271768329
471,159,-28.94900862129437,32.82389937106918,33.918238993710695,174,28,1,0.09480864735409487
472,500,46.35906831182207,27.502,28.698,598,76,0,0.0943346041173244
473,500,53.17182709272747,23.376,24.478,551,72,0,0.09386293109673778
474,500,66.35058812532638,24.902,26.086,592,71,0,0.09339361644125409
475,500,16.448605628920944,31.392,32.61,609,75,0,0.09292664835904782
476,500,18.555215361361117,26.792,27.9,554,82,0,0.09246201511725258
477,500,66.1285305814426,22.294,23.418,562,74,0,0.09199970504166631
478,500,21.39464765574742,28.06,29.198,569,79,0,0.09153970651645797
479,351,9.22789566691002,24.76923076923077,25.834757834757834,374,51,1,0.09108200798387568
480,500,41.79886759307041,27.302,28.466,582,75,0,0.0906265979439563
481,500,49.975504999585525,24.156,25.268,556,78,0,0.09017346495423652
482,500,62.09251908103128,22.208,23.284,538,74,0,0.08972259762946533
483,500,68.66646656755506,23.078,24.24,581,69,0,0.089273984641318
484,500,50.38201009166646,24.74,25.856,558,74,0,0.0888276147181114
485,500,85.70831975622977,20.72,21.838,559,73,0,0.08838347664452084
486,500,32.51401870257134,26.972,28.104,566,80,0,0.08794155926129824
487,500,25.86923574207336,30.05,31.24,595,80,0,0.08750185146499175
488,500,79.38323278700013,22.5,23.648,574,75,0,0.08706434220766679
489,500,33.049566947325445,27.082,28.21,564,78,0,0.08662902049662846
490,500,62.000641569751586,24.608,25.812,602,71,0,0.08619587539414532
491,500,8.085465602476463,27.922,29.018,548,79,0,0.08576489601717459
492,500,51.86601187819406,25.642,26.828,593,75,0,0.08533607153708872
493,442,-38.696400245548546,30.812217194570135,31.857466063348415,462,62,1,0.08490939117940327
494,500,12.737055343834314,31.43,32.646,608,80,0,0.08448484422350626
495,500,71.14605386361418,23.702,24.876,587,73,0,0.08406242000238873
496,500,53.8408644029856,24.152,25.29,569,70,0,0.08364210790237678
497,500,68.86379592417,21.404,22.482,539,73,0,0.0832238973628649
498,500,45.84796672148257,27.618,28.824,603,73,0,0.08280777787605056
499,500,60.83338447757165,24.298,25.448,575,76,0,0.08239373898667031
500,500,19.123267256434943,27.866,29.018,576,80,0,0.08198177029173696
501,500,77.23390035749752,23.44,24.614,587,65,0,0.08157186144027828
502,500,20.255406620033913,26.766,27.86,547,79,0,0.0811640021330769
503,500,51.89087081815684,26.668,27.886,609,73,0,0.08075818212241151
504,500,36.92959766630811,26.274,27.412,569,73,0,0.08035439121179945
505,500,42.13280535332156,28.058,29.268,605,72,0,0.07995261925574046
506,500,37.19933217969625,26.818,27.954,568,74,0,0.07955285615946175
507,500,22.28603804752624,28.3,29.436,568,68,0,0.07915509187866444
508,500,56.52684792492421,25.436,26.614,589,73,0,0.07875931641927113
509,500,85.02013705146427,22.284,23.466,591,71,0,0.07836551983717477
510,500,58.997079170091105,22.23,23.306,538,67,0,0.07797369223798889
511,500,57.64983005482247,23.986,25.132,573,71,0,0.07758382377679894
512,500,54.02851465135994,25.508,26.66,576,77,0,0.07719590465791494
513,500,84.57264876895033,19.256,20.316,530,71,0,0.07680992513462537
514,500,47.95532921439881,25.024,26.158,567,74,0,0.07642587550895225
515,500,70.36806647020683,21.964,23.086,561,72,0,0.07604374613140748
516,500,61.36922125757128,24.864,26.03,583,76,0,0.07566352740075044
517,500,85.65153749270696,23.184,24.382,599,70,0,0.07528520976374668
518,500,56.467306669135134,26.186,27.388,601,74,0,0.07490878371492794
519,500,65.34625505775593,23.128,24.284,578,74,0,0.0745342397963533
520,500,110.35505765521756,17.568,18.672,552,66,0,0.07416156859737154
521,500,72.64111327276368,21.7,22.796,548,72,0,0.07379076075438468
522,500,64.36876729100057,23.244,24.4,578,78,0,0.07342180695061275
523,500,27.449509013029097,28.942,30.13,594,82,0,0.07305469791585968
524,500,91.23109968420876,20.862,22.018,578,74,0,0.07268942442628039
525,500,65.55646557640625,20.764,21.826,531,77,0,0.07232597730414898
526,500,61.1233768454266,23.518,24.656,569,76,0,0.07196434741762824
527,500,67.55888474012703,22.304,23.396,546,71,0,0.0716045256805401
528,500,94.56041648802619,20.412,21.556,572,72,0,0.0712465030521374
529,500,66.04957330333444,22.31,23.404,547,77,0,0.0708902705368767
530,500,62.86250402810239,26.46,27.676,608,77,0,0.07053581918419231
531,297,-22.224127600106556,29.306397306397308,30.346801346801346,309,40,1,0.07018314008827135
532,500,66.10665761703152,23.786,24.942,578,77,0,0.06983222438783
533,500,80.55085787381948,20.3,21.4,550,74,0,0.06948306326589085
534,500,94.88300548052358,21.114,22.294,590,72,0,0.0691356479495614
535,500,67.56177709497364,23.264,24.438,587,71,0,0.06878996970981359
536,500,62.170150430823035,23.856,24.986,565,75,0,0.06844601986126451
537,500,74.59902984453477,19.636,20.686,525,70,0,0.06810378976195819
538,500,60.660625525673986,26.542,27.788,623,73,0,0.0677632708131484
539,500,78.50815959672825,21.114,22.232,559,79,0,0.06742445445908266
540,500,71.293823122855,23.688,24.846,579,71,0,0.06708733218678724
541,500,65.29416295140064,23.878,25.054,588,78,0,0.0667518955258533
542,500,60.36993933941648,22.466,23.56,547,72,0,0.06641813604822402
543,500,-17.79819346063197,32.878,34.042,582,75,0,0.0660860453679829
544,500,47.11758448695941,24.214,25.296,541,71,0,0.06575561514114299
545,500,74.92809214535554,22.11,23.248,569,70,0,0.06542683706543727
546,500,61.630585819837634,19.748,20.744,498,68,0,0.06509970288011008
547,500,106.55922392229027,21.274,22.492,609,71,0,0.06477420436570952
548,500,50.067931415262464,25.344,26.5,578,81,0,0.06445033334388098
549,500,34.92390789444119,26.342,27.468,563,74,0,0.06412808167716157
550,500,34.23644327152095,25.504,26.624,560,74,0,0.06380744126877576
551,500,78.05463406502787,20.54,21.634,547,66,0,0.06348840406243188
552,500,83.64504366706356,21.536,22.674,569,77,0,0.06317096204211972
553,500,49.35687613138672,26.746,27.93,592,73,0,0.06285510723190912
554,500,59.79033546689221,23.96,25.116,578,72,0,0.06254083169574957
555,500,72.91895607535717,22.692,23.838,573,71,0,0.062228127537270826
556,500,89.84279492150448,19.54,20.652,556,74,0,0.06191698689958447
557,500,86.75975533269992,22.02,23.202,591,78,0,0.061607401965086545
558,500,110.41437518399009,19.556,20.748,596,73,0,0.06129936495526111
559,500,48.12583704378743,24.886,26.032,573,76,0,0.0609928681304848
560,500,41.92061612259255,26.998,28.17,586,78,0,0.060687903789832374
561,500,64.64326377217647,21.668,22.776,554,70,0,0.06038446427088321
562,500,61.231113845519914,25.506,26.706,600,76,0,0.06008254194952879
563,500,88.3973988427118,20.342,21.466,562,73,0,0.05978212923978115
564,500,78.88417052654816,23.984,25.196,606,76,0,0.05948321859358224
565,500,84.48265112927176,18.518,19.58,531,67,0,0.05918580250061433
566,500,79.5745761877289,22.99,24.162,586,74,0,0.058889873488111255
567,500,60.148998804525704,26.496,27.704,604,75,0,0.058595424120670696
568,500,87.85611979145062,20.524,21.636,556,74,0,0.05830244700006734
569,500,44.40713704955474,26.362,27.514,576,76,0,0.058010934765067
570,500,70.4362526974345,23.846,25.01,582,73,0,0.05772088009124167
571,500,87.66350110932338,20.368,21.508,570,73,0,0.05743227569078546
572,500,60.29744772085806,26.814,28.066,626,76,0,0.05714511431233153
573,500,92.93992175300909,18.944,20.048,552,69,0,0.05685938874076987
574,500,81.98315932222013,22.868,24.08,606,70,0,0.056575091797066025
575,500,53.175101603524766,26.35,27.536,593,77,0,0.056292216338080694
576,500,99.19932763066294,20.948,22.124,588,72,0,0.05601075525639029
577,500,90.92257741709147,22.16,23.338,589,70,0,0.05573070148010834
578,500,104.73991611979042,19.432,20.586,577,73,0,0.0554520479727078
579,500,100.51929163985665,20.218,21.384,583,68,0,0.05517478773284426
580,500,87.93123200080777,23.706,24.964,629,74,0,0.05489891379418004
581,500,36.88553177987799,27.936,29.13,597,78,0,0.05462441922520914
582,500,82.20167433738096,21.93,23.102,586,71,0,0.0543512971290831
583,500,68.14199971901148,23.49,24.632,571,73,0,0.05407954064343768
584,500,102.9743290485186,20.156,21.326,585,70,0,0.05380914294022049
585,500,90.52157679461462,21.52,22.684,582,72,0,0.05354009722551939
586,500,72.90185533739391,22.006,23.14,567,69,0,0.05327239673939179
587,500,89.99015189519692,18.726,19.796,535,72,0,0.053006034755694834
588,500,83.67686701390942,21.128,22.272,572,69,0,0.052741004581916356
589,500,93.46675647197308,20.37,21.51,570,75,0,0.052477299559006776
590,500,60.33933168551279,24.35,25.53,590,70,0,0.052214913061211746
591,500,61.21872378204424,22.99,24.122,566,72,0,0.05195383849590569
592,500,73.84023539281203,22.41,23.556,573,71,0,0.05169406930342616
593,500,85.75548446347207,20.938,22.086,574,68,0,0.05143559895690903
594,500,73.74327334625029,23.106,24.28,587,74,0,0.051178420962124486
595,500,94.276824971492,22.33,23.542,606,65,0,0.05092252885731386
596,500,83.30730887509284,20.146,21.244,549,75,0,0.05066791621302729
597,500,79.81347280765927,21.072,22.2,564,72,0,0.05041457663196215
598,500,60.94020393224576,24.168,25.328,580,72,0,0.050162503748802344
599,500,89.84138627752557,20.628,21.766,569,72,0,0.049911691230058335
600,500,87.52669275225924,24.102,25.348,623,72,0,0.04966213277390804
601,500,84.4454778391044,19.152,20.23,539,71,0,0.0494138221100385
602,500,84.72102587466227,19.98,21.07,545,68,0,0.04916675299948831
603,500,83.08449547099258,23.714,24.934,610,73,0,0.04892091923449087
604,500,58.53384310778751,23.82,24.982,581,75,0,0.04867631463831842
605,500,72.18020339985817,24.32,25.528,604,66,0,0.048432933065126825
606,500,47.61673532922899,29.35,30.624,637,69,0,0.048190768399801194
607,500,100.97504012797243,21.362,22.576,607,69,0,0.04794981455780219
608,500,85.14003387547935,22.442,23.626,592,76,0,0.04771006548501318
609,500,75.7723998991724,21.668,22.79,561,69,0,0.047471515157588115
610,500,84.17109484957119,21.13,22.26,565,73,0,0.047234157581800176
611,500,106.44376975483765,18.714,19.858,572,71,0,0.046997986793891174
612,500,81.44335811567173,19.054,20.104,525,73,0,0.04676299685992172
613,500,76.03956397882573,24.036,25.238,601,74,0,0.04652918187562211
614,500,94.40423249690085,22.14,23.362,611,73,0,0.046296535966244
615,500,71.90653849217004,23.896,25.086,595,75,0,0.046065053286412784
616,500,80.45719085537502,23.854,25.07,608,74,0,0.04583472801998072
617,500,66.62677478333552,26.294,27.542,624,77,0,0.045605554379880814
618,500,78.48021535088182,21.692,22.814,561,70,0,0.04537752660798141
619,500,76.25509627470359,24.122,25.34,609,75,0,0.0451506389749415
620,500,68.91106712066356,25.624,26.854,615,75,0,0.044924885780066794
621,500,96.48964956840366,20.404,21.59,593,73,0,0.04470026135116646
622,500,107.04274861504078,18.186,19.314,564,66,0,0.04447676004441063
623,500,76.3694033035655,21.258,22.352,547,73,0,0.04425437624418858
624,500,102.2624799695265,19.784,20.936,576,63,0,0.04403310436296763
625,500,77.29665392574157,24.972,26.212,620,70,0,0.043812938841152796
626,500,106.84880400459708,19.694,20.874,590,71,0,0.04359387414694703
627,500,88.59850732361264,21.92,23.088,584,68,0,0.043375904776212296
628,500,93.33002692792047,20.098,21.24,571,69,0,0.043159025252331236
629,500,96.81019129447081,21.63,22.826,598,71,0,0.04294323012606958
630,500,73.41379175748997,23.432,24.61,589,69,0,0.04272851397543923
631,500,114.28965093757625,17.268,18.398,565,71,0,0.04251487140556204
632,500,64.78795798419408,23.2,24.33,565,75,0,0.04230229704853423
633,500,97.19725920053031,20.556,21.716,580,75,0,0.04209078556329156
634,500,86.28925281333905,21.104,22.256,576,71,0,0.0418803316354751
635,500,101.17274008911325,19.68,20.846,583,69,0,0.041670929977297724
636,500,92.11589627363021,22.528,23.744,608,71,0,0.04146257532741124
637,500,63.69827004346329,23.846,24.982,568,68,0,0.04125526245077418
638,500,74.34618324713556,23.498,24.658,580,65,0,0.04104898613852031
639,500,93.70594162714917,18.908,20.024,558,74,0,0.04084374120782771
640,500,117.92757598044234,19.638,20.852,607,66,0,0.04063952250178857
641,500,88.63804783781804,22.084,23.27,593,71,0,0.04043632488927963
642,500,109.67225566975367,18.732,19.884,576,68,0,0.04023414326483323
643,500,90.36325956512785,19.654,20.752,549,63,0,0.040032972548509065
644,500,83.68816448836327,21.472,22.616,572,70,0,0.03983280768576652
645,500,88.04180419629256,20.9,22.034,567,62,0,0.03963364364733769
646,500,92.453772076955,20.604,21.75,573,69,0,0.039435475429100995
647,500,62.411610482097075,23.714,24.836,561,72,0,0.03923829805195549
648,500,93.80408923705552,20.902,22.058,578,68,0,0.03904210656169572
649,500,85.48716949910518,20.288,21.396,554,71,0,0.03884689602888724
650,500,64.24041470046109,25.032,26.24,604,72,0,0.0386526615487428
651,500,94.26193367501541,18.73,19.832,551,67,0,0.03845939824099909
652,500,88.60407334517684,21.516,22.686,585,66,0,0.03826710124979409
653,500,96.51529904721423,19.662,20.806,572,70,0,0.038075765743545126
654,500,114.50510116417405,17.818,18.948,565,68,0,0.0378853869148274
655,500,79.4445019979938,20.944,22.068,562,68,0,0.03769595998025326
656,500,119.99123032290784,16.254,17.348,547,69,0,0.03750748018035199
657,500,108.92542548102946,19.738,20.906,584,67,0,0.037319942779450235
658,500,94.14575442332622,22.172,23.388,608,72,0,0.037133343065552986
659,500,91.78286189748711,19.366,20.484,559,74,0,0.03694767635022522
660,500,101.18362527801862,19.224,20.364,570,72,0,0.036762937968474095
661,500,125.80494068148114,17.618,18.794,588,64,0,0.03657912327863173
662,500,80.73443281388873,20.508,21.61,551,73,0,0.036396227662238566
663,500,76.47935235503174,22.834,24.03,598,73,0,0.03621424652392737
664,500,95.85080062410951,20.544,21.7,578,68,0,0.036033175291307735
665,500,75.26944827906047,23.04,24.214,587,69,0,0.03585300941485119
666,500,72.84949521311317,22.184,23.322,569,78,0,0.035673744367776934
667,500,85.5342521370671,20.97,22.092,561,74,0,0.03549537564593805
668,500,95.60876675861309,23.316,24.56,622,69,0,0.035317898767708356
669,500,92.02460022534657,19.738,20.866,564,72,0,0.03514130927386981
670,500,102.84257819687926,18.626,19.758,566,69,0,0.03496560272750046
671,500,86.69731081702163,20.828,21.968,570,74,0,0.03479077471386296
672,500,101.09451440777885,20.778,21.966,594,73,0,0.03461682084029365
673,500,90.78075568898304,22.744,23.96,608,67,0,0.034443736736092176
674,500,85.55621807580076,19.996,21.086,545,72,0,0.034271518052411715
675,500,110.82075652576822,19.796,20.986,595,70,0,0.034100160462149656
676,500,96.12150007356583,18.334,19.448,557,69,0,0.03392965965983891
677,500,99.97901220329484,22.054,23.276,611,69,0,0.033760011361539714
678,500,106.44529189045923,18.028,19.15,561,71,0,0.03359121130473201
679,500,100.24385709594148,19.792,20.95,579,68,0,0.033423255248208356
680,500,107.67416957360332,18.97,20.118,574,66,0,0.03325613897196732
681,500,94.9650384522374,20.592,21.746,577,67,0,0.03308985827710748
682,500,99.05236942758992,19.078,20.2,561,67,0,0.032924408985721944
683,500,108.55743051247454,17.838,18.946,554,67,0,0.03275978694079333
684,500,99.52964079291114,18.622,19.728,553,73,0,0.032595988006089364
685,500,127.4941024836258,17.82,18.998,589,67,0,0.032433008066058915
686,500,91.22556443862466,21.092,22.252,580,72,0,0.03227084302572862
687,500,114.83815280136838,17.322,18.434,556,64,0,0.032109488810599975
688,500,108.17508679583129,20.566,21.776,605,65,0,0.031948941366546975
689,500,108.51147449578332,22.696,23.984,644,67,0,0.03178919665971424
690,500,97.84913422086507,20.994,22.166,586,67,0,0.03163025067641567
691,500,105.07768168774122,20.648,21.848,600,66,0,0.03147209942303359
692,500,97.72332064169787,20.092,21.246,577,70,0,0.03131473892591842
693,500,94.98631708510602,21.846,23.044,599,66,0,0.031158165231288826
694,500,86.08581114064886,22.096,23.296,600,69,0,0.03100237440513238
695,500,115.98458522725046,17.986,19.124,569,70,0,0.030847362533106718
696,500,98.70549856562084,18.262,19.356,547,69,0,0.030693125720441184
697,500,115.33383357191767,19.546,20.746,600,71,0,0.030539660091838977
698,500,114.53938470938066,18.726,19.896,585,70,0,0.03038696179137978
699,500,100.9903404537286,22.22,23.45,615,68,0,0.030235026982422884
700,500,123.43994194713811,18.186,19.364,589,70,0,0.030083851847510768
701,500,104.17978721165898,18.81,19.954,572,66,0,0.029933432588273214
702,500,98.41800743076678,20.126,21.274,574,70,0,0.029783765425331846
703,500,93.20616893362576,20.234,21.348,557,69,0,0.029634846598205186
704,500,110.58119686341533,16.684,17.76,538,67,0,0.02948667236521416
705,500,90.91146524490074,21.812,23.008,598,71,0,0.029339239003388088
706,500,111.89911621606514,18.98,20.158,589,66,0,0.029192542808371146
707,500,109.24733417005305,19.068,20.23,581,68,0,0.02904658009432929
708,500,127.409733063854,17.37,18.546,588,67,0,0.028901347193857643
709,500,99.03471539272442,20.906,22.1,597,70,0,0.028756840457888354
710,500,96.71708457532002,19.07,20.18,555,67,0,0.02861305625559891
711,500,114.74469860489829,17.156,18.288,566,66,0,0.028469990974320916
712,500,109.5430682494575,18.978,20.128,575,67,0,0.02832764101944931
713,500,108.45373039593261,19.732,20.92,594,69,0,0.028186002814352063
714,500,110.58690015021104,20.108,21.314,603,67,0,0.0280450728002803
715,500,102.8883034841624,20.106,21.288,591,65,0,0.0279048474362789
716,500,104.15988970305766,20.184,21.372,594,65,0,0.027765323199097504
717,500,99.39553623216212,19.778,20.934,578,74,0,0.027626496583102015
718,500,109.27965251810991,20.036,21.228,596,66,0,0.027488364100186506
719,500,117.74895921546614,18.288,19.456,584,69,0,0.027350922279685573
720,500,100.43309103189756,20.114,21.276,581,68,0,0.027214167668287145
721,500,122.77728497088067,18.664,19.858,597,66,0,0.02707809682994571
722,500,104.4256316238036,20.156,21.328,586,69,0,0.02694270634579598
723,500,124.18480693871227,17.24,18.392,576,67,0,0.026807992814067
724,500,99.03797638859285,20.396,21.552,578,64,0,0.026673952849996664
725,500,100.92786451568792,20.162,21.362,600,70,0,0.02654058308574668
726,500,112.197052734565,19.576,20.762,593,64,0,0.026407880170317945
727,500,109.98486350383592,18.524,19.668,572,67,0,0.026275840769466357
728,500,78.00909733627611,22.598,23.78,591,66,0,0.026144461565619025
729,500,115.38536912510207,17.768,18.912,572,67,0,0.02601373925779093
730,500,118.82052954248289,18.96,20.158,599,69,0,0.025883670561501974
731,500,112.8012885637668,18.304,19.452,574,64,0,0.025754252208694463
732,500,105.00416668089447,19.916,21.082,583,69,0,0.02562548094765099
733,500,103.25230260380616,17.892,19.0,554,65,0,0.025497353542912736
734,500,93.99680024712315,20.536,21.682,573,64,0,0.02536986677519817
735,500,114.21900841463878,18.652,19.808,578,70,0,0.02524301744132218
736,500,104.38459974995662,20.504,21.686,591,70,0,0.025116802354115567
737,500,105.3470006593124,16.85,17.902,526,70,0,0.024991218342344988
738,500,125.28231527978504,17.626,18.786,580,65,0,0.024866262250633264
739,500,96.72854683471648,19.526,20.65,562,65,0,0.024741930939380097
740,500,114.99175610009893,17.476,18.59,557,68,0,0.024618221284683196
741,500,102.16249416904138,21.736,22.964,614,65,0,0.02449513017825978
742,500,94.10483604112206,22.922,24.152,615,65,0,0.02437265452736848
743,500,120.98089142851359,17.792,18.948,578,69,0,0.024250791254731636
744,500,100.18803715860065,17.0,18.06,530,70,0,0.024129537298457977
745,500,105.58926737424913,20.926,22.156,615,65,0,0.024008889611965685
746,500,73.00365506501475,23.366,24.542,588,70,0,0.023888845163905856
747,500,103.75951809075454,21.206,22.412,603,70,0,0.023769400938086327
748,500,84.18584823443396,19.862,20.992,565,69,0,0.023650553933395897
749,500,106.13761145548986,17.268,18.348,540,65,0,0.023532301163728918
750,500,121.41218300355479,18.768,19.964,598,68,0,0.023414639657910272
751,500,91.73019597690947,22.746,23.964,609,66,0,0.023297566459620722
752,500,98.54372803561127,20.51,21.676,583,68,0,0.023181078627322618
753,500,111.80212013725462,16.308,17.388,540,71,0,0.023065173234186005
754,500,100.92005502038813,20.112,21.282,585,63,0,0.022949847368015076
755,500,115.55580514387029,18.036,19.178,571,65,0,0.022835098131175
756,500,119.36510036559278,18.094,19.272,589,69,0,0.022720922640519125
757,500,118.13462873620675,18.244,19.404,580,66,0,0.02260731802731653
758,500,98.19522154637774,19.978,21.134,578,67,0,0.022494281437179946
759,500,106.85502655604641,17.236,18.336,550,70,0,0.022381810029994047
760,500,111.9005973170467,18.526,19.674,574,71,0,0.022269900979844076
761,500,107.75745991928211,20.732,21.936,602,66,0,0.022158551474944856
762,500,97.56830869898843,21.026,22.204,589,70,0,0.022047758717570132
763,500,114.57279239019087,18.324,19.472,574,67,0,0.021937519923982282
764,500,115.98835083660757,17.754,18.898,572,67,0,0.021827832324362372
765,500,100.25107926209014,18.988,20.134,573,70,0,0.02171869316274056
766,500,85.47744545357318,18.968,20.064,548,68,0,0.021610099696926857
767,500,104.0063793786499,20.548,21.734,593,68,0,0.021502049198442223
768,500,114.29544394242585,17.668,18.808,570,67,0,0.021394538952450012
769,500,105.85744571976686,18.788,19.912,562,65,0,0.02128756625768776
770,500,117.01291098266485,18.378,19.534,578,66,0,0.021181128426399323
771,500,114.30464221076679,17.786,18.908,561,67,0,0.021075222784267326
772,500,109.232415353865,19.184,20.35,583,69,0,0.020969846670345987
773,500,97.82107583699391,20.13,21.32,595,67,0,0.020864997436994256
774,500,118.68707125295886,18.12,19.284,582,67,0,0.020760672449809284
775,500,90.73775536171735,19.61,20.706,548,70,0,0.020656869087560238
776,500,95.92431563095607,21.276,22.466,595,65,0,0.020553584742122436
777,500,115.34667369931311,19.088,20.27,591,63,0,0.020450816818411825
778,500,102.63217911969714,17.452,18.54,544,66,0,0.020348562734319765
779,500,85.26694704605954,21.916,23.068,576,65,0,0.020246819920648168
780,500,83.10727572216278,24.398,25.636,619,67,0,0.020145585821044927
781,500,109.80195860858038,19.746,20.928,591,65,0,0.020044857891939702
782,500,98.96670485548178,20.118,21.268,575,67,0,0.019944633602480003
783,500,106.22634407242987,18.282,19.414,566,68,0,0.019844910434467605
784,500,87.90465536430028,23.428,24.656,614,68,0,0.019745685882295267
785,500,114.33021223018335,20.01,21.212,601,66,0,0.01964695745288379
786,500,102.56913327008498,22.606,23.846,620,67,0,0.01954872266561937
787,500,120.57541411722579,16.186,17.274,544,66,0,0.019450979052291272
788,500,115.93035549002872,21.244,22.514,635,67,0,0.019353724157029815
789,500,124.7550510142214,19.058,20.272,607,65,0,0.019256955536244666
790,500,113.5719608167031,20.328,21.54,606,67,0,0.019160670758563442
791,500,117.73843501880893,19.834,21.044,605,66,0,0.019064867404770626
792,500,118.2770480521263,18.456,19.622,583,67,0,0.018969543067746772
793,500,101.23058416567787,19.562,20.71,574,70,0,0.018874695352408037
794,500,86.29075443164064,20.534,21.66,563,68,0,0.018780321875645996
795,500,103.08457428400408,19.628,20.784,578,70,0,0.018686420266267767
796,500,102.50326997598664,18.212,19.316,552,70,0,0.018592988164936427
797,500,110.5032315512329,20.914,22.164,625,70,0,0.018500023224111744
798,500,105.05751290494597,17.908,19.016,554,67,0,0.018407523107991184
799,500,96.33376176129751,20.028,21.176,574,66,0,0.01831548549245123
800,500,94.8523432770511,19.746,20.882,568,71,0,0.018223908064988973
801,500,113.09399888924804,19.47,20.654,592,66,0,0.018132788524664028
802,500,102.98014957307953,16.84,17.906,533,68,0,0.018042124582040707
803,500,115.21166249818741,19.108,20.272,582,67,0,0.017951913959130504
804,500,102.7921319764484,19.034,20.17,568,67,0,0.01786215438933485
805,500,110.16742092177212,19.696,20.908,606,65,0,0.017772843617388175
806,500,109.09095461800477,20.858,22.078,610,69,0,0.017683979399301233
807,500,86.41752659086694,23.322,24.526,602,65,0,0.017595559502304726
808,500,101.49958969217846,21.526,22.758,616,68,0,0.0175075817047932
809,500,104.00831054355122,17.12,18.19,535,68,0,0.017420043796269234
810,500,102.4757995676489,19.242,20.388,573,64,0,0.017332943577287888
811,500,120.1031862525467,18.578,19.774,598,67,0,0.01724627885940145
812,500,101.44018944774348,18.962,20.108,573,68,0,0.017160047465104442
813,500,105.1855699578485,19.264,20.418,577,64,0,0.01707424722777892
814,500,125.43303583594647,15.722,16.822,550,63,0,0.016988875991640028
815,500,118.02582292068044,17.51,18.664,577,62,0,0.016903931611681827
816,500,93.72304562138116,23.136,24.384,624,70,0,0.01681941195362342
817,500,110.05006375551196,17.888,19.01,561,68,0,0.016735314893855303
818,500,114.89095598717749,17.77,18.91,570,64,0,0.016651638319386028
819,500,108.19599417779182,20.788,22.024,618,68,0,0.0165683801277891
820,500,103.29897295621987,17.774,18.87,548,69,0,0.016485538227150154
821,500,108.77459843561653,17.64,18.746,553,66,0,0.0164031105360144
822,500,96.19380264373886,21.132,22.308,588,65,0,0.01632109498333433
823,500,109.38053470031164,19.278,20.46,591,68,0,0.016239489508417658
824,500,117.54873750400432,19.002,20.172,585,65,0,0.01615829206087557
825,500,112.65374628781124,19.122,20.294,586,63,0,0.01607750060057119
826,500,94.39978984033877,24.542,25.836,647,65,0,0.015997113097568336
827,500,115.55502486368255,19.746,20.964,609,66,0,0.015917127532080494
828,500,107.01012447068695,20.42,21.614,597,66,0,0.01583754189442009
829,500,90.89553655535339,20.332,21.462,565,64,0,0.01575835418494799
830,500,78.17275099415552,20.754,21.858,552,67,0,0.01567956241402325
831,500,101.09853452013284,17.634,18.722,544,68,0,0.015601164601953134
832,500,80.45293024480716,22.71,23.896,593,70,0,0.015523158778943369
833,500,107.92163870796998,19.05,20.224,587,66,0,0.015445542985048652
834,500,109.42042269183642,17.048,18.142,547,65,0,0.015368315270123408
835,500,73.46569155919093,26.286,27.544,629,64,0,0.01529147369377279
836,500,85.78458024041407,19.682,20.768,543,66,0,0.015215016325303928
837,500,110.8051061128063,18.83,19.972,571,66,0,0.015138941243677408
838,500,99.12173731551138,19.068,20.198,565,67,0,0.01506324653745902
839,500,108.74380547945016,19.528,20.702,587,68,0,0.014987930304771725
840,500,111.40774734938397,17.61,18.74,565,69,0,0.014912990653247866
841,500,120.75779649155903,17.304,18.444,570,68,0,0.014838425699981627
842,500,101.01191136796545,16.788,17.844,528,62,0,0.01476423357148172
843,500,111.36463678674424,17.616,18.742,563,68,0,0.014690412403624311
844,500,118.80100002852117,17.824,18.964,570,65,0,0.01461696034160619
845,500,109.32524054016166,17.688,18.802,557,66,0,0.014543875539898159
846,500,102.14123605349286,20.366,21.554,594,66,0,0.014471156162198668
847,500,114.98641641543762,17.644,18.782,569,68,0,0.014398800381387675
848,500,110.4146329432555,20.186,21.392,603,66,0,0.014326806379480736
849,500,118.98489427981607,18.314,19.482,584,64,0,0.014255172347583332
850,500,112.00544131591076,18.514,19.66,573,67,0,0.014183896485845416
851,500,97.79822377520348,19.852,21.01,579,66,0,0.014112977003416188
852,500,115.93587722068418,17.53,18.674,572,64,0,0.014042412118399107
853,500,114.64189551645536,21.284,22.544,630,65,0,0.013972200057807112
854,500,119.6303992248102,17.44,18.57,565,64,0,0.013902339057518077
855,500,114.49586186119281,17.932,19.072,570,68,0,0.013832827362230486
856,500,110.61132628730549,20.45,21.658,604,66,0,0.013763663225419333
857,500,118.29321072735033,17.14,18.262,561,64,0,0.013694844909292236
858,500,115.35329827765061,17.488,18.614,563,65,0,0.013626370684745774
859,500,108.49042984859136,18.646,19.78,567,64,0,0.013558238831322046
860,500,98.45117786963138,18.978,20.094,558,69,0,0.013490447637165436
861,500,100.14205736832058,18.432,19.548,558,63,0,0.013422995398979608
862,500,105.61836315119125,19.67,20.838,584,67,0,0.01335588042198471
863,500,80.5964113737686,25.268,26.522,627,71,0,0.013289101019874787
864,500,100.12201559209682,19.578,20.728,575,66,0,0.013222655514775413
865,500,103.88513546261646,21.13,22.352,611,65,0,0.013156542237201536
866,500,116.46354351313597,16.956,18.07,557,61,0,0.013090759526015528
867,500,123.89221010487357,16.476,17.596,560,67,0,0.01302530572838545
868,500,102.88645177865502,20.568,21.744,588,66,0,0.012960179199743523
869,500,109.17041389971511,18.618,19.774,578,66,0,0.012895378303744804
870,500,121.77850831259654,17.584,18.732,574,66,0,0.01283090141222608
871,500,120.46053001787287,18.138,19.31,586,66,0,0.012766746905164949
872,500,116.0238269475502,17.752,18.886,567,63,0,0.012702913170639124
873,500,111.19056916758169,17.866,18.996,565,67,0,0.012639398604785928
874,500,100.22491491113108,19.51,20.652,571,67,0,0.012576201611761997
875,500,112.79382915567282,18.362,19.512,575,69,0,0.012513320603703188
876,500,103.61398904898063,18.132,19.262,565,63,0,0.012450754000684672
877,500,95.03188458983782,19.614,20.73,558,69,0,0.012388500230681249
878,500,100.26991886030041,19.85,20.992,571,64,0,0.012326557729527843
879,500,117.22566376895628,16.866,17.978,556,65,0,0.012264924940880204
880,500,111.31182659854387,20.768,21.984,608,64,0,0.012203600316175803
881,500,116.19240035576884,17.5,18.642,571,65,0,0.012142582314594924
882,500,112.9039403821954,17.548,18.676,564,66,0,0.01208186940302195
883,500,118.38162403306484,17.872,19.02,574,65,0,0.01202146005600684
884,500,109.11690289072098,20.514,21.714,600,65,0,0.011961352755726806
885,500,107.93678125117461,16.196,17.254,529,66,0,0.01190154599194817
886,500,126.65366357214883,18.49,19.692,601,65,0,0.01184203826198843
887,500,114.37274572233203,19.092,20.258,583,64,0,0.011782828070678488
888,500,103.54818095083338,18.03,19.136,553,64,0,0.011723913930325095
889,500,110.53150275707844,18.058,19.194,568,69,0,0.01166529436067347
890,500,109.15739872871693,19.022,20.18,579,65,0,0.011606967888870102
891,500,94.32076710761946,20.324,21.474,575,70,0,0.01154893304942575
892,500,106.58469771111567,19.438,20.616,589,63,0,0.011491188384178622
893,500,85.88366526667727,22.638,23.838,600,65,0,0.011433732442257729
894,500,115.44669353204691,20.504,21.736,616,66,0,0.01137656378004644
895,500,123.19502533907252,18.9,20.104,602,64,0,0.011319680961146208
896,500,122.17045493435526,18.334,19.524,595,65,0,0.011263082556340478
897,500,97.7584255017326,19.058,20.184,563,66,0,0.011206767143558775
898,500,121.1397414375827,17.26,18.394,567,66,0,0.011150733307840981
899,500,98.32260855446663,19.904,21.066,581,67,0,0.011094979641301777
900,500,107.21153874788457,18.796,19.938,571,66,0,0.011039504743095268
901,500,100.36002934523935,19.95,21.112,581,71,0,0.01098430721937979
902,500,118.15103891203634,17.616,18.744,564,67,0,0.010929385683282892
903,500,125.78349726366966,16.252,17.37,559,68,0,0.010874738754866477
904,500,111.5205457575528,18.916,20.066,575,68,0,0.010820365061092144
905,500,96.39645052131254,18.366,19.448,541,67,0,0.010766263235786683
906,500,111.57031493077858,20.678,21.902,612,66,0,0.01071243191960775
907,500,96.48070644944185,18.414,19.494,540,67,0,0.010658869760009713
908,500,120.9846262618906,17.734,18.89,578,67,0,0.010605575411209664
909,500,100.53504528580122,21.644,22.86,608,67,0,0.010552547534153616
910,500,120.70241261335505,18.738,19.93,596,68,0,0.010499784796482848
911,500,105.89357071182113,19.292,20.46,584,63,0,0.010447285872500434
912,500,124.67078482743212,19.068,20.282,607,64,0,0.01039504944313793
913,500,107.80860370423792,18.038,19.164,563,62,0,0.010343074195922241
914,500,113.83458275293427,17.496,18.62,562,65,0,0.01029135882494263
915,500,117.37544251625587,20.102,21.336,617,66,0,0.010239902030817916
916,500,112.45121890427167,18.69,19.842,576,66,0,0.010188702520663827
917,500,109.53837809228995,20.692,21.902,605,67,0,0.010137759008060509
918,500,118.5639756314181,19.164,20.358,597,64,0,0.010087070213020206
919,500,125.73217778872863,17.852,19.05,599,65,0,0.010036634861955105
920,500,121.78930378344813,20.152,21.394,621,64,0,0.01
921,500,114.82007622229447,18.408,19.564,578,65,0,0.01
922,500,95.31342119116806,20.78,21.938,579,67,0,0.01
923,500,122.71858554723921,17.356,18.51,577,63,0,0.01
924,500,100.52002323663065,21.3,22.518,609,64,0,0.01
925,500,127.1798590222792,18.312,19.516,602,66,0,0.01
926,500,115.58938786828328,17.688,18.824,568,66,0,0.01
927,500,130.14764390720504,17.792,18.974,591,63,0,0.01
928,500,116.69188841669784,20.3,21.526,613,65,0,0.01
929,500,117.35665485772802,19.99,21.22,615,68,0,0.01
930,500,129.2476604836701,15.67,16.78,555,67,0,0.01
931,500,109.12316647681016,17.824,18.952,564,66,0,0.01
932,500,123.62418367575222,16.282,17.382,550,62,0,0.01
933,500,130.823192304158,16.566,17.724,579,63,0,0.01
934,500,122.11364889724369,17.372,18.518,573,64,0,0.01
935,500,78.94180488087879,19.404,20.474,535,67,0,0.01
936,500,103.44861769455669,20.724,21.934,605,65,0,0.01
937,500,105.20044773939615,19.38,20.522,571,67,0,0.01
938,500,93.94397589761181,19.164,20.296,566,65,0,0.01
939,500,120.1982036192785,17.826,18.988,581,65,0,0.01
940,500,123.69733068795934,19.524,20.76,618,67,0,0.01
941,500,113.58797922430422,18.784,19.942,579,64,0,0.01
942,500,90.58365005938475,21.68,22.868,594,67,0,0.01
943,500,116.38564740168742,18.278,19.442,582,66,0,0.01
944,500,101.41817221570959,20.226,21.394,584,63,0,0.01
945,500,117.06443627718889,16.658,17.756,549,66,0,0.01
946,500,102.01252247070524,21.064,22.288,612,67,0,0.01
947,500,100.10458528424789,18.668,19.778,555,65,0,0.01
948,500,91.22684232990945,23.26,24.506,623,65,0,0.01
949,500,111.82062951919681,15.906,16.972,533,63,0,0.01
950,500,121.14556521841229,17.486,18.636,575,65,0,0.01
951,500,105.10952229563854,16.582,17.672,545,67,0,0.01
952,500,90.24206694239443,19.946,21.09,572,66,0,0.01
953,500,86.28829423327981,19.218,20.31,546,66,0,0.01
954,500,114.15466025377061,17.172,18.288,558,66,0,0.01
955,500,110.58437514362134,15.598,16.638,520,63,0,0.01
956,500,130.5999563558492,19.392,20.644,626,64,0,0.01
957,500,127.6459771807694,17.74,18.938,599,65,0,0.01
958,500,103.4795138837058,19.296,20.44,572,64,0,0.01
959,500,100.76307462426007,17.564,18.628,532,66,0,0.01
960,500,117.64441401050766,18.698,19.89,596,64,0,0.01
961,500,115.24169569148633,18.814,19.99,588,67,0,0.01
962,500,120.04460032054813,17.672,18.832,580,65,0,0.01
963,500,102.91963573244854,22.904,24.17,633,66,0,0.01
964,500,114.29572547528002,21.724,23.002,639,63,0,0.01
965,500,114.08630223920866,18.778,19.956,589,69,0,0.01
966,500,103.39306577514127,18.504,19.632,564,69,0,0.01
967,500,129.73093067342387,15.494,16.62,563,65,0,0.01
968,500,119.2857615779165,17.136,18.264,564,66,0,0.01
969,500,101.19470928411565,22.248,23.502,627,65,0,0.01
970,500,93.58887625240322,21.098,22.264,583,64,0,0.01
971,500,116.44976857927021,18.954,20.15,598,68,0,0.01
972,500,105.49140568970205,16.886,17.958,536,63,0,0.01
973,500,117.38269284849811,16.622,17.712,545,68,0,0.01
974,500,111.09526326560425,18.162,19.306,572,65,0,0.01
975,500,123.86087085419611,17.278,18.432,577,65,0,0.01
976,500,101.44813359838825,20.338,21.504,583,67,0,0.01
977,500,99.55436572391119,19.362,20.492,565,66,0,0.01
978,500,102.41058905731282,19.936,21.102,583,65,0,0.01
979,500,109.04122647941914,18.864,20.018,577,64,0,0.01
980,500,106.33601549369305,20.384,21.582,599,64,0,0.01
981,500,101.0998021527577,19.86,21.032,586,67,0,0.01
982,500,93.25738778547057,20.676,21.846,585,71,0,0.01
983,500,109.23200306831686,18.384,19.524,570,63,0,0.01
984,500,115.25260139771171,18.242,19.396,577,65,0,0.01
985,500,84.78353194230081,20.824,21.968,572,66,0,0.01
986,500,91.44881715813055,25.292,26.6,654,69,0,0.01
987,500,119.5359178939292,19.336,20.532,598,65,0,0.01
988,500,111.00557532487349,18.804,19.956,576,63,0,0.01
989,500,103.18975811141388,19.782,20.966,592,66,0,0.01
990,500,122.82085911236855,19.168,20.402,617,69,0,0.01
991,500,130.60020385645475,20.08,21.344,632,64,0,0.01
992,500,122.30294438516,17.346,18.508,581,66,0,0.01
993,500,107.9238206297453,19.852,21.042,595,66,0,0.01
994,500,114.50528646643689,17.814,18.962,574,65,0,0.01
995,500,119.3260029129157,18.556,19.748,596,67,0,0.01
996,500,111.24706615212759,18.488,19.638,575,64,0,0.01
997,500,124.60421371014857,17.018,18.168,575,62,0,0.01
998,500,117.46262922398554,18.376,19.56,592,65,0,0.01
999,500,100.98474300980185,21.758,22.998,620,64,0,0.01
1000,500,117.78845869503147,18.684,19.862,589,65,0,0.01
1001,500,102.21481325868196,21.79,23.006,608,67,0,0.01
1002,500,113.70948025322102,17.792,18.946,577,64,0,0.01
1003,500,119.00700448617255,17.568,18.714,573,65,0,0.01
1004,500,116.83056964297168,17.028,18.14,556,65,0,0.01
1005,500,117.80264591444556,17.486,18.608,561,66,0,0.01
1006,500,96.94387331101147,19.732,20.85,559,63,0,0.01
1007,500,113.55503512234259,19.696,20.912,608,64,0,0.01
1008,500,102.25144725672953,16.47,17.518,524,64,0,0.01
1009,500,108.61040874188647,18.34,19.492,576,66,0,0.01
1010,500,96.90953082373068,21.674,22.878,602,66,0,0.01
1011,500,119.17302862435882,20.064,21.286,611,66,0,0.01
1012,500,107.91702801019618,17.798,18.91,556,65,0,0.01
1013,500,124.05276054943592,18.854,20.066,606,66,0,0.01
1014,500,111.90449693536655,18.58,19.742,581,63,0,0.01
1015,500,128.1325808233944,17.688,18.86,586,63,0,0.01
1016,500,122.04185158694176,15.892,17.002,555,68,0,0.01
1017,500,100.68151549005471,18.538,19.666,564,67,0,0.01
1018,500,114.75832226874995,18.53,19.688,579,65,0,0.01
1019,500,121.89969003028767,16.31,17.428,559,70,0,0.01
1020,500,119.1404012237363,18.756,19.924,584,65,0,0.01
1021,500,119.29169885038887,17.764,18.912,574,66,0,0.01
1022,500,133.40935155428588,16.372,17.54,584,66,0,0.01
1023,500,105.21717722645141,19.034,20.17,568,66,0,0.01
1024,500,90.94888603567342,21.866,23.058,596,65,0,0.01
1025,500,112.59644850575785,20.326,21.55,612,69,0,0.01
1026,500,122.30318162710536,18.092,19.264,586,63,0,0.01
1027,500,130.1069005686036,18.596,19.808,606,62,0,0.01
1028,500,103.2149953046762,18.24,19.356,558,66,0,0.01
1029,500,117.47528404911809,17.922,19.07,574,63,0,0.01
1030,500,122.84527173453442,16.026,17.14,557,64,0,0.01
1031,500,138.56214379684852,18.39,19.64,625,64,0,0.01
1032,500,82.82312765245743,25.288,26.558,635,65,0,0.01
1033,500,116.92298579998868,18.274,19.428,577,66,0,0.01
1034,500,107.70996499577184,19.25,20.414,582,67,0,0.01
1035,500,102.19563383192599,20.762,21.952,595,66,0,0.01
1036,500,111.9786479547782,17.374,18.484,555,66,0,0.01
1037,500,111.3564625530739,23.618,24.936,659,69,0,0.01
1038,500,100.3887743885933,17.546,18.632,543,65,0,0.01
1039,500,103.09552102486977,18.824,19.966,571,66,0,0.01
1040,500,119.60943990316714,16.468,17.58,556,67,0,0.01
1041,500,121.35372082185889,18.206,19.372,583,64,0,0.01
1042,500,112.95309145029016,18.63,19.784,577,66,0,0.01
1043,500,94.37959028156345,21.976,23.172,598,66,0,0.01
1044,500,106.99477285163076,19.852,21.02,584,64,0,0.01
1045,500,109.29869467963435,17.236,18.326,545,65,0,0.01
1046,500,115.35892649755739,17.776,18.898,561,63,0,0.01
1047,500,118.90185143474281,17.24,18.364,562,68,0,0.01
1048,500,113.6096701427212,20.838,22.066,614,68,0,0.01
1049,500,109.72611741233582,17.984,19.106,561,64,0,0.01
1050,500,104.79420366284964,22.968,24.24,636,64,0,0.01
1051,500,97.67218385913348,19.186,20.3,557,64,0,0.01
1052,500,101.46193230584264,21.766,22.974,604,64,0,0.01
1053,500,124.4993491939644,17.146,18.294,574,65,0,0.01
1054,500,103.16909823005882,20.248,21.418,585,66,0,0.01
1055,500,109.43588780253545,18.018,19.142,562,69,0,0.01
1056,500,105.79323156786165,17.594,18.686,546,65,0,0.01
1057,500,101.69519044720651,19.618,20.784,583,67,0,0.01
1058,500,115.84343354395581,20.0,21.216,608,68,0,0.01
1059,500,109.91426201553854,19.676,20.854,589,66,0,0.01
1060,500,112.1442700660761,19.012,20.174,581,65,0,0.01
1061,500,120.07054859326418,17.328,18.468,570,66,0,0.01
1062,500,101.721581781451,19.9,21.078,589,68,0,0.01
1063,500,103.0079117729316,19.808,20.972,582,68,0,0.01
1064,500,112.15894138165866,18.208,19.354,573,66,0,0.01
1065,500,109.52941380962581,17.778,18.896,559,64,0,0.01
1066,500,106.70142651358456,20.624,21.842,609,71,0,0.01
1067,500,98.27556759752724,20.03,21.168,569,65,0,0.01
1068,500,103.64721468379655,21.276,22.486,605,69,0,0.01
1069,500,115.69585723575148,17.45,18.564,557,63,0,0.01
1070,500,116.25451204529294,14.926,15.962,518,63,0,0.01
1071,500,111.91205957644306,18.982,20.144,581,68,0,0.01
1072,500,92.87752152823951,21.062,22.252,595,67,0,0.01
1073,500,122.93407680847712,17.674,18.836,581,63,0,0.01
1074,500,109.5127593894594,21.26,22.518,629,66,0,0.01
1075,500,107.7134523285433,18.504,19.656,576,65,0,0.01
1076,500,96.80975849160248,20.946,22.112,583,69,0,0.01
1077,500,108.98599387122941,16.926,18.024,549,63,0,0.01
1078,500,124.71622858186107,16.492,17.618,563,66,0,0.01
1079,500,113.1195451350761,18.268,19.408,570,66,0,0.01
1080,500,124.49245659770158,18.174,19.362,594,65,0,0.01
1081,500,118.52185116854902,17.34,18.476,568,65,0,0.01
1082,500,119.38109825587398,16.666,17.786,560,68,0,0.01
1083,500,108.21956171154102,16.162,17.222,530,65,0,0.01
1084,500,84.96786925512406,21.94,23.144,602,67,0,0.01
1085,500,118.63647050624527,18.358,19.514,578,66,0,0.01
1086,500,113.46395579868427,17.768,18.902,567,64,0,0.01
1087,500,116.7986668367318,20.402,21.63,614,66,0,0.01
1088,500,114.5297844141516,17.75,18.914,582,68,0,0.01
1089,500,115.57037322647015,16.772,17.896,562,66,0,0.01
1090,500,102.39026900450347,20.568,21.75,591,68,0,0.01
1091,500,112.77107968048281,17.504,18.642,569,65,0,0.01
1092,500,122.08660103311432,19.144,20.36,608,66,0,0.01
1093,500,107.34540932295693,20.436,21.638,601,65,0,0.01
1094,500,97.97953472421712,19.722,20.85,564,67,0,0.01
1095,500,121.44665949979809,17.112,18.23,559,64,0,0.01
1096,500,119.58081861011587,19.216,20.41,597,64,0,0.01
1097,500,121.6976057082762,16.504,17.634,565,64,0,0.01
1098,500,117.14157262577,16.93,18.058,564,66,0,0.01
1099,500,110.07617681317082,17.656,18.772,558,63,0,0.01
1100,500,108.10355750345485,19.658,20.848,595,66,0,0.01
1101,500,111.94978941978137,19.376,20.558,591,68,0,0.01
1102,500,119.43755420577975,17.52,18.652,566,62,0,0.01
1103,500,119.68294465135368,17.258,18.402,572,65,0,0.01
1104,500,115.21322566844911,18.19,19.34,575,66,0,0.01
1105,500,106.62126315481173,18.066,19.182,558,68,0,0.01
1106,500,115.1320345288832,16.654,17.766,556,66,0,0.01
1107,500,117.06268715828206,16.54,17.652,556,67,0,0.01
1108,500,101.06693751018993,17.806,18.914,554,66,0,0.01
1109,500,106.32814380005073,19.642,20.816,587,64,0,0.01
1110,500,97.15065040007677,20.326,21.51,592,70,0,0.01
1111,500,119.1946233121843,18.058,19.23,586,66,0,0.01
1112,500,122.39145066519713,18.596,19.784,594,66,0,0.01
1113,500,124.92761701508242,19.378,20.614,618,64,0,0.01
1114,500,105.7061788690946,19.606,20.756,575,64,0,0.01
1115,500,101.5133338500642,19.702,20.846,572,68,0,0.01
1116,500,121.70793760027918,18.562,19.75,594,64,0,0.01
1117,500,114.51546383215701,19.702,20.896,597,64,0,0.01
1118,500,121.39159493281998,18.828,20.024,598,62,0,0.01
1119,500,109.49485524410207,19.898,21.078,590,67,0,0.01
1120,500,110.34114871238893,19.28,20.458,589,66,0,0.01
1121,500,99.3069684001649,18.876,19.994,559,66,0,0.01
1122,500,104.25547388162077,20.402,21.594,596,67,0,0.01
1123,500,106.50768185656875,15.968,17.002,517,62,0,0.01
1124,500,119.73461746976918,19.308,20.524,608,65,0,0.01
1125,500,110.14692582535972,20.274,21.486,606,65,0,0.01
1126,500,123.33303977680146,17.74,18.91,585,67,0,0.01
1127,500,105.78979878465877,21.592,22.826,617,66,0,0.01
1128,500,114.4473500619319,18.454,19.602,574,66,0,0.01
1129,500,108.47305083404254,17.446,18.55,552,71,0,0.01
1130,500,123.87867241295311,19.22,20.432,606,64,0,0.01
1131,500,115.98931967532688,19.582,20.788,603,65,0,0.01
1132,500,118.46273245696815,18.832,20.02,594,66,0,0.01
1133,500,105.60150991383344,19.672,20.84,584,65,0,0.01
1134,500,116.23023343208983,18.354,19.518,582,65,0,0.01
1135,500,113.66051513377157,17.746,18.874,564,69,0,0.01
1136,500,112.07839976958638,18.218,19.362,572,65,0,0.01
1137,500,120.00505980634263,17.508,18.65,571,65,0,0.01
1138,500,119.2646169540105,16.168,17.26,546,66,0,0.01
1139,500,116.43796649132793,18.332,19.484,576,67,0,0.01
1140,500,99.32355687586586,21.844,23.066,611,61,0,0.01
1141,500,115.06482804541707,17.582,18.698,558,63,0,0.01
1142,500,115.78268620750201,18.176,19.344,584,67,0,0.01
1143,500,131.31550623596976,16.338,17.482,572,65,0,0.01
1144,500,110.26285057405217,19.744,20.948,602,67,0,0.01
1145,500,117.26311533570895,16.746,17.86,557,70,0,0.01
1146,500,104.33005770390061,19.88,21.05,585,65,0,0.01
1147,500,124.24681865152216,17.748,18.912,582,65,0,0.01
1148,500,111.74437229128127,20.486,21.704,609,65,0,0.01
1149,500,106.54410889879705,20.412,21.632,610,64,0,0.01
1150,500,119.59532514075565,18.3,19.464,582,68,0,0.01
1151,500,127.4298985903806,16.568,17.716,574,65,0,0.01
1152,500,115.42503338961008,18.276,19.444,584,68,0,0.01
1153,500,115.64259308098048,18.994,20.182,594,63,0,0.01
1154,500,114.93821366874218,18.506,19.676,585,66,0,0.01
1155,500,97.62887008679708,21.814,23.04,613,68,0,0.01
1156,500,102.34066461622054,18.918,20.04,561,68,0,0.01
1157,500,112.57332516977311,15.934,16.99,528,62,0,0.01
1158,500,105.40839687687753,19.18,20.334,577,66,0,0.01
1159,500,112.67662912558187,19.226,20.436,605,64,0,0.01
1160,500,128.504770947906,16.498,17.646,574,64,0,0.01
1161,500,117.20978962897769,18.638,19.814,588,63,0,0.01
1162,500,125.53388023977656,18.738,19.94,601,68,0,0.01
1163,500,118.34515156369159,19.762,20.972,605,67,0,0.01
1164,500,124.3061951223684,16.886,18.012,563,67,0,0.01
1165,500,119.33921429121914,19.13,20.322,596,66,0,0.01
1166,500,118.73719816216402,17.43,18.564,567,63,0,0.01
1167,500,124.4624746977028,18.178,19.364,593,65,0,0.01
1168,500,105.97960327856866,15.742,16.78,519,64,0,0.01
1169,500,123.97785741593034,19.094,20.302,604,64,0,0.01
1170,500,109.49002782170304,17.784,18.896,556,66,0,0.01
1171,500,124.79037960127268,15.286,16.36,537,61,0,0.01
1172,500,118.97428411122743,15.742,16.834,546,64,0,0.01
1173,500,107.58450915258415,15.896,16.938,521,68,0,0.01
1174,500,129.13068743686458,17.338,18.516,589,66,0,0.01
1175,500,112.04218180320971,17.196,18.296,550,62,0,0.01
1176,500,125.28612192378229,17.162,18.336,587,67,0,0.01
1177,500,109.39233417836742,17.398,18.486,544,63,0,0.01
1178,500,112.68332616092174,18.26,19.41,575,66,0,0.01
1179,500,110.93197760236424,17.496,18.616,560,67,0,0.01
1180,500,117.89815763600585,17.07,18.2,565,67,0,0.01
1181,500,116.96060215168433,18.266,19.436,585,66,0,0.01
1182,500,124.50156189171985,17.774,18.944,585,65,0,0.01
1183,500,105.21137396294178,18.692,19.816,562,71,0,0.01
1184,500,108.10410054169702,17.202,18.306,552,63,0,0.01
1185,500,101.21566534948978,19.678,20.83,576,68,0,0.01
1186,500,104.8291199643526,18.396,19.502,553,64,0,0.01
1187,500,119.63896148058606,19.496,20.694,599,67,0,0.01
1188,500,123.65641930814655,16.674,17.806,566,64,0,0.01
1189,500,98.08579062332866,22.164,23.384,610,61,0,0.01
1190,500,111.81957096242365,17.102,18.226,562,64,0,0.01
1191,500,82.56786889372889,24.002,25.238,618,62,0,0.01
1192,500,109.44597219393299,19.388,20.558,585,67,0,0.01
1193,500,113.21698101914616,18.024,19.174,575,66,0,0.01
1194,500,113.23794034078914,18.996,20.164,584,67,0,0.01
1195,500,104.79976642814516,19.022,20.176,577,66,0,0.01
1196,500,95.8771816996938,20.884,22.05,583,64,0,0.01
1197,500,95.25141973701822,20.214,21.362,574,63,0,0.01
1198,500,107.80679303337084,18.268,19.396,564,67,0,0.01
1199,500,94.12845812443999,21.548,22.732,592,63,0,0.01
1200,500,102.04689573396604,18.948,20.092,572,62,0,0.01
1201,500,110.29482909356328,20.546,21.75,602,62,0,0.01
1202,500,106.82488312737347,20.67,21.874,602,66,0,0.01
1203,500,121.69664012582571,18.218,19.406,594,64,0,0.01
1204,500,122.9997098630214,17.722,18.892,585,64,0,0.01
1205,500,111.32763854017998,18.304,19.462,579,65,0,0.01
1206,500,122.9818602672328,19.612,20.834,611,64,0,0.01
1207,500,111.6831408586591,18.268,19.398,565,67,0,0.01
1208,500,117.74908296576889,18.632,19.806,587,66,0,0.01
1209,500,106.15559831650984,19.206,20.362,578,68,0,0.01
1210,500,123.50722088760664,17.892,19.062,585,64,0,0.01
1211,500,106.65582497660394,19.488,20.662,587,64,0,0.01
1212,500,111.57638295594509,18.05,19.182,566,67,0,0.01
1213,500,105.46323771683915,20.202,21.39,594,65,0,0.01
1214,500,95.09103733366736,21.49,22.68,595,70,0,0.01
1215,500,120.40846868749784,18.714,19.912,599,65,0,0.01
1216,500,117.63930130913185,19.67,20.894,612,66,0,0.01
1217,500,106.90460016834915,19.06,20.214,577,67,0,0.01
1218,500,110.90504322987752,19.67,20.864,597,67,0,0.01
1219,500,131.72453307837165,17.89,19.084,597,65,0,0.01
1220,500,118.25179034154388,20.114,21.344,615,63,0,0.01
1221,500,118.50691183504098,17.572,18.708,568,63,0,0.01
1222,500,121.20010726446833,18.11,19.272,581,65,0,0.01
1223,500,102.78841766039133,18.976,20.116,570,66,0,0.01
1224,500,105.17795602347167,19.152,20.296,572,68,0,0.01
1225,500,122.015288465363,19.098,20.3,601,67,0,0.01
1226,500,112.65373277288258,15.638,16.688,525,61,0,0.01
1227,500,113.21971623782377,16.312,17.394,541,66,0,0.01
1228,400,48.94018716104824,21.4875,22.605,447,50,1,0.01
1229,500,95.12222205806209,20.518,21.662,572,64,0,0.01
1230,500,119.54036055049136,16.934,18.058,562,65,0,0.01
1231,500,113.00659220062421,16.792,17.9,554,65,0,0.01
1232,500,131.7140499163547,19.204,20.448,622,65,0,0.01
1233,500,105.257982117013,17.882,19.0,559,66,0,0.01
1234,500,120.38454781027424,19.69,20.912,611,67,0,0.01
1235,500,108.10115950343638,19.034,20.184,575,66,0,0.01
1236,500,126.31950908727231,16.872,18.022,575,66,0,0.01
1237,500,98.98106711849874,18.974,20.084,555,66,0,0.01
1238,500,116.1643458745487,21.218,22.48,631,69,0,0.01
1239,500,114.06790634890913,19.582,20.778,598,68,0,0.01
1240,500,111.02604990396573,18.342,19.49,574,64,0,0.01
1241,500,131.3179766929906,17.596,18.776,590,66,0,0.01
1242,500,116.04068018490807,17.75,18.884,567,64,0,0.01
1243,500,96.73275550560204,19.92,21.082,581,66,0,0.01
1244,500,132.23527367646315,16.684,17.852,584,66,0,0.01
1245,500,121.23895721653994,16.96,18.096,568,67,0,0.01
1246,500,113.64171721658376,17.692,18.814,561,64,0,0.01
1247,500,114.97684054017962,21.134,22.372,619,64,0,0.01
1248,500,108.67073353413198,19.422,20.594,586,64,0,0.01
1249,500,108.91595919476305,19.048,20.218,585,66,0,0.01
1250,500,115.95118780510035,18.33,19.492,581,64,0,0.01
1251,500,100.29066145731792,19.96,21.114,577,66,0,0.01
1252,500,109.3445744932004,18.886,20.038,576,66,0,0.01
1253,500,112.91717227781906,18.006,19.138,566,62,0,0.01
1254,500,114.01113108777778,18.446,19.604,579,69,0,0.01
1255,500,122.74315595195658,17.926,19.092,583,67,0,0.01
1256,500,116.21819410220223,16.986,18.096,555,64,0,0.01
1257,500,102.06248133869897,16.72,17.78,530,66,0,0.01
1258,500,113.78761360661504,17.216,18.33,557,64,0,0.01
1259,500,126.42613298102339,16.804,17.944,570,68,0,0.01
1260,500,104.36141747189818,18.962,20.102,570,67,0,0.01
1261,500,98.03233791002617,20.17,21.326,578,70,0,0.01
1262,500,126.17485655627725,16.148,17.266,559,64,0,0.01
1263,500,120.57489159630359,18.526,19.704,589,66,0,0.01
1264,500,104.39912679791635,19.472,20.628,578,63,0,0.01
1265,500,116.38676751042092,16.734,17.852,559,65,0,0.01
1266,500,100.3238626721629,18.638,19.766,564,67,0,0.01
1267,500,107.40025716530982,17.858,18.976,559,70,0,0.01
1268,500,103.17400446546938,18.356,19.49,567,66,0,0.01
1269,500,107.20725761999662,17.768,18.876,554,69,0,0.01
1270,500,86.22390829404029,21.512,22.676,582,65,0,0.01
1271,500,91.79720689945273,21.88,23.074,597,63,0,0.01
1272,500,122.82250499829287,18.826,20.044,609,69,0,0.01
1273,500,113.42627024625487,20.684,21.926,621,70,0,0.01
1274,500,118.20756667256234,18.064,19.218,577,65,0,0.01
1275,500,118.3673855203506,19.36,20.554,597,65,0,0.01
1276,500,122.50501844851136,17.21,18.358,574,63,0,0.01
1277,500,128.4614263995896,19.3,20.554,627,67,0,0.01
1278,500,99.73309272426127,17.572,18.632,530,67,0,0.01
1279,500,116.27709934542648,18.174,19.346,586,65,0,0.01
1280,500,97.62320783464142,18.158,19.262,552,66,0,0.01
1281,500,102.81842007771021,18.856,20.002,573,70,0,0.01
1282,500,125.99072831930577,18.454,19.654,600,64,0,0.01
1283,500,110.10711403696025,15.996,17.054,529,64,0,0.01
1284,500,115.23653169681022,20.076,21.274,599,66,0,0.01
1285,500,105.58645383241398,15.96,17.004,522,64,0,0.01
1286,500,111.47305083404265,17.434,18.544,555,66,0,0.01
1287,500,117.05186416771899,17.688,18.82,566,62,0,0.01
1288,500,114.23782684914651,18.59,19.756,583,64,0,0.01
1289,500,125.96833658009507,15.144,16.228,542,64,0,0.01
1290,500,118.0026131229105,19.684,20.91,613,69,0,0.01
1291,500,107.17578436035645,18.284,19.418,567,71,0,0.01
1292,500,102.27384925460028,19.722,20.888,583,68,0,0.01
1293,500,95.21760302692844,23.358,24.622,632,69,0,0.01
1294,500,110.25768332310747,17.464,18.57,553,66,0,0.01
1295,500,122.34271188265073,18.314,19.502,594,66,0,0.01
1296,500,96.73852799313147,20.436,21.604,584,66,0,0.01
1297,500,114.70046793352523,18.706,19.88,587,67,0,0.01
1298,500,112.62736521222692,18.782,19.944,581,65,0,0.01
1299,500,118.30801605189573,16.622,17.736,557,63,0,0.01
1300,500,115.52157289196344,16.838,17.95,556,66,0,0.01
1301,500,106.78840740173125,19.018,20.164,573,66,0,0.01
1302,500,118.6178886673004,18.126,19.3,587,63,0,0.01
1303,500,105.82471834243053,20.562,21.75,594,66,0,0.01
1304,500,124.1995814872774,16.896,18.034,569,66,0,0.01
1305,500,101.47300279701113,21.306,22.506,600,67,0,0.01
1306,500,106.95817663195454,21.398,22.622,612,68,0,0.01
1307,500,114.55225561275626,18.094,19.252,579,65,0,0.01
1308,500,125.60711697003768,18.956,20.174,609,64,0,0.01
1309,500,107.22769116444879,17.538,18.634,548,66,0,0.01
1310,500,112.54793670649669,20.848,22.08,616,66,0,0.01
1311,500,117.82507543202769,17.022,18.148,563,64,0,0.01
1312,500,128.30379973223666,18.748,19.98,616,68,0,0.01
1313,500,89.64981589351144,19.334,20.44,553,63,0,0.01
1314,500,91.75482467731828,19.426,20.548,561,67,0,0.01
1315,500,124.58886209109237,16.45,17.574,562,65,0,0.01
1316,500,110.05689740970105,19.71,20.918,604,63,0,0.01
1317,500,109.29005622073316,21.688,22.952,632,66,0,0.01
1318,500,101.45962337749609,17.078,18.144,533,65,0,0.01
1319,500,118.02619417158849,18.542,19.714,586,68,0,0.01
1320,500,112.32912989982152,17.788,18.92,566,67,0,0.01
1321,500,116.73886456540849,16.98,18.098,559,64,0,0.01
1322,500,112.70392449031665,18.142,19.294,576,64,0,0.01
1323,500,98.8967317309755,21.892,23.126,617,64,0,0.01
1324,500,114.24416614850703,20.076,21.286,605,65,0,0.01
1325,500,109.76937224259817,18.206,19.342,568,64,0,0.01
1326,500,115.85727002978179,17.654,18.8,573,66,0,0.01
1327,500,121.69842002071269,18.162,19.342,590,68,0,0.01
1328,500,113.09261776498049,16.842,17.938,548,66,0,0.01
1329,500,104.75772468093874,17.774,18.868,547,68,0,0.01
1330,500,124.99467987730792,19.262,20.466,602,63,0,0.01
1331,500,107.3372798700491,19.064,20.228,582,63,0,0.01
1332,500,110.43860576016158,19.96,21.134,587,63,0,0.01
1333,500,116.63111030426397,18.65,19.822,586,65,0,0.01
1334,500,100.51888961296838,19.36,20.502,571,65,0,0.01
1335,500,106.51902362193115,19.622,20.784,581,65,0,0.01
1336,500,114.75835304472999,18.356,19.52,582,68,0,0.01
1337,500,101.68000361309315,19.162,20.316,577,64,0,0.01
1338,500,108.14523890479526,20.856,22.072,608,62,0,0.01
1339,500,101.99588270170403,18.386,19.496,555,66,0,0.01
1340,500,113.82158809925605,17.784,18.914,565,65,0,0.01
1341,500,89.27849137473635,21.892,23.082,595,66,0,0.01
1342,500,120.48790745188806,16.59,17.72,565,64,0,0.01
1343,500,109.19706299322499,19.53,20.712,591,65,0,0.01
1344,500,106.10501808711625,19.328,20.48,576,65,0,0.01
1345,500,114.63056400975293,17.572,18.706,567,65,0,0.01
1346,500,105.2566042490142,18.796,19.946,575,68,0,0.01
1347,500,123.5966305517519,16.736,17.88,572,64,0,0.01
1348,500,110.92239847083758,17.444,18.544,550,65,0,0.01
1349,500,116.59807061809339,16.542,17.634,546,63,0,0.01
1350,500,105.81163771682111,16.732,17.808,538,68,0,0.01
1351,500,108.7240592408632,17.53,18.64,555,64,0,0.01
1352,500,108.36721047674773,19.346,20.504,579,65,0,0.01
1353,500,100.9943573098138,15.534,16.544,505,67,0,0.01
1354,500,118.30450820180396,17.484,18.606,561,64,0,0.01
1355,500,114.91443705914133,19.71,20.914,602,64,0,0.01
1356,500,127.09738298903706,18.208,19.406,599,67,0,0.01
1357,500,95.75937382313188,21.01,22.19,590,64,0,0.01
1358,500,106.91105996174382,17.348,18.432,542,65,0,0.01
1359,500,112.13268405637693,18.212,19.354,571,66,0,0.01
1360,500,105.37692036096864,16.154,17.214,530,66,0,0.01
1361,500,86.58941929064557,18.67,19.736,533,68,0,0.01
1362,500,99.38531082941046,21.722,22.942,610,65,0,0.01
1363,500,101.87225430058093,21.828,23.056,614,69,0,0.01
1364,500,131.81917919419547,16.106,17.248,571,64,0,0.01
1365,500,103.13749096145577,20.478,21.666,594,66,0,0.01
1366,500,116.61716032679526,20.594,21.832,619,68,0,0.01
1367,500,113.50226271251361,19.074,20.268,597,65,0,0.01
1368,500,123.57619700729995,16.966,18.122,578,65,0,0.01
1369,500,110.8956288832936,19.73,20.918,594,65,0,0.01
1370,500,120.27505143261403,17.642,18.814,586,65,0,0.01
1371,500,122.589532135906,17.888,19.048,580,66,0,0.01
1372,500,116.97798116623301,19.466,20.666,600,66,0,0.01
1373,500,100.31235237573482,22.014,23.238,612,64,0,0.01
1374,500,125.7338031573328,17.626,18.804,589,65,0,0.01
1375,500,105.37910228274386,16.956,18.032,538,66,0,0.01
1376,500,110.20149864739582,20.724,21.954,615,66,0,0.01
1377,500,106.84837120172875,19.01,20.16,575,63,0,0.01
1378,500,116.05131787320816,16.606,17.702,548,65,0,0.01
1379,500,116.82008648095457,18.342,19.504,581,65,0,0.01
1380,500,117.32157751740485,17.308,18.452,572,65,0,0.01
1381,500,120.55831663553114,19.042,20.238,598,67,0,0.01
1382,500,112.50582250228788,18.966,20.142,588,70,0,0.01
1383,500,127.36316594442293,17.948,19.138,595,64,0,0.01
1384,500,113.27965952050134,16.42,17.502,541,65,0,0.01
1385,500,98.73783743099777,19.114,20.242,564,66,0,0.01
1386,500,108.15685569047466,21.482,22.724,621,67,0,0.01
1387,500,113.68386919916423,15.8,16.866,533,70,0,0.01
1388,500,106.043511634177,20.138,21.304,583,66,0,0.01
1389,500,109.33477163465695,21.572,22.816,622,66,0,0.01
1390,500,117.08034444941629,18.254,19.414,580,65,0,0.01
1391,500,125.64920740065786,17.412,18.562,575,66,0,0.01
1392,500,119.82687584423478,16.842,17.968,563,65,0,0.01
1393,500,96.09567880742127,22.564,23.824,630,65,0,0.01
1394,500,95.9159214163917,22.874,24.13,628,69,0,0.01
1395,500,128.58076667043346,18.43,19.65,610,64,0,0.01
1396,500,108.79172994956014,18.152,19.276,562,66,0,0.01
1397,500,126.78872345668827,15.678,16.77,546,65,0,0.01
1398,500,102.33422534014598,20.514,21.71,598,67,0,0.01
1399,500,120.09457595973909,20.354,21.592,619,67,0,0.01
1400,500,114.6831683783704,14.54,15.562,511,65,0,0.01
1401,500,129.65535049271324,17.904,19.104,600,63,0,0.01
1402,500,116.9860073861581,20.378,21.614,618,67,0,0.01
1403,500,111.32982046195526,19.106,20.28,587,65,0,0.01
1404,500,119.51014466481601,19.734,20.966,616,68,0,0.01
1405,500,108.47292008134856,20.702,21.918,608,67,0,0.01
1406,500,139.15917797722193,17.806,19.034,614,64,0,0.01
1407,500,112.24926859122282,19.17,20.342,586,66,0,0.01
1408,500,124.43529982700201,16.064,17.194,565,63,0,0.01
1409,500,118.21839992178528,16.858,17.994,568,67,0,0.01
1410,500,102.5849759877012,19.968,21.156,594,66,0,0.01
1411,500,107.81907986386385,20.324,21.518,597,73,0,0.01
1412,500,122.84858727997168,18.768,19.974,603,68,0,0.01
1413,500,108.40036365456119,21.856,23.098,621,65,0,0.01
1414,500,116.6719876518281,18.132,19.282,575,69,0,0.01
1415,500,120.19792534269305,17.312,18.456,572,67,0,0.01
1416,500,119.13226151216868,17.442,18.57,564,66,0,0.01
1417,500,118.42157683281866,18.836,20.028,596,65,0,0.01
1418,500,116.4229752181375,17.814,18.974,580,65,0,0.01
1419,500,109.33626999668982,17.46,18.558,549,63,0,0.01
1420,500,96.78897095729371,16.486,17.53,522,70,0,0.01
1421,500,93.02294733703093,23.676,24.94,632,66,0,0.01
1422,500,108.64707741856508,17.428,18.52,546,63,0,0.01
1423,500,121.12813491056329,16.576,17.686,555,65,0,0.01
1424,500,114.99734589525193,20.498,21.738,620,65,0,0.01
1425,500,129.932853466761,18.73,19.95,610,67,0,0.01
1426,500,136.6390743258466,18.79,20.044,627,64,0,0.01
1427,500,109.29459185161785,19.804,20.996,596,67,0,0.01
1428,500,119.01060531058674,17.224,18.362,569,66,0,0.01
1429,500,127.75352887859978,19.732,20.974,621,64,0,0.01
1430,500,120.59395753141676,19.152,20.352,600,69,0,0.01
1431,500,134.59829695499636,16.234,17.388,577,63,0,0.01
1432,500,119.87662450014068,18.72,19.916,598,68,0,0.01
1433,500,114.75379364025648,16.814,17.926,556,63,0,0.01
1434,500,120.01418561768091,16.992,18.12,564,64,0,0.01
1435,500,117.3846990802882,16.33,17.438,554,66,0,0.01
1436,500,108.6704347402263,19.024,20.174,575,65,0,0.01
1437,500,103.78443532640892,18.342,19.472,565,67,0,0.01
1438,500,118.29365378887876,17.766,18.92,577,65,0,0.01
1439,500,119.50808649334344,19.276,20.498,611,65,0,0.01
1440,500,111.72100471095996,18.948,20.106,579,67,0,0.01
1441,500,115.59146655707576,18.03,19.18,575,66,0,0.01
1442,500,124.14139758216697,16.848,17.974,563,66,0,0.01
1443,500,120.87606794696953,17.688,18.85,581,66,0,0.01
1444,500,118.53690399369978,17.51,18.65,570,64,0,0.01
1445,500,122.09195097643556,18.918,20.112,597,69,0,0.01
1446,500,115.4298300360289,20.564,21.794,615,67,0,0.01
1447,500,114.42351125398854,18.966,20.154,594,68,0,0.01
1448,500,133.31579477121542,16.786,17.954,584,64,0,0.01
1449,500,121.97360706402247,17.9,19.076,588,66,0,0.01
1450,500,93.2149370089847,22.17,23.374,602,64,0,0.01
1451,500,118.90049408406405,18.038,19.198,580,66,0,0.01
1452,500,110.06943874319089,18.854,20.022,584,63,0,0.01
1453,500,108.29184311801161,18.036,19.172,568,67,0,0.01
1454,500,118.8931686849327,18.382,19.552,585,65,0,0.01
1455,500,116.68192777560304,19.274,20.46,593,65,0,0.01
1456,500,114.521274098058,16.444,17.532,544,70,0,0.01
1457,500,112.94635663657877,23.37,24.696,663,64,0,0.01
1458,500,118.14029799075375,18.3,19.464,582,65,0,0.01
1459,500,121.61552144326224,17.316,18.462,573,68,0,0.01
1460,500,109.0044757334601,20.24,21.438,599,68,0,0.01
1461,500,111.11197223533932,17.932,19.066,567,64,0,0.01
1462,500,123.24903134927759,18.38,19.564,592,66,0,0.01
1463,500,111.86650233037149,21.156,22.402,623,68,0,0.01
1464,500,117.23229160356232,18.808,19.984,588,66,0,0.01
1465,500,107.81286431480596,19.182,20.338,578,66,0,0.01
1466,500,113.43148618061338,20.172,21.384,606,68,0,0.01
1467,500,108.74959848429978,19.928,21.112,592,68,0,0.01
1468,500,119.61994683877298,18.58,19.766,593,66,0,0.01
1469,500,127.41330311228819,17.2,18.362,581,66,0,0.01
1470,500,131.41675966907962,16.612,17.764,576,65,0,0.01
1471,500,130.3479791103095,17.48,18.664,592,63,0,0.01
1472,500,112.78365504622124,20.016,21.24,612,66,0,0.01
1473,500,111.6715548489598,17.468,18.578,555,69,0,0.01
1474,500,124.48511068125028,18.634,19.828,597,65,0,0.01
1475,500,103.3854723580846,18.276,19.398,561,64,0,0.01
1476,500,119.32264958910683,19.588,20.8,606,65,0,0.01
1477,500,102.71957554966092,20.188,21.35,581,65,0,0.01
1478,500,106.68009658741569,19.66,20.824,582,67,0,0.01
1479,500,120.17734753061829,17.314,18.46,573,64,0,0.01
1480,500,121.1384975785466,18.46,19.634,587,68,0,0.01
1481,500,109.33048725050037,17.002,18.092,545,63,0,0.01
1482,500,116.21159004118486,18.47,19.64,585,65,0,0.01
1483,500,110.38283711612091,16.878,17.964,543,67,0,0.01
1484,500,114.01830196062606,17.932,19.068,568,64,0,0.01
1485,500,126.06738057171815,18.332,19.522,595,65,0,0.01
1486,500,115.45331811038434,18.904,20.08,588,62,0,0.01
1487,500,101.91993127008539,19.764,20.93,583,67,0,0.01
1488,500,105.55955023590734,17.96,19.084,562,67,0,0.01
1489,500,115.90713217733038,19.934,21.154,610,66,0,0.01
1490,500,124.68168027499742,18.554,19.744,595,64,0,0.01
1491,500,113.87505107121885,19.72,20.916,598,64,0,0.01
1492,500,118.49033687426865,18.088,19.242,577,65,0,0.01
1493,500,120.73492326606626,16.102,17.224,561,65,0,0.01
1494,500,84.7829446131496,19.97,21.072,551,68,0,0.01
1495,500,130.831764818594,18.564,19.792,614,63,0,0.01
1496,500,116.5967030087544,17.398,18.524,563,64,0,0.01
1497,500,115.92230549651502,16.906,18.016,555,64,0,0.01
1498,500,105.29164055469728,21.71,22.938,614,65,0,0.01
1499,500,118.07361663809617,19.39,20.606,608,68,0,0.01
1500,500,123.1350582828065,15.366,16.446,540,65,0,0.01
1501,500,120.04388924109425,16.474,17.586,556,67,0,0.01
1502,500,114.22785594939144,17.622,18.746,562,66,0,0.01
1503,500,113.51635695760508,17.358,18.496,569,64,0,0.01
1504,500,116.9555824246311,19.756,20.958,601,64,0,0.01
1505,500,110.73722193575287,20.888,22.13,621,67,0,0.01
1506,500,115.9507685171607,21.13,22.384,627,68,0,0.01
1507,500,125.46745339011589,16.916,18.064,574,67,0,0.01
1508,500,122.34835036121751,18.544,19.73,593,64,0,0.01
1509,500,119.75405139952191,17.424,18.56,568,64,0,0.01
1510,500,113.15287010022355,17.29,18.41,560,66,0,0.01
1511,500,100.24040053915007,20.364,21.54,588,67,0,0.01
1512,500,110.23308214241015,17.068,18.156,544,68,0,0.01
1513,500,128.43993869086944,14.624,15.692,534,63,0,0.01
1514,500,125.29958080269103,18.424,19.61,593,64,0,0.01
1515,500,116.33162087416233,18.914,20.094,590,66,0,0.01
1516,500,121.10482187981097,18.29,19.47,590,65,0,0.01
1517,500,126.90341786127313,19.832,21.078,623,67,0,0.01
1518,500,123.81017013076846,20.598,21.862,632,63,0,0.01
1519,500,113.50288846641864,17.194,18.3,553,65,0,0.01
1520,500,115.30424018387865,16.924,18.024,550,65,0,0.01
1521,500,121.18367657131886,18.854,20.044,595,65,0,0.01
1522,500,118.1372947541505,19.44,20.656,608,65,0,0.01
1523,500,119.85423601719862,18.952,20.152,600,65,0,0.01
1524,500,96.52999413638545,22.284,23.536,626,65,0,0.01
1525,500,125.47754804017364,18.228,19.424,598,66,0,0.01
1526,500,109.32164997440742,17.974,19.098,562,67,0,0.01
1527,500,105.73771368069507,18.742,19.878,568,63,0,0.01
1528,500,122.09378216462281,18.572,19.768,598,66,0,0.01
1529,500,119.36414504180217,19.75,20.988,619,65,0,0.01
1530,500,115.26974317031512,18.696,19.87,587,67,0,0.01
1531,500,107.34058515682653,21.864,23.118,627,65,0,0.01
1532,500,118.50459590430306,16.484,17.596,556,64,0,0.01
1533,500,105.94249154036154,16.028,17.094,533,68,0,0.01
1534,500,118.94729844544051,18.206,19.362,578,64,0,0.01
1535,500,109.82543642427581,18.144,19.27,563,66,0,0.01
1536,500,110.57041490749259,17.6,18.704,552,65,0,0.01
1537,500,108.43326607550034,20.136,21.33,597,66,0,0.01
1538,500,102.07712513457018,19.632,20.79,579,67,0,0.01
1539,500,100.289252813339,21.048,22.228,590,66,0,0.01
1540,500,109.56988212791029,20.002,21.192,595,64,0,0.01
1541,500,118.15745002201714,18.696,19.882,593,68,0,0.01
1542,500,117.6737983226953,17.898,19.048,575,67,0,0.01
1543,500,106.29532019212323,17.356,18.474,559,66,0,0.01
1544,500,115.33520443752538,22.232,23.518,643,64,0,0.01
1545,500,103.97951681678346,22.316,23.59,637,66,0,0.01
1546,500,104.27992053603539,20.628,21.826,599,64,0,0.01
1547,500,102.61465909379433,19.566,20.734,584,69,0,0.01
1548,500,120.5244864105128,18.702,19.892,595,67,0,0.01
1549,500,113.5463080816238,17.528,18.662,567,65,0,0.01
1550,500,126.0558253379992,17.358,18.534,588,67,0,0.01
1551,500,108.77823003601097,17.122,18.226,552,66,0,0.01
1552,500,97.88549319859575,18.702,19.808,553,67,0,0.01
1553,500,128.3076583159163,19.034,20.272,619,66,0,0.01
1554,500,127.05163718443386,16.844,17.988,572,65,0,0.01
1555,500,121.53166754202124,18.126,19.298,586,65,0,0.01
1556,500,108.87736374568811,17.286,18.376,545,66,0,0.01
1557,500,126.86338234585696,18.292,19.496,602,68,0,0.01
1558,500,117.33218442972479,16.338,17.438,550,64,0,0.01
1559,500,127.79774929131271,18.24,19.438,599,67,0,0.01
1560,500,102.26610131126085,19.324,20.472,574,67,0,0.01
1561,500,127.13326812925932,15.464,16.558,547,64,0,0.01
1562,500,115.01470113621197,18.272,19.418,573,64,0,0.01
1563,500,124.53748106419104,18.398,19.59,596,66,0,0.01
1564,500,108.38811785870831,19.568,20.752,592,68,0,0.01
1565,500,116.8388843981423,18.396,19.564,584,67,0,0.01
1566,500,114.57116702158659,18.55,19.718,584,64,0,0.01
1567,500,112.07563377492863,20.104,21.31,603,63,0,0.01
1568,500,117.85727002978176,17.646,18.796,575,65,0,0.01
1569,500,102.1579860578681,19.904,21.09,593,65,0,0.01
1570,500,115.4617258398775,20.79,22.022,616,65,0,0.01
1571,500,121.89738761447833,18.706,19.922,608,64,0,0.01
1572,500,112.15448521016776,17.126,18.222,548,66,0,0.01
1573,500,128.36914425153532,18.34,19.56,610,64,0,0.01
1574,500,99.35089001897214,16.986,18.038,526,64,0,0.01
1575,500,106.72308339975261,19.31,20.472,581,64,0,0.01
1576,500,102.18195887477415,19.678,20.832,577,65,0,0.01
1577,500,106.2475816706585,19.768,20.936,584,67,0,0.01
1578,500,114.03560851817258,18.498,19.668,585,64,0,0.01
1579,500,119.0838215235278,17.558,18.708,575,64,0,0.01
1580,500,116.69343106963962,19.498,20.706,604,65,0,0.01
1581,500,121.73569654386253,17.988,19.154,583,68,0,0.01
1582,500,113.08166011907268,16.664,17.79,563,65,0,0.01
1583,500,117.6434246544683,16.986,18.112,563,66,0,0.01
1584,500,117.36370198027383,19.132,20.334,601,66,0,0.01
1585,500,104.48834090113861,18.378,19.488,555,62,0,0.01
1586,500,111.08860465501803,16.394,17.468,537,64,0,0.01
1587,500,109.84711382776385,16.714,17.788,537,63,0,0.01
1588,500,111.55980799517266,18.566,19.716,575,64,0,0.01
1589,500,122.08133054918694,16.404,17.52,558,62,0,0.01
1590,500,120.30015787318231,19.356,20.572,608,67,0,0.01
1591,500,117.14473038865586,15.96,17.048,544,62,0,0.01
1592,500,111.67374702939506,18.212,19.34,564,66,0,0.01
1593,500,125.27973458739032,19.508,20.748,620,67,0,0.01
1594,500,115.29637174650499,19.724,20.92,598,63,0,0.01
1595,500,115.79786278295542,18.69,19.868,589,67,0,0.01
1596,500,110.10486356083328,19.142,20.29,574,65,0,0.01
1597,500,104.10937102562454,19.958,21.154,598,68,0,0.01
1598,500,112.43937839157562,20.802,22.04,619,67,0,0.01
1599,500,108.19749579609346,20.218,21.428,605,71,0,0.01
1600,500,115.60512099690756,19.23,20.412,591,64,0,0.01
1601,500,117.72372202220384,19.83,21.066,618,65,0,0.01
1602,500,117.6068079174721,18.648,19.826,589,62,0,0.01
1603,500,120.9071526946503,19.798,21.032,617,69,0,0.01
1604,500,98.07048003891259,21.364,22.566,601,66,0,0.01
1605,500,119.35841097902637,16.5,17.602,551,63,0,0.01
1606,500,116.7800509655384,16.802,17.922,560,67,0,0.01
1607,500,96.9644954139951,23.04,24.284,622,68,0,0.01
1608,500,108.05032151477734,18.526,19.658,566,69,0,0.01
1609,500,108.31224588648354,17.98,19.098,559,67,0,0.01
1610,500,110.80682380935087,18.082,19.222,570,65,0,0.01
1611,500,99.01621626944208,21.25,22.46,605,62,0,0.01
1612,500,108.98181923259268,19.9,21.086,593,71,0,0.01
1613,500,109.8942580176861,17.048,18.148,550,62,0,0.01
1614,500,124.05222451358489,17.71,18.89,590,65,0,0.01
1615,500,100.19799079730433,21.626,22.844,609,66,0,0.01
1616,500,123.1457197446951,17.648,18.814,583,66,0,0.01
1617,500,93.3158089325264,21.47,22.662,596,62,0,0.01
1618,500,105.15433394015372,20.526,21.716,595,67,0,0.01
1619,500,120.40196460319433,17.116,18.256,570,66,0,0.01
1620,500,119.58565303490616,17.73,18.874,572,67,0,0.01
1621,500,124.56220599519109,19.138,20.354,608,67,0,0.01
1622,500,125.07790802464422,20.332,21.598,633,67,0,0.01
1623,500,128.376150339441,17.714,18.898,592,65,0,0.01
1624,500,135.25891953337,18.724,19.976,626,67,0,0.01
1625,500,99.98691141664852,19.08,20.212,566,65,0,0.01
1626,500,115.26834152872755,16.184,17.266,541,66,0,0.01
1627,500,107.85129497893791,20.832,22.054,611,65,0,0.01
1628,500,106.23519160718277,17.252,18.352,550,65,0,0.01
1629,500,118.92495099713861,18.206,19.374,584,66,0,0.01
1630,500,112.98250653845781,17.656,18.774,559,66,0,0.01
1631,500,134.81337593068585,15.752,16.888,568,63,0,0.01
1632,500,114.26105016184506,19.9,21.116,608,64,0,0.01
1633,500,103.43060005755663,18.96,20.088,564,68,0,0.01
1634,500,106.68314085865889,18.288,19.408,560,68,0,0.01
1635,500,120.90689167911619,15.626,16.726,550,65,0,0.01
1636,500,103.14162456545242,17.736,18.828,546,65,0,0.01
1637,500,117.69482945495844,18.464,19.646,591,67,0,0.01
1638,500,120.75808502680464,17.76,18.92,580,67,0,0.01
1639,500,121.65616154888104,16.052,17.166,557,62,0,0.01
1640,500,111.19196055050928,20.436,21.656,610,65,0,0.01
1641,500,117.99662455713792,19.346,20.542,598,65,0,0.01
1642,500,118.85534586727196,17.47,18.62,575,66,0,0.01
1643,500,109.29043447403265,19.12,20.284,582,64,0,0.01
1644,500,94.28761392980608,17.814,18.88,533,67,0,0.01
1645,500,126.04445605292536,17.42,18.582,581,67,0,0.01
1646,500,105.34606585284187,18.39,19.506,558,67,0,0.01
1647,500,99.97001714465053,19.314,20.438,562,63,0,0.01
1648,500,115.76052470784528,19.212,20.392,590,67,0,0.01
1649,500,123.16130534942818,15.42,16.502,541,67,0,0.01
1650,500,115.07359612077602,19.518,20.724,603,66,0,0.01
1651,500,122.66980573005277,17.306,18.452,573,67,0,0.01
1652,500,117.60962520543006,16.472,17.598,563,64,0,0.01
1653,500,106.06815384951462,20.302,21.494,596,67,0,0.01
1654,500,117.65096677822487,17.504,18.626,561,66,0,0.01
1655,500,123.89789287434911,20.016,21.262,623,64,0,0.01
1656,500,130.48419313583116,16.492,17.646,577,65,0,0.01
1657,500,111.26928985012667,18.144,19.276,566,64,0,0.01
1658,500,120.65461889593931,16.858,17.988,565,62,0,0.01
1659,500,107.43531073204429,17.114,18.194,540,65,0,0.01
1660,500,109.28978494653896,17.574,18.702,564,63,0,0.01
1661,500,113.94994394606427,19.538,20.736,599,66,0,0.01
1662,500,112.9286345372155,18.462,19.608,573,65,0,0.01
1663,500,119.18824297818365,16.804,17.924,560,66,0,0.01
1664,500,111.39928832659065,16.014,17.078,532,65,0,0.01
1665,500,101.45660287984167,21.876,23.11,617,69,0,0.01
1666,500,113.66140125682836,18.998,20.19,596,64,0,0.01
1667,500,132.7783018466312,16.62,17.786,583,63,0,0.01
1668,500,117.17151349112845,17.158,18.28,561,64,0,0.01
1669,500,104.56806820077449,16.71,17.772,531,64,0,0.01
1670,500,121.32708198700902,17.236,18.378,571,65,0,0.01
1671,500,108.86126262242414,18.254,19.4,573,67,0,0.01
1672,500,109.71193019292167,19.182,20.36,589,67,0,0.01
1673,500,109.96555006811737,17.21,18.32,555,67,0,0.01
1674,500,109.65910648979266,18.85,19.996,573,70,0,0.01
1675,500,109.43683612393467,19.962,21.144,591,66,0,0.01
1676,500,120.2428158002196,17.25,18.39,570,67,0,0.01
1677,500,111.18048477618413,16.496,17.58,542,66,0,0.01
1678,500,122.28647265737033,18.322,19.504,591,63,0,0.01
1679,500,123.24485345437218,17.812,18.964,576,66,0,0.01
1680,500,101.0208653919696,19.76,20.906,573,67,0,0.01
1681,500,106.15420693358223,16.636,17.702,533,63,0,0.01
1682,500,118.84535445019692,16.618,17.722,552,68,0,0.01
1683,500,130.14738614793959,17.162,18.33,584,66,0,0.01
1684,500,113.37331253416299,20.066,21.268,601,68,0,0.01
1685,500,104.4137911111077,22.268,23.526,629,67,0,0.01
1686,500,91.09488565868713,21.85,23.036,593,65,0,0.01
1687,500,124.48639557492646,17.202,18.364,581,64,0,0.01
1688,500,119.43951940292965,17.46,18.602,571,65,0,0.01
1689,500,111.58274277262564,19.42,20.6,590,65,0,0.01
1690,500,106.66551759977341,19.942,21.14,599,63,0,0.01
1691,500,118.77118291346535,17.94,19.092,576,64,0,0.01
1692,500,112.53982777090908,19.36,20.558,599,67,0,0.01
1693,500,127.45627966596494,16.908,18.066,579,65,0,0.01
1694,500,105.78632871293864,18.68,19.81,565,66,0,0.01
1695,500,115.40332521014174,19.88,21.094,607,65,0,0.01
1696,500,114.38896294712485,21.028,22.28,626,65,0,0.01
1697,500,119.45098166232619,17.916,19.072,578,67,0,0.01
1698,500,111.46393528136429,17.892,19.018,563,66,0,0.01
1699,500,122.47986071464298,15.786,16.88,547,66,0,0.01
1700,500,118.04305766760635,18.482,19.656,587,67,0,0.01
1701,500,118.32474553895094,16.276,17.384,554,64,0,0.01
1702,500,116.46908201498889,20.268,21.498,615,67,0,0.01
1703,500,92.78198603309045,18.052,19.11,529,66,0,0.01
1704,500,122.49742503145463,16.982,18.124,571,64,0,0.01
1705,500,115.29679429071324,20.466,21.69,612,68,0,0.01
1706,500,114.51714049406138,19.186,20.37,592,66,0,0.01
1707,500,115.96750500660724,17.184,18.314,565,64,0,0.01
1708,500,122.7848681292772,18.95,20.148,599,68,0,0.01
1709,500,115.60336161934067,19.17,20.364,597,67,0,0.01
1710,500,120.79787304161555,18.612,19.802,595,66,0,0.01
1711,500,116.84828848606618,18.394,19.566,586,64,0,0.01
1712,500,133.00178855181412,18.024,19.228,602,67,0,0.01
1713,500,120.94566281817623,18.482,19.66,589,62,0,0.01
1714,500,106.65758435417104,19.548,20.71,581,67,0,0.01
1715,500,103.85236053810257,16.052,17.09,519,66,0,0.01
1716,500,126.12486039976633,13.582,14.618,518,65,0,0.01
1717,500,132.17297342840763,15.72,16.856,568,65,0,0.01
1718,500,140.04470290714858,17.012,18.232,610,63,0,0.01
1719,500,114.25425754229614,17.846,18.984,569,67,0,0.01
1720,500,112.46434756691238,18.688,19.842,577,67,0,0.01
1721,500,125.13823981928105,17.814,18.982,584,64,0,0.01
1722,500,114.66778159082895,20.248,21.494,623,68,0,0.01
1723,500,106.31387125508785,17.762,18.856,547,63,0,0.01
1724,500,114.03893432226977,21.182,22.446,632,64,0,0.01
1725,500,109.22536823131941,20.042,21.236,597,64,0,0.01
1726,500,97.78657946981278,22.942,24.188,623,66,0,0.01
1727,500,100.37812644163326,18.748,19.87,561,67,0,0.01
1728,500,107.1319557158717,20.692,21.892,600,69,0,0.01
1729,500,118.80353203750208,18.734,19.922,594,66,0,0.01
1730,500,110.59254888743772,20.28,21.486,603,67,0,0.01
1731,500,115.18118559697791,17.736,18.874,569,65,0,0.01
1732,500,106.57679524149329,18.87,20.018,574,65,0,0.01
1733,500,104.67640604494767,23.036,24.324,644,67,0,0.01
1734,500,130.8574450733848,17.648,18.84,596,66,0,0.01
1735,500,116.3668289671797,18.34,19.494,577,63,0,0.01
1736,500,117.69923433314914,19.836,21.058,611,69,0,0.01
1737,500,116.93295669974361,19.242,20.438,598,67,0,0.01
1738,500,92.99787167244288,21.788,23.014,613,62,0,0.01
1739,500,107.85362817072729,18.262,19.392,565,66,0,0.01
1740,500,115.34670447529321,18.914,20.102,594,65,0,0.01
1741,500,120.14185090235536,17.432,18.584,576,68,0,0.01
1742,500,79.79038676019222,23.59,24.796,603,65,0,0.01
1743,500,113.96898610758876,16.738,17.834,548,63,0,0.01
1744,500,110.68467325294054,17.528,18.636,554,68,0,0.01
1745,500,132.93107031560535,15.232,16.346,557,65,0,0.01
1746,500,129.93518665855035,16.16,17.288,564,66,0,0.01
1747,500,114.12912426660282,18.316,19.478,581,65,0,0.01
1748,500,114.56131987213433,17.926,19.058,566,65,0,0.01
1749,500,103.99853846098785,19.632,20.8,584,61,0,0.01
1750,500,117.95485018147498,17.63,18.8,585,65,0,0.01
1751,500,118.22986218118176,17.314,18.464,575,66,0,0.01
1752,500,111.89961821966723,16.756,17.84,542,64,0,0.01
1753,500,112.94287304992983,16.974,18.074,550,64,0,0.01
1754,500,121.45441770179758,17.452,18.59,569,65,0,0.01
1755,500,99.84002892684678,21.386,22.58,597,67,0,0.01
1756,500,127.10318625254656,18.55,19.76,605,67,0,0.01
1757,500,105.2790651889587,19.198,20.34,571,64,0,0.01
1758,500,121.6140198249608,17.886,19.058,586,66,0,0.01
1759,500,111.74483587012966,20.996,22.25,627,69,0,0.01
1760,500,111.99022370581723,18.232,19.36,564,66,0,0.01
1761,500,102.92421239797339,20.788,21.99,601,66,0,0.01
1762,500,113.00212902674198,19.31,20.486,588,67,0,0.01
1763,500,117.11598534530185,18.364,19.528,582,66,0,0.01
1764,500,111.4880934005332,17.662,18.774,556,68,0,0.01
1765,500,106.4012465213492,19.574,20.756,591,65,0,0.01
1766,500,98.99195491729043,21.02,22.242,611,68,0,0.01
1767,500,123.41305561168281,16.528,17.67,571,68,0,0.01
1768,500,119.30320214442544,17.988,19.158,585,66,0,0.01
1769,500,123.95302925194758,17.894,19.076,591,66,0,0.01
1770,500,122.7971619621616,17.406,18.552,573,66,0,0.01
1771,500,110.59399856605694,18.96,20.148,594,68,0,0.01
1772,500,101.72854357844783,15.964,16.978,507,67,0,0.01
1773,500,106.22254768709271,18.688,19.808,560,67,0,0.01
1774,500,99.82328918113147,21.79,22.988,599,68,0,0.01
1775,500,108.42816363278457,21.05,22.278,614,65,0,0.01
1776,500,100.32681461546571,17.788,18.854,533,66,0,0.01
1777,500,119.18159788252599,18.52,19.692,586,68,0,0.01
1778,500,113.94209276974206,18.68,19.858,589,66,0,0.01
1779,500,112.89340267060953,15.61,16.658,524,62,0,0.01
1780,500,127.48523443155287,18.966,20.172,603,63,0,0.01
1781,500,123.10675630098088,18.396,19.584,594,63,0,0.01
1782,500,121.79583538746283,18.034,19.22,593,66,0,0.01
1783,500,122.63788940888412,17.196,18.336,570,64,0,0.01
1784,500,115.84676635044463,19.084,20.276,596,63,0,0.01
1785,500,109.32526431375037,21.114,22.352,619,63,0,0.01
1786,500,117.73275550560194,19.836,21.04,602,67,0,0.01
1787,500,101.35384782843022,22.172,23.424,626,65,0,0.01
1788,500,125.16336352090073,15.87,16.966,548,65,0,0.01
1789,500,114.96746397196709,17.42,18.54,560,65,0,0.01
1790,500,103.5214318806095,20.2,21.398,599,66,0,0.01
1791,500,114.84875971368824,16.352,17.42,534,65,0,0.01
1792,500,111.8583183278949,16.532,17.61,539,66,0,0.01
1793,500,98.983434342537,19.772,20.916,572,66,0,0.01
1794,500,109.33990159708425,16.942,18.038,548,67,0,0.01
1795,500,117.33438686882008,17.024,18.144,560,65,0,0.01
1796,500,124.64715948784541,16.9,18.04,570,65,0,0.01
1797,500,112.75072885169314,18.31,19.458,574,67,0,0.01
1798,500,123.22859780482547,18.61,19.806,598,66,0,0.01
1799,500,124.9472157297779,17.606,18.776,585,65,0,0.01
1800,500,119.10838166958511,18.186,19.346,580,68,0,0.01
1801,500,108.94455296810285,20.016,21.218,601,66,0,0.01
1802,500,111.25297264861983,19.29,20.454,582,65,0,0.01
1803,500,94.3594760483369,22.488,23.722,617,66,0,0.01
1804,500,115.74716906191925,18.41,19.58,585,65,0,0.01
1805,500,126.5591584676791,16.96,18.104,572,65,0,0.01
1806,500,113.9826815820607,17.706,18.842,568,65,0,0.01
1807,500,131.80495094014134,17.536,18.726,595,63,0,0.01
1808,500,118.46327875147917,19.918,21.14,611,71,0,0.01
1809,500,117.40883993840592,19.758,20.968,605,64,0,0.01
1810,500,96.87389693023664,17.964,19.046,541,66,0,0.01
1811,500,120.8582356122323,15.92,17.018,549,62,0,0.01
1812,500,113.3390770259878,15.326,16.378,526,65,0,0.01
1813,500,107.43312506414635,23.454,24.756,651,65,0,0.01
1814,500,101.68381090347262,19.738,20.888,575,65,0,0.01
1815,500,108.79261607261678,19.404,20.592,594,65,0,0.01
1816,500,109.75728422929679,19.63,20.84,605,66,0,0.01
1817,500,111.02975396136257,18.458,19.6,571,65,0,0.01
1818,500,110.56118586317154,17.656,18.772,558,65,0,0.01
1819,500,118.27058500246302,16.626,17.742,558,68,0,0.01
1820,500,86.0882508216896,23.528,24.758,615,63,0,0.01
1821,500,104.41705910936749,18.158,19.26,551,66,0,0.01
1822,500,97.31588074314655,21.048,22.262,607,66,0,0.01
1823,500,132.52825201987,18.422,19.642,610,64,0,0.01
1824,500,116.73140515731457,17.038,18.158,560,66,0,0.01
1825,500,115.0759087952453,17.064,18.174,555,66,0,0.01
1826,500,117.79370540536996,17.998,19.152,577,62,0,0.01
1827,500,131.1460493145808,17.84,19.05,605,66,0,0.01
1828,500,122.35768199213895,17.908,19.102,597,65,0,0.01
1829,500,117.47153895708095,18.038,19.184,573,68,0,0.01
1830,500,113.56729817924675,18.326,19.484,579,66,0,0.01
1831,500,127.28897389037122,19.386,20.62,617,67,0,0.01
1832,500,113.75517476452403,19.446,20.644,599,67,0,0.01
1833,500,113.42818089383583,17.372,18.494,561,65,0,0.01
1834,500,123.02982577198279,18.004,19.184,590,65,0,0.01
1835,500,121.86706588593383,18.544,19.728,592,67,0,0.01
1836,500,103.81505649524125,19.942,21.108,583,70,0,0.01
1837,500,116.21142525624198,18.358,19.514,578,66,0,0.01
1838,500,118.45488128064606,17.974,19.142,584,65,0,0.01
1839,500,84.40844181416861,23.614,24.836,611,70,0,0.01
1840,500,124.27680055152085,17.744,18.91,583,67,0,0.01
1841,500,104.78397174756044,17.828,18.924,548,68,0,0.01
1842,500,122.38883594055329,17.11,18.252,571,63,0,0.01
1843,500,110.95295043893599,21.952,23.212,630,65,0,0.01
1844,500,106.4906048921943,18.708,19.854,573,68,0,0.01
1845,500,125.96725750600191,16.456,17.594,569,64,0,0.01
1846,500,117.06459080347182,16.828,17.938,555,68,0,0.01
1847,500,111.64656515630287,19.698,20.888,595,62,0,0.01
1848,500,124.81778080887656,17.164,18.32,578,66,0,0.01
1849,500,109.25685174961967,19.468,20.638,585,71,0,0.01
1850,500,131.4641411009472,17.692,18.88,594,64,0,0.01
1851,500,108.90033955778128,17.908,19.036,564,71,0,0.01
1852,500,103.52776092131009,21.744,22.984,620,71,0,0.01
1853,500,101.34323765984168,19.6,20.776,588,67,0,0.01
1854,500,112.54532198185304,19.362,20.548,593,68,0,0.01
1855,500,106.76946521692075,18.736,19.866,565,67,0,0.01
1856,500,93.8187843262268,23.524,24.788,632,64,0,0.01
1857,500,92.43198118182418,21.632,22.826,597,64,0,0.01
1858,500,125.15978321380662,16.098,17.206,554,66,0,0.01
1859,500,113.19609741077434,21.228,22.476,624,68,0,0.01
1860,500,120.56250478909665,19.552,20.782,615,63,0,0.01
1861,500,114.84853598667159,19.09,20.27,590,70,0,0.01
1862,500,124.00176803449395,18.176,19.358,591,65,0,0.01
1863,500,100.24275750452811,21.22,22.428,604,67,0,0.01
1864,500,101.25007264499938,20.93,22.128,599,65,0,0.01
1865,500,117.61854519718545,16.076,17.166,545,68,0,0.01
1866,500,111.14620448724592,19.13,20.294,582,67,0,0.01
1867,500,107.97685079883964,21.104,22.33,613,69,0,0.01
1868,500,117.40617327407983,17.522,18.694,586,66,0,0.01
1869,500,121.82149512493353,17.234,18.38,573,67,0,0.01
1870,500,112.67626877971608,19.176,20.352,588,66,0,0.01
1871,500,118.06435681779502,19.62,20.842,611,65,0,0.01
1872,500,113.40605017015949,18.234,19.374,570,65,0,0.01
1873,500,108.49669669094946,19.498,20.68,591,70,0,0.01
1874,500,99.18472812570062,21.346,22.552,603,66,0,0.01
1875,500,106.43051734189415,18.372,19.508,568,69,0,0.01
1876,500,109.78708082703263,19.63,20.824,597,68,0,0.01
1877,500,109.78279969914458,18.602,19.762,580,66,0,0.01
1878,500,122.315887745538,17.348,18.494,573,62,0,0.01
1879,500,111.14033902539383,18.096,19.254,579,68,0,0.01
1880,500,122.09942064318948,18.802,19.996,597,65,0,0.01
1881,500,122.41716169596775,17.506,18.664,579,68,0,0.01
1882,500,107.78028820748379,17.584,18.696,556,66,0,0.01
1883,500,114.76221162840973,18.642,19.812,585,68,0,0.01
1884,500,110.88856824581922,17.104,18.198,547,64,0,0.01
1885,500,124.65894105846748,17.638,18.818,590,68,0,0.01
1886,500,101.34394873929556,20.798,22.022,612,67,0,0.01
1887,500,110.14474390358453,19.472,20.668,598,65,0,0.01
1888,500,118.55223509543615,18.194,19.356,581,66,0,0.01
1889,500,126.53969376194648,19.018,20.236,609,66,0,0.01
1890,500,106.74230386114857,20.106,21.302,598,66,0,0.01
1891,500,108.61879269779095,16.8,17.884,542,64,0,0.01
1892,500,106.64406392330187,18.634,19.772,569,67,0,0.01
1893,500,106.87543258078688,20.722,21.924,601,68,0,0.01
1894,500,104.67720684245525,21.21,22.426,608,65,0,0.01
1895,500,106.78233612029612,18.104,19.222,559,67,0,0.01
1896,500,118.51867288834315,18.426,19.598,586,68,0,0.01
1897,500,114.69301878409132,18.706,19.884,589,67,0,0.01
1898,500,113.45388492221542,19.882,21.092,605,68,0,0.01
1899,500,107.81244177059766,18.44,19.568,564,64,0,0.01
1900,500,108.62306356701882,17.886,19.002,558,66,0,0.01
1901,500,125.31880126408709,19.22,20.44,610,69,0,0.01
1902,500,123.23327770333304,16.954,18.088,567,68,0,0.01
1903,500,116.71841050363645,17.326,18.452,563,66,0,0.01
1904,500,122.94153621657108,17.616,18.776,580,66,0,0.01
1905,500,92.28824293997963,19.484,20.578,547,68,0,0.01
1906,500,134.5223352647176,17.67,18.878,604,68,0,0.01
1907,500,117.87630518891488,18.446,19.612,583,65,0,0.01
1908,500,119.68474506356094,17.086,18.226,570,64,0,0.01
1909,500,100.75331280035671,20.018,21.182,582,65,0,0.01
1910,500,100.74689078533362,17.956,19.078,561,67,0,0.01
1911,500,118.17923065848787,17.726,18.862,568,65,0,0.01
1912,500,105.69902851356623,20.004,21.18,588,66,0,0.01
1913,500,113.33894627329349,18.582,19.746,582,65,0,0.01
1914,500,117.0559490883019,17.738,18.902,582,66,0,0.01
1915,500,109.21556211650719,19.186,20.352,583,65,0,0.01
1916,500,111.9375955636111,17.838,18.954,558,69,0,0.01
1917,500,117.71636584709246,20.348,21.588,620,61,0,0.01
1918,500,112.37939081798937,17.384,18.494,555,69,0,0.01
1919,500,112.9580598840432,17.43,18.542,556,67,0,0.01
1920,500,122.956094040511,16.41,17.55,570,66,0,0.01
1921,500,115.34628193108499,18.172,19.332,580,66,0,0.01
1922,500,107.34031713890117,21.292,22.53,619,65,0,0.01
1923,500,115.18309950082762,17.966,19.104,569,65,0,0.01
1924,500,119.97567549415517,18.308,19.492,592,66,0,0.01
1925,500,119.78969229540766,17.534,18.674,570,66,0,0.01
1926,500,106.81579835067522,20.954,22.18,613,66,0,0.01
1927,500,113.12276444992204,16.95,18.062,556,64,0,0.01
1928,500,108.4827639745321,17.784,18.916,566,66,0,0.01
1929,500,111.82106557833383,20.132,21.348,608,64,0,0.01
1930,500,105.97658278091419,20.54,21.746,603,69,0,0.01
1931,500,83.45861301428268,26.238,27.556,659,67,0,0.01
1932,500,119.17265737345065,19.032,20.236,602,67,0,0.01
1933,500,106.75165665577236,20.394,21.584,595,68,0,0.01
1934,500,109.371096580139,15.912,16.964,526,65,0,0.01
1935,500,130.53558767766128,18.028,19.236,604,64,0,0.01
1936,500,121.2873972051807,16.844,17.958,557,63,0,0.01
1937,500,124.02055569302165,18.288,19.474,593,66,0,0.01
1938,500,123.88488470574232,16.82,17.95,565,68,0,0.01
1939,500,108.2079481821305,19.078,20.232,577,67,0,0.01
1940,500,116.11529478316808,17.054,18.172,559,71,0,0.01
1941,500,97.04998494250047,21.946,23.146,600,63,0,0.01
1942,500,109.48769462991356,20.354,21.558,602,72,0,0.01
1943,500,115.37030604129126,17.656,18.794,569,68,0,0.01
1944,500,106.5129625991561,18.65,19.786,568,65,0,0.01
1945,500,121.47380294813651,18.36,19.546,593,65,0,0.01
1946,500,126.18256346497672,16.778,17.906,564,67,0,0.01
1947,500,103.13306556594503,19.222,20.366,572,69,0,0.01
1948,500,111.52346627849327,17.2,18.3,550,64,0,0.01
1949,500,124.78240793091645,17.626,18.794,584,67,0,0.01
1950,500,115.23718057792165,20.582,21.834,626,67,0,0.01
1951,500,113.49642867302391,18.906,20.082,588,68,0,0.01
1952,500,129.43580508687282,17.362,18.528,583,64,0,0.01
1953,500,118.49813611090853,18.196,19.378,591,65,0,0.01
1954,500,107.31859544450408,19.412,20.574,581,66,0,0.01
1955,500,123.6605459097516,17.532,18.686,577,65,0,0.01
1956,500,111.60069560139686,17.99,19.12,565,74,0,0.01
1957,500,110.57391249892424,16.796,17.89,547,66,0,0.01
1958,500,98.30777945633265,16.996,18.042,523,65,0,0.01
1959,500,135.8262160580812,15.29,16.41,560,67,0,0.01
1960,500,121.30149470654094,18.67,19.848,589,66,0,0.01
1961,500,124.95398457573813,16.234,17.358,562,73,0,0.01
1962,500,112.0378109572678,19.192,20.378,593,68,0,0.01
1963,500,107.70899615705243,17.422,18.524,551,66,0,0.01
1964,500,120.85520159964918,17.234,18.378,572,71,0,0.01
1965,500,123.18065981978695,16.502,17.626,562,67,0,0.01
1966,500,129.52120164105557,15.75,16.872,561,65,0,0.01
1967,500,109.56577604362519,19.028,20.2,586,68,0,0.01
1968,500,116.31654427542304,15.318,16.37,526,69,0,0.01
1969,500,121.75022359182239,16.956,18.096,570,68,0,0.01
1970,500,107.7792296507105,18.78,19.95,585,67,0,0.01
1971,500,109.7656476678812,18.206,19.344,569,66,0,0.01
1972,500,120.32953192670966,18.614,19.786,586,66,0,0.01
1973,500,104.23090347690336,19.832,21.012,590,71,0,0.01
1974,500,121.7714817073708,18.326,19.506,590,66,0,0.01
1975,500,120.80906728308638,18.496,19.684,594,67,0,0.01
1976,500,124.3146644038219,18.424,19.618,597,64,0,0.01
1977,500,105.82916099899263,18.16,19.276,558,67,0,0.01
1978,500,94.19686743230224,19.652,20.784,566,68,0,0.01
1979,500,112.86732364519924,19.21,20.39,590,65,0,0.01
1980,500,103.8147884773158,19.37,20.52,575,70,0,0.01
1981,500,113.04442527694515,17.646,18.776,565,69,0,0.01
1982,500,102.79238973571371,19.664,20.814,575,67,0,0.01
1983,500,98.41910001978866,22.298,23.514,608,66,0,0.01
1984,500,118.63666606716816,18.296,19.472,588,68,0,0.01
1985,500,105.64166917955231,21.556,22.772,608,66,0,0.01
1986,500,118.7967599352733,16.564,17.678,557,67,0,0.01
1987,500,111.31308071624004,19.51,20.688,589,65,0,0.01
1988,500,119.3179459170105,17.818,18.968,575,67,0,0.01
1989,500,108.26733491163674,18.158,19.276,559,64,0,0.01
1990,500,104.79464346810921,20.052,21.236,592,63,0,0.01
1991,500,113.1853019399231,18.66,19.814,577,66,0,0.01
1992,500,89.1522277316496,23.964,25.222,629,67,0,0.01
1993,500,112.12011194690697,19.242,20.418,588,70,0,0.01
1994,500,114.45811150053456,17.654,18.77,558,69,0,0.01
1995,500,118.32332663631183,17.422,18.554,566,68,0,0.01
1996,500,103.3074319790132,19.37,20.532,581,65,0,0.01
1997,500,110.07793619073804,17.716,18.82,552,65,0,0.01
1998,500,121.27267720618445,20.44,21.698,629,65,0,0.01
1999,500,103.42576237649762,16.904,17.962,529,67,0,0.01
2000,500,115.9569602926299,18.846,20.014,584,64,0,0.01
2001,500,130.15945625380726,18.356,19.584,614,67,0,0.01
2002,500,105.31072375086191,18.678,19.812,567,65,0,0.01
2003,500,112.70776955906777,14.944,15.98,518,68,0,0.01
2004,500,113.01664581604183,18.336,19.484,574,67,0,0.01
2005,500,113.42801610889322,17.26,18.368,554,66,0,0.01
2006,500,121.5361929142461,16.3,17.398,549,71,0,0.01
2007,500,116.7076182890536,18.3,19.452,576,67,0,0.01
2008,500,113.61975828024154,15.066,16.102,518,67,0,0.01
2009,500,118.57132154786945,18.704,19.892,594,68,0,0.01
2010,500,120.92630834781757,17.4,18.536,568,71,0,0.01
2011,500,114.77102838718247,17.786,18.918,566,70,0,0.01
2012,500,106.833328635238,18.782,19.93,574,67,0,0.01
2013,500,108.13448772485263,21.598,22.848,625,71,0,0.01
2014,500,129.27152241882,17.544,18.756,606,67,0,0.01
2015,500,113.94910911630768,17.996,19.14,572,68,0,0.01
2016,500,122.73279654024208,19.584,20.806,611,67,0,0.01
2017,500,112.53783179777898,19.594,20.776,591,70,0,0.01
2018,500,125.65117259780784,17.352,18.512,580,66,0,0.01
2019,500,115.62984592790775,19.97,21.176,603,63,0,0.01
2020,500,116.5808083514559,19.286,20.472,593,65,0,0.01
2021,500,122.06147407522592,17.546,18.714,584,67,0,0.01
2022,500,123.03247127260654,19.316,20.548,616,68,0,0.01
2023,500,115.54019576554849,16.838,17.94,551,67,0,0.01
2024,500,124.09530430024436,17.878,19.056,589,68,0,0.01
2025,500,126.02386798219035,17.48,18.642,581,68,0,0.01
2026,500,127.23484087359485,16.02,17.148,564,67,0,0.01
2027,500,115.92590632092922,16.562,17.664,551,64,0,0.01
2028,500,113.96871808966328,16.166,17.246,540,63,0,0.01
2029,500,107.12464757779179,17.378,18.472,547,66,0,0.01
2030,500,101.05307350465239,23.868,25.16,646,63,0,0.01
2031,500,121.56052933328652,19.666,20.886,610,67,0,0.01
2032,500,108.814774962387,15.866,16.904,519,63,0,0.01
2033,500,103.49844580985635,19.636,20.794,579,68,0,0.01
2034,500,117.25804366897333,17.486,18.64,577,66,0,0.01
2035,500,92.65605195988927,20.348,21.502,577,68,0,0.01
2036,500,129.8104656684054,17.43,18.608,589,65,0,0.01
2037,500,88.67120801802263,20.994,22.146,576,60,0,0.01
2038,500,108.79440622616382,19.29,20.472,591,68,0,0.01
2039,500,91.55931689661281,21.852,23.04,594,68,0,0.01
2040,500,121.22605553718446,17.766,18.908,571,66,0,0.01
2041,500,100.08276361313695,19.87,21.022,576,66,0,0.01
2042,500,118.15291439113226,20.58,21.838,629,66,0,0.01
2043,500,126.07512525878906,15.188,16.276,544,66,0,0.01
2044,500,116.97713607781652,17.982,19.126,572,65,0,0.01
2045,500,106.20851499396151,20.056,21.244,594,66,0,0.01
2046,500,133.40032897593022,17.348,18.532,592,66,0,0.01
2047,500,116.38506007253636,17.424,18.546,561,66,0,0.01
2048,500,128.61403008362075,17.8,18.988,594,66,0,0.01
2049,500,127.21925526886191,18.248,19.46,606,67,0,0.01
2050,500,114.05546499213334,17.356,18.474,559,67,0,0.01
2051,500,133.13427800261883,17.036,18.212,588,65,0,0.01
2052,500,106.49310612519513,19.792,20.98,594,67,0,0.01
2053,500,124.92717395355402,18.752,19.956,602,62,0,0.01
2054,500,124.45692919345859,18.466,19.654,594,67,0,0.01
2055,500,116.65139958109316,18.192,19.342,575,63,0,0.01
2056,500,122.7293469858419,16.556,17.678,561,67,0,0.01
2057,500,124.62285710105343,16.902,18.046,572,64,0,0.01
2058,500,113.10496614743369,18.55,19.724,587,68,0,0.01
2059,500,83.71109600954757,18.784,19.838,527,66,0,0.01
2060,500,118.03339582041703,17.854,19.01,578,63,0,0.01
2061,500,118.0203909080789,18.2,19.36,580,70,0,0.01
2062,500,115.67006023304954,14.422,15.448,513,65,0,0.01
2063,500,128.45323539472176,18.276,19.48,602,65,0,0.01
2064,500,114.85120200461535,20.286,21.522,618,66,0,0.01
2065,500,109.33714586108636,18.77,19.93,580,64,0,0.01
2066,500,119.12957758679111,18.864,20.07,603,68,0,0.01
2067,500,107.62263402041921,20.748,21.952,602,69,0,0.01
2068,500,110.63454634373538,18.218,19.356,569,69,0,0.01
2069,500,118.28052512623786,17.768,18.92,576,69,0,0.01
2070,500,110.31736184412814,20.542,21.752,605,68,0,0.01
2071,500,109.65373277288265,15.65,16.694,522,64,0,0.01
2072,500,119.44351199557215,18.032,19.188,578,66,0,0.01
2073,500,105.53105269315868,21.052,22.264,606,65,0,0.01
2074,500,117.93435508506253,18.208,19.378,585,64,0,0.01
2075,500,123.74287767537106,17.408,18.558,575,65,0,0.01
2076,500,106.23458701698021,20.056,21.23,587,64,0,0.01
2077,500,118.15713071079145,18.414,19.574,580,65,0,0.01
2078,500,121.25123378837286,19.074,20.274,600,69,0,0.01
2079,500,113.07615629585082,17.76,18.878,559,65,0,0.01
2080,500,113.05531046585057,17.19,18.294,552,65,0,0.01
2081,500,120.74439981099283,16.734,17.856,561,68,0,0.01
2082,500,127.21021917557744,15.74,16.846,553,65,0,0.01
2083,500,115.45664065821312,18.046,19.196,575,67,0,0.01
2084,500,108.42855214474407,18.424,19.554,565,64,0,0.01
2085,500,119.22083960282588,18.286,19.454,584,69,0,0.01
2086,500,112.64964020352635,18.148,19.302,577,63,0,0.01
2087,500,123.00178855181397,18.064,19.248,592,66,0,0.01
2088,500,109.09942064318959,18.854,20.022,584,65,0,0.01
2089,500,120.65031024833984,19.546,20.756,605,68,0,0.01
2090,500,131.4332108795493,15.752,16.88,564,66,0,0.01
2091,500,107.68191751694299,19.368,20.534,583,67,0,0.01
2092,500,102.80459059427548,17.602,18.7,549,69,0,0.01
2093,500,113.47279633104593,20.338,21.558,610,65,0,0.01
2094,500,115.7649981403877,16.636,17.75,557,66,0,0.01
2095,500,88.51236826761365,21.468,22.644,588,66,0,0.01
2096,500,121.53939496804077,18.64,19.826,593,64,0,0.01
2097,500,111.90529773287436,16.754,17.844,545,67,0,0.01
2098,500,120.92868583051558,18.14,19.312,586,63,0,0.01
2099,500,116.55293265996126,15.916,17.0,542,66,0,0.01
2100,500,121.53418603607366,15.552,16.65,549,65,0,0.01
2101,500,94.6350343425548,23.258,24.506,624,67,0,0.01
2102,500,112.64202626914941,18.036,19.18,572,66,0,0.01
2103,500,103.23585139333647,18.752,19.884,566,62,0,0.01
2104,500,118.00462700347433,16.832,17.94,554,70,0,0.01
2105,500,112.28424269856349,21.392,22.648,628,67,0,0.01
2106,500,114.1148312043197,16.552,17.63,539,65,0,0.01
2107,500,115.25399978303072,17.212,18.338,563,65,0,0.01
2108,500,124.09901861630134,17.936,19.11,587,65,0,0.01
2109,500,125.07513877371792,18.676,19.884,604,66,0,0.01
2110,500,123.58014856530224,17.77,18.932,581,66,0,0.01
2111,500,125.84566350276262,16.93,18.072,571,64,0,0.01
2112,500,127.14822097769614,18.716,19.932,608,67,0,0.01
2113,500,115.12644798999894,17.174,18.28,553,64,0,0.01
2114,500,115.62283658373345,17.054,18.176,561,66,0,0.01
2115,500,126.25194161155811,16.71,17.848,569,64,0,0.01
2116,500,129.3986523140255,17.88,19.066,593,65,0,0.01
2117,500,126.37255977368666,18.008,19.198,595,66,0,0.01
2118,500,127.3664987509117,17.032,18.198,583,64,0,0.01
2119,500,115.44484882893087,17.366,18.474,554,64,0,0.01
2120,500,99.22699359992366,19.856,21.01,577,69,0,0.01
2121,500,113.575846920094,16.898,18.002,552,64,0,0.01
2122,500,121.71885356516484,17.932,19.1,584,63,0,0.01
2123,500,127.52436266021006,18.33,19.528,599,66,0,0.01
2124,500,131.33869877268822,17.822,19.01,594,63,0,0.01
2125,500,119.98958443698358,16.596,17.706,555,64,0,0.01
2126,500,114.05313880273528,16.326,17.418,546,64,0,0.01
2127,500,114.79797627459806,19.096,20.276,590,63,0,0.01
2128,500,115.31449961887917,18.348,19.51,581,67,0,0.01
2129,500,117.08654648354542,15.912,16.988,538,64,0,0.01
2130,500,118.59919398309533,18.532,19.702,585,68,0,0.01
2131,500,118.1579828015993,16.298,17.396,549,64,0,0.01
2132,500,128.5730187270939,18.032,19.234,601,65,0,0.01
2133,500,125.67787298461796,17.974,19.17,598,64,0,0.01
2134,500,124.98103569613622,18.004,19.178,587,63,0,0.01
2135,500,105.10767059013128,17.044,18.128,542,68,0,0.01
2136,500,113.46478036978075,19.368,20.554,593,68,0,0.01
2137,500,113.30990243603398,20.588,21.806,609,65,0,0.01
2138,500,109.66330490201806,19.302,20.484,591,65,0,0.01
2139,500,102.61661403228422,19.564,20.74,588,67,0,0.01
2140,500,112.55499408770257,19.932,21.138,603,66,0,0.01
2141,500,107.37898178870991,20.146,21.34,597,67,0,0.01
2142,500,110.49087291011968,19.264,20.434,585,65,0,0.01
2143,500,107.13158446496348,19.66,20.842,591,70,0,0.01
2144,500,119.35198196161191,18.038,19.216,589,70,0,0.01
2145,500,112.713029784335,17.742,18.876,567,67,0,0.01
2146,500,100.69653753922537,18.882,20.008,563,69,0,0.01
2147,500,103.27687300852338,18.462,19.582,560,64,0,0.01
2148,500,126.03865278941564,17.078,18.228,575,65,0,0.01
2149,500,100.88759240470846,18.916,20.046,565,67,0,0.01
2150,500,114.48027625645989,20.16,21.384,612,66,0,0.01
2151,500,122.84881100698846,16.03,17.124,547,68,0,0.01
2152,500,121.6095533948098,16.862,17.982,560,65,0,0.01
2153,500,113.68054665133539,16.658,17.75,546,67,0,0.01
2154,500,108.0125019533853,21.156,22.388,616,67,0,0.01
2155,500,121.20736020659695,17.132,18.288,578,63,0,0.01
2156,500,122.67698686156125,16.734,17.86,563,63,0,0.01
2157,500,138.12298052816521,16.672,17.858,593,66,0,0.01
2158,500,115.90670963312186,19.192,20.384,596,64,0,0.01
2159,500,122.2933755122932,17.236,18.38,572,67,0,0.01
2160,500,109.81430373476505,17.912,19.052,570,67,0,0.01
2161,500,123.89415478470356,16.532,17.658,563,65,0,0.01
2162,500,124.17020743374988,17.638,18.82,591,68,0,0.01
2163,500,122.06986828979043,15.948,17.05,551,63,0,0.01
2164,500,124.92913915070393,18.692,19.906,607,65,0,0.01
2165,500,82.51984819302761,21.318,22.484,583,65,0,0.01
2166,500,107.35990559493662,19.578,20.748,585,65,0,0.01
2167,500,115.99652132415534,18.894,20.084,595,66,0,0.01
2168,500,110.2086797789044,20.152,21.362,605,67,0,0.01
2169,500,114.74331047823928,18.128,19.29,581,66,0,0.01
2170,500,117.97717011006529,21.346,22.618,636,64,0,0.01
2171,500,123.29240992984255,18.946,20.15,602,66,0,0.01
2172,500,110.91941575155447,18.468,19.624,578,64,0,0.01
2173,500,108.5115642138372,19.672,20.84,584,64,0,0.01
2174,500,120.18180370210905,18.396,19.592,598,65,0,0.01
2175,500,126.64441401050763,18.662,19.872,605,63,0,0.01
2176,500,133.52909385201784,16.36,17.518,579,64,0,0.01
2177,500,117.23615718963347,15.494,16.558,532,65,0,0.01
2178,500,121.30141199087821,18.094,19.274,590,68,0,0.01
2179,500,109.17471554492322,19.53,20.724,597,63,0,0.01
2180,500,116.74286741671115,17.494,18.628,567,66,0,0.01
2181,500,122.94721572977792,17.614,18.78,583,67,0,0.01
2182,500,122.79054764248424,18.948,20.152,602,65,0,0.01
2183,500,127.69992163901428,17.568,18.734,583,64,0,0.01
2184,500,119.357331904933,17.812,18.968,578,69,0,0.01
2185,500,113.0382847947763,19.64,20.866,613,66,0,0.01
2186,500,108.70654947362033,19.586,20.778,596,65,0,0.01
2187,500,112.67693556826102,17.064,18.16,548,64,0,0.01
2188,500,110.78442506774886,18.372,19.514,571,67,0,0.01
2189,500,104.71727313385162,22.576,23.84,632,68,0,0.01
2190,500,106.96624063025112,18.536,19.684,574,63,0,0.01
2191,500,123.70354298074861,17.124,18.278,577,66,0,0.01
2192,500,108.55743051247455,17.838,18.946,554,69,0,0.01
2193,500,108.35676509310204,16.886,17.982,548,63,0,0.01
2194,500,122.15732627171442,18.336,19.524,594,64,0,0.01
2195,500,128.8762122145923,17.884,19.072,594,67,0,0.01
2196,500,118.8715323160848,19.58,20.81,615,65,0,0.01
2197,500,121.6735405634298,17.252,18.396,572,66,0,0.01
2198,500,113.37953508561219,17.608,18.73,561,67,0,0.01
2199,500,122.11370019054398,17.082,18.238,578,63,0,0.01
2200,500,125.18260449961691,16.55,17.684,567,64,0,0.01
2201,500,115.26366163022006,17.84,18.984,572,66,0,0.01
2202,500,123.43955017890993,17.27,18.426,578,63,0,0.01
2203,500,125.97443163511888,19.484,20.72,618,67,0,0.01
2204,500,109.237548572561,18.096,19.234,569,66,0,0.01
2205,500,119.8227012055982,19.816,21.03,607,67,0,0.01
2206,500,106.3437499221039,17.298,18.392,547,68,0,0.01
2207,500,131.29382557621292,14.226,15.302,538,67,0,0.01
2208,500,102.47028483938489,19.356,20.51,577,66,0,0.01
2209,500,122.46136159136076,16.13,17.24,555,64,0,0.01
2210,500,128.25223014680378,17.158,18.32,581,67,0,0.01
2211,500,108.38435224935124,19.8,20.978,589,68,0,0.01
2212,500,114.16514341578774,15.858,16.924,533,65,0,0.01
2213,500,111.99631224830368,15.488,16.528,520,67,0,0.01
2214,500,116.70116549805036,16.412,17.516,552,66,0,0.01
2215,500,123.60116943890532,18.394,19.586,596,65,0,0.01
2216,500,132.8657052789864,15.756,16.878,561,66,0,0.01
2217,500,122.31673283395459,18.832,20.034,601,64,0,0.01
2218,500,126.68641146680525,16.6,17.742,571,65,0,0.01
2219,500,112.4972327268003,20.626,21.848,611,69,0,0.01
2220,500,103.80845243422378,21.426,22.652,613,64,0,0.01
2221,500,115.23104774452622,20.016,21.228,606,63,0,0.01
2222,500,116.12357876235856,18.596,19.764,584,66,0,0.01
2223,500,113.90818047544342,18.804,19.96,578,63,0,0.01
2224,500,119.8349123228199,17.696,18.86,582,66,0,0.01
2225,500,114.85656220659659,20.002,21.218,608,68,0,0.01
2226,500,113.11375213022639,17.868,18.998,565,67,0,0.01
2227,500,119.5036405805125,18.136,19.31,587,66,0,0.01
2228,500,110.6783269511886,19.642,20.824,591,68,0,0.01
2229,500,105.50464784398561,17.286,18.364,539,67,0,0.01
2230,500,126.94403744957185,18.684,19.894,605,66,0,0.01
2231,500,115.76590542714673,18.812,19.976,582,63,0,0.01
2232,500,113.46198295276064,20.388,21.648,630,67,0,0.01
2233,500,94.81281302150575,19.524,20.644,560,71,0,0.01
2234,500,127.94006537424964,17.992,19.194,601,64,0,0.01
2235,500,109.46078777713834,18.812,19.976,582,64,0,0.01
2236,500,70.11057775267147,23.708,24.89,591,63,0,0.01
2237,500,95.94114134860249,24.99,26.294,652,70,0,0.01
2238,500,111.72642646490132,18.316,19.466,575,67,0,0.01
2239,500,117.14696360373127,16.472,17.586,557,65,0,0.01
2240,500,116.00365116236367,18.612,19.772,580,67,0,0.01
2241,500,136.28155551691736,19.176,20.438,631,63,0,0.01
2242,500,119.2192347515417,18.396,19.588,596,66,0,0.01
2243,500,126.3406537111781,17.84,19.026,593,65,0,0.01
2244,500,107.11899183817367,20.806,22.018,606,63,0,0.01
2245,500,116.47235001324876,16.158,17.232,537,68,0,0.01
2246,500,116.20595481888685,21.782,23.074,646,63,0,0.01
2247,500,93.1892048145114,22.336,23.584,624,68,0,0.01
2248,500,122.85547987623471,17.74,18.906,583,64,0,0.01
2249,500,110.65168811633878,18.672,19.83,579,68,0,0.01
2250,500,116.576032222357,16.882,18.01,564,64,0,0.01
2251,500,131.05583559665922,17.28,18.468,594,67,0,0.01
2252,500,115.98378117347409,16.27,17.36,545,66,0,0.01
2253,500,115.53634744052877,16.494,17.592,549,64,0,0.01
2254,500,115.42489938064742,17.99,19.15,580,67,0,0.01
2255,500,106.53426174934475,19.788,20.972,592,65,0,0.01
2256,500,104.21552108186717,19.438,20.586,574,65,0,0.01
2257,500,129.8490065679113,15.94,17.068,564,70,0,0.01
2258,500,108.82629177135227,19.574,20.756,591,67,0,0.01
2259,500,109.36061341812177,17.226,18.328,551,66,0,0.01
2260,500,102.1302860563586,17.628,18.71,541,64,0,0.01
2261,500,114.2239871070519,17.394,18.51,558,63,0,0.01
2262,500,117.99969960436134,17.8,18.958,579,64,0,0.01
2263,500,99.04081745013964,21.646,22.874,614,70,0,0.01
2264,500,120.15950493722104,15.604,16.684,540,65,0,0.01
2265,500,106.37082155982206,18.952,20.1,574,64,0,0.01
2266,500,124.2218289588653,19.978,21.222,622,67,0,0.01
2267,500,108.73416414958096,18.784,19.944,580,63,0,0.01
2268,500,123.14087506124481,19.192,20.406,607,66,0,0.01
2269,500,110.40025716530985,17.846,18.97,562,70,0,0.01
2270,500,112.32497252223622,17.104,18.208,552,64,0,0.01
2271,500,108.2327654410708,19.296,20.492,598,66,0,0.01
2272,500,111.6839551710954,19.926,21.106,590,62,0,0.01
2273,500,117.68124421586045,14.356,15.382,513,64,0,0.01
2274,500,125.43066160951676,18.524,19.708,592,65,0,0.01
2275,500,96.55138300462811,20.398,21.578,590,71,0,0.01
2276,500,99.99507490180504,23.82,25.116,648,62,0,0.01
2277,500,118.53496957252993,17.396,18.532,568,64,0,0.01
2278,500,120.82744265606586,17.808,18.974,583,64,0,0.01
2279,500,118.05153720771985,19.962,21.206,622,65,0,0.01
2280,500,111.40801536730939,18.182,19.328,573,67,0,0.01
2281,500,120.84109709589767,19.008,20.206,599,66,0,0.01
2282,500,109.68647692141643,20.902,22.124,611,61,0,0.01
2283,500,121.51028567616997,16.412,17.538,563,65,0,0.01
2284,500,102.14785362943908,22.366,23.616,625,66,0,0.01
2285,500,123.56608509619082,19.312,20.536,612,64,0,0.01
2286,500,117.50471965460581,16.832,17.948,558,65,0,0.01
2287,500,110.14565819273498,18.048,19.176,564,65,0,0.01
2288,500,120.0737301297389,19.784,21.008,612,70,0,0.01
2289,500,109.83267910774458,17.224,18.342,559,69,0,0.01
2290,500,107.48521391423287,19.162,20.324,581,67,0,0.01
2291,500,141.03873485869607,16.554,17.75,598,66,0,0.01
2292,500,115.03806546026455,16.268,17.354,543,66,0,0.01
2293,500,117.01903355739988,19.002,20.196,597,65,0,0.01
2294,500,122.02641024983153,18.348,19.552,602,65,0,0.01
2295,500,105.55264738098433,19.046,20.208,581,67,0,0.01
2296,500,119.15071895442837,16.29,17.412,561,64,0,0.01
2297,500,104.60525500587042,19.56,20.728,584,65,0,0.01
2298,500,112.87837361904745,18.866,20.034,584,68,0,0.01
2299,500,125.97428736749613,19.256,20.482,613,67,0,0.01
2300,500,103.74396000573309,19.718,20.894,588,63,0,0.01
2301,500,119.16437339426018,17.49,18.644,577,66,0,0.01
2302,500,107.48921676553536,19.676,20.854,589,64,0,0.01
2303,500,122.79357139640729,17.692,18.848,578,66,0,0.01
2304,500,119.46481114576093,19.17,20.374,602,67,0,0.01
2305,500,120.08452234432167,18.81,20.008,599,67,0,0.01
2306,500,102.3035221020333,19.378,20.522,572,66,0,0.01
2307,500,115.33258645661297,17.204,18.324,560,69,0,0.01
2308,500,120.25557646822108,19.758,21.002,622,64,0,0.01
2309,500,121.80744191448224,18.718,19.928,605,67,0,0.01
2310,500,106.2755361751647,19.132,20.298,583,65,0,0.01
2311,500,123.7779620180855,16.49,17.608,559,66,0,0.01
2312,500,121.71126014810814,17.704,18.866,581,63,0,0.01
2313,500,128.29962183733127,18.18,19.38,600,64,0,0.01
2314,500,114.67329631909308,20.134,21.372,619,65,0,0.01
2315,500,128.16312953522402,18.654,19.866,606,67,0,0.01
2316,500,114.51630566430494,17.644,18.774,565,66,0,0.01
2317,500,115.0563997986039,15.812,16.868,528,65,0,0.01
2318,500,92.60224215698969,21.846,23.022,588,66,0,0.01
2319,500,126.9334067636633,16.228,17.358,565,63,0,0.01
2320,500,107.08584891902036,18.238,19.368,565,65,0,0.01
2321,500,104.93416278040841,21.864,23.108,622,70,0,0.01
2322,500,99.02186500666902,21.422,22.632,605,68,0,0.01
2323,500,104.90665833982177,19.526,20.686,580,65,0,0.01
2324,500,129.66555537814497,16.076,17.208,566,65,0,0.01
2325,500,109.11652138115285,19.54,20.72,590,66,0,0.01
2326,500,130.49149801764224,16.264,17.404,570,64,0,0.01
2327,500,115.21063471739431,20.13,21.358,614,65,0,0.01
2328,500,114.31751311414223,17.154,18.264,555,66,0,0.01
2329,500,125.95618701483362,16.916,18.062,573,64,0,0.01
2330,500,121.33748568963219,18.888,20.102,607,67,0,0.01
2331,500,121.50708687864382,17.614,18.772,579,67,0,0.01
2332,500,129.31367504778254,16.692,17.83,569,62,0,0.01
2333,500,129.59552070167854,18.198,19.402,602,67,0,0.01
2334,500,109.16097903581107,18.794,19.94,573,67,0,0.01
2335,500,106.89975222863015,17.062,18.144,541,65,0,0.01
2336,500,121.94000382228936,18.364,19.542,589,65,0,0.01
2337,500,125.30552833382352,18.994,20.202,604,69,0,0.01
2338,500,132.92884035679853,18.262,19.47,604,66,0,0.01
2339,500,107.50473316953446,20.356,21.574,609,66,0,0.01
2340,500,128.36058199575945,16.284,17.436,576,67,0,0.01
2341,500,116.92824276898727,17.53,18.662,566,65,0,0.01
2342,500,97.34769122144623,18.196,19.276,540,63,0,0.01
2343,500,120.74459537191562,16.672,17.814,571,67,0,0.01
2344,500,130.10278422565852,17.68,18.872,596,67,0,0.01
2345,500,112.24790098188409,20.026,21.232,603,68,0,0.01
2346,500,125.26508053285905,16.654,17.794,570,63,0,0.01
2347,500,121.46746364877603,16.874,18.016,571,64,0,0.01
2348,500,110.20297649210865,16.728,17.808,540,65,0,0.01
2349,500,113.33506717229398,18.412,19.566,577,64,0,0.01
2350,500,119.567710464795,19.102,20.298,598,68,0,0.01
2351,500,111.55424197360847,18.97,20.118,574,63,0,0.01
2352,500,121.94391369926932,18.36,19.554,597,68,0,0.01
2353,500,121.36258887393177,17.06,18.198,569,64,0,0.01
2354,500,117.00822782788869,16.492,17.59,549,64,0,0.01
2355,500,107.7790443484476,18.784,19.936,576,64,0,0.01
2356,500,104.05433788100862,22.54,23.802,631,67,0,0.01
2357,500,133.69308033605154,18.282,19.51,614,65,0,0.01
2358,500,112.41708988534762,17.952,19.076,562,66,0,0.01
2359,500,107.33297122244981,21.752,22.996,622,68,0,0.01
2360,500,136.67553653655983,16.958,18.148,595,66,0,0.01
2361,500,120.77630587350131,16.902,18.028,563,67,0,0.01
2362,500,112.70417199092219,18.83,19.994,582,64,0,0.01
2363,500,116.02882941355202,19.92,21.138,609,69,0,0.01
2364,500,111.71219495457854,16.204,17.282,539,65,0,0.01
2365,500,115.17179176771404,17.68,18.816,568,64,0,0.01
2366,500,115.6391262655289,19.624,20.828,602,65,0,0.01
2367,500,119.37408190930836,17.35,18.504,577,62,0,0.01
2368,500,122.13037838429891,17.026,18.166,570,64,0,0.01
2369,500,121.23371050620138,17.646,18.806,580,65,0,0.01
2370,500,114.62710745296148,18.144,19.296,576,66,0,0.01
2371,500,103.99081103496839,19.118,20.272,577,68,0,0.01
2372,500,122.85994630638564,18.764,19.982,609,68,0,0.01
2373,500,109.01269751430813,21.09,22.344,627,68,0,0.01
2374,500,105.88516298232778,17.406,18.518,556,65,0,0.01
2375,500,125.05042410137773,17.878,19.064,593,67,0,0.01
2376,500,117.25218911216342,17.434,18.566,566,65,0,0.01
2377,500,107.4959856114955,18.304,19.436,566,67,0,0.01
2378,500,103.93328691601161,20.558,21.738,590,67,0,0.01
2379,500,110.95376149510375,20.068,21.258,595,65,0,0.01
2380,500,120.97829021879858,19.79,21.022,616,63,0,0.01
2381,500,111.70211381944954,18.376,19.528,576,64,0,0.01
2382,500,126.59884324950734,17.352,18.524,586,64,0,0.01
2383,500,123.46661155796805,18.982,20.19,604,68,0,0.01
2384,500,121.31630003108619,18.152,19.322,585,64,0,0.01
2385,500,121.0314408819271,17.844,18.998,577,66,0,0.01
2386,500,130.02596718830333,17.69,18.878,594,65,0,0.01
2387,500,114.8604823422365,19.94,21.174,617,65,0,0.01
2388,500,121.00580166177662,18.528,19.726,599,65,0,0.01
2389,500,113.1925138474117,17.914,19.054,570,67,0,0.01
2390,500,112.70775229801636,18.602,19.754,576,69,0,0.01
2391,500,129.4456624949851,17.928,19.132,602,67,0,0.01
2392,500,123.45778128426659,16.354,17.478,562,67,0,0.01
2393,500,115.78462062867179,18.29,19.462,586,63,0,0.01
2394,500,118.76480257946461,16.686,17.786,550,67,0,0.01
2395,500,105.88510143036767,17.754,18.854,550,63,0,0.01
2396,500,117.83901840710517,18.678,19.856,589,65,0,0.01
2397,500,132.52965040518885,17.392,18.584,596,68,0,0.01
2398,500,112.73217517884216,15.402,16.436,517,66,0,0.01
2399,500,127.79235831335141,18.698,19.91,606,67,0,0.01
2400,500,117.4501500888384,19.924,21.142,609,67,0,0.01
2401,500,100.82693104018601,21.21,22.41,600,63,0,0.01
2402,500,91.96800326408678,22.198,23.424,613,66,0,0.01
2403,500,118.39806498487452,17.07,18.192,561,66,0,0.01
2404,500,116.9119563434605,18.502,19.672,585,66,0,0.01
2405,500,101.41640257948255,20.224,21.402,589,68,0,0.01
2406,500,112.35067329434683,16.072,17.144,536,65,0,0.01
2407,500,104.42897468895241,19.182,20.332,575,70,0,0.01
2408,500,109.11984392898162,18.682,19.836,577,69,0,0.01
2409,500,121.1697028202613,17.372,18.504,566,65,0,0.01
2410,500,99.05823749932831,22.614,23.88,633,63,0,0.01
2411,500,103.75444316775018,18.404,19.53,563,65,0,0.01
2412,500,102.62955739266225,19.566,20.726,580,69,0,0.01
2413,500,110.86302199999122,18.306,19.444,569,66,0,0.01
2414,500,113.3264773968064,20.072,21.272,600,68,0,0.01
2415,500,126.07693918592494,18.5,19.706,603,67,0,0.01
2416,500,111.98997620521178,17.544,18.66,558,68,0,0.01
2417,500,108.16806019060554,21.308,22.55,621,70,0,0.01
2418,500,116.17193603533654,17.904,19.052,574,63,0,0.01
2419,500,118.46118980402656,19.634,20.84,603,65,0,0.01
2420,500,100.92498567576982,22.686,23.926,620,65,0,0.01
2421,500,101.76500904542986,17.674,18.744,535,66,0,0.01
2422,500,100.62515577074021,21.744,22.98,618,66,0,0.01
2423,500,114.33065203544317,17.094,18.208,557,67,0,0.01
2424,500,117.86717937757655,18.962,20.142,590,66,0,0.01
2425,500,106.344110914352,18.388,19.498,555,67,0,0.01
2426,500,98.56545673239965,18.79,19.914,562,66,0,0.01
2427,500,114.61190010152795,17.804,18.94,568,66,0,0.01
2428,500,114.27307923307272,21.326,22.594,634,64,0,0.01
2429,500,112.89147150570834,19.038,20.202,582,67,0,0.01
2430,500,118.1486435219044,19.494,20.72,613,66,0,0.01
2431,500,128.56829453767753,16.378,17.514,568,66,0,0.01
2432,500,111.90713917972161,16.35,17.444,547,66,0,0.01
2433,500,110.41393212246169,18.93,20.09,580,66,0,0.01
2434,500,102.73188289747401,22.128,23.36,616,65,0,0.01
2435,500,108.30753521199588,19.81,20.984,587,68,0,0.01
2436,500,114.08627146322858,18.952,20.124,586,66,0,0.01
2437,500,123.3716557431964,19.386,20.64,627,67,0,0.01
2438,500,116.11031609075496,18.312,19.47,579,65,0,0.01
2439,500,135.5839654679595,17.2,18.402,601,62,0,0.01
2440,500,104.68632939752496,17.152,18.234,541,66,0,0.01
2441,500,115.51297285781608,18.556,19.712,578,66,0,0.01
2442,500,116.6123739390364,18.248,19.426,589,66,0,0.01
2443,500,115.9047411797033,15.71,16.772,531,66,0,0.01
2444,500,93.04118870104773,22.702,23.936,617,65,0,0.01
2445,500,101.9399320116692,18.85,19.974,562,63,0,0.01
2446,500,110.21556211650724,19.182,20.35,584,64,0,0.01
2447,500,111.76828290984491,19.568,20.76,596,66,0,0.01
2448,500,130.6984713140129,17.836,19.044,604,64,0,0.01
2449,500,116.18230896197984,19.73,20.944,607,68,0,0.01
2450,500,115.40139078897174,19.766,20.976,605,64,0,0.01
2451,500,111.99593399500421,18.056,19.196,570,66,0,0.01
2452,500,121.51450525209773,17.788,18.936,574,66,0,0.01
2453,500,116.5116462831174,19.176,20.376,600,68,0,0.01
2454,500,110.79021807259845,18.772,19.924,576,69,0,0.01
2455,500,118.08227887058612,18.364,19.53,583,65,0,0.01
2456,500,115.17165775875137,17.394,18.522,564,64,0,0.01
2457,500,115.07069286088696,17.576,18.716,570,65,0,0.01
2458,500,118.16107136375136,18.236,19.418,591,64,0,0.01
2459,500,119.03616507134346,19.506,20.722,608,63,0,0.01
2460,500,121.40253141502544,18.082,19.262,590,65,0,0.01
2461,500,126.35388560680164,18.298,19.488,595,66,0,0.01
2462,500,112.07438665962373,17.762,18.888,563,65,0,0.01
2463,500,105.47106837584114,21.176,22.38,602,72,0,0.01
2464,500,98.14644498545998,23.47,24.738,634,67,0,0.01
2465,500,122.6627791248272,18.048,19.226,589,66,0,0.01
2466,500,110.64459995915286,19.762,20.94,589,68,0,0.01
2467,500,104.44871767127069,17.638,18.732,547,64,0,0.01
2468,500,114.25095551178737,18.588,19.756,584,63,0,0.01
2469,500,118.76971207114394,18.336,19.52,592,69,0,0.01
2470,500,115.08655999847419,19.404,20.598,597,63,0,0.01
2471,500,128.96474601434088,15.418,16.518,550,66,0,0.01
2472,500,116.96395547549318,17.234,18.384,575,65,0,0.01
2473,500,113.25576941925767,17.222,18.334,556,66,0,0.01
2474,500,112.8704814080853,18.24,19.38,570,63,0,0.01
2475,500,98.17364737587218,21.868,23.078,605,65,0,0.01
2476,500,120.59122931513055,17.264,18.414,575,65,0,0.01
2477,500,120.08810265141582,18.582,19.768,593,67,0,0.01
2478,500,129.3443577685751,17.944,19.13,593,66,0,0.01
2479,500,118.1435000445485,20.64,21.892,626,64,0,0.01
2480,500,115.45394647417574,19.526,20.752,613,66,0,0.01
2481,500,127.29974558763392,18.528,19.732,602,64,0,0.01
2482,500,100.43326607550036,20.168,21.346,589,62,0,0.01
2483,500,112.46270168098813,19.03,20.2,585,65,0,0.01
2484,500,95.13456018185524,22.284,23.504,610,64,0,0.01
2485,500,113.86869125453802,18.35,19.498,574,65,0,0.01
2486,500,106.66173147309628,20.29,21.478,594,68,0,0.01
2487,500,115.16338729448957,19.336,20.536,600,65,0,0.01
2488,500,120.81802830948193,17.868,19.028,580,65,0,0.01
2489,500,124.12428984181244,19.762,20.994,616,64,0,0.01
2490,500,119.92509526476138,18.43,19.61,590,68,0,0.01
2491,500,123.81572589367262,20.252,21.516,632,63,0,0.01
2492,500,116.41359490380226,21.242,22.522,640,64,0,0.01
2493,500,121.47655868413412,16.532,17.654,561,68,0,0.01
2494,500,116.2415514238636,18.582,19.75,584,63,0,0.01
2495,500,108.83480973621958,18.32,19.442,561,65,0,0.01
2496,500,125.1719462939967,17.81,18.978,584,65,0,0.01
2497,500,124.52825201987007,18.454,19.658,602,71,0,0.01
2498,500,122.9510537961376,18.016,19.184,584,65,0,0.01
2499,500,121.45860585536316,17.962,19.134,586,68,0,0.01
2500,500,102.58514077264408,20.08,21.282,601,64,0,0.01
2501,500,131.8073181641795,18.334,19.558,612,66,0,0.01
2502,500,109.41273955672577,19.844,21.052,604,69,0,0.01
2503,500,123.5725346309254,17.658,18.81,576,63,0,0.01
2504,500,111.56284526402469,20.794,22.018,612,65,0,0.01
2505,500,129.59302972733767,17.056,18.22,582,65,0,0.01
2506,500,119.23686826908735,16.684,17.8,558,61,0,0.01
2507,500,122.58153669196113,16.802,17.932,565,64,0,0.01
2508,500,128.44453212759163,19.534,20.78,623,66,0,0.01
2509,500,106.51159498981728,19.506,20.676,585,64,0,0.01
2510,500,122.7658329701441,18.15,19.332,591,64,0,0.01
2511,500,138.39236430796532,16.068,17.238,585,65,0,0.01
2512,500,108.59927669875789,19.148,20.296,574,68,0,0.01
2513,500,111.92109241345891,17.948,19.096,574,65,0,0.01
2514,500,127.9153096672695,17.426,18.598,586,64,0,0.01
2515,500,113.45224929495119,20.166,21.394,614,66,0,0.01
2516,500,104.75092505899846,19.32,20.454,567,64,0,0.01
2517,500,107.09716691079403,18.466,19.6,567,68,0,0.01
2518,500,103.61182128851635,21.854,23.072,609,64,0,0.01
2519,500,115.80238115278874,20.464,21.686,611,65,0,0.01
2520,500,113.44449809534294,16.226,17.316,545,68,0,0.01
2521,500,109.81425244146479,18.202,19.332,565,67,0,0.01
2522,500,120.01542947671713,15.792,16.88,544,65,0,0.01
2523,500,113.40595719583686,17.716,18.856,570,66,0,0.01
2524,500,108.67791466564037,18.85,20.002,576,64,0,0.01
2525,500,117.27954928512727,19.544,20.75,603,69,0,0.01
2526,500,130.40529740968316,16.16,17.296,568,65,0,0.01
2527,500,125.65187341860174,18.608,19.814,603,62,0,0.01
2528,500,110.58398663166179,18.224,19.362,569,63,0,0.01
2529,500,102.51616465295086,21.006,22.222,608,65,0,0.01
2530,500,127.76936133755582,17.152,18.34,594,65,0,0.01
2531,500,119.230820761241,19.196,20.408,606,63,0,0.01
2532,500,132.67701763754138,16.52,17.672,576,65,0,0.01
2533,500,107.15197697477547,19.662,20.824,581,65,0,0.01
2534,500,130.0569351880726,15.856,16.992,568,65,0,0.01
2535,500,125.17804835141214,18.55,19.752,601,67,0,0.01
2536,500,121.82435409391378,15.866,16.95,542,66,0,0.01
2537,500,130.33624883298748,16.452,17.606,577,67,0,0.01
2538,500,109.26708040864008,21.066,22.292,613,69,0,0.01
2539,500,108.86659204842549,18.144,19.264,560,64,0,0.01
2540,500,116.50365409544122,21.632,22.922,645,65,0,0.01
2541,500,109.39214122733091,19.962,21.168,603,68,0,0.01
2542,500,118.12644798999894,17.162,18.274,556,64,0,0.01
2543,500,118.93441663702274,17.856,19.04,592,65,0,0.01
2544,500,116.68540484971437,18.586,19.758,586,62,0,0.01
2545,500,120.04622568915231,17.446,18.586,570,65,0,0.01
2546,500,105.82750485440843,18.56,19.69,565,66,0,0.01
2547,500,110.05723462836042,17.374,18.474,550,68,0,0.01
2548,500,112.48327949306298,19.028,20.196,584,65,0,0.01
2549,500,66.3521750691769,27.41,28.704,647,64,0,0.01
2550,500,106.45674714746437,22.084,23.338,627,65,0,0.01
2551,500,116.96379069055028,17.122,18.258,568,64,0,0.01
2552,500,120.52709787888769,16.646,17.762,558,65,0,0.01
2553,500,119.52893932573511,16.246,17.364,559,63,0,0.01
2554,500,126.32352219723475,17.328,18.496,584,64,0,0.01
2555,500,121.47943116804326,18.648,19.83,591,64,0,0.01
2556,500,108.12148981490584,18.344,19.48,568,67,0,0.01
2557,500,121.14046277569649,18.4,19.584,592,64,0,0.01
2558,500,110.11047061703775,18.506,19.664,579,65,0,0.01
2559,500,114.5175425209498,20.044,21.252,604,63,0,0.01
2560,500,117.96183575206031,17.12,18.25,565,65,0,0.01
2561,500,112.15258482124659,20.38,21.598,609,65,0,0.01
2562,500,119.57641373192514,17.844,18.998,577,65,0,0.01
2563,500,118.57973953602249,20.532,21.778,623,65,0,0.01
2564,500,106.12367173668115,19.154,20.302,574,64,0,0.01
2565,500,126.07015682503607,16.388,17.518,565,64,0,0.01
2566,500,103.69226666999732,17.784,18.884,550,67,0,0.01
2567,500,107.11061488466059,18.746,19.908,581,65,0,0.01
2568,500,87.01018666902957,21.192,22.34,574,67,0,0.01
2569,500,121.63278696616844,18.114,19.286,586,62,0,0.01
2570,500,132.1011485983943,17.956,19.17,607,67,0,0.01
2571,500,115.10357476450618,15.972,17.06,544,65,0,0.01
2572,500,113.2423349603199,20.426,21.632,603,68,0,0.01
2573,500,81.31341093250809,20.894,22.022,564,64,0,0.01
2574,500,103.36078145933342,20.904,22.128,612,68,0,0.01
2575,500,115.44325423630673,17.418,18.552,567,66,0,0.01
2576,500,108.94562178353613,18.762,19.908,573,68,0,0.01
2577,500,117.31007422336828,17.084,18.206,561,63,0,0.01
2578,500,122.39957686183605,16.426,17.532,553,65,0,0.01
2579,500,119.50988690555056,19.104,20.322,609,66,0,0.01
2580,500,117.74769158284126,16.062,17.146,542,67,0,0.01
2581,500,114.77484528983985,17.264,18.412,574,66,0,0.01
2582,500,111.89064693461174,17.442,18.552,555,64,0,0.01
2583,500,123.02320119364539,19.604,20.84,618,68,0,0.01
2584,500,113.2451214722977,18.424,19.572,574,69,0,0.01
2585,500,117.02729376300172,17.118,18.238,560,65,0,0.01
2586,500,112.97025374021362,18.968,20.146,589,66,0,0.01
2587,500,85.13517893336869,24.044,25.274,615,64,0,0.01
2588,500,123.79042389218156,18.6,19.8,600,67,0,0.01
2589,500,114.38879816218196,20.916,22.154,619,69,0,0.01
2590,500,107.34776303206641,17.75,18.864,557,65,0,0.01
2591,500,119.12294975218495,16.922,18.064,571,68,0,0.01
2592,500,119.74067523627572,16.738,17.86,561,66,0,0.01
2593,500,117.75948341212346,16.742,17.868,563,69,0,0.01
2594,500,118.54590605473555,16.65,17.77,560,66,0,0.01
2595,500,109.81480899463598,19.23,20.396,583,62,0,0.01
2596,500,111.44030293938603,19.324,20.494,585,68,0,0.01
2597,500,106.65819220064216,20.286,21.494,604,67,0,0.01
2598,500,118.62866036456313,17.268,18.412,572,65,0,0.01
2599,500,95.00681218151833,21.268,22.466,599,66,0,0.01
2600,500,123.2407781460673,16.664,17.804,570,65,0,0.01
2601,500,123.00383646462657,18.58,19.772,596,64,0,0.01
2602,500,103.93486034493343,19.582,20.75,584,69,0,0.01
2603,500,106.46003566304434,17.858,18.96,551,67,0,0.01
2604,500,106.61050171620904,18.866,20.014,574,63,0,0.01
2605,500,97.64118443700163,20.154,21.332,589,66,0,0.01
2606,500,116.83558236763358,19.138,20.336,599,63,0,0.01
2607,500,127.54167947641635,18.838,20.072,617,63,0,0.01
2608,500,94.9919208850417,17.668,18.756,544,65,0,0.01
2609,500,115.31530367265549,20.064,21.274,605,67,0,0.01
2610,500,113.97963731081732,19.078,20.258,590,64,0,0.01
2611,500,101.2996737770137,19.038,20.176,569,61,0,0.01
2612,500,131.98344395481476,18.542,19.772,615,65,0,0.01
2613,500,115.31263765471178,18.868,20.022,577,64,0,0.01
2614,500,106.1955203402833,20.344,21.538,597,68,0,0.01
2615,500,100.0965623205915,21.298,22.492,597,64,0,0.01
2616,500,129.1990351927664,15.79,16.904,557,65,0,0.01
2617,500,109.28116439507153,19.408,20.576,584,64,0,0.01
2618,500,109.50491586191102,17.842,18.944,551,65,0,0.01
2619,500,122.14708735403391,16.796,17.926,565,63,0,0.01
2620,500,116.8947215965345,17.53,18.68,575,66,0,0.01
2621,500,111.62488775281474,21.128,22.37,621,66,0,0.01
2622,500,106.23790956480906,19.198,20.346,574,64,0,0.01
2623,500,114.65928153339557,18.884,20.056,586,64,0,0.01
2624,500,114.79880784808591,17.096,18.21,557,66,0,0.01
2625,500,111.20451214265907,19.522,20.704,591,67,0,0.01
2626,500,107.69657857386535,18.622,19.77,574,67,0,0.01
2627,500,104.40065919219798,18.728,19.864,568,65,0,0.01
2628,500,125.78210913701079,17.224,18.372,574,62,0,0.01
2629,500,97.66904661356755,20.04,21.198,579,70,0,0.01
2630,500,120.30847262835279,20.724,21.996,636,61,0,0.01
2631,500,121.55308718624396,16.066,17.172,553,66,0,0.01
2632,500,102.14123605349289,20.366,21.554,594,66,0,0.01
2633,500,110.89495883848001,18.3,19.448,574,66,0,0.01
2634,500,111.3335212630834,15.68,16.728,524,62,0,0.01
2635,500,116.27068823544569,17.094,18.208,557,65,0,0.01
2636,500,119.8779921094795,17.864,19.026,581,65,0,0.01
2637,500,104.75261197956293,18.746,19.872,563,64,0,0.01
2638,500,113.81221478731236,17.612,18.744,566,66,0,0.01
2639,500,128.71513924910784,17.846,19.032,593,62,0,0.01
2640,500,113.85848636910654,20.178,21.394,608,67,0,0.01
2641,500,113.94097266100863,20.224,21.448,612,64,0,0.01
2642,500,128.0176832091126,16.156,17.29,567,66,0,0.01
2643,500,99.45204347536806,20.342,21.52,589,67,0,0.01
2644,500,105.09179645015266,18.816,19.964,574,67,0,0.01
2645,500,107.93105305455381,18.99,20.17,590,65,0,0.01
2646,500,114.95275097536212,17.416,18.562,573,66,0,0.01
2647,500,105.7257391590363,20.568,21.782,607,66,0,0.01
2648,500,127.22420318529488,17.164,18.33,583,67,0,0.01
2649,500,116.82006596363448,18.458,19.616,579,64,0,0.01
2650,500,98.99934251476427,21.368,22.574,603,67,0,0.01
2651,500,99.25558737326355,20.824,22.01,593,65,0,0.01
2652,500,108.78500213823997,19.292,20.47,589,66,0,0.01
2653,500,105.83707372727515,18.67,19.818,574,67,0,0.01
2654,500,107.95341076151571,18.932,20.102,585,68,0,0.01
2655,500,102.48647128819765,21.466,22.7,617,65,0,0.01
2656,500,126.8886195391193,16.75,17.886,568,64,0,0.01
2657,500,121.10948126099848,16.75,17.864,557,64,0,0.01
2658,500,108.99921550819289,17.442,18.542,550,64,0,0.01
2659,500,133.2372183562931,16.736,17.912,588,67,0,0.01
2660,500,104.72194277369906,20.978,22.178,600,67,0,0.01
2661,500,120.49894716707634,16.304,17.42,558,66,0,0.01
2662,500,114.778951374125,18.238,19.404,583,66,0,0.01
2663,500,115.40731780278422,20.452,21.68,614,68,0,0.01
2664,500,106.16789214939408,17.662,18.766,552,63,0,0.01
2665,500,113.79217301108844,18.758,19.924,583,68,0,0.01
2666,500,128.65824023767377,16.366,17.508,571,63,0,0.01
2667,500,123.41630960515994,19.618,20.84,611,63,0,0.01
2668,500,118.94527104994815,17.574,18.726,576,66,0,0.01
2669,500,97.27134802159942,18.658,19.772,557,65,0,0.01
2670,500,107.96107663557498,19.794,20.966,586,71,0,0.01
2671,500,120.59021944177117,15.668,16.748,540,65,0,0.01
2672,500,127.55157856555113,20.212,21.474,631,66,0,0.01
2673,500,110.40041494786125,21.558,22.814,628,66,0,0.01
2674,500,115.86682864398863,17.822,18.984,581,64,0,0.01
2675,500,120.93770840887146,17.164,18.32,578,64,0,0.01
2676,500,116.20248474716651,18.87,20.058,594,66,0,0.01
2677,500,108.62970166028506,19.77,20.952,591,67,0,0.01
2678,500,109.5377080474762,19.262,20.432,585,64,0,0.01
2679,500,123.83502581446258,18.082,19.258,588,66,0,0.01
2680,500,106.62001929577549,19.266,20.422,578,67,0,0.01
2681,500,117.58666991065697,15.734,16.826,546,65,0,0.01
2682,500,96.2739319702629,20.322,21.474,576,61,0,0.01
2683,500,107.89840513661152,17.798,18.92,561,64,0,0.01
2684,500,122.34601391315944,17.572,18.73,579,65,0,0.01
2685,500,109.29016645610713,18.548,19.696,574,67,0,0.01
2686,500,115.53100075347615,20.262,21.502,620,65,0,0.01
2687,500,118.10453334456545,17.846,19.0,577,68,0,0.01
2688,500,126.32590993859311,18.01,19.216,603,66,0,0.01
2689,500,125.51494831362618,18.398,19.586,594,65,0,0.01
2690,500,115.96375991457025,17.3,18.428,564,64,0,0.01
2691,500,118.68653521710799,16.976,18.108,566,66,0,0.01
2692,500,114.29226240595118,15.212,16.268,528,66,0,0.01
2693,500,116.17593888663913,18.418,19.582,582,63,0,0.01
2694,500,121.63595498771427,17.086,18.22,567,67,0,0.01
2695,500,111.66947616016712,17.126,18.222,548,66,0,0.01
2696,500,104.58092184309864,19.736,20.902,583,66,0,0.01
2697,500,110.84505565629117,16.252,17.318,533,67,0,0.01
2698,500,103.32396916141418,22.628,23.884,628,63,0,0.01
2699,500,111.13532955700053,19.528,20.72,596,63,0,0.01
2700,500,98.03596951042059,19.652,20.806,577,63,0,0.01
2701,500,102.79807950758077,19.604,20.762,579,67,0,0.01
2702,500,108.62458570264043,17.2,18.294,547,62,0,0.01
2703,500,118.67341681312713,16.92,18.052,566,64,0,0.01
2704,500,105.3504085326902,19.07,20.232,581,66,0,0.01
2705,500,119.80510546642424,17.754,18.932,589,63,0,0.01
2706,500,109.56214444323072,19.546,20.72,587,64,0,0.01
2707,500,121.31407707467078,17.582,18.728,573,65,0,0.01
2708,500,88.171249375854,21.284,22.434,575,62,0,0.01
2709,500,115.20561173407238,18.078,19.218,570,63,0,0.01
2710,500,121.71640688173281,20.1,21.356,628,66,0,0.01
2711,500,126.95867798917442,18.054,19.242,594,67,0,0.01
2712,500,98.48004991955688,20.46,21.626,583,64,0,0.01
2713,500,115.38882568189345,17.196,18.322,563,66,0,0.01
2714,500,96.48905198059256,19.608,20.75,571,66,0,0.01
2715,500,118.90765469825243,17.582,18.718,568,65,0,0.01
2716,500,102.98747822847952,20.038,21.214,588,63,0,0.01
2717,500,100.96539879810317,20.618,21.818,600,67,0,0.01
2718,500,86.23716070698364,21.854,23.026,586,64,0,0.01
2719,500,109.8859978120844,18.932,20.106,587,65,0,0.01
2720,500,119.28741072010936,20.336,21.568,616,63,0,0.01
2721,500,94.72484277731955,19.418,20.544,563,62,0,0.01
2722,500,123.1308939028298,18.282,19.452,585,68,0,0.01
2723,500,105.63303446677374,18.866,20.018,576,66,0,0.01
2724,500,81.16420225330837,22.17,23.334,582,63,0,0.01
2725,500,115.7179085000343,19.554,20.772,609,63,0,0.01
2726,500,135.16455869652313,17.422,18.626,602,67,0,0.01
2727,500,101.81464420969303,19.15,20.286,568,66,0,0.01
2728,500,94.05993206866663,19.5,20.612,556,61,0,0.01
2729,500,113.89494857981987,18.346,19.498,576,63,0,0.01
2730,500,111.60071937498564,21.416,22.67,627,67,0,0.01
2731,500,104.85986423710533,19.3,20.466,583,67,0,0.01
2732,500,131.6194518375622,17.156,18.342,593,65,0,0.01
2733,500,124.28994973148188,17.626,18.798,586,65,0,0.01
2734,500,108.26390913082533,18.556,19.698,571,69,0,0.01
2735,500,121.85671347661078,16.602,17.724,561,66,0,0.01
2736,500,113.83929668369052,19.208,20.396,594,64,0,0.01
2737,500,121.79689394423626,16.838,17.966,564,64,0,0.01
2738,500,114.2409640947124,17.736,18.858,561,68,0,0.01
2739,500,92.74621438451085,21.198,22.364,583,66,0,0.01
2740,500,132.6966401258257,18.174,19.384,605,64,0,0.01
2741,500,128.48566397815273,16.104,17.222,559,65,0,0.01
2742,500,104.86786993971022,20.328,21.526,599,67,0,0.01
2743,500,119.07027357294734,20.36,21.6,620,67,0,0.01
2744,500,125.01893032441748,18.51,19.718,604,64,0,0.01
2745,500,112.6031557997577,19.302,20.468,583,65,0,0.01
2746,500,109.15849832013022,17.594,18.702,554,67,0,0.01
2747,500,106.85219900942833,19.47,20.62,575,69,0,0.01
2748,500,128.25485513010722,18.586,19.796,605,65,0,0.01
2749,500,117.83833810363127,17.306,18.442,568,65,0,0.01
2750,500,122.64621442271479,18.506,19.704,599,64,0,0.01
2751,500,130.8385439232143,17.134,18.318,592,65,0,0.01
2752,500,116.3880940851196,16.11,17.186,538,68,0,0.01
2753,500,130.01311680224774,18.206,19.41,602,65,0,0.01
2754,500,125.99002749851194,17.198,18.352,577,64,0,0.01
2755,500,108.12813816683202,20.17,21.374,602,64,0,0.01
2756,500,100.89832306733118,18.29,19.382,546,65,0,0.01
2757,500,89.07979179889612,21.92,23.09,585,64,0,0.01
2758,500,118.52407412496454,17.91,19.07,580,67,0,0.01
2759,500,118.62287061598228,20.41,21.664,627,66,0,0.01
2760,500,123.0883981890527,15.426,16.52,547,65,0,0.01
2761,500,114.16780243134025,20.654,21.894,620,69,0,0.01
2762,500,118.65653279978918,17.096,18.222,563,65,0,0.01
2763,500,122.48891732524743,18.178,19.382,602,63,0,0.01
2764,500,124.76057600114552,18.886,20.094,604,62,0,0.01
2765,500,115.85176556017771,17.71,18.866,578,66,0,0.01
2766,500,108.25796159969312,17.986,19.106,560,67,0,0.01
2767,500,116.2805046089178,17.892,19.036,572,69,0,0.01
2768,500,139.77816783766863,16.306,17.478,586,66,0,0.01
2769,500,119.78754440588108,20.1,21.35,625,68,0,0.01
2770,500,117.14001971416806,17.79,18.934,572,70,0,0.01
2771,500,125.83546561972237,15.158,16.25,546,66,0,0.01
2772,500,130.2523846730864,17.32,18.498,589,63,0,0.01
2773,500,120.80423285829607,19.982,21.22,619,67,0,0.01
2774,500,120.15858038941047,17.086,18.232,573,65,0,0.01
2775,500,127.0635425053586,17.926,19.116,595,66,0,0.01
2776,500,119.58317231922531,16.53,17.636,553,65,0,0.01
2777,500,109.92477595353591,18.188,19.322,567,68,0,0.01
2778,500,116.66701921807501,19.332,20.524,596,66,0,0.01
2779,500,113.03187368479537,18.56,19.728,584,67,0,0.01
2780,500,127.17722378031556,16.942,18.096,577,67,0,0.01
2781,500,109.96527504780043,20.238,21.45,606,66,0,0.01
2782,500,124.10634401543263,17.592,18.756,582,66,0,0.01
2783,500,118.25342271253955,16.288,17.38,546,63,0,0.01
2784,500,109.61629146478988,15.712,16.756,522,67,0,0.01
2785,500,110.06926369958794,18.8,19.952,576,66,0,0.01
2786,500,119.2379813754295,18.74,19.928,594,70,0,0.01
2787,500,122.90172768444026,16.88,18.006,563,62,0,0.01
2788,500,121.94307886951273,16.818,17.958,570,64,0,0.01
2789,500,126.48625130730379,16.966,18.122,578,64,0,0.01
2790,500,101.05611777589573,22.496,23.744,624,66,0,0.01
2791,500,109.83316385029525,18.658,19.798,570,66,0,0.01
2792,500,105.09547999022958,19.048,20.186,569,65,0,0.01
2793,500,113.55042442456876,18.444,19.598,577,66,0,0.01
2794,500,108.22382232210916,17.306,18.396,545,66,0,0.01
2795,500,122.67768768235507,17.99,19.162,586,67,0,0.01
2796,500,116.56715391162405,18.086,19.24,577,67,0,0.01
2797,500,111.97903972300621,18.29,19.422,566,67,0,0.01
2798,500,105.74231411980864,20.052,21.248,598,67,0,0.01
2799,500,118.36813763444468,20.326,21.576,625,67,0,0.01
2800,500,98.48115976963007,18.974,20.092,559,68,0,0.01
2801,500,125.65754267314864,18.664,19.874,605,66,0,0.01
2802,500,104.79357465267606,21.306,22.546,620,65,0,0.01
2803,500,130.1176927831864,17.622,18.808,593,65,0,0.01
2804,500,124.56137116543451,17.596,18.758,581,64,0,0.01
2805,500,118.630564009753,17.556,18.698,571,65,0,0.01
2806,500,136.14041083601413,17.59,18.812,611,65,0,0.01
2807,500,109.77306604133503,18.38,19.508,564,66,0,0.01
2808,500,116.4893782942095,16.21,17.3,545,67,0,0.01
2809,500,125.36853640506423,17.614,18.782,584,68,0,0.01
2810,500,126.2219699702194,16.656,17.794,569,64,0,0.01
2811,500,110.1792101411678,17.874,18.99,558,68,0,0.01
2812,500,113.85839339478393,19.66,20.876,608,66,0,0.01
2813,500,102.42579640874631,20.276,21.458,591,65,0,0.01
2814,500,104.00503228663119,21.288,22.512,612,68,0,0.01
2815,500,114.33833517055376,14.298,15.298,500,66,0,0.01
2816,500,115.61979231249028,18.426,19.592,583,65,0,0.01
2817,500,129.85190982780048,17.882,19.076,597,71,0,0.01
2818,500,115.59295791671744,17.518,18.64,561,66,0,0.01
2819,500,121.15966271977256,19.312,20.526,607,68,0,0.01
2820,500,106.03607974579455,16.48,17.534,527,66,0,0.01
2821,500,128.24909290123782,18.012,19.218,603,65,0,0.01
2822,500,108.5595604945674,17.89,19.022,566,69,0,0.01
2823,500,114.4486554729282,16.906,18.026,560,65,0,0.01
2824,500,127.31633080706624,17.954,19.142,594,66,0,0.01
2825,500,114.23987476195911,19.106,20.28,587,64,0,0.01
2826,500,111.34599339583949,17.732,18.864,566,66,0,0.01
2827,500,119.35067329434693,16.044,17.13,543,67,0,0.01
2828,500,122.74894895680627,18.326,19.502,588,68,0,0.01
2829,500,92.17572280839622,18.692,19.784,546,66,0,0.01
2830,500,115.64142868133823,17.228,18.334,553,68,0,0.01
2831,500,107.32894459755856,17.812,18.916,552,67,0,0.01
2832,500,104.8826137122955,20.158,21.336,589,66,0,0.01
2833,500,98.7438087357189,23.11,24.384,637,67,0,0.01
2834,500,115.87192082804418,16.966,18.092,563,65,0,0.01
2835,500,118.0343646591363,19.682,20.9,609,66,0,0.01
2836,500,119.87936997747828,16.95,18.08,565,67,0,0.01
2837,500,105.20503791985001,20.748,21.948,600,68,0,0.01
2838,500,123.77592762020173,19.458,20.69,616,67,0,0.01
2839,500,116.77050586626035,20.118,21.344,613,65,0,0.01
2840,500,102.80321272627658,18.516,19.646,565,66,0,0.01
2841,500,119.84026226614114,17.47,18.612,571,69,0,0.01
2842,500,111.00145898192832,17.888,19.02,566,66,0,0.01
2843,500,107.56200017560795,19.326,20.486,580,65,0,0.01
2844,500,115.46076725981821,18.904,20.076,586,62,0,0.01
2845,500,129.35887455787474,16.97,18.128,579,63,0,0.01
2846,500,134.56391343307558,18.408,19.64,616,63,0,0.01
2847,500,114.03599703013181,15.872,16.944,536,62,0,0.01
2848,500,116.78639026489887,18.288,19.452,582,65,0,0.01
2849,500,131.68488933118363,17.266,18.44,587,65,0,0.01
2850,500,99.99616423455828,22.45,23.694,622,65,0,0.01
2851,500,132.95635179977648,17.0,18.174,587,64,0,0.01
2852,500,107.77738820386325,19.184,20.35,583,65,0,0.01
2853,500,122.18457295303553,20.044,21.302,629,64,0,0.01
2854,500,127.36328969472545,18.292,19.488,598,63,0,0.01
2855,500,108.33948230914456,19.746,20.932,593,64,0,0.01
2856,500,126.34754630744112,16.812,17.958,573,63,0,0.01
2857,500,123.55308718624396,16.058,17.168,555,65,0,0.01
2858,500,117.8536692053675,17.99,19.148,579,67,0,0.01
2859,500,107.18172163282873,18.912,20.066,577,67,0,0.01
2860,500,118.86415236738463,16.672,17.782,555,65,0,0.01
2861,500,131.63034728512764,16.642,17.804,581,67,0,0.01
2862,500,115.36960522049745,16.4,17.492,546,62,0,0.01
2863,500,115.46940832860594,16.954,18.09,568,63,0,0.01
2864,500,118.58636411436002,18.932,20.122,595,65,0,0.01
2865,500,125.0791416250203,19.19,20.414,612,66,0,0.01
2866,500,92.53418993872452,20.25,21.392,571,65,0,0.01
2867,500,109.45592957875927,16.872,17.962,545,68,0,0.01
2868,500,108.80891275680362,18.374,19.526,576,67,0,0.01
2869,500,115.45195750343689,16.16,17.252,546,65,0,0.01
2870,500,115.61535665831936,17.228,18.348,560,64,0,0.01
2871,500,122.5552928816079,20.29,21.538,624,68,0,0.01
2872,500,127.29713086299041,17.042,18.2,579,63,0,0.01
2873,500,115.37316826654026,19.83,21.026,598,67,0,0.01
2874,500,120.76415630823966,18.674,19.862,594,65,0,0.01
2875,500,135.81740955796855,16.088,17.248,580,63,0,0.01
2876,500,125.27348826235226,18.54,19.736,598,63,0,0.01
2877,500,131.31414888529108,17.136,18.316,590,62,0,0.01
2878,500,101.17408392486325,15.398,16.406,504,68,0,0.01
2879,500,106.67501140575118,16.916,17.998,541,67,0,0.01
2880,500,116.08715433001655,16.654,17.774,560,68,0,0.01
2881,500,113.60349562830352,19.464,20.662,599,67,0,0.01
2882,500,113.53883841486974,17.644,18.778,567,65,0,0.01
2883,500,124.243774380279,19.12,20.328,604,64,0,0.01
2884,500,116.9522701354622,20.556,21.786,615,63,0,0.01
2885,500,106.33368930429505,19.354,20.526,586,64,0,0.01
2886,500,107.34656020767038,18.718,19.88,581,63,0,0.01
2887,500,107.23819810005457,19.65,20.82,585,67,0,0.01
2888,500,113.4826094482493,17.594,18.724,565,65,0,0.01
2889,500,116.8715912581585,16.738,17.838,550,66,0,0.01
2890,500,114.37903308201011,19.828,21.046,609,64,0,0.01
2891,500,106.60522422989033,19.726,20.892,583,65,0,0.01
2892,500,127.15511357395907,17.688,18.864,588,61,0,0.01
2893,500,115.99190036772154,17.7,18.826,563,66,0,0.01
2894,500,119.75196245206935,17.14,18.26,560,62,0,0.01
2895,500,126.98894842441867,18.506,19.716,605,63,0,0.01
2896,500,103.73372434432117,21.72,22.958,619,65,0,0.01
2897,500,105.35288599210223,16.728,17.808,540,64,0,0.01
2898,500,133.39139872551476,17.802,19.02,609,66,0,0.01
2899,500,97.0887419202495,20.278,21.452,587,64,0,0.01
2900,500,105.25768657937621,21.026,22.242,608,63,0,0.01
2901,500,129.93505264958765,15.874,16.994,560,65,0,0.01
2902,500,109.17645440517005,19.706,20.884,589,63,0,0.01
2903,500,112.65292497298348,21.064,22.304,620,67,0,0.01
2904,500,123.41301457704249,16.76,17.894,567,66,0,0.01
2905,500,115.89316868493285,18.394,19.558,582,64,0,0.01
2906,500,121.93255467285539,18.364,19.546,591,63,0,0.01
2907,500,119.33219468838473,16.272,17.378,553,65,0,0.01
2908,500,114.410856428856,19.42,20.644,612,63,0,0.01
2909,500,123.36272288289463,17.338,18.488,575,63,0,0.01
2910,500,115.01762491342113,20.098,21.314,608,67,0,0.01
2911,500,129.76694282021745,16.636,17.784,574,66,0,0.01
2912,500,103.40607068747947,18.158,19.282,562,64,0,0.01
2913,500,123.11418493309466,18.512,19.692,590,65,0,0.01
2914,500,108.1342094482671,21.084,22.316,616,66,0,0.01
2915,500,118.59369977215123,18.53,19.712,591,69,0,0.01
2916,500,109.48592173741795,16.81,17.904,547,66,0,0.01
2917,500,130.78493993989755,18.512,19.74,614,64,0,0.01
2918,500,121.0581617860573,18.35,19.544,597,66,0,0.01
2919,500,105.80999183089678,17.074,18.166,546,64,0,0.01
2920,500,106.30830784340988,20.668,21.898,615,63,0,0.01
2921,500,105.47998772121429,19.74,20.926,593,67,0,0.01
2922,500,107.16511589607636,19.602,20.768,583,64,0,0.01
2923,500,112.5991496921866,15.246,16.276,515,62,0,0.01
2924,500,128.05329332901812,16.44,17.572,566,64,0,0.01
2925,500,107.07616981077936,21.268,22.496,614,64,0,0.01
2926,500,124.96519933452923,16.002,17.128,563,66,0,0.01
2927,500,117.67146187463713,16.926,18.048,561,65,0,0.01
2928,500,111.01254999041672,17.312,18.44,564,64,0,0.01
2929,500,117.02149049949217,16.776,17.884,554,63,0,0.01
2930,500,110.30900540793506,18.366,19.53,582,63,0,0.01
2931,500,117.98970818728634,16.948,18.06,556,61,0,0.01
2932,500,119.78613250563339,17.646,18.802,578,64,0,0.01
2933,500,92.94379059534882,19.172,20.284,556,64,0,0.01
2934,500,128.50424842698368,18.838,20.076,619,63,0,0.01
2935,500,128.65172915097895,18.368,19.57,601,65,0,0.01
2936,500,110.59780585643647,19.536,20.72,592,64,0,0.01
2937,500,120.7992509096142,17.698,18.856,579,64,0,0.01
2938,500,105.09630456132606,20.648,21.838,595,65,0,0.01
2939,500,116.38926874342177,17.818,18.978,580,65,0,0.01
2940,500,119.28564808627375,16.734,17.858,562,67,0,0.01
2941,500,110.41592809559175,18.696,19.872,588,64,0,0.01
2942,500,103.04605064554947,17.46,18.55,545,68,0,0.01
2943,500,101.54032277211996,20.78,21.98,600,63,0,0.01
2944,500,102.27012467988331,19.722,20.89,584,64,0,0.01
2945,500,120.14777791616761,18.118,19.288,585,63,0,0.01
2946,500,125.67754341473241,17.75,18.918,584,64,0,0.01
2947,500,119.06120931356924,20.528,21.794,633,61,0,0.01
2948,500,101.69876049564064,19.448,20.6,576,62,0,0.01
2949,500,92.19851657449512,22.86,24.092,616,63,0,0.01
2950,500,100.99395153680292,21.818,23.042,612,62,0,0.01
2951,500,124.70325444550299,16.664,17.8,568,63,0,0.01
2952,500,104.65895196350986,18.7,19.824,562,67,0,0.01
2953,500,126.07994242252795,17.36,18.514,577,65,0,0.01
2954,500,104.3838469894804,18.498,19.642,572,65,0,0.01
2955,500,110.39195592506795,19.962,21.152,595,66,0,0.01
2956,500,113.63289019915099,18.606,19.764,579,63,0,0.01
2957,500,108.49169422494757,17.33,18.428,549,64,0,0.01
2958,500,127.16449714456284,17.802,18.978,588,65,0,0.01
2959,500,114.18923233422302,18.536,19.712,588,68,0,0.01
2960,500,79.82738500675674,22.902,24.076,587,64,0,0.01
2961,500,96.08402798949308,18.57,19.678,554,67,0,0.01
2962,500,119.4183645203638,16.55,17.654,552,66,0,0.01
2963,500,130.15512383261913,17.618,18.802,592,68,0,0.01
2964,500,126.51262212422814,17.364,18.528,582,64,0,0.01
2965,500,133.45420097717232,16.542,17.698,578,63,0,0.01
2966,500,109.86223846353488,16.478,17.57,546,64,0,0.01
2967,500,80.2421016210255,24.394,25.626,616,68,0,0.01
2968,500,125.03287004322617,16.624,17.764,570,66,0,0.01
2969,500,135.3455189119487,16.144,17.304,580,66,0,0.01
2970,500,121.9927832345097,15.386,16.468,541,69,0,0.01
2971,500,129.6621193386735,16.532,17.686,577,64,0,0.01
2972,500,118.50334178660677,17.742,18.892,575,67,0,0.01
2973,500,108.2981721587121,19.58,20.758,589,64,0,0.01
2974,500,119.97332878743697,17.394,18.548,577,67,0,0.01
2975,500,107.43964640950108,21.394,22.638,622,67,0,0.01
2976,500,119.95214312889107,16.658,17.768,555,64,0,0.01
2977,500,124.41703794566516,17.154,18.31,578,67,0,0.01
2978,500,130.04802610135948,17.234,18.39,578,65,0,0.01
2979,500,111.85462778542691,19.9,21.106,603,66,0,0.01
2980,500,119.77369440512628,18.962,20.16,599,66,0,0.01
2981,500,123.7617993428615,17.806,18.968,581,65,0,0.01
2982,500,123.74453381995536,17.008,18.144,568,64,0,0.01
2983,500,121.02230481192868,18.418,19.584,583,71,0,0.01
2984,500,126.36857743970428,17.378,18.556,589,65,0,0.01
2985,500,124.43109115611644,15.67,16.762,546,65,0,0.01
2986,500,103.06358744264975,22.372,23.624,626,65,0,0.01
2987,500,125.41273630045704,16.238,17.358,560,64,0,0.01
2988,500,103.52622527075981,18.946,20.086,570,63,0,0.01
2989,500,109.76592594446676,18.72,19.876,578,68,0,0.01
2990,500,121.98313490224915,18.242,19.428,593,66,0,0.01
2991,500,117.302759082897,17.37,18.504,567,68,0,0.01
2992,500,114.96252631419408,18.446,19.614,584,66,0,0.01
2993,500,111.56755919478097,22.506,23.794,644,68,0,0.01
2994,500,114.03447489451037,16.558,17.652,547,69,0,0.01
2995,500,119.94995420472435,19.456,20.668,606,66,0,0.01
2996,500,131.56015808237842,18.594,19.816,611,63,0,0.01
2997,500,113.9775586220248,18.736,19.902,583,66,0,0.01
2998,500,111.74298090835376,17.916,19.044,564,70,0,0.01
2999,500,110.93777060721384,17.896,19.026,565,64,0,0.01
3000,500,122.37035733459138,17.338,18.5,581,67,0,0.01
