episode,steps,cumulative_reward,average_queue_length,average_waiting_time,total_throughput,phase_switches,overflow_count,epsilon
1,120,-174.4104208071465,60.025,60.21666666666667,23,54,1,1.0
2,160,-232.26760650493412,68.3625,68.7,54,65,1,0.995
3,129,-189.9530522604541,63.72868217054263,63.96124031007752,30,57,1,0.990025
4,128,-206.21488929105635,70.7265625,70.9921875,34,55,1,0.985074875
5,139,-172.64237386070502,52.07194244604317,52.33812949640288,37,59,1,0.9801495006250001
6,144,-236.49872303637252,72.8125,73.07638888888889,38,63,1,0.9752487531218751
7,165,-268.75598975745896,76.41818181818182,76.69090909090909,45,71,1,0.9703725093562657
8,166,-258.39477714979313,75.1987951807229,75.48192771084338,47,71,1,0.9655206468094844
9,186,-296.5638472897903,78.24731182795699,78.55913978494624,58,79,1,0.960693043575437
10,132,-177.05084451133115,60.68939393939394,61.02272727272727,44,55,1,0.9558895783575597
11,153,-191.12334437299475,60.31372549019608,60.666666666666664,54,63,1,0.9511101304657719
12,134,-171.57547679119963,56.93283582089552,57.24626865671642,42,55,1,0.946354579813443
13,110,-113.81920011073883,48.77272727272727,49.22727272727273,50,43,1,0.9416228069143757
14,138,-180.00255474672295,56.89855072463768,57.210144927536234,43,58,1,0.9369146928798039
15,162,-194.96694003958035,58.9320987654321,59.27777777777778,56,67,1,0.9322301194154049
16,156,-226.99072228239984,67.18589743589743,67.53205128205128,54,65,1,0.9275689688183278
17,139,-195.58518566764315,63.10791366906475,63.37410071942446,37,59,1,0.9229311239742362
18,141,-181.67546158390732,57.57446808510638,57.87943262411348,43,59,1,0.918316468354365
19,126,-179.23116972196925,65.01587301587301,65.39682539682539,48,51,1,0.9137248860125932
20,85,-100.88640554822352,47.2,47.470588235294116,23,36,1,0.9091562615825302
21,138,-186.12327718781575,63.608695652173914,63.97826086956522,51,55,1,0.9046104802746175
22,151,-243.61414252519413,75.64900662251655,75.96688741721854,48,63,1,0.9000874278732445
23,152,-231.69214581048016,71.21710526315789,71.52631578947368,47,64,1,0.8955869907338783
24,132,-175.9881154012623,59.303030303030305,59.59848484848485,39,56,1,0.8911090557802088
25,120,-142.5324942429089,51.1,51.40833333333333,37,51,1,0.8866535105013078
26,187,-232.9114248907589,64.77540106951872,65.24598930481284,88,71,1,0.8822202429488013
27,143,-196.98836889648152,61.67132867132867,61.97902097902098,44,60,1,0.8778091417340573
28,111,-148.34119682545273,54.11711711711712,54.37837837837838,29,48,1,0.8734200960253871
29,120,-168.05406809022332,61.56666666666667,61.85,34,51,1,0.8690529955452602
30,155,-227.62939618309122,68.24516129032259,68.54838709677419,47,65,1,0.8647077305675338
31,169,-184.1431905882957,57.72781065088758,58.248520710059175,88,63,1,0.8603841919146962
32,137,-188.29441471196418,64.13138686131387,64.4963503649635,50,56,1,0.8560822709551227
33,145,-196.00771379276657,62.15862068965517,62.48965517241379,48,61,1,0.851801859600347
34,126,-160.59139622986453,58.29365079365079,58.67460317460318,48,51,1,0.8475428503023453
35,142,-170.95034452328377,55.62676056338028,56.03521126760563,58,56,1,0.8433051360508336
36,140,-202.47186180547453,69.86428571428571,70.28571428571429,59,54,1,0.8390886103705794
37,150,-147.7244018837864,52.99333333333333,53.553333333333335,84,52,1,0.8348931673187264
38,147,-208.21600907659854,68.62585034013605,68.97278911564626,51,60,1,0.8307187014821328
39,169,-190.8303921801268,61.67455621301775,62.21301775147929,91,61,1,0.8265651079747222
40,151,-208.45629277720656,64.50331125827815,64.81456953642385,47,63,1,0.8224322824348486
41,158,-213.82461969259737,67.89240506329114,68.34177215189874,71,61,1,0.8183201210226743
42,150,-128.76965232578368,45.93333333333333,46.4,70,56,1,0.8142285204175609
43,148,-189.9800796072635,61.141891891891895,61.5945945945946,67,57,1,0.810157377815473
44,159,-231.81195066794982,72.40251572327044,72.86163522012579,73,60,1,0.8061065909263957
45,118,-121.67538309408675,48.6271186440678,49.08474576271186,54,44,1,0.8020760579717637
46,195,-254.96488890870316,66.56410256410257,66.94871794871794,75,78,1,0.798065677681905
47,182,-248.75800226885002,68.47802197802197,68.9065934065934,78,69,1,0.7940753492934954
48,117,-153.99517736970526,57.427350427350426,57.81196581196581,45,47,1,0.7901049725470279
49,143,-179.74984952207294,60.17482517482517,60.6013986013986,61,54,1,0.7861544476842928
50,191,-240.47288998586683,66.3717277486911,66.82722513089006,87,71,1,0.7822236754458713
51,165,-186.98470193286977,60.472727272727276,60.981818181818184,84,59,1,0.778312557068642
52,119,-141.96148577909088,54.47899159663866,54.831932773109244,42,49,1,0.7744209942832988
53,159,-224.534282224373,70.44654088050315,70.9119496855346,74,59,1,0.7705488893118823
54,136,-155.0067637407996,54.01470588235294,54.404411764705884,53,53,1,0.7666961448653229
55,132,-164.47957297822003,61.56060606060606,62.00757575757576,59,50,1,0.7628626641409962
56,143,-182.9207395456161,62.65034965034965,63.10489510489511,65,55,1,0.7590483508202912
57,161,-210.4528994647391,67.73291925465838,68.22981366459628,80,60,1,0.7552531090661897
58,113,-113.0281763444269,46.08849557522124,46.56637168141593,54,42,1,0.7514768435208588
59,150,-161.44207542819467,56.28,56.79333333333334,77,53,1,0.7477194593032545
60,114,-110.86230041471843,46.780701754385966,47.23684210526316,52,43,1,0.7439808620067382
61,115,-116.78603035646043,48.37391304347826,48.84347826086957,54,44,1,0.7402609576967045
62,141,-160.93435226622123,52.716312056737586,53.08510638297872,52,54,1,0.736559652908221
63,130,-105.26200162081282,42.46153846153846,42.99230769230769,69,47,1,0.7328768546436799
64,147,-152.86391624745306,51.36734693877551,51.7687074829932,59,55,1,0.7292124703704616
65,166,-207.5166761883348,65.56024096385542,66.13855421686748,96,58,1,0.7255664080186093
66,160,-209.7106191064146,64.8,65.2375,70,61,1,0.7219385759785162
67,181,-205.56159709865034,62.187845303867405,62.70165745856354,93,63,1,0.7183288830986236
68,173,-186.45132603581712,59.9364161849711,60.50289017341041,98,60,1,0.7147372386831305
69,142,-124.19654960448527,48.225352112676056,48.774647887323944,78,51,1,0.7111635524897149
70,162,-171.29016930868875,54.648148148148145,55.092592592592595,72,63,1,0.7076077347272662
71,133,-115.31196342188409,46.63157894736842,47.203007518796994,76,42,1,0.7040696960536299
72,141,-140.03608054461702,53.43971631205674,53.98581560283688,77,50,1,0.7005493475733617
73,157,-172.9996462150103,60.94267515923567,61.503184713375795,88,56,1,0.697046600835495
74,159,-203.6593419970823,62.37735849056604,62.77987421383648,64,62,1,0.6935613678313175
75,149,-127.02204354923566,45.65771812080537,46.16107382550336,75,53,1,0.6900935609921609
76,134,-141.4363124765348,49.52985074626866,49.992537313432834,62,51,1,0.6866430931872001
77,158,-158.67399275714064,56.25316455696203,56.91139240506329,104,51,1,0.6832098777212641
78,144,-155.70071828671212,58.263888888888886,58.770833333333336,73,53,1,0.6797938283326578
79,189,-116.09709759136011,40.0,40.63492063492063,120,57,1,0.6763948591909945
80,202,-237.10834626407583,66.23762376237623,66.83168316831683,120,68,1,0.6730128848950395
81,209,-174.61693362440906,51.47846889952153,52.047846889952154,119,74,1,0.6696478204705644
82,210,-306.82873422485454,77.75238095238095,78.24285714285715,103,75,1,0.6662995813682115
83,187,-206.2040220477887,61.05882352941177,61.6096256684492,103,66,1,0.6629680834613705
84,135,-167.62721848715793,61.56296296296296,62.05925925925926,67,50,1,0.6596532430440636
85,148,-190.41930612027085,65.11486486486487,65.64864864864865,79,54,1,0.6563549768288433
86,187,-226.54010705118407,68.89304812834224,69.45989304812834,106,66,1,0.653073201944699
87,164,-158.80670323482084,54.701219512195124,55.292682926829265,97,58,1,0.6498078359349755
88,123,-101.74529828429644,46.073170731707314,46.72357723577236,80,40,1,0.6465587967553006
89,181,-191.76966499959784,57.28176795580111,57.80110497237569,94,65,1,0.6433260027715241
90,169,-161.83636019037516,52.37869822485207,52.928994082840234,93,60,1,0.6401093727576664
91,120,-126.4120871721868,50.43333333333333,50.95,62,43,1,0.6369088258938781
92,188,-264.4519012574164,77.96808510638297,78.6063829787234,120,63,1,0.6337242817644086
93,137,-131.71672538967195,53.24087591240876,53.846715328467155,83,46,1,0.6305556603555866
94,202,-234.9146806148039,65.0049504950495,65.54950495049505,110,69,1,0.6274028820538087
95,211,-195.47155943210896,56.843601895734594,57.47867298578199,134,69,1,0.6242658676435396
96,171,-159.29991455612685,52.60233918128655,53.175438596491226,98,54,1,0.6211445383053219
97,162,-145.24337585235446,51.82716049382716,52.46296296296296,103,53,1,0.6180388156137953
98,177,-124.44345856801702,45.570621468926554,46.27683615819209,125,55,1,0.6149486215357263
99,179,-215.30827276109184,66.26815642458101,66.81564245810056,98,63,1,0.6118738784280476
100,221,-233.936172392838,63.80542986425339,64.44796380090497,142,74,1,0.6088145090359074
101,178,-226.15817301020277,69.50561797752809,70.12359550561797,110,56,1,0.6057704364907278
102,163,-164.43660769098065,52.23312883435583,52.74846625766871,84,56,1,0.6027415843082742
103,164,-195.0660698084025,63.853658536585364,64.45731707317073,99,56,1,0.5997278763867329
104,160,-158.6640311082683,55.5875,56.19375,97,55,1,0.5967292370047992
105,164,-149.40810093555353,53.0609756097561,53.65243902439025,97,53,1,0.5937455908197752
106,155,-110.87341926610934,46.56774193548387,47.31612903225806,116,48,1,0.5907768628656763
107,142,-142.52001683832947,55.75352112676056,56.34507042253521,84,49,1,0.5878229785513479
108,138,-104.35759605803582,39.405797101449274,39.891304347826086,67,47,1,0.5848838636585911
109,186,-169.53882143471742,53.76881720430107,54.36021505376344,110,64,1,0.5819594443402982
110,153,-130.6006411660642,49.73856209150327,50.36601307189542,96,49,1,0.5790496471185967
111,161,-152.2066201577631,51.05590062111801,51.577639751552795,84,56,1,0.5761543988830038
112,227,-234.67019950974793,62.59911894273128,63.30396475770925,160,72,1,0.5732736268885887
113,199,-180.11467494338117,57.63316582914573,58.321608040201006,137,62,1,0.5704072587541458
114,214,-244.07108599420002,68.35981308411215,69.0,137,72,1,0.567555222460375
115,156,-139.5576437718763,49.25,49.782051282051285,83,54,1,0.5647174463480732
116,143,-164.405362099212,60.29370629370629,60.91608391608391,89,47,1,0.5618938591163328
117,174,-183.94389209367571,56.86206896551724,57.367816091954026,88,62,1,0.5590843898207511
118,134,-111.66107313214744,43.25373134328358,43.75373134328358,67,50,1,0.5562889678716474
119,271,-256.34003870169937,65.88191881918819,66.66789667896678,213,80,1,0.5535075230322891
120,206,-210.06634519011445,63.30582524271845,64.05339805825243,154,62,1,0.5507399854171277
121,120,-87.3134067444941,37.38333333333333,37.90833333333333,63,42,1,0.547986285490042
122,244,-237.9400574884519,62.77459016393443,63.450819672131146,165,78,1,0.5452463540625918
123,174,-147.65621597974996,49.5919540229885,50.224137931034484,110,57,1,0.5425201222922789
124,193,-145.30171565292022,50.87564766839378,51.58549222797927,137,55,1,0.5398075216808175
125,429,-377.0885733151114,67.31934731934732,68.17948717948718,369,117,1,0.5371084840724134
126,177,-190.26487330181155,62.21468926553672,62.87005649717514,116,57,1,0.5344229416520513
127,183,-151.9477976684054,53.61748633879781,54.32786885245902,130,55,1,0.531750826943791
128,137,-107.3312775421891,45.948905109489054,46.605839416058394,90,43,1,0.5290920728090721
129,183,-135.67307947576762,47.185792349726775,47.84699453551912,121,57,1,0.5264466124450268
130,313,-291.3275255725078,64.27476038338658,65.03833865814697,239,91,1,0.5238143793828016
131,114,-105.48706738813611,48.91228070175438,49.50877192982456,68,35,1,0.5211953074858876
132,116,-84.70854222830992,38.08620689655172,38.6551724137931,66,37,1,0.5185893309484582
133,273,-313.5328328270291,73.8974358974359,74.6117216117216,195,87,1,0.5159963842937159
134,230,-167.2717874231719,52.36086956521739,53.165217391304346,185,63,1,0.5134164023722473
135,223,-160.43129126198474,51.766816143497756,52.511210762331835,166,60,1,0.510849320360386
136,197,-222.32773678223828,61.619289340101524,62.15228426395939,105,62,1,0.5082950737585841
137,242,-236.49983598618627,63.29338842975206,64.00826446280992,173,73,1,0.5057535983897912
138,186,-136.23685587617226,47.74193548387097,48.435483870967744,129,55,1,0.5032248303978422
139,256,-222.35187116602253,59.57421875,60.3125,189,73,1,0.500708706245853
140,170,-109.54365940076356,43.0,43.72941176470588,124,48,1,0.4982051627146237
141,163,-176.24143648255216,55.29447852760736,55.809815950920246,84,56,1,0.49571413690105054
142,197,-143.92815928824237,52.41624365482234,53.203045685279186,155,57,1,0.4932355662165453
143,172,-186.64413396106235,54.0,54.383720930232556,66,61,1,0.4907693883854626
144,175,-159.10862775872582,56.64,57.29142857142857,114,57,1,0.4883155414435353
145,161,-119.12361267590727,45.06211180124224,45.72670807453416,107,47,1,0.4858739637363176
146,220,-191.90409024074503,56.07727272727273,56.768181818181816,152,67,1,0.483444593917636
147,224,-156.25004319589985,53.08482142857143,53.892857142857146,181,61,1,0.4810273709480478
148,256,-135.52078891361612,43.05859375,43.84375,201,72,1,0.47862223409330756
149,140,-100.30235319118604,45.51428571428571,46.22142857142857,99,37,1,0.47622912292284103
150,176,-121.86301986573629,45.94318181818182,46.64204545454545,123,55,1,0.4738479773082268
151,134,-73.61237072059585,36.80597014925373,37.55223880597015,100,37,1,0.47147873742168567
152,226,-144.70114490023425,50.030973451327434,50.889380530973455,194,58,1,0.46912134373457726
153,214,-130.84727784762435,48.495327102803735,49.35514018691589,184,57,1,0.46677573701590436
154,251,-130.79922037632937,41.179282868525895,41.94422310756972,192,73,1,0.46444185833082485
155,196,-133.53766592456265,47.505102040816325,48.214285714285715,139,52,1,0.46211964903917074
156,259,-150.93664257447864,50.84555984555985,51.745173745173744,233,67,1,0.4598090507939749
157,222,-168.2965381433156,49.432432432432435,50.17567567567568,165,65,1,0.457510005540005
158,220,-150.01053872949808,51.31363636363636,52.16818181818182,188,61,1,0.45522245551230495
159,177,-105.1871005410663,43.49152542372882,44.282485875706215,140,50,1,0.4529463432347434
160,243,-124.21110055449265,41.00411522633745,41.79012345679013,191,65,1,0.4506816115185697
161,176,-158.0350604508016,54.69318181818182,55.3125,109,51,1,0.4484282034609769
162,343,-271.47374791476057,61.072886297376094,61.92128279883382,291,95,1,0.446186062443672
163,176,-89.28899392759602,42.58522727272727,43.47727272727273,157,41,1,0.4439551321314536
164,380,-290.9499326856736,62.08684210526316,62.997368421052634,346,99,1,0.4417353564707963
165,292,-299.6726585820071,69.59931506849315,70.4041095890411,235,77,1,0.43952667968844233
166,324,-226.06687117217209,59.74382716049383,60.70987654320987,313,78,1,0.43732904629000013
167,239,-127.49060581947553,44.80334728033473,45.66527196652719,206,64,1,0.4351424010585501
168,200,-111.95322501736155,45.15,46.015,173,52,1,0.43296668905325736
169,108,-75.3381167913928,39.851851851851855,40.56481481481482,77,30,1,0.43080185560799106
170,224,-106.16121619726063,43.47767857142857,44.357142857142854,197,58,1,0.4286478463299511
171,127,-116.05798356221788,49.37007874015748,49.968503937007874,76,38,1,0.42650460709830135
172,258,-131.32711007260662,47.5,48.49612403100775,257,58,1,0.42437208406280985
173,194,-202.86954724390912,61.118556701030926,61.72164948453608,117,60,1,0.4222502236424958
174,346,-246.01730218531077,58.0,58.88728323699422,307,90,1,0.42013897252428334
175,177,-72.14884849999696,36.15819209039548,36.96045197740113,142,45,1,0.4180382776616619
176,263,-135.86792421405096,47.0,47.88973384030418,234,67,1,0.4159480862733536
177,205,-91.79075298197189,37.697560975609754,38.46341463414634,157,51,1,0.41386834584198684
178,332,-241.06440039196022,61.06927710843374,62.00903614457831,312,83,1,0.4117990041127769
179,291,-196.95015548503304,54.42955326460481,55.350515463917525,268,71,1,0.40974000909221303
180,168,-129.28263277994685,47.69047619047619,48.345238095238095,110,50,1,0.40769130904675194
181,278,-202.16537208734906,54.67985611510792,55.49640287769784,227,77,1,0.40565285250151817
182,182,-135.93802691681077,48.18681318681319,48.895604395604394,129,56,1,0.4036245882390106
183,496,-344.73657193458706,61.40725806451613,62.372983870967744,479,120,1,0.4016064652978155
184,199,-154.2757065128304,51.54271356783919,52.28140703517588,147,56,1,0.3995984329713264
185,177,-61.75232521271328,32.186440677966104,32.983050847457626,141,45,1,0.3976004408064698
186,500,-413.06052008474035,71.546,72.552,503,120,0,0.39561243860243744
187,153,-110.95166546476369,51.15686274509804,51.967320261437905,124,38,1,0.3936343764094253
188,168,-98.21269771879913,44.07738095238095,44.94047619047619,145,44,1,0.39166620452737816
189,372,-298.15484455430357,66.72849462365592,67.72043010752688,369,89,1,0.3897078735047413
190,307,-220.61693946249468,58.6514657980456,59.5472312703583,275,78,1,0.3877593341372176
191,141,-57.90962625103563,32.0709219858156,32.851063829787236,110,36,1,0.3858205374665315
192,265,-180.85682435427907,56.43018867924528,57.362264150943396,247,60,1,0.38389143477919885
193,186,-105.72546076375069,44.10752688172043,44.96236559139785,159,47,1,0.3819719776053028
194,500,-357.2686534020942,62.796,63.746,475,121,0,0.3800621177172763
195,147,-94.5442103207158,44.21768707482993,44.945578231292515,107,40,1,0.37816180712868996
196,362,-261.4044988285096,58.70441988950276,59.56353591160221,311,88,1,0.37627099809304654
197,119,-80.45995897982387,41.78991596638655,42.554621848739494,91,31,1,0.3743896431025813
198,292,-154.65236713680673,46.73972602739726,47.62328767123287,258,71,1,0.37251769488706843
199,249,-147.17737991846604,49.27710843373494,50.16064257028113,220,65,1,0.3706551064126331
200,289,-241.7491701462566,63.50173010380623,64.35640138408304,247,72,1,0.36880183088056995
201,182,-142.4384858702179,48.175824175824175,48.824175824175825,118,49,1,0.3669578217261671
202,221,-164.733732312198,55.97285067873303,56.841628959276015,192,55,1,0.36512303261753626
203,272,-144.67647790353075,46.30514705882353,47.19485294117647,242,62,1,0.3632974174544486
204,238,-123.85459331128669,43.05042016806723,43.89915966386555,202,62,1,0.3614809303671764
205,218,-119.46017454014338,45.73853211009175,46.62844036697248,194,55,1,0.3596735257153405
206,285,-80.77481077749582,35.74035087719298,36.66315789473684,263,61,1,0.3578751580867638
207,314,-216.872409997216,55.48407643312102,56.34076433121019,269,81,1,0.35608578229633
208,208,-94.57742481755301,41.86057692307692,42.83173076923077,202,48,1,0.3543053533848483
209,112,-69.50181542476733,38.61607142857143,39.339285714285715,81,31,1,0.35253382661792404
210,191,-63.6787175547352,31.76439790575916,32.602094240837694,160,40,1,0.3507711574848344
211,103,-54.225281612629914,34.320388349514566,35.0873786407767,79,26,1,0.34901730169741024
212,243,-110.2579251099983,41.8559670781893,42.67901234567901,200,60,1,0.3472722151889232
213,238,-155.3821716162526,48.91596638655462,49.714285714285715,190,60,1,0.3455358541129786
214,317,-123.49727312481701,40.65299684542587,41.55205047318612,285,71,1,0.3438081748424137
215,464,-217.25937483695586,51.26724137931034,52.26724137931034,464,96,1,0.3420891339682016
216,343,-102.72174061974275,36.52769679300292,37.4198250728863,306,78,1,0.3403786882983606
217,233,-136.15840063987034,48.36909871244635,49.24892703862661,205,56,1,0.3386767948568688
218,218,-159.41189507239937,51.38073394495413,52.15596330275229,169,59,1,0.33698341088258443
219,282,-114.84485044079872,42.91843971631206,43.87234042553192,269,59,1,0.3352984938281715
220,175,-74.25853187228375,38.02857142857143,38.92,156,42,1,0.33362200135903064
221,204,-106.74569842408864,41.90686274509804,42.740196078431374,170,52,1,0.33195389135223546
222,241,-104.505451817266,41.54356846473029,42.4149377593361,210,58,1,0.3302941218954743
223,361,-198.88760979013108,52.54016620498615,53.529085872576175,357,74,1,0.32864265128599696
224,243,-106.60922269844657,38.57201646090535,39.39506172839506,200,61,1,0.326999438029567
225,267,-137.98606830149464,49.02996254681648,50.02247191011236,265,61,1,0.3253644408394192
226,500,-192.665505022261,46.84,47.888,524,99,0,0.3237376186352221
227,226,-101.25798268289925,44.46017699115044,45.45575221238938,225,48,1,0.322118930542046
228,209,-152.86969779113278,54.51196172248804,55.38755980861244,183,48,1,0.32050833588933575
229,302,-157.8677915742609,46.62251655629139,47.49006622516556,262,69,1,0.31890579420988907
230,254,-162.10934821752122,51.803149606299215,52.66535433070866,219,55,1,0.3173112652388396
231,181,-89.87112912451495,38.790055248618785,39.569060773480665,141,40,1,0.3157247089126454
232,213,-72.93451476446886,38.46478873239437,39.431924882629104,206,49,1,0.3141460853680822
233,500,-340.54505815390144,63.542,64.546,502,113,0,0.3125753549412418
234,174,-76.40948797802679,34.2816091954023,35.02298850574713,129,45,1,0.31101247816653554
235,137,-52.21782819914987,35.0,35.81751824817518,112,30,1,0.30945741577570285
236,197,-107.79773822936626,42.01015228426396,42.80203045685279,156,46,1,0.3079101286968243
237,285,-113.52547512992874,45.06315789473684,46.07719298245614,289,61,1,0.3063705780533402
238,275,-87.43236003921402,39.050909090909094,39.97090909090909,253,59,1,0.30483872516307353
239,255,-119.09468217376217,46.70980392156863,47.68627450980392,249,57,1,0.3033145315372582
240,500,-245.49846444612714,54.738,55.802,532,107,0,0.3017979588795719
241,484,-222.95909261951562,51.77685950413223,52.820247933884296,505,102,1,0.30028896908517405
242,500,-220.20538178555225,50.682,51.738,528,99,0,0.2987875242397482
243,347,-180.54016511393934,51.94236311239193,52.94812680115274,349,74,1,0.29729358661854943
244,500,-283.9041396952881,57.424,58.47,523,105,0,0.29580711868545667
245,173,-105.14957120728347,42.9364161849711,43.6878612716763,130,47,1,0.2943280830920294
246,141,-97.59204145510789,45.5886524822695,46.36879432624114,110,34,1,0.29285644267656924
247,340,-212.55872152513572,57.94117647058823,58.97352941176471,351,68,1,0.2913921604631864
248,299,-63.135724914447266,34.09364548494983,35.11371237458194,305,66,1,0.28993519966087045
249,275,-139.81446723670197,53.20727272727273,54.276363636363634,294,61,1,0.2884855236625661
250,203,-76.35350788118436,35.35960591133005,36.20197044334975,171,47,1,0.28704309604425327
251,500,-154.24333326394452,45.594,46.708,557,95,0,0.285607880564032
252,315,-89.80642935074046,38.53650793650794,39.5015873015873,304,68,1,0.28417984116121187
253,492,-332.2537199867917,60.88821138211382,61.90853658536585,502,103,1,0.2827589419554058
254,313,-108.79732437991309,37.43130990415335,38.329073482428115,281,73,1,0.28134514724562876
255,316,-187.74066405600513,51.7246835443038,52.651898734177216,293,77,1,0.2799384215094006
256,483,-109.79059806622452,35.178053830227746,36.13457556935818,462,99,1,0.27853872940185365
257,136,-82.52860552963129,40.8235294117647,41.63235294117647,110,31,1,0.27714603575484437
258,349,-122.13274066946349,40.48137535816619,41.46418338108882,343,74,1,0.2757603055760701
259,417,-224.0041140244685,53.11031175059952,54.08153477218225,405,93,1,0.2743815040481898
260,271,-125.42537684557834,46.49077490774908,47.47970479704797,268,57,1,0.2730095965279488
261,394,-159.61173214648355,46.00761421319797,47.03045685279188,403,83,1,0.27164454854530906
262,500,-122.39062526274505,38.268,39.272,502,100,0,0.2702863258025825
263,355,-125.6105325401518,40.901408450704224,41.85352112676056,338,72,1,0.2689348941735696
264,400,-144.27237061673614,42.8675,43.8225,382,81,1,0.26759021970270175
265,500,-150.7043992270375,41.936,42.94,502,108,0,0.2662522686041882
266,322,-101.93656115158065,38.25776397515528,39.18633540372671,299,67,1,0.2649210072611673
267,250,-107.09110713849141,44.064,45.06,249,49,1,0.26359640222486147
268,432,-181.48144123212307,45.423611111111114,46.370370370370374,409,93,1,0.26227842021373715
269,227,-104.2214688556946,40.757709251101325,41.59911894273128,191,53,1,0.2609670281126685
270,500,-175.53885455957854,44.616,45.634,509,106,0,0.25966219297210513
271,243,-50.582474597796036,30.440329218106996,31.358024691358025,223,56,1,0.2583638820072446
272,500,-100.53868937503624,39.806,40.922,558,99,0,0.2570720625972084
273,154,-82.63528703448763,43.92857142857143,44.87662337662338,146,30,1,0.25578670228422234
274,324,-126.53351398546377,44.68827160493827,45.70987654320987,331,69,1,0.25450776877280124
275,500,-82.25536056639993,36.186,37.238,526,106,0,0.2532352299289372
276,445,-210.84668887444855,50.42022471910112,51.4,436,86,1,0.2519690537792925
277,325,-99.64347989838225,40.47692307692308,41.49846153846154,332,62,1,0.2507092085103961
278,217,-70.3787242339355,37.51152073732719,38.47004608294931,208,42,1,0.2494556624678441
279,500,-146.67574426313269,44.598,45.688,545,94,0,0.24820838415550486
280,168,-50.89926358305248,32.44047619047619,33.32738095238095,149,36,1,0.24696734223472733
281,312,-130.53700594367672,46.868589743589745,47.88782051282051,318,61,1,0.2457325055235537
282,500,-217.05981532680212,52.024,53.086,531,95,0,0.24450384299593592
283,223,-77.17127576908784,40.0,40.99551569506726,222,41,1,0.24328132378095624
284,256,-88.92448335873507,40.34375,41.3515625,258,46,1,0.24206491716205145
285,193,-114.41127028806798,48.67357512953368,49.61658031088083,182,44,1,0.2408545925762412
286,341,-150.44416691926028,46.67448680351906,47.639296187683286,329,66,1,0.23965031961336
287,364,-55.76656948710511,30.236263736263737,31.189560439560438,347,77,1,0.2384520680152932
288,232,-91.3653226047367,38.64224137931034,39.5301724137931,206,45,1,0.23725980767521673
289,500,-67.26964997281492,33.286,34.336,525,89,0,0.23607350863684065
290,500,-182.25336607705458,47.14,48.18,520,91,0,0.23489314109365644
291,500,-77.77969867780426,35.35,36.388,519,98,0,0.23371867538818816
292,90,-63.67448465861103,43.611111111111114,44.43333333333333,74,21,1,0.23255008201124722
293,381,-167.2316088145733,49.955380577427825,51.041994750656166,414,74,1,0.231387331601191
294,412,-154.71358522116319,48.25728155339806,49.349514563106794,450,76,1,0.23023039494318503
295,500,-182.51982965910508,45.506,46.522,508,96,0,0.2290792429684691
296,500,-173.45027783809334,48.52,49.672,576,98,0,0.22793384675362674
297,500,-208.52187962567692,49.69,50.784,547,99,0,0.22679417751985861
298,500,-109.16007554313796,38.168,39.184,508,102,0,0.22566020663225933
299,204,-101.38853002555639,39.377450980392155,40.15686274509804,159,47,1,0.22453190559909803
300,163,-79.3148068221768,38.392638036809814,39.22085889570552,135,39,1,0.22340924607110255
301,491,-234.4525075119131,55.89816700610998,57.05906313645621,570,84,1,0.22229219984074702
302,500,-148.78627767246817,42.624,43.668,522,98,0,0.2211807388415433
303,285,-91.89581282614257,38.9859649122807,40.0,289,59,1,0.22007483514733558
304,407,-193.59183636844995,49.304668304668304,50.31449631449632,411,81,1,0.2189744609715989
305,500,-141.50243930171112,40.326,41.346,510,98,0,0.2178795886667409
306,172,-55.45188746121255,37.94767441860465,38.94186046511628,171,35,1,0.2167901907234072
307,256,-46.824533929244936,32.55859375,33.5703125,259,53,1,0.21570623976979014
308,403,-77.34828354719257,34.15136476426799,35.10421836228288,384,79,1,0.21462770857094118
309,226,-44.1440319826402,30.575221238938052,31.513274336283185,212,45,1,0.21355457002808648
310,500,-182.22371338554655,44.854,45.834,490,105,0,0.21248679717794605
311,327,-133.67951260070018,42.801223241590215,43.71559633027523,299,63,1,0.21142436319205632
312,500,-49.7832428988907,34.238,35.332,547,95,0,0.21036724137609603
313,355,-118.51121453598927,42.51549295774648,43.56901408450704,374,68,1,0.20931540516921554
314,500,-154.41666658619204,43.366,44.382,508,102,0,0.20826882814336947
315,500,-152.55490406635099,45.728,46.846,559,91,0,0.20722748400265262
316,330,-118.16905627380834,43.63333333333333,44.61515151515152,324,67,1,0.20619134658263935
317,139,-52.32948240180545,38.44604316546763,39.42446043165467,136,25,1,0.20516038984972615
318,385,-118.97002849725513,41.63376623376623,42.65714285714286,394,79,1,0.2041345879004775
319,357,-99.39864343429704,42.148459383753504,43.27731092436975,403,63,1,0.2031139149609751
320,186,-64.94188510089111,33.204301075268816,34.08064516129032,163,39,1,0.20209834538617025
321,500,-69.89960608367014,34.7,35.758,529,93,0,0.2010878536592394
322,500,-144.5284703282939,42.682,43.744,531,89,0,0.2000824143909432
323,184,-54.8833193630215,37.65217391304348,38.65217391304348,184,34,1,0.19908200231898848
324,269,-41.738864731695465,29.903345724907062,30.88475836431227,264,51,1,0.19808659230739353
325,500,-154.75228728794875,42.626,43.648,511,90,0,0.19709615934585656
326,500,-77.81046190397232,40.65,41.844,597,95,0,0.19611067854912728
327,170,-68.53715495506488,41.2,42.22352941176471,174,32,1,0.19513012515638165
328,401,-194.41081001382696,51.82294264339152,52.87531172069826,422,80,1,0.19415447453059972
329,104,-40.25324601440105,27.201923076923077,27.91346153846154,74,20,1,0.19318370215794672
330,500,-68.48875698077269,35.468,36.514,523,92,0,0.192217783647157
331,279,-48.54694957050317,33.29032258064516,34.354838709677416,297,44,1,0.1912566947289212
332,500,-73.92369311500927,38.648,39.798,575,85,0,0.1903004112552766
333,500,-59.12668830323937,32.542,33.574,516,90,0,0.18934890919900021
334,402,-73.34407025086581,35.30099502487562,36.34825870646766,421,77,1,0.18840216465300522
335,276,-102.84324027948699,41.655797101449274,42.59782608695652,260,56,1,0.18746015382974018
336,498,-105.59751323356673,39.869477911646584,40.97791164658634,552,90,1,0.1865228530605915
337,500,-50.71767135810232,32.07,33.128,529,84,0,0.18559023879528855
338,500,-41.67276038325556,31.856,32.932,538,84,0,0.1846622876013121
339,500,-100.84312571379375,40.148,41.26,556,83,0,0.18373897616330553
340,438,-129.98040090597476,45.60502283105023,46.74885844748859,501,73,1,0.182820281282489
341,447,-165.6658374870202,45.77181208053691,46.79418344519016,457,83,1,0.18190617987607657
342,500,-39.62311431395028,34.306,35.436,565,84,0,0.18099664897669618
343,333,-61.27039765619994,35.486486486486484,36.56156156156156,358,58,1,0.1800916657318127
344,336,-52.359631592155914,34.63690476190476,35.723214285714285,365,57,1,0.17919120740315364
345,500,12.359960714479817,29.362,30.526,582,82,0,0.17829525136613786
346,422,-132.40896816738064,42.99526066350711,44.06872037914692,453,73,1,0.17740377510930716
347,500,-36.89143418874547,30.076,31.124,524,80,0,0.17651675623376062
348,204,-54.80179796898358,34.51960784313726,35.470588235294116,194,33,1,0.1756341724525918
349,383,-120.301326390101,43.287206266318535,44.35248041775457,408,67,1,0.17475600159032884
350,500,-48.924800549928584,33.384,34.458,537,86,0,0.17388222158237718
351,500,-82.18597779437737,36.604,37.69,543,84,0,0.1730128104744653
352,320,-109.22068411672886,44.521875,45.575,337,56,1,0.17214774642209296
353,323,-32.623659757212,31.687306501547987,32.78328173374613,354,48,1,0.1712870076899825
354,210,-120.34132963190564,47.042857142857144,47.904761904761905,181,41,1,0.17043057265153258
355,210,-65.52875679964548,34.2952380952381,35.161904761904765,182,41,1,0.16957841978827493
356,500,-55.481359409625746,32.612,33.652,520,96,0,0.16873052768933355
357,488,-148.34486891449495,43.82786885245902,44.877049180327866,512,86,1,0.1678868750508869
358,375,-92.45828723848251,38.432,39.49333333333333,398,62,1,0.16704744067563246
359,500,-55.24396513078726,35.372,36.466,547,88,0,0.1662122034722543
360,500,-46.935552737648436,35.132,36.298,583,82,0,0.16538114245489302
361,500,-60.94296945694285,35.04,36.116,538,86,0,0.16455423674261854
362,398,-137.37173098650717,42.49246231155779,43.462311557788944,386,66,1,0.16373146555890544
363,419,-109.718165751135,41.224343675417664,42.326968973747015,462,75,1,0.16291280823111093
364,500,-11.249865594461244,29.232,30.31,539,93,0,0.16209824418995536
365,500,-174.05982981130407,46.81,47.862,526,90,0,0.16128775296900558
366,500,-33.837584435391136,34.492,35.642,575,78,0,0.16048131420416054
367,194,-28.665145469170774,27.237113402061855,28.2319587628866,193,34,1,0.15967890763313974
368,431,-74.9723609662539,35.206496519721576,36.243619489559165,447,77,1,0.15888051309497406
369,242,-41.03676946643772,29.56198347107438,30.53305785123967,235,35,1,0.1580861105294992
370,500,-31.724567895220247,31.012,32.074,531,85,0,0.1572956799768517
371,500,-78.31690375172909,37.18,38.278,549,79,0,0.15650920157696743
372,198,-52.19870208124904,32.656565656565654,33.54040404040404,175,32,1,0.1557266555690826
373,500,-89.63096689764942,39.284,40.414,565,87,0,0.1549480222912372
374,500,-69.85622392364526,39.334,40.52,593,78,0,0.15417328217978102
375,453,-39.230877103187034,34.1280353200883,35.28918322295806,526,71,1,0.1534024157688821
376,500,-59.15786876358802,36.046,37.188,571,84,0,0.1526354036900377
377,500,-80.7934520865726,36.234,37.296,531,92,0,0.1518722266715875
378,198,-77.16321708081885,40.494949494949495,41.464646464646464,192,34,1,0.15111286553822956
379,500,-9.310496183003682,31.352,32.506,577,73,0,0.15035730121053842
380,500,-14.447833573527475,30.362,31.462,550,73,0,0.14960551470448571
381,226,-68.6400404359793,39.99557522123894,41.0353982300885,235,37,1,0.14885748713096328
382,500,-107.79009128065313,43.96,45.158,599,77,0,0.14811319969530845
383,500,-16.68024952134817,28.406,29.444,519,77,0,0.1473726336968319
384,349,-98.69822945638502,40.61318051575931,41.66189111747851,366,59,1,0.14663577052834775
385,500,-14.594916211489464,29.676,30.764,544,84,0,0.14590259167570602
386,221,-78.41717710775137,39.19457013574661,40.16742081447964,215,39,1,0.1451730787173275
387,500,-46.50268708730323,36.172,37.348,588,82,0,0.14444721332374086
388,500,-23.579895531491466,33.124,34.282,579,76,0,0.14372497725712216
389,500,-40.3021189062997,34.054,35.188,567,78,0,0.14300635237083656
390,500,-12.902107601657978,30.302,31.41,554,77,0,0.14229132060898236
391,399,-38.76861909228138,30.04260651629073,31.07017543859649,410,74,1,0.14157986400593744
392,500,-9.183489676705534,29.286,30.374,544,87,0,0.14087196468590776
393,335,-90.40546119660753,41.26268656716418,42.32537313432836,356,55,1,0.14016760486247823
394,314,-40.05463101325007,29.920382165605094,30.9171974522293,313,52,1,0.13946676683816583
395,500,-55.15917706945788,31.986,33.006,510,78,0,0.138769433003975
396,500,-16.399049492294875,32.948,34.118,585,77,0,0.13807558583895513
397,500,-29.703182411705107,34.21,35.404,597,79,0,0.13738520790976036
398,500,6.819931516868628,25.778,26.816,519,78,0,0.13669828187021155
399,216,-62.24813875151161,33.458333333333336,34.416666666666664,207,37,1,0.13601479046086049
400,260,-79.64055237505036,40.23461538461538,41.25769230769231,266,42,1,0.1353347165085562
401,500,-27.17561765987221,30.622,31.688,533,82,0,0.1346580429260134
402,500,-22.233416114559528,33.538,34.696,579,81,0,0.13398475271138335
403,272,-34.988640222726346,30.091911764705884,31.080882352941178,269,42,1,0.13331482894782642
404,500,-60.25575301921459,36.726,37.84,557,77,0,0.13264825480308728
405,472,-65.13208422983313,33.932203389830505,35.00423728813559,506,77,1,0.13198501352907185
406,500,-85.04791310932961,38.752,39.89,569,81,0,0.1313250884614265
407,500,-12.665910152601361,31.44,32.588,574,75,0,0.13066846301911936
408,208,-99.41603157126953,46.44230769230769,47.38461538461539,196,33,1,0.13001512070402377
409,500,-57.241103551920304,36.518,37.682,582,78,0,0.12936504510050365
410,466,-26.65390980359502,30.5793991416309,31.682403433476395,514,72,1,0.12871821987500112
411,344,-27.188792823709058,29.357558139534884,30.415697674418606,364,55,1,0.12807462877562611
412,500,-52.559401442856654,33.676,34.83,577,72,0,0.12743425563174798
413,500,12.063738274860713,26.53,27.6,535,78,0,0.12679708435358925
414,252,-50.730445051178485,30.575396825396826,31.5,233,44,1,0.1261630989318213
415,500,-107.52450489396776,44.776,46.0,612,73,0,0.1255322834371622
416,127,-29.144213861971544,24.062992125984252,24.858267716535433,101,20,1,0.12490462201997637
417,500,-33.39425046892592,31.226,32.278,526,79,0,0.1242800989098765
418,267,-10.197372858459905,22.59550561797753,23.53932584269663,252,41,1,0.12365869841532712
419,500,-31.414002663922776,29.234,30.262,514,82,0,0.12304040492325048
420,500,-91.0548212742803,40.92,42.1,590,74,0,0.12242520289863423
421,500,-26.180906735819466,32.028,33.176,574,83,0,0.12181307688414106
422,500,-67.08998454833045,31.448,32.446,499,83,0,0.12120401149972035
423,500,-46.26066875229037,31.944,33.018,537,74,0,0.12059799144222175
424,500,-55.25139613985117,39.338,40.584,623,76,0,0.11999500148501063
425,317,-51.1425033344812,31.933753943217667,32.92429022082019,314,45,1,0.11939502647758558
426,208,-26.983886136648483,24.52403846153846,25.384615384615383,179,34,1,0.11879805134519765
427,500,37.59274469514402,26.144,27.286,571,77,0,0.11820406108847166
428,500,33.96275390565786,23.154,24.194,520,81,0,0.1176130407830293
429,500,3.5429777322053786,31.646,32.848,601,74,0,0.11702497557911415
430,437,-49.48993687269411,33.869565217391305,34.96567505720824,479,73,1,0.11643985070121858
431,500,4.479595153787858,28.448,29.554,553,74,0,0.11585765144771248
432,482,-8.505877798252321,28.493775933609957,29.58713692946058,527,74,1,0.11527836319047392
433,500,6.827843199169543,29.874,31.026,576,75,0,0.11470197137452155
434,500,42.654365324312124,24.184,25.28,548,76,0,0.11412846151764894
435,500,-4.1439799384802125,29.608,30.716,554,77,0,0.1135578192100607
436,199,-44.729928163474995,34.1356783919598,35.17085427135678,206,32,1,0.11299003011401039
437,500,0.9719851602660348,30.358,31.522,582,78,0,0.11242507996344034
438,500,47.68613705466676,23.528,24.638,555,71,0,0.11186295456362313
439,500,-47.96329578935294,35.12,36.28,580,74,0,0.11130363979080501
440,500,-61.72041651224888,34.406,35.498,546,79,0,0.11074712159185099
441,500,-8.21960043104051,28.162,29.254,546,75,0,0.11019338598389174
442,500,-34.286411928213994,36.228,37.44,606,66,0,0.10964241905397228
443,485,-76.4818869173845,37.75257731958763,38.878350515463914,546,74,1,0.10909420695870241
444,500,2.3359468629335427,29.864,31.03,583,72,0,0.1085487359239089
445,500,-15.128112116306735,29.948,31.042,547,76,0,0.10800599224428936
446,500,-38.711940912990386,33.784,34.918,567,80,0,0.10746596228306791
447,500,-52.897554553193594,36.648,37.826,589,67,0,0.10692863247165257
448,500,-1.9642837380156386,27.588,28.654,533,71,0,0.1063939893092943
449,500,-53.20020637162242,37.4,38.6,600,79,0,0.10586201936274783
450,500,32.591377085805206,27.02,28.186,583,77,0,0.10533270926593409
451,500,-58.42216566936007,36.848,37.988,570,77,0,0.10480604571960442
452,500,1.1502207388651189,31.256,32.436,590,73,0,0.1042820154910064
453,394,9.62012450610922,26.190355329949238,27.3248730964467,447,59,1,0.10376060541355137
454,500,-21.00873286458171,33.47,34.662,596,69,0,0.1032418023864836
455,500,-18.995659074700868,29.686,30.764,539,74,0,0.10272559337455119
456,459,-20.99812321391665,28.723311546840957,29.775599128540303,483,75,1,0.10221196540767843
457,500,28.498667444910208,24.338,25.414,538,74,0,0.10170090558064004
458,500,20.942267014146672,28.322,29.476,577,84,0,0.10119240105273684
459,500,-59.822852613829866,37.03,38.206,588,75,0,0.10068643904747315
460,500,12.131474799563915,29.336,30.496,580,72,0,0.10018300685223579
461,500,3.9780773204163897,29.09,30.256,583,82,0,0.0996820918179746
462,133,-34.32169306243056,32.82706766917293,33.93984962406015,148,19,1,0.09918368135888474
463,500,-14.574453260229904,32.34,33.512,586,76,0,0.09868776295209031
464,500,54.0441144938119,22.628,23.76,566,78,0,0.09819432413732986
465,500,-0.7099541525388502,29.874,31.014,570,73,0,0.09770335251664321
466,500,-5.562892031896947,30.692,31.832,570,72,0,0.09721483575406
467,500,-7.478115598400392,30.432,31.586,577,74,0,0.09672876157528969
468,500,62.45812103640437,21.88,22.982,551,72,0,0.09624511776741324
469,500,25.26636293497323,27.388,28.54,576,71,0,0.09576389217857617
470,356,-49.55615552582172,33.13202247191011,34.22191011235955,388,55,1,0.09528507271768329
471,500,55.21513285489488,25.322,26.504,591,76,0,0.09480864735409487
472,500,-56.36078896133765,38.272,39.46,594,81,0,0.0943346041173244
473,199,-30.24434529925192,27.386934673366834,28.29145728643216,180,32,1,0.09386293109673778
474,500,-11.535928252602618,31.428,32.582,577,84,0,0.09339361644125409
475,189,-31.97714907444582,26.555555555555557,27.48148148148148,175,30,1,0.09292664835904782
476,271,-33.63889550767557,29.952029520295202,30.940959409594097,268,40,1,0.09246201511725258
477,500,0.3017149342180526,29.192,30.316,562,77,0,0.09199970504166631
478,500,-1.3136271107645143,30.106,31.248,571,74,0,0.09153970651645797
479,500,24.258944561519407,27.214,28.376,581,81,0,0.09108200798387568
480,500,42.091408546371596,25.278,26.422,572,71,0,0.0906265979439563
481,500,38.901623005877,24.936,26.054,559,74,0,0.09017346495423652
482,500,-22.462282169870853,29.474,30.516,521,69,0,0.08972259762946533
483,500,-44.23753314209101,34.246,35.384,569,72,0,0.089273984641318
484,500,-14.157676097538504,30.212,31.306,547,78,0,0.0888276147181114
485,500,32.96490404367561,25.148,26.25,551,77,0,0.08838347664452084
486,162,-29.1352647865998,24.950617283950617,25.796296296296298,137,27,1,0.08794155926129824
487,500,7.3607134749560705,31.388,32.58,596,82,0,0.08750185146499175
488,500,59.38801985934534,23.362,24.5,569,79,0,0.08706434220766679
489,500,43.08700861681335,24.898,26.024,563,74,0,0.08662902049662846
490,310,-48.68757446882953,33.512903225806454,34.55806451612903,324,48,1,0.08619587539414532
491,500,52.49038776796988,22.66,23.77,555,67,0,0.08576489601717459
492,500,50.166821926584376,24.748,25.93,591,73,0,0.08533607153708872
493,500,58.828107352648125,23.084,24.226,571,74,0,0.08490939117940327
494,500,1.0988092973788617,31.328,32.532,602,67,0,0.08448484422350626
495,500,14.604314451569248,29.684,30.86,588,71,0,0.08406242000238873
496,500,-8.203299482807573,29.66,30.782,561,79,0,0.08364210790237678
497,500,40.187298159836324,24.352,25.438,543,77,0,0.0832238973628649
498,500,14.68303444952798,31.494,32.718,612,72,0,0.08280777787605056
499,500,41.28189096680504,24.878,26.014,568,79,0,0.08239373898667031
500,500,35.84689891382682,27.87,29.072,601,74,0,0.08198177029173696
501,500,21.988245796649206,27.904,29.056,576,70,0,0.08157186144027828
502,500,28.625682840695806,25.282,26.384,551,80,0,0.0811640021330769
503,416,7.351756232887306,26.814903846153847,27.95673076923077,475,61,1,0.08075818212241151
504,500,33.573378958347746,26.15,27.294,572,73,0,0.08035439121179945
505,500,39.00308157398341,26.622,27.816,597,75,0,0.07995261925574046
506,500,46.907297570451504,23.906,25.026,560,71,0,0.07955285615946175
507,500,60.526967411180934,23.204,24.346,571,76,0,0.07915509187866444
508,500,29.319754457710875,27.66,28.836,588,75,0,0.07875931641927113
509,500,66.54731260675162,22.91,24.08,585,74,0,0.07836551983717477
510,500,41.48830940236834,22.88,23.946,533,72,0,0.07797369223798889
511,500,51.923650173379755,23.044,24.176,566,69,0,0.07758382377679894
512,500,46.3272096017587,25.006,26.148,571,71,0,0.07719590465791494
513,500,62.540680469895364,21.028,22.088,530,71,0,0.07680992513462537
514,500,19.407255851225027,25.778,26.882,552,77,0,0.07642587550895225
515,500,62.27260604194656,22.094,23.216,561,70,0,0.07604374613140748
516,500,69.76878813151184,23.598,24.774,588,71,0,0.07566352740075044
517,500,62.50800370127285,24.044,25.224,590,72,0,0.07528520976374668
518,500,74.49200154694557,22.896,24.092,598,68,0,0.07490878371492794
519,500,21.35663357941386,27.138,28.288,575,73,0,0.0745342397963533
520,500,75.91456708904529,20.686,21.788,551,72,0,0.07416156859737154
521,500,50.64378524711739,22.942,24.028,543,67,0,0.07379076075438468
522,500,76.45371977587747,21.944,23.116,586,66,0,0.07342180695061275
523,500,94.9197965765364,21.01,22.214,602,71,0,0.07305469791585968
524,500,63.22618319013826,22.896,24.044,574,70,0,0.07268942442628039
525,500,20.763795201379665,25.672,26.742,535,73,0,0.07232597730414898
526,500,46.25266749870532,23.764,24.89,563,70,0,0.07196434741762824
527,141,-38.423817411304675,28.93617021276596,29.78014184397163,119,22,1,0.0716045256805401
528,500,96.47789414832043,18.99,20.126,568,62,0,0.0712465030521374
529,500,67.54024665924955,21.338,22.432,547,67,0,0.0708902705368767
530,500,50.69708242635985,25.776,26.97,597,73,0,0.07053581918419231
531,500,46.32331460888016,25.43,26.586,578,69,0,0.07018314008827135
532,500,35.70174112296098,25.828,26.972,572,74,0,0.06983222438783
533,500,62.64706080389606,22.282,23.394,556,70,0,0.06948306326589085
534,500,37.73958976796941,25.562,26.716,577,71,0,0.0691356479495614
535,500,11.340929819392795,31.102,32.31,604,66,0,0.06878996970981359
536,500,52.10827272697576,23.646,24.766,560,70,0,0.06844601986126451
537,500,82.34697945740614,18.562,19.624,531,71,0,0.06810378976195819
538,500,-2.5921168309651907,30.074,31.266,596,74,0,0.0677632708131484
539,500,40.1702791297582,25.256,26.382,563,73,0,0.06742445445908266
540,500,49.250598707177545,25.406,26.562,578,66,0,0.06708733218678724
541,500,61.40218454588444,24.3,25.49,595,71,0,0.0667518955258533
542,500,66.16745299051688,21.75,22.858,554,70,0,0.06641813604822402
543,500,23.654610771158584,29.548,30.754,603,69,0,0.0660860453679829
544,500,82.85173543057996,19.028,20.108,540,70,0,0.06575561514114299
545,500,69.14936120415045,21.886,23.022,568,67,0,0.06542683706543727
546,500,77.0633641672831,17.078,18.072,497,61,0,0.06509970288011008
547,500,78.7104023858774,23.072,24.278,603,69,0,0.06477420436570952
548,500,51.93186234194997,24.992,26.16,584,69,0,0.06445033334388098
549,500,59.89686176087952,22.868,24.0,566,72,0,0.06412808167716157
550,500,90.12556974865223,20.014,21.168,577,68,0,0.06380744126877576
551,500,69.51962254071103,20.046,21.128,541,69,0,0.06348840406243188
552,500,43.40797324848394,24.812,25.94,564,78,0,0.06317096204211972
553,500,53.14195236656636,25.822,27.012,595,69,0,0.06285510723190912
554,500,77.46701885667994,21.514,22.678,582,68,0,0.06254083169574957
555,500,99.30521928125788,18.73,19.876,573,70,0,0.062228127537270826
556,500,20.225244043213557,27.224,28.34,558,68,0,0.06191698689958447
557,500,46.23624175418824,25.504,26.678,587,73,0,0.061607401965086545
558,500,33.562622829772614,25.896,27.054,579,70,0,0.06129936495526111
559,500,74.6068125047095,21.842,23.004,581,69,0,0.0609928681304848
560,500,80.1705627545754,21.984,23.162,589,69,0,0.060687903789832374
561,500,55.31005229867176,23.056,24.184,564,73,0,0.06038446427088321
562,500,56.41718575454385,24.262,25.444,591,66,0,0.06008254194952879
563,500,82.87911680545007,19.49,20.602,556,69,0,0.05978212923978115
564,500,55.65382232427381,24.016,25.196,590,75,0,0.05948321859358224
565,500,58.697822394697624,20.162,21.214,526,71,0,0.05918580250061433
566,500,72.13539634258048,23.398,24.576,589,69,0,0.058889873488111255
567,500,47.418650602251276,26.488,27.684,598,70,0,0.058595424120670696
568,500,73.7339788091141,21.472,22.586,557,71,0,0.05830244700006734
569,500,41.83462765202136,24.678,25.81,566,71,0,0.058010934765067
570,500,87.76884541942592,20.65,21.808,579,67,0,0.05772088009124167
571,500,56.11847097141126,23.348,24.49,571,74,0,0.05743227569078546
572,500,63.01903182683237,24.308,25.536,614,68,0,0.05714511431233153
573,500,11.776721985292488,27.836,28.942,553,72,0,0.05685938874076987
574,500,69.12606869071801,23.484,24.694,605,67,0,0.056575091797066025
575,500,102.73686689991476,19.788,20.976,594,67,0,0.056292216338080694
576,500,44.04838532483585,26.33,27.5,585,69,0,0.05601075525639029
577,500,75.9910479155186,21.998,23.158,580,76,0,0.05573070148010834
578,500,74.65396796106918,21.104,22.24,568,73,0,0.0554520479727078
579,500,50.48259247218506,24.566,25.72,577,76,0,0.05517478773284426
580,500,47.62308098459861,26.168,27.4,616,70,0,0.05489891379418004
581,500,78.75332732306288,22.548,23.75,601,74,0,0.05462441922520914
582,500,91.45105275015617,21.698,22.9,601,72,0,0.0543512971290831
583,500,73.37931763819665,20.982,22.106,562,72,0,0.05407954064343768
584,500,90.51587149226405,20.092,21.25,579,72,0,0.05380914294022049
585,500,69.74191205471654,21.882,23.024,571,71,0,0.05354009722551939
586,500,52.56540934175046,23.818,24.956,569,70,0,0.05327239673939179
587,500,85.27211735854073,18.558,19.63,536,71,0,0.053006034755694834
588,500,65.16964979639347,22.976,24.128,576,68,0,0.052741004581916356
589,500,81.56153060214585,21.478,22.628,575,74,0,0.052477299559006776
590,500,34.39430154760067,27.31,28.502,596,68,0,0.052214913061211746
591,500,50.383836008030045,22.848,23.97,561,72,0,0.05195383849590569
592,500,71.13227567347978,22.13,23.28,575,70,0,0.05169406930342616
593,500,59.423639914719736,23.074,24.218,572,64,0,0.05143559895690903
594,500,69.26771505203241,22.324,23.49,583,72,0,0.051178420962124486
595,500,82.34318037192772,22.524,23.73,603,74,0,0.05092252885731386
596,500,46.84138660071676,21.29,22.348,529,75,0,0.05066791621302729
597,500,52.415835406256306,21.476,22.568,546,66,0,0.05041457663196215
598,500,31.535225563023758,26.036,27.182,573,69,0,0.050162503748802344
599,500,92.19934883256943,19.3,20.434,567,69,0,0.049911691230058335
600,500,60.805918694675064,25.778,27.012,617,68,0,0.04966213277390804
601,500,71.88745340890938,20.294,21.38,543,68,0,0.0494138221100385
602,500,83.85890067020968,19.046,20.132,543,68,0,0.04916675299948831
603,500,67.44183360310012,23.846,25.05,602,68,0,0.04892091923449087
604,500,91.34715811867278,20.072,21.25,589,65,0,0.04867631463831842
605,500,68.24382495078883,23.13,24.324,597,72,0,0.048432933065126825
606,500,73.10306041028105,25.566,26.84,637,64,0,0.048190768399801194
607,500,29.526398545590844,26.958,28.136,589,69,0,0.04794981455780219
608,500,77.70160220356979,21.806,22.978,586,70,0,0.04771006548501318
609,500,60.26617835550068,23.148,24.278,565,69,0,0.047471515157588115
610,500,110.63521707313548,18.088,19.234,573,69,0,0.047234157581800176
611,500,92.36422876524229,19.392,20.534,571,74,0,0.046997986793891174
612,500,46.538936622811974,22.492,23.544,526,69,0,0.04676299685992172
613,500,84.16090058419472,20.818,21.996,589,74,0,0.04652918187562211
614,500,70.57139227430423,24.62,25.85,615,68,0,0.046296535966244
615,500,74.63999746628049,23.164,24.362,599,73,0,0.046065053286412784
616,500,38.18436073923953,27.684,28.894,605,71,0,0.04583472801998072
617,500,92.04245239281764,22.894,24.15,628,71,0,0.045605554379880814
618,500,85.7057146056599,20.68,21.814,567,71,0,0.04537752660798141
619,500,62.29159847407582,25.672,26.902,615,67,0,0.0451506389749415
620,500,76.6195893877809,24.27,25.506,618,66,0,0.044924885780066794
621,500,71.08348989988323,22.094,23.272,589,73,0,0.04470026135116646
622,500,41.34615741978805,24.772,25.894,561,73,0,0.04447676004441063
623,500,99.83694567472223,18.366,19.472,553,67,0,0.04425437624418858
624,500,77.24599798307669,20.89,22.024,567,70,0,0.04403310436296763
625,500,25.96561375395682,29.442,30.668,613,69,0,0.043812938841152796
626,500,73.75532925260299,22.32,23.492,586,71,0,0.04359387414694703
627,500,61.46616777364946,22.68,23.82,570,72,0,0.043375904776212296
628,500,79.79333343167166,21.194,22.342,574,72,0,0.043159025252331236
629,500,37.69873820954901,27.482,28.672,595,69,0,0.04294323012606958
630,500,96.00366073643744,20.138,21.32,591,71,0,0.04272851397543923
631,500,68.6987862847845,20.954,22.068,557,68,0,0.04251487140556204
632,500,89.24778813662391,20.728,21.88,576,70,0,0.04230229704853423
633,500,81.61442181364502,21.448,22.606,579,71,0,0.04209078556329156
634,500,88.63384415376902,20.086,21.24,577,72,0,0.0418803316354751
635,500,93.48741635332838,19.876,21.044,584,70,0,0.041670929977297724
636,500,75.389215719554,23.362,24.572,605,68,0,0.04146257532741124
637,500,87.37557785618726,19.988,21.12,566,69,0,0.04125526245077418
638,500,103.79314285758518,19.588,20.754,583,64,0,0.04104898613852031
639,500,70.90898485241108,21.182,22.306,562,75,0,0.04084374120782771
640,500,59.137020703407245,24.238,25.424,593,65,0,0.04063952250178857
641,500,91.24563630624235,21.276,22.468,596,71,0,0.04043632488927963
642,500,113.74284126617232,18.13,19.294,582,68,0,0.04023414326483323
643,500,83.15324662295535,19.932,21.034,551,68,0,0.040032972548509065
644,500,104.33879174701094,18.42,19.568,574,70,0,0.03983280768576652
645,500,113.19355087908733,17.82,18.966,573,66,0,0.03963364364733769
646,500,77.52174190274862,22.174,23.332,579,75,0,0.039435475429100995
647,500,94.00527653096795,18.446,19.556,555,70,0,0.03923829805195549
648,500,85.04998562708668,20.434,21.578,572,69,0,0.03904210656169572
649,500,90.89332916762564,18.622,19.726,552,67,0,0.03884689602888724
650,500,87.5550966360988,21.996,23.214,609,71,0,0.0386526615487428
651,500,79.09371067719371,19.64,20.742,551,75,0,0.03845939824099909
652,500,106.12820567520222,19.788,20.978,595,67,0,0.03826710124979409
653,500,82.83146598648447,20.902,22.054,576,71,0,0.038075765743545126
654,500,91.03700191665502,19.108,20.226,559,68,0,0.0378853869148274
655,500,86.62839693387512,19.846,20.98,567,69,0,0.03769595998025326
656,500,72.76242899941747,20.684,21.772,544,70,0,0.03750748018035199
657,500,89.85048593832526,20.736,21.896,580,68,0,0.037319942779450235
658,500,92.676912673991,21.31,22.522,606,68,0,0.037133343065552986
659,500,63.2375842589698,21.646,22.76,557,74,0,0.03694767635022522
660,500,72.25482962595082,20.474,21.59,558,68,0,0.036762937968474095
661,500,114.87944142670332,18.59,19.774,592,66,0,0.03657912327863173
662,500,108.86372913859026,17.474,18.596,561,71,0,0.036396227662238566
663,500,58.33755673925827,25.386,26.602,608,63,0,0.03621424652392737
664,500,76.98556464782092,20.406,21.534,564,65,0,0.036033175291307735
665,500,83.60533172691912,22.782,23.982,600,64,0,0.03585300941485119
666,500,99.44296996510745,19.526,20.688,581,74,0,0.035673744367776934
667,500,88.05403052080692,19.69,20.81,560,73,0,0.03549537564593805
668,500,41.702848919275375,28.918,30.162,622,67,0,0.035317898767708356
669,500,63.54673553626055,22.014,23.136,561,64,0,0.03514130927386981
670,500,103.34867599024841,16.806,17.922,558,71,0,0.03496560272750046
671,500,90.85769784581366,19.986,21.134,574,68,0,0.03479077471386296
672,500,101.41447841697274,20.024,21.214,595,70,0,0.03461682084029365
673,500,96.0453729137581,21.162,22.376,607,71,0,0.034443736736092176
674,500,88.88855762576402,19.276,20.374,549,66,0,0.034271518052411715
675,500,60.0414573653556,24.418,25.598,590,70,0,0.034100160462149656
676,500,41.357248428276414,24.196,25.314,559,73,0,0.03392965965983891
677,500,79.39654606731762,23.998,25.226,614,71,0,0.033760011361539714
678,500,78.43956534799847,20.932,22.062,565,74,0,0.03359121130473201
679,500,84.13179093092866,20.644,21.798,577,70,0,0.033423255248208356
680,500,99.33959117534606,19.678,20.836,579,72,0,0.03325613897196732
681,500,80.61373056692499,21.67,22.828,579,72,0,0.03308985827710748
682,500,80.86859824201159,20.508,21.632,562,71,0,0.032924408985721944
683,500,90.37117297799651,18.604,19.702,549,69,0,0.03275978694079333
684,500,90.26906813866512,18.914,20.02,553,68,0,0.032595988006089364
685,500,100.33085218360344,20.11,21.286,588,69,0,0.032433008066058915
686,500,107.62252121336287,18.786,19.954,584,69,0,0.03227084302572862
687,500,111.82683480959476,17.078,18.194,558,70,0,0.032109488810599975
688,500,79.89604080744671,22.68,23.882,601,66,0,0.031948941366546975
689,500,56.040883227941805,26.546,27.806,630,65,0,0.03178919665971424
690,500,74.2944680631114,22.144,23.302,579,71,0,0.03163025067641567
691,500,93.63738241844572,21.084,22.282,599,68,0,0.03147209942303359
692,500,85.18196382340665,20.714,21.868,577,73,0,0.03131473892591842
693,500,62.04968546400859,23.192,24.36,584,71,0,0.031158165231288826
694,500,108.20497077287501,19.02,20.226,603,67,0,0.03100237440513238
695,500,80.07991623378527,20.74,21.866,563,69,0,0.030847362533106718
696,500,79.67719791476398,20.848,21.962,557,69,0,0.030693125720441184
697,500,104.16119475265889,20.662,21.872,605,66,0,0.030539660091838977
698,500,103.04299048242744,19.398,20.57,586,68,0,0.03038696179137978
699,500,75.90333474601168,24.058,25.282,612,67,0,0.030235026982422884
700,500,92.07109452638005,20.552,21.72,584,66,0,0.030083851847510768
701,500,90.9091397400891,19.222,20.36,569,69,0,0.029933432588273214
702,500,87.58417720574836,19.802,20.936,567,68,0,0.029783765425331846
703,500,96.90436888281383,18.312,19.414,551,67,0,0.029634846598205186
704,500,95.72304868291762,17.49,18.564,537,71,0,0.02948667236521416
705,500,102.71892996302238,20.624,21.838,607,69,0,0.029339239003388088
706,500,104.8362428383737,19.114,20.294,590,69,0,0.029192542808371146
707,500,95.677744247479,19.298,20.45,576,68,0,0.02904658009432929
708,500,87.56165402925733,21.28,22.456,588,69,0,0.028901347193857643
709,500,87.5775628860709,21.344,22.536,596,68,0,0.028756840457888354
710,500,105.7683305854814,17.786,18.906,560,66,0,0.02861305625559891
711,500,73.86173179628747,20.912,22.04,564,73,0,0.028469990974320916
712,500,91.74225820106722,19.892,21.036,572,72,0,0.02832764101944931
713,500,81.6397347583825,21.51,22.688,589,70,0,0.028186002814352063
714,500,94.1468483815209,21.252,22.458,603,68,0,0.0280450728002803
715,500,84.42685890637463,21.134,22.31,588,69,0,0.0279048474362789
716,500,95.65559763192344,20.754,21.948,597,66,0,0.027765323199097504
717,500,105.41997793794431,18.956,20.124,584,67,0,0.027626496583102015
718,500,79.2342511292897,21.98,23.158,589,69,0,0.027488364100186506
719,500,95.83123405456666,19.05,20.2,575,68,0,0.027350922279685573
720,500,76.70224215698971,21.882,23.04,579,69,0,0.027214167668287145
721,500,108.81702169239136,19.834,21.034,600,70,0,0.02707809682994571
722,500,120.81686752750367,17.566,18.74,587,64,0,0.02694270634579598
723,500,87.57317389975908,19.378,20.506,564,70,0,0.026807992814067
724,500,91.89295192210356,20.172,21.324,576,71,0,0.026673952849996664
725,500,86.11393075328917,22.066,23.282,608,65,0,0.02654058308574668
726,500,94.38716354269522,20.242,21.416,587,64,0,0.026407880170317945
727,500,85.46396569594917,19.848,20.978,565,66,0,0.026275840769466357
728,500,72.0441088605931,23.096,24.288,596,66,0,0.026144461565619025
729,500,106.40246986306539,18.462,19.614,576,70,0,0.02601373925779093
730,500,90.78433104744478,21.492,22.69,599,67,0,0.025883670561501974
731,500,88.46254184467774,19.982,21.124,571,73,0,0.025754252208694463
732,500,101.33432925771493,19.418,20.582,582,69,0,0.02562548094765099
733,500,86.15472707755444,18.426,19.522,548,68,0,0.025497353542912736
734,500,96.54698870828872,19.462,20.608,573,65,0,0.02536986677519817
735,500,83.75258546762902,21.508,22.664,578,64,0,0.02524301744132218
736,500,79.61115088230748,22.546,23.726,590,66,0,0.025116802354115567
737,500,93.20303374181881,16.464,17.498,517,67,0,0.024991218342344988
738,500,101.95824482491106,19.496,20.654,579,66,0,0.024866262250633264
739,500,88.67680582334464,19.378,20.496,559,64,0,0.024741930939380097
740,500,84.36868131906928,19.018,20.11,546,70,0,0.024618221284683196
741,500,93.37997182933557,20.354,21.554,600,69,0,0.02449513017825978
742,500,80.07579288844883,23.424,24.648,612,69,0,0.02437265452736848
743,500,93.37367421099745,19.676,20.822,573,69,0,0.024250791254731636
744,500,68.58106744169,19.588,20.642,527,69,0,0.024129537298457977
745,500,76.15194945506407,23.478,24.704,613,60,0,0.024008889611965685
746,500,68.61808382862434,22.862,24.034,586,67,0,0.023888845163905856
747,500,92.65491664386342,20.926,22.118,596,67,0,0.023769400938086327
748,500,67.32912885384012,21.526,22.664,569,67,0,0.023650553933395897
749,500,84.89538271365683,18.626,19.7,537,69,0,0.023532301163728918
750,500,90.16155574490725,21.808,23.006,599,66,0,0.023414639657910272
751,500,65.8196204869522,24.658,25.87,606,69,0,0.023297566459620722
752,500,90.06624026885599,20.63,21.794,582,65,0,0.023181078627322618
753,500,92.08488997756596,18.438,19.528,545,66,0,0.023065173234186005
754,500,109.5849197457686,19.206,20.392,593,67,0,0.022949847368015076
755,500,111.28267132340082,17.748,18.89,571,67,0,0.022835098131175
756,500,99.8374860128236,19.466,20.642,588,70,0,0.022720922640519125
757,500,84.17044463749129,21.088,22.242,577,71,0,0.02260731802731653
758,500,107.009402809382,18.734,19.9,583,65,0,0.022494281437179946
759,500,79.18505971114142,19.598,20.696,549,68,0,0.022381810029994047
760,500,119.42373397322774,17.194,18.348,577,66,0,0.022269900979844076
761,500,102.32120522051544,19.894,21.086,596,67,0,0.022158551474944856
762,500,96.65761513015111,19.386,20.548,581,70,0,0.022047758717570132
763,500,115.72515782449925,17.06,18.202,571,66,0,0.021937519923982282
764,500,101.73909617413526,18.294,19.432,569,68,0,0.021827832324362372
765,500,109.86843317208161,17.19,18.338,574,65,0,0.02171869316274056
766,500,89.2707289086907,18.996,20.114,559,66,0,0.021610099696926857
767,500,109.50482682844347,19.306,20.496,595,69,0,0.021502049198442223
768,500,94.62877349481083,19.792,20.942,575,66,0,0.021394538952450012
769,500,87.70290331231588,20.262,21.388,563,67,0,0.02128756625768776
770,500,96.02802037293937,19.832,20.984,576,68,0,0.021181128426399323
771,500,109.80221773701857,17.284,18.402,559,68,0,0.021075222784267326
772,500,73.97308020264614,23.02,24.194,587,68,0,0.020969846670345987
773,500,71.49694350696845,21.838,23.018,590,71,0,0.020864997436994256
774,500,73.73575769622381,22.43,23.59,580,67,0,0.020760672449809284
775,500,103.57190063391536,17.624,18.726,551,68,0,0.020656869087560238
776,500,89.09527247828285,21.75,22.948,599,67,0,0.020553584742122436
777,500,85.21352410095965,20.734,21.896,581,66,0,0.020450816818411825
778,500,67.72993459998031,20.696,21.782,543,66,0,0.020348562734319765
779,500,106.19960164320243,18.878,20.034,578,66,0,0.020246819920648168
780,500,96.77948141536213,22.016,23.254,619,64,0,0.020145585821044927
781,500,105.26358881182239,19.272,20.45,589,66,0,0.020044857891939702
782,500,91.53181708146768,19.964,21.11,573,68,0,0.019944633602480003
783,500,105.31253973175666,17.366,18.494,564,67,0,0.019844910434467605
784,500,60.22243672892864,26.092,27.322,615,62,0,0.019745685882295267
785,500,69.16670875813288,24.792,25.998,603,68,0,0.01964695745288379
786,500,109.83138789626317,20.696,21.932,618,69,0,0.01954872266561937
787,500,106.22933210174067,16.176,17.248,536,67,0,0.019450979052291272
788,500,103.16884903708963,22.078,23.35,636,67,0,0.019353724157029815
789,500,87.16847843256377,22.15,23.354,602,67,0,0.019256955536244666
790,500,103.14055506543296,20.494,21.702,604,71,0,0.019160670758563442
791,500,75.4159789892929,23.144,24.338,597,67,0,0.019064867404770626
792,500,85.93848695849142,20.684,21.836,576,68,0,0.018969543067746772
793,500,112.5738085813554,17.832,18.988,578,71,0,0.018874695352408037
794,500,112.35046083376787,17.714,18.858,572,64,0,0.018780321875645996
795,500,95.43525774638047,19.97,21.13,580,67,0,0.018686420266267767
796,500,88.56769590388491,19.3,20.408,554,67,0,0.018592988164936427
797,500,88.14533087134052,22.44,23.684,622,66,0,0.018500023224111744
798,500,105.60123232183426,17.598,18.716,559,69,0,0.018407523107991184
799,500,97.75814159192834,19.052,20.2,574,68,0,0.01831548549245123
800,500,90.07155911300602,20.056,21.202,573,70,0,0.018223908064988973
801,500,77.72956728992708,21.634,22.796,581,65,0,0.018132788524664028
802,500,90.44793377341915,17.888,18.96,536,66,0,0.018042124582040707
803,500,103.7004682567165,19.244,20.4,578,65,0,0.017951913959130504
804,500,111.26234632195901,17.384,18.522,569,64,0,0.01786215438933485
805,500,58.52064693677656,24.16,25.356,598,63,0,0.017772843617388175
806,500,89.3857906233288,22.172,23.388,608,67,0,0.017683979399301233
807,500,103.08842723446513,20.422,21.624,601,68,0,0.017595559502304726
808,500,97.8603479718788,21.748,22.99,621,66,0,0.0175075817047932
809,500,107.2089968416388,15.866,16.934,534,64,0,0.017420043796269234
810,500,93.06920677306907,19.666,20.814,574,68,0,0.017332943577287888
811,500,106.30343375315216,19.294,20.488,597,68,0,0.01724627885940145
812,500,85.87563409811992,20.702,21.86,579,67,0,0.017160047465104442
813,500,92.06778292179773,19.82,20.97,575,65,0,0.01707424722777892
814,500,105.44808335106961,17.002,18.096,547,63,0,0.016988875991640028
815,500,95.46786036563662,18.866,20.01,572,63,0,0.016903931611681827
816,500,107.35016497293977,20.356,21.598,621,69,0,0.01681941195362342
817,500,91.39446379906522,19.548,20.674,563,66,0,0.016735314893855303
818,500,80.66731865836302,20.886,22.024,569,70,0,0.016651638319386028
819,500,85.73181007907635,23.588,24.84,626,66,0,0.0165683801277891
820,500,103.0898938127404,17.498,18.602,552,64,0,0.016485538227150154
821,500,110.71807035189953,16.638,17.744,553,65,0,0.0164031105360144
822,500,85.25754794497219,20.314,21.468,577,72,0,0.01632109498333433
823,500,110.50721525438803,18.452,19.636,592,68,0,0.016239489508417658
824,500,95.09979221728882,20.436,21.598,581,65,0,0.01615829206087557
825,500,85.35473629023313,21.958,23.136,589,63,0,0.01607750060057119
826,500,89.97951645538834,24.398,25.694,648,66,0,0.015997113097568336
827,500,97.90831842526113,21.136,22.356,610,69,0,0.015917127532080494
828,500,90.88238636761494,21.436,22.628,596,66,0,0.01583754189442009
829,500,79.61462864100544,20.326,21.446,560,65,0,0.01575835418494799
830,500,92.44172216521636,18.748,19.86,556,65,0,0.01567956241402325
831,500,85.44088134084589,19.82,20.928,554,69,0,0.015601164601953134
832,500,80.75417341925709,23.014,24.22,603,68,0,0.015523158778943369
833,500,90.4200804863407,21.008,22.194,593,68,0,0.015445542985048652
834,500,104.09032199016748,17.7,18.808,554,66,0,0.015368315270123408
835,500,95.56694040506345,23.398,24.664,633,61,0,0.01529147369377279
836,500,105.82059310999809,16.612,17.7,544,68,0,0.015215016325303928
837,500,102.01984425217273,19.204,20.348,572,66,0,0.015138941243677408
838,500,102.55606821316337,17.636,18.762,563,67,0,0.01506324653745902
839,500,97.0044400088477,19.438,20.6,581,67,0,0.014987930304771725
840,500,113.28623078998373,17.106,18.246,570,72,0,0.014912990653247866
841,500,113.73553175891982,17.88,19.03,575,70,0,0.014838425699981627
842,500,101.48461206237565,15.834,16.888,527,66,0,0.01476423357148172
843,500,97.79890013782224,19.186,20.326,570,71,0,0.014690412403624311
844,500,88.52761303602351,20.06,21.19,565,66,0,0.01461696034160619
845,500,94.1334477600996,18.672,19.786,557,69,0,0.014543875539898159
846,500,104.9035525548224,18.646,19.824,589,69,0,0.014471156162198668
847,500,94.37919919792155,19.5,20.642,571,69,0,0.014398800381387675
848,500,91.66780275453155,21.236,22.436,600,70,0,0.014326806379480736
849,500,101.17861086099306,19.632,20.8,584,67,0,0.014255172347583332
850,500,110.61072906088954,17.576,18.716,570,64,0,0.014183896485845416
851,500,103.54977916112149,19.442,20.618,588,64,0,0.014112977003416188
852,500,106.66286715051726,17.606,18.746,570,67,0,0.014042412118399107
853,500,97.99935739886563,21.764,23.012,624,68,0,0.013972200057807112
854,500,98.34743808762215,18.012,19.122,555,68,0,0.013902339057518077
855,500,101.7411338282878,18.868,20.012,572,68,0,0.013832827362230486
856,500,103.47985866088395,20.434,21.64,603,63,0,0.013763663225419333
857,500,95.83319494946653,19.034,20.156,561,65,0,0.013694844909292236
858,500,95.69745082059832,18.464,19.58,558,66,0,0.013626370684745774
859,500,81.63283854445572,21.05,22.184,567,66,0,0.013558238831322046
860,500,110.83606847935707,17.504,18.634,565,68,0,0.013490447637165436
861,500,108.61239546413401,17.126,18.25,562,64,0,0.013422995398979608
862,500,91.99379769510648,20.124,21.286,581,69,0,0.01335588042198471
863,500,74.87837683711231,25.108,26.36,626,61,0,0.013289101019874787
864,500,93.38576089333023,18.744,19.88,568,70,0,0.013222655514775413
865,500,76.0377427261074,23.778,25.002,612,65,0,0.013156542237201536
866,500,125.31130750055327,15.364,16.482,559,65,0,0.013090759526015528
867,500,102.4904043826389,17.762,18.874,556,67,0,0.01302530572838545
868,500,105.1544891510228,19.136,20.306,585,69,0,0.012960179199743523
869,500,81.7239549618993,20.736,21.886,575,67,0,0.012895378303744804
870,500,92.00866521799428,20.298,21.446,574,69,0,0.01283090141222608
871,500,86.84031283665108,21.392,22.564,586,62,0,0.012766746905164949
872,500,97.37146151324208,19.032,20.164,566,69,0,0.012702913170639124
873,500,91.86737063624938,19.02,20.144,562,67,0,0.012639398604785928
874,500,82.52391923728662,19.91,21.036,563,66,0,0.012576201611761997
875,500,99.28387808865166,18.838,19.982,572,66,0,0.012513320603703188
876,500,103.6027329323583,18.05,19.192,571,65,0,0.012450754000684672
877,500,91.94195940716165,19.494,20.616,561,70,0,0.012388500230681249
878,500,113.0962281634687,17.948,19.096,574,61,0,0.012326557729527843
879,500,92.33648108809653,18.898,20.008,555,68,0,0.012264924940880204
880,500,91.65952303938698,22.226,23.44,607,64,0,0.012203600316175803
881,500,95.57604211962192,18.934,20.072,569,66,0,0.012142582314594924
882,500,117.65537201781076,16.798,17.936,569,64,0,0.01208186940302195
883,500,109.41775498152894,18.37,19.522,576,67,0,0.01202146005600684
884,500,95.13618060182716,21.034,22.228,597,67,0,0.011961352755726806
885,500,81.2196748417887,18.698,19.758,530,66,0,0.01190154599194817
886,500,104.38226792733985,19.982,21.178,598,68,0,0.01184203826198843
887,500,93.84482199380587,19.61,20.756,573,65,0,0.011782828070678488
888,500,105.36136653999314,17.17,18.278,554,64,0,0.011723913930325095
889,500,110.07627972296245,17.57,18.71,570,65,0,0.01166529436067347
890,500,112.43364332102249,18.538,19.708,585,66,0,0.011606967888870102
891,500,59.69849670355752,24.12,25.278,579,65,0,0.01154893304942575
892,500,76.73668055167033,23.482,24.682,600,64,0,0.011491188384178622
893,500,88.08254584253021,22.614,23.832,609,67,0,0.011433732442257729
894,500,93.51808350543318,22.244,23.474,615,63,0,0.01137656378004644
895,500,67.1748643615794,25.524,26.74,608,60,0,0.011319680961146208
896,500,103.90565208412622,19.398,20.582,592,64,0,0.011263082556340478
897,500,89.63398379595048,19.836,20.972,568,64,0,0.011206767143558775
898,500,89.88544653073701,19.474,20.596,561,68,0,0.011150733307840981
899,500,116.66552359438741,17.288,18.456,584,66,0,0.011094979641301777
900,500,94.91048119888887,19.002,20.136,567,67,0,0.011039504743095268
901,500,116.05263217369198,18.04,19.214,587,62,0,0.01098430721937979
902,500,98.23231807729252,18.726,19.846,560,67,0,0.010929385683282892
903,500,110.78946563531336,17.26,18.378,559,65,0,0.010874738754866477
904,500,116.72900614951891,17.4,18.548,574,66,0,0.010820365061092144
905,500,110.4004332166902,16.862,17.96,549,64,0,0.010766263235786683
906,500,108.11851204425537,20.34,21.564,612,63,0,0.01071243191960775
907,500,104.55763733983503,16.696,17.776,540,64,0,0.010658869760009713
908,500,96.40626657159365,18.618,19.752,567,65,0,0.010605575411209664
909,500,89.02981941597388,22.756,23.98,612,60,0,0.010552547534153616
910,500,103.52417667336094,19.934,21.126,596,71,0,0.010499784796482848
911,500,107.15974048680278,18.92,20.098,589,67,0,0.010447285872500434
912,500,93.71083092469956,21.168,22.368,600,65,0,0.01039504944313793
913,500,83.99267859415056,20.69,21.826,568,63,0,0.010343074195922241
914,500,114.66785610159049,16.258,17.376,559,67,0,0.01029135882494263
915,500,91.66865842479925,23.184,24.432,624,65,0,0.010239902030817916
916,500,99.22099445229992,19.03,20.174,572,65,0,0.010188702520663827
917,500,116.5682312933536,19.292,20.506,607,67,0,0.010137759008060509
918,500,112.97162597499376,18.562,19.748,593,68,0,0.010087070213020206
919,500,102.4901346723497,19.736,20.932,598,64,0,0.010036634861955105
920,500,89.41473549165175,22.238,23.462,612,61,0,0.01
921,500,89.2408446084558,19.996,21.14,572,64,0,0.01
922,500,90.10434204768858,20.524,21.68,578,64,0,0.01
923,500,100.91796112430306,18.804,19.952,574,67,0,0.01
924,500,96.12325775876927,20.912,22.128,608,67,0,0.01
925,500,99.11418424850852,20.112,21.304,596,71,0,0.01
926,500,117.9923130146653,16.414,17.546,566,64,0,0.01
927,500,112.66474464516833,18.522,19.694,586,65,0,0.01
928,500,100.19655173874034,20.81,22.024,607,64,0,0.01
929,500,111.92742607960076,19.942,21.174,616,68,0,0.01
930,500,112.3963525983576,16.76,17.868,554,67,0,0.01
931,500,114.20948588643971,17.228,18.37,571,67,0,0.01
932,500,110.279344834717,16.6,17.692,546,68,0,0.01
933,500,120.35714627947927,17.266,18.428,581,65,0,0.01
934,500,110.23846185393403,17.654,18.794,570,66,0,0.01
935,500,100.553252294378,16.756,17.838,541,65,0,0.01
936,500,86.75993568633041,20.992,22.186,597,67,0,0.01
937,500,95.70511106143879,19.862,21.006,572,64,0,0.01
938,500,83.90921187390045,19.366,20.494,564,64,0,0.01
939,500,110.08041658322774,18.37,19.534,582,65,0,0.01
940,500,99.86984008549278,21.26,22.49,615,63,0,0.01
941,500,118.21901372466631,17.554,18.714,580,67,0,0.01
942,500,93.06014215229587,21.888,23.098,605,64,0,0.01
943,500,115.86425459258993,18.13,19.304,587,66,0,0.01
944,500,82.82749885979442,21.214,22.374,580,64,0,0.01
945,500,107.86462190264307,17.184,18.286,551,67,0,0.01
946,500,105.58198864297685,20.474,21.71,618,72,0,0.01
947,500,91.67411333167085,18.3,19.4,550,67,0,0.01
948,500,96.08368546080628,21.936,23.182,623,63,0,0.01
949,500,101.69152449137226,16.222,17.286,532,65,0,0.01
950,500,108.87510337229648,18.412,19.566,577,64,0,0.01
951,500,102.04689641855245,17.388,18.5,556,69,0,0.01
952,500,70.41581951437762,21.998,23.15,576,64,0,0.01
953,500,97.9708841195599,17.598,18.7,551,68,0,0.01
954,500,109.56038112480891,17.452,18.576,562,61,0,0.01
955,500,103.98095499602877,15.46,16.498,519,68,0,0.01
956,500,107.96108588645758,20.722,21.964,621,66,0,0.01
957,500,99.60492973823489,19.288,20.468,590,63,0,0.01
958,500,81.3735398406396,21.492,22.642,575,65,0,0.01
959,500,111.66239399759527,15.602,16.668,533,66,0,0.01
960,500,103.84808165870587,19.552,20.744,596,66,0,0.01
961,500,103.30133454703952,19.08,20.25,585,68,0,0.01
962,500,99.10361475316499,19.362,20.522,580,67,0,0.01
963,500,94.03630334435239,22.396,23.648,626,64,0,0.01
964,500,87.54360754157712,23.728,24.998,635,60,0,0.01
965,500,90.31291524671099,20.99,22.17,590,61,0,0.01
966,500,104.8747218627283,17.454,18.58,563,64,0,0.01
967,500,107.84709761269407,16.77,17.886,558,63,0,0.01
968,500,107.98470402892079,17.338,18.46,561,67,0,0.01
969,500,87.35011794368575,23.258,24.514,628,63,0,0.01
970,500,100.69839419336506,19.392,20.556,582,63,0,0.01
971,500,115.92159735013874,18.704,19.908,602,65,0,0.01
972,500,96.78170212328635,18.03,19.118,544,68,0,0.01
973,500,85.89916916352513,18.796,19.872,538,64,0,0.01
974,500,90.32380574564397,19.476,20.614,569,68,0,0.01
975,500,108.91522196477051,18.474,19.632,579,68,0,0.01
976,500,95.54906739708125,19.808,20.966,579,65,0,0.01
977,500,99.15747649574709,18.614,19.744,565,67,0,0.01
978,500,102.513390453392,18.326,19.478,576,67,0,0.01
979,500,86.1702020855183,21.392,22.556,582,64,0,0.01
980,500,93.7713363937668,21.768,22.978,605,67,0,0.01
981,500,103.77362227131498,18.886,20.06,587,65,0,0.01
982,500,99.22772588128393,19.378,20.552,587,69,0,0.01
983,500,79.59903909541738,20.544,21.674,565,66,0,0.01
984,500,96.51615540206829,20.05,21.21,580,64,0,0.01
985,500,80.44895354404345,21.52,22.68,580,62,0,0.01
986,500,109.22214227547693,22.882,24.198,658,64,0,0.01
987,500,94.77341576714575,20.574,21.754,590,66,0,0.01
988,500,107.40321272627666,18.472,19.624,576,64,0,0.01
989,500,94.29908475549894,20.73,21.926,598,67,0,0.01
990,500,72.43677287961066,22.976,24.186,605,67,0,0.01
991,500,110.92321109091031,21.62,22.884,632,67,0,0.01
992,500,102.19466961864823,19.384,20.554,585,68,0,0.01
993,500,93.4225774552955,19.552,20.72,584,64,0,0.01
994,500,104.88868072968452,18.516,19.67,577,66,0,0.01
995,500,108.55205904405584,19.166,20.36,597,66,0,0.01
996,500,113.2973164884445,17.588,18.74,576,65,0,0.01
997,500,95.57466988484187,19.312,20.456,572,68,0,0.01
998,500,110.676247939205,18.754,19.944,595,65,0,0.01
999,500,85.530639399833,21.318,22.532,607,66,0,0.01
1000,500,96.23061989029038,20.38,21.556,588,63,0,0.01
1001,500,98.20896863734116,21.15,22.36,605,65,0,0.01
1002,500,84.89137816999072,20.658,21.816,579,66,0,0.01
1003,500,108.28138148109196,18.196,19.344,574,64,0,0.01
1004,500,115.94711350457294,16.144,17.252,554,64,0,0.01
1005,500,99.1974819197696,18.796,19.916,560,66,0,0.01
1006,500,100.68610205284445,18.39,19.506,558,66,0,0.01
1007,500,74.31224383272472,22.688,23.888,600,63,0,0.01
1008,500,100.12551487589221,16.204,17.256,526,63,0,0.01
1009,500,100.02850515369413,18.678,19.832,577,67,0,0.01
1010,500,97.02153511359205,20.66,21.86,600,65,0,0.01
1011,500,110.0786257450944,20.016,21.232,608,66,0,0.01
1012,500,108.55589847958808,16.504,17.608,552,64,0,0.01
1013,500,71.14958223102599,22.696,23.88,592,70,0,0.01
1014,500,77.90766391093108,21.246,22.398,576,67,0,0.01
1015,500,113.27325134359803,18.336,19.502,583,65,0,0.01
1016,500,100.40310486785279,17.562,18.67,554,66,0,0.01
1017,500,110.02380610703926,17.346,18.486,570,65,0,0.01
1018,500,107.26939275991828,18.074,19.222,574,65,0,0.01
1019,500,99.65976201190024,17.822,18.934,556,66,0,0.01
1020,500,82.71197682257672,21.07,22.216,573,63,0,0.01
1021,500,73.56401695104537,22.178,23.322,572,66,0,0.01
1022,500,115.03577893633395,18.046,19.218,586,62,0,0.01
1023,500,115.12657141711055,16.972,18.106,567,65,0,0.01
1024,500,102.05504570419382,20.18,21.378,599,60,0,0.01
1025,500,114.81510746535041,19.062,20.282,610,65,0,0.01
1026,500,83.04160762759223,21.968,23.14,586,66,0,0.01
1027,500,73.82337121220783,23.978,25.18,601,61,0,0.01
1028,500,94.91505717982766,18.418,19.534,558,68,0,0.01
1029,500,108.12366678804882,18.122,19.268,573,67,0,0.01
1030,500,107.72748469848358,16.59,17.696,553,65,0,0.01
1031,500,102.73838271773137,21.17,22.408,619,66,0,0.01
1032,500,94.80105421669505,23.198,24.47,636,66,0,0.01
1033,500,102.21091963497601,19.122,20.274,576,66,0,0.01
1034,500,82.61872909207183,21.824,22.994,585,63,0,0.01
1035,500,106.35036186483129,19.806,21.002,598,68,0,0.01
1036,500,96.6709357360511,17.834,18.934,550,66,0,0.01
1037,500,98.0294107480895,23.408,24.708,650,64,0,0.01
1038,500,108.4916376598239,16.078,17.168,545,62,0,0.01
1039,500,103.02816995058976,18.978,20.136,579,65,0,0.01
1040,500,100.35041979912764,17.994,19.106,556,64,0,0.01
1041,500,96.54961437617862,19.358,20.506,574,64,0,0.01
1042,500,108.33860081152918,18.944,20.108,582,68,0,0.01
1043,500,121.73345206234971,18.52,19.726,603,66,0,0.01
1044,500,81.70776714391377,21.69,22.852,581,69,0,0.01
1045,500,100.84371914612379,17.468,18.558,545,65,0,0.01
1046,500,99.91638837996763,18.252,19.364,556,66,0,0.01
1047,500,120.34526147587444,16.068,17.188,560,65,0,0.01
1048,500,85.45388456082033,22.02,23.224,602,66,0,0.01
1049,500,102.65546994076594,18.372,19.5,564,67,0,0.01
1050,500,91.10894180221604,23.362,24.626,632,65,0,0.01
1051,500,72.72006592543062,21.182,22.292,555,62,0,0.01
1052,500,115.29271930559942,19.812,21.028,608,65,0,0.01
1053,500,84.54225289103972,20.978,22.124,573,67,0,0.01
1054,500,104.20473417731203,19.33,20.5,585,67,0,0.01
1055,500,114.78949641129358,17.07,18.202,566,65,0,0.01
1056,500,106.48178982578536,16.994,18.09,548,63,0,0.01
1057,500,95.40433146583747,20.04,21.214,587,66,0,0.01
1058,500,115.2174392879672,19.556,20.776,610,63,0,0.01
1059,500,85.02277861123318,21.562,22.734,586,61,0,0.01
1060,500,98.43749164604223,18.938,20.084,573,66,0,0.01
1061,500,113.9020780948371,17.518,18.662,572,65,0,0.01
1062,500,108.77985371225165,19.414,20.612,599,67,0,0.01
1063,500,111.17824986874491,18.502,19.674,586,67,0,0.01
1064,500,98.8333183765781,18.844,19.988,572,70,0,0.01
1065,500,94.58457496859049,18.104,19.21,553,64,0,0.01
1066,500,91.66037907105,22.12,23.346,613,63,0,0.01
1067,500,105.94111862099525,17.914,19.044,565,63,0,0.01
1068,500,109.26015277235093,19.712,20.92,604,66,0,0.01
1069,500,95.44019540415347,18.944,20.056,556,67,0,0.01
1070,500,104.47951062743726,15.726,16.764,519,60,0,0.01
1071,500,115.2589516403187,18.11,19.278,584,69,0,0.01
1072,500,59.256246798022076,24.498,25.692,597,66,0,0.01
1073,500,103.5031041832665,19.082,20.242,580,66,0,0.01
1074,500,86.94130186949914,22.582,23.83,624,66,0,0.01
1075,500,89.53540201400318,20.222,21.38,579,66,0,0.01
1076,500,108.10136564621067,19.408,20.584,588,65,0,0.01
1077,500,113.78910464306539,16.158,17.266,554,65,0,0.01
1078,500,104.43227177082868,17.416,18.53,557,67,0,0.01
1079,500,97.23788904748916,19.326,20.464,569,60,0,0.01
1080,500,95.97933288369322,19.26,20.422,581,68,0,0.01
1081,500,115.26245981360155,17.77,18.92,575,64,0,0.01
1082,500,96.1673501189294,19.12,20.248,564,64,0,0.01
1083,500,112.08908975896406,15.746,16.82,537,64,0,0.01
1084,500,89.69373976081022,21.972,23.2,614,66,0,0.01
1085,500,97.94716407508272,20.03,21.186,578,66,0,0.01
1086,500,89.41799753350193,18.142,19.246,552,64,0,0.01
1087,500,95.5419474561378,22.086,23.312,613,61,0,0.01
1088,500,97.62804056706824,19.19,20.358,584,67,0,0.01
1089,500,96.80699917614506,18.686,19.818,566,65,0,0.01
1090,500,104.8345509691766,18.692,19.86,584,66,0,0.01
1091,500,92.63793008212932,19.11,20.248,569,66,0,0.01
1092,500,100.17919819014412,20.49,21.698,604,67,0,0.01
1093,500,97.90057048192163,20.738,21.94,601,69,0,0.01
1094,500,92.33295770752117,18.3,19.406,553,70,0,0.01
1095,500,105.23204511073453,17.13,18.228,549,64,0,0.01
1096,500,109.915520758676,18.868,20.05,591,68,0,0.01
1097,500,111.03846185393415,17.65,18.792,571,68,0,0.01
1098,500,88.6459209006329,19.734,20.866,566,68,0,0.01
1099,500,105.66685016908595,16.708,17.812,552,66,0,0.01
1100,500,103.81705246837144,19.68,20.876,598,70,0,0.01
1101,500,103.18803546623688,19.506,20.686,590,67,0,0.01
1102,500,103.04128372912925,18.556,19.686,565,67,0,0.01
1103,500,116.31646550061554,16.724,17.866,571,69,0,0.01
1104,500,107.0455033432611,17.344,18.476,566,66,0,0.01
1105,500,91.41566603407627,18.158,19.258,550,67,0,0.01
1106,500,109.2142474928325,17.182,18.304,561,63,0,0.01
1107,500,93.06212461049718,18.17,19.274,552,64,0,0.01
1108,500,104.80829432848131,17.164,18.282,559,65,0,0.01
1109,500,99.00787041510034,19.51,20.68,585,65,0,0.01
1110,500,107.70513093237658,18.658,19.848,595,64,0,0.01
1111,500,105.62882478811096,19.458,20.64,591,66,0,0.01
1112,500,112.6174449211859,19.028,20.218,595,71,0,0.01
1113,500,72.40372651423989,24.99,26.228,619,62,0,0.01
1114,500,104.99225077811862,18.346,19.486,570,65,0,0.01
1115,500,107.3993438839369,18.244,19.388,572,64,0,0.01
1116,500,93.0356081567773,20.608,21.786,589,66,0,0.01
1117,500,95.44736458463807,20.976,22.166,595,64,0,0.01
1118,500,94.66167985660506,20.082,21.258,588,65,0,0.01
1119,500,104.47557753299608,19.402,20.576,587,63,0,0.01
1120,500,106.20514151422775,19.126,20.306,590,64,0,0.01
1121,500,80.6413555015456,20.814,21.94,563,62,0,0.01
1122,500,109.81356018696734,19.406,20.606,600,67,0,0.01
1123,500,90.6080531074769,17.036,18.07,517,69,0,0.01
1124,500,117.06142177414834,18.842,20.058,608,66,0,0.01
1125,500,71.38989139758645,24.276,25.49,607,60,0,0.01
1126,500,111.00293907513247,18.42,19.59,585,66,0,0.01
1127,500,108.39632970408745,20.97,22.212,621,65,0,0.01
1128,500,97.03988534381038,19.61,20.756,573,67,0,0.01
1129,500,118.05128677403692,16.226,17.342,558,65,0,0.01
1130,500,99.25690268152472,21.244,22.454,605,66,0,0.01
1131,500,94.00896863734113,21.166,22.368,601,67,0,0.01
1132,500,111.1928950337886,18.35,19.528,589,65,0,0.01
1133,500,85.56145814514328,20.832,21.992,580,64,0,0.01
1134,500,104.78981041249165,18.446,19.602,578,68,0,0.01
1135,500,87.23520150444786,19.296,20.41,557,66,0,0.01
1136,500,95.90451777587786,19.022,20.16,569,65,0,0.01
1137,500,110.5827331985522,17.922,19.066,572,69,0,0.01
1138,500,101.18078389328078,17.428,18.518,545,65,0,0.01
1139,500,103.91116218694906,18.806,19.954,574,66,0,0.01
1140,500,94.75371945268625,21.35,22.568,609,68,0,0.01
1141,500,103.22689137471849,18.342,19.46,559,64,0,0.01
1142,500,93.55743445332953,19.88,21.046,583,69,0,0.01
1143,500,103.50735521976064,18.752,19.894,571,65,0,0.01
1144,500,81.14375281697745,22.966,24.18,607,68,0,0.01
1145,500,118.96634985784765,16.334,17.458,562,66,0,0.01
1146,500,104.96233537871258,18.998,20.168,585,68,0,0.01
1147,500,116.86137116543463,17.6,18.76,580,67,0,0.01
1148,500,63.26737385431406,25.25,26.464,607,64,0,0.01
1149,500,104.53173335802767,20.35,21.578,614,64,0,0.01
1150,500,109.61224025326489,18.484,19.644,580,65,0,0.01
1151,500,114.28064392790824,17.104,18.248,572,67,0,0.01
1152,500,101.20749385416471,19.524,20.698,587,66,0,0.01
1153,500,95.29563914195371,19.708,20.88,586,66,0,0.01
1154,500,106.18777770697145,18.864,20.036,586,67,0,0.01
1155,500,107.51170747368262,20.89,22.134,622,66,0,0.01
1156,500,89.36187179986409,18.552,19.654,551,64,0,0.01
1157,500,111.80019134930356,15.634,16.696,531,62,0,0.01
1158,500,106.783522045036,18.716,19.878,581,64,0,0.01
1159,500,80.20498030874485,23.178,24.404,613,69,0,0.01
1160,500,90.30588470063032,19.722,20.86,569,62,0,0.01
1161,500,90.72197387287038,21.354,22.536,591,65,0,0.01
1162,500,118.96746296418975,18.39,19.586,598,66,0,0.01
1163,500,121.70958316301261,17.674,18.868,597,65,0,0.01
1164,500,97.39450020826399,18.814,19.932,559,68,0,0.01
1165,500,114.46719989489667,18.834,20.024,595,64,0,0.01
1166,500,118.86959958727864,16.896,18.034,569,63,0,0.01
1167,500,94.08118986102413,20.324,21.498,587,65,0,0.01
1168,500,96.16393134050925,15.918,16.952,517,64,0,0.01
1169,500,114.83314232519783,19.74,20.954,607,66,0,0.01
1170,500,103.64052565862535,17.604,18.714,555,64,0,0.01
1171,500,100.65810192646083,16.208,17.262,527,67,0,0.01
1172,500,109.1295071453435,16.218,17.312,547,68,0,0.01
1173,500,100.74041848478785,15.146,16.174,514,64,0,0.01
1174,500,104.14504865390003,19.852,21.036,592,67,0,0.01
1175,500,109.9355890086299,17.592,18.708,558,65,0,0.01
1176,500,113.75931761940335,17.632,18.804,586,66,0,0.01
1177,500,99.51920035789792,17.134,18.21,538,63,0,0.01
1178,500,108.27766716503501,18.138,19.29,576,64,0,0.01
1179,500,110.29248838145907,17.018,18.142,562,66,0,0.01
1180,500,109.02663824089421,18.166,19.31,572,64,0,0.01
1181,500,107.40892301546367,18.296,19.46,582,64,0,0.01
1182,500,91.66200512424054,20.358,21.52,581,72,0,0.01
1183,500,104.01896243136615,17.9,19.022,561,69,0,0.01
1184,500,115.13762139095878,16.628,17.75,561,65,0,0.01
1185,500,90.61479342594825,20.394,21.55,578,65,0,0.01
1186,500,94.34964084990862,19.236,20.348,556,63,0,0.01
1187,500,110.14916004821274,19.748,20.944,598,64,0,0.01
1188,500,118.43844664664175,16.684,17.818,567,61,0,0.01
1189,500,102.5290150390062,20.462,21.676,607,70,0,0.01
1190,500,89.21689331664736,19.092,20.218,563,68,0,0.01
1191,500,116.10108603865656,19.354,20.592,619,66,0,0.01
1192,500,101.25853336015662,19.956,21.132,588,63,0,0.01
1193,500,106.43513930610541,18.528,19.686,579,64,0,0.01
1194,500,88.700065545242,19.978,21.126,574,66,0,0.01
1195,500,109.97221962194996,17.36,18.51,575,69,0,0.01
1196,500,124.35218878897248,16.86,18.028,584,64,0,0.01
1197,500,111.02586427851178,17.8,18.952,576,65,0,0.01
1198,500,84.83104344227623,20.156,21.282,563,61,0,0.01
1199,500,90.23617034316706,21.112,22.294,591,66,0,0.01
1200,500,108.05790434998309,18.266,19.424,579,65,0,0.01
1201,500,99.26006506985189,20.752,21.95,599,64,0,0.01
1202,500,86.20274214503695,21.646,22.838,596,66,0,0.01
1203,500,86.95913658118651,20.272,21.438,583,68,0,0.01
1204,500,94.2333487911631,20.744,21.92,588,62,0,0.01
1205,500,102.56955223483357,19.26,20.43,585,65,0,0.01
1206,500,109.87868762024563,20.19,21.408,609,63,0,0.01
1207,500,108.5615624241075,17.614,18.74,563,67,0,0.01
1208,500,102.28297506593876,19.178,20.344,583,70,0,0.01
1209,500,90.3884947428352,20.108,21.262,577,72,0,0.01
1210,500,106.49192020045554,19.128,20.298,585,66,0,0.01
1211,500,79.29680487256452,21.046,22.204,579,65,0,0.01
1212,500,99.50797433266936,18.434,19.562,564,69,0,0.01
1213,500,93.50502766118994,20.826,22.014,594,67,0,0.01
1214,500,77.95975533269996,22.028,23.206,589,68,0,0.01
1215,500,97.79341550095197,20.662,21.86,599,62,0,0.01
1216,500,100.45652579739792,20.744,21.964,610,62,0,0.01
1217,500,115.68171668419647,17.856,19.02,582,62,0,0.01
1218,500,86.57400872951553,20.924,22.104,590,70,0,0.01
1219,500,64.93204832879914,23.404,24.57,583,68,0,0.01
1220,500,99.78723499192036,21.866,23.102,618,66,0,0.01
1221,500,106.67009458848949,18.32,19.458,569,65,0,0.01
1222,500,100.9814483048758,19.394,20.55,578,65,0,0.01
1223,500,107.33530972426678,18.1,19.248,574,67,0,0.01
1224,500,100.84412579845329,18.804,19.946,571,63,0,0.01
1225,500,114.90291292459358,19.056,20.256,600,65,0,0.01
1226,500,101.94266228171448,16.114,17.164,525,67,0,0.01
1227,500,96.18743856301211,17.206,18.282,538,66,0,0.01
1228,500,106.97972533650764,18.6,19.76,580,67,0,0.01
1229,500,103.58652990708038,18.066,19.198,566,64,0,0.01
1230,500,99.5675979809299,17.742,18.852,555,64,0,0.01
1231,500,110.55939076099212,16.746,17.862,558,67,0,0.01
1232,500,116.32673483288087,20.144,21.386,621,65,0,0.01
1233,500,88.8908785433384,18.788,19.902,557,68,0,0.01
1234,500,106.09256940475811,20.156,21.37,607,65,0,0.01
1235,500,109.6994832029272,17.464,18.604,570,68,0,0.01
1236,500,82.51999841706049,21.504,22.658,577,67,0,0.01
1237,500,103.33554765079862,17.33,18.434,552,66,0,0.01
1238,500,103.97902213876371,21.434,22.688,627,65,0,0.01
1239,500,104.41056821680175,19.498,20.686,594,65,0,0.01
1240,500,93.33661972250056,19.658,20.806,574,66,0,0.01
1241,500,102.31990049410533,19.91,21.084,587,66,0,0.01
1242,500,92.69055359889406,19.026,20.148,561,68,0,0.01
1243,500,111.00638999870527,18.384,19.562,589,64,0,0.01
1244,500,99.98576584196263,19.716,20.884,584,67,0,0.01
1245,500,94.94759756253741,19.194,20.328,567,65,0,0.01
1246,500,123.16019055072238,15.882,17.006,562,67,0,0.01
1247,500,103.4866678568982,20.362,21.576,607,64,0,0.01
1248,500,120.16346011288731,17.872,19.054,591,64,0,0.01
1249,500,97.5384714280078,19.18,20.342,581,64,0,0.01
1250,500,93.71567560814992,19.624,20.776,576,65,0,0.01
1251,500,98.2174038865457,19.32,20.472,576,65,0,0.01
1252,500,107.73524784911558,17.926,19.072,573,68,0,0.01
1253,500,101.50821688464235,18.118,19.242,562,66,0,0.01
1254,500,106.83824476791365,18.858,20.022,582,66,0,0.01
1255,500,106.23762070637245,18.196,19.346,575,65,0,0.01
1256,500,101.988965324075,16.974,18.068,547,66,0,0.01
1257,500,89.31571302512637,17.92,18.988,534,65,0,0.01
1258,500,111.54831001116382,17.26,18.384,562,67,0,0.01
1259,500,96.32476038484819,19.328,20.464,568,69,0,0.01
1260,500,117.90681886071853,17.03,18.178,574,66,0,0.01
1261,500,93.92338251684946,20.254,21.416,581,63,0,0.01
1262,500,113.62100044691384,16.384,17.494,555,67,0,0.01
1263,500,88.87774919611135,20.322,21.48,579,69,0,0.01
1264,500,95.16560594865489,20.002,21.162,580,67,0,0.01
1265,500,75.0215258627097,19.792,20.892,550,69,0,0.01
1266,500,100.34618927995362,18.208,19.342,567,65,0,0.01
1267,500,78.60529173826045,19.448,20.548,550,67,0,0.01
1268,500,96.91797138296313,18.762,19.904,571,67,0,0.01
1269,500,114.07865326480578,16.284,17.394,555,66,0,0.01
1270,500,112.41265784884061,18.218,19.392,587,64,0,0.01
1271,500,118.69920391856444,17.928,19.122,597,64,0,0.01
1272,500,106.40490358769615,19.912,21.128,608,63,0,0.01
1273,500,100.08615660241341,21.646,22.89,622,62,0,0.01
1274,500,104.9180127407944,19.02,20.176,578,62,0,0.01
1275,500,126.53990058930682,17.86,19.058,599,64,0,0.01
1276,500,77.40395522809287,20.656,21.784,564,64,0,0.01
1277,500,111.26503217263641,19.996,21.24,622,65,0,0.01
1278,500,92.65772005549755,17.316,18.372,528,73,0,0.01
1279,500,102.01994683877317,18.624,19.788,582,66,0,0.01
1280,500,96.91972581189752,17.826,18.936,555,64,0,0.01
1281,500,102.95946752024486,17.368,18.502,567,66,0,0.01
1282,500,126.0545354956905,17.766,18.968,601,67,0,0.01
1283,500,98.09405219810326,17.188,18.256,534,68,0,0.01
1284,500,101.43646982165887,19.934,21.114,590,63,0,0.01
1285,500,105.51008548980587,16.036,17.094,529,62,0,0.01
1286,500,101.33853431093668,18.324,19.442,559,65,0,0.01
1287,500,109.59110588801894,17.458,18.584,563,65,0,0.01
1288,500,81.45218806618205,21.136,22.292,578,65,0,0.01
1289,500,117.1807121208647,15.198,16.278,540,64,0,0.01
1290,500,92.93283190345957,22.552,23.79,619,67,0,0.01
1291,500,75.39897722026599,20.39,21.508,559,63,0,0.01
1292,500,97.13771830613635,19.228,20.388,580,64,0,0.01
1293,500,71.92375702402622,24.916,26.172,628,63,0,0.01
1294,500,104.97540848400708,16.758,17.854,548,64,0,0.01
1295,500,98.36248459496768,20.25,21.436,593,67,0,0.01
1296,500,100.98318120871286,19.584,20.76,588,68,0,0.01
1297,500,105.64555427516599,19.112,20.288,588,66,0,0.01
1298,500,97.32052491704167,18.542,19.682,570,67,0,0.01
1299,500,101.62424486631735,18.048,19.166,559,66,0,0.01
1300,500,96.63898300568361,18.434,19.548,557,64,0,0.01
1301,500,104.35594410146558,19.338,20.498,580,65,0,0.01
1302,500,95.0678239564377,19.576,20.74,582,65,0,0.01
1303,500,112.74543052486337,18.74,19.924,592,65,0,0.01
1304,500,61.95641327532869,22.056,23.168,556,62,0,0.01
1305,500,119.12481135495729,18.428,19.628,600,66,0,0.01
1306,500,86.58435651339725,22.392,23.604,606,62,0,0.01
1307,500,77.53328160598406,21.692,22.85,579,67,0,0.01
1308,500,103.28646666275645,20.96,22.18,610,64,0,0.01
1309,500,94.7166206732806,18.022,19.114,546,65,0,0.01
1310,500,114.9859352523467,20.246,21.486,620,65,0,0.01
1311,500,101.59758482956109,18.726,19.862,568,67,0,0.01
1312,500,87.7660430155692,23.246,24.486,620,65,0,0.01
1313,500,108.53557842677877,17.136,18.256,560,64,0,0.01
1314,500,77.41489665893093,20.906,22.038,566,67,0,0.01
1315,500,93.2246161172255,19.112,20.232,560,70,0,0.01
1316,500,87.33630897757111,21.888,23.1,606,63,0,0.01
1317,500,110.61891374795248,20.668,21.93,631,63,0,0.01
1318,500,109.2863658067239,16.398,17.482,542,66,0,0.01
1319,500,108.96213949459842,18.526,19.692,583,63,0,0.01
1320,500,99.44610688748207,18.154,19.28,563,69,0,0.01
1321,500,102.04806745919082,17.608,18.72,556,65,0,0.01
1322,500,90.92898494761236,19.152,20.29,569,65,0,0.01
1323,500,104.89555043167731,21.682,22.938,628,64,0,0.01
1324,500,101.15554601543221,20.502,21.706,602,66,0,0.01
1325,500,113.07696071102254,17.398,18.54,571,64,0,0.01
1326,500,103.12635927972254,19.208,20.368,580,64,0,0.01
1327,500,79.78983020702131,22.538,23.72,591,60,0,0.01
1328,500,110.6634508620046,16.956,18.062,553,63,0,0.01
1329,500,101.87463979344804,17.93,19.034,552,64,0,0.01
1330,500,105.65226551002098,20.098,21.29,596,65,0,0.01
1331,500,119.56147407522603,17.53,18.706,588,65,0,0.01
1332,500,87.28854104929889,21.41,22.574,582,61,0,0.01
1333,500,114.95679518449595,18.192,19.366,587,65,0,0.01
1334,500,100.54121622075921,18.93,20.078,574,65,0,0.01
1335,500,119.82499766499765,17.41,18.574,582,63,0,0.01
1336,500,101.68117465373155,19.354,20.522,584,66,0,0.01
1337,500,83.19368420346377,19.758,20.898,570,67,0,0.01
1338,500,104.26880868703581,20.774,21.994,610,65,0,0.01
1339,500,81.55495900947226,20.246,21.36,557,67,0,0.01
1340,500,102.22171184955886,18.148,19.274,563,66,0,0.01
1341,500,114.21904381606015,18.928,20.132,602,68,0,0.01
1342,500,100.81110031179783,18.648,19.786,569,62,0,0.01
1343,500,99.77225003653484,19.28,20.452,586,67,0,0.01
1344,500,115.72361517155755,17.862,19.022,580,66,0,0.01
1345,500,110.79007911500335,17.462,18.6,569,67,0,0.01
1346,500,88.68415105520948,20.45,21.608,579,65,0,0.01
1347,500,94.08505938795007,19.02,20.156,568,64,0,0.01
1348,500,104.73707473505262,17.636,18.74,552,65,0,0.01
1349,500,99.15795697425187,17.52,18.606,543,63,0,0.01
1350,500,86.4089600710449,18.71,19.794,542,66,0,0.01
1351,500,95.50596282905566,17.224,18.316,546,71,0,0.01
1352,500,102.73804357377192,19.472,20.634,581,65,0,0.01
1353,500,91.43123643151678,14.992,15.986,497,64,0,0.01
1354,500,103.4316218819399,17.928,19.04,556,63,0,0.01
1355,500,85.63315222246254,21.852,23.046,597,64,0,0.01
1356,500,111.86628661352368,19.256,20.454,599,64,0,0.01
1357,500,93.8996730924275,20.574,21.756,591,65,0,0.01
1358,500,97.78860960365044,17.418,18.498,540,66,0,0.01
1359,500,104.7281444846373,18.09,19.228,569,65,0,0.01
1360,500,89.6087592382984,17.242,18.302,530,66,0,0.01
1361,500,107.93929837605447,16.662,17.75,544,62,0,0.01
1362,500,101.52561009870612,21.27,22.5,615,65,0,0.01
1363,500,111.19769168020758,20.638,21.878,620,65,0,0.01
1364,500,108.14473465270208,18.5,19.648,574,64,0,0.01
1365,500,84.39837299145871,21.104,22.278,587,67,0,0.01
1366,500,104.3914754465634,21.056,22.29,617,64,0,0.01
1367,500,104.30910300769902,19.358,20.552,597,68,0,0.01
1368,500,94.9118891582817,19.446,20.6,577,68,0,0.01
1369,500,84.90862317557664,21.572,22.752,590,66,0,0.01
1370,500,79.78319110597772,21.664,22.836,586,66,0,0.01
1371,500,105.61247749521021,19.246,20.408,581,65,0,0.01
1372,500,116.14408906606333,18.932,20.134,601,63,0,0.01
1373,500,88.11496247493723,23.046,24.276,615,64,0,0.01
1374,500,117.24959884569506,17.814,18.992,589,69,0,0.01
1375,500,98.50161451598866,17.068,18.146,539,69,0,0.01
1376,500,95.85429720776366,20.726,21.94,607,66,0,0.01
1377,500,118.90515245747416,17.484,18.646,581,66,0,0.01
1378,500,92.64528195499048,18.636,19.732,548,63,0,0.01
1379,500,104.2495627596873,19.098,20.26,581,62,0,0.01
1380,500,97.50409985711082,18.75,19.892,571,67,0,0.01
1381,500,108.54177277393023,19.926,21.126,600,65,0,0.01
1382,500,72.62248444276891,21.69,22.844,577,63,0,0.01
1383,500,114.07031561536516,19.11,20.306,598,64,0,0.01
1384,500,105.06628830588754,16.738,17.822,542,65,0,0.01
1385,500,106.99132228945322,17.81,18.946,568,66,0,0.01
1386,500,101.48720389274912,21.514,22.756,621,64,0,0.01
1387,500,105.06825913625636,16.142,17.21,534,67,0,0.01
1388,500,105.58238210356872,18.848,20.004,578,65,0,0.01
1389,500,108.29285794000344,20.604,21.842,619,63,0,0.01
1390,500,101.73227108624243,18.96,20.114,577,65,0,0.01
1391,500,88.33328229057044,20.116,21.25,567,68,0,0.01
1392,500,111.18097945420372,17.326,18.456,565,65,0,0.01
1393,500,82.71744286742702,23.748,25.014,633,63,0,0.01
1394,500,106.66822497554863,21.4,22.666,633,65,0,0.01
1395,500,99.55252789472776,21.23,22.452,611,64,0,0.01
1396,500,99.04894433136498,17.916,19.03,557,69,0,0.01
1397,500,106.99251485518904,16.9,17.986,543,66,0,0.01
1398,500,103.7981562668334,20.166,21.372,603,63,0,0.01
1399,500,109.93499897933745,20.294,21.524,615,68,0,0.01
1400,500,91.68826482647245,16.28,17.298,509,64,0,0.01
1401,500,94.41038222995249,21.074,22.27,598,66,0,0.01
1402,500,104.68830810960367,20.548,21.776,614,70,0,0.01
1403,500,85.49138311862309,21.654,22.832,589,63,0,0.01
1404,500,78.86063683031533,22.802,24.016,607,61,0,0.01
1405,500,102.32130282027929,20.89,22.11,610,65,0,0.01
1406,500,80.06333495520788,23.324,24.54,608,68,0,0.01
1407,500,95.12731323434048,20.648,21.824,588,66,0,0.01
1408,500,84.68703516695122,19.46,20.58,560,63,0,0.01
1409,500,114.34538985161845,16.914,18.056,571,63,0,0.01
1410,500,66.80437177768734,24.028,25.226,599,64,0,0.01
1411,500,90.71124389483411,20.448,21.622,587,64,0,0.01
1412,500,93.35057295623793,21.256,22.458,601,66,0,0.01
1413,500,114.56933482562194,19.882,21.116,617,66,0,0.01
1414,500,116.90432720179139,17.424,18.576,576,67,0,0.01
1415,500,96.08287215614722,19.264,20.406,571,67,0,0.01
1416,500,100.25191047418292,19.014,20.144,565,66,0,0.01
1417,500,85.32642578031512,19.928,21.084,578,65,0,0.01
1418,500,107.17602127911073,18.484,19.65,583,65,0,0.01
1419,500,116.14815053624845,16.074,17.176,551,68,0,0.01
1420,500,84.31664151379178,18.468,19.534,533,64,0,0.01
1421,500,81.35484808951203,24.922,26.196,637,60,0,0.01
1422,500,112.62313638541664,16.426,17.522,548,64,0,0.01
1423,500,105.08907881571767,17.364,18.468,552,65,0,0.01
1424,500,110.37924948344435,20.16,21.398,619,65,0,0.01
1425,500,94.69895569516854,21.44,22.648,604,66,0,0.01
1426,500,55.923452920092984,25.636,26.856,610,66,0,0.01
1427,500,114.6032997441893,18.976,20.178,601,65,0,0.01
1428,500,106.45034203209752,18.39,19.536,573,66,0,0.01
1429,500,102.59357497586721,21.808,23.048,620,67,0,0.01
1430,500,103.81684101556971,20.336,21.536,600,68,0,0.01
1431,500,102.84194882531045,18.99,20.14,575,66,0,0.01
1432,500,96.34677129907708,20.132,21.318,593,68,0,0.01
1433,500,109.58644256597651,16.988,18.106,559,66,0,0.01
1434,500,101.55603743718316,17.814,18.932,559,67,0,0.01
1435,500,111.41168901012145,16.394,17.504,555,64,0,0.01
1436,500,101.22093257714856,18.848,19.994,573,70,0,0.01
1437,500,101.87448425938793,18.774,19.92,573,60,0,0.01
1438,500,107.47138905623952,18.358,19.514,578,68,0,0.01
1439,500,96.77375559569143,20.732,21.946,607,66,0,0.01
1440,500,119.15197733617076,17.536,18.698,581,64,0,0.01
1441,500,91.76434720551732,20.798,21.96,581,63,0,0.01
1442,500,110.39867383912319,16.802,17.912,555,64,0,0.01
1443,500,96.90479605246334,19.532,20.69,579,65,0,0.01
1444,500,81.77502061842985,20.516,21.646,565,66,0,0.01
1445,500,80.73479279835945,22.584,23.77,593,66,0,0.01
1446,500,91.08411927145193,21.626,22.838,606,67,0,0.01
1447,500,87.0604465794201,21.774,22.968,597,66,0,0.01
1448,500,88.8551545703952,20.156,21.304,574,64,0,0.01
1449,500,106.45258550583301,18.844,20.018,587,66,0,0.01
1450,500,119.5385743377994,19.03,20.248,609,69,0,0.01
1451,500,106.5930912410939,19.348,20.518,585,61,0,0.01
1452,500,89.97969918596878,19.32,20.468,574,65,0,0.01
1453,500,106.11317405195788,17.97,19.114,572,66,0,0.01
1454,500,107.43153848169106,18.868,20.036,584,64,0,0.01
1455,500,79.10443433742493,22.618,23.798,590,65,0,0.01
1456,500,108.55715754591665,16.242,17.328,543,67,0,0.01
1457,500,95.34448903919275,24.47,25.792,661,64,0,0.01
1458,500,108.88980015383159,18.488,19.65,581,67,0,0.01
1459,500,117.31322071981678,17.158,18.306,574,66,0,0.01
1460,500,103.49651601412783,19.972,21.168,598,68,0,0.01
1461,500,104.69300389999007,18.302,19.442,570,62,0,0.01
1462,500,99.3417522566101,20.078,21.256,589,67,0,0.01
1463,500,105.14411384742961,21.388,22.638,625,67,0,0.01
1464,500,98.48173189148888,18.862,20.014,576,67,0,0.01
1465,500,87.58083414059966,20.776,21.932,578,68,0,0.01
1466,500,97.90281427884831,21.714,22.934,610,64,0,0.01
1467,500,86.46595104902407,21.722,22.904,591,62,0,0.01
1468,500,106.19326628469675,19.402,20.588,593,65,0,0.01
1469,500,116.49085275419498,17.278,18.432,577,64,0,0.01
1470,500,112.01943164343338,17.846,18.992,573,61,0,0.01
1471,500,113.93479352114977,18.348,19.526,589,62,0,0.01
1472,500,43.691665297859586,26.918,28.132,607,61,0,0.01
1473,500,82.78467289154558,19.666,20.768,551,65,0,0.01
1474,500,86.2612877269817,21.252,22.426,587,65,0,0.01
1475,500,92.45101771012999,19.34,20.472,566,68,0,0.01
1476,500,86.08775614366998,22.646,23.856,605,65,0,0.01
1477,500,105.95409207276697,19.274,20.44,583,64,0,0.01
1478,500,112.93675409285831,17.814,18.972,579,64,0,0.01
1479,500,106.44842812824785,18.16,19.306,573,66,0,0.01
1480,500,127.9154903440911,16.92,18.094,587,62,0,0.01
1481,500,99.51276208960083,17.716,18.812,548,67,0,0.01
1482,500,103.78142746436451,18.98,20.146,583,62,0,0.01
1483,500,100.8661695042172,17.406,18.496,545,70,0,0.01
1484,500,96.01543868939571,19.388,20.526,569,67,0,0.01
1485,500,104.86003960389932,19.848,21.034,593,65,0,0.01
1486,500,101.12763323015241,19.374,20.542,584,65,0,0.01
1487,500,110.7408909531236,18.622,19.8,589,66,0,0.01
1488,500,105.72876890757354,16.698,17.814,558,66,0,0.01
1489,500,82.82379411781143,22.63,23.842,606,65,0,0.01
1490,500,112.07639253001884,19.496,20.69,597,66,0,0.01
1491,500,99.87990001871538,20.736,21.934,599,64,0,0.01
1492,500,102.25345775256581,18.682,19.826,572,64,0,0.01
1493,500,96.67621253778348,18.506,19.634,564,67,0,0.01
1494,500,88.69948847475082,19.066,20.174,554,66,0,0.01
1495,500,111.50844253695902,19.374,20.59,608,67,0,0.01
1496,500,89.79868868502057,19.874,21.002,564,69,0,0.01
1497,500,107.3157745770865,17.5,18.616,558,65,0,0.01
1498,500,102.85314700763645,20.884,22.106,611,65,0,0.01
1499,500,72.57280091828319,23.524,24.732,604,68,0,0.01
1500,500,100.80085113545724,17.166,18.244,539,62,0,0.01
1501,500,98.5442604920024,17.566,18.666,550,65,0,0.01
1502,500,112.99197250153298,17.8,18.938,569,65,0,0.01
1503,500,71.59955992397589,20.782,21.906,562,63,0,0.01
1504,500,101.62971191894518,19.716,20.898,591,60,0,0.01
1505,500,87.5971701670627,22.06,23.288,614,65,0,0.01
1506,500,124.05935265942954,19.946,21.21,632,67,0,0.01
1507,500,91.0088045369846,19.534,20.67,568,66,0,0.01
1508,500,114.80133454703936,19.036,20.228,596,63,0,0.01
1509,500,102.37693488367478,18.612,19.746,567,64,0,0.01
1510,500,115.78415210119108,16.756,17.886,565,67,0,0.01
1511,500,98.89431852366496,20.302,21.488,593,67,0,0.01
1512,500,96.75696130040744,17.884,18.972,544,66,0,0.01
1513,500,96.43042074990775,16.378,17.424,523,66,0,0.01
1514,500,100.7666168297917,20.564,21.75,593,65,0,0.01
1515,500,89.48167991360233,20.72,21.89,585,68,0,0.01
1516,500,79.38572412273624,21.564,22.728,582,64,0,0.01
1517,500,106.2822725527811,20.452,21.68,614,67,0,0.01
1518,500,104.184918376596,22.294,23.56,633,63,0,0.01
1519,500,94.09679067304948,19.034,20.146,556,68,0,0.01
1520,500,104.04733517783062,18.05,19.16,555,66,0,0.01
1521,500,107.61085212660603,19.464,20.65,593,65,0,0.01
1522,500,87.66272646235444,21.518,22.72,601,62,0,0.01
1523,500,113.72183459208419,19.458,20.668,605,67,0,0.01
1524,500,87.45872224187939,24.068,25.346,639,66,0,0.01
1525,500,91.90080277523472,20.512,21.692,590,66,0,0.01
1526,500,90.5311003687951,19.306,20.428,561,66,0,0.01
1527,500,104.1982244597898,18.268,19.406,569,65,0,0.01
1528,500,110.49968866111517,19.394,20.594,600,66,0,0.01
1529,500,106.99785151651793,19.77,20.996,613,64,0,0.01
1530,500,119.2279532259644,18.052,19.236,592,63,0,0.01
1531,500,94.59481251709823,22.708,23.964,628,66,0,0.01
1532,500,95.83767795608257,17.932,19.036,552,66,0,0.01
1533,500,82.90063404943685,18.426,19.5,537,67,0,0.01
1534,500,102.44642652189889,18.946,20.094,574,64,0,0.01
1535,500,91.72487387649096,19.75,20.88,565,65,0,0.01
1536,500,101.95810124187456,17.736,18.838,551,65,0,0.01
1537,500,101.03643872248772,19.59,20.772,591,62,0,0.01
1538,500,98.92109205206394,20.026,21.198,586,66,0,0.01
1539,500,113.25020238991607,18.612,19.79,589,66,0,0.01
1540,500,91.26129798564162,21.174,22.36,593,65,0,0.01
1541,500,102.37685148342594,19.568,20.75,591,65,0,0.01
1542,500,113.99282853319608,17.69,18.842,576,64,0,0.01
1543,500,92.90452308590544,17.98,19.094,557,62,0,0.01
1544,500,97.91063898144056,22.702,23.974,636,67,0,0.01
1545,500,97.07373407059387,21.858,23.124,633,69,0,0.01
1546,500,114.53894064007497,19.086,20.292,603,66,0,0.01
1547,500,85.26353683393589,21.174,22.348,587,67,0,0.01
1548,500,94.61832674199239,20.396,21.576,590,68,0,0.01
1549,500,88.20780886314016,19.902,21.038,568,63,0,0.01
1550,500,92.32273761479703,19.19,20.342,576,67,0,0.01
1551,500,87.14377538805637,18.23,19.322,546,65,0,0.01
1552,500,100.92367736990005,18.614,19.738,562,64,0,0.01
1553,500,104.0004410984002,20.906,22.14,617,66,0,0.01
1554,500,96.72308903297146,18.786,19.916,565,72,0,0.01
1555,500,119.629057442819,17.098,18.262,582,67,0,0.01
1556,500,116.42730470624826,15.504,16.592,544,65,0,0.01
1557,500,86.6064716683863,22.642,23.852,605,65,0,0.01
1558,500,111.0232290365481,16.43,17.532,551,65,0,0.01
1559,500,95.93182701693661,19.368,20.534,583,69,0,0.01
1560,500,120.75304514382665,17.288,18.452,582,64,0,0.01
1561,500,97.9994941079696,18.494,19.594,550,65,0,0.01
1562,500,102.28758745607615,17.888,19.014,563,63,0,0.01
1563,500,93.39804804701446,21.322,22.514,596,65,0,0.01
1564,500,99.2343236244962,19.962,21.148,593,68,0,0.01
1565,500,105.0806743424932,19.02,20.188,584,65,0,0.01
1566,500,97.77271957179316,19.784,20.952,584,64,0,0.01
1567,500,117.15069706793571,19.454,20.672,609,62,0,0.01
1568,500,106.64072616818085,18.526,19.682,578,67,0,0.01
1569,500,83.93615445128837,21.73,22.924,597,67,0,0.01
1570,500,103.7235416685735,20.862,22.084,611,63,0,0.01
1571,500,110.45273439889706,19.534,20.754,610,64,0,0.01
1572,500,103.022021909902,17.474,18.57,548,62,0,0.01
1573,500,90.18617744292456,22.088,23.308,610,66,0,0.01
1574,500,94.21252022221408,16.516,17.562,523,62,0,0.01
1575,500,85.83023307069477,20.5,21.654,577,70,0,0.01
1576,500,109.47692430182371,18.12,19.276,578,68,0,0.01
1577,500,109.0518118666416,18.996,20.17,587,66,0,0.01
1578,500,102.2999106957682,19.234,20.406,586,65,0,0.01
1579,500,111.84439417777398,17.278,18.422,572,67,0,0.01
1580,500,125.45263679913323,18.478,19.7,611,66,0,0.01
1581,500,92.57474696728566,20.436,21.598,581,66,0,0.01
1582,500,98.40242850523406,18.208,19.344,568,65,0,0.01
1583,500,82.50498731113616,19.57,20.682,556,66,0,0.01
1584,500,118.99815662822867,18.052,19.252,600,65,0,0.01
1585,500,89.63809056482184,19.278,20.386,554,63,0,0.01
1586,500,107.60558164267869,16.724,17.81,543,65,0,0.01
1587,500,107.72677856766212,16.388,17.466,539,68,0,0.01
1588,500,101.58797922430432,18.804,19.952,574,70,0,0.01
1589,500,89.071188185289,19.55,20.666,558,65,0,0.01
1590,500,77.33858387366904,23.248,24.456,604,63,0,0.01
1591,500,99.86985272110294,17.124,18.21,543,65,0,0.01
1592,500,95.28624632046731,18.638,19.754,558,70,0,0.01
1593,500,100.58047708920652,21.644,22.884,620,67,0,0.01
1594,500,104.80750411282476,19.45,20.634,592,70,0,0.01
1595,500,100.11160524847743,19.448,20.62,586,64,0,0.01
1596,500,120.90293975971882,16.848,17.992,572,66,0,0.01
1597,500,110.13269330725957,19.148,20.356,604,66,0,0.01
1598,500,93.13968776733242,21.712,22.94,614,68,0,0.01
1599,500,99.70309291682902,20.166,21.372,603,70,0,0.01
1600,500,86.31593831604779,21.282,22.452,585,62,0,0.01
1601,500,100.73217674274713,21.51,22.754,622,67,0,0.01
1602,500,121.12664817636319,17.538,18.718,590,68,0,0.01
1603,500,114.98252536341418,20.05,21.29,620,67,0,0.01
1604,500,123.6333590880271,17.994,19.204,605,67,0,0.01
1605,500,106.53061100080313,17.33,18.434,552,68,0,0.01
1606,500,95.35386541267279,19.032,20.16,564,65,0,0.01
1607,500,95.54185943044776,22.564,23.81,623,64,0,0.01
1608,500,78.05678488763189,20.97,22.096,563,65,0,0.01
1609,500,99.90017972147095,18.804,19.932,564,63,0,0.01
1610,500,110.36721083814304,17.26,18.398,569,64,0,0.01
1611,500,87.5409054758297,21.188,22.386,599,62,0,0.01
1612,500,113.44774150696901,18.828,20.018,595,65,0,0.01
1613,500,109.41639900002284,16.104,17.2,548,65,0,0.01
1614,500,111.06155115766988,18.674,19.858,592,68,0,0.01
1615,500,99.77181091586154,20.664,21.878,607,66,0,0.01
1616,500,103.5865758903529,18.83,19.99,580,67,0,0.01
1617,500,87.44391828650663,21.522,22.716,597,64,0,0.01
1618,500,106.39208498539837,19.24,20.424,592,67,0,0.01
1619,500,117.16042215944903,17.188,18.336,574,65,0,0.01
1620,500,94.67737826839429,19.788,20.93,571,66,0,0.01
1621,500,84.06139027537805,23.252,24.47,609,68,0,0.01
1622,500,94.28573832225125,23.456,24.726,635,64,0,0.01
1623,500,110.65164675850751,18.358,19.53,586,65,0,0.01
1624,500,109.17458580000662,21.748,23.012,632,64,0,0.01
1625,500,101.7662667807899,17.88,19.008,564,64,0,0.01
1626,500,99.25179766712651,17.084,18.162,539,65,0,0.01
1627,500,87.33282164479954,22.634,23.858,612,63,0,0.01
1628,500,84.21889524618715,18.864,19.96,548,65,0,0.01
1629,500,115.22936681857583,17.976,19.146,585,66,0,0.01
1630,500,113.83493384791748,16.566,17.68,557,64,0,0.01
1631,500,109.1115083332998,16.884,18.0,558,65,0,0.01
1632,500,105.59624731161603,20.924,22.154,615,68,0,0.01
1633,500,95.6674791792597,18.41,19.526,558,66,0,0.01
1634,500,116.76206309674093,15.85,16.962,556,66,0,0.01
1635,500,100.20396653273444,16.92,18.014,547,69,0,0.01
1636,500,89.62756705275098,19.292,20.396,552,62,0,0.01
1637,500,112.6746179451594,18.494,19.68,593,67,0,0.01
1638,500,99.09912679791648,19.468,20.626,579,63,0,0.01
1639,500,95.34558605892364,17.968,19.074,553,63,0,0.01
1640,500,109.08412458147961,20.5,21.73,615,64,0,0.01
1641,500,107.41926054068553,19.818,21.014,598,66,0,0.01
1642,500,76.71727977484788,21.114,22.254,570,66,0,0.01
1643,500,97.80411506440336,19.688,20.852,582,67,0,0.01
1644,500,102.32741819789089,15.962,17.026,532,66,0,0.01
1645,500,106.7428978312961,19.386,20.556,585,66,0,0.01
1646,500,83.54886157749839,19.976,21.088,556,65,0,0.01
1647,500,95.02039123127,18.786,19.904,559,65,0,0.01
1648,500,96.21108441991888,19.258,20.412,577,66,0,0.01
1649,500,121.49053412755556,15.444,16.536,546,63,0,0.01
1650,500,89.38124079292896,22.104,23.316,606,68,0,0.01
1651,500,96.81308634945887,19.006,20.142,568,67,0,0.01
1652,500,106.25601659667201,17.392,18.524,566,65,0,0.01
1653,500,93.36833947496872,20.844,22.032,594,62,0,0.01
1654,500,79.57782728633264,20.46,21.568,554,64,0,0.01
1655,500,98.61872313566181,21.774,23.012,619,66,0,0.01
1656,500,114.75278738456112,16.682,17.82,569,64,0,0.01
1657,500,103.33365390287364,19.038,20.182,572,62,0,0.01
1658,500,98.10691678367354,18.624,19.752,564,67,0,0.01
1659,500,97.93213808505705,17.676,18.76,542,67,0,0.01
1660,500,96.38685980015731,18.836,19.974,569,71,0,0.01
1661,500,100.7549166438636,20.894,22.102,604,66,0,0.01
1662,500,89.84274825364565,20.28,21.424,572,68,0,0.01
1663,500,104.41859118045817,16.868,17.972,552,65,0,0.01
1664,500,105.25874155668961,15.742,16.802,530,65,0,0.01
1665,500,91.77482304195209,22.562,23.802,620,68,0,0.01
1666,500,99.15169769041255,20.166,21.362,598,66,0,0.01
1667,500,111.78669469202325,18.146,19.308,581,62,0,0.01
1668,500,103.30664876574806,18.032,19.154,561,65,0,0.01
1669,500,91.41321641756667,17.306,18.364,529,62,0,0.01
1670,500,103.03758993039241,18.382,19.52,569,67,0,0.01
1671,500,110.84876333135207,17.832,18.988,578,64,0,0.01
1672,500,105.5688970741212,18.238,19.404,583,63,0,0.01
1673,500,113.44179466042291,16.726,17.848,561,64,0,0.01
1674,500,105.68491512032737,18.744,19.894,575,68,0,0.01
1675,500,105.8600965304184,19.018,20.19,586,67,0,0.01
1676,500,101.96657120791416,17.742,18.866,562,64,0,0.01
1677,500,104.59970061213897,16.814,17.904,545,68,0,0.01
1678,500,90.8030108475487,20.666,21.838,586,69,0,0.01
1679,500,114.94709230266645,17.796,18.944,574,65,0,0.01
1680,500,103.39561930922002,18.26,19.398,569,64,0,0.01
1681,500,94.40053644967288,17.386,18.454,534,64,0,0.01
1682,500,87.45163219759736,18.552,19.638,543,64,0,0.01
1683,500,102.87829122657631,18.824,19.978,577,65,0,0.01
1684,500,116.75496862175002,19.008,20.212,602,65,0,0.01
1685,500,86.52423717933978,23.24,24.492,626,68,0,0.01
1686,500,95.8394151239658,20.654,21.842,594,63,0,0.01
1687,500,69.31978133104006,22.748,23.906,579,65,0,0.01
1688,500,109.10829927711357,18.144,19.29,573,65,0,0.01
1689,500,93.00326365818171,20.292,21.462,585,64,0,0.01
1690,500,79.57191909747657,22.204,23.398,597,61,0,0.01
1691,500,120.35719294733809,16.498,17.642,572,67,0,0.01
1692,500,92.6154479402784,20.356,21.544,594,67,0,0.01
1693,500,97.38525527206416,19.464,20.618,577,66,0,0.01
1694,500,112.85660493360065,17.208,18.34,566,63,0,0.01
1695,500,129.4420100540796,18.016,19.24,612,65,0,0.01
1696,500,93.84567665629616,22.568,23.818,625,66,0,0.01
1697,500,122.15079603687228,17.362,18.528,583,68,0,0.01
1698,500,96.75361296343502,17.34,18.44,550,68,0,0.01
1699,500,111.0342118252174,16.97,18.074,552,63,0,0.01
1700,500,115.64063319385822,17.972,19.146,587,67,0,0.01
1701,500,114.26317721086052,16.904,18.028,562,65,0,0.01
1702,500,101.71504028017134,19.998,21.206,604,64,0,0.01
1703,500,96.02328097623048,17.24,18.304,532,65,0,0.01
1704,500,103.36663803169805,18.904,20.054,575,68,0,0.01
1705,500,116.38653384793531,20.024,21.256,616,65,0,0.01
1706,500,108.22391891409558,19.288,20.474,593,64,0,0.01
1707,500,93.36109783748147,18.178,19.292,557,65,0,0.01
1708,500,95.06185522339905,20.654,21.838,592,66,0,0.01
1709,500,89.68893285573107,19.742,20.906,582,66,0,0.01
1710,500,102.16124142051802,19.902,21.09,594,68,0,0.01
1711,500,110.898538822383,17.526,18.684,579,65,0,0.01
1712,500,107.939162674728,18.918,20.1,591,69,0,0.01
1713,500,107.08303694109013,19.332,20.51,589,67,0,0.01
1714,500,107.93936419206076,18.842,20.008,583,66,0,0.01
1715,500,104.33401662568944,15.006,16.04,517,64,0,0.01
1716,500,112.98480863107618,14.714,15.756,521,65,0,0.01
1717,500,114.44193892804562,16.95,18.084,567,64,0,0.01
1718,500,102.00862816241316,19.928,21.134,603,67,0,0.01
1719,500,104.31843596958899,18.23,19.368,569,67,0,0.01
1720,500,117.31559357707368,17.42,18.576,578,68,0,0.01
1721,500,107.94308876677762,18.842,20.006,582,66,0,0.01
1722,500,102.12325212555047,21.424,22.678,627,65,0,0.01
1723,500,90.80964105910486,18.53,19.62,545,71,0,0.01
1724,500,103.55361058648481,21.39,22.65,630,68,0,0.01
1725,500,117.03146602468857,18.194,19.386,596,68,0,0.01
1726,500,110.93055205872916,20.164,21.402,619,64,0,0.01
1727,500,90.54908328896013,19.234,20.358,562,67,0,0.01
1728,500,76.124052200268,23.806,25.01,602,67,0,0.01
1729,500,105.97990038011048,18.658,19.832,587,67,0,0.01
1730,500,104.05206399268818,20.182,21.386,602,64,0,0.01
1731,500,69.98926339519026,21.604,22.73,563,68,0,0.01
1732,500,86.47486576895588,19.808,20.944,568,64,0,0.01
1733,500,86.54530966943416,24.096,25.378,641,63,0,0.01
1734,500,82.23629409346975,21.488,22.66,586,66,0,0.01
1735,500,113.64748938092231,17.662,18.812,575,65,0,0.01
1736,500,84.8261567164082,22.942,24.164,611,67,0,0.01
1737,500,100.5962013283435,20.18,21.372,596,65,0,0.01
1738,500,77.13854219264664,22.44,23.658,609,65,0,0.01
1739,500,107.3097231283851,18.002,19.14,569,66,0,0.01
1740,500,102.41809444867948,20.618,21.822,602,63,0,0.01
1741,500,91.801174710729,20.012,21.164,576,66,0,0.01
1742,500,79.01824861356711,22.934,24.14,603,63,0,0.01
1743,500,92.73558900862986,17.66,18.742,541,67,0,0.01
1744,500,114.58312070273406,16.294,17.402,554,65,0,0.01
1745,500,121.6682588130651,15.556,16.666,555,66,0,0.01
1746,500,101.40446153394514,18.292,19.412,560,67,0,0.01
1747,500,89.31288978075851,20.11,21.266,578,68,0,0.01
1748,500,95.86044794859261,18.674,19.794,560,66,0,0.01
1749,500,88.36961905861743,20.486,21.65,582,65,0,0.01
1750,500,91.4241250568696,19.754,20.92,583,67,0,0.01
1751,500,92.84758167065858,19.796,20.95,577,64,0,0.01
1752,500,98.4438945129179,18.052,19.144,546,64,0,0.01
1753,500,125.52210466376852,15.386,16.498,556,66,0,0.01
1754,500,110.79278749855584,17.934,19.072,569,66,0,0.01
1755,500,114.02784468295414,18.666,19.856,595,68,0,0.01
1756,500,112.33714022786782,19.266,20.472,603,68,0,0.01
1757,500,102.89125510427415,18.71,19.852,571,65,0,0.01
1758,500,112.38354787238384,17.522,18.682,580,65,0,0.01
1759,500,107.86852940267288,21.258,22.522,632,65,0,0.01
1760,500,101.63412874815958,18.484,19.608,562,63,0,0.01
1761,500,94.34684838152086,21.252,22.458,603,66,0,0.01
1762,500,110.28720526192156,18.414,19.582,584,64,0,0.01
1763,500,120.87170905205154,17.056,18.218,581,63,0,0.01
1764,500,87.90556538940466,19.448,20.556,554,66,0,0.01
1765,500,114.40964503816396,17.876,19.058,591,63,0,0.01
1766,500,89.7921405427447,21.546,22.772,613,67,0,0.01
1767,500,102.220762158987,19.268,20.428,580,68,0,0.01
1768,500,117.28728270576073,17.444,18.614,585,66,0,0.01
1769,500,106.85912137389396,19.254,20.438,592,66,0,0.01
1770,500,97.41133755374307,19.406,20.548,571,66,0,0.01
1771,500,107.72901009037389,19.446,20.65,602,65,0,0.01
1772,500,90.86567020075621,16.114,17.122,504,67,0,0.01
1773,500,111.83113182936148,17.516,18.64,562,62,0,0.01
1774,500,88.7647078745742,21.378,22.56,591,68,0,0.01
1775,500,86.15340971553441,22.578,23.8,611,65,0,0.01
1776,500,106.68359587121103,16.286,17.352,533,63,0,0.01
1777,500,111.73657341603669,18.3,19.466,583,64,0,0.01
1778,500,100.06398058005061,20.208,21.398,595,68,0,0.01
1779,500,110.08202280368461,15.196,16.244,524,63,0,0.01
1780,500,106.69232222734365,19.986,21.18,597,64,0,0.01
1781,500,107.51931746720444,18.992,20.172,590,67,0,0.01
1782,500,121.22954186217862,18.006,19.204,599,66,0,0.01
1783,500,97.40461606022797,18.478,19.602,562,67,0,0.01
1784,500,80.98587864901901,21.726,22.906,590,68,0,0.01
1785,500,92.11779959562898,22.27,23.506,618,65,0,0.01
1786,500,107.99880153028091,19.164,20.35,593,67,0,0.01
1787,500,106.33892406360981,21.244,22.504,630,67,0,0.01
1788,500,100.39209162639462,17.718,18.808,545,63,0,0.01
1789,500,100.4935819782586,18.216,19.334,559,68,0,0.01
1790,500,100.99462757623054,20.634,21.848,607,66,0,0.01
1791,500,100.67463021937432,16.46,17.514,527,65,0,0.01
1792,500,123.54650533491046,14.856,15.942,543,63,0,0.01
1793,500,86.90476527648325,19.746,20.878,566,65,0,0.01
1794,500,108.93635769918893,16.436,17.536,550,66,0,0.01
1795,500,107.47468613811574,16.62,17.726,553,65,0,0.01
1796,500,115.90679834339856,17.154,18.294,570,66,0,0.01
1797,500,113.7447604800496,17.306,18.452,573,65,0,0.01
1798,500,99.15732591031936,20.454,21.646,596,66,0,0.01
1799,500,95.67619133587709,20.158,21.326,584,68,0,0.01
1800,500,103.16951120019344,19.488,20.652,582,69,0,0.01
1801,500,93.408607645093,20.08,21.264,592,63,0,0.01
1802,500,99.28120575290285,19.71,20.87,580,65,0,0.01
1803,500,93.67850625883763,22.268,23.51,621,64,0,0.01
1804,500,124.43436039509037,17.102,18.28,589,62,0,0.01
1805,500,95.29597004280804,19.44,20.576,568,65,0,0.01
1806,500,93.23006864714709,18.306,19.424,559,70,0,0.01
1807,500,111.06595672044693,18.514,19.692,589,67,0,0.01
1808,500,115.4936269537537,19.934,21.164,615,67,0,0.01
1809,500,80.3863839088899,23.048,24.252,602,64,0,0.01
1810,500,90.76718038535421,18.032,19.116,542,65,0,0.01
1811,500,101.90126873103297,16.904,17.994,545,68,0,0.01
1812,500,101.80238352973898,16.418,17.478,530,62,0,0.01
1813,500,112.32025452216611,21.988,23.288,650,65,0,0.01
1814,500,116.14811875249104,17.262,18.412,575,64,0,0.01
1815,500,112.15300310140893,18.566,19.76,597,66,0,0.01
1816,500,94.0742612169574,20.008,21.206,599,67,0,0.01
1817,500,100.03205468480824,18.624,19.76,568,67,0,0.01
1818,500,101.6554649921335,17.38,18.486,553,64,0,0.01
1819,500,98.246514547589,18.484,19.604,560,63,0,0.01
1820,500,77.149380352298,24.806,26.052,623,59,0,0.01
1821,500,114.92987344761923,16.23,17.334,552,67,0,0.01
1822,500,101.11445194324278,20.158,21.378,610,66,0,0.01
1823,500,113.5319196680681,19.296,20.506,605,68,0,0.01
1824,500,99.67120375397667,18.394,19.516,561,66,0,0.01
1825,500,61.27192042844525,21.784,22.878,547,63,0,0.01
1826,500,109.41746081306455,18.45,19.608,579,65,0,0.01
1827,500,100.73454002593036,20.298,21.502,602,68,0,0.01
1828,500,77.68963894834867,22.564,23.76,598,64,0,0.01
1829,500,115.74566845139509,17.942,19.096,577,64,0,0.01
1830,500,91.29061478945923,20.736,21.904,584,68,0,0.01
1831,500,92.72914373794134,21.846,23.064,609,61,0,0.01
1832,500,119.79081071177724,18.508,19.716,604,67,0,0.01
1833,500,113.38738662332959,16.388,17.506,559,64,0,0.01
1834,500,100.36166464931249,19.12,20.286,583,65,0,0.01
1835,500,104.91980257115026,18.384,19.544,580,67,0,0.01
1836,500,92.20752990196834,20.904,22.076,586,64,0,0.01
1837,500,101.6152166547429,19.56,20.72,580,64,0,0.01
1838,500,102.23945684319216,18.862,20.026,582,68,0,0.01
1839,500,96.00216406676826,21.708,22.934,613,64,0,0.01
1840,500,100.44035455587749,19.572,20.734,581,65,0,0.01
1841,500,82.96991423485906,19.416,20.508,546,65,0,0.01
1842,500,90.41016120307692,20.272,21.416,572,63,0,0.01
1843,500,71.44846707092503,25.24,26.488,624,60,0,0.01
1844,500,91.45167254765128,19.836,20.984,574,65,0,0.01
1845,500,101.29219421299484,17.134,18.246,556,64,0,0.01
1846,500,94.83828150030371,18.718,19.828,555,63,0,0.01
1847,500,106.93213639269337,20.186,21.388,601,64,0,0.01
1848,500,105.92611177911714,18.508,19.662,577,66,0,0.01
1849,500,88.91723310698897,21.834,23.016,591,62,0,0.01
1850,500,110.48690083479735,18.548,19.722,587,70,0,0.01
1851,500,75.89977700999637,19.574,20.676,551,64,0,0.01
1852,500,106.0464817560541,20.65,21.89,620,67,0,0.01
1853,500,93.03931683961552,21.202,22.402,600,64,0,0.01
1854,500,108.14886587974844,19.836,21.034,599,62,0,0.01
1855,500,110.77605801150074,18.28,19.424,572,66,0,0.01
1856,500,94.14664617960166,22.864,24.13,633,62,0,0.01
1857,500,92.25990491035047,21.146,22.344,599,62,0,0.01
1858,500,103.95231849568508,17.27,18.368,549,65,0,0.01
1859,500,116.05324991742785,20.77,22.03,630,68,0,0.01
1860,500,82.8505567029639,23.944,25.186,621,65,0,0.01
1861,500,104.1992194490479,19.444,20.622,589,67,0,0.01
1862,500,112.47396805627055,19.002,20.188,593,65,0,0.01
1863,500,102.93983802956899,19.314,20.508,597,66,0,0.01
1864,500,109.67208987703332,19.606,20.812,603,66,0,0.01
1865,500,99.2316013646199,18.06,19.16,550,65,0,0.01
1866,500,97.8859412087566,20.3,21.47,585,63,0,0.01
1867,500,121.50303635170516,18.854,20.082,614,64,0,0.01
1868,500,96.6889431143912,19.656,20.836,590,66,0,0.01
1869,500,111.88443037777661,17.286,18.426,570,66,0,0.01
1870,500,97.27775945477137,20.232,21.408,588,65,0,0.01
1871,500,97.04880863003838,20.184,21.386,601,66,0,0.01
1872,500,88.62258836033777,20.554,21.696,571,62,0,0.01
1873,500,112.64576572796786,18.428,19.614,593,68,0,0.01
1874,500,82.87608210828063,22.34,23.542,601,60,0,0.01
1875,500,97.10794323349809,18.098,19.224,563,68,0,0.01
1876,500,89.71543768161828,20.426,21.606,590,66,0,0.01
1877,500,94.30238678600759,19.988,21.154,583,67,0,0.01
1878,500,109.4082374019624,17.97,19.114,572,67,0,0.01
1879,500,88.34866999563441,19.456,20.604,574,65,0,0.01
1880,500,98.96478036978077,19.4,20.57,585,65,0,0.01
1881,500,104.21523222343033,18.436,19.586,575,65,0,0.01
1882,500,84.14154148839478,19.262,20.368,553,66,0,0.01
1883,500,98.36706057590634,19.666,20.834,584,68,0,0.01
1884,500,110.69292219210494,16.688,17.788,550,66,0,0.01
1885,500,102.69320440954543,19.244,20.42,588,65,0,0.01
1886,500,88.78107536160401,20.956,22.17,607,64,0,0.01
1887,500,89.19132092028059,20.946,22.138,596,66,0,0.01
1888,500,103.29433441554372,19.692,20.862,585,65,0,0.01
1889,500,109.22632254733269,19.372,20.574,601,66,0,0.01
1890,500,118.72023042538615,18.016,19.214,599,66,0,0.01
1891,500,99.82488481973735,18.128,19.23,551,63,0,0.01
1892,500,109.09008406363573,18.466,19.62,577,67,0,0.01
1893,500,113.54813327519713,19.744,20.956,606,64,0,0.01
1894,500,115.04176219207899,19.438,20.658,610,65,0,0.01
1895,500,114.47412890035845,17.096,18.226,565,66,0,0.01
1896,500,102.85741393600959,19.96,21.14,590,66,0,0.01
1897,500,93.52840155931636,20.296,21.472,588,68,0,0.01
1898,500,102.73379716271897,20.28,21.488,604,64,0,0.01
1899,500,97.76884610401214,19.078,20.21,566,66,0,0.01
1900,500,102.5075153792623,18.39,19.516,563,67,0,0.01
1901,500,107.33260560476045,20.16,21.372,606,62,0,0.01
1902,500,112.4199683638706,17.454,18.588,567,66,0,0.01
1903,500,88.6999990446493,19.33,20.446,558,63,0,0.01
1904,500,105.3710743704552,18.562,19.716,577,67,0,0.01
1905,500,90.85565588941107,19.456,20.56,552,65,0,0.01
1906,500,119.13725902953813,18.586,19.792,603,67,0,0.01
1907,500,101.86971239433502,18.898,20.052,577,64,0,0.01
1908,500,89.57168322470385,18.35,19.464,557,69,0,0.01
1909,500,93.20144803868202,19.522,20.676,577,69,0,0.01
1910,500,90.94514693825035,19.368,20.508,570,66,0,0.01
1911,500,109.59042489995902,17.618,18.748,565,66,0,0.01
1912,500,111.48845869503164,18.684,19.862,589,63,0,0.01
1913,500,113.37458222054673,17.668,18.83,581,67,0,0.01
1914,500,105.97186852696676,18.282,19.446,582,65,0,0.01
1915,500,90.17451467397274,20.698,21.864,583,63,0,0.01
1916,500,106.94972360377514,17.188,18.296,554,66,0,0.01
1917,500,111.97942485023822,20.728,21.976,624,64,0,0.01
1918,500,111.24338361982818,17.218,18.336,559,64,0,0.01
1919,500,101.99518650635166,17.58,18.686,553,68,0,0.01
1920,500,108.60596745449698,17.65,18.796,573,68,0,0.01
1921,500,94.2760057104231,19.648,20.804,578,67,0,0.01
1922,500,119.55897609849379,19.988,21.242,627,65,0,0.01
1923,500,106.99901893949252,18.498,19.642,572,66,0,0.01
1924,500,106.132141702721,19.132,20.316,592,69,0,0.01
1925,500,117.1526275482507,17.558,18.706,574,63,0,0.01
1926,500,87.05205304944184,21.84,23.054,607,65,0,0.01
1927,500,110.04515293286408,16.706,17.82,557,61,0,0.01
1928,500,98.51224025326492,18.528,19.666,569,66,0,0.01
1929,500,102.89761954639613,20.558,21.776,609,63,0,0.01
1930,500,117.79287914190989,18.916,20.132,608,67,0,0.01
1931,500,88.13560577982716,24.706,26.02,657,63,0,0.01
1932,500,111.68621421351858,19.24,20.446,603,67,0,0.01
1933,500,105.5459357847342,20.086,21.282,598,67,0,0.01
1934,500,103.26991528084054,15.75,16.8,525,65,0,0.01
1935,500,88.44913884630641,21.484,22.678,597,62,0,0.01
1936,500,102.52340440334204,17.038,18.13,546,65,0,0.01
1937,500,109.7816233484787,19.412,20.602,595,67,0,0.01
1938,500,92.10826319110606,19.44,20.564,562,68,0,0.01
1939,500,103.43929205824934,18.746,19.898,576,66,0,0.01
1940,500,93.67754373792356,18.372,19.48,554,65,0,0.01
1941,500,103.50409422389203,19.262,20.442,590,65,0,0.01
1942,500,111.21773345643129,19.492,20.698,603,65,0,0.01
1943,500,97.82677224985709,18.496,19.626,565,66,0,0.01
1944,500,99.41389639784926,18.124,19.25,563,67,0,0.01
1945,500,90.53206920751431,21.134,22.318,592,66,0,0.01
1946,500,109.53337067765577,17.5,18.62,560,67,0,0.01
1947,500,108.44618927995342,18.176,19.326,575,64,0,0.01
1948,500,99.038266293011,17.76,18.858,549,68,0,0.01
1949,500,112.2949690971401,18.21,19.376,583,66,0,0.01
1950,500,87.04830727281863,23.488,24.746,629,66,0,0.01
1951,500,95.95855387747665,19.86,21.03,585,66,0,0.01
1952,500,82.25638217615736,21.628,22.784,578,64,0,0.01
1953,500,79.77120238480398,21.538,22.712,587,67,0,0.01
1954,500,101.57798679945176,18.966,20.122,578,66,0,0.01
1955,500,112.16066966005445,17.896,19.046,575,65,0,0.01
1956,500,104.20411574898954,18.132,19.262,565,62,0,0.01
1957,500,97.73467077862446,17.054,18.14,543,68,0,0.01
1958,500,98.89951036124363,15.842,16.884,521,72,0,0.01
1959,500,85.01762624438983,19.698,20.804,553,69,0,0.01
1960,500,99.39639258701634,20.166,21.338,586,64,0,0.01
1961,500,113.81163208360249,17.208,18.34,566,68,0,0.01
1962,500,102.35366852078135,19.558,20.744,593,66,0,0.01
1963,500,109.91067812898456,15.816,16.908,546,65,0,0.01
1964,500,89.97528368772296,20.056,21.2,572,71,0,0.01
1965,500,103.4147375454108,17.582,18.698,558,68,0,0.01
1966,500,107.3317714595904,17.082,18.196,557,71,0,0.01
1967,500,106.7533386277045,18.796,19.972,588,67,0,0.01
1968,500,100.35391839833673,16.176,17.224,524,68,0,0.01
1969,500,88.90469845269946,18.568,19.682,557,67,0,0.01
1970,500,103.12854618833433,18.434,19.602,584,66,0,0.01
1971,500,119.44400735817823,17.33,18.486,578,64,0,0.01
1972,500,111.11361248804491,18.098,19.256,579,68,0,0.01
1973,500,112.18780848295145,18.666,19.856,595,67,0,0.01
1974,500,118.24896947412613,18.202,19.386,592,65,0,0.01
1975,500,91.78393927921672,20.572,21.75,589,67,0,0.01
1976,500,101.67050618945149,20.672,21.872,600,66,0,0.01
1977,500,110.58270773259952,17.042,18.162,560,66,0,0.01
1978,500,98.22255231253422,19.17,20.316,573,68,0,0.01
1979,500,111.19655242332662,19.234,20.424,595,63,0,0.01
1980,500,107.61323592710929,18.136,19.286,575,66,0,0.01
1981,500,125.26973890626911,16.1,17.242,571,66,0,0.01
1982,500,121.28686016155234,16.686,17.836,575,66,0,0.01
1983,500,96.62015756878449,22.096,23.318,611,64,0,0.01
1984,500,97.32378985376526,20.042,21.218,588,66,0,0.01
1985,500,98.75628356861601,21.578,22.794,608,67,0,0.01
1986,500,102.19825061032861,17.624,18.736,556,67,0,0.01
1987,500,119.4643267264013,18.23,19.416,593,65,0,0.01
1988,500,93.74661214735293,19.496,20.636,570,66,0,0.01
1989,500,108.03008453902576,17.656,18.778,561,64,0,0.01
1990,500,116.14358875482495,18.61,19.806,598,66,0,0.01
1991,500,102.76521418042663,19.054,20.208,577,71,0,0.01
1992,500,96.86703341759008,21.336,22.578,621,67,0,0.01
1993,500,111.4536327961687,18.7,19.878,589,62,0,0.01
1994,500,97.39890577104099,18.654,19.766,556,67,0,0.01
1995,500,107.7886244877518,17.798,18.928,565,64,0,0.01
1996,500,95.8818089739327,19.986,21.156,585,61,0,0.01
1997,500,115.11574911113411,16.588,17.696,554,64,0,0.01
1998,500,122.54313905230049,19.506,20.764,629,66,0,0.01
1999,500,91.50001562111437,17.192,18.244,526,66,0,0.01
2000,500,120.05876601486464,17.576,18.744,584,66,0,0.01
2001,500,104.34098291966865,20.178,21.398,610,66,0,0.01
2002,500,101.38236689627632,17.926,19.052,563,64,0,0.01
2003,500,95.23979406185148,16.554,17.596,521,68,0,0.01
2004,500,97.73722857674916,19.366,20.514,574,66,0,0.01
2005,500,94.84188232471791,18.374,19.476,551,63,0,0.01
2006,500,101.43886488859974,17.534,18.626,546,68,0,0.01
2007,500,93.44859818501416,19.842,20.986,572,64,0,0.01
2008,500,97.33723026911298,16.824,17.87,523,63,0,0.01
2009,500,94.8070755740027,21.338,22.536,599,64,0,0.01
2010,500,119.31486660574122,16.808,17.944,568,66,0,0.01
2011,500,110.51045573293645,18.058,19.2,571,68,0,0.01
2012,500,107.89383941433282,18.296,19.452,578,69,0,0.01
2013,500,110.03778412214272,21.356,22.62,632,69,0,0.01
2014,500,65.90043047834511,23.17,24.362,596,63,0,0.01
2015,500,112.11080119470091,17.684,18.832,574,64,0,0.01
2016,500,102.79174909770761,21.1,22.32,610,62,0,0.01
2017,500,81.2363973264524,21.952,23.124,586,66,0,0.01
2018,500,92.71634102752243,20.58,21.742,581,67,0,0.01
2019,500,107.6578934067367,19.856,21.058,601,70,0,0.01
2020,500,86.93111489150142,21.792,22.974,591,66,0,0.01
2021,500,68.6012051253139,21.984,23.132,574,64,0,0.01
2022,500,86.18532603670288,22.688,23.916,614,65,0,0.01
2023,500,104.62247060464908,17.556,18.662,553,68,0,0.01
2024,500,103.47434461720631,19.016,20.184,584,62,0,0.01
2025,500,102.6961298791183,18.524,19.67,573,68,0,0.01
2026,500,102.07252437226538,17.776,18.896,560,65,0,0.01
2027,500,123.03803436109338,15.864,16.982,559,65,0,0.01
2028,500,95.20534403933817,18.08,19.168,544,65,0,0.01
2029,500,110.86494684708742,16.918,18.026,554,69,0,0.01
2030,381,20.50076902797298,26.942257217847768,28.15748031496063,463,46,1,0.01
2031,500,87.69609773396574,21.826,23.026,600,60,0,0.01
2032,500,108.3414555164634,15.048,16.084,518,64,0,0.01
2033,500,109.45180691800917,17.996,19.152,578,69,0,0.01
2034,500,96.67993147928182,19.042,20.194,576,65,0,0.01
2035,500,99.36594115175916,19.674,20.844,585,67,0,0.01
2036,500,82.57619097448213,22.264,23.442,589,65,0,0.01
2037,500,110.14304246031399,17.548,18.698,575,66,0,0.01
2038,500,99.44316021600271,20.522,21.72,599,67,0,0.01
2039,500,99.92841181797637,20.214,21.404,595,64,0,0.01
2040,500,114.0056584019313,17.29,18.422,566,64,0,0.01
2041,500,94.70533772153306,20.148,21.308,580,69,0,0.01
2042,500,103.83954317651856,20.922,22.17,624,66,0,0.01
2043,500,103.72742314652332,16.954,18.04,543,65,0,0.01
2044,500,96.28316632461159,19.184,20.32,568,67,0,0.01
2045,500,107.54527036536183,19.126,20.314,594,65,0,0.01
2046,500,101.68975348597272,19.284,20.45,583,67,0,0.01
2047,500,114.78039675049402,16.934,18.058,562,67,0,0.01
2048,500,92.39941002313442,21.006,22.188,591,63,0,0.01
2049,500,102.1690668076965,19.358,20.552,597,70,0,0.01
2050,500,108.31031677534138,16.784,17.894,555,67,0,0.01
2051,500,110.18639026489892,18.288,19.452,582,66,0,0.01
2052,500,114.87364278863507,18.726,19.926,600,64,0,0.01
2053,500,113.78357828696858,19.394,20.6,603,67,0,0.01
2054,500,103.84044720700886,19.556,20.734,589,66,0,0.01
2055,500,107.74903698249635,17.88,19.02,570,67,0,0.01
2056,500,77.48462622368658,20.454,21.564,555,66,0,0.01
2057,500,98.68759240470857,18.896,20.036,570,72,0,0.01
2058,500,103.69184243342539,19.56,20.746,593,67,0,0.01
2059,500,82.28727872670176,18.146,19.2,527,68,0,0.01
2060,500,106.98880447998715,18.852,20.016,582,65,0,0.01
2061,500,114.18649880790915,17.678,18.834,578,63,0,0.01
2062,500,97.53324298649804,15.194,16.21,508,68,0,0.01
2063,500,107.09321961683794,20.166,21.372,603,64,0,0.01
2064,500,113.39846531939907,20.466,21.716,625,67,0,0.01
2065,500,109.22023074857724,18.574,19.744,585,66,0,0.01
2066,500,92.98660067171932,21.286,22.494,604,67,0,0.01
2067,500,76.83699523745474,23.286,24.484,599,65,0,0.01
2068,500,104.59648592273398,18.61,19.756,573,66,0,0.01
2069,500,106.21553665055481,18.29,19.44,575,67,0,0.01
2070,500,104.56667838175197,20.2,21.406,603,67,0,0.01
2071,500,94.02369394636507,16.516,17.556,520,64,0,0.01
2072,500,114.54432204396257,17.154,18.298,572,65,0,0.01
2073,500,105.63211024215451,20.842,22.064,611,65,0,0.01
2074,500,91.31836809982369,20.698,21.87,586,66,0,0.01
2075,500,97.39753816170219,19.51,20.656,573,67,0,0.01
2076,500,88.684398555815,21.138,22.308,585,65,0,0.01
2077,500,72.61850774200514,20.524,21.64,558,65,0,0.01
2078,500,87.3905317124015,22.23,23.428,599,63,0,0.01
2079,500,105.66670590146325,16.48,17.574,547,66,0,0.01
2080,500,111.54940396935837,16.368,17.468,550,65,0,0.01
2081,500,115.66927464283447,17.162,18.294,566,63,0,0.01
2082,500,98.01444370013766,18.204,19.306,551,65,0,0.01
2083,500,108.49053275838293,18.56,19.718,579,65,0,0.01
2084,500,45.48494513531316,25.49,26.626,568,63,0,0.01
2085,500,108.21095041095614,18.924,20.094,585,66,0,0.01
2086,500,86.74590500875426,20.336,21.488,576,65,0,0.01
2087,500,102.82914973255527,19.216,20.392,588,66,0,0.01
2088,500,85.32839624928874,21.386,22.562,588,63,0,0.01
2089,500,98.18426422366103,20.294,21.484,595,65,0,0.01
2090,500,94.99477353621708,18.34,19.452,556,69,0,0.01
2091,500,116.07576351984541,17.818,18.988,585,66,0,0.01
2092,500,88.2205719080916,18.332,19.426,547,65,0,0.01
2093,500,108.97366825458768,19.63,20.842,606,66,0,0.01
2094,500,103.43974638621529,18.3,19.432,566,70,0,0.01
2095,500,82.9538488362078,21.206,22.38,587,68,0,0.01
2096,500,104.75326118386548,19.746,20.93,592,65,0,0.01
2097,500,115.33651785869054,16.046,17.144,549,64,0,0.01
2098,500,100.75268873881555,19.328,20.492,582,63,0,0.01
2099,500,109.98340461253842,16.292,17.382,545,63,0,0.01
2100,500,92.20787673290549,17.47,18.554,542,64,0,0.01
2101,500,100.5425609358279,22.268,23.524,628,63,0,0.01
2102,500,104.11298311647633,18.518,19.666,574,64,0,0.01
2103,500,103.22658662440305,17.958,19.09,566,67,0,0.01
2104,500,72.08329039810535,20.146,21.23,542,64,0,0.01
2105,500,99.06999956040805,22.43,23.69,630,64,0,0.01
2106,500,79.41700250603981,19.578,20.65,536,63,0,0.01
2107,500,73.14174232114112,20.762,21.876,557,64,0,0.01
2108,500,67.5684734457275,23.806,24.978,586,61,0,0.01
2109,500,85.72003381848185,21.796,22.99,597,63,0,0.01
2110,500,107.30297017430377,18.78,19.94,580,68,0,0.01
2111,500,91.3755729075548,18.976,20.096,560,66,0,0.01
2112,500,88.91345128256197,22.138,23.348,605,65,0,0.01
2113,500,103.37483072892968,17.382,18.482,550,71,0,0.01
2114,500,95.46966110103492,19.212,20.344,566,68,0,0.01
2115,500,100.77955029290482,18.57,19.702,566,69,0,0.01
2116,500,129.31631559977384,16.98,18.164,592,67,0,0.01
2117,500,102.70595120122304,20.322,21.516,597,61,0,0.01
2118,500,108.30716927111548,17.696,18.848,576,67,0,0.01
2119,500,102.69658984030298,17.546,18.644,549,64,0,0.01
2120,500,97.16517777122785,19.788,20.95,581,65,0,0.01
2121,500,82.09362828472241,19.574,20.674,550,70,0,0.01
2122,500,91.00616297721591,20.232,21.39,579,65,0,0.01
2123,500,113.59407633308712,18.5,19.686,593,67,0,0.01
2124,500,104.84491464493728,19.566,20.742,588,60,0,0.01
2125,500,73.15412844376192,21.268,22.376,554,65,0,0.01
2126,500,108.87913305872401,16.742,17.844,551,65,0,0.01
2127,500,126.91184816184551,16.978,18.16,591,67,0,0.01
2128,500,58.92879328934054,23.924,25.08,578,65,0,0.01
2129,500,46.60475530281038,23.058,24.126,534,64,0,0.01
2130,500,107.33737815439937,18.5,19.66,580,67,0,0.01
2131,500,82.04069076675931,18.322,19.394,536,65,0,0.01
2132,500,108.25678424124955,19.81,21.014,602,63,0,0.01
2133,500,114.03558236763375,19.122,20.328,603,68,0,0.01
2134,500,105.01529904721423,19.602,20.776,587,65,0,0.01
2135,500,97.64286773990219,18.064,19.164,550,66,0,0.01
2136,500,108.17721778570164,19.58,20.772,596,64,0,0.01
2137,500,88.89696434747964,22.176,23.384,604,62,0,0.01
2138,500,95.55919845633784,20.41,21.596,593,67,0,0.01
2139,500,106.00088021907362,19.514,20.71,598,67,0,0.01
2140,500,112.26177250773652,20.01,21.23,610,64,0,0.01
2141,500,94.0164796619264,21.34,22.54,600,62,0,0.01
2142,500,108.75343691205465,18.252,19.414,581,64,0,0.01
2143,500,95.22157152279102,19.958,21.134,588,65,0,0.01
2144,500,100.10769999693875,19.93,21.114,592,62,0,0.01
2145,500,93.29213197644822,19.046,20.176,565,65,0,0.01
2146,500,94.34013320581099,18.256,19.372,558,68,0,0.01
2147,500,108.37102838718256,17.786,18.918,566,64,0,0.01
2148,500,110.6042600166124,18.332,19.486,577,68,0,0.01
2149,500,108.56582834470275,17.704,18.842,569,64,0,0.01
2150,500,76.33630366754353,22.986,24.194,604,66,0,0.01
2151,500,85.74550893827578,19.468,20.558,545,62,0,0.01
2152,500,87.92845418358512,19.538,20.648,555,63,0,0.01
2153,500,86.0656172150922,18.97,20.058,544,62,0,0.01
2154,500,100.66971633519022,20.912,22.138,613,65,0,0.01
2155,500,93.830429316204,18.874,20.018,572,69,0,0.01
2156,500,98.34607611150206,18.332,19.45,559,70,0,0.01
2157,500,114.36290287512988,18.4,19.58,590,63,0,0.01
2158,500,86.53810971296934,22.238,23.436,599,66,0,0.01
2159,500,116.73286473319853,17.686,18.84,577,66,0,0.01
2160,500,107.98028788429254,17.038,18.172,567,63,0,0.01
2161,500,96.36597788414929,19.498,20.632,567,64,0,0.01
2162,500,97.88581182523514,20.492,21.682,595,61,0,0.01
2163,500,102.63006402170573,17.792,18.9,554,68,0,0.01
2164,500,74.10618244855455,23.77,24.98,605,61,0,0.01
2165,500,80.11997194333048,21.646,22.826,590,64,0,0.01
2166,500,85.46581209142892,20.44,21.594,577,69,0,0.01
2167,500,106.95398320656558,19.346,20.538,596,62,0,0.01
2168,500,62.84287558340828,24.796,26.002,603,63,0,0.01
2169,500,111.59181696747282,18.648,19.826,589,65,0,0.01
2170,500,88.50396874302166,24.096,25.368,636,63,0,0.01
2171,500,82.63065030487536,22.312,23.504,596,65,0,0.01
2172,500,92.50734958654198,19.332,20.478,573,63,0,0.01
2173,500,100.27431384122623,19.202,20.358,578,64,0,0.01
2174,500,109.7358454369267,18.714,19.908,597,68,0,0.01
2175,500,98.08557953192225,20.742,21.942,600,62,0,0.01
2176,500,95.24152559651587,19.812,20.964,576,63,0,0.01
2177,500,102.15356730335361,17.074,18.148,537,66,0,0.01
2178,500,90.42560052463229,19.84,21.0,580,65,0,0.01
2179,500,97.668060875192,19.792,20.98,594,64,0,0.01
2180,500,108.82843865310151,17.994,19.134,570,66,0,0.01
2181,500,70.84863885825919,21.752,22.896,572,66,0,0.01
2182,500,112.30752463014481,19.306,20.508,601,65,0,0.01
2183,500,103.07920945658158,19.41,20.57,580,62,0,0.01
2184,500,97.20627152022611,19.61,20.766,578,70,0,0.01
2185,500,110.75196538514695,20.172,21.416,622,65,0,0.01
2186,500,108.626637233117,19.18,20.378,599,64,0,0.01
2187,500,96.01319026702772,17.938,19.028,545,64,0,0.01
2188,500,82.3480409472568,20.39,21.522,566,66,0,0.01
2189,500,76.57970771406112,24.432,25.684,626,67,0,0.01
2190,500,105.28415141660484,18.332,19.486,577,63,0,0.01
2191,500,96.91224520189739,19.532,20.686,577,65,0,0.01
2192,500,105.75973123592014,17.972,19.09,559,65,0,0.01
2193,500,111.25782264209796,16.664,17.776,556,67,0,0.01
2194,500,109.56186584345421,18.486,19.664,589,65,0,0.01
2195,500,109.49567555115252,18.942,20.122,590,66,0,0.01
2196,500,119.20617258949366,19.022,20.256,617,63,0,0.01
2197,500,86.6418816401316,19.938,21.07,566,66,0,0.01
2198,500,91.9866847565543,18.802,19.914,556,65,0,0.01
2199,500,96.58770026313259,19.846,21.01,582,61,0,0.01
2200,500,105.19099734500882,18.072,19.204,566,62,0,0.01
2201,500,106.41894653948748,18.486,19.636,575,63,0,0.01
2202,500,91.84694735045746,19.192,20.33,569,67,0,0.01
2203,500,88.20228781707105,22.084,23.3,608,62,0,0.01
2204,500,82.63263207849045,20.126,21.258,566,66,0,0.01
2205,500,111.4945299764667,19.598,20.804,603,63,0,0.01
2206,500,107.53355135447727,17.026,18.132,553,69,0,0.01
2207,500,108.53623427207725,16.614,17.698,542,65,0,0.01
2208,500,72.43813091487581,20.646,21.774,564,66,0,0.01
2209,500,115.46708246239906,16.418,17.532,557,65,0,0.01
2210,500,100.78904172193255,19.622,20.784,581,67,0,0.01
2211,500,90.8062400596597,21.344,22.526,591,65,0,0.01
2212,500,95.87104991228016,16.708,17.764,528,63,0,0.01
2213,500,99.48984320402647,16.268,17.31,521,69,0,0.01
2214,500,98.41509358902643,17.696,18.798,551,65,0,0.01
2215,500,88.98431053012484,21.616,22.806,595,65,0,0.01
2216,500,107.06620028019731,17.208,18.316,554,68,0,0.01
2217,500,86.20497604469875,20.626,21.798,586,65,0,0.01
2218,500,113.26315106032169,17.56,18.704,572,63,0,0.01
2219,500,105.619559334591,20.224,21.438,607,64,0,0.01
2220,500,104.57891428033983,20.492,21.718,613,71,0,0.01
2221,500,111.19479304575964,19.174,20.376,601,63,0,0.01
2222,500,109.1628823578098,18.536,19.702,583,65,0,0.01
2223,500,111.19549555891732,17.884,19.032,574,66,0,0.01
2224,500,88.00201022507184,20.038,21.19,576,63,0,0.01
2225,500,108.83398809820065,19.716,20.928,606,65,0,0.01
2226,500,97.81853920257161,18.718,19.844,563,62,0,0.01
2227,500,99.34107657857768,19.184,20.348,582,65,0,0.01
2228,500,49.73876451228665,25.45,26.62,585,62,0,0.01
2229,500,99.5955068253548,16.86,17.932,536,66,0,0.01
2230,500,100.75037707212378,20.768,21.974,603,67,0,0.01
2231,500,118.01261186556833,17.43,18.588,579,65,0,0.01
2232,500,108.61608656272968,20.856,22.128,636,67,0,0.01
2233,500,96.74820146815354,17.914,19.024,555,68,0,0.01
2234,500,115.09646970766414,18.642,19.842,600,64,0,0.01
2235,500,85.92123100965908,21.36,22.534,587,69,0,0.01
2236,500,86.10131865516064,19.742,20.902,580,68,0,0.01
2237,500,84.9627197831542,25.648,26.954,653,64,0,0.01
2238,500,104.75764659071747,17.648,18.786,569,68,0,0.01
2239,500,97.91487155437353,17.892,19.004,556,63,0,0.01
2240,500,90.89997784274293,20.97,22.132,581,62,0,0.01
2241,500,97.29492106010849,22.102,23.348,623,66,0,0.01
2242,500,94.91979162790395,20.014,21.198,592,68,0,0.01
2243,500,100.70999046172449,20.134,21.32,593,63,0,0.01
2244,500,70.51998184059539,23.678,24.878,600,66,0,0.01
2245,500,118.61806077782592,15.132,16.206,537,65,0,0.01
2246,500,110.98568143393639,21.642,22.934,646,64,0,0.01
2247,500,67.0046235805427,24.672,25.92,624,65,0,0.01
2248,500,85.87139364347672,21.496,22.664,584,63,0,0.01
2249,500,101.4957787841352,19.434,20.6,583,66,0,0.01
2250,500,94.39680060851846,18.458,19.58,561,60,0,0.01
2251,500,120.57417950907244,18.314,19.512,599,66,0,0.01
2252,500,111.22998693926202,16.648,17.748,550,64,0,0.01
2253,500,91.99772447174252,18.516,19.614,549,65,0,0.01
2254,500,103.08826775954991,19.256,20.426,585,65,0,0.01
2255,500,99.45820278249346,20.75,21.95,600,67,0,0.01
2256,500,103.4402102882547,19.332,20.49,579,65,0,0.01
2257,500,99.10503397899502,18.738,19.864,563,62,0,0.01
2258,500,106.3138543554316,19.342,20.528,593,64,0,0.01
2259,500,102.35414437384468,17.986,19.1,557,64,0,0.01
2260,500,96.25410333920453,18.242,19.336,547,65,0,0.01
2261,500,88.56527637876908,19.806,20.924,559,63,0,0.01
2262,500,89.68041622183267,20.504,21.664,580,65,0,0.01
2263,500,79.13117575887529,23.008,24.232,612,65,0,0.01
2264,500,99.27803447508819,17.196,18.274,539,65,0,0.01
2265,500,99.59575826681508,19.558,20.716,579,65,0,0.01
2266,500,121.70584764504915,19.264,20.504,620,66,0,0.01
2267,500,74.25381311159519,20.42,21.55,565,62,0,0.01
2268,500,113.14895853087987,19.812,21.03,609,67,0,0.01
2269,500,109.36972333758152,17.276,18.402,563,68,0,0.01
2270,500,106.01713655320656,17.184,18.29,553,66,0,0.01
2271,500,104.05272945026461,18.562,19.75,594,65,0,0.01
2272,500,91.72151491946335,21.318,22.494,588,63,0,0.01
2273,500,109.64996221489312,14.858,15.89,516,67,0,0.01
2274,500,106.99944148370076,19.24,20.412,586,66,0,0.01
2275,500,108.39473117060837,19.012,20.206,597,66,0,0.01
2276,500,86.72853387591537,23.156,24.426,635,63,0,0.01
2277,500,97.34323866761918,18.578,19.704,563,64,0,0.01
2278,500,101.35598513610552,19.118,20.28,581,65,0,0.01
2279,500,78.13243945064514,23.228,24.46,616,66,0,0.01
2280,500,99.33307582460505,19.152,20.304,576,68,0,0.01
2281,500,100.66858202694165,20.504,21.7,598,66,0,0.01
2282,500,82.48815322192571,22.524,23.73,603,58,0,0.01
2283,500,123.80904250172026,16.044,17.182,569,66,0,0.01
2284,500,108.06557879033863,21.616,22.878,631,62,0,0.01
2285,500,89.67491106764214,22.092,23.308,608,66,0,0.01
2286,500,114.05876138942338,17.122,18.25,564,68,0,0.01
2287,500,103.6501977644748,18.174,19.304,565,64,0,0.01
2288,500,105.7614164641208,19.944,21.154,605,62,0,0.01
2289,500,105.79007911500352,17.482,18.61,564,67,0,0.01
2290,500,84.84310892270253,20.872,22.03,579,63,0,0.01
2291,500,74.63517961795512,22.528,23.704,588,64,0,0.01
2292,500,111.28514314959419,15.942,17.028,543,65,0,0.01
2293,500,107.00448104348767,19.166,20.356,595,67,0,0.01
2294,500,88.16116860212031,21.378,22.578,600,64,0,0.01
2295,500,99.56390349760669,19.1,20.264,582,65,0,0.01
2296,500,83.37222984240611,19.982,21.108,563,66,0,0.01
2297,500,106.56004491392704,18.786,19.958,586,65,0,0.01
2298,500,106.68627146322862,18.956,20.126,585,64,0,0.01
2299,500,109.5273953036208,20.128,21.348,610,62,0,0.01
2300,500,80.00739025978693,21.202,22.368,583,64,0,0.01
2301,500,94.25808997543716,18.836,19.976,570,68,0,0.01
2302,500,118.08872176432463,18.232,19.42,594,64,0,0.01
2303,500,97.99095562578232,19.864,21.02,578,65,0,0.01
2304,500,107.17849173613156,19.742,20.944,601,65,0,0.01
2305,500,93.72537848997948,20.02,21.198,589,65,0,0.01
2306,500,86.54071059949317,19.722,20.852,565,61,0,0.01
2307,500,85.04023112876594,19.81,20.926,558,64,0,0.01
2308,500,112.26372181300765,20.544,21.798,627,62,0,0.01
2309,500,100.26085922636355,20.468,21.678,605,68,0,0.01
2310,500,109.72360953833876,18.422,19.596,587,64,0,0.01
2311,500,108.59848290364155,17.35,18.464,557,60,0,0.01
2312,500,81.70248470896263,21.554,22.714,580,66,0,0.01
2313,500,82.49874424236681,22.144,23.332,594,66,0,0.01
2314,500,88.14897836361372,21.328,22.546,609,68,0,0.01
2315,500,84.99371956668121,22.626,23.832,603,68,0,0.01
2316,500,92.44179924766014,19.86,20.996,568,63,0,0.01
2317,500,97.00160989054744,16.598,17.644,523,66,0,0.01
2318,500,68.83084651218076,23.346,24.512,583,63,0,0.01
2319,500,112.91350462962096,17.156,18.286,565,62,0,0.01
2320,500,98.16675683336834,18.272,19.398,563,67,0,0.01
2321,500,90.46357718398976,22.454,23.692,619,66,0,0.01
2322,500,67.33230540347836,25.558,26.788,615,65,0,0.01
2323,500,115.6984511198841,18.506,19.684,589,65,0,0.01
2324,500,105.0416705487251,18.468,19.604,568,64,0,0.01
2325,500,119.6483659299053,17.416,18.594,589,64,0,0.01
2326,500,113.58185632637803,17.614,18.756,571,65,0,0.01
2327,500,86.26075563198572,22.118,23.334,608,64,0,0.01
2328,500,105.68399226488067,17.68,18.796,558,71,0,0.01
2329,500,99.66806188296944,18.77,19.908,569,68,0,0.01
2330,500,72.87280091828326,23.524,24.732,604,65,0,0.01
2331,500,99.29309124109379,19.376,20.532,578,64,0,0.01
2332,500,105.10191825852661,18.438,19.57,566,66,0,0.01
2333,500,112.71628908783985,19.75,20.96,605,67,0,0.01
2334,500,84.60749417735586,20.11,21.242,566,67,0,0.01
2335,500,100.9728860490998,17.338,18.426,544,65,0,0.01
2336,500,112.47949304319478,18.83,20.01,590,65,0,0.01
2337,500,89.48077158086195,22.13,23.332,601,65,0,0.01
2338,500,93.91652101975782,21.626,22.826,600,68,0,0.01
2339,500,110.4517489837127,19.832,21.06,614,63,0,0.01
2340,500,103.83427269259128,18.182,19.33,574,66,0,0.01
2341,500,109.52718521999168,17.716,18.85,567,68,0,0.01
2342,500,96.82480773729345,17.028,18.1,536,65,0,0.01
2343,500,85.66212923593835,18.676,19.794,559,66,0,0.01
2344,500,116.5142259677349,18.28,19.468,594,66,0,0.01
2345,500,88.6934823247357,21.868,23.07,601,61,0,0.01
2346,500,55.15542749874922,24.432,25.576,572,65,0,0.01
2347,500,90.62442485855259,19.142,20.274,566,69,0,0.01
2348,500,104.45017793174094,16.754,17.836,541,65,0,0.01
2349,500,75.30328449869289,20.766,21.896,565,66,0,0.01
2350,500,109.06435219235374,19.154,20.342,594,62,0,0.01
2351,500,101.95075995086445,18.674,19.81,568,63,0,0.01
2352,500,89.30217995864713,21.142,22.33,594,63,0,0.01
2353,500,105.1158824355104,18.446,19.588,571,65,0,0.01
2354,500,109.39479473812357,16.636,17.734,549,64,0,0.01
2355,500,86.59651633731895,20.562,21.714,576,62,0,0.01
2356,500,84.524299054491,23.422,24.672,625,63,0,0.01
2357,500,109.64307750034011,19.906,21.126,610,65,0,0.01
2358,500,113.87393301624434,16.64,17.758,559,67,0,0.01
2359,500,108.38446473321648,21.188,22.438,625,66,0,0.01
2360,500,99.70805604055447,20.024,21.204,590,63,0,0.01
2361,500,101.99247281277151,18.166,19.288,561,62,0,0.01
2362,500,86.90143246999443,20.662,21.818,578,65,0,0.01
2363,500,99.00121506078285,21.284,22.504,610,65,0,0.01
2364,500,118.81188557882186,15.29,16.38,545,64,0,0.01
2365,500,100.90674141687956,18.04,19.166,563,64,0,0.01
2366,500,87.90460974242295,20.586,21.762,588,61,0,0.01
2367,500,107.14964020352627,18.144,19.3,578,65,0,0.01
2368,500,101.00201585829058,19.45,20.602,576,65,0,0.01
2369,500,78.89340556548314,21.314,22.464,575,66,0,0.01
2370,500,87.71659383815545,20.234,21.38,573,64,0,0.01
2371,500,106.19249300690052,17.512,18.656,572,65,0,0.01
2372,500,102.86410895579456,21.018,22.248,615,68,0,0.01
2373,500,56.79428038389836,26.298,27.548,625,64,0,0.01
2374,500,92.70437881828258,17.752,18.856,552,64,0,0.01
2375,500,93.16254647011901,20.444,21.622,589,64,0,0.01
2376,500,100.73937477391188,19.334,20.478,572,63,0,0.01
2377,500,108.45189494369926,17.522,18.656,567,66,0,0.01
2378,500,110.775391907542,18.86,20.038,589,65,0,0.01
2379,500,87.70581188223257,21.15,22.324,587,64,0,0.01
2380,500,84.53338383118917,23.138,24.366,614,63,0,0.01
2381,500,93.68923760604666,20.11,21.268,579,63,0,0.01
2382,500,55.55716571261384,23.568,24.714,573,61,0,0.01
2383,500,94.51237852627379,21.362,22.564,601,60,0,0.01
2384,500,88.54950583316835,19.984,21.132,574,67,0,0.01
2385,500,97.25662508952554,19.206,20.348,571,65,0,0.01
2386,500,108.53212118540095,19.24,20.424,592,65,0,0.01
2387,500,84.45898599575858,22.124,23.346,611,62,0,0.01
2388,500,108.72526499833685,19.558,20.762,602,65,0,0.01
2389,500,110.42715412082056,17.368,18.506,569,64,0,0.01
2390,500,97.405822825479,19.52,20.67,575,66,0,0.01
2391,500,80.79329138925415,22.436,23.632,598,68,0,0.01
2392,500,115.77805466921717,16.494,17.618,562,65,0,0.01
2393,500,103.29960626864366,19.368,20.546,589,63,0,0.01
2394,500,112.14229034622005,16.574,17.672,549,66,0,0.01
2395,500,98.90183091742291,17.408,18.502,547,70,0,0.01
2396,500,105.83043426483651,19.826,21.012,593,62,0,0.01
2397,500,100.44040584917757,19.282,20.454,586,65,0,0.01
2398,500,106.54660394245185,14.906,15.932,513,65,0,0.01
2399,500,94.451682121725,21.298,22.5,601,66,0,0.01
2400,500,67.91164519893216,25.502,26.728,613,64,0,0.01
2401,500,109.10734395332322,19.8,21.006,603,65,0,0.01
2402,500,104.57907375525511,21.662,22.918,628,64,0,0.01
2403,500,102.41329812545182,18.848,19.982,567,68,0,0.01
2404,500,119.77557789439128,17.288,18.456,584,64,0,0.01
2405,500,106.25110472804276,19.82,21.014,597,63,0,0.01
2406,500,107.5924632386978,16.668,17.754,543,65,0,0.01
2407,500,99.68488402115618,18.424,19.564,570,63,0,0.01
2408,500,115.25081655419233,17.274,18.43,578,67,0,0.01
2409,500,114.72704095236888,17.468,18.602,567,66,0,0.01
2410,500,55.01594121092143,27.002,28.266,632,61,0,0.01
2411,500,101.77347337825091,18.188,19.32,566,67,0,0.01
2412,500,110.05922496827183,17.648,18.804,578,68,0,0.01
2413,500,107.167190320823,17.388,18.516,564,66,0,0.01
2414,500,95.3783421584811,20.616,21.802,593,66,0,0.01
2415,500,103.76045719947524,19.598,20.79,596,63,0,0.01
2416,500,122.62859917399818,15.522,16.638,558,64,0,0.01
2417,500,90.80450051482647,22.7,23.944,622,66,0,0.01
2418,500,95.39146124704803,19.14,20.28,570,65,0,0.01
2419,500,105.96268047908181,20.678,21.89,606,66,0,0.01
2420,500,90.3147252329919,22.292,23.516,612,62,0,0.01
2421,500,98.35829250054738,17.73,18.808,539,68,0,0.01
2422,500,102.20009531344466,20.762,21.998,618,67,0,0.01
2423,500,96.43537723263705,17.782,18.884,551,63,0,0.01
2424,500,108.5796167934975,19.19,20.368,589,64,0,0.01
2425,500,83.26226920131091,18.956,20.042,543,67,0,0.01
2426,500,99.253953115172,18.016,19.142,563,68,0,0.01
2427,500,91.52731886755912,20.128,21.27,571,64,0,0.01
2428,500,86.09179439639387,23.464,24.724,630,63,0,0.01
2429,500,107.54439381637883,19.348,20.52,586,66,0,0.01
2430,500,89.1339615862667,22.498,23.73,616,66,0,0.01
2431,500,108.03290609102987,18.008,19.144,568,68,0,0.01
2432,500,105.93518665855052,16.228,17.322,547,70,0,0.01
2433,500,92.87083145708705,20.976,22.148,586,61,0,0.01
2434,500,68.1286427039127,25.728,26.964,618,62,0,0.01
2435,500,95.3750100365787,20.0,21.164,582,65,0,0.01
2436,500,106.36829880172375,18.97,20.14,585,66,0,0.01
2437,500,85.95150043712574,22.826,24.076,625,65,0,0.01
2438,500,91.16236647788372,19.402,20.54,569,61,0,0.01
2439,500,110.9880043670657,19.13,20.328,599,64,0,0.01
2440,500,82.28240857729881,18.81,19.888,539,65,0,0.01
2441,500,106.02541027373695,18.784,19.938,577,66,0,0.01
2442,500,109.43246169853305,17.87,19.04,585,65,0,0.01
2443,500,103.74783617365534,16.84,17.91,535,65,0,0.01
2444,500,90.6682405060322,22.924,24.17,623,63,0,0.01
2445,500,88.675506083771,17.818,18.91,546,65,0,0.01
2446,500,99.36288730644227,19.572,20.738,583,66,0,0.01
2447,500,97.59440091613638,20.364,21.554,595,65,0,0.01
2448,500,91.36469729272312,20.906,22.1,597,67,0,0.01
2449,500,108.65525715699557,19.496,20.704,604,66,0,0.01
2450,500,80.58353620634708,23.344,24.558,607,66,0,0.01
2451,500,90.45849232551653,20.228,21.376,574,71,0,0.01
2452,500,110.62470381972437,18.044,19.188,572,68,0,0.01
2453,500,83.41624205858588,22.688,23.894,603,64,0,0.01
2454,500,103.77454613453918,18.936,20.09,577,66,0,0.01
2455,500,93.43911633006007,20.264,21.426,581,67,0,0.01
2456,500,80.75374130097505,20.798,21.928,565,67,0,0.01
2457,500,113.4527201993821,17.57,18.72,575,65,0,0.01
2458,500,85.04738510195804,20.9,22.074,587,68,0,0.01
2459,500,93.79866152670418,21.524,22.736,606,63,0,0.01
2460,500,100.8055127651359,20.178,21.366,594,68,0,0.01
2461,500,106.25444248316397,19.9,21.09,595,66,0,0.01
2462,500,106.14876365454323,18.37,19.508,569,66,0,0.01
2463,500,92.81360649343102,20.76,21.944,592,65,0,0.01
2464,500,109.45795427411058,21.036,22.298,631,63,0,0.01
2465,500,115.78292875947504,17.84,19.014,587,67,0,0.01
2466,500,110.13427764122353,19.154,20.334,590,66,0,0.01
2467,500,113.17738957303591,16.072,17.17,549,64,0,0.01
2468,500,91.79069223329805,19.794,20.95,578,65,0,0.01
2469,500,85.55409633681319,21.886,23.076,595,62,0,0.01
2470,500,132.94981029849674,17.098,18.302,602,64,0,0.01
2471,500,115.3932884943806,16.704,17.812,554,66,0,0.01
2472,500,93.97806919192332,19.052,20.2,574,67,0,0.01
2473,500,95.77069318407824,18.146,19.252,553,68,0,0.01
2474,500,92.50014331227212,19.542,20.676,567,65,0,0.01
2475,500,90.56910780413257,21.746,22.952,603,67,0,0.01
2476,500,99.41305525028761,18.65,19.794,572,66,0,0.01
2477,500,104.76117459673429,18.724,19.894,585,64,0,0.01
2478,500,94.52973770808877,21.142,22.326,592,69,0,0.01
2479,500,86.41625694268724,23.096,24.338,621,62,0,0.01
2480,500,73.91730918165543,24.016,25.248,616,66,0,0.01
2481,500,100.15552549811213,20.622,21.82,599,66,0,0.01
2482,500,96.87387472055282,20.598,21.79,596,67,0,0.01
2483,500,111.28490453847621,18.26,19.428,584,67,0,0.01
2484,500,95.17473570084816,21.496,22.716,610,66,0,0.01
2485,500,96.8175689946798,19.958,21.112,577,64,0,0.01
2486,500,110.62529114887563,18.898,20.084,593,68,0,0.01
2487,500,109.84193261024068,19.034,20.232,599,69,0,0.01
2488,500,112.34626141376494,18.272,19.436,582,70,0,0.01
2489,500,93.81831579874614,21.99,23.212,611,67,0,0.01
2490,500,95.58205647453808,20.674,21.856,591,64,0,0.01
2491,500,94.32654321281291,22.304,23.556,626,64,0,0.01
2492,500,85.86390144384787,23.752,25.026,637,65,0,0.01
2493,500,114.2463342321625,16.848,17.974,563,65,0,0.01
2494,500,110.90989817198812,18.04,19.202,581,70,0,0.01
2495,500,119.35328307035815,16.506,17.632,563,67,0,0.01
2496,500,95.17828591654856,19.91,21.066,578,65,0,0.01
2497,500,97.00082329255477,20.376,21.57,597,65,0,0.01
2498,500,121.95086817068366,17.478,18.648,585,65,0,0.01
2499,500,89.60536849751324,19.994,21.15,578,70,0,0.01
2500,500,93.25137242277707,19.922,21.116,597,68,0,0.01
2501,500,91.73001035145555,22.204,23.426,611,65,0,0.01
2502,500,82.4687669678095,22.626,23.84,607,64,0,0.01
2503,500,95.00698360745744,19.806,20.95,572,66,0,0.01
2504,500,80.12782806828511,23.5,24.72,610,67,0,0.01
2505,500,75.9395391974596,21.596,22.742,573,67,0,0.01
2506,500,112.34383231457545,17.304,18.43,563,65,0,0.01
2507,500,106.19409785818466,17.402,18.522,560,65,0,0.01
2508,500,98.64769910315634,22.184,23.428,622,65,0,0.01
2509,500,91.80506407038882,20.124,21.288,582,66,0,0.01
2510,500,101.81359128613857,19.786,20.966,590,62,0,0.01
2511,500,80.1707745305683,21.85,23.014,582,66,0,0.01
2512,500,115.60207809483711,17.51,18.658,574,68,0,0.01
2513,500,92.02388813811537,19.526,20.674,574,66,0,0.01
2514,500,92.40292845507737,20.604,21.772,584,68,0,0.01
2515,500,57.07979042972371,25.088,26.298,605,62,0,0.01
2516,500,116.5839509070493,17.35,18.488,569,67,0,0.01
2517,500,102.08485324517594,18.586,19.726,570,69,0,0.01
2518,500,87.42195798099165,21.96,23.16,600,66,0,0.01
2519,500,101.09902288034748,20.532,21.738,603,64,0,0.01
2520,500,116.61726066490455,15.434,16.53,548,64,0,0.01
2521,500,93.23813159946205,19.03,20.154,562,67,0,0.01
2522,500,96.0327158401345,17.064,18.138,537,65,0,0.01
2523,500,102.23095577798125,18.512,19.656,572,64,0,0.01
2524,500,107.35297795864757,18.224,19.376,576,66,0,0.01
2525,500,101.81928600663805,20.722,21.93,604,65,0,0.01
2526,500,101.85094062768616,18.192,19.318,563,66,0,0.01
2527,500,91.08974254272637,20.918,22.106,594,64,0,0.01
2528,500,111.97944705992226,18.066,19.218,576,67,0,0.01
2529,500,76.25950714750832,22.88,24.088,604,66,0,0.01
2530,500,110.09025347401999,19.052,20.25,599,65,0,0.01
2531,500,118.40140635765971,18.614,19.828,607,67,0,0.01
2532,500,107.85064645922186,18.248,19.392,572,64,0,0.01
2533,500,92.42069497380811,20.192,21.346,577,64,0,0.01
2534,500,97.96234101193124,18.49,19.62,565,70,0,0.01
2535,500,89.27431315663986,20.778,21.958,590,65,0,0.01
2536,500,99.04618002907101,17.256,18.332,538,72,0,0.01
2537,500,101.27529925641053,18.9,20.05,575,65,0,0.01
2538,500,110.26888613087489,19.808,21.028,610,67,0,0.01
2539,500,116.59066250329955,16.282,17.4,559,70,0,0.01
2540,500,101.38592893454178,22.366,23.652,643,70,0,0.01
2541,500,96.38915420579781,21.054,22.266,606,67,0,0.01
2542,500,95.99323651649406,18.602,19.708,553,71,0,0.01
2543,500,118.4241561942449,17.418,18.608,595,71,0,0.01
2544,500,87.26344949283202,20.112,21.264,576,69,0,0.01
2545,500,84.45635671020491,20.736,21.874,569,69,0,0.01
2546,500,98.90716959430667,18.25,19.376,563,76,0,0.01
2547,500,96.87881306291217,18.036,19.136,550,76,0,0.01
2548,500,105.42581761065287,18.588,19.748,580,69,0,0.01
2549,500,97.16772892835631,23.646,24.952,653,67,0,0.01
2550,500,97.22328817335408,22.788,24.048,630,62,0,0.01
2551,500,106.1316986411926,18.506,19.658,576,69,0,0.01
2552,500,94.28635981210999,19.044,20.162,559,70,0,0.01
2553,500,87.64865016290062,18.04,19.138,549,71,0,0.01
2554,500,105.16792224078792,18.996,20.164,584,71,0,0.01
2555,500,92.5046153756417,20.03,21.19,580,67,0,0.01
2556,500,101.87099197798376,18.52,19.66,570,67,0,0.01
2557,500,97.84220095135717,20.176,21.356,590,64,0,0.01
2558,500,105.76880442298966,18.238,19.396,579,66,0,0.01
2559,500,78.8510576987886,22.75,23.944,597,61,0,0.01
2560,500,113.29771919991896,16.914,18.044,565,64,0,0.01
2561,500,96.67223378326095,21.94,23.166,613,62,0,0.01
2562,500,105.85999362062681,19.08,20.24,580,62,0,0.01
2563,500,105.51126903759537,20.75,21.986,618,64,0,0.01
2564,500,109.39301415865002,18.224,19.376,576,65,0,0.01
2565,500,107.62687053420727,17.92,19.052,566,65,0,0.01
2566,500,108.14587527875543,16.84,17.946,553,64,0,0.01
2567,500,85.40663218928302,20.23,21.386,578,63,0,0.01
2568,500,91.8217578328314,18.956,20.088,566,63,0,0.01
2569,500,102.18247475470028,18.86,20.018,579,64,0,0.01
2570,500,115.57913136636034,19.26,20.476,608,65,0,0.01
2571,500,113.54399778410453,15.88,16.976,548,62,0,0.01
2572,500,119.64526010670181,19.136,20.346,605,64,0,0.01
2573,500,107.40582813550655,18.426,19.578,576,63,0,0.01
2574,500,101.35736131174077,20.75,21.98,615,62,0,0.01
2575,500,77.36787589612027,20.398,21.518,560,62,0,0.01
2576,500,120.46086059553619,17.324,18.482,579,64,0,0.01
2577,500,97.86454908424545,18.644,19.766,561,63,0,0.01
2578,500,113.26027326638496,16.498,17.6,551,66,0,0.01
2579,500,102.62151427308103,20.234,21.45,608,64,0,0.01
2580,500,113.75453187802667,16.326,17.42,547,66,0,0.01
2581,500,81.2811230372402,19.206,20.332,563,65,0,0.01
2582,500,104.41875628859202,17.498,18.608,555,70,0,0.01
2583,500,112.15709329381525,20.134,21.37,618,64,0,0.01
2584,500,98.84872724534448,19.108,20.252,572,67,0,0.01
2585,500,106.38127362266799,17.266,18.38,557,65,0,0.01
2586,500,101.121122828044,19.844,21.026,591,64,0,0.01
2587,500,94.30433572988349,22.576,23.812,618,61,0,0.01
2588,500,100.66765848690873,20.976,22.182,603,60,0,0.01
2589,500,96.55446726453005,22.352,23.592,620,67,0,0.01
2590,500,78.24757173518972,20.432,21.546,557,65,0,0.01
2591,500,104.53706346861523,18.708,19.864,578,63,0,0.01
2592,500,103.93669254089825,18.198,19.326,564,64,0,0.01
2593,500,93.90618417912223,18.572,19.694,561,65,0,0.01
2594,500,111.11002260687705,16.852,17.974,561,67,0,0.01
2595,500,107.48657589035312,18.814,19.982,584,68,0,0.01
2596,500,74.5536066074259,22.072,23.226,577,60,0,0.01
2597,500,94.95632460325609,21.362,22.578,608,65,0,0.01
2598,500,100.902351061395,19.138,20.292,577,68,0,0.01
2599,500,97.92030714643492,21.262,22.48,609,68,0,0.01
2600,500,87.88573506598259,19.938,21.076,569,68,0,0.01
2601,500,123.15986954713298,18.146,19.344,599,64,0,0.01
2602,500,113.3308214458273,17.66,18.828,584,68,0,0.01
2603,500,114.6301262582522,15.864,16.962,549,67,0,0.01
2604,500,95.39936934988948,19.172,20.316,572,67,0,0.01
2605,500,108.35169805180777,18.076,19.254,589,68,0,0.01
2606,500,85.43887309350093,22.14,23.338,599,61,0,0.01
2607,500,99.69752126204601,21.106,22.336,615,68,0,0.01
2608,500,98.04024174882115,17.646,18.754,554,68,0,0.01
2609,500,104.752615920418,20.728,21.942,607,69,0,0.01
2610,500,106.6437538629589,19.28,20.462,591,66,0,0.01
2611,500,107.17909101630653,17.992,19.138,573,68,0,0.01
2612,500,109.7321979446535,19.826,21.046,610,66,0,0.01
2613,500,100.3205973740442,19.164,20.306,571,67,0,0.01
2614,500,100.035819609579,19.924,21.112,594,68,0,0.01
2615,500,118.45291045027741,18.542,19.74,599,68,0,0.01
2616,500,101.77154459029978,17.538,18.64,551,69,0,0.01
2617,500,115.05821903576746,18.042,19.212,585,67,0,0.01
2618,500,113.92568991949513,16.202,17.298,548,65,0,0.01
2619,500,96.6689751643424,18.372,19.49,559,64,0,0.01
2620,500,103.89161082469866,18.278,19.428,575,67,0,0.01
2621,500,105.91475106033954,21.058,22.3,621,63,0,0.01
2622,500,114.25544910025462,17.922,19.078,578,66,0,0.01
2623,500,117.4970944537916,17.764,18.936,586,66,0,0.01
2624,500,109.08848553015669,16.508,17.614,553,68,0,0.01
2625,500,87.371424419457,21.314,22.492,589,68,0,0.01
2626,500,96.68756130553732,18.56,19.698,569,67,0,0.01
2627,500,98.69500019631118,18.61,19.746,568,67,0,0.01
2628,500,92.07513942010014,19.82,20.958,569,70,0,0.01
2629,500,96.40499193657752,19.992,21.16,584,65,0,0.01
2630,500,97.37302230655371,22.192,23.456,632,67,0,0.01
2631,500,111.98791308510684,16.062,17.162,550,67,0,0.01
2632,500,80.29148071838699,22.67,23.866,598,63,0,0.01
2633,500,85.0369962834362,19.668,20.8,566,66,0,0.01
2634,500,103.88557165021228,16.698,17.762,532,66,0,0.01
2635,500,89.16564799107235,18.78,19.882,551,71,0,0.01
2636,500,102.02090147797743,18.5,19.65,575,67,0,0.01
2637,500,100.84701485882754,18.794,19.926,566,64,0,0.01
2638,500,96.46121627775663,19.564,20.708,572,67,0,0.01
2639,500,121.4018917847968,18.504,19.7,598,66,0,0.01
2640,500,80.17054686269658,22.578,23.78,601,67,0,0.01
2641,500,77.16746191820825,22.144,23.338,597,61,0,0.01
2642,500,86.57980274214268,20.314,21.448,567,64,0,0.01
2643,500,92.50291256319852,21.198,22.39,596,65,0,0.01
2644,500,89.98103533474124,20.17,21.324,577,66,0,0.01
2645,500,102.94118974702913,19.052,20.236,592,64,0,0.01
2646,500,83.26132944620812,19.5,20.63,565,64,0,0.01
2647,500,110.09483408039983,18.946,20.154,604,64,0,0.01
2648,500,110.76860322884804,18.816,19.99,587,64,0,0.01
2649,500,104.44058684919045,19.306,20.466,580,62,0,0.01
2650,500,77.32894254379973,22.504,23.698,597,63,0,0.01
2651,500,108.91796574974441,19.25,20.442,596,65,0,0.01
2652,500,103.00390859843807,18.748,19.918,585,65,0,0.01
2653,500,103.00653989954674,18.108,19.254,573,66,0,0.01
2654,500,108.08338771288213,17.904,19.07,583,66,0,0.01
2655,500,97.50313890010156,20.942,22.17,614,65,0,0.01
2656,500,99.3802828974561,18.646,19.772,563,67,0,0.01
2657,500,72.41245693968622,22.066,23.186,560,68,0,0.01
2658,500,98.97570760110386,17.698,18.796,549,69,0,0.01
2659,500,114.90195365994806,18.702,19.888,593,66,0,0.01
2660,500,97.11298738052231,21.074,22.274,600,68,0,0.01
2661,500,104.50510116417408,17.83,18.954,562,70,0,0.01
2662,500,94.67154853115497,19.576,20.738,581,69,0,0.01
2663,500,117.36335088529069,20.01,21.248,619,66,0,0.01
2664,500,99.48008206470956,17.19,18.286,548,68,0,0.01
2665,500,105.19994710496688,18.512,19.67,579,68,0,0.01
2666,500,98.48037554858746,18.646,19.78,567,71,0,0.01
2667,500,94.46649239490277,21.776,22.99,607,69,0,0.01
2668,500,106.50963510269506,18.484,19.64,578,67,0,0.01
2669,500,115.20082997175494,16.182,17.304,561,68,0,0.01
2670,500,90.57158457895855,20.936,22.106,585,68,0,0.01
2671,500,112.97336620441328,15.674,16.752,539,66,0,0.01
2672,500,76.05754126577206,24.472,25.716,622,69,0,0.01
2673,500,93.50650706980758,22.918,24.176,629,64,0,0.01
2674,500,99.99083155228845,18.99,20.154,582,70,0,0.01
2675,500,101.6245846948631,18.214,19.362,574,66,0,0.01
2676,500,88.70776682072264,21.144,22.328,592,64,0,0.01
2677,500,94.89879091022576,21.328,22.522,597,64,0,0.01
2678,500,84.65772826039868,21.89,23.068,589,66,0,0.01
2679,500,97.66363016965359,19.59,20.752,581,67,0,0.01
2680,500,116.33096603664117,18.398,19.572,587,63,0,0.01
2681,500,97.09543400695712,18.288,19.396,554,67,0,0.01
2682,500,112.5560887304834,17.48,18.63,575,67,0,0.01
2683,500,93.27949867641357,18.37,19.486,558,69,0,0.01
2684,500,83.2379866472531,20.374,21.514,570,68,0,0.01
2685,500,91.06560100002228,19.022,20.154,566,65,0,0.01
2686,500,89.40605837506064,22.844,24.088,622,63,0,0.01
2687,500,127.86591604720189,16.628,17.794,583,63,0,0.01
2688,500,94.56489848686476,20.296,21.49,597,67,0,0.01
2689,500,102.91985913627406,19.62,20.796,588,65,0,0.01
2690,500,98.81780164938787,17.646,18.758,556,65,0,0.01
2691,500,112.45954528727488,16.908,18.04,566,68,0,0.01
2692,500,107.40588112117051,15.59,16.652,531,66,0,0.01
2693,500,106.2500683809533,18.354,19.51,578,66,0,0.01
2694,500,105.83066724273554,18.04,19.172,566,68,0,0.01
2695,500,102.06947616016718,17.138,18.228,545,66,0,0.01
2696,500,98.55169306497127,19.692,20.858,583,64,0,0.01
2697,500,102.65543984937206,17.014,18.09,538,66,0,0.01
2698,500,79.68174041958122,23.998,25.242,622,63,0,0.01
2699,500,104.94764322261877,19.4,20.59,595,63,0,0.01
2700,500,88.84150475600478,19.434,20.578,572,62,0,0.01
2701,500,90.58812844055963,20.076,21.23,577,63,0,0.01
2702,500,104.80182596879041,16.388,17.474,543,68,0,0.01
2703,500,101.5836772559051,17.374,18.492,559,65,0,0.01
2704,500,99.10432651720511,19.028,20.19,581,66,0,0.01
2705,500,83.7355717475785,21.354,22.534,590,67,0,0.01
2706,500,99.77358618530725,20.13,21.308,589,68,0,0.01
2707,500,85.10592605846172,20.028,21.156,564,69,0,0.01
2708,500,114.52386798219052,17.5,18.652,576,65,0,0.01
2709,500,86.63328229057038,20.124,21.254,565,65,0,0.01
2710,500,114.46367019651639,20.304,21.562,629,65,0,0.01
2711,500,110.23218306055227,19.406,20.596,595,63,0,0.01
2712,500,104.33888439814234,18.42,19.576,578,65,0,0.01
2713,500,102.93067750139565,17.994,19.122,564,67,0,0.01
2714,500,103.92680302583727,18.298,19.446,574,65,0,0.01
2715,500,104.69664608223553,18.244,19.376,566,67,0,0.01
2716,500,98.77746528630713,20.304,21.49,593,68,0,0.01
2717,500,105.13474122007209,19.684,20.89,603,66,0,0.01
2718,500,111.459802361954,19.074,20.264,595,69,0,0.01
2719,500,108.88002944044091,17.936,19.104,584,65,0,0.01
2720,500,104.57391575519294,20.334,21.55,608,70,0,0.01
2721,500,98.00195929316683,18.234,19.36,563,67,0,0.01
2722,500,113.46460037754558,18.29,19.454,582,67,0,0.01
2723,500,97.85884309730854,18.776,19.924,574,66,0,0.01
2724,500,97.46457917563919,20.002,21.176,587,68,0,0.01
2725,500,100.2641761409735,20.146,21.356,605,66,0,0.01
2726,500,91.95833148142857,22.122,23.332,605,65,0,0.01
2727,500,100.2087377132008,18.328,19.46,566,66,0,0.01
2728,500,93.94376512939647,18.26,19.364,552,67,0,0.01
2729,500,113.43394279951438,17.4,18.548,574,65,0,0.01
2730,500,103.29518412940158,21.654,22.908,627,63,0,0.01
2731,500,106.12702968593138,18.572,19.742,585,68,0,0.01
2732,500,112.21217274489474,18.838,20.026,594,62,0,0.01
2733,500,107.74200011861065,18.68,19.85,585,67,0,0.01
2734,500,124.69227165683387,16.1,17.246,573,62,0,0.01
2735,500,95.19781712287401,18.5,19.614,557,68,0,0.01
2736,500,106.88096287773875,19.468,20.66,596,67,0,0.01
2737,500,109.30957886076244,17.766,18.898,566,66,0,0.01
2738,500,123.74700001293022,15.71,16.83,560,66,0,0.01
2739,500,103.06574526764518,19.202,20.368,583,65,0,0.01
2740,500,109.37331784419075,19.0,20.19,595,67,0,0.01
2741,500,91.23833311679492,18.962,20.066,552,64,0,0.01
2742,500,112.61134185599313,19.302,20.512,605,67,0,0.01
2743,500,105.05914120662777,20.678,21.908,615,65,0,0.01
2744,500,84.87054191406412,21.562,22.754,596,67,0,0.01
2745,500,105.68959895968989,19.098,20.26,581,67,0,0.01
2746,500,104.24960480210488,17.852,18.968,558,66,0,0.01
2747,500,111.84623063778483,18.45,19.606,578,65,0,0.01
2748,500,75.9562782585885,22.724,23.912,594,68,0,0.01
2749,500,101.17894674868371,17.788,18.912,562,68,0,0.01
2750,500,114.35747053933719,18.568,19.764,598,68,0,0.01
2751,500,97.02044183998396,20.02,21.198,589,66,0,0.01
2752,500,86.79785385526408,18.344,19.412,534,69,0,0.01
2753,500,111.79557726680233,19.47,20.672,601,66,0,0.01
2754,500,96.77397863812185,19.526,20.674,574,67,0,0.01
2755,500,90.58914394713763,21.136,22.334,599,65,0,0.01
2756,500,97.41716765237783,17.564,18.65,543,67,0,0.01
2757,500,100.22954713400222,19.608,20.774,583,64,0,0.01
2758,500,101.09888424594345,19.768,20.938,585,66,0,0.01
2759,500,106.91522027240667,21.028,22.282,627,65,0,0.01
2760,500,94.86003566304448,17.878,18.97,546,66,0,0.01
2761,500,86.83297086105475,23.862,25.114,626,61,0,0.01
2762,500,95.71784795585151,18.944,20.068,562,64,0,0.01
2763,500,71.58611025774564,23.048,24.244,598,60,0,0.01
2764,500,111.64857171128426,19.9,21.112,606,65,0,0.01
2765,500,89.507545470656,19.8,20.952,576,68,0,0.01
2766,500,93.89328249976674,19.378,20.506,564,65,0,0.01
2767,500,107.94356361206368,18.28,19.428,574,70,0,0.01
2768,500,102.04333626738313,19.554,20.718,582,65,0,0.01
2769,500,113.44034296624896,20.07,21.32,625,66,0,0.01
2770,500,112.37360243858117,17.434,18.576,571,68,0,0.01
2771,500,100.61139516484832,17.036,18.122,543,65,0,0.01
2772,500,109.26861348750809,18.762,19.936,587,69,0,0.01
2773,500,84.79185164610392,23.164,24.396,616,63,0,0.01
2774,500,101.43494873201874,17.034,18.154,560,66,0,0.01
2775,500,131.47212664762742,16.758,17.95,596,64,0,0.01
2776,500,91.89486156190725,17.874,18.96,543,67,0,0.01
2777,500,114.09878169754728,17.724,18.872,574,65,0,0.01
2778,500,92.44406818734814,21.194,22.382,594,66,0,0.01
2779,500,72.93634570996099,21.756,22.91,577,64,0,0.01
2780,500,109.31577920252788,17.97,19.118,574,63,0,0.01
2781,500,81.2560046074442,22.668,23.876,604,63,0,0.01
2782,500,104.21915268226155,18.892,20.052,580,70,0,0.01
2783,500,99.12792345776172,17.292,18.376,542,68,0,0.01
2784,500,101.14912601596406,16.416,17.468,526,64,0,0.01
2785,500,109.25657878306177,17.872,19.02,574,67,0,0.01
2786,500,89.6972433086517,21.154,22.336,591,63,0,0.01
2787,500,115.47467587945584,16.646,17.766,560,65,0,0.01
2788,500,103.97292639915369,18.626,19.774,574,66,0,0.01
2789,500,88.32113340989513,20.356,21.506,575,67,0,0.01
2790,500,93.5548746014459,22.168,23.408,620,64,0,0.01
2791,500,109.58447173560783,17.584,18.718,567,64,0,0.01
2792,500,100.39666128952817,19.202,20.346,572,63,0,0.01
2793,500,112.28058700138918,17.938,19.094,578,65,0,0.01
2794,500,107.3712093871954,17.83,18.94,555,61,0,0.01
2795,500,107.97320998576673,18.07,19.226,578,63,0,0.01
2796,500,96.33978705946011,20.15,21.312,581,67,0,0.01
2797,500,106.40366705424258,18.03,19.16,565,68,0,0.01
2798,500,109.47123352217928,19.194,20.396,601,64,0,0.01
2799,500,87.94132765864292,23.98,25.244,632,64,0,0.01
2800,500,103.72568923490878,17.774,18.896,561,68,0,0.01
2801,500,103.04230386114877,20.094,21.296,601,67,0,0.01
2802,500,88.31104664154753,23.064,24.314,625,65,0,0.01
2803,500,76.48522381149769,21.254,22.406,576,66,0,0.01
2804,500,106.74607047828336,18.836,19.996,580,64,0,0.01
2805,500,108.450899269855,17.878,19.018,570,65,0,0.01
2806,500,100.47939938428581,19.892,21.094,601,66,0,0.01
2807,500,90.02387325401403,19.114,20.228,557,68,0,0.01
2808,500,109.78937829420967,16.21,17.3,545,67,0,0.01
2809,500,96.66840698333884,20.466,21.638,586,66,0,0.01
2810,500,92.10946500772454,19.486,20.616,565,64,0,0.01
2811,500,96.5389727470236,18.492,19.604,556,65,0,0.01
2812,500,82.56442364157897,20.906,22.092,593,63,0,0.01
2813,500,82.85769716122734,21.55,22.728,589,69,0,0.01
2814,500,124.93327106233704,18.468,19.7,616,67,0,0.01
2815,500,115.19866032419459,13.298,14.296,499,66,0,0.01
2816,500,89.45393191326548,19.704,20.852,574,67,0,0.01
2817,500,122.04867530566197,18.266,19.464,599,65,0,0.01
2818,500,113.9904096926665,16.66,17.778,559,69,0,0.01
2819,500,89.14548145676847,20.596,21.78,592,67,0,0.01
2820,500,81.39354162820477,16.992,18.018,513,68,0,0.01
2821,500,118.75730012117559,18.972,20.19,609,72,0,0.01
2822,500,109.23250868958304,17.624,18.766,571,64,0,0.01
2823,500,104.96675188473588,17.248,18.368,560,66,0,0.01
2824,500,103.55861575262789,20.002,21.19,594,65,0,0.01
2825,500,110.67233806222507,18.758,19.932,587,65,0,0.01
2826,500,92.05084234333593,18.768,19.892,562,67,0,0.01
2827,500,99.77579562679395,17.216,18.296,540,68,0,0.01
2828,500,112.59055327570307,18.428,19.598,585,64,0,0.01
2829,500,109.6114206308009,17.88,19.008,564,68,0,0.01
2830,500,92.91288052987596,19.142,20.248,553,66,0,0.01
2831,500,109.33640931568024,16.664,17.766,551,67,0,0.01
2832,500,99.29256477931665,19.706,20.878,586,65,0,0.01
2833,500,81.18217853247715,23.62,24.88,630,65,0,0.01
2834,500,88.49175541551266,19.088,20.208,560,66,0,0.01
2835,500,79.70413453574196,23.23,24.444,607,65,0,0.01
2836,500,106.48185632637797,17.642,18.77,564,66,0,0.01
2837,500,84.60696172096473,23.03,24.24,605,62,0,0.01
2838,500,111.85254346341542,20.066,21.298,616,68,0,0.01
2839,500,84.33679372012188,23.334,24.562,614,63,0,0.01
2840,500,106.90060262707438,17.464,18.598,567,67,0,0.01
2841,500,115.61781190804786,17.52,18.668,574,67,0,0.01
2842,500,103.24188200152666,17.82,18.948,564,64,0,0.01
2843,500,118.34235121359383,17.734,18.902,584,65,0,0.01
2844,500,104.75547951483958,19.838,21.018,590,67,0,0.01
2845,500,97.73281275531198,19.584,20.736,576,67,0,0.01
2846,500,113.8744832516103,19.736,20.962,613,66,0,0.01
2847,500,111.11000277414325,15.436,16.508,536,66,0,0.01
2848,500,114.88856723804176,18.074,19.244,585,66,0,0.01
2849,500,120.9322145211186,17.656,18.828,586,65,0,0.01
2850,500,104.77551959869973,21.238,22.484,623,64,0,0.01
2851,500,101.51803820674692,19.912,21.086,587,69,0,0.01
2852,500,110.55935366720698,18.988,20.17,591,66,0,0.01
2853,500,106.68270535564942,21.136,22.394,629,63,0,0.01
2854,500,117.40495588877373,18.564,19.758,597,67,0,0.01
2855,500,103.51709382620265,19.97,21.164,597,68,0,0.01
2856,500,76.37701691475117,20.824,21.95,563,65,0,0.01
2857,500,108.71073469410834,17.048,18.158,555,65,0,0.01
2858,500,113.31113108777784,18.422,19.592,585,67,0,0.01
2859,500,102.32332595172554,18.99,20.15,580,71,0,0.01
2860,500,114.35053365216541,16.286,17.394,554,68,0,0.01
2861,500,111.78488402115606,18.376,19.54,582,62,0,0.01
2862,500,100.81699228558382,16.976,18.062,543,68,0,0.01
2863,500,110.26368745756778,16.662,17.796,567,67,0,0.01
2864,500,99.92491953657229,19.96,21.144,592,71,0,0.01
2865,500,97.8114136284095,21.528,22.75,611,66,0,0.01
2866,500,95.56317121624662,19.566,20.716,575,66,0,0.01
2867,500,102.09653822381163,17.318,18.414,548,65,0,0.01
2868,500,109.42788109215309,17.976,19.136,580,66,0,0.01
2869,500,107.05668270063074,16.808,17.908,550,68,0,0.01
2870,500,98.76983151919647,18.776,19.902,563,67,0,0.01
2871,500,61.27742252109912,25.806,27.036,615,61,0,0.01
2872,500,107.17200285912062,19.082,20.248,583,68,0,0.01
2873,500,102.53747044413596,20.57,21.766,598,66,0,0.01
2874,500,100.47379232808142,20.528,21.72,596,66,0,0.01
2875,500,121.26031892646654,16.712,17.866,577,64,0,0.01
2876,500,93.20345954229578,20.748,21.93,591,67,0,0.01
2877,500,106.32826260172118,18.962,20.136,587,67,0,0.01
2878,500,99.30872419827215,14.848,15.856,504,65,0,0.01
2879,500,102.94596825307798,17.378,18.474,548,66,0,0.01
2880,500,100.63024932396867,17.796,18.918,561,68,0,0.01
2881,500,102.4710942031891,19.99,21.188,599,67,0,0.01
2882,500,99.900716118717,17.894,19.018,562,67,0,0.01
2883,500,116.3650434390739,18.904,20.106,601,68,0,0.01
2884,500,105.45792913134909,20.69,21.912,611,65,0,0.01
2885,500,109.08735978820454,18.588,19.766,589,66,0,0.01
2886,500,104.88555442736492,17.78,18.934,577,65,0,0.01
2887,500,115.85125993891175,18.418,19.598,590,66,0,0.01
2888,500,110.21613029751103,17.06,18.188,564,68,0,0.01
2889,500,122.21624447373992,15.882,16.992,555,67,0,0.01
2890,500,68.06913821871754,23.714,24.918,602,68,0,0.01
2891,500,117.15274071670214,17.438,18.6,581,68,0,0.01
2892,500,84.16306762186876,21.204,22.366,581,66,0,0.01
2893,500,100.13592916036667,18.316,19.434,559,68,0,0.01
2894,500,92.8852920044542,19.292,20.408,558,68,0,0.01
2895,500,108.80045204164652,19.296,20.496,600,67,0,0.01
2896,500,67.93309992138492,23.224,24.428,602,67,0,0.01
2897,500,85.62185149174032,17.966,19.04,537,64,0,0.01
2898,500,114.171620341775,19.094,20.308,607,64,0,0.01
2899,500,95.11909012252393,20.29,21.474,592,67,0,0.01
2900,500,84.06471250001564,21.876,23.076,600,63,0,0.01
2901,500,118.55215338755102,16.58,17.702,561,64,0,0.01
2902,500,112.4232845938943,18.664,19.844,590,65,0,0.01
2903,500,120.15454506976423,19.264,20.502,619,67,0,0.01
2904,500,110.4457253779139,17.136,18.264,564,69,0,0.01
2905,500,99.16997015360057,19.536,20.7,582,71,0,0.01
2906,500,97.40400652139314,20.286,21.464,589,64,0,0.01
2907,500,99.56981631190402,17.834,18.94,553,66,0,0.01
2908,500,98.16881331247717,21.276,22.512,618,64,0,0.01
2909,500,106.04275887370092,18.104,19.246,571,70,0,0.01
2910,500,86.6667501541681,22.438,23.65,606,67,0,0.01
2911,500,108.0786320628994,17.956,19.096,570,67,0,0.01
2912,500,103.4519052023593,17.484,18.61,563,66,0,0.01
2913,500,115.37823961008483,18.544,19.722,589,65,0,0.01
2914,500,83.86405697790808,22.916,24.144,614,69,0,0.01
2915,500,108.87821345954599,19.22,20.408,594,68,0,0.01
2916,500,126.54811448844485,14.69,15.796,553,66,0,0.01
2917,500,105.4260435861607,20.406,21.628,611,65,0,0.01
2918,500,106.65635606382261,19.608,20.808,600,67,0,0.01
2919,500,103.53791555942311,16.596,17.688,546,63,0,0.01
2920,500,81.72683738127704,22.276,23.496,610,62,0,0.01
2921,500,96.89043378944645,20.676,21.874,599,65,0,0.01
2922,500,101.47052739135786,19.024,20.182,579,67,0,0.01
2923,500,104.92738279646954,15.65,16.684,517,62,0,0.01
2924,500,107.3491250081865,17.402,18.522,560,68,0,0.01
2925,500,120.77325033582044,19.318,20.554,618,66,0,0.01
2926,500,97.10773178069641,18.754,19.884,565,66,0,0.01
2927,500,109.76026763316621,17.046,18.168,561,69,0,0.01
2928,500,113.00241329794159,17.21,18.354,572,66,0,0.01
2929,500,101.20140273999574,17.194,18.29,548,65,0,0.01
2930,500,81.84706015751372,21.166,22.334,584,68,0,0.01
2931,500,107.51346359498095,17.408,18.52,556,66,0,0.01
2932,500,113.46355839723742,17.36,18.512,576,68,0,0.01
2933,500,106.22053586028798,16.916,18.03,557,67,0,0.01
2934,500,113.83496788016623,19.934,21.174,620,64,0,0.01
2935,500,122.24153058335239,18.128,19.326,599,65,0,0.01
2936,500,93.23530372965303,20.746,21.928,591,62,0,0.01
2937,500,116.85976168870907,17.232,18.388,578,69,0,0.01
2938,500,109.74748869633606,19.21,20.398,594,65,0,0.01
2939,500,101.3974759633596,18.802,19.962,580,67,0,0.01
2940,500,114.39584665390042,16.966,18.098,566,68,0,0.01
2941,500,102.71605184589453,19.044,20.224,590,67,0,0.01
2942,500,72.58733991726673,19.888,20.972,542,71,0,0.01
2943,500,96.01115586914409,20.906,22.11,602,64,0,0.01
2944,500,102.84543547349581,19.776,20.96,592,67,0,0.01
2945,500,99.93701680075615,19.492,20.658,583,67,0,0.01
2946,500,91.00116940070143,21.07,22.238,584,67,0,0.01
2947,500,74.47849000556384,24.992,26.256,632,60,0,0.01
2948,500,110.49291587429983,18.756,19.928,586,67,0,0.01
2949,500,114.4850891561527,19.776,21.014,619,66,0,0.01
2950,500,109.2582593858212,19.366,20.578,606,66,0,0.01
2951,500,90.59976675133629,19.572,20.702,565,67,0,0.01
2952,500,78.09327718973917,20.496,21.61,557,66,0,0.01
2953,500,114.70923307580668,17.594,18.742,574,65,0,0.01
2954,500,102.69304988326263,19.074,20.238,582,65,0,0.01
2955,500,90.37995163520668,21.004,22.184,590,64,0,0.01
2956,500,105.74414631577348,18.668,19.824,578,64,0,0.01
2957,500,92.96625684532104,18.492,19.592,550,67,0,0.01
2958,500,121.4294237450947,17.126,18.292,583,66,0,0.01
2959,500,65.8992396049728,21.534,22.676,571,66,0,0.01
2960,500,101.81059931597294,19.854,21.034,590,66,0,0.01
2961,500,82.0102078709359,19.536,20.646,555,69,0,0.01
2962,500,104.0671185102027,17.806,18.914,554,67,0,0.01
2963,500,112.85319436008172,18.544,19.722,589,66,0,0.01
2964,500,77.80807688106565,20.514,21.646,566,67,0,0.01
2965,500,97.95276650584579,18.916,20.054,569,68,0,0.01
2966,500,110.74874349861838,16.416,17.522,553,64,0,0.01
2967,500,80.31262534229279,23.638,24.87,616,63,0,0.01
2968,500,107.12335210226448,18.322,19.468,573,65,0,0.01
2969,500,93.05036218802248,20.38,21.54,580,66,0,0.01
2970,500,82.1897905415539,19.694,20.782,544,64,0,0.01
2971,500,101.36964026052372,18.786,19.934,574,64,0,0.01
2972,500,111.69444826858145,18.008,19.162,577,65,0,0.01
2973,500,113.47758939800492,18.538,19.722,592,65,0,0.01
2974,500,123.07650143442427,16.804,17.968,582,67,0,0.01
2975,500,85.97863495777283,23.64,24.892,626,64,0,0.01
2976,500,108.09934456852336,16.708,17.808,550,66,0,0.01
2977,500,82.79675888929191,20.266,21.404,569,67,0,0.01
2978,500,111.47520165664668,17.864,19.006,571,65,0,0.01
2979,500,102.76675582559098,19.266,20.456,595,67,0,0.01
2980,500,104.14726135165535,20.48,21.686,603,67,0,0.01
2981,500,112.13375186403279,17.944,19.098,577,66,0,0.01
2982,500,113.73128635564434,17.678,18.818,570,63,0,0.01
2983,500,120.10277960021722,17.218,18.374,578,62,0,0.01
2984,500,126.69892564197876,17.382,18.574,596,64,0,0.01
2985,500,106.59781780746033,16.924,18.014,545,63,0,0.01
2986,500,102.10140036304567,21.268,22.512,622,64,0,0.01
2987,500,108.27038380832148,17.236,18.352,558,68,0,0.01
2988,500,103.75191015099183,18.48,19.626,573,66,0,0.01
2989,500,111.93539211673837,18.138,19.302,582,66,0,0.01
2990,500,32.70861714275874,26.942,28.108,583,63,0,0.01
2991,500,103.79087854333856,18.728,19.872,572,69,0,0.01
2992,500,102.57409180657328,19.386,20.558,586,64,0,0.01
2993,500,122.71414188289974,20.744,22.038,647,66,0,0.01
2994,500,101.04262023929684,17.364,18.458,547,62,0,0.01
2995,500,122.14535275783331,19.124,20.348,612,64,0,0.01
2996,500,106.95536533861069,20.96,22.186,613,66,0,0.01
2997,500,109.27531977373067,18.752,19.922,585,65,0,0.01
2998,500,111.96966146243012,17.094,18.222,564,67,0,0.01
2999,500,97.75107994667646,17.44,18.548,554,64,0,0.01
3000,500,80.70772578608252,21.408,22.568,580,64,0,0.01
