episode,steps,cumulative_reward,average_queue_length,average_waiting_time,total_throughput,phase_switches,overflow_count,epsilon
1,120,23.0,60.025,60.21666666666667,23,54,1,1.0
2,160,54.0,68.3625,68.7,54,65,1,0.995
3,129,30.0,63.72868217054263,63.96124031007752,30,57,1,0.990025
4,113,29.0,59.4070796460177,59.663716814159294,29,49,1,0.985074875
5,143,29.0,59.69230769230769,59.89510489510489,29,64,1,0.9801495006250001
6,151,40.0,77.26490066225166,77.52980132450331,40,65,1,0.9752487531218751
7,136,42.0,61.904411764705884,62.213235294117645,42,57,1,0.9703725093562657
8,166,48.0,72.1144578313253,72.40361445783132,48,71,1,0.9655206468094844
9,195,65.0,78.92307692307692,79.25641025641026,65,80,1,0.960693043575437
10,162,70.0,63.666666666666664,64.09876543209876,70,64,1,0.9558895783575597
11,148,52.0,60.67567567567568,61.027027027027025,52,60,1,0.9511101304657719
12,134,41.0,56.28358208955224,56.58955223880597,41,55,1,0.946354579813443
13,130,48.0,60.33076923076923,60.7,48,52,1,0.9416228069143757
14,147,43.0,61.59863945578231,61.89115646258504,43,62,1,0.9369146928798039
15,157,60.0,52.47133757961783,52.853503184713375,60,64,1,0.9322301194154049
16,149,49.0,64.8255033557047,65.15436241610739,49,61,1,0.9275689688183278
17,121,26.0,61.247933884297524,61.46280991735537,26,54,1,0.9229311239742362
18,141,40.0,59.40425531914894,59.687943262411345,40,60,1,0.918316468354365
19,163,74.0,76.5398773006135,76.99386503067484,74,63,1,0.9137248860125932
20,100,25.0,52.16,52.41,25,43,1,0.9091562615825302
21,130,42.0,59.646153846153844,59.96923076923077,42,55,1,0.9046104802746175
22,156,58.0,66.96794871794872,67.33974358974359,58,63,1,0.9000874278732445
23,129,32.0,64.72868217054264,64.97674418604652,32,57,1,0.8955869907338783
24,129,32.0,63.27906976744186,63.52713178294574,32,56,1,0.8911090557802088
25,137,52.0,58.722627737226276,59.1021897810219,52,55,1,0.8866535105013078
26,148,57.0,60.28378378378378,60.66891891891892,57,60,1,0.8822202429488013
27,137,29.0,69.97080291970804,70.18248175182482,29,60,1,0.8778091417340573
28,113,30.0,54.68141592920354,54.94690265486726,30,49,1,0.8734200960253871
29,120,34.0,61.0,61.28333333333333,34,51,1,0.8690529955452602
30,160,61.0,60.76875,61.15,61,64,1,0.8647077305675338
31,155,68.0,61.24516129032258,61.68387096774194,68,60,1,0.8603841919146962
32,131,49.0,58.47328244274809,58.847328244274806,49,53,1,0.8560822709551227
33,151,46.0,66.97350993377484,67.27814569536424,46,64,1,0.851801859600347
34,126,48.0,60.96031746031746,61.34126984126984,48,51,1,0.8475428503023453
35,142,57.0,59.78169014084507,60.183098591549296,57,57,1,0.8433051360508336
36,161,73.0,76.37267080745342,76.82608695652173,73,62,1,0.8390886103705794
37,162,94.0,54.25308641975309,54.833333333333336,94,57,1,0.8348931673187264
38,158,59.0,67.5253164556962,67.89873417721519,59,64,1,0.8307187014821328
39,189,86.0,71.28571428571429,71.74074074074075,86,72,1,0.8265651079747222
40,144,36.0,70.03472222222223,70.28472222222223,36,63,1,0.8224322824348486
41,154,69.0,67.31168831168831,67.75974025974025,69,59,1,0.8183201210226743
42,159,85.0,47.490566037735846,48.0251572327044,85,57,1,0.8142285204175609
43,142,52.0,69.88732394366197,70.25352112676056,52,58,1,0.810157377815473
44,162,75.0,78.22839506172839,78.69135802469135,75,61,1,0.8061065909263957
45,103,29.0,52.970873786407765,53.25242718446602,29,44,1,0.8020760579717637
46,228,117.0,69.33771929824562,69.85087719298245,117,83,1,0.798065677681905
47,159,57.0,63.75471698113208,64.11320754716981,57,64,1,0.7940753492934954
48,122,56.0,63.00819672131148,63.467213114754095,56,46,1,0.7901049725470279
49,130,46.0,63.01538461538462,63.36923076923077,46,51,1,0.7861544476842928
50,177,82.0,62.548022598870055,63.01129943502825,82,68,1,0.7822236754458713
51,159,73.0,60.295597484276726,60.75471698113208,73,59,1,0.778312557068642
52,167,98.0,57.119760479041915,57.706586826347305,98,59,1,0.7744209942832988
53,162,73.0,69.45061728395062,69.90123456790124,73,62,1,0.7705488893118823
54,161,64.0,62.65217391304348,63.04968944099379,64,61,1,0.7666961448653229
55,139,49.0,63.34532374100719,63.697841726618705,49,56,1,0.7628626641409962
56,131,53.0,59.412213740458014,59.81679389312977,53,52,1,0.7590483508202912
57,170,94.0,61.7,62.252941176470586,94,59,1,0.7552531090661897
58,110,53.0,46.9,47.38181818181818,53,39,1,0.7514768435208588
59,185,103.0,64.44324324324324,65.0,103,66,1,0.7477194593032545
60,206,127.0,68.48543689320388,69.10194174757281,127,71,1,0.7439808620067382
61,131,77.0,53.3587786259542,53.94656488549618,77,46,1,0.7402609576967045
62,164,78.0,63.84756097560975,64.32317073170732,78,61,1,0.736559652908221
63,119,44.0,50.00840336134454,50.378151260504204,44,47,1,0.7328768546436799
64,143,55.0,46.44055944055944,46.82517482517483,55,56,1,0.7292124703704616
65,127,65.0,54.55905511811024,55.07086614173228,65,47,1,0.7255664080186093
66,189,112.0,70.3068783068783,70.8994708994709,112,66,1,0.7219385759785162
67,177,96.0,59.6045197740113,60.14689265536723,96,62,1,0.7183288830986236
68,172,79.0,67.5,67.95930232558139,79,64,1,0.7147372386831305
69,134,72.0,51.791044776119406,52.32835820895522,72,49,1,0.7111635524897149
70,190,107.0,49.38421052631579,49.94736842105263,107,67,1,0.7076077347272662
71,148,80.0,58.067567567567565,58.608108108108105,80,51,1,0.7040696960536299
72,160,72.0,64.775,65.225,72,62,1,0.7005493475733617
73,227,137.0,73.81497797356828,74.41850220264317,137,78,1,0.697046600835495
74,140,67.0,52.69285714285714,53.17142857142857,67,52,1,0.6935613678313175
75,218,134.0,60.637614678899084,61.25229357798165,134,75,1,0.6900935609921609
76,132,83.0,45.95454545454545,46.583333333333336,83,44,1,0.6866430931872001
77,130,62.0,54.61538461538461,55.09230769230769,62,48,1,0.6832098777212641
78,210,129.0,62.871428571428574,63.48571428571429,129,72,1,0.6797938283326578
79,186,99.0,55.03225806451613,55.564516129032256,99,66,1,0.6763948591909945
80,175,93.0,66.57142857142857,67.10285714285715,93,61,1,0.6730128848950395
81,210,105.0,61.44285714285714,61.94285714285714,105,76,1,0.6696478204705644
82,229,140.0,77.32314410480349,77.93449781659389,140,79,1,0.6662995813682115
83,162,88.0,61.01851851851852,61.56172839506173,88,59,1,0.6629680834613705
84,173,103.0,66.3757225433526,66.97109826589596,103,58,1,0.6596532430440636
85,150,73.0,67.6,68.08666666666667,73,55,1,0.6563549768288433
86,163,84.0,65.50306748466258,66.01840490797547,84,59,1,0.653073201944699
87,142,65.0,50.0,50.45774647887324,65,53,1,0.6498078359349755
88,145,92.0,62.86896551724138,63.50344827586207,92,49,1,0.6465587967553006
89,224,143.0,70.07142857142857,70.70982142857143,143,73,1,0.6433260027715241
90,185,112.0,58.57837837837838,59.18378378378378,112,63,1,0.6401093727576664
91,167,103.0,62.25149700598802,62.868263473053894,103,56,1,0.6369088258938781
92,169,115.0,65.13609467455622,65.81656804733728,115,51,1,0.6337242817644086
93,152,110.0,51.21052631578947,51.93421052631579,110,44,1,0.6305556603555866
94,181,103.0,64.20441988950276,64.77348066298343,103,63,1,0.6274028820538087
95,140,68.0,41.4,41.885714285714286,68,49,1,0.6242658676435396
96,150,75.0,49.74,50.24,75,53,1,0.6211445383053219
97,139,70.0,48.20863309352518,48.71223021582734,70,50,1,0.6180388156137953
98,216,128.0,74.0925925925926,74.68518518518519,128,75,1,0.6149486215357263
99,187,122.0,63.26737967914438,63.919786096256686,122,61,1,0.6118738784280476
100,194,105.0,68.51546391752578,69.05670103092784,105,67,1,0.6088145090359074
101,174,110.0,64.61494252873563,65.24712643678161,110,59,1,0.6057704364907278
102,198,120.0,63.833333333333336,64.43939393939394,120,68,1,0.6027415843082742
103,185,132.0,60.464864864864865,61.178378378378376,132,55,1,0.5997278763867329
104,187,123.0,57.342245989304814,58.0,123,59,1,0.5967292370047992
105,188,111.0,63.57446808510638,64.16489361702128,111,66,1,0.5937455908197752
106,143,92.0,47.53146853146853,48.17482517482517,92,43,1,0.5907768628656763
107,189,123.0,55.24867724867725,55.8994708994709,123,61,1,0.5878229785513479
108,229,140.0,61.06113537117904,61.672489082969435,140,74,1,0.5848838636585911
109,191,125.0,54.86910994764398,55.52356020942408,125,64,1,0.5819594443402982
110,162,91.0,49.41358024691358,49.97530864197531,91,55,1,0.5790496471185967
111,219,143.0,56.51598173515982,57.1689497716895,143,69,1,0.5761543988830038
112,195,136.0,59.47692307692308,60.174358974358974,136,61,1,0.5732736268885887
113,157,80.0,57.66242038216561,58.17197452229299,80,57,1,0.5704072587541458
114,181,100.0,60.05524861878453,60.607734806629836,100,66,1,0.567555222460375
115,168,91.0,52.73809523809524,53.279761904761905,91,58,1,0.5647174463480732
116,137,89.0,52.35036496350365,53.0,89,44,1,0.5618938591163328
117,119,58.0,38.47899159663866,38.96638655462185,58,38,1,0.5590843898207511
118,219,156.0,53.57990867579909,54.29223744292238,156,61,1,0.5562889678716474
119,152,83.0,56.598684210526315,57.14473684210526,83,53,1,0.5535075230322891
120,155,92.0,56.038709677419355,56.63225806451613,92,51,1,0.5507399854171277
121,215,151.0,58.93953488372093,59.64186046511628,151,60,1,0.547986285490042
122,357,288.0,64.98039215686275,65.78711484593838,288,103,1,0.5452463540625918
123,255,194.0,59.0078431372549,59.76862745098039,194,76,1,0.5425201222922789
124,301,229.0,70.65116279069767,71.41196013289037,229,87,1,0.5398075216808175
125,229,164.0,57.02183406113537,57.737991266375545,164,69,1,0.5371084840724134
126,162,116.0,48.17283950617284,48.888888888888886,116,48,1,0.5344229416520513
127,194,131.0,57.628865979381445,58.3041237113402,131,63,1,0.531750826943791
128,200,146.0,54.85,55.58,146,61,1,0.5290920728090721
129,205,136.0,55.1219512195122,55.78536585365854,136,64,1,0.5264466124450268
130,198,134.0,45.75757575757576,46.43434343434343,134,63,1,0.5238143793828016
131,132,88.0,45.13636363636363,45.803030303030305,88,39,1,0.5211953074858876
132,174,143.0,45.60919540229885,46.43103448275862,143,47,1,0.5185893309484582
133,222,153.0,60.68018018018018,61.369369369369366,153,71,1,0.5159963842937159
134,182,122.0,43.80769230769231,44.47802197802198,122,52,1,0.5134164023722473
135,191,132.0,52.010471204188484,52.70157068062827,132,59,1,0.510849320360386
136,248,186.0,44.725806451612904,45.475806451612904,186,74,1,0.5082950737585841
137,190,144.0,45.584210526315786,46.3421052631579,144,48,1,0.5057535983897912
138,226,153.0,60.575221238938056,61.25221238938053,153,70,1,0.5032248303978422
139,243,194.0,45.251028806584365,46.04938271604938,194,68,1,0.500708706245853
140,182,119.0,63.917582417582416,64.57142857142857,119,59,1,0.4982051627146237
141,196,154.0,50.474489795918366,51.26020408163265,154,52,1,0.49571413690105054
142,213,171.0,57.070422535211264,57.87323943661972,171,56,1,0.4932355662165453
143,271,226.0,45.291512915129154,46.125461254612546,226,74,1,0.4907693883854626
144,245,224.0,39.183673469387756,40.09795918367347,224,59,1,0.4883155414435353
145,238,188.0,56.33613445378151,57.12605042016807,188,69,1,0.4858739637363176
146,322,279.0,62.51863354037267,63.38509316770186,279,85,1,0.483444593917636
147,264,230.0,54.97727272727273,55.84848484848485,230,69,1,0.4810273709480478
148,280,224.0,48.017857142857146,48.81785714285714,224,78,1,0.47862223409330756
149,165,127.0,38.50909090909091,39.27878787878788,127,43,1,0.47622912292284103
150,223,184.0,55.19730941704036,56.02242152466368,184,61,1,0.4738479773082268
151,222,191.0,53.18468468468468,54.04504504504504,191,59,1,0.47147873742168567
152,224,172.0,61.607142857142854,62.375,172,67,1,0.46912134373457726
153,211,159.0,52.95260663507109,53.70616113744076,159,60,1,0.46677573701590436
154,237,164.0,52.459915611814345,53.151898734177216,164,70,1,0.46444185833082485
155,212,169.0,48.259433962264154,49.056603773584904,169,58,1,0.46211964903917074
156,194,157.0,52.47938144329897,53.28865979381443,157,50,1,0.4598090507939749
157,229,202.0,47.44978165938865,48.33187772925764,202,60,1,0.457510005540005
158,220,188.0,49.21363636363636,50.06818181818182,188,59,1,0.45522245551230495
159,274,241.0,49.339416058394164,50.21897810218978,241,69,1,0.4529463432347434
160,272,217.0,62.375,63.17279411764706,217,77,1,0.4506816115185697
161,310,273.0,47.73225806451613,48.61290322580645,273,74,1,0.4484282034609769
162,178,131.0,36.3876404494382,37.12359550561798,131,54,1,0.446186062443672
163,119,75.0,37.10084033613445,37.73109243697479,75,33,1,0.4439551321314536
164,206,147.0,47.116504854368934,47.83009708737864,147,57,1,0.4417353564707963
165,283,259.0,52.87279151943463,53.78798586572438,259,73,1,0.43952667968844233
166,126,98.0,36.58730158730159,37.36507936507937,98,36,1,0.43732904629000013
167,226,184.0,46.61504424778761,47.42920353982301,184,54,1,0.4351424010585501
168,200,160.0,56.03,56.83,160,57,1,0.43296668905325736
169,195,173.0,55.51794871794872,56.40512820512821,173,49,1,0.43080185560799106
170,239,171.0,53.84100418410042,54.55648535564853,171,63,1,0.4286478463299511
171,116,71.0,41.18103448275862,41.793103448275865,71,32,1,0.42650460709830135
172,161,133.0,55.92546583850932,56.75155279503105,133,42,1,0.42437208406280985
173,116,68.0,37.71551724137931,38.30172413793103,68,37,1,0.4222502236424958
174,351,314.0,51.71509971509972,52.60968660968661,314,86,1,0.42013897252428334
175,189,137.0,40.264550264550266,40.98941798941799,137,48,1,0.4180382776616619
176,135,110.0,29.696296296296296,30.511111111111113,110,32,1,0.4159480862733536
177,307,250.0,50.3257328990228,51.14006514657981,250,81,1,0.41386834584198684
178,269,213.0,66.66914498141264,67.46096654275092,213,80,1,0.4117990041127769
179,135,74.0,44.65185185185185,45.2,74,42,1,0.40974000909221303
180,335,310.0,58.80597014925373,59.73134328358209,310,81,1,0.40769130904675194
181,123,83.0,39.80487804878049,40.479674796747965,83,34,1,0.40565285250151817
182,237,199.0,51.36286919831224,52.20253164556962,199,62,1,0.4036245882390106
183,269,216.0,53.8364312267658,54.639405204460964,216,71,1,0.4016064652978155
184,214,185.0,43.429906542056074,44.294392523364486,185,49,1,0.3995984329713264
185,148,93.0,37.04054054054054,37.66891891891892,93,38,1,0.3976004408064698
186,262,246.0,44.97709923664122,45.916030534351144,246,58,1,0.39561243860243744
187,177,134.0,45.740112994350284,46.49717514124294,134,46,1,0.3936343764094253
188,365,363.0,52.75890410958904,53.75342465753425,363,85,1,0.39166620452737816
189,355,337.0,67.8112676056338,68.7605633802817,337,91,1,0.3897078735047413
190,218,169.0,55.518348623853214,56.293577981651374,169,54,1,0.3877593341372176
191,150,110.0,40.54,41.27333333333333,110,39,1,0.3858205374665315
192,194,172.0,43.20618556701031,44.09278350515464,172,47,1,0.38389143477919885
193,458,455.0,66.15065502183405,67.14410480349345,455,110,1,0.3819719776053028
194,177,135.0,51.44632768361582,52.2090395480226,135,46,1,0.3800621177172763
195,136,83.0,41.080882352941174,41.69117647058823,83,34,1,0.37816180712868996
196,196,158.0,41.724489795918366,42.53061224489796,158,47,1,0.37627099809304654
197,119,85.0,40.7563025210084,41.470588235294116,85,32,1,0.3743896431025813
198,292,265.0,52.77739726027397,53.68493150684932,265,64,1,0.37251769488706843
199,177,140.0,48.7909604519774,49.5819209039548,140,44,1,0.3706551064126331
200,229,177.0,52.109170305676855,52.88209606986899,177,60,1,0.36880183088056995
201,228,216.0,36.91228070175438,37.85964912280702,216,52,1,0.3669578217261671
202,349,348.0,49.0,49.99713467048711,348,74,1,0.36512303261753626
203,240,205.0,50.87083333333333,51.725,205,56,1,0.3632974174544486
204,227,171.0,54.797356828193834,55.55066079295154,171,57,1,0.3614809303671764
205,150,120.0,40.74,41.54,120,38,1,0.3596735257153405
206,203,165.0,35.33497536945813,36.14778325123153,165,44,1,0.3578751580867638
207,187,151.0,44.668449197860966,45.475935828877006,151,44,1,0.35608578229633
208,207,181.0,48.45410628019324,49.328502415458935,181,52,1,0.3543053533848483
209,280,260.0,46.58571428571429,47.51428571428571,260,68,1,0.35253382661792404
210,121,82.0,34.06611570247934,34.743801652892564,82,30,1,0.3507711574848344
211,186,174.0,45.973118279569896,46.90860215053763,174,42,1,0.34901730169741024
212,215,156.0,43.25581395348837,43.98139534883721,156,49,1,0.3472722151889232
213,315,306.0,48.34603174603175,49.317460317460316,306,71,1,0.3455358541129786
214,326,306.0,42.07055214723926,43.00920245398773,306,80,1,0.3438081748424137
215,169,136.0,47.875739644970416,48.680473372781066,136,40,1,0.3420891339682016
216,500,486.0,40.566,41.538,486,100,0,0.3403786882983606
217,175,129.0,43.325714285714284,44.06285714285714,129,46,1,0.3386767948568688
218,141,108.0,34.4822695035461,35.248226950354606,108,38,1,0.33698341088258443
219,210,149.0,45.99523809523809,46.7047619047619,149,55,1,0.3352984938281715
220,248,225.0,64.6008064516129,65.50806451612904,225,58,1,0.33362200135903064
221,290,269.0,51.56206896551724,52.48965517241379,269,65,1,0.33195389135223546
222,223,178.0,41.96860986547085,42.766816143497756,178,60,1,0.3302941218954743
223,105,60.0,48.266666666666666,48.838095238095235,60,30,1,0.32864265128599696
224,272,229.0,48.036764705882355,48.87867647058823,229,67,1,0.326999438029567
225,318,315.0,52.42138364779874,53.411949685534594,315,67,1,0.3253644408394192
226,198,160.0,44.2979797979798,45.10606060606061,160,50,1,0.3237376186352221
227,199,179.0,43.92462311557789,44.824120603015075,179,44,1,0.322118930542046
228,345,354.0,57.47826086956522,58.504347826086956,354,69,1,0.32050833588933575
229,346,327.0,46.70809248554913,47.653179190751445,327,73,1,0.31890579420988907
230,236,197.0,41.186440677966104,42.021186440677965,197,55,1,0.3173112652388396
231,183,157.0,33.59016393442623,34.44808743169399,157,35,1,0.3157247089126454
232,340,346.0,52.86470588235294,53.88235294117647,346,77,1,0.3141460853680822
233,168,149.0,34.482142857142854,35.36904761904762,149,34,1,0.3125753549412418
234,335,316.0,41.38507462686567,42.32835820895522,316,71,1,0.31101247816653554
235,269,229.0,44.479553903345725,45.33085501858736,229,63,1,0.30945741577570285
236,383,365.0,58.067885117493475,59.02088772845953,365,91,1,0.3079101286968243
237,178,153.0,37.07865168539326,37.938202247191015,153,34,1,0.3063705780533402
238,261,219.0,55.91570881226053,56.75478927203065,219,60,1,0.30483872516307353
239,209,185.0,38.74641148325359,39.63157894736842,185,47,1,0.3033145315372582
240,148,103.0,39.7027027027027,40.398648648648646,103,39,1,0.3017979588795719
241,485,502.0,54.71958762886598,55.75463917525773,502,100,1,0.30028896908517405
242,500,516.0,55.98,57.012,516,102,0,0.2987875242397482
243,500,543.0,51.296,52.382,543,108,0,0.29729358661854943
244,234,219.0,39.337606837606835,40.27350427350427,219,47,1,0.29580711868545667
245,256,257.0,38.02734375,39.03125,257,51,1,0.2943280830920294
246,212,199.0,50.929245283018865,51.867924528301884,199,44,1,0.29285644267656924
247,308,322.0,50.574675324675326,51.62012987012987,322,63,1,0.2913921604631864
248,285,271.0,43.44561403508772,44.396491228070175,271,61,1,0.28993519966087045
249,128,108.0,52.0703125,52.9140625,108,28,1,0.2884855236625661
250,316,299.0,44.31012658227848,45.25632911392405,299,62,1,0.28704309604425327
251,202,160.0,53.504950495049506,54.2970297029703,160,55,1,0.285607880564032
252,500,526.0,36.312,37.364,526,99,0,0.28417984116121187
253,486,524.0,57.1522633744856,58.23045267489712,524,96,1,0.2827589419554058
254,411,415.0,43.114355231143556,44.12408759124087,415,84,1,0.28134514724562876
255,257,229.0,42.11284046692607,43.00389105058366,229,56,1,0.2799384215094006
256,138,86.0,29.731884057971016,30.355072463768117,86,21,1,0.27853872940185365
257,500,523.0,57.786,58.832,523,104,0,0.27714603575484437
258,319,288.0,53.25078369905956,54.15360501567398,288,72,1,0.2757603055760701
259,500,506.0,49.998,51.01,506,96,1,0.2743815040481898
260,471,527.0,50.99150743099788,52.1104033970276,527,93,1,0.2730095965279488
261,185,134.0,49.31891891891892,50.043243243243246,134,47,1,0.27164454854530906
262,245,193.0,44.80408163265306,45.59183673469388,193,54,1,0.2702863258025825
263,164,114.0,30.182926829268293,30.878048780487806,114,37,1,0.2689348941735696
264,317,282.0,43.75709779179811,44.646687697160885,282,67,1,0.26759021970270175
265,500,515.0,43.87,44.9,515,104,0,0.2662522686041882
266,500,489.0,50.52,51.498,489,99,0,0.2649210072611673
267,157,120.0,44.63694267515923,45.40127388535032,120,28,1,0.26359640222486147
268,218,171.0,41.12385321100918,41.908256880733944,171,44,1,0.26227842021373715
269,491,532.0,52.44806517311609,53.531568228105904,532,97,1,0.2609670281126685
270,284,251.0,31.04225352112676,31.926056338028168,251,62,1,0.25966219297210513
271,294,269.0,36.564625850340136,37.47959183673469,269,62,1,0.2583638820072446
272,367,380.0,44.30245231607629,45.33787465940055,380,76,1,0.2570720625972084
273,122,91.0,44.27049180327869,45.01639344262295,91,27,1,0.25578670228422234
274,276,259.0,53.20289855072464,54.141304347826086,259,64,1,0.25450776877280124
275,201,179.0,34.37810945273632,35.26865671641791,179,40,1,0.2532352299289372
276,147,114.0,41.29251700680272,42.06802721088435,114,31,1,0.2519690537792925
277,257,233.0,45.84824902723735,46.75486381322957,233,63,1,0.2507092085103961
278,225,209.0,38.08444444444444,39.013333333333335,209,48,1,0.2494556624678441
279,500,544.0,43.58,44.668,544,91,0,0.24820838415550486
280,413,407.0,56.60048426150121,57.58595641646489,407,83,1,0.24696734223472733
281,229,226.0,37.7117903930131,38.698689956331876,226,45,1,0.2457325055235537
282,142,111.0,30.535211267605632,31.316901408450704,111,32,1,0.24450384299593592
283,348,356.0,49.3448275862069,50.367816091954026,356,64,1,0.24328132378095624
284,424,459.0,46.408018867924525,47.490566037735846,459,82,1,0.24206491716205145
285,240,218.0,59.604166666666664,60.5125,218,56,1,0.2408545925762412
286,275,262.0,41.17818181818182,42.13090909090909,262,55,1,0.23965031961336
287,222,170.0,28.18018018018018,28.945945945945947,170,44,1,0.2384520680152932
288,205,165.0,38.56585365853658,39.37073170731707,165,40,1,0.23725980767521673
289,345,321.0,41.36231884057971,42.2927536231884,321,74,1,0.23607350863684065
290,241,215.0,42.016597510373444,42.90871369294606,215,50,1,0.23489314109365644
291,174,114.0,41.201149425287355,41.85632183908046,114,35,1,0.23371867538818816
292,128,126.0,35.40625,36.390625,126,22,1,0.23255008201124722
293,269,276.0,41.00743494423792,42.03345724907063,276,56,1,0.231387331601191
294,170,133.0,36.68235294117647,37.46470588235294,133,29,1,0.23023039494318503
295,411,367.0,53.72992700729927,54.62287104622871,367,84,1,0.2290792429684691
296,184,194.0,43.78804347826087,44.84239130434783,194,35,1,0.22793384675362674
297,355,366.0,37.35492957746479,38.38591549295775,366,71,1,0.22679417751985861
298,132,73.0,40.553030303030305,41.10606060606061,73,23,1,0.22566020663225933
299,192,155.0,30.640625,31.447916666666668,155,34,1,0.22453190559909803
300,159,129.0,35.23270440251572,36.0440251572327,129,26,1,0.22340924607110255
301,200,216.0,40.015,41.095,216,36,1,0.22229219984074702
302,321,290.0,47.64797507788162,48.55140186915888,290,45,1,0.2211807388415433
303,215,193.0,41.21395348837209,42.11162790697674,193,44,1,0.22007483514733558
304,89,39.0,30.629213483146067,31.06741573033708,39,14,1,0.2189744609715989
305,177,145.0,43.56497175141243,44.38418079096045,145,36,1,0.2178795886667409
306,344,353.0,47.19186046511628,48.218023255813954,353,68,1,0.2167901907234072
307,264,267.0,38.13636363636363,39.14772727272727,267,45,1,0.21570623976979014
308,485,445.0,42.96082474226804,43.878350515463914,445,79,1,0.21462770857094118
309,445,432.0,47.14831460674157,48.119101123595506,432,84,1,0.21355457002808648
310,500,504.0,45.05,46.058,504,96,0,0.21248679717794605
311,121,75.0,35.27272727272727,35.892561983471076,75,25,1,0.21142436319205632
312,500,522.0,46.842,47.886,522,97,0,0.21036724137609603
313,318,321.0,46.179245283018865,47.18867924528302,321,60,1,0.20931540516921554
314,500,514.0,37.886,38.914,514,98,0,0.20826882814336947
315,409,439.0,43.42542787286064,44.49877750611247,439,71,1,0.20722748400265262
316,500,518.0,44.396,45.432,518,93,0,0.20619134658263935
317,219,208.0,51.93150684931507,52.881278538812786,208,46,1,0.20516038984972615
318,500,537.0,41.706,42.78,537,91,0,0.2041345879004775
319,290,293.0,51.5448275862069,52.5551724137931,293,56,1,0.2031139149609751
320,297,281.0,47.08417508417509,48.03030303030303,281,49,1,0.20209834538617025
321,139,101.0,37.014388489208635,37.7410071942446,101,27,1,0.2010878536592394
322,269,254.0,40.97769516728624,41.921933085501855,254,54,1,0.2000824143909432
323,229,224.0,42.33187772925764,43.31004366812227,224,48,1,0.19908200231898848
324,194,153.0,37.54639175257732,38.33505154639175,153,34,1,0.19808659230739353
325,244,228.0,49.85245901639344,50.78688524590164,228,46,1,0.19709615934585656
326,296,302.0,47.358108108108105,48.37837837837838,302,55,1,0.19611067854912728
327,143,130.0,39.6993006993007,40.60839160839161,130,26,1,0.19513012515638165
328,197,156.0,37.868020304568525,38.65989847715736,156,37,1,0.19415447453059972
329,97,58.0,32.07216494845361,32.670103092783506,58,22,1,0.19318370215794672
330,175,145.0,38.42857142857143,39.25714285714286,145,32,1,0.192217783647157
331,297,305.0,44.98989898989899,46.01683501683502,305,57,1,0.1912566947289212
332,124,84.0,33.63709677419355,34.314516129032256,84,28,1,0.1903004112552766
333,231,174.0,43.61904761904762,44.37229437229437,174,44,1,0.18934890919900021
334,321,290.0,40.12772585669782,41.03115264797508,290,55,1,0.18840216465300522
335,177,158.0,39.09604519774011,39.98870056497175,158,30,1,0.18746015382974018
336,500,552.0,49.568,50.672,552,91,0,0.1865228530605915
337,225,175.0,34.78666666666667,35.56444444444445,175,45,1,0.18559023879528855
338,500,515.0,44.906,45.936,515,83,0,0.1846622876013121
339,248,218.0,40.59274193548387,41.471774193548384,218,42,1,0.18373897616330553
340,359,368.0,50.080779944289695,51.1058495821727,368,65,1,0.182820281282489
341,343,327.0,45.20699708454811,46.160349854227405,327,59,1,0.18190617987607657
342,448,466.0,45.502232142857146,46.542410714285715,466,81,1,0.18099664897669618
343,128,91.0,39.6328125,40.34375,91,21,1,0.1800916657318127
344,222,219.0,33.86036036036036,34.846846846846844,219,40,1,0.17919120740315364
345,317,326.0,52.927444794952685,53.95583596214511,326,57,1,0.17829525136613786
346,423,466.0,42.326241134751776,43.427895981087474,466,82,1,0.17740377510930716
347,500,525.0,39.03,40.08,525,95,0,0.17651675623376062
348,148,105.0,34.513513513513516,35.222972972972975,105,26,1,0.1756341724525918
349,249,215.0,38.497991967871485,39.36144578313253,215,48,1,0.17475600159032884
350,163,137.0,37.239263803680984,38.079754601226995,137,28,1,0.17388222158237718
351,172,117.0,40.45348837209303,41.133720930232556,117,31,1,0.1730128104744653
352,500,566.0,40.526,41.658,566,90,0,0.17214774642209296
353,478,528.0,46.55020920502092,47.65481171548117,528,79,1,0.1712870076899825
354,145,128.0,30.786206896551725,31.66896551724138,128,23,1,0.17043057265153258
355,318,301.0,33.18238993710692,34.12893081761006,301,54,1,0.16957841978827493
356,386,382.0,39.590673575129536,40.58031088082902,382,66,1,0.16873052768933355
357,196,161.0,39.55612244897959,40.37755102040816,161,30,1,0.1678868750508869
358,182,154.0,42.285714285714285,43.13186813186813,154,33,1,0.16704744067563246
359,181,148.0,32.77900552486188,33.59668508287293,148,39,1,0.1662122034722543
360,216,225.0,37.4212962962963,38.46296296296296,225,35,1,0.16538114245489302
361,235,208.0,36.94893617021277,37.83404255319149,208,38,1,0.16455423674261854
362,235,196.0,31.685106382978724,32.51914893617021,196,40,1,0.16373146555890544
363,227,201.0,41.3215859030837,42.20704845814978,201,40,1,0.16291280823111093
364,476,487.0,37.14705882352941,38.17016806722689,487,74,1,0.16209824418995536
365,182,145.0,32.582417582417584,33.379120879120876,145,31,1,0.16128775296900558
366,273,266.0,32.05128205128205,33.02564102564103,266,49,1,0.16048131420416054
367,153,99.0,39.73856209150327,40.38562091503268,99,22,1,0.15967890763313974
368,343,313.0,41.583090379008745,42.49562682215743,313,47,1,0.15888051309497406
369,306,313.0,37.72549019607843,38.748366013071895,313,54,1,0.1580861105294992
370,177,114.0,46.344632768361585,46.98870056497175,114,33,1,0.1572956799768517
371,244,219.0,36.67622950819672,37.57377049180328,219,40,1,0.15650920157696743
372,162,119.0,38.2037037037037,38.93827160493827,119,25,1,0.1557266555690826
373,173,142.0,34.716763005780344,35.53757225433526,142,30,1,0.1549480222912372
374,314,337.0,41.48407643312102,42.55732484076433,337,49,1,0.15417328217978102
375,492,555.0,47.66463414634146,48.792682926829265,555,79,1,0.1534024157688821
376,281,289.0,29.775800711743774,30.80427046263345,289,46,1,0.1526354036900377
377,400,405.0,46.1775,47.19,405,71,1,0.1518722266715875
378,195,186.0,42.07179487179487,43.02564102564103,186,30,1,0.15111286553822956
379,332,322.0,47.17168674698795,48.14156626506024,322,56,1,0.15035730121053842
380,250,227.0,38.024,38.932,227,45,1,0.14960551470448571
381,353,369.0,43.75070821529745,44.79603399433428,369,54,1,0.14885748713096328
382,351,380.0,51.40455840455841,52.48717948717949,380,59,1,0.14811319969530845
383,238,222.0,44.10084033613445,45.03361344537815,222,45,1,0.1473726336968319
384,405,419.0,41.785185185185185,42.81975308641975,419,69,1,0.14663577052834775
385,500,512.0,45.028,46.052,512,70,0,0.14590259167570602
386,230,225.0,35.821739130434786,36.8,225,42,1,0.1451730787173275
387,350,365.0,41.497142857142855,42.54,365,56,1,0.14444721332374086
388,292,299.0,45.96917808219178,46.99315068493151,299,51,1,0.14372497725712216
389,161,136.0,33.20496894409938,34.04968944099379,136,28,1,0.14300635237083656
390,500,540.0,39.506,40.586,540,73,0,0.14229132060898236
391,277,253.0,39.22382671480145,40.13718411552347,253,50,1,0.14157986400593744
392,500,541.0,39.77,40.852,541,78,0,0.14087196468590776
393,500,551.0,40.172,41.274,551,85,0,0.14016760486247823
394,275,250.0,31.98909090909091,32.89818181818182,250,42,1,0.13946676683816583
395,500,501.0,35.944,36.946,501,79,0,0.138769433003975
396,269,284.0,42.078066914498145,43.13382899628253,284,44,1,0.13807558583895513
397,480,552.0,47.82083333333333,48.97083333333333,552,76,1,0.13738520790976036
398,500,500.0,43.836,44.836,500,81,0,0.13669828187021155
399,216,218.0,36.541666666666664,37.550925925925924,218,41,1,0.13601479046086049
400,164,129.0,38.18292682926829,38.96951219512195,129,35,1,0.1353347165085562
401,279,247.0,34.05017921146953,34.935483870967744,247,44,1,0.1346580429260134
402,500,553.0,42.506,43.612,553,75,0,0.13398475271138335
403,184,152.0,34.03804347826087,34.86413043478261,152,28,1,0.13331482894782642
404,313,306.0,43.52396166134185,44.501597444089455,306,55,1,0.13264825480308728
405,115,78.0,28.747826086956522,29.42608695652174,78,20,1,0.13198501352907185
406,294,305.0,42.166666666666664,43.204081632653065,305,37,1,0.1313250884614265
407,172,139.0,29.406976744186046,30.21511627906977,139,30,1,0.13066846301911936
408,117,82.0,38.504273504273506,39.205128205128204,82,14,1,0.13001512070402377
409,301,304.0,40.48504983388705,41.49501661129568,304,49,1,0.12936504510050365
410,278,296.0,33.75179856115108,34.81654676258993,296,37,1,0.12871821987500112
411,472,492.0,45.29661016949152,46.33898305084746,492,70,1,0.12807462877562611
412,136,103.0,29.830882352941178,30.58823529411765,103,24,1,0.12743425563174798
413,271,249.0,30.763837638376383,31.682656826568266,249,44,1,0.12679708435358925
414,207,181.0,37.54589371980676,38.42028985507246,181,36,1,0.1261630989318213
415,216,216.0,40.6712962962963,41.6712962962963,216,39,1,0.1255322834371622
416,111,59.0,34.891891891891895,35.42342342342342,59,14,1,0.12490462201997637
417,500,517.0,34.958,35.992,517,80,0,0.1242800989098765
418,267,244.0,31.779026217228463,32.69288389513109,244,37,1,0.12365869841532712
419,126,95.0,34.51587301587302,35.26984126984127,95,18,1,0.12304040492325048
420,240,246.0,51.483333333333334,52.50833333333333,246,40,1,0.12242520289863423
421,294,312.0,37.86054421768708,38.92176870748299,312,48,1,0.12181307688414106
422,176,111.0,37.88636363636363,38.51704545454545,111,22,1,0.12120401149972035
423,150,123.0,33.36666666666667,34.18666666666667,123,28,1,0.12059799144222175
424,203,223.0,40.172413793103445,41.27093596059113,223,36,1,0.11999500148501063
425,199,161.0,32.03517587939699,32.84422110552764,161,31,1,0.11939502647758558
426,200,148.0,35.195,35.935,148,34,1,0.11879805134519765
427,500,554.0,39.89,40.998,554,74,0,0.11820406108847166
428,259,231.0,41.05019305019305,41.94208494208494,231,43,1,0.1176130407830293
429,241,221.0,37.095435684647306,38.01244813278009,221,42,1,0.11702497557911415
430,407,411.0,44.977886977886975,45.98771498771499,411,78,1,0.11643985070121858
431,165,149.0,34.1030303030303,35.00606060606061,149,30,1,0.11585765144771248
432,179,129.0,38.96648044692738,39.687150837988824,129,39,1,0.11527836319047392
433,206,198.0,46.60679611650485,47.567961165048544,198,40,1,0.11470197137452155
434,192,172.0,38.369791666666664,39.265625,172,28,1,0.11412846151764894
435,335,333.0,45.322388059701495,46.31641791044776,333,51,1,0.1135578192100607
436,153,145.0,33.27450980392157,34.22222222222222,145,20,1,0.11299003011401039
437,248,246.0,40.33064516129032,41.32258064516129,246,39,1,0.11242507996344034
438,234,196.0,47.585470085470085,48.42307692307692,196,25,1,0.11186295456362313
439,290,296.0,35.34137931034483,36.36206896551724,296,49,1,0.11130363979080501
440,359,349.0,38.9025069637883,39.87465181058496,349,59,1,0.11074712159185099
441,297,276.0,43.51178451178451,44.44107744107744,276,53,1,0.11019338598389174
442,249,262.0,40.65461847389558,41.70682730923695,262,43,1,0.10964241905397228
443,189,152.0,30.857142857142858,31.66137566137566,152,28,1,0.10909420695870241
444,204,187.0,35.38235294117647,36.299019607843135,187,29,1,0.1085487359239089
445,493,514.0,37.614604462474645,38.657200811359026,514,77,1,0.10800599224428936
446,196,182.0,38.744897959183675,39.673469387755105,182,30,1,0.10746596228306791
447,207,181.0,34.05797101449275,34.932367149758456,181,34,1,0.10692863247165257
448,500,514.0,43.682,44.71,514,73,0,0.1063939893092943
449,352,392.0,45.37784090909091,46.49147727272727,392,53,1,0.10586201936274783
450,424,448.0,39.22641509433962,40.283018867924525,448,56,1,0.10533270926593409
451,178,163.0,38.60674157303371,39.52247191011236,163,28,1,0.10480604571960442
452,207,196.0,33.68599033816425,34.632850241545896,196,37,1,0.1042820154910064
453,500,578.0,43.672,44.828,578,76,0,0.10376060541355137
454,316,331.0,51.26898734177215,52.31645569620253,331,41,1,0.1032418023864836
455,377,353.0,34.29973474801061,35.236074270557026,353,55,1,0.10272559337455119
456,412,409.0,39.182038834951456,40.1747572815534,409,67,1,0.10221196540767843
457,190,148.0,32.0,32.77894736842105,148,26,1,0.10170090558064004
458,458,495.0,40.842794759825324,41.9235807860262,495,71,1,0.10119240105273684
459,258,256.0,44.104651162790695,45.0968992248062,256,41,1,0.10068643904747315
460,442,467.0,50.68778280542986,51.744343891402714,467,65,1,0.10018300685223579
461,234,241.0,44.02991452991453,45.05982905982906,241,32,1,0.0996820918179746
462,301,337.0,45.56810631229236,46.68770764119601,337,49,1,0.09918368135888474
463,226,213.0,33.3141592920354,34.256637168141594,213,30,1,0.09868776295209031
464,459,462.0,42.4161220043573,43.42265795206972,462,74,1,0.09819432413732986
465,342,352.0,38.73099415204678,39.760233918128655,352,56,1,0.09770335251664321
466,215,175.0,40.54883720930233,41.36279069767442,175,21,1,0.09721483575406
467,222,211.0,31.53153153153153,32.48198198198198,211,44,1,0.09672876157528969
468,473,489.0,37.02959830866808,38.063424947145876,489,70,1,0.09624511776741324
469,500,573.0,34.774,35.92,573,73,0,0.09576389217857617
470,176,177.0,36.26704545454545,37.27272727272727,177,27,1,0.09528507271768329
471,424,461.0,49.509433962264154,50.596698113207545,461,60,1,0.09480864735409487
472,366,406.0,38.967213114754095,40.076502732240435,406,57,1,0.0943346041173244
473,500,524.0,41.204,42.252,524,78,0,0.09386293109673778
474,428,454.0,44.75934579439252,45.820093457943926,454,61,1,0.09339361644125409
475,281,294.0,39.387900355871885,40.43416370106762,294,45,1,0.09292664835904782
476,403,407.0,43.60049627791563,44.61042183622829,407,54,1,0.09246201511725258
477,500,564.0,36.826,37.954,564,73,0,0.09199970504166631
478,500,567.0,33.33,34.464,567,79,0,0.09153970651645797
479,112,89.0,29.794642857142858,30.589285714285715,89,17,1,0.09108200798387568
480,145,116.0,43.51724137931034,44.317241379310346,116,23,1,0.0906265979439563
481,319,311.0,37.510971786833856,38.4858934169279,311,45,1,0.09017346495423652
482,242,212.0,31.59504132231405,32.47107438016529,212,39,1,0.08972259762946533
483,500,554.0,33.29,34.398,554,79,0,0.089273984641318
484,445,469.0,40.071910112359554,41.12584269662921,469,53,1,0.0888276147181114
485,500,528.0,33.7,34.756,528,80,0,0.08838347664452084
486,182,160.0,31.225274725274726,32.104395604395606,160,29,1,0.08794155926129824
487,163,161.0,37.86503067484663,38.852760736196316,161,26,1,0.08750185146499175
488,500,548.0,42.238,43.334,548,73,0,0.08706434220766679
489,117,88.0,26.863247863247864,27.615384615384617,88,19,1,0.08662902049662846
490,235,229.0,41.34893617021277,42.32340425531915,229,44,1,0.08619587539414532
491,379,377.0,36.45382585751979,37.44854881266491,377,61,1,0.08576489601717459
492,387,423.0,42.88113695090439,43.974160206718345,423,49,1,0.08533607153708872
493,317,310.0,45.90851735015773,46.88643533123028,310,40,1,0.08490939117940327
494,237,247.0,35.54430379746835,36.586497890295355,247,39,1,0.08448484422350626
495,216,227.0,37.398148148148145,38.449074074074076,227,33,1,0.08406242000238873
496,162,137.0,30.98148148148148,31.82716049382716,137,31,1,0.08364210790237678
497,380,359.0,38.88947368421053,39.834210526315786,359,49,1,0.0832238973628649
498,129,115.0,35.4031007751938,36.29457364341085,115,18,1,0.08280777787605056
499,404,435.0,38.68811881188119,39.76485148514851,435,70,1,0.08239373898667031
500,154,107.0,36.01298701298701,36.70779220779221,107,21,1,0.08198177029173696
501,359,381.0,38.532033426183844,39.5933147632312,381,52,1,0.08157186144027828
502,458,469.0,40.27947598253275,41.30349344978166,469,69,1,0.0811640021330769
503,138,110.0,45.21739130434783,46.01449275362319,110,11,1,0.08075818212241151
504,500,549.0,40.66,41.758,549,83,0,0.08035439121179945
505,322,327.0,50.39751552795031,51.41304347826087,327,46,1,0.07995261925574046
506,416,434.0,39.42548076923077,40.46875,434,59,1,0.07955285615946175
507,500,538.0,36.274,37.35,538,74,0,0.07915509187866444
508,171,177.0,40.421052631578945,41.45614035087719,177,29,1,0.07875931641927113
509,377,411.0,39.56763925729443,40.657824933687,411,54,1,0.07836551983717477
510,162,135.0,40.074074074074076,40.907407407407405,135,15,1,0.07797369223798889
511,330,321.0,35.52424242424242,36.4969696969697,321,54,1,0.07758382377679894
512,500,528.0,36.638,37.694,528,80,0,0.07719590465791494
513,500,503.0,46.742,47.748,503,76,0,0.07680992513462537
514,500,559.0,34.222,35.34,559,72,0,0.07642587550895225
515,382,397.0,36.93717277486911,37.97643979057592,397,58,1,0.07604374613140748
516,338,369.0,43.781065088757394,44.87278106508876,369,49,1,0.07566352740075044
517,215,219.0,34.4046511627907,35.42325581395349,219,35,1,0.07528520976374668
518,103,55.0,39.9126213592233,40.44660194174757,55,15,1,0.07490878371492794
519,166,143.0,29.897590361445783,30.759036144578314,143,25,1,0.0745342397963533
520,152,139.0,34.61184210526316,35.526315789473685,139,18,1,0.07416156859737154
521,416,419.0,45.40865384615385,46.41586538461539,419,58,1,0.07379076075438468
522,199,191.0,44.93467336683417,45.89447236180904,191,32,1,0.07342180695061275
523,137,120.0,30.883211678832115,31.759124087591243,120,18,1,0.07305469791585968
524,473,508.0,39.723044397463,40.79704016913319,508,68,1,0.07268942442628039
525,219,187.0,34.45205479452055,35.305936073059364,187,28,1,0.07232597730414898
526,500,534.0,36.902,37.97,534,72,0,0.07196434741762824
527,500,512.0,37.93,38.954,512,72,0,0.0716045256805401
528,286,290.0,31.374125874125873,32.38811188811189,290,42,1,0.0712465030521374
529,500,513.0,47.912,48.938,513,77,0,0.0708902705368767
530,133,112.0,32.21804511278196,33.06015037593985,112,18,1,0.07053581918419231
531,229,228.0,39.467248908296945,40.46288209606987,228,35,1,0.07018314008827135
532,373,382.0,37.98927613941019,39.01340482573727,382,47,1,0.06983222438783
533,185,149.0,38.11891891891892,38.924324324324324,149,25,1,0.06948306326589085
534,500,559.0,40.978,42.096,559,79,0,0.0691356479495614
535,98,38.0,44.255102040816325,44.642857142857146,38,5,1,0.06878996970981359
536,114,61.0,24.763157894736842,25.29824561403509,61,17,1,0.06844601986126451
537,199,148.0,25.502512562814072,26.246231155778894,148,37,1,0.06810378976195819
538,140,149.0,30.62142857142857,31.685714285714287,149,21,1,0.0677632708131484
539,176,135.0,35.17613636363637,35.94318181818182,135,26,1,0.06742445445908266
540,500,535.0,44.608,45.678,535,63,0,0.06708733218678724
541,292,312.0,44.47260273972603,45.54109589041096,312,44,1,0.0667518955258533
542,482,494.0,39.81742738589212,40.84232365145228,494,72,1,0.06641813604822402
543,260,272.0,41.9,42.94615384615385,272,34,1,0.0660860453679829
544,376,360.0,35.58244680851064,36.53989361702128,360,52,1,0.06575561514114299
545,476,497.0,37.3172268907563,38.36134453781513,497,71,1,0.06542683706543727
546,244,183.0,32.64754098360656,33.39754098360656,183,32,1,0.06509970288011008
547,325,348.0,42.37538461538462,43.44615384615385,348,41,1,0.06477420436570952
548,189,157.0,36.455026455026456,37.285714285714285,157,27,1,0.06445033334388098
549,149,123.0,29.677852348993287,30.503355704697988,123,24,1,0.06412808167716157
550,244,244.0,43.30327868852459,44.30327868852459,244,28,1,0.06380744126877576
551,371,353.0,32.886792452830186,33.83827493261455,353,48,1,0.06348840406243188
552,382,393.0,50.361256544502616,51.390052356020945,393,47,1,0.06317096204211972
553,322,348.0,39.608695652173914,40.68944099378882,348,37,1,0.06285510723190912
554,114,84.0,34.728070175438596,35.46491228070175,84,11,1,0.06254083169574957
555,347,355.0,37.93948126801153,38.96253602305475,355,54,1,0.062228127537270826
556,287,287.0,39.041811846689896,40.041811846689896,287,46,1,0.06191698689958447
557,195,199.0,29.497435897435896,30.51794871794872,199,29,1,0.061607401965086545
558,500,572.0,35.82,36.964,572,71,0,0.06129936495526111
559,116,76.0,30.25862068965517,30.913793103448278,76,15,1,0.0609928681304848
560,287,297.0,43.45993031358885,44.494773519163765,297,38,1,0.060687903789832374
561,351,362.0,34.49287749287749,35.52421652421653,362,47,1,0.06038446427088321
562,385,391.0,36.20519480519481,37.22077922077922,391,58,1,0.06008254194952879
563,500,535.0,35.204,36.274,535,66,0,0.05978212923978115
564,500,571.0,43.528,44.67,571,70,0,0.05948321859358224
565,500,521.0,31.19,32.232,521,70,0,0.05918580250061433
566,500,571.0,34.758,35.9,571,73,0,0.058889873488111255
567,368,412.0,35.55163043478261,36.671195652173914,412,54,1,0.058595424120670696
568,219,182.0,42.15981735159817,42.990867579908674,182,30,1,0.05830244700006734
569,500,552.0,35.016,36.12,552,70,0,0.058010934765067
570,203,200.0,46.05911330049261,47.04433497536946,200,24,1,0.05772088009124167
571,500,534.0,40.89,41.958,534,65,0,0.05743227569078546
572,339,364.0,42.610619469026545,43.684365781710916,364,53,1,0.05714511431233153
573,500,552.0,36.034,37.138,552,71,0,0.05685938874076987
574,500,574.0,41.458,42.606,574,61,0,0.056575091797066025
575,500,578.0,40.61,41.766,578,76,0,0.056292216338080694
576,169,140.0,33.55029585798817,34.37869822485207,140,23,1,0.05601075525639029
577,206,197.0,32.067961165048544,33.02427184466019,197,30,1,0.05573070148010834
578,151,125.0,37.63576158940398,38.4635761589404,125,24,1,0.0554520479727078
579,464,484.0,39.06681034482759,40.109913793103445,484,68,1,0.05517478773284426
580,214,223.0,35.66355140186916,36.705607476635514,223,37,1,0.05489891379418004
581,215,215.0,43.08837209302325,44.08837209302325,215,24,1,0.05462441922520914
582,168,165.0,29.303571428571427,30.285714285714285,165,25,1,0.0543512971290831
583,500,553.0,33.436,34.542,553,67,0,0.05407954064343768
584,202,177.0,39.83168316831683,40.70792079207921,177,29,1,0.05380914294022049
585,234,222.0,37.957264957264954,38.9059829059829,222,27,1,0.05354009722551939
586,259,247.0,35.803088803088805,36.75675675675676,247,37,1,0.05327239673939179
587,500,532.0,33.32,34.384,532,64,0,0.053006034755694834
588,500,539.0,41.14,42.218,539,62,0,0.052741004581916356
589,500,553.0,37.364,38.47,553,75,0,0.052477299559006776
590,382,420.0,38.4869109947644,39.58638743455497,420,55,1,0.052214913061211746
591,500,534.0,39.978,41.046,534,70,0,0.05195383849590569
592,437,459.0,36.75286041189931,37.80320366132723,459,60,1,0.05169406930342616
593,213,192.0,29.03286384976526,29.934272300469484,192,26,1,0.05143559895690903
594,262,255.0,37.52671755725191,38.5,255,37,1,0.051178420962124486
595,405,459.0,47.34320987654321,48.476543209876546,459,53,1,0.05092252885731386
596,500,528.0,29.624,30.68,528,71,0,0.05066791621302729
597,277,280.0,33.848375451263536,34.85920577617328,280,39,1,0.05041457663196215
598,455,501.0,40.25054945054945,41.35164835164835,501,54,1,0.050162503748802344
599,174,160.0,30.632183908045977,31.551724137931036,160,24,1,0.049911691230058335
600,79,53.0,33.050632911392405,33.721518987341774,53,10,1,0.04966213277390804
601,401,375.0,40.32917705735661,41.2643391521197,375,55,1,0.0494138221100385
602,500,529.0,28.106,29.164,529,71,0,0.04916675299948831
603,196,177.0,32.61734693877551,33.52040816326531,177,29,1,0.04892091923449087
604,159,132.0,27.9811320754717,28.81132075471698,132,23,1,0.04867631463831842
605,269,260.0,44.278810408921935,45.2453531598513,260,31,1,0.048432933065126825
606,399,455.0,41.07268170426065,42.21303258145363,455,57,1,0.048190768399801194
607,388,431.0,39.41752577319588,40.52835051546392,431,50,1,0.04794981455780219
608,434,459.0,46.89170506912443,47.94930875576037,459,54,1,0.04771006548501318
609,164,105.0,37.21341463414634,37.853658536585364,105,23,1,0.047471515157588115
610,500,543.0,36.612,37.698,543,65,0,0.047234157581800176
611,433,456.0,35.76674364896074,36.81986143187067,456,54,1,0.046997986793891174
612,500,501.0,35.204,36.206,501,71,0,0.04676299685992172
613,181,167.0,32.54696132596685,33.469613259668506,167,30,1,0.04652918187562211
614,447,506.0,41.37360178970917,42.50559284116331,506,63,1,0.046296535966244
615,500,579.0,44.344,45.502,579,67,0,0.046065053286412784
616,309,334.0,40.103559870550164,41.18446601941748,334,40,1,0.04583472801998072
617,185,193.0,30.524324324324326,31.56756756756757,193,28,1,0.045605554379880814
618,500,550.0,34.694,35.794,550,70,0,0.04537752660798141
619,271,275.0,41.02214022140221,42.03690036900369,275,36,1,0.0451506389749415
620,335,384.0,45.27164179104478,46.417910447761194,384,41,1,0.044924885780066794
621,232,209.0,32.564655172413794,33.46551724137931,209,30,1,0.04470026135116646
622,401,400.0,32.261845386533665,33.25935162094763,400,57,1,0.04447676004441063
623,214,173.0,33.74766355140187,34.55607476635514,173,33,1,0.04425437624418858
624,202,186.0,39.93564356435643,40.85643564356435,186,32,1,0.04403310436296763
625,161,156.0,43.98136645962733,44.95031055900621,156,27,1,0.043812938841152796
626,241,241.0,45.13278008298755,46.13278008298755,241,28,1,0.04359387414694703
627,266,282.0,33.33458646616541,34.39473684210526,282,31,1,0.043375904776212296
628,327,318.0,40.44648318042813,41.41896024464832,318,38,1,0.043159025252331236
629,438,484.0,38.6689497716895,39.773972602739725,484,64,1,0.04294323012606958
630,468,509.0,42.19444444444444,43.282051282051285,509,60,1,0.04272851397543923
631,198,173.0,40.15151515151515,41.025252525252526,173,24,1,0.04251487140556204
632,117,74.0,28.76923076923077,29.4017094017094,74,13,1,0.04230229704853423
633,500,552.0,41.13,42.234,552,68,0,0.04209078556329156
634,188,171.0,33.952127659574465,34.861702127659576,171,25,1,0.0418803316354751
635,192,161.0,52.765625,53.604166666666664,161,17,1,0.041670929977297724
636,134,115.0,32.30597014925373,33.16417910447761,115,24,1,0.04146257532741124
637,165,116.0,29.406060606060606,30.10909090909091,116,19,1,0.04125526245077418
638,500,560.0,37.438,38.558,560,70,0,0.04104898613852031
639,164,146.0,29.49390243902439,30.384146341463413,146,21,1,0.04084374120782771
640,171,178.0,32.64327485380117,33.68421052631579,178,26,1,0.04063952250178857
641,199,200.0,39.959798994974875,40.96482412060301,200,31,1,0.04043632488927963
642,500,556.0,36.174,37.286,556,62,0,0.04023414326483323
643,223,191.0,38.6457399103139,39.502242152466366,191,32,1,0.040032972548509065
644,500,551.0,34.056,35.158,551,66,0,0.03983280768576652
645,500,540.0,47.582,48.662,540,63,0,0.03963364364733769
646,232,223.0,38.67672413793103,39.63793103448276,223,29,1,0.039435475429100995
647,227,182.0,34.96035242290749,35.76211453744494,182,22,1,0.03923829805195549
648,222,180.0,41.32432432432432,42.13513513513514,180,27,1,0.03904210656169572
649,489,496.0,38.07361963190184,39.0879345603272,496,65,1,0.03884689602888724
650,312,335.0,44.55769230769231,45.631410256410255,335,41,1,0.0386526615487428
651,457,463.0,39.074398249452955,40.08752735229759,463,57,1,0.03845939824099909
652,424,471.0,49.533018867924525,50.6438679245283,471,62,1,0.03826710124979409
653,155,105.0,30.47741935483871,31.15483870967742,105,13,1,0.038075765743545126
654,500,537.0,47.458,48.532,537,53,0,0.0378853869148274
655,405,414.0,41.4,42.422222222222224,414,49,1,0.03769595998025326
656,416,381.0,43.33894230769231,44.25480769230769,381,46,1,0.03750748018035199
657,166,116.0,39.16265060240964,39.86144578313253,116,17,1,0.037319942779450235
658,184,160.0,36.125,36.994565217391305,160,29,1,0.037133343065552986
659,500,534.0,34.558,35.626,534,73,0,0.03694767635022522
660,202,183.0,43.64356435643565,44.54950495049505,183,28,1,0.036762937968474095
661,132,101.0,31.325757575757574,32.09090909090909,101,14,1,0.03657912327863173
662,500,535.0,34.772,35.842,535,70,0,0.036396227662238566
663,396,403.0,39.593434343434346,40.611111111111114,403,47,1,0.03621424652392737
664,500,544.0,36.848,37.936,544,60,0,0.036033175291307735
665,306,310.0,29.15032679738562,30.163398692810457,310,45,1,0.03585300941485119
666,500,552.0,39.182,40.286,552,66,0,0.035673744367776934
667,492,514.0,41.1890243902439,42.233739837398375,514,63,1,0.03549537564593805
668,315,360.0,41.04761904761905,42.19047619047619,360,41,1,0.035317898767708356
669,481,511.0,37.37837837837838,38.44074844074844,511,61,1,0.03514130927386981
670,500,553.0,30.636,31.742,553,67,0,0.03496560272750046
671,272,260.0,32.26470588235294,33.220588235294116,260,38,1,0.03479077471386296
672,231,218.0,32.72727272727273,33.67099567099567,218,30,1,0.03461682084029365
673,500,587.0,42.178,43.352,587,64,0,0.034443736736092176
674,500,529.0,33.496,34.554,529,65,0,0.034271518052411715
675,194,170.0,43.144329896907216,44.02061855670103,170,21,1,0.034100160462149656
676,364,364.0,33.21153846153846,34.21153846153846,364,43,1,0.03392965965983891
677,354,386.0,44.271186440677965,45.36158192090395,386,50,1,0.033760011361539714
678,330,345.0,35.16969696969697,36.21515151515152,345,48,1,0.03359121130473201
679,132,107.0,36.34848484848485,37.15909090909091,107,16,1,0.033423255248208356
680,229,222.0,35.222707423580786,36.19213973799127,222,34,1,0.03325613897196732
681,500,569.0,34.038,35.176,569,60,0,0.03308985827710748
682,500,562.0,31.106,32.23,562,67,0,0.032924408985721944
683,500,521.0,37.234,38.276,521,63,0,0.03275978694079333
684,213,207.0,37.906103286384976,38.87793427230047,207,32,1,0.032595988006089364
685,199,195.0,33.62311557788945,34.60301507537689,195,28,1,0.032433008066058915
686,295,316.0,36.277966101694915,37.349152542372885,316,39,1,0.03227084302572862
687,379,372.0,32.1688654353562,33.150395778364114,372,51,1,0.032109488810599975
688,112,92.0,33.919642857142854,34.74107142857143,92,11,1,0.031948941366546975
689,500,623.0,36.084,37.33,623,64,0,0.03178919665971424
690,264,267.0,41.34090909090909,42.35227272727273,267,34,1,0.03163025067641567
691,167,165.0,38.461077844311376,39.449101796407184,165,23,1,0.03147209942303359
692,134,76.0,38.52238805970149,39.08955223880597,76,18,1,0.03131473892591842
693,346,358.0,33.13294797687861,34.16763005780347,358,47,1,0.031158165231288826
694,500,576.0,36.582,37.734,576,66,0,0.03100237440513238
695,199,174.0,33.814070351758794,34.688442211055275,174,28,1,0.030847362533106718
696,460,476.0,30.680434782608696,31.715217391304346,476,62,1,0.030693125720441184
697,329,340.0,29.711246200607903,30.74468085106383,340,51,1,0.030539660091838977
698,304,309.0,30.529605263157894,31.54605263157895,309,40,1,0.03038696179137978
699,361,389.0,36.93905817174515,38.016620498614955,389,54,1,0.030235026982422884
700,414,441.0,42.78502415458937,43.85024154589372,441,45,1,0.030083851847510768
701,500,540.0,36.73,37.81,540,67,0,0.029933432588273214
702,390,420.0,36.784615384615385,37.86153846153846,420,53,1,0.029783765425331846
703,500,537.0,33.858,34.932,537,71,0,0.029634846598205186
704,500,523.0,35.168,36.214,523,63,0,0.02948667236521416
705,500,565.0,46.342,47.472,565,61,0,0.029339239003388088
706,182,172.0,34.65384615384615,35.5989010989011,172,21,1,0.029192542808371146
707,126,82.0,37.96825396825397,38.61904761904762,82,11,1,0.02904658009432929
708,424,457.0,43.00235849056604,44.08018867924528,457,60,1,0.028901347193857643
709,360,398.0,38.1,39.205555555555556,398,46,1,0.028756840457888354
710,274,218.0,44.22627737226277,45.02189781021898,218,25,1,0.02861305625559891
711,252,238.0,31.92063492063492,32.86507936507937,238,35,1,0.028469990974320916
712,198,194.0,36.06565656565657,37.04545454545455,194,29,1,0.02832764101944931
713,475,531.0,34.82526315789474,35.94315789473684,531,59,1,0.028186002814352063
714,500,592.0,34.532,35.716,592,60,0,0.0280450728002803
715,216,193.0,34.726851851851855,35.620370370370374,193,32,1,0.0279048474362789
716,192,144.0,39.317708333333336,40.067708333333336,144,14,1,0.027765323199097504
717,500,559.0,30.11,31.228,559,66,0,0.027626496583102015
718,148,117.0,36.486486486486484,37.277027027027025,117,15,1,0.027488364100186506
719,248,233.0,31.217741935483872,32.15725806451613,233,32,1,0.027350922279685573
720,188,187.0,36.11702127659574,37.111702127659576,187,33,1,0.027214167668287145
721,156,141.0,31.935897435897434,32.83974358974359,141,20,1,0.02707809682994571
722,339,358.0,38.0117994100295,39.067846607669615,358,45,1,0.02694270634579598
723,500,555.0,35.132,36.242,555,71,0,0.026807992814067
724,150,84.0,36.7,37.26,84,20,1,0.026673952849996664
725,310,329.0,33.15806451612903,34.21935483870968,329,43,1,0.02654058308574668
726,280,289.0,40.55714285714286,41.589285714285715,289,33,1,0.026407880170317945
727,500,555.0,38.498,39.608,555,62,0,0.026275840769466357
728,443,487.0,39.395033860045146,40.49435665914221,487,49,1,0.026144461565619025
729,500,565.0,40.118,41.248,565,63,0,0.02601373925779093
730,485,558.0,33.10721649484536,34.25773195876289,558,69,1,0.025883670561501974
731,393,396.0,37.96437659033079,38.972010178117046,396,51,1,0.025754252208694463
732,500,551.0,39.138,40.24,551,61,0,0.02562548094765099
733,139,101.0,32.58273381294964,33.30935251798561,101,15,1,0.025497353542912736
734,414,444.0,31.507246376811594,32.57971014492754,444,50,1,0.02536986677519817
735,267,248.0,37.8876404494382,38.81647940074907,248,33,1,0.02524301744132218
736,500,566.0,35.076,36.208,566,71,0,0.025116802354115567
737,500,494.0,30.316,31.304,494,65,0,0.024991218342344988
738,180,158.0,28.194444444444443,29.072222222222223,158,22,1,0.024866262250633264
739,396,398.0,40.21212121212121,41.217171717171716,398,46,1,0.024741930939380097
740,119,85.0,32.252100840336134,32.96638655462185,85,17,1,0.024618221284683196
741,376,423.0,35.88563829787234,37.01063829787234,423,54,1,0.02449513017825978
742,225,245.0,31.964444444444446,33.053333333333335,245,33,1,0.02437265452736848
743,500,551.0,38.744,39.846,551,60,0,0.024250791254731636
744,500,515.0,29.66,30.69,515,67,0,0.024129537298457977
745,239,238.0,34.71966527196653,35.71548117154812,238,30,1,0.024008889611965685
746,331,369.0,42.196374622356494,43.31117824773414,369,51,1,0.023888845163905856
747,432,489.0,45.78703703703704,46.91898148148148,489,50,1,0.023769400938086327
748,141,108.0,29.382978723404257,30.148936170212767,108,14,1,0.023650553933395897
749,472,478.0,34.38135593220339,35.394067796610166,478,61,1,0.023532301163728918
750,110,54.0,56.75454545454546,57.24545454545454,54,7,1,0.023414639657910272
751,170,167.0,34.92941176470588,35.911764705882355,167,30,1,0.023297566459620722
752,500,567.0,37.982,39.116,567,59,0,0.023181078627322618
753,393,390.0,31.366412213740457,32.3587786259542,390,50,1,0.023065173234186005
754,106,72.0,31.028301886792452,31.70754716981132,72,10,1,0.022949847368015076
755,366,367.0,39.7103825136612,40.71311475409836,367,47,1,0.022835098131175
756,232,211.0,44.74568965517241,45.6551724137931,211,41,1,0.022720922640519125
757,318,332.0,34.257861635220124,35.301886792452834,332,41,1,0.02260731802731653
758,500,546.0,34.746,35.838,546,60,0,0.022494281437179946
759,500,512.0,36.738,37.762,512,64,0,0.022381810029994047
760,174,153.0,26.67816091954023,27.557471264367816,153,25,1,0.022269900979844076
761,414,453.0,36.01932367149758,37.11352657004831,453,57,1,0.022158551474944856
762,434,466.0,36.39861751152074,37.47235023041475,466,59,1,0.022047758717570132
763,155,150.0,36.21290322580645,37.18064516129032,150,22,1,0.021937519923982282
764,156,120.0,30.096153846153847,30.865384615384617,120,20,1,0.021827832324362372
765,166,80.0,43.84939759036145,44.33132530120482,80,9,1,0.02171869316274056
766,379,384.0,31.385224274406333,32.39841688654354,384,50,1,0.021610099696926857
767,130,91.0,45.792307692307695,46.49230769230769,91,13,1,0.021502049198442223
768,500,551.0,33.792,34.894,551,73,0,0.021394538952450012
769,353,351.0,33.934844192634564,34.92917847025496,351,53,1,0.02128756625768776
770,500,554.0,33.012,34.12,554,61,0,0.021181128426399323
771,500,532.0,32.896,33.96,532,67,0,0.021075222784267326
772,474,512.0,36.24894514767932,37.32911392405063,512,54,1,0.020969846670345987
773,460,512.0,34.82826086956522,35.94130434782609,512,66,1,0.020864997436994256
774,105,58.0,54.96190476190476,55.51428571428571,58,5,1,0.020760672449809284
775,500,534.0,33.372,34.44,534,60,0,0.020656869087560238
776,500,573.0,33.782,34.928,573,64,0,0.020553584742122436
777,288,282.0,36.46875,37.447916666666664,282,42,1,0.020450816818411825
778,234,210.0,31.512820512820515,32.41025641025641,210,34,1,0.020348562734319765
779,289,284.0,30.75432525951557,31.737024221453286,284,37,1,0.020246819920648168
780,181,171.0,30.392265193370164,31.337016574585636,171,27,1,0.020145585821044927
781,500,568.0,40.524,41.66,568,73,0,0.020044857891939702
782,500,556.0,34.496,35.608,556,62,0,0.019944633602480003
783,124,43.0,49.45967741935484,49.806451612903224,43,3,1,0.019844910434467605
784,248,269.0,37.625,38.70967741935484,269,31,1,0.019745685882295267
785,267,278.0,37.72659176029963,38.767790262172284,278,38,1,0.01964695745288379
786,500,574.0,51.284,52.432,574,64,0,0.01954872266561937
787,480,474.0,42.889583333333334,43.87708333333333,474,53,1,0.019450979052291272
788,500,619.0,45.588,46.826,619,61,0,0.019353724157029815
789,134,122.0,34.492537313432834,35.40298507462686,122,14,1,0.019256955536244666
790,167,166.0,30.820359281437124,31.81437125748503,166,25,1,0.019160670758563442
791,450,515.0,33.45333333333333,34.59777777777778,515,61,1,0.019064867404770626
792,500,570.0,31.886,33.026,570,66,0,0.018969543067746772
793,500,546.0,36.016,37.108,546,63,0,0.018874695352408037
794,151,103.0,33.59602649006622,34.27814569536424,103,19,1,0.018780321875645996
795,500,547.0,35.898,36.992,547,64,0,0.018686420266267767
796,316,296.0,31.462025316455698,32.39873417721519,296,36,1,0.018592988164936427
797,123,85.0,40.63414634146341,41.32520325203252,85,9,1,0.018500023224111744
798,465,491.0,30.898924731182795,31.954838709677418,491,58,1,0.018407523107991184
799,325,334.0,33.36,34.387692307692305,334,49,1,0.01831548549245123
800,153,124.0,34.73202614379085,35.54248366013072,124,23,1,0.018223908064988973
801,500,563.0,35.886,37.012,563,61,0,0.018132788524664028
802,248,219.0,36.57661290322581,37.45967741935484,219,32,1,0.018042124582040707
803,471,488.0,40.13375796178344,41.169851380042466,488,51,1,0.017951913959130504
804,500,546.0,31.82,32.912,546,71,0,0.01786215438933485
805,204,204.0,32.490196078431374,33.490196078431374,204,24,1,0.017772843617388175
806,237,237.0,31.79746835443038,32.79746835443038,237,34,1,0.017683979399301233
807,334,325.0,40.877245508982035,41.8502994011976,325,34,1,0.017595559502304726
808,418,481.0,42.260765550239235,43.411483253588514,481,58,1,0.0175075817047932
809,500,518.0,33.916,34.952,518,70,0,0.017420043796269234
810,500,556.0,31.768,32.88,556,62,0,0.017332943577287888
811,89,61.0,32.235955056179776,32.92134831460674,61,9,1,0.01724627885940145
812,167,145.0,32.40718562874252,33.275449101796404,145,19,1,0.017160047465104442
813,500,574.0,36.62,37.768,574,63,0,0.01707424722777892
814,500,531.0,27.22,28.282,531,67,0,0.016988875991640028
815,472,498.0,37.603813559322035,38.65889830508475,498,60,1,0.016903931611681827
816,314,336.0,43.452229299363054,44.52229299363057,336,40,1,0.01681941195362342
817,496,525.0,44.54435483870968,45.60282258064516,525,61,1,0.016735314893855303
818,465,501.0,32.18494623655914,33.26236559139785,501,64,1,0.016651638319386028
819,500,606.0,40.458,41.67,606,72,0,0.0165683801277891
820,224,160.0,39.19642857142857,39.910714285714285,160,30,1,0.016485538227150154
821,304,296.0,32.026315789473685,33.0,296,44,1,0.0164031105360144
822,336,296.0,40.37202380952381,41.25297619047619,296,28,1,0.01632109498333433
823,154,136.0,30.62987012987013,31.51298701298701,136,22,1,0.016239489508417658
824,279,284.0,37.69892473118279,38.7168458781362,284,33,1,0.01615829206087557
825,462,504.0,31.965367965367964,33.056277056277054,504,58,1,0.01607750060057119
826,367,424.0,52.16893732970027,53.32425068119891,424,52,1,0.015997113097568336
827,239,229.0,38.77824267782427,39.73640167364017,229,22,1,0.015917127532080494
828,180,172.0,40.294444444444444,41.25,172,24,1,0.01583754189442009
829,156,93.0,26.262820512820515,26.858974358974358,93,20,1,0.01575835418494799
830,500,534.0,34.642,35.71,534,54,0,0.01567956241402325
831,337,329.0,31.448071216617212,32.42433234421365,329,44,1,0.015601164601953134
832,124,86.0,30.927419354838708,31.620967741935484,86,20,1,0.015523158778943369
833,136,125.0,28.25735294117647,29.176470588235293,125,19,1,0.015445542985048652
834,500,534.0,37.402,38.47,534,66,0,0.015368315270123408
835,121,66.0,40.40495867768595,40.950413223140494,66,10,1,0.01529147369377279
836,500,510.0,31.012,32.032,510,63,0,0.015215016325303928
837,354,371.0,32.98587570621469,34.03389830508475,371,55,1,0.015138941243677408
838,291,273.0,34.53264604810997,35.470790378006875,273,33,1,0.01506324653745902
839,213,215.0,37.64319248826291,38.652582159624416,215,31,1,0.014987930304771725
840,500,559.0,36.078,37.196,559,64,0,0.014912990653247866
841,153,108.0,40.01307189542484,40.71895424836601,108,18,1,0.014838425699981627
842,173,125.0,31.416184971098264,32.138728323699425,125,17,1,0.01476423357148172
843,303,297.0,31.884488448844884,32.864686468646866,297,43,1,0.014690412403624311
844,500,561.0,29.74,30.862,561,63,0,0.01461696034160619
845,500,541.0,35.944,37.026,541,68,0,0.014543875539898159
846,382,408.0,37.14397905759162,38.212041884816756,408,50,1,0.014471156162198668
847,239,202.0,51.90376569037657,52.7489539748954,202,16,1,0.014398800381387675
848,114,91.0,29.535087719298247,30.333333333333332,91,13,1,0.014326806379480736
849,500,570.0,37.048,38.188,570,68,0,0.014255172347583332
850,270,263.0,38.629629629629626,39.6037037037037,263,32,1,0.014183896485845416
851,500,575.0,34.138,35.288,575,69,0,0.014112977003416188
852,121,100.0,32.396694214876035,33.22314049586777,100,14,1,0.014042412118399107
853,201,199.0,35.2636815920398,36.25373134328358,199,32,1,0.013972200057807112
854,439,465.0,35.63553530751708,36.69476082004556,465,54,1,0.013902339057518077
855,205,192.0,34.40975609756097,35.34634146341463,192,29,1,0.013832827362230486
856,208,184.0,32.79326923076923,33.67788461538461,184,28,1,0.013763663225419333
857,494,508.0,33.42914979757085,34.45748987854251,508,62,1,0.013694844909292236
858,238,217.0,32.15966386554622,33.07142857142857,217,38,1,0.013626370684745774
859,279,262.0,26.412186379928315,27.351254480286737,262,33,1,0.013558238831322046
860,500,552.0,27.88,28.984,552,63,0,0.013490447637165436
861,221,189.0,37.959276018099544,38.81447963800905,189,24,1,0.013422995398979608
862,207,200.0,33.570048309178745,34.53623188405797,200,27,1,0.01335588042198471
863,221,250.0,37.77828054298642,38.90950226244344,250,34,1,0.013289101019874787
864,500,551.0,45.716,46.818,551,54,0,0.013222655514775413
865,131,122.0,40.89312977099237,41.82442748091603,122,17,1,0.013156542237201536
866,482,498.0,38.495850622406635,39.52904564315353,498,55,1,0.013090759526015528
867,500,542.0,35.132,36.216,542,65,0,0.01302530572838545
868,233,220.0,42.347639484978544,43.291845493562235,220,23,1,0.012960179199743523
869,250,231.0,34.208,35.132,231,29,1,0.012895378303744804
870,106,49.0,41.66981132075472,42.132075471698116,49,7,1,0.01283090141222608
871,122,109.0,28.704918032786885,29.598360655737704,109,14,1,0.012766746905164949
872,500,553.0,36.19,37.296,553,66,0,0.012702913170639124
873,182,120.0,30.532967032967033,31.192307692307693,120,24,1,0.012639398604785928
874,449,457.0,38.01559020044544,39.03340757238308,457,56,1,0.012576201611761997
875,500,546.0,35.708,36.8,546,67,0,0.012513320603703188
876,253,230.0,32.00790513833992,32.91699604743083,230,29,1,0.012450754000684672
877,175,157.0,34.12,35.01714285714286,157,24,1,0.012388500230681249
878,354,370.0,37.779661016949156,38.824858757062145,370,40,1,0.012326557729527843
879,500,554.0,28.758,29.866,554,68,0,0.012264924940880204
880,193,160.0,33.90155440414508,34.73056994818653,160,21,1,0.012203600316175803
881,500,554.0,31.364,32.472,554,63,0,0.012142582314594924
882,500,557.0,30.842,31.956,557,67,0,0.01208186940302195
883,382,414.0,40.23298429319372,41.31675392670157,414,52,1,0.01202146005600684
884,500,583.0,37.142,38.308,583,66,0,0.011961352755726806
885,500,512.0,32.914,33.938,512,59,0,0.01190154599194817
886,225,223.0,30.38222222222222,31.373333333333335,223,26,1,0.01184203826198843
887,500,552.0,43.524,44.628,552,61,0,0.011782828070678488
888,186,137.0,27.543010752688172,28.27956989247312,137,18,1,0.011723913930325095
889,124,86.0,34.13709677419355,34.83064516129032,86,12,1,0.01166529436067347
890,500,549.0,48.87,49.968,549,59,0,0.011606967888870102
891,500,561.0,33.768,34.89,561,70,0,0.01154893304942575
892,297,300.0,46.74074074074074,47.75084175084175,300,35,1,0.011491188384178622
893,116,47.0,52.21551724137931,52.62068965517241,47,2,1,0.011433732442257729
894,216,208.0,29.61111111111111,30.574074074074073,208,30,1,0.01137656378004644
895,369,422.0,39.18428184281843,40.327913279132794,422,57,1,0.011319680961146208
896,136,104.0,32.24264705882353,33.00735294117647,104,21,1,0.011263082556340478
897,170,94.0,47.86470588235294,48.417647058823526,94,8,1,0.011206767143558775
898,215,197.0,40.63720930232558,41.55348837209302,197,25,1,0.011150733307840981
899,255,256.0,33.01960784313726,34.023529411764706,256,36,1,0.011094979641301777
900,500,532.0,32.944,34.008,532,61,0,0.011039504743095268
901,216,205.0,40.06481481481482,41.013888888888886,205,25,1,0.01098430721937979
902,131,53.0,46.74809160305343,47.152671755725194,53,3,1,0.010929385683282892
903,382,403.0,41.52879581151832,42.583769633507856,403,53,1,0.010874738754866477
904,312,310.0,44.157051282051285,45.15064102564103,310,39,1,0.010820365061092144
905,500,496.0,38.658,39.65,496,59,0,0.010766263235786683
906,130,97.0,26.646153846153847,27.392307692307693,97,16,1,0.01071243191960775
907,355,341.0,35.070422535211264,36.030985915492955,341,46,1,0.010658869760009713
908,247,219.0,32.388663967611336,33.2753036437247,219,37,1,0.010605575411209664
909,384,432.0,35.526041666666664,36.651041666666664,432,49,1,0.010552547534153616
910,500,565.0,40.88,42.01,565,57,0,0.010499784796482848
911,185,151.0,35.71351351351351,36.52972972972973,151,16,1,0.010447285872500434
912,214,208.0,35.96261682242991,36.93457943925234,208,26,1,0.01039504944313793
913,500,543.0,33.166,34.252,543,74,0,0.010343074195922241
914,354,364.0,32.27401129943503,33.30225988700565,364,51,1,0.01029135882494263
915,500,594.0,40.988,42.176,594,56,0,0.010239902030817916
916,352,373.0,35.64772727272727,36.70738636363637,373,49,1,0.010188702520663827
917,448,509.0,31.171875,32.308035714285715,509,65,1,0.010137759008060509
918,405,395.0,41.446913580246914,42.422222222222224,395,39,1,0.010087070213020206
919,500,578.0,34.954,36.11,578,59,0,0.010036634861955105
920,500,597.0,44.01,45.204,597,58,0,0.01
921,251,236.0,35.32669322709163,36.266932270916335,236,38,1,0.01
922,145,110.0,29.17241379310345,29.93103448275862,110,15,1,0.01
923,205,185.0,36.2,37.10243902439024,185,20,1,0.01
924,500,585.0,36.614,37.784,585,73,0,0.01
925,500,572.0,38.25,39.394,572,58,0,0.01
926,206,157.0,37.199029126213595,37.96116504854369,157,21,1,0.01
927,130,60.0,51.815384615384616,52.276923076923076,60,3,1,0.01
928,443,492.0,37.57787810383747,38.68848758465011,492,51,1,0.01
929,114,73.0,31.535087719298247,32.175438596491226,73,10,1,0.01
930,284,275.0,30.809859154929576,31.778169014084508,275,34,1,0.01
931,411,439.0,36.24817518248175,37.31630170316302,439,54,1,0.01
932,195,113.0,38.48205128205128,39.06153846153846,113,21,1,0.01
933,198,179.0,35.92929292929293,36.833333333333336,179,22,1,0.01
934,185,150.0,38.475675675675674,39.28648648648649,150,22,1,0.01
935,446,433.0,36.091928251121075,37.062780269058294,433,50,1,0.01
936,462,529.0,36.52597402597402,37.67099567099567,529,59,1,0.01
937,500,539.0,35.85,36.928,539,62,0,0.01
938,114,81.0,29.25438596491228,29.964912280701753,81,14,1,0.01
939,199,194.0,33.38693467336683,34.36180904522613,194,27,1,0.01
940,140,124.0,29.3,30.185714285714287,124,20,1,0.01
941,500,558.0,34.274,35.39,558,57,0,0.01
942,418,468.0,34.34688995215311,35.46650717703349,468,59,1,0.01
943,179,156.0,34.67039106145251,35.54189944134078,156,21,1,0.01
944,364,383.0,34.95879120879121,36.010989010989015,383,48,1,0.01
945,321,306.0,41.81931464174455,42.77258566978193,306,34,1,0.01
946,223,203.0,34.54708520179372,35.45739910313901,203,35,1,0.01
947,500,531.0,36.616,37.678,531,61,0,0.01
948,156,145.0,38.41025641025641,39.33974358974359,145,20,1,0.01
949,395,376.0,24.774683544303798,25.72658227848101,376,51,1,0.01
950,103,70.0,43.50485436893204,44.18446601941748,70,5,1,0.01
951,224,151.0,41.77232142857143,42.44642857142857,151,14,1,0.01
952,500,570.0,32.732,33.872,570,65,0,0.01
953,500,531.0,32.164,33.226,531,61,0,0.01
954,500,538.0,39.76,40.836,538,73,0,0.01
955,411,404.0,28.311435523114355,29.29440389294404,404,52,1,0.01
956,500,596.0,41.76,42.952,596,71,0,0.01
957,329,346.0,38.81155015197568,39.86322188449848,346,43,1,0.01
958,317,321.0,30.085173501577287,31.097791798107256,321,42,1,0.01
959,117,62.0,38.53846153846154,39.06837606837607,62,7,1,0.01
960,500,523.0,43.052,44.098,523,55,0,0.01
961,409,443.0,35.136919315403425,36.220048899755504,443,56,1,0.01
962,200,196.0,33.56,34.54,196,27,1,0.01
963,500,613.0,41.506,42.732,613,63,0,0.01
964,286,305.0,37.49300699300699,38.55944055944056,305,35,1,0.01
965,500,575.0,33.758,34.908,575,60,0,0.01
966,411,430.0,32.58150851581509,33.627737226277375,430,59,1,0.01
967,481,508.0,30.523908523908524,31.58004158004158,508,68,1,0.01
968,500,544.0,38.42,39.508,544,54,0,0.01
969,165,162.0,50.46666666666667,51.448484848484846,162,14,1,0.01
970,500,551.0,40.328,41.43,551,61,0,0.01
971,500,591.0,31.142,32.324,591,63,0,0.01
972,230,190.0,32.35217391304348,33.178260869565214,190,27,1,0.01
973,485,479.0,29.742268041237114,30.729896907216496,479,65,1,0.01
974,500,542.0,35.79,36.874,542,57,0,0.01
975,500,558.0,35.082,36.198,558,67,0,0.01
976,500,562.0,34.48,35.604,562,63,0,0.01
977,383,387.0,33.866840731070496,34.87728459530026,387,47,1,0.01
978,466,485.0,37.91630901287554,38.957081545064376,485,58,1,0.01
979,500,571.0,33.792,34.934,571,65,0,0.01
980,500,576.0,36.878,38.03,576,68,0,0.01
981,173,164.0,41.36416184971098,42.3121387283237,164,18,1,0.01
982,500,564.0,34.808,35.936,564,66,0,0.01
983,500,537.0,35.276,36.35,537,67,0,0.01
984,500,551.0,33.304,34.406,551,60,0,0.01
985,500,553.0,36.832,37.938,553,63,0,0.01
986,146,145.0,34.054794520547944,35.04794520547945,145,22,1,0.01
987,248,211.0,43.57258064516129,44.42338709677419,211,21,1,0.01
988,360,373.0,29.625,30.66111111111111,373,51,1,0.01
989,170,162.0,28.711764705882352,29.66470588235294,162,24,1,0.01
990,301,301.0,38.51495016611295,39.51495016611295,301,32,1,0.01
991,275,300.0,36.67636363636364,37.767272727272726,300,40,1,0.01
992,240,204.0,27.270833333333332,28.120833333333334,204,29,1,0.01
993,160,136.0,36.575,37.425,136,19,1,0.01
994,500,554.0,32.236,33.344,554,70,0,0.01
995,176,152.0,30.522727272727273,31.386363636363637,152,21,1,0.01
996,98,28.0,51.173469387755105,51.45918367346939,28,2,1,0.01
997,272,282.0,36.970588235294116,38.00735294117647,282,37,1,0.01
998,186,179.0,32.854838709677416,33.81720430107527,179,30,1,0.01
999,222,222.0,31.274774774774773,32.27477477477478,222,30,1,0.01
1000,425,466.0,39.374117647058824,40.470588235294116,466,54,1,0.01
1001,500,592.0,38.604,39.788,592,61,0,0.01
1002,382,398.0,33.00261780104712,34.044502617801044,398,54,1,0.01
1003,500,558.0,37.61,38.726,558,72,0,0.01
1004,325,315.0,35.003076923076925,35.972307692307695,315,47,1,0.01
1005,500,468.0,40.582,41.518,468,50,1,0.01
1006,396,410.0,29.782828282828284,30.818181818181817,410,58,1,0.01
1007,192,191.0,32.786458333333336,33.78125,191,25,1,0.01
1008,185,161.0,31.01081081081081,31.88108108108108,161,28,1,0.01
1009,415,432.0,34.207228915662654,35.24819277108434,432,58,1,0.01
1010,297,302.0,36.55555555555556,37.572390572390574,302,39,1,0.01
1011,246,224.0,38.78455284552845,39.69512195121951,224,22,1,0.01
1012,103,54.0,40.74757281553398,41.271844660194176,54,8,1,0.01
1013,141,142.0,32.702127659574465,33.709219858156025,142,25,1,0.01
1014,463,509.0,36.76457883369331,37.86393088552916,509,65,1,0.01
1015,500,579.0,36.55,37.708,579,69,0,0.01
1016,500,526.0,32.48,33.532,526,69,0,0.01
1017,500,550.0,34.922,36.022,550,60,0,0.01
1018,434,458.0,39.36866359447004,40.423963133640555,458,53,1,0.01
1019,138,90.0,30.717391304347824,31.369565217391305,90,15,1,0.01
1020,314,319.0,35.232484076433124,36.2484076433121,319,38,1,0.01
1021,237,226.0,29.046413502109704,30.0,226,26,1,0.01
1022,138,112.0,43.47826086956522,44.289855072463766,112,9,1,0.01
1023,251,255.0,33.33864541832669,34.354581673306775,255,30,1,0.01
1024,124,119.0,39.33870967741935,40.29838709677419,119,17,1,0.01
1025,279,301.0,43.41935483870968,44.49820788530466,301,36,1,0.01
1026,238,242.0,34.65126050420168,35.668067226890756,242,31,1,0.01
1027,288,295.0,37.12152777777778,38.145833333333336,295,38,1,0.01
1028,500,535.0,36.144,37.214,535,62,0,0.01
1029,211,165.0,40.90521327014218,41.687203791469194,165,16,1,0.01
1030,500,528.0,41.888,42.944,528,60,0,0.01
1031,136,123.0,33.6764705882353,34.580882352941174,123,23,1,0.01
1032,369,446.0,44.59891598915989,45.80758807588076,446,44,1,0.01
1033,234,215.0,37.00854700854701,37.927350427350426,215,26,1,0.01
1034,429,474.0,45.282051282051285,46.386946386946384,474,48,1,0.01
1035,500,570.0,37.22,38.36,570,63,0,0.01
1036,252,229.0,33.817460317460316,34.726190476190474,229,28,1,0.01
1037,276,303.0,38.40942028985507,39.507246376811594,303,34,1,0.01
1038,267,253.0,30.40074906367041,31.348314606741575,253,43,1,0.01
1039,334,346.0,31.104790419161677,32.14071856287425,346,47,1,0.01
1040,426,426.0,33.30046948356807,34.30046948356807,426,54,1,0.01
1041,250,230.0,41.176,42.096,230,26,1,0.01
1042,500,575.0,33.862,35.012,575,60,0,0.01
1043,299,273.0,41.180602006688964,42.09364548494983,273,23,1,0.01
1044,500,552.0,38.402,39.506,552,63,0,0.01
1045,459,445.0,34.769063180827885,35.73856209150327,445,52,1,0.01
1046,353,361.0,35.44192634560906,36.46458923512748,361,47,1,0.01
1047,316,261.0,40.177215189873415,41.00316455696203,261,22,1,0.01
1048,288,327.0,36.510416666666664,37.645833333333336,327,42,1,0.01
1049,500,550.0,28.512,29.612,550,71,0,0.01
1050,500,607.0,36.782,37.996,607,66,0,0.01
1051,500,547.0,32.292,33.386,547,59,0,0.01
1052,271,244.0,33.752767527675275,34.65313653136531,244,25,1,0.01
1053,414,432.0,34.932367149758456,35.97584541062802,432,47,1,0.01
1054,263,240.0,40.634980988593156,41.547528517110266,240,21,1,0.01
1055,500,551.0,36.534,37.636,551,60,0,0.01
1056,246,201.0,30.097560975609756,30.914634146341463,201,31,1,0.01
1057,371,392.0,28.37735849056604,29.433962264150942,392,47,1,0.01
1058,500,585.0,31.09,32.26,585,72,0,0.01
1059,172,123.0,33.843023255813954,34.55813953488372,123,16,1,0.01
1060,363,370.0,35.548209366391184,36.56749311294766,370,46,1,0.01
1061,500,537.0,35.066,36.14,537,59,0,0.01
1062,284,271.0,36.50352112676056,37.45774647887324,271,36,1,0.01
1063,459,498.0,51.58605664488017,52.671023965141615,498,51,1,0.01
1064,280,289.0,44.90714285714286,45.93928571428572,289,39,1,0.01
1065,500,539.0,34.966,36.044,539,69,0,0.01
1066,354,374.0,34.35310734463277,35.409604519774014,374,45,1,0.01
1067,500,532.0,36.244,37.308,532,65,0,0.01
1068,215,220.0,33.86046511627907,34.883720930232556,220,26,1,0.01
1069,500,529.0,32.294,33.352,529,66,0,0.01
1070,500,500.0,31.048,32.048,500,62,0,0.01
1071,500,557.0,39.996,41.11,557,60,0,0.01
1072,459,479.0,34.12200435729847,35.16557734204793,479,44,1,0.01
1073,226,205.0,41.15929203539823,42.06637168141593,205,32,1,0.01
1074,235,240.0,33.13191489361702,34.1531914893617,240,33,1,0.01
1075,107,86.0,30.485981308411215,31.289719626168225,86,16,1,0.01
1076,500,565.0,37.972,39.102,565,53,0,0.01
1077,132,62.0,40.97727272727273,41.446969696969695,62,7,1,0.01
1078,500,535.0,36.358,37.428,535,68,0,0.01
1079,156,117.0,34.58974358974359,35.33974358974359,117,16,1,0.01
1080,500,554.0,34.926,36.034,554,60,0,0.01
1081,294,300.0,31.836734693877553,32.857142857142854,300,47,1,0.01
1082,401,397.0,35.718204488778056,36.70822942643392,397,54,1,0.01
1083,500,506.0,34.198,35.21,506,69,0,0.01
1084,107,26.0,42.570093457943926,42.81308411214953,26,3,1,0.01
1085,243,248.0,30.909465020576132,31.930041152263374,248,29,1,0.01
1086,314,309.0,37.52229299363057,38.50636942675159,309,37,1,0.01
1087,250,258.0,32.732,33.764,258,31,1,0.01
1088,385,393.0,30.335064935064935,31.355844155844157,393,62,1,0.01
1089,125,65.0,38.92,39.44,65,15,1,0.01
1090,176,154.0,39.24431818181818,40.11931818181818,154,17,1,0.01
1091,500,560.0,33.79,34.91,560,72,0,0.01
1092,116,83.0,36.80172413793103,37.51724137931034,83,12,1,0.01
1093,500,579.0,39.738,40.896,579,59,0,0.01
1094,222,178.0,37.207207207207205,38.009009009009006,178,22,1,0.01
1095,500,533.0,34.002,35.068,533,65,0,0.01
1096,278,255.0,46.02877697841727,46.94604316546763,255,27,1,0.01
1097,500,526.0,42.99,44.042,526,59,0,0.01
1098,417,422.0,31.719424460431654,32.73141486810552,422,54,1,0.01
1099,362,362.0,38.091160220994475,39.091160220994475,362,46,1,0.01
1100,500,580.0,41.186,42.346,580,57,0,0.01
1101,230,234.0,32.23478260869565,33.25217391304348,234,30,1,0.01
1102,500,548.0,34.172,35.268,548,61,0,0.01
1103,315,307.0,37.81587301587302,38.79047619047619,307,46,1,0.01
1104,162,133.0,34.18518518518518,35.00617283950617,133,17,1,0.01
1105,460,465.0,33.61739130434783,34.62826086956522,465,49,1,0.01
1106,151,68.0,42.80794701986755,43.258278145695364,68,6,1,0.01
1107,359,326.0,26.87743732590529,27.785515320334262,326,43,1,0.01
1108,168,131.0,27.422619047619047,28.202380952380953,131,22,1,0.01
1109,215,230.0,38.716279069767445,39.78604651162791,230,25,1,0.01
1110,500,581.0,33.194,34.356,581,69,0,0.01
1111,500,570.0,31.004,32.144,570,67,0,0.01
1112,216,222.0,36.375,37.40277777777778,222,31,1,0.01
1113,500,598.0,37.31,38.506,598,64,0,0.01
1114,158,132.0,36.79113924050633,37.62658227848101,132,21,1,0.01
1115,465,452.0,36.25376344086021,37.225806451612904,452,49,1,0.01
1116,244,202.0,37.27049180327869,38.09836065573771,202,25,1,0.01
1117,305,295.0,39.90163934426229,40.868852459016395,295,46,1,0.01
1118,500,567.0,40.244,41.378,567,61,0,0.01
1119,348,375.0,41.525862068965516,42.60344827586207,375,39,1,0.01
1120,267,246.0,33.92134831460674,34.842696629213485,246,27,1,0.01
1121,476,488.0,36.205882352941174,37.23109243697479,488,57,1,0.01
1122,486,540.0,41.65843621399177,42.76954732510288,540,60,1,0.01
1123,500,511.0,35.786,36.808,511,68,0,0.01
1124,147,74.0,49.57823129251701,50.08163265306123,74,7,1,0.01
1125,258,258.0,38.77131782945737,39.77131782945737,258,31,1,0.01
1126,434,466.0,35.154377880184335,36.22811059907834,466,54,1,0.01
1127,337,381.0,37.34421364985163,38.474777448071215,381,46,1,0.01
1128,500,558.0,32.576,33.692,558,62,0,0.01
1129,500,533.0,36.82,37.886,533,57,0,0.01
1130,321,362.0,39.691588785046726,40.81931464174455,362,46,1,0.01
1131,408,453.0,34.43627450980392,35.54656862745098,453,54,1,0.01
1132,293,320.0,38.04095563139932,39.13310580204778,320,38,1,0.01
1133,137,135.0,29.875912408759124,30.861313868613138,135,19,1,0.01
1134,141,114.0,35.177304964539005,35.98581560283688,114,13,1,0.01
1135,260,242.0,26.95,27.880769230769232,242,34,1,0.01
1136,167,153.0,26.538922155688624,27.45508982035928,153,23,1,0.01
1137,131,93.0,30.763358778625953,31.47328244274809,93,17,1,0.01
1138,324,325.0,32.858024691358025,33.861111111111114,325,48,1,0.01
1139,301,250.0,40.946843853820596,41.777408637873755,250,25,1,0.01
1140,278,320.0,42.89568345323741,44.04676258992806,320,32,1,0.01
1141,281,277.0,32.64056939501779,33.62633451957296,277,40,1,0.01
1142,177,165.0,31.06779661016949,32.0,165,25,1,0.01
1143,164,121.0,28.274390243902438,29.01219512195122,121,18,1,0.01
1144,411,458.0,41.009732360097324,42.12408759124087,458,51,1,0.01
1145,500,521.0,38.106,39.148,521,65,0,0.01
1146,258,265.0,35.84496124031008,36.872093023255815,265,28,1,0.01
1147,293,292.0,32.45051194539249,33.44709897610922,292,37,1,0.01
1148,248,234.0,42.73790322580645,43.681451612903224,234,27,1,0.01
1149,234,231.0,43.15384615384615,44.14102564102564,231,27,1,0.01
1150,257,268.0,31.474708171206224,32.51750972762646,268,36,1,0.01
1151,359,363.0,35.23398328690808,36.24512534818942,363,43,1,0.01
1152,302,286.0,32.6953642384106,33.64238410596027,286,35,1,0.01
1153,318,334.0,35.13522012578616,36.185534591194966,334,39,1,0.01
1154,295,297.0,39.31525423728814,40.32203389830509,297,37,1,0.01
1155,210,196.0,37.98571428571429,38.91904761904762,196,23,1,0.01
1156,500,540.0,28.304,29.384,540,74,0,0.01
1157,217,141.0,37.02764976958525,37.67741935483871,141,16,1,0.01
1158,500,536.0,38.088,39.16,536,58,0,0.01
1159,244,250.0,33.22540983606557,34.25,250,37,1,0.01
1160,359,370.0,39.37604456824513,40.4066852367688,370,47,1,0.01
1161,184,168.0,34.494565217391305,35.40760869565217,168,24,1,0.01
1162,208,138.0,39.55288461538461,40.21634615384615,138,14,1,0.01
1163,500,580.0,38.116,39.276,580,65,0,0.01
1164,170,162.0,35.99411764705882,36.94705882352941,162,25,1,0.01
1165,500,580.0,34.026,35.186,580,71,0,0.01
1166,193,183.0,35.170984455958546,36.119170984455955,183,28,1,0.01
1167,174,162.0,33.36206896551724,34.293103448275865,162,25,1,0.01
1168,388,354.0,35.16752577319588,36.079896907216494,354,56,1,0.01
1169,190,201.0,30.36315789473684,31.42105263157895,201,24,1,0.01
1170,500,540.0,31.128,32.208,540,68,0,0.01
1171,360,309.0,31.747222222222224,32.605555555555554,309,46,1,0.01
1172,500,529.0,32.446,33.504,529,67,0,0.01
1173,316,258.0,32.800632911392405,33.61708860759494,258,39,1,0.01
1174,480,525.0,47.28125,48.375,525,58,1,0.01
1175,500,543.0,29.318,30.404,543,63,0,0.01
1176,440,478.0,30.222727272727273,31.30909090909091,478,68,1,0.01
1177,180,130.0,29.605555555555554,30.32777777777778,130,19,1,0.01
1178,282,282.0,35.790780141843975,36.790780141843975,282,36,1,0.01
1179,94,52.0,37.255319148936174,37.808510638297875,52,12,1,0.01
1180,500,536.0,31.862,32.934,536,70,0,0.01
1181,154,138.0,29.383116883116884,30.27922077922078,138,20,1,0.01
1182,500,544.0,39.236,40.324,544,65,0,0.01
1183,500,530.0,38.244,39.304,530,70,0,0.01
1184,500,516.0,33.534,34.566,516,67,0,0.01
1185,500,562.0,38.77,39.894,562,57,0,0.01
1186,457,487.0,30.188183807439824,31.25382932166302,487,59,1,0.01
1187,500,573.0,34.278,35.424,573,64,0,0.01
1188,247,200.0,41.91902834008097,42.72874493927125,200,22,1,0.01
1189,302,277.0,48.049668874172184,48.966887417218544,277,28,1,0.01
1190,133,107.0,28.55639097744361,29.360902255639097,107,22,1,0.01
1191,146,146.0,32.342465753424655,33.342465753424655,146,23,1,0.01
1192,432,465.0,34.050925925925924,35.12731481481482,465,51,1,0.01
1193,237,201.0,33.55696202531646,34.40506329113924,201,21,1,0.01
1194,498,537.0,35.506024096385545,36.58433734939759,537,58,1,0.01
1195,168,141.0,41.845238095238095,42.68452380952381,141,17,1,0.01
1196,289,287.0,30.162629757785467,31.155709342560552,287,38,1,0.01
1197,306,245.0,41.43464052287582,42.23529411764706,245,22,1,0.01
1198,500,548.0,38.088,39.184,548,63,0,0.01
1199,322,340.0,40.41925465838509,41.475155279503106,340,43,1,0.01
1200,396,405.0,38.59090909090909,39.61363636363637,405,48,1,0.01
1201,240,217.0,34.61666666666667,35.520833333333336,217,29,1,0.01
1202,450,505.0,37.41555555555556,38.53777777777778,505,61,1,0.01
1203,500,570.0,36.288,37.428,570,55,0,0.01
1204,500,569.0,43.024,44.162,569,60,0,0.01
1205,246,265.0,37.71544715447155,38.792682926829265,265,30,1,0.01
1206,396,432.0,40.255050505050505,41.3459595959596,432,49,1,0.01
1207,500,547.0,35.078,36.172,547,62,0,0.01
1208,500,557.0,37.338,38.452,557,67,0,0.01
1209,500,560.0,34.568,35.688,560,65,0,0.01
1210,288,285.0,40.767361111111114,41.75694444444444,285,34,1,0.01
1211,500,557.0,35.448,36.562,557,73,0,0.01
1212,500,540.0,34.524,35.604,540,62,0,0.01
1213,243,245.0,33.13991769547325,34.148148148148145,245,26,1,0.01
1214,444,487.0,34.846846846846844,35.943693693693696,487,57,1,0.01
1215,500,579.0,41.268,42.426,579,62,0,0.01
1216,298,325.0,42.97986577181208,44.07046979865772,325,36,1,0.01
1217,500,568.0,32.8,33.936,568,69,0,0.01
1218,500,540.0,42.074,43.154,540,64,0,0.01
1219,500,554.0,40.66,41.768,554,61,0,0.01
1220,500,566.0,37.498,38.63,566,61,0,0.01
1221,351,365.0,39.78917378917379,40.82905982905983,365,44,1,0.01
1222,235,230.0,41.28936170212766,42.268085106382976,230,33,1,0.01
1223,250,253.0,31.804,32.816,253,33,1,0.01
1224,308,277.0,40.41883116883117,41.31818181818182,277,37,1,0.01
1225,500,587.0,35.9,37.074,587,67,0,0.01
1226,328,309.0,37.551829268292686,38.49390243902439,309,42,1,0.01
1227,232,197.0,37.560344827586206,38.40948275862069,197,23,1,0.01
1228,129,110.0,33.736434108527135,34.58914728682171,110,16,1,0.01
1229,256,251.0,33.5390625,34.51953125,251,27,1,0.01
1230,143,110.0,35.86013986013986,36.62937062937063,110,16,1,0.01
1231,500,542.0,32.374,33.458,542,59,0,0.01
1232,313,353.0,45.94249201277955,47.0702875399361,353,40,1,0.01
1233,392,401.0,31.21938775510204,32.24234693877551,401,54,1,0.01
1234,500,586.0,37.154,38.326,586,61,0,0.01
1235,128,51.0,50.7734375,51.171875,51,4,1,0.01
1236,280,279.0,33.135714285714286,34.13214285714286,279,36,1,0.01
1237,177,152.0,29.694915254237287,30.55367231638418,152,19,1,0.01
1238,173,168.0,44.39884393063584,45.369942196531795,168,28,1,0.01
1239,112,75.0,42.080357142857146,42.75,75,13,1,0.01
1240,143,134.0,31.377622377622377,32.31468531468531,134,22,1,0.01
1241,267,258.0,34.50561797752809,35.47191011235955,258,27,1,0.01
1242,500,536.0,30.998,32.07,536,63,0,0.01
1243,170,159.0,29.188235294117646,30.123529411764707,159,23,1,0.01
1244,290,291.0,34.279310344827586,35.282758620689656,291,43,1,0.01
1245,282,288.0,37.10992907801418,38.13120567375886,288,32,1,0.01
1246,500,550.0,35.948,37.048,550,63,0,0.01
1247,103,75.0,29.78640776699029,30.514563106796118,75,12,1,0.01
1248,298,303.0,34.27852348993289,35.29530201342282,303,44,1,0.01
1249,189,171.0,30.185185185185187,31.08994708994709,171,26,1,0.01
1250,264,258.0,33.43939393939394,34.416666666666664,258,34,1,0.01
1251,258,262.0,32.689922480620154,33.70542635658915,262,38,1,0.01
1252,146,137.0,38.93150684931507,39.86986301369863,137,18,1,0.01
1253,500,534.0,38.49,39.558,534,61,0,0.01
1254,500,566.0,34.546,35.678,566,62,0,0.01
1255,161,122.0,35.254658385093165,36.01242236024845,122,21,1,0.01
1256,500,548.0,43.094,44.19,548,61,0,0.01
1257,289,235.0,28.27681660899654,29.089965397923876,235,34,1,0.01
1258,146,123.0,33.15068493150685,33.99315068493151,123,17,1,0.01
1259,460,487.0,42.334782608695654,43.393478260869564,487,53,1,0.01
1260,369,374.0,33.43360433604336,34.447154471544714,374,54,1,0.01
1261,230,227.0,33.82608695652174,34.81304347826087,227,28,1,0.01
1262,491,501.0,36.63136456211813,37.651731160896134,501,61,1,0.01
1263,309,316.0,38.19093851132686,39.213592233009706,316,38,1,0.01
1264,357,369.0,39.76470588235294,40.79831932773109,369,37,1,0.01
1265,500,514.0,37.022,38.05,514,64,0,0.01
1266,375,361.0,29.848,30.810666666666666,361,50,1,0.01
1267,500,520.0,34.454,35.494,520,60,0,0.01
1268,194,159.0,32.376288659793815,33.1958762886598,159,22,1,0.01
1269,500,535.0,35.18,36.25,535,61,0,0.01
1270,161,74.0,52.8944099378882,53.35403726708075,74,7,1,0.01
1271,500,580.0,35.288,36.448,580,61,0,0.01
1272,152,134.0,34.6578947368421,35.53947368421053,134,18,1,0.01
1273,237,252.0,37.92827004219409,38.9915611814346,252,37,1,0.01
1274,500,549.0,29.428,30.526,549,68,0,0.01
1275,270,300.0,34.333333333333336,35.44444444444444,300,34,1,0.01
1276,493,542.0,32.073022312373226,33.172413793103445,542,64,1,0.01
1277,179,196.0,35.53072625698324,36.625698324022345,196,24,1,0.01
1278,500,511.0,37.562,38.584,511,58,0,0.01
1279,385,404.0,36.823376623376625,37.872727272727275,404,55,1,0.01
1280,500,540.0,31.092,32.172,540,70,0,0.01
1281,500,554.0,34.528,35.636,554,63,0,0.01
1282,500,593.0,35.832,37.018,593,61,0,0.01
1283,500,521.0,32.112,33.154,521,58,0,0.01
1284,500,569.0,36.462,37.6,569,63,0,0.01
1285,500,509.0,27.886,28.904,509,64,0,0.01
1286,220,194.0,27.818181818181817,28.7,194,33,1,0.01
1287,500,540.0,38.83,39.91,540,69,0,0.01
1288,288,291.0,35.111111111111114,36.12152777777778,291,42,1,0.01
1289,186,155.0,30.908602150537636,31.741935483870968,155,23,1,0.01
1290,123,101.0,28.040650406504064,28.86178861788618,101,10,1,0.01
1291,500,540.0,39.994,41.074,540,69,0,0.01
1292,305,308.0,32.17377049180328,33.18360655737705,308,35,1,0.01
1293,354,419.0,31.282485875706215,32.46610169491525,419,43,1,0.01
1294,356,340.0,34.69662921348315,35.651685393258425,340,42,1,0.01
1295,284,295.0,34.55281690140845,35.59154929577465,295,33,1,0.01
1296,470,514.0,40.4468085106383,41.54042553191489,514,60,1,0.01
1297,500,573.0,38.906,40.052,573,54,0,0.01
1298,339,351.0,34.51622418879056,35.551622418879056,351,39,1,0.01
1299,500,521.0,34.318,35.36,521,60,0,0.01
1300,305,312.0,31.931147540983606,32.954098360655735,312,41,1,0.01
1301,108,82.0,37.2962962962963,38.05555555555556,82,12,1,0.01
1302,500,562.0,33.376,34.5,562,62,0,0.01
1303,449,478.0,37.17817371937639,38.24276169265033,478,52,1,0.01
1304,464,465.0,37.25431034482759,38.25646551724138,465,59,1,0.01
1305,500,577.0,40.45,41.604,577,62,0,0.01
1306,500,576.0,35.844,36.996,576,63,0,0.01
1307,134,108.0,35.37313432835821,36.17910447761194,108,17,1,0.01
1308,446,500.0,39.92825112107624,41.04932735426009,500,57,1,0.01
1309,191,170.0,32.41884816753927,33.30890052356021,170,32,1,0.01
1310,111,76.0,31.513513513513512,32.1981981981982,76,13,1,0.01
1311,171,157.0,35.54970760233918,36.46783625730994,157,22,1,0.01
1312,500,598.0,38.34,39.536,598,57,0,0.01
1313,451,471.0,30.376940133037692,31.42128603104213,471,59,1,0.01
1314,171,156.0,33.07017543859649,33.98245614035088,156,20,1,0.01
1315,500,546.0,32.342,33.434,546,60,0,0.01
1316,190,167.0,36.23684210526316,37.11578947368421,167,19,1,0.01
1317,500,606.0,38.264,39.476,606,65,0,0.01
1318,500,520.0,26.356,27.396,520,60,0,0.01
1319,231,229.0,37.36363636363637,38.35497835497836,229,35,1,0.01
1320,430,447.0,32.76744186046512,33.806976744186045,447,53,1,0.01
1321,209,133.0,39.42583732057416,40.0622009569378,133,18,1,0.01
1322,194,191.0,34.41752577319588,35.402061855670105,191,23,1,0.01
1323,412,476.0,39.38834951456311,40.54368932038835,476,50,1,0.01
1324,201,184.0,41.69651741293532,42.61194029850746,184,23,1,0.01
1325,346,355.0,37.71965317919075,38.74566473988439,355,41,1,0.01
1326,500,566.0,31.082,32.214,566,60,0,0.01
1327,106,55.0,38.64150943396226,39.160377358490564,55,10,1,0.01
1328,323,324.0,34.975232198142415,35.978328173374614,324,41,1,0.01
1329,500,524.0,30.358,31.406,524,60,0,0.01
1330,446,506.0,37.61883408071749,38.75336322869955,506,54,1,0.01
1331,500,551.0,37.852,38.954,551,61,0,0.01
1332,379,399.0,36.485488126649074,37.53825857519789,399,54,1,0.01
1333,500,581.0,32.506,33.668,581,69,0,0.01
1334,500,555.0,32.436,33.546,555,65,0,0.01
1335,500,567.0,36.156,37.29,567,64,0,0.01
1336,483,522.0,41.73913043478261,42.81987577639752,522,63,1,0.01
1337,412,419.0,31.91504854368932,32.932038834951456,419,50,1,0.01
1338,111,96.0,32.693693693693696,33.55855855855856,96,15,1,0.01
1339,500,535.0,28.508,29.578,535,71,0,0.01
1340,500,550.0,35.384,36.484,550,62,0,0.01
1341,311,316.0,35.559485530546624,36.57556270096463,316,44,1,0.01
1342,362,355.0,33.91436464088398,34.89502762430939,355,44,1,0.01
1343,131,54.0,45.38167938931298,45.79389312977099,54,7,1,0.01
1344,295,306.0,32.6406779661017,33.67796610169491,306,47,1,0.01
1345,204,183.0,29.74019607843137,30.637254901960784,183,23,1,0.01
1346,308,288.0,33.76298701298701,34.69805194805195,288,36,1,0.01
1347,500,553.0,34.072,35.178,553,69,0,0.01
1348,500,498.0,31.848,32.844,498,63,0,0.01
1349,500,522.0,33.146,34.19,522,64,0,0.01
1350,242,219.0,43.90909090909091,44.81404958677686,219,23,1,0.01
1351,375,355.0,37.688,38.63466666666667,355,44,1,0.01
1352,420,462.0,34.79047619047619,35.89047619047619,462,55,1,0.01
1353,500,487.0,29.976,30.95,487,55,0,0.01
1354,141,73.0,47.276595744680854,47.794326241134755,73,10,1,0.01
1355,500,584.0,38.848,40.016,584,60,0,0.01
1356,112,64.0,34.035714285714285,34.607142857142854,64,9,1,0.01
1357,474,522.0,35.90084388185654,37.00210970464135,522,60,1,0.01
1358,500,495.0,31.392,32.382,495,61,1,0.01
1359,330,342.0,32.60606060606061,33.64242424242424,342,41,1,0.01
1360,125,76.0,36.752,37.36,76,14,1,0.01
1361,394,378.0,32.6751269035533,33.63451776649746,378,48,1,0.01
1362,376,427.0,38.0531914893617,39.18882978723404,427,44,1,0.01
1363,297,325.0,37.966329966329965,39.06060606060606,325,33,1,0.01
1364,408,422.0,36.544117647058826,37.57843137254902,422,52,1,0.01
1365,413,453.0,35.05084745762712,36.14769975786925,453,57,1,0.01
1366,500,600.0,36.086,37.286,600,60,0,0.01
1367,272,251.0,38.5514705882353,39.474264705882355,251,31,1,0.01
1368,220,211.0,37.93181818181818,38.89090909090909,211,31,1,0.01
1369,400,432.0,43.7225,44.8025,432,53,1,0.01
1370,342,357.0,30.801169590643276,31.84502923976608,357,49,1,0.01
1371,387,444.0,35.53488372093023,36.68217054263566,444,46,1,0.01
1372,283,300.0,32.56890459363957,33.628975265017665,300,36,1,0.01
1373,174,147.0,29.873563218390803,30.7183908045977,147,25,1,0.01
1374,500,566.0,34.22,35.352,566,60,0,0.01
1375,126,84.0,34.29365079365079,34.96031746031746,84,14,1,0.01
1376,488,572.0,34.90573770491803,36.07786885245902,572,57,1,0.01
1377,354,365.0,42.33050847457627,43.36158192090395,365,43,1,0.01
1378,254,225.0,33.354330708661415,34.24015748031496,225,27,1,0.01
1379,422,440.0,45.08293838862559,46.12559241706161,440,47,1,0.01
1380,337,353.0,35.60830860534124,36.65578635014837,353,36,1,0.01
1381,282,301.0,34.840425531914896,35.90780141843972,301,38,1,0.01
1382,312,310.0,30.115384615384617,31.108974358974358,310,43,1,0.01
1383,318,355.0,50.25157232704402,51.367924528301884,355,39,1,0.01
1384,500,525.0,35.426,36.476,525,62,0,0.01
1385,233,206.0,28.738197424892704,29.622317596566525,206,29,1,0.01
1386,261,267.0,32.21072796934866,33.23371647509578,267,40,1,0.01
1387,410,396.0,34.50731707317073,35.47317073170732,396,59,1,0.01
1388,500,557.0,42.634,43.748,557,54,0,0.01
1389,500,601.0,39.224,40.426,601,64,0,0.01
1390,499,544.0,35.1062124248497,36.19639278557114,544,57,1,0.01
1391,302,317.0,36.3046357615894,37.354304635761586,317,37,1,0.01
1392,289,284.0,38.411764705882355,39.39446366782007,284,31,1,0.01
1393,202,192.0,44.0990099009901,45.04950495049505,192,21,1,0.01
1394,500,595.0,40.294,41.484,595,64,0,0.01
1395,500,578.0,40.238,41.394,578,59,0,0.01
1396,500,539.0,37.478,38.556,539,61,0,0.01
1397,500,526.0,29.524,30.576,526,59,0,0.01
1398,198,160.0,33.792929292929294,34.601010101010104,160,29,1,0.01
1399,427,486.0,36.37002341920375,37.50819672131148,486,61,1,0.01
1400,484,434.0,36.52066115702479,37.417355371900825,434,53,1,0.01
1401,500,571.0,31.38,32.522,571,69,0,0.01
1402,500,586.0,41.16,42.332,586,60,0,0.01
1403,223,217.0,37.45739910313901,38.4304932735426,217,33,1,0.01
1404,238,270.0,37.71848739495798,38.85294117647059,270,29,1,0.01
1405,269,281.0,36.762081784386616,37.806691449814124,281,35,1,0.01
1406,340,365.0,39.43235294117647,40.50588235294118,365,42,1,0.01
1407,500,565.0,38.716,39.846,565,63,0,0.01
1408,119,83.0,36.67226890756302,37.36974789915966,83,15,1,0.01
1409,333,343.0,39.867867867867865,40.8978978978979,343,49,1,0.01
1410,338,365.0,44.59171597633136,45.671597633136095,365,46,1,0.01
1411,336,363.0,39.11011904761905,40.19047619047619,363,37,1,0.01
1412,148,146.0,30.7027027027027,31.68918918918919,146,20,1,0.01
1413,168,170.0,33.160714285714285,34.17261904761905,170,26,1,0.01
1414,298,278.0,37.261744966442954,38.19463087248322,278,40,1,0.01
1415,305,266.0,32.265573770491805,33.13770491803279,266,35,1,0.01
1416,367,386.0,35.25068119891008,36.30245231607629,386,48,1,0.01
1417,500,573.0,34.096,35.242,573,66,0,0.01
1418,214,204.0,44.98598130841121,45.9392523364486,204,29,1,0.01
1419,500,534.0,32.352,33.42,534,76,0,0.01
1420,446,438.0,34.33856502242153,35.32062780269058,438,54,1,0.01
1421,123,116.0,34.51219512195122,35.45528455284553,116,13,1,0.01
1422,254,245.0,32.51968503937008,33.48425196850393,245,32,1,0.01
1423,367,355.0,40.73024523160763,41.69754768392371,355,44,1,0.01
1424,89,66.0,38.95505617977528,39.69662921348315,66,9,1,0.01
1425,270,276.0,31.28148148148148,32.303703703703704,276,38,1,0.01
1426,279,304.0,32.82795698924731,33.91756272401434,304,43,1,0.01
1427,373,379.0,47.35388739946381,48.369973190348524,379,41,1,0.01
1428,381,395.0,35.181102362204726,36.21784776902887,395,51,1,0.01
1429,500,601.0,36.206,37.408,601,68,0,0.01
1430,181,183.0,31.613259668508288,32.6243093922652,183,24,1,0.01
1431,335,351.0,36.43283582089552,37.48059701492537,351,53,1,0.01
1432,375,409.0,36.794666666666664,37.885333333333335,409,56,1,0.01
1433,500,531.0,37.888,38.95,531,62,0,0.01
1434,183,166.0,27.284153005464482,28.191256830601095,166,26,1,0.01
1435,500,540.0,34.276,35.356,540,61,0,0.01
1436,140,125.0,37.16428571428571,38.05714285714286,125,16,1,0.01
1437,232,229.0,29.86637931034483,30.853448275862068,229,35,1,0.01
1438,286,292.0,38.56293706293706,39.58391608391609,292,32,1,0.01
1439,500,571.0,39.162,40.304,571,61,0,0.01
1440,500,563.0,36.99,38.116,563,63,0,0.01
1441,177,150.0,32.610169491525426,33.45762711864407,150,18,1,0.01
1442,500,535.0,34.438,35.508,535,64,0,0.01
1443,218,208.0,34.027522935779814,34.981651376146786,208,29,1,0.01
1444,500,534.0,37.564,38.632,534,61,0,0.01
1445,214,205.0,35.691588785046726,36.649532710280376,205,31,1,0.01
1446,245,249.0,36.244897959183675,37.26122448979592,249,31,1,0.01
1447,426,468.0,36.54694835680751,37.64553990610329,468,49,1,0.01
1448,330,322.0,35.74242424242424,36.71818181818182,322,52,1,0.01
1449,362,399.0,35.80110497237569,36.90331491712707,399,48,1,0.01
1450,500,581.0,44.16,45.322,581,66,0,0.01
1451,500,553.0,41.368,42.474,553,68,0,0.01
1452,476,520.0,35.445378151260506,36.53781512605042,520,58,1,0.01
1453,500,553.0,27.472,28.578,553,73,0,0.01
1454,500,567.0,40.034,41.168,567,62,0,0.01
1455,153,133.0,36.98039215686274,37.849673202614376,133,17,1,0.01
1456,373,332.0,40.46916890080429,41.35924932975871,332,45,1,0.01
1457,212,241.0,42.033018867924525,43.16981132075472,241,27,1,0.01
1458,500,563.0,32.614,33.74,563,63,0,0.01
1459,250,219.0,38.34,39.216,219,27,1,0.01
1460,228,237.0,36.74122807017544,37.780701754385966,237,32,1,0.01
1461,500,552.0,37.076,38.18,552,60,0,0.01
1462,500,573.0,35.534,36.68,573,63,0,0.01
1463,380,442.0,38.834210526315786,39.997368421052634,442,50,1,0.01
1464,381,405.0,34.98687664041995,36.0498687664042,405,47,1,0.01
1465,225,219.0,36.324444444444445,37.297777777777775,219,28,1,0.01
1466,460,520.0,41.70652173913044,42.83695652173913,520,53,1,0.01
1467,500,570.0,37.482,38.622,570,69,0,0.01
1468,310,303.0,38.9,39.87741935483871,303,41,1,0.01
1469,500,566.0,33.236,34.368,566,62,0,0.01
1470,270,263.0,40.13333333333333,41.10740740740741,263,27,1,0.01
1471,500,562.0,37.85,38.974,562,64,0,0.01
1472,350,371.0,39.39142857142857,40.45142857142857,371,38,1,0.01
1473,175,153.0,28.86857142857143,29.742857142857144,153,25,1,0.01
1474,125,130.0,34.96,36.0,130,13,1,0.01
1475,300,281.0,38.88,39.81666666666667,281,38,1,0.01
1476,500,579.0,35.812,36.97,579,66,0,0.01
1477,270,280.0,39.06296296296296,40.1,280,32,1,0.01
1478,229,213.0,34.77292576419214,35.70305676855895,213,38,1,0.01
1479,180,157.0,32.53333333333333,33.40555555555556,157,24,1,0.01
1480,310,310.0,35.725806451612904,36.725806451612904,310,40,1,0.01
1481,500,502.0,32.302,33.306,502,61,0,0.01
1482,500,569.0,33.762,34.9,569,68,0,0.01
1483,500,526.0,28.48,29.532,526,68,0,0.01
1484,113,76.0,33.86725663716814,34.53982300884956,76,10,1,0.01
1485,280,305.0,33.05,34.13928571428571,305,40,1,0.01
1486,195,194.0,31.17948717948718,32.174358974358974,194,31,1,0.01
1487,498,547.0,34.29317269076305,35.39156626506024,547,70,1,0.01
1488,136,78.0,37.56617647058823,38.13970588235294,78,12,1,0.01
1489,483,553.0,35.679089026915115,36.824016563147,553,67,1,0.01
1490,319,351.0,38.81191222570533,39.912225705329156,351,40,1,0.01
1491,244,236.0,36.5,37.467213114754095,236,34,1,0.01
1492,172,108.0,42.924418604651166,43.55232558139535,108,18,1,0.01
1493,193,178.0,32.9119170984456,33.83419689119171,178,26,1,0.01
1494,357,349.0,30.58823529411765,31.565826330532214,349,50,1,0.01
1495,202,211.0,35.054455445544555,36.0990099009901,211,26,1,0.01
1496,320,326.0,40.825,41.84375,326,37,1,0.01
1497,500,528.0,34.592,35.648,528,67,0,0.01
1498,300,264.0,39.15,40.03,264,27,1,0.01
1499,405,458.0,40.162962962962965,41.29382716049383,458,55,1,0.01
1500,341,318.0,38.23753665689149,39.17008797653959,318,37,1,0.01
1501,383,391.0,37.24281984334203,38.26370757180157,391,47,1,0.01
1502,82,45.0,34.96341463414634,35.51219512195122,45,9,1,0.01
1503,500,529.0,36.876,37.934,529,62,0,0.01
1504,126,106.0,35.53968253968254,36.38095238095238,106,15,1,0.01
1505,340,386.0,38.64411764705882,39.779411764705884,386,40,1,0.01
1506,115,101.0,33.84347826086957,34.721739130434784,101,13,1,0.01
1507,500,548.0,40.45,41.546,548,50,0,0.01
1508,400,432.0,43.87,44.95,432,51,1,0.01
1509,459,486.0,39.56644880174292,40.62527233115468,486,53,1,0.01
1510,500,519.0,35.404,36.442,519,65,0,0.01
1511,500,576.0,30.688,31.84,576,69,0,0.01
1512,284,279.0,31.320422535211268,32.30281690140845,279,44,1,0.01
1513,264,236.0,39.04924242424242,39.94318181818182,236,32,1,0.01
1514,235,229.0,31.046808510638296,32.02127659574468,229,34,1,0.01
1515,500,564.0,36.846,37.974,564,67,0,0.01
1516,129,45.0,55.031007751937985,55.37984496124031,45,3,1,0.01
1517,259,269.0,36.49034749034749,37.52895752895753,269,32,1,0.01
1518,452,532.0,47.01548672566372,48.192477876106196,532,57,1,0.01
1519,409,404.0,30.469437652811735,31.457212713936432,404,54,1,0.01
1520,500,540.0,37.062,38.142,540,56,0,0.01
1521,500,579.0,33.268,34.426,579,64,0,0.01
1522,500,586.0,40.9,42.072,586,67,0,0.01
1523,486,539.0,38.15843621399177,39.267489711934154,539,65,1,0.01
1524,154,137.0,44.41558441558441,45.3051948051948,137,17,1,0.01
1525,146,99.0,43.0958904109589,43.773972602739725,99,18,1,0.01
1526,428,409.0,39.0677570093458,40.02336448598131,409,56,1,0.01
1527,172,157.0,34.093023255813954,35.00581395348837,157,22,1,0.01
1528,180,162.0,30.294444444444444,31.194444444444443,162,20,1,0.01
1529,357,385.0,40.91596638655462,41.99439775910364,385,52,1,0.01
1530,500,567.0,33.594,34.728,567,57,0,0.01
1531,331,359.0,46.48640483383686,47.570996978851966,359,38,1,0.01
1532,500,552.0,30.224,31.328,552,75,0,0.01
1533,192,141.0,31.927083333333332,32.661458333333336,141,25,1,0.01
1534,500,560.0,43.434,44.554,560,60,0,0.01
1535,500,554.0,33.318,34.426,554,65,0,0.01
1536,500,528.0,36.112,37.168,528,63,0,0.01
1537,500,577.0,40.262,41.416,577,66,0,0.01
1538,236,254.0,27.978813559322035,29.055084745762713,254,30,1,0.01
1539,431,472.0,33.93967517401392,35.03480278422274,472,55,1,0.01
1540,500,563.0,35.498,36.624,563,59,0,0.01
1541,233,225.0,31.13733905579399,32.103004291845494,225,28,1,0.01
1542,500,563.0,35.778,36.904,563,58,0,0.01
1543,407,405.0,32.13267813267813,33.12776412776413,405,51,1,0.01
1544,309,344.0,32.19741100323625,33.310679611650485,344,44,1,0.01
1545,180,185.0,32.37222222222222,33.4,185,23,1,0.01
1546,111,91.0,34.990990990990994,35.810810810810814,91,16,1,0.01
1547,436,472.0,36.38990825688074,37.472477064220186,472,53,1,0.01
1548,416,466.0,40.76201923076923,41.88221153846154,466,47,1,0.01
1549,459,491.0,39.04575163398693,40.11546840958606,491,53,1,0.01
1550,489,527.0,38.23312883435583,39.31083844580777,527,60,1,0.01
1551,484,506.0,38.518595041322314,39.56404958677686,506,57,1,0.01
1552,183,137.0,37.14754098360656,37.89617486338798,137,18,1,0.01
1553,171,160.0,29.28654970760234,30.22222222222222,160,23,1,0.01
1554,185,167.0,45.98918918918919,46.891891891891895,167,15,1,0.01
1555,489,533.0,39.192229038854805,40.282208588957054,533,56,1,0.01
1556,500,525.0,33.094,34.144,525,55,0,0.01
1557,214,198.0,33.700934579439256,34.626168224299064,198,27,1,0.01
1558,368,361.0,30.97826086956522,31.95923913043478,361,53,1,0.01
1559,164,148.0,32.36585365853659,33.26829268292683,148,24,1,0.01
1560,500,535.0,38.254,39.324,535,59,0,0.01
1561,319,288.0,38.05329153605015,38.956112852664575,288,47,1,0.01
1562,427,452.0,35.03747072599531,36.096018735362996,452,60,1,0.01
1563,416,443.0,38.81730769230769,39.88221153846154,443,55,1,0.01
1564,182,160.0,29.60989010989011,30.48901098901099,160,18,1,0.01
1565,481,520.0,36.38669438669439,37.46777546777547,520,71,1,0.01
1566,500,555.0,39.302,40.412,555,55,0,0.01
1567,316,327.0,31.018987341772153,32.05379746835443,327,41,1,0.01
1568,397,415.0,39.96977329974811,41.015113350125944,415,40,1,0.01
1569,500,587.0,32.094,33.268,587,71,0,0.01
1570,261,293.0,36.724137931034484,37.84674329501916,293,31,1,0.01
1571,298,297.0,39.48993288590604,40.486577181208055,297,35,1,0.01
1572,133,71.0,45.4812030075188,46.015037593984964,71,6,1,0.01
1573,114,106.0,26.06140350877193,26.99122807017544,106,17,1,0.01
1574,220,174.0,29.12272727272727,29.913636363636364,174,23,1,0.01
1575,266,264.0,30.661654135338345,31.654135338345863,264,33,1,0.01
1576,156,81.0,39.28846153846154,39.80769230769231,81,12,1,0.01
1577,500,551.0,36.31,37.412,551,59,0,0.01
1578,353,380.0,32.461756373937675,33.538243626062325,380,50,1,0.01
1579,290,300.0,31.393103448275863,32.42758620689655,300,37,1,0.01
1580,500,590.0,35.26,36.44,590,64,0,0.01
1581,224,223.0,29.549107142857142,30.544642857142858,223,34,1,0.01
1582,373,355.0,29.694369973190348,30.646112600536192,355,49,1,0.01
1583,500,539.0,32.8,33.878,539,64,0,0.01
1584,151,137.0,32.079470198675494,32.98675496688742,137,15,1,0.01
1585,121,90.0,30.702479338842974,31.446280991735538,90,15,1,0.01
1586,500,520.0,29.722,30.762,520,68,0,0.01
1587,500,525.0,27.298,28.348,525,75,0,0.01
1588,155,126.0,29.89032258064516,30.703225806451613,126,17,1,0.01
1589,500,497.0,36.798,37.792,497,54,0,0.01
1590,450,503.0,41.282222222222224,42.4,503,45,1,0.01
1591,453,450.0,32.94701986754967,33.94039735099338,450,65,1,0.01
1592,191,180.0,33.109947643979055,34.05235602094241,180,28,1,0.01
1593,158,156.0,34.44303797468354,35.43037974683544,156,24,1,0.01
1594,419,466.0,32.62291169451074,33.73508353221957,466,58,1,0.01
1595,500,558.0,38.33,39.446,558,62,0,0.01
1596,500,562.0,31.176,32.3,562,72,0,0.01
1597,155,147.0,34.04516129032258,34.99354838709677,147,15,1,0.01
1598,270,288.0,32.65185185185185,33.71851851851852,288,41,1,0.01
1599,257,236.0,33.47081712062257,34.38910505836576,236,34,1,0.01
1600,282,263.0,42.3758865248227,43.308510638297875,263,36,1,0.01
1601,126,99.0,32.388888888888886,33.17460317460318,99,15,1,0.01
1602,213,208.0,30.07511737089202,31.051643192488264,208,21,1,0.01
1603,165,159.0,34.81818181818182,35.78181818181818,159,18,1,0.01
1604,500,569.0,37.354,38.492,569,61,0,0.01
1605,500,532.0,30.644,31.708,532,64,0,0.01
1606,500,532.0,30.536,31.6,532,61,0,0.01
1607,140,153.0,43.3,44.392857142857146,153,21,1,0.01
1608,130,119.0,28.869230769230768,29.784615384615385,119,19,1,0.01
1609,430,442.0,33.402325581395345,34.43023255813954,442,49,1,0.01
1610,268,278.0,40.36194029850746,41.399253731343286,278,35,1,0.01
1611,455,508.0,33.958241758241755,35.074725274725274,508,62,1,0.01
1612,425,466.0,30.863529411764706,31.96,466,57,1,0.01
1613,498,517.0,39.897590361445786,40.93574297188755,517,60,1,0.01
1614,351,373.0,40.743589743589745,41.806267806267805,373,45,1,0.01
1615,289,307.0,38.46712802768166,39.529411764705884,307,38,1,0.01
1616,500,564.0,36.392,37.52,564,68,0,0.01
1617,134,116.0,34.46268656716418,35.32835820895522,116,19,1,0.01
1618,211,198.0,30.255924170616115,31.194312796208532,198,30,1,0.01
1619,306,310.0,32.3235294117647,33.33660130718954,310,44,1,0.01
1620,182,171.0,31.478021978021978,32.417582417582416,171,24,1,0.01
1621,242,243.0,38.925619834710744,39.929752066115704,243,38,1,0.01
1622,267,299.0,36.49438202247191,37.61423220973783,299,37,1,0.01
1623,218,200.0,28.76605504587156,29.68348623853211,200,33,1,0.01
1624,220,226.0,31.513636363636362,32.54090909090909,226,29,1,0.01
1625,374,386.0,38.526737967914436,39.55882352941177,386,40,1,0.01
1626,307,296.0,29.762214983713356,30.72638436482085,296,46,1,0.01
1627,353,404.0,41.09915014164306,42.243626062322946,404,47,1,0.01
1628,500,528.0,33.028,34.084,528,64,0,0.01
1629,313,321.0,29.447284345047922,30.472843450479232,321,47,1,0.01
1630,500,534.0,37.854,38.922,534,62,0,0.01
1631,475,512.0,30.277894736842104,31.35578947368421,512,73,1,0.01
1632,342,378.0,38.166666666666664,39.271929824561404,378,47,1,0.01
1633,222,185.0,37.36036036036036,38.193693693693696,185,25,1,0.01
1634,161,151.0,35.07453416149068,36.01242236024845,151,25,1,0.01
1635,359,354.0,29.445682451253482,30.431754874651812,354,48,1,0.01
1636,500,518.0,35.19,36.226,518,66,0,0.01
1637,500,575.0,35.326,36.476,575,61,0,0.01
1638,281,297.0,35.03202846975089,36.08896797153025,297,34,1,0.01
1639,500,531.0,34.96,36.022,531,61,0,0.01
1640,318,357.0,45.094339622641506,46.216981132075475,357,36,1,0.01
1641,500,581.0,37.516,38.678,581,58,0,0.01
1642,199,197.0,34.2713567839196,35.26130653266332,197,23,1,0.01
1643,356,373.0,43.235955056179776,44.28370786516854,373,43,1,0.01
1644,500,512.0,28.63,29.654,512,59,0,0.01
1645,163,164.0,31.662576687116566,32.668711656441715,164,25,1,0.01
1646,223,192.0,28.358744394618835,29.219730941704036,192,30,1,0.01
1647,359,373.0,30.484679665738163,31.52367688022284,373,42,1,0.01
1648,419,457.0,35.04773269689738,36.13842482100239,457,47,1,0.01
1649,460,473.0,40.45434782608696,41.482608695652175,473,54,1,0.01
1650,500,593.0,38.204,39.39,593,66,0,0.01
1651,244,241.0,37.049180327868854,38.03688524590164,241,24,1,0.01
1652,208,184.0,29.990384615384617,30.875,184,32,1,0.01
1653,158,153.0,37.0126582278481,37.98101265822785,153,20,1,0.01
1654,500,547.0,37.848,38.942,547,64,0,0.01
1655,100,103.0,29.94,30.97,103,13,1,0.01
1656,166,136.0,30.102409638554217,30.92168674698795,136,17,1,0.01
1657,251,247.0,38.366533864541836,39.35059760956175,247,31,1,0.01
1658,236,211.0,31.63135593220339,32.52542372881356,211,27,1,0.01
1659,500,531.0,31.362,32.424,531,74,0,0.01
1660,138,117.0,30.31159420289855,31.159420289855074,117,16,1,0.01
1661,239,227.0,29.94142259414226,30.89121338912134,227,26,1,0.01
1662,219,215.0,33.65296803652968,34.63470319634703,215,31,1,0.01
1663,476,488.0,36.50840336134454,37.53361344537815,488,64,1,0.01
1664,500,515.0,31.032,32.062,515,67,0,0.01
1665,359,405.0,42.579387186629525,43.7075208913649,405,47,1,0.01
1666,447,487.0,42.46979865771812,43.5592841163311,487,58,1,0.01
1667,169,144.0,31.662721893491124,32.514792899408285,144,26,1,0.01
1668,500,545.0,34.032,35.122,545,65,0,0.01
1669,500,504.0,32.398,33.406,504,63,0,0.01
1670,315,324.0,32.73968253968254,33.768253968253966,324,50,1,0.01
1671,136,91.0,40.279411764705884,40.9485294117647,91,13,1,0.01
1672,268,261.0,31.186567164179106,32.16044776119403,261,34,1,0.01
1673,166,76.0,44.006024096385545,44.463855421686745,76,10,1,0.01
1674,198,199.0,34.08080808080808,35.08585858585859,199,20,1,0.01
1675,281,300.0,40.45195729537367,41.519572953736656,300,37,1,0.01
1676,366,365.0,37.23224043715847,38.22950819672131,365,40,1,0.01
1677,500,527.0,32.276,33.33,527,63,0,0.01
1678,278,218.0,39.65827338129496,40.44244604316547,218,23,1,0.01
1679,465,453.0,39.54838709677419,40.52258064516129,453,51,1,0.01
1680,500,539.0,34.93,36.008,539,60,0,0.01
1681,220,197.0,35.61363636363637,36.50909090909091,197,30,1,0.01
1682,500,521.0,32.474,33.516,521,69,0,0.01
1683,308,308.0,42.438311688311686,43.438311688311686,308,30,1,0.01
1684,500,588.0,33.474,34.65,588,58,0,0.01
1685,500,607.0,38.45,39.664,607,60,0,0.01
1686,85,73.0,28.176470588235293,29.03529411764706,73,9,1,0.01
1687,500,555.0,39.234,40.344,555,60,0,0.01
1688,500,558.0,37.984,39.1,558,64,0,0.01
1689,500,562.0,41.72,42.844,562,57,0,0.01
1690,361,390.0,29.074792243767313,30.155124653739612,390,43,1,0.01
1691,143,131.0,36.33566433566433,37.25174825174825,131,14,1,0.01
1692,212,216.0,34.99528301886792,36.014150943396224,216,34,1,0.01
1693,200,177.0,34.165,35.05,177,20,1,0.01
1694,391,409.0,31.40153452685422,32.447570332480815,409,56,1,0.01
1695,336,348.0,41.836309523809526,42.87202380952381,348,47,1,0.01
1696,500,608.0,36.482,37.698,608,63,0,0.01
1697,500,562.0,32.034,33.158,562,66,0,0.01
1698,364,355.0,39.12637362637363,40.10164835164835,355,55,1,0.01
1699,310,282.0,30.835483870967742,31.74516129032258,282,37,1,0.01
1700,234,239.0,33.62820512820513,34.64957264957265,239,30,1,0.01
1701,211,201.0,27.658767772511847,28.61137440758294,201,27,1,0.01
1702,170,159.0,33.72941176470588,34.66470588235294,159,21,1,0.01
1703,500,520.0,24.604,25.644,520,66,0,0.01
1704,278,293.0,39.388489208633096,40.44244604316547,293,34,1,0.01
1705,207,201.0,37.207729468599034,38.17874396135266,201,20,1,0.01
1706,195,190.0,30.584615384615386,31.55897435897436,190,30,1,0.01
1707,247,213.0,34.534412955465584,35.39676113360324,213,28,1,0.01
1708,500,566.0,37.984,39.116,566,63,0,0.01
1709,284,267.0,37.278169014084504,38.21830985915493,267,40,1,0.01
1710,225,215.0,36.995555555555555,37.95111111111111,215,27,1,0.01
1711,207,197.0,34.58454106280193,35.53623188405797,197,27,1,0.01
1712,322,343.0,36.39751552795031,37.462732919254655,343,42,1,0.01
1713,170,158.0,33.470588235294116,34.4,158,25,1,0.01
1714,351,385.0,32.401709401709404,33.4985754985755,385,47,1,0.01
1715,212,179.0,29.169811320754718,30.014150943396228,179,29,1,0.01
1716,408,377.0,37.7328431372549,38.65686274509804,377,50,1,0.01
1717,500,553.0,32.01,33.116,553,62,0,0.01
1718,183,117.0,47.76502732240437,48.404371584699454,117,10,1,0.01
1719,156,106.0,30.46794871794872,31.147435897435898,106,21,1,0.01
1720,157,153.0,28.961783439490446,29.936305732484076,153,26,1,0.01
1721,254,249.0,41.06692913385827,42.04724409448819,249,29,1,0.01
1722,360,410.0,43.28055555555556,44.419444444444444,410,45,1,0.01
1723,390,381.0,28.346153846153847,29.323076923076922,381,52,1,0.01
1724,167,170.0,32.50299401197605,33.52095808383233,170,21,1,0.01
1725,313,348.0,36.74760383386582,37.85942492012779,348,44,1,0.01
1726,159,177.0,37.20754716981132,38.320754716981135,177,23,1,0.01
1727,500,549.0,30.342,31.44,549,68,0,0.01
1728,202,191.0,43.084158415841586,44.02970297029703,191,21,1,0.01
1729,221,210.0,36.71493212669683,37.665158371040725,210,24,1,0.01
1730,500,581.0,35.54,36.702,581,66,0,0.01
1731,309,305.0,42.1294498381877,43.116504854368934,305,31,1,0.01
1732,148,98.0,34.195945945945944,34.858108108108105,98,15,1,0.01
1733,453,544.0,45.27373068432671,46.47461368653422,544,51,1,0.01
1734,468,501.0,41.386752136752136,42.457264957264954,501,62,1,0.01
1735,500,557.0,31.088,32.202,557,68,0,0.01
1736,500,593.0,38.618,39.804,593,64,0,0.01
1737,169,153.0,32.37869822485207,33.28402366863905,153,24,1,0.01
1738,279,314.0,38.6415770609319,39.76702508960574,314,30,1,0.01
1739,279,254.0,31.0,31.910394265232974,254,29,1,0.01
1740,500,559.0,35.838,36.956,559,66,0,0.01
1741,213,206.0,35.708920187793424,36.67605633802817,206,32,1,0.01
1742,500,573.0,36.728,37.874,573,69,0,0.01
1743,490,500.0,29.06122448979592,30.081632653061224,500,65,1,0.01
1744,500,520.0,34.008,35.048,520,68,0,0.01
1745,390,388.0,32.207692307692305,33.202564102564104,388,45,1,0.01
1746,142,122.0,32.19718309859155,33.056338028169016,122,16,1,0.01
1747,500,561.0,35.364,36.486,561,66,0,0.01
1748,500,541.0,37.106,38.188,541,60,0,0.01
1749,288,301.0,33.489583333333336,34.53472222222222,301,33,1,0.01
1750,500,557.0,36.456,37.57,557,62,0,0.01
1751,106,88.0,26.59433962264151,27.42452830188679,88,13,1,0.01
1752,176,133.0,30.03409090909091,30.789772727272727,133,20,1,0.01
1753,454,452.0,42.73568281938326,43.731277533039645,452,57,1,0.01
1754,132,112.0,33.88636363636363,34.734848484848484,112,15,1,0.01
1755,128,107.0,27.8515625,28.6875,107,20,1,0.01
1756,332,348.0,32.06927710843374,33.11746987951807,348,46,1,0.01
1757,319,323.0,41.90909090909091,42.921630094043884,323,37,1,0.01
1758,313,326.0,36.74121405750799,37.78274760383387,326,37,1,0.01
1759,500,605.0,36.59,37.8,605,59,0,0.01
1760,500,526.0,32.58,33.632,526,58,0,0.01
1761,310,337.0,34.21612903225807,35.303225806451614,337,38,1,0.01
1762,500,567.0,39.772,40.906,567,62,0,0.01
1763,96,42.0,34.520833333333336,34.958333333333336,42,10,1,0.01
1764,500,533.0,38.794,39.86,533,64,0,0.01
1765,126,96.0,36.992063492063494,37.75396825396825,96,14,1,0.01
1766,197,196.0,32.81218274111675,33.807106598984774,196,30,1,0.01
1767,500,561.0,34.698,35.82,561,60,0,0.01
1768,500,568.0,32.546,33.682,568,60,0,0.01
1769,125,92.0,33.648,34.384,92,17,1,0.01
1770,350,344.0,36.89142857142857,37.87428571428571,344,43,1,0.01
1771,456,505.0,45.91228070175438,47.01973684210526,505,58,1,0.01
1772,500,492.0,30.236,31.22,492,67,0,0.01
1773,164,89.0,41.4390243902439,41.98170731707317,89,13,1,0.01
1774,500,567.0,40.872,42.006,567,61,0,0.01
1775,127,122.0,39.09448818897638,40.05511811023622,122,17,1,0.01
1776,159,133.0,35.79874213836478,36.63522012578616,133,18,1,0.01
1777,500,570.0,37.728,38.868,570,60,0,0.01
1778,223,197.0,39.89686098654708,40.780269058295964,197,25,1,0.01
1779,228,195.0,28.19736842105263,29.05263157894737,195,25,1,0.01
1780,334,346.0,33.94011976047904,34.97604790419162,346,39,1,0.01
1781,197,178.0,32.15736040609137,33.06091370558376,178,24,1,0.01
1782,500,580.0,33.5,34.66,580,61,0,0.01
1783,380,406.0,33.11842105263158,34.18684210526316,406,46,1,0.01
1784,500,576.0,36.468,37.62,576,58,0,0.01
1785,500,609.0,34.962,36.18,609,63,0,0.01
1786,290,317.0,35.56896551724138,36.66206896551724,317,36,1,0.01
1787,481,566.0,41.67567567567568,42.852390852390855,566,53,1,0.01
1788,258,245.0,30.74031007751938,31.689922480620154,245,29,1,0.01
1789,500,520.0,33.758,34.798,520,59,1,0.01
1790,500,583.0,33.65,34.816,583,59,0,0.01
1791,160,123.0,32.1125,32.88125,123,21,1,0.01
1792,500,526.0,35.164,36.216,526,55,0,0.01
1793,500,554.0,36.862,37.97,554,61,0,0.01
1794,120,96.0,26.316666666666666,27.116666666666667,96,11,1,0.01
1795,500,548.0,30.54,31.636,548,61,0,0.01
1796,410,431.0,31.726829268292683,32.77804878048781,431,61,1,0.01
1797,232,222.0,32.26293103448276,33.2198275862069,222,32,1,0.01
1798,147,135.0,29.27891156462585,30.197278911564627,135,20,1,0.01
1799,500,569.0,34.848,35.986,569,64,0,0.01
1800,500,561.0,34.874,35.996,561,58,0,0.01
1801,500,577.0,35.516,36.67,577,60,0,0.01
1802,291,283.0,29.395189003436425,30.367697594501717,283,38,1,0.01
1803,399,469.0,42.37844611528822,43.553884711779446,469,46,1,0.01
1804,260,238.0,32.77307692307692,33.68846153846154,238,40,1,0.01
1805,500,550.0,32.878,33.978,550,63,0,0.01
1806,99,65.0,32.666666666666664,33.323232323232325,65,10,1,0.01
1807,314,337.0,33.5859872611465,34.65923566878981,337,36,1,0.01
1808,256,282.0,32.89453125,33.99609375,282,36,1,0.01
1809,266,266.0,35.73684210526316,36.73684210526316,266,32,1,0.01
1810,224,180.0,40.3125,41.11607142857143,180,18,1,0.01
1811,458,459.0,29.83406113537118,30.836244541484717,459,58,1,0.01
1812,369,346.0,26.170731707317074,27.10840108401084,346,50,1,0.01
1813,93,75.0,34.86021505376344,35.666666666666664,75,7,1,0.01
1814,318,325.0,34.276729559748425,35.29874213836478,325,42,1,0.01
1815,386,395.0,33.13212435233161,34.15544041450777,395,42,1,0.01
1816,275,286.0,35.974545454545456,37.014545454545456,286,37,1,0.01
1817,150,132.0,32.31333333333333,33.193333333333335,132,21,1,0.01
1818,500,529.0,35.808,36.866,529,70,0,0.01
1819,163,138.0,32.05521472392638,32.90184049079755,138,22,1,0.01
1820,177,168.0,34.26553672316384,35.21468926553672,168,23,1,0.01
1821,347,375.0,39.09798270893372,40.178674351585016,375,41,1,0.01
1822,428,473.0,40.8411214953271,41.94626168224299,473,55,1,0.01
1823,182,166.0,55.90659340659341,56.81868131868132,166,19,1,0.01
1824,157,123.0,35.955414012738856,36.738853503184714,123,20,1,0.01
1825,211,185.0,35.350710900473935,36.22748815165877,185,23,1,0.01
1826,319,325.0,34.13166144200627,35.15047021943574,325,43,1,0.01
1827,253,273.0,41.92885375494071,43.00790513833992,273,32,1,0.01
1828,186,183.0,30.908602150537636,31.892473118279568,183,28,1,0.01
1829,211,216.0,29.33649289099526,30.360189573459717,216,32,1,0.01
1830,301,300.0,44.31893687707641,45.3156146179402,300,38,1,0.01
1831,266,290.0,35.98872180451128,37.078947368421055,290,36,1,0.01
1832,296,299.0,31.60810810810811,32.61824324324324,299,38,1,0.01
1833,500,533.0,37.698,38.764,533,65,0,0.01
1834,500,558.0,36.404,37.52,558,61,0,0.01
1835,185,184.0,35.71891891891892,36.71351351351351,184,24,1,0.01
1836,188,157.0,36.87234042553192,37.70744680851064,157,22,1,0.01
1837,353,380.0,35.186968838526916,36.26345609065156,380,43,1,0.01
1838,332,342.0,30.768072289156628,31.798192771084338,342,52,1,0.01
1839,293,290.0,33.40955631399317,34.399317406143346,290,37,1,0.01
1840,337,364.0,36.225519287833826,37.30563798219585,364,38,1,0.01
1841,336,296.0,31.6875,32.56845238095238,296,42,1,0.01
1842,163,156.0,35.31288343558282,36.26993865030675,156,17,1,0.01
1843,500,605.0,37.204,38.414,605,61,0,0.01
1844,405,426.0,34.27160493827161,35.32345679012346,426,47,1,0.01
1845,500,552.0,35.498,36.602,552,60,0,0.01
1846,500,543.0,35.322,36.408,543,73,0,0.01
1847,393,434.0,38.56488549618321,39.66921119592875,434,46,1,0.01
1848,185,124.0,47.44864864864865,48.11891891891892,124,22,1,0.01
1849,341,370.0,33.32551319648094,34.410557184750736,370,39,1,0.01
1850,359,382.0,37.75208913649025,38.816155988857936,382,41,1,0.01
1851,500,545.0,27.63,28.72,545,73,0,0.01
1852,394,438.0,43.576142131979694,44.68781725888325,438,39,1,0.01
1853,333,327.0,33.25525525525526,34.23723723723724,327,39,1,0.01
1854,257,265.0,34.52918287937743,35.56031128404669,265,30,1,0.01
1855,366,376.0,31.74590163934426,32.77322404371585,376,40,1,0.01
1856,173,152.0,37.1849710982659,38.0635838150289,152,23,1,0.01
1857,195,205.0,33.17948717948718,34.23076923076923,205,25,1,0.01
1858,500,537.0,29.906,30.98,537,68,0,0.01
1859,195,187.0,33.2,34.15897435897436,187,29,1,0.01
1860,500,602.0,38.944,40.148,602,66,0,0.01
1861,500,565.0,37.526,38.656,565,65,0,0.01
1862,500,562.0,45.518,46.642,562,70,0,0.01
1863,419,456.0,40.18854415274463,41.27684964200478,456,58,1,0.01
1864,199,201.0,34.55778894472362,35.5678391959799,201,26,1,0.01
1865,500,534.0,31.18,32.248,534,61,0,0.01
1866,322,299.0,37.24223602484472,38.17080745341615,299,40,1,0.01
1867,386,407.0,39.6839378238342,40.73834196891192,407,47,1,0.01
1868,371,370.0,39.66576819407008,40.66307277628032,370,46,1,0.01
1869,247,238.0,34.611336032388664,35.5748987854251,238,32,1,0.01
1870,206,189.0,35.9126213592233,36.83009708737864,189,23,1,0.01
1871,157,138.0,30.611464968152866,31.49044585987261,138,24,1,0.01
1872,298,293.0,33.88255033557047,34.86577181208054,293,38,1,0.01
1873,500,552.0,39.288,40.392,552,71,0,0.01
1874,200,192.0,33.35,34.31,192,21,1,0.01
1875,190,174.0,31.042105263157893,31.957894736842107,174,26,1,0.01
1876,500,577.0,36.092,37.246,577,55,0,0.01
1877,500,568.0,32.24,33.376,568,66,0,0.01
1878,304,302.0,33.4703947368421,34.463815789473685,302,32,1,0.01
1879,405,420.0,33.592592592592595,34.629629629629626,420,49,1,0.01
1880,500,574.0,33.086,34.234,574,63,0,0.01
1881,399,416.0,33.3609022556391,34.40350877192982,416,48,1,0.01
1882,500,535.0,29.476,30.546,535,66,0,0.01
1883,500,566.0,40.204,41.336,566,59,0,0.01
1884,500,517.0,41.634,42.668,517,64,0,0.01
1885,500,568.0,36.49,37.626,568,66,0,0.01
1886,459,508.0,33.6557734204793,34.76252723311547,508,53,1,0.01
1887,500,582.0,42.968,44.132,582,59,0,0.01
1888,500,541.0,40.06,41.142,541,70,0,0.01
1889,389,433.0,40.12853470437018,41.24164524421594,433,47,1,0.01
1890,500,576.0,34.27,35.422,576,67,0,0.01
1891,183,157.0,32.71584699453552,33.57377049180328,157,22,1,0.01
1892,500,555.0,30.624,31.734,555,63,0,0.01
1893,500,587.0,38.504,39.678,587,53,0,0.01
1894,292,315.0,41.43835616438356,42.51712328767123,315,31,1,0.01
1895,304,311.0,40.05263157894737,41.07565789473684,311,37,1,0.01
1896,423,451.0,43.21040189125296,44.276595744680854,451,45,1,0.01
1897,500,572.0,34.154,35.298,572,69,0,0.01
1898,500,570.0,36.638,37.778,570,54,0,0.01
1899,231,209.0,32.32034632034632,33.22510822510822,209,34,1,0.01
1900,263,258.0,32.91254752851711,33.893536121673,258,30,1,0.01
1901,231,228.0,32.74458874458875,33.731601731601735,228,30,1,0.01
1902,500,554.0,32.52,33.628,554,61,0,0.01
1903,226,201.0,28.63274336283186,29.52212389380531,201,23,1,0.01
1904,146,126.0,34.5958904109589,35.45890410958904,126,14,1,0.01
1905,500,529.0,33.502,34.56,529,62,0,0.01
1906,500,575.0,40.618,41.768,575,59,0,0.01
1907,406,421.0,40.54679802955665,41.583743842364534,421,51,1,0.01
1908,500,541.0,29.774,30.856,541,65,0,0.01
1909,138,129.0,28.442028985507246,29.3768115942029,129,17,1,0.01
1910,500,539.0,33.112,34.19,539,72,0,0.01
1911,500,553.0,30.858,31.964,553,60,0,0.01
1912,302,318.0,37.99006622516556,39.04304635761589,318,36,1,0.01
1913,500,561.0,34.672,35.794,561,57,0,0.01
1914,500,569.0,35.072,36.21,569,60,0,0.01
1915,500,550.0,37.338,38.438,550,68,0,0.01
1916,429,449.0,33.3986013986014,34.44522144522144,449,63,1,0.01
1917,125,111.0,28.304,29.192,111,17,1,0.01
1918,377,365.0,33.80636604774536,34.774535809018566,365,50,1,0.01
1919,306,299.0,32.73856209150327,33.71568627450981,299,38,1,0.01
1920,378,387.0,39.49470899470899,40.51851851851852,387,53,1,0.01
1921,372,392.0,41.736559139784944,42.79032258064516,392,50,1,0.01
1922,236,240.0,35.58050847457627,36.597457627118644,240,28,1,0.01
1923,500,540.0,33.342,34.422,540,61,0,0.01
1924,500,569.0,33.456,34.594,569,56,0,0.01
1925,401,430.0,34.51620947630923,35.588528678304236,430,49,1,0.01
1926,500,601.0,35.142,36.344,601,60,0,0.01
1927,288,269.0,32.083333333333336,33.017361111111114,269,37,1,0.01
1928,416,422.0,32.40865384615385,33.42307692307692,422,43,1,0.01
1929,326,354.0,35.530674846625764,36.61656441717791,354,44,1,0.01
1930,206,185.0,30.57766990291262,31.475728155339805,185,24,1,0.01
1931,310,356.0,41.66129032258065,42.80967741935484,356,38,1,0.01
1932,423,473.0,38.33096926713948,39.449172576832154,473,51,1,0.01
1933,189,182.0,33.232804232804234,34.195767195767196,182,21,1,0.01
1934,384,368.0,29.684895833333332,30.643229166666668,368,51,1,0.01
1935,176,131.0,43.81818181818182,44.5625,131,14,1,0.01
1936,500,529.0,34.85,35.908,529,63,0,0.01
1937,169,173.0,35.366863905325445,36.3905325443787,173,28,1,0.01
1938,238,209.0,27.77310924369748,28.65126050420168,209,29,1,0.01
1939,381,376.0,29.070866141732285,30.057742782152232,376,48,1,0.01
1940,183,148.0,37.01639344262295,37.82513661202186,148,22,1,0.01
1941,500,582.0,37.468,38.632,582,62,0,0.01
1942,386,423.0,33.626943005181346,34.72279792746114,423,46,1,0.01
1943,500,539.0,34.858,35.936,539,63,0,0.01
1944,500,529.0,35.798,36.856,529,60,0,0.01
1945,234,236.0,40.25213675213675,41.26068376068376,236,23,1,0.01
1946,500,545.0,28.696,29.786,545,74,0,0.01
1947,135,99.0,39.592592592592595,40.32592592592592,99,15,1,0.01
1948,163,132.0,31.319018404907975,32.12883435582822,132,15,1,0.01
1949,500,571.0,32.266,33.408,571,67,0,0.01
1950,500,590.0,44.814,45.994,590,61,0,0.01
1951,483,538.0,33.12215320910973,34.2360248447205,538,59,1,0.01
1952,278,260.0,38.723021582733814,39.65827338129496,260,35,1,0.01
1953,336,347.0,36.470238095238095,37.50297619047619,347,40,1,0.01
1954,148,107.0,35.32432432432432,36.0472972972973,107,17,1,0.01
1955,500,544.0,36.012,37.1,544,62,0,0.01
1956,500,538.0,31.728,32.804,538,64,0,0.01
1957,500,543.0,27.89,28.976,543,66,0,0.01
1958,500,509.0,30.24,31.258,509,67,0,0.01
1959,307,291.0,33.54397394136808,34.49185667752443,291,43,1,0.01
1960,224,223.0,30.205357142857142,31.200892857142858,223,24,1,0.01
1961,500,537.0,31.928,33.002,537,65,0,0.01
1962,156,159.0,37.81410256410256,38.833333333333336,159,17,1,0.01
1963,500,533.0,33.626,34.692,533,63,0,0.01
1964,474,513.0,37.23628691983122,38.31856540084388,513,63,1,0.01
1965,500,525.0,35.85,36.9,525,64,1,0.01
1966,500,522.0,33.77,34.814,522,68,0,0.01
1967,282,305.0,31.400709219858157,32.4822695035461,305,47,1,0.01
1968,500,512.0,28.332,29.356,512,65,0,0.01
1969,500,542.0,31.258,32.342,542,69,0,0.01
1970,406,435.0,38.12068965517241,39.19211822660098,435,46,1,0.01
1971,500,555.0,29.61,30.72,555,68,0,0.01
1972,500,558.0,36.688,37.804,558,60,0,0.01
1973,500,581.0,36.294,37.456,581,67,0,0.01
1974,174,170.0,27.00574712643678,27.982758620689655,170,22,1,0.01
1975,500,569.0,35.236,36.374,569,68,0,0.01
1976,274,282.0,36.346715328467155,37.37591240875913,282,42,1,0.01
1977,500,536.0,34.126,35.198,536,59,0,0.01
1978,219,213.0,28.118721461187214,29.091324200913242,213,29,1,0.01
1979,399,439.0,46.62406015037594,47.72431077694235,439,49,1,0.01
1980,470,501.0,40.170212765957444,41.236170212765956,501,58,1,0.01
1981,251,243.0,34.07569721115538,35.04382470119522,243,31,1,0.01
1982,375,381.0,29.448,30.464,381,52,1,0.01
1983,274,310.0,33.948905109489054,35.08029197080292,310,37,1,0.01
1984,383,410.0,36.40208877284595,37.472584856396864,410,52,1,0.01
1985,500,574.0,37.302,38.45,574,57,0,0.01
1986,500,532.0,31.71,32.774,532,65,0,0.01
1987,232,214.0,37.5948275862069,38.51724137931034,214,25,1,0.01
1988,500,551.0,29.614,30.716,551,72,0,0.01
1989,218,201.0,32.06422018348624,32.98623853211009,201,20,1,0.01
1990,500,579.0,29.612,30.77,579,69,0,0.01
1991,500,559.0,33.158,34.276,559,64,0,0.01
1992,191,192.0,38.76439790575916,39.769633507853406,192,21,1,0.01
1993,500,578.0,37.098,38.254,578,61,0,0.01
1994,490,505.0,29.508163265306123,30.538775510204083,505,62,1,0.01
1995,262,262.0,32.49236641221374,33.49236641221374,262,40,1,0.01
1996,464,499.0,41.043103448275865,42.11853448275862,499,54,1,0.01
1997,416,432.0,35.44951923076923,36.48798076923077,432,55,1,0.01
1998,170,174.0,32.1764705882353,33.2,174,26,1,0.01
1999,500,516.0,32.942,33.974,516,69,0,0.01
2000,270,283.0,38.05555555555556,39.1037037037037,283,35,1,0.01
2001,249,251.0,31.329317269076306,32.33734939759036,251,32,1,0.01
2002,135,107.0,30.6,31.392592592592592,107,20,1,0.01
2003,500,488.0,27.138,28.114,488,64,0,0.01
2004,213,201.0,31.7981220657277,32.74178403755869,201,30,1,0.01
2005,485,498.0,35.57938144329897,36.60618556701031,498,72,1,0.01
2006,500,520.0,31.406,32.446,520,54,0,0.01
2007,500,551.0,37.072,38.174,551,62,0,0.01
2008,154,131.0,30.2012987012987,31.051948051948052,131,18,1,0.01
2009,195,170.0,34.45128205128205,35.323076923076925,170,27,1,0.01
2010,208,215.0,31.841346153846153,32.875,215,29,1,0.01
2011,128,87.0,28.625,29.3046875,87,16,1,0.01
2012,334,353.0,37.5688622754491,38.625748502994014,353,39,1,0.01
2013,319,369.0,32.793103448275865,33.94984326018809,369,40,1,0.01
2014,406,447.0,35.49261083743843,36.5935960591133,447,51,1,0.01
2015,214,182.0,38.070093457943926,38.92056074766355,182,26,1,0.01
2016,232,195.0,28.33189655172414,29.17241379310345,195,36,1,0.01
2017,237,212.0,42.392405063291136,43.28691983122363,212,29,1,0.01
2018,500,563.0,34.384,35.51,563,60,0,0.01
2019,105,40.0,60.99047619047619,61.371428571428574,40,2,1,0.01
2020,381,415.0,38.93963254593176,40.028871391076116,415,51,1,0.01
2021,500,565.0,34.498,35.628,565,61,0,0.01
2022,500,581.0,50.054,51.216,581,62,0,0.01
2023,500,525.0,31.016,32.066,525,76,0,0.01
2024,500,578.0,37.016,38.172,578,64,0,0.01
2025,119,57.0,37.52100840336134,38.0,57,6,1,0.01
2026,405,418.0,30.528395061728396,31.560493827160492,418,49,1,0.01
2027,500,540.0,31.234,32.314,540,61,0,0.01
2028,206,198.0,29.131067961165048,30.09223300970874,198,29,1,0.01
2029,414,419.0,36.54830917874396,37.56038647342995,419,46,1,0.01
2030,264,269.0,32.984848484848484,34.003787878787875,269,36,1,0.01
2031,500,582.0,36.798,37.962,582,66,0,0.01
2032,335,309.0,31.555223880597016,32.47761194029851,309,44,1,0.01
2033,170,116.0,63.48235294117647,64.16470588235295,116,10,1,0.01
2034,500,557.0,36.452,37.566,557,72,0,0.01
2035,500,561.0,34.834,35.956,561,65,0,0.01
2036,209,188.0,34.75598086124402,35.655502392344495,188,18,1,0.01
2037,285,302.0,34.915789473684214,35.97543859649123,302,32,1,0.01
2038,89,62.0,29.96629213483146,30.662921348314608,62,8,1,0.01
2039,466,512.0,41.12660944206009,42.22532188841202,512,57,1,0.01
2040,351,359.0,35.78347578347579,36.806267806267805,359,42,1,0.01
2041,367,382.0,36.53133514986376,37.572207084468666,382,40,1,0.01
2042,258,278.0,34.84108527131783,35.91860465116279,278,35,1,0.01
2043,220,198.0,31.486363636363638,32.38636363636363,198,21,1,0.01
2044,271,287.0,38.66420664206642,39.723247232472325,287,34,1,0.01
2045,229,219.0,42.37117903930131,43.327510917030565,219,32,1,0.01
2046,349,345.0,37.22349570200573,38.212034383954155,345,49,1,0.01
2047,500,535.0,40.986,42.056,535,64,0,0.01
2048,402,432.0,40.11194029850746,41.1865671641791,432,52,1,0.01
2049,269,288.0,33.04089219330855,34.111524163568774,288,41,1,0.01
2050,292,263.0,39.42465753424658,40.32534246575342,263,40,1,0.01
2051,358,380.0,36.74022346368715,37.80167597765363,380,46,1,0.01
2052,500,576.0,42.686,43.838,576,54,0,0.01
2053,315,346.0,33.025396825396825,34.12380952380953,346,41,1,0.01
2054,200,200.0,31.135,32.135,200,27,1,0.01
2055,266,255.0,31.57894736842105,32.537593984962406,255,33,1,0.01
2056,336,333.0,31.711309523809526,32.70238095238095,333,43,1,0.01
2057,500,552.0,36.002,37.106,552,58,0,0.01
2058,153,139.0,41.76470588235294,42.673202614379086,139,17,1,0.01
2059,197,168.0,38.54314720812183,39.39593908629442,168,24,1,0.01
2060,500,554.0,28.97,30.078,554,67,0,0.01
2061,480,515.0,35.233333333333334,36.30625,515,59,1,0.01
2062,500,489.0,33.44,34.418,489,71,0,0.01
2063,500,561.0,40.396,41.518,561,68,0,0.01
2064,500,599.0,40.09,41.288,599,56,0,0.01
2065,500,578.0,30.24,31.396,578,58,0,0.01
2066,437,465.0,41.78947368421053,42.85354691075515,465,48,1,0.01
2067,231,244.0,34.696969696969695,35.753246753246756,244,29,1,0.01
2068,500,546.0,34.6,35.692,546,65,0,0.01
2069,237,234.0,28.60337552742616,29.59071729957806,234,29,1,0.01
2070,160,160.0,40.48125,41.48125,160,19,1,0.01
2071,500,503.0,36.542,37.548,503,59,0,0.01
2072,500,536.0,35.324,36.396,536,51,0,0.01
2073,500,593.0,38.336,39.522,593,63,0,0.01
2074,500,562.0,39.332,40.456,562,56,0,0.01
2075,192,186.0,31.197916666666668,32.166666666666664,186,25,1,0.01
2076,485,535.0,36.10515463917526,37.208247422680415,535,50,1,0.01
2077,500,557.0,37.348,38.462,557,62,0,0.01
2078,234,244.0,32.72649572649573,33.76923076923077,244,33,1,0.01
2079,387,398.0,36.26614987080104,37.29457364341085,398,41,1,0.01
2080,381,389.0,38.13910761154855,39.16010498687664,389,50,1,0.01
2081,398,383.0,30.444723618090453,31.407035175879397,383,45,1,0.01
2082,500,537.0,32.52,33.594,537,60,0,0.01
2083,115,87.0,32.504347826086956,33.26086956521739,87,15,1,0.01
2084,500,562.0,33.284,34.408,562,61,0,0.01
2085,276,289.0,32.18840579710145,33.23550724637681,289,39,1,0.01
2086,500,560.0,35.356,36.476,560,68,0,0.01
2087,225,242.0,36.39111111111111,37.46666666666667,242,28,1,0.01
2088,276,275.0,33.08695652173913,34.083333333333336,275,38,1,0.01
2089,500,587.0,38.174,39.348,587,59,0,0.01
2090,500,548.0,33.812,34.908,548,56,0,0.01
2091,500,561.0,35.238,36.36,561,63,0,0.01
2092,500,525.0,34.59,35.64,525,58,0,0.01
2093,500,587.0,34.666,35.84,587,60,0,0.01
2094,500,554.0,34.442,35.55,554,71,0,0.01
2095,500,565.0,32.974,34.104,565,56,0,0.01
2096,356,395.0,37.93539325842696,39.04494382022472,395,51,1,0.01
2097,500,534.0,29.464,30.532,534,65,0,0.01
2098,500,559.0,38.92,40.038,559,64,0,0.01
2099,410,410.0,30.836585365853658,31.836585365853658,410,55,1,0.01
2100,500,527.0,29.11,30.164,527,62,0,0.01
2101,242,264.0,41.65702479338843,42.747933884297524,264,29,1,0.01
2102,263,254.0,31.623574144486692,32.5893536121673,254,35,1,0.01
2103,500,560.0,35.73,36.85,560,59,0,0.01
2104,171,167.0,29.81286549707602,30.789473684210527,167,27,1,0.01
2105,258,290.0,38.1124031007752,39.236434108527135,290,29,1,0.01
2106,500,508.0,34.944,35.96,508,61,0,0.01
2107,128,44.0,60.0078125,60.3515625,44,2,1,0.01
2108,105,69.0,37.32380952380952,37.98095238095238,69,10,1,0.01
2109,500,579.0,38.094,39.252,579,60,0,0.01
2110,131,91.0,38.29007633587786,38.98473282442748,91,14,1,0.01
2111,500,547.0,36.23,37.324,547,61,0,0.01
2112,500,585.0,35.66,36.83,585,66,0,0.01
2113,500,514.0,37.692,38.72,514,64,0,0.01
2114,244,235.0,28.799180327868854,29.762295081967213,235,32,1,0.01
2115,359,380.0,37.37883008356546,38.43732590529248,380,53,1,0.01
2116,384,412.0,40.666666666666664,41.739583333333336,412,46,1,0.01
2117,500,569.0,35.176,36.314,569,59,0,0.01
2118,244,244.0,31.618852459016395,32.618852459016395,244,33,1,0.01
2119,229,220.0,37.519650655021834,38.480349344978166,220,30,1,0.01
2120,427,450.0,35.38173302107728,36.43559718969555,450,49,1,0.01
2121,320,308.0,33.70625,34.66875,308,43,1,0.01
2122,500,548.0,36.162,37.258,548,55,0,0.01
2123,302,306.0,34.89403973509934,35.90728476821192,306,39,1,0.01
2124,392,414.0,39.56887755102041,40.625,414,46,1,0.01
2125,500,530.0,31.288,32.348,530,62,0,0.01
2126,500,541.0,29.928,31.01,541,67,0,0.01
2127,229,208.0,44.633187772925766,45.54148471615721,208,29,1,0.01
2128,193,177.0,28.39896373056995,29.316062176165804,177,24,1,0.01
2129,500,514.0,37.872,38.9,514,58,0,0.01
2130,347,363.0,33.19884726224784,34.24495677233429,363,47,1,0.01
2131,500,527.0,28.028,29.082,527,71,0,0.01
2132,210,190.0,34.714285714285715,35.61904761904762,190,23,1,0.01
2133,500,578.0,38.442,39.598,578,73,0,0.01
2134,500,564.0,32.732,33.86,564,64,0,0.01
2135,343,345.0,31.53935860058309,32.54518950437318,345,42,1,0.01
2136,500,572.0,37.064,38.208,572,66,0,0.01
2137,479,541.0,37.34446764091858,38.47390396659708,541,63,1,0.01
2138,358,374.0,31.178770949720672,32.22346368715084,374,46,1,0.01
2139,238,250.0,38.890756302521005,39.94117647058823,250,30,1,0.01
2140,210,213.0,56.65714285714286,57.67142857142857,213,28,1,0.01
2141,113,85.0,29.38053097345133,30.13274336283186,85,14,1,0.01
2142,499,552.0,35.76753507014028,36.87374749498998,552,62,1,0.01
2143,500,575.0,38.962,40.112,575,61,0,0.01
2144,342,356.0,37.067251461988306,38.10818713450293,356,41,1,0.01
2145,500,545.0,32.56,33.65,545,66,0,0.01
2146,162,152.0,29.833333333333332,30.771604938271604,152,20,1,0.01
2147,296,293.0,32.49662162162162,33.486486486486484,293,38,1,0.01
2148,500,560.0,32.762,33.882,560,59,0,0.01
2149,148,123.0,33.445945945945944,34.277027027027025,123,22,1,0.01
2150,328,339.0,35.24085365853659,36.27439024390244,339,29,1,0.01
2151,225,201.0,29.871111111111112,30.764444444444443,201,30,1,0.01
2152,187,162.0,37.18716577540107,38.05347593582888,162,22,1,0.01
2153,413,433.0,36.300242130750604,37.34866828087167,433,46,1,0.01
2154,369,409.0,39.769647696476966,40.8780487804878,409,41,1,0.01
2155,500,560.0,29.822,30.942,560,66,0,0.01
2156,500,543.0,27.788,28.874,543,68,0,0.01
2157,500,572.0,36.83,37.974,572,59,0,0.01
2158,475,534.0,34.34947368421053,35.473684210526315,534,58,1,0.01
2159,500,550.0,33.78,34.88,550,66,0,0.01
2160,500,554.0,32.762,33.87,554,58,0,0.01
2161,147,126.0,33.10204081632653,33.95918367346939,126,23,1,0.01
2162,494,557.0,32.46761133603239,33.59514170040486,557,64,1,0.01
2163,182,139.0,25.895604395604394,26.65934065934066,139,20,1,0.01
2164,500,598.0,35.504,36.7,598,62,0,0.01
2165,362,383.0,33.79834254143646,34.85635359116022,383,40,1,0.01
2166,240,234.0,31.8125,32.7875,234,30,1,0.01
2167,500,582.0,37.898,39.062,582,58,0,0.01
2168,201,210.0,31.70149253731343,32.74626865671642,210,28,1,0.01
2169,500,564.0,37.356,38.484,564,55,0,0.01
2170,357,417.0,37.67226890756302,38.84033613445378,417,39,1,0.01
2171,500,570.0,40.016,41.156,570,55,0,0.01
2172,500,540.0,33.598,34.678,540,61,0,0.01
2173,323,335.0,33.54179566563467,34.578947368421055,335,44,1,0.01
2174,269,272.0,42.174721189591075,43.185873605947954,272,32,1,0.01
2175,500,592.0,37.334,38.518,592,69,0,0.01
2176,205,182.0,28.985365853658536,29.87317073170732,182,24,1,0.01
2177,500,513.0,28.628,29.654,513,71,0,0.01
2178,466,512.0,34.18454935622318,35.283261802575105,512,56,1,0.01
2179,500,579.0,35.888,37.046,579,59,0,0.01
2180,383,391.0,37.885117493472585,38.90600522193211,391,46,1,0.01
2181,187,188.0,31.90374331550802,32.90909090909091,188,25,1,0.01
2182,414,454.0,38.19806763285024,39.29468599033817,454,49,1,0.01
2183,500,568.0,28.834,29.97,568,63,0,0.01
2184,500,568.0,32.708,33.844,568,63,0,0.01
2185,500,589.0,39.242,40.42,589,60,0,0.01
2186,127,122.0,31.007874015748033,31.968503937007874,122,15,1,0.01
2187,127,113.0,32.803149606299215,33.69291338582677,113,14,1,0.01
2188,335,342.0,41.26865671641791,42.28955223880597,342,41,1,0.01
2189,188,207.0,31.398936170212767,32.5,207,25,1,0.01
2190,500,555.0,31.63,32.74,555,72,0,0.01
2191,282,287.0,35.09219858156028,36.10992907801418,287,36,1,0.01
2192,500,531.0,32.148,33.21,531,65,0,0.01
2193,500,538.0,35.636,36.712,538,59,0,0.01
2194,242,246.0,43.04545454545455,44.06198347107438,246,28,1,0.01
2195,342,371.0,35.60818713450293,36.69298245614035,371,51,1,0.01
2196,500,600.0,37.81,39.01,600,65,0,0.01
2197,412,422.0,35.83009708737864,36.85436893203884,422,48,1,0.01
2198,458,474.0,30.32532751091703,31.360262008733624,474,60,1,0.01
2199,185,178.0,28.83783783783784,29.8,178,25,1,0.01
2200,500,539.0,34.216,35.294,539,64,0,0.01
2201,396,422.0,33.85353535353536,34.91919191919192,422,59,1,0.01
2202,500,558.0,32.722,33.838,558,66,0,0.01
2203,224,241.0,36.419642857142854,37.495535714285715,241,28,1,0.01
2204,500,549.0,30.482,31.58,549,66,0,0.01
2205,500,568.0,41.136,42.272,568,68,0,0.01
2206,313,296.0,27.559105431309906,28.50479233226837,296,38,1,0.01
2207,179,136.0,25.424581005586592,26.18435754189944,136,18,1,0.01
2208,438,448.0,34.06164383561644,35.08447488584475,448,55,1,0.01
2209,500,530.0,35.95,37.01,530,62,0,0.01
2210,150,106.0,33.82666666666667,34.53333333333333,106,22,1,0.01
2211,203,206.0,33.92118226600985,34.935960591133004,206,30,1,0.01
2212,500,513.0,30.836,31.862,513,66,0,0.01
2213,231,189.0,33.35064935064935,34.16883116883117,189,32,1,0.01
2214,388,372.0,33.615979381443296,34.574742268041234,372,51,1,0.01
2215,220,234.0,34.15,35.21363636363636,234,31,1,0.01
2216,349,352.0,33.636103151862464,34.644699140401144,352,45,1,0.01
2217,489,552.0,40.65848670756646,41.787321063394685,552,56,1,0.01
2218,500,543.0,34.2,35.286,543,68,0,0.01
2219,233,217.0,33.48927038626609,34.4206008583691,217,24,1,0.01
2220,257,275.0,35.56031128404669,36.63035019455253,275,31,1,0.01
2221,189,179.0,37.455026455026456,38.402116402116405,179,24,1,0.01
2222,443,481.0,33.87584650112867,34.96162528216704,481,57,1,0.01
2223,318,295.0,35.606918238993714,36.534591194968556,295,34,1,0.01
2224,500,559.0,32.63,33.748,559,59,0,0.01
2225,500,579.0,39.694,40.852,579,66,0,0.01
2226,227,186.0,30.863436123348016,31.68281938325991,186,26,1,0.01
2227,500,565.0,34.624,35.754,565,58,0,0.01
2228,170,160.0,33.81764705882353,34.758823529411764,160,25,1,0.01
2229,500,507.0,30.072,31.086,507,67,0,0.01
2230,500,601.0,34.096,35.298,601,57,0,0.01
2231,500,568.0,33.442,34.578,568,60,0,0.01
2232,376,420.0,33.6781914893617,34.795212765957444,420,52,1,0.01
2233,466,491.0,28.130901287553648,29.184549356223176,491,60,1,0.01
2234,500,578.0,36.196,37.352,578,64,0,0.01
2235,368,391.0,31.29891304347826,32.36141304347826,391,49,1,0.01
2236,250,241.0,29.444,30.408,241,34,1,0.01
2237,196,205.0,38.40816326530612,39.454081632653065,205,23,1,0.01
2238,247,238.0,30.16599190283401,31.129554655870447,238,37,1,0.01
2239,500,543.0,31.436,32.522,543,58,0,0.01
2240,203,207.0,33.1871921182266,34.206896551724135,207,26,1,0.01
2241,404,470.0,43.613861386138616,44.777227722772274,470,45,1,0.01
2242,261,268.0,33.911877394636015,34.93869731800766,268,35,1,0.01
2243,500,579.0,33.068,34.226,579,61,0,0.01
2244,500,578.0,42.96,44.116,578,64,0,0.01
2245,378,370.0,32.63227513227513,33.611111111111114,370,53,1,0.01
2246,500,618.0,39.892,41.128,618,68,0,0.01
2247,500,609.0,39.698,40.916,609,70,0,0.01
2248,231,210.0,40.97402597402598,41.883116883116884,210,31,1,0.01
2249,500,565.0,38.042,39.172,565,66,0,0.01
2250,500,541.0,30.074,31.156,541,59,0,0.01
2251,500,571.0,36.618,37.76,571,60,0,0.01
2252,289,270.0,27.629757785467127,28.56401384083045,270,41,1,0.01
2253,500,529.0,27.234,28.292,529,68,0,0.01
2254,331,342.0,37.051359516616316,38.08459214501511,342,42,1,0.01
2255,342,367.0,37.880116959064324,38.953216374269005,367,35,1,0.01
2256,500,554.0,40.154,41.262,554,60,0,0.01
2257,500,548.0,33.882,34.978,548,65,0,0.01
2258,500,584.0,37.972,39.14,584,67,0,0.01
2259,500,543.0,30.95,32.036,543,71,0,0.01
2260,500,517.0,27.738,28.772,517,64,0,0.01
2261,267,234.0,26.029962546816478,26.906367041198504,234,35,1,0.01
2262,500,562.0,36.25,37.374,562,59,0,0.01
2263,500,590.0,36.542,37.722,590,54,0,0.01
2264,500,529.0,31.35,32.408,529,66,0,0.01
2265,297,287.0,29.744107744107744,30.71043771043771,287,36,1,0.01
2266,500,597.0,41.788,42.982,597,60,0,0.01
2267,500,562.0,38.6,39.724,562,62,0,0.01
2268,500,583.0,36.202,37.368,583,60,0,0.01
2269,500,543.0,32.628,33.714,543,62,0,0.01
2270,328,312.0,33.3109756097561,34.26219512195122,312,46,1,0.01
2271,500,569.0,35.572,36.71,569,70,0,0.01
2272,104,67.0,32.89423076923077,33.53846153846154,67,13,1,0.01
2273,500,490.0,28.02,29.0,490,65,0,0.01
2274,231,240.0,34.61471861471861,35.65367965367965,240,29,1,0.01
2275,428,472.0,34.049065420560744,35.151869158878505,472,48,1,0.01
2276,500,624.0,38.018,39.266,624,58,0,0.01
2277,440,470.0,30.865909090909092,31.93409090909091,470,54,1,0.01
2278,367,395.0,34.182561307901906,35.258855585831064,395,55,1,0.01
2279,500,586.0,38.582,39.754,586,57,0,0.01
2280,500,536.0,30.916,31.988,536,65,0,0.01
2281,500,572.0,45.278,46.422,572,58,0,0.01
2282,369,391.0,33.48509485094851,34.54471544715447,391,48,1,0.01
2283,500,546.0,34.218,35.31,546,50,0,0.01
2284,456,536.0,43.780701754385966,44.95614035087719,536,61,1,0.01
2285,321,352.0,39.034267912772584,40.13084112149533,352,41,1,0.01
2286,500,538.0,33.502,34.578,538,70,0,0.01
2287,500,544.0,29.902,30.99,544,65,0,0.01
2288,500,580.0,45.312,46.472,580,52,0,0.01
2289,500,548.0,32.836,33.932,548,64,0,0.01
2290,500,560.0,38.046,39.166,560,57,0,0.01
2291,500,567.0,31.392,32.526,567,62,0,0.01
2292,500,524.0,36.086,37.134,524,68,0,0.01
2293,394,442.0,32.19796954314721,33.31979695431472,442,52,1,0.01
2294,158,145.0,39.120253164556964,40.037974683544306,145,18,1,0.01
2295,313,319.0,32.3961661341853,33.415335463258785,319,52,1,0.01
2296,294,280.0,33.1156462585034,34.06802721088435,280,34,1,0.01
2297,214,181.0,34.41588785046729,35.26168224299065,181,23,1,0.01
2298,500,564.0,36.974,38.102,564,64,0,0.01
2299,500,591.0,34.114,35.296,591,60,0,0.01
2300,170,144.0,39.93529411764706,40.78235294117647,144,20,1,0.01
2301,500,544.0,32.7,33.788,544,58,0,0.01
2302,223,220.0,36.42152466367713,37.408071748878925,220,25,1,0.01
2303,335,352.0,35.507462686567166,36.55820895522388,352,43,1,0.01
2304,500,584.0,30.412,31.58,584,66,0,0.01
2305,500,580.0,35.306,36.466,580,67,0,0.01
2306,500,544.0,37.506,38.594,544,66,0,0.01
2307,455,466.0,32.215384615384615,33.23956043956044,466,51,1,0.01
2308,341,381.0,38.354838709677416,39.47214076246334,381,42,1,0.01
2309,113,86.0,38.6283185840708,39.389380530973455,86,11,1,0.01
2310,500,561.0,39.114,40.236,561,60,0,0.01
2311,183,171.0,39.91256830601093,40.84699453551912,171,19,1,0.01
2312,500,547.0,41.024,42.118,547,58,0,0.01
2313,149,119.0,32.22818791946309,33.02684563758389,119,18,1,0.01
2314,111,83.0,36.11711711711712,36.86486486486486,83,13,1,0.01
2315,282,307.0,35.1063829787234,36.195035460992905,307,35,1,0.01
2316,500,543.0,27.538,28.624,543,72,0,0.01
2317,500,522.0,34.59,35.634,522,61,0,0.01
2318,500,583.0,31.13,32.296,583,62,0,0.01
2319,335,335.0,30.116417910447762,31.116417910447762,335,42,1,0.01
2320,362,365.0,44.09668508287293,45.10497237569061,365,40,1,0.01
2321,500,593.0,37.798,38.984,593,64,0,0.01
2322,172,173.0,29.97093023255814,30.976744186046513,173,20,1,0.01
2323,242,217.0,37.64876033057851,38.54545454545455,217,31,1,0.01
2324,500,553.0,34.418,35.524,553,63,0,0.01
2325,500,568.0,34.102,35.238,568,67,0,0.01
2326,432,454.0,32.46296296296296,33.513888888888886,454,50,1,0.01
2327,198,195.0,41.12626262626262,42.111111111111114,195,25,1,0.01
2328,288,280.0,34.39930555555556,35.37152777777778,280,31,1,0.01
2329,380,409.0,29.813157894736843,30.889473684210525,409,53,1,0.01
2330,179,171.0,37.089385474860336,38.04469273743017,171,24,1,0.01
2331,500,566.0,32.388,33.52,566,62,0,0.01
2332,500,533.0,34.688,35.754,533,58,0,0.01
2333,500,590.0,37.644,38.824,590,60,0,0.01
2334,410,422.0,36.27560975609756,37.30487804878049,422,49,1,0.01
2335,500,522.0,30.506,31.55,522,59,0,0.01
2336,280,296.0,36.81785714285714,37.875,296,33,1,0.01
2337,115,92.0,34.85217391304348,35.65217391304348,92,11,1,0.01
2338,500,577.0,38.168,39.322,577,60,0,0.01
2339,500,589.0,37.018,38.196,589,61,0,0.01
2340,99,60.0,35.313131313131315,35.91919191919192,60,12,1,0.01
2341,500,552.0,32.298,33.402,552,59,0,0.01
2342,322,290.0,37.72360248447205,38.62422360248447,290,40,1,0.01
2343,500,549.0,31.93,33.028,549,66,0,0.01
2344,500,558.0,39.2,40.316,558,64,0,0.01
2345,130,115.0,31.638461538461538,32.52307692307692,115,15,1,0.01
2346,309,327.0,31.828478964401295,32.88673139158576,327,39,1,0.01
2347,500,543.0,27.896,28.982,543,68,0,0.01
2348,384,381.0,37.0546875,38.046875,381,51,1,0.01
2349,222,207.0,29.97747747747748,30.90990990990991,207,30,1,0.01
2350,500,575.0,37.58,38.73,575,63,0,0.01
2351,246,235.0,29.10569105691057,30.0609756097561,235,27,1,0.01
2352,156,136.0,37.294871794871796,38.166666666666664,136,22,1,0.01
2353,212,121.0,52.4811320754717,53.051886792452834,121,14,1,0.01
2354,500,531.0,43.702,44.764,531,57,0,0.01
2355,159,114.0,34.9874213836478,35.704402515723274,114,22,1,0.01
2356,421,472.0,39.957244655581945,41.07838479809976,472,51,1,0.01
2357,275,284.0,38.31272727272727,39.345454545454544,284,39,1,0.01
2358,232,228.0,31.34051724137931,32.32327586206897,228,28,1,0.01
2359,346,384.0,37.679190751445084,38.78901734104046,384,45,1,0.01
2360,165,113.0,29.824242424242424,30.509090909090908,113,24,1,0.01
2361,500,548.0,35.746,36.842,548,70,0,0.01
2362,309,325.0,36.62135922330097,37.67313915857605,325,31,1,0.01
2363,117,95.0,28.82905982905983,29.641025641025642,95,17,1,0.01
2364,142,86.0,36.2887323943662,36.894366197183096,86,22,1,0.01
2365,297,288.0,40.27272727272727,41.24242424242424,288,47,1,0.01
2366,244,232.0,31.635245901639344,32.58606557377049,232,26,1,0.01
2367,164,159.0,35.52439024390244,36.49390243902439,159,28,1,0.01
2368,500,550.0,39.616,40.716,550,65,0,0.01
2369,500,529.0,35.404,36.462,529,62,0,0.01
2370,497,544.0,40.2897384305835,41.38430583501006,544,60,1,0.01
2371,184,174.0,31.293478260869566,32.23913043478261,174,21,1,0.01
2372,254,265.0,40.767716535433074,41.811023622047244,265,30,1,0.01
2373,314,360.0,42.52547770700637,43.67197452229299,360,39,1,0.01
2374,500,542.0,33.322,34.406,542,63,0,0.01
2375,295,306.0,43.152542372881356,44.18983050847458,306,37,1,0.01
2376,500,546.0,35.872,36.964,546,68,0,0.01
2377,400,416.0,33.1025,34.1425,416,41,1,0.01
2378,500,562.0,36.574,37.698,562,65,0,0.01
2379,285,293.0,31.178947368421053,32.20701754385965,293,38,1,0.01
2380,154,163.0,30.344155844155843,31.4025974025974,163,22,1,0.01
2381,162,144.0,38.074074074074076,38.96296296296296,144,18,1,0.01
2382,271,286.0,39.01476014760148,40.07011070110701,286,34,1,0.01
2383,175,151.0,27.8,28.662857142857142,151,18,1,0.01
2384,500,560.0,32.486,33.606,560,67,0,0.01
2385,500,558.0,37.57,38.686,558,69,0,0.01
2386,221,218.0,32.29864253393665,33.28506787330317,218,29,1,0.01
2387,202,191.0,35.06930693069307,36.01485148514851,191,24,1,0.01
2388,377,413.0,31.50663129973475,32.60212201591512,413,49,1,0.01
2389,255,245.0,31.04705882352941,32.0078431372549,245,32,1,0.01
2390,500,556.0,30.626,31.738,556,63,0,0.01
2391,236,230.0,33.57203389830509,34.54661016949152,230,32,1,0.01
2392,306,301.0,34.78104575163399,35.76470588235294,301,40,1,0.01
2393,311,319.0,33.057877813504824,34.08360128617363,319,38,1,0.01
2394,310,299.0,31.638709677419357,32.60322580645161,299,50,1,0.01
2395,500,535.0,32.644,33.714,535,56,0,0.01
2396,500,569.0,34.634,35.772,569,65,0,0.01
2397,489,549.0,36.077709611451944,37.20040899795501,549,70,1,0.01
2398,500,471.0,33.646,34.588,471,64,0,0.01
2399,180,175.0,32.9,33.87222222222222,175,27,1,0.01
2400,500,589.0,40.35,41.528,589,61,0,0.01
2401,205,225.0,33.58536585365854,34.68292682926829,225,31,1,0.01
2402,105,107.0,30.704761904761906,31.723809523809525,107,18,1,0.01
2403,500,527.0,36.526,37.58,527,69,0,0.01
2404,358,382.0,38.58379888268156,39.650837988826815,382,36,1,0.01
2405,500,565.0,33.29,34.42,565,65,0,0.01
2406,500,517.0,29.228,30.262,517,67,0,0.01
2407,365,372.0,36.010958904109586,37.03013698630137,372,58,1,0.01
2408,236,239.0,33.29661016949152,34.309322033898304,239,29,1,0.01
2409,500,551.0,36.432,37.534,551,72,0,0.01
2410,495,601.0,36.53333333333333,37.74747474747475,601,62,1,0.01
2411,500,547.0,41.306,42.4,547,66,0,0.01
2412,342,364.0,36.09649122807018,37.16081871345029,364,48,1,0.01
2413,500,540.0,33.04,34.12,540,62,0,0.01
2414,216,220.0,34.84722222222222,35.86574074074074,220,31,1,0.01
2415,231,224.0,35.84848484848485,36.81818181818182,224,32,1,0.01
2416,500,537.0,30.504,31.578,537,63,0,0.01
2417,500,609.0,42.726,43.944,609,68,0,0.01
2418,295,305.0,32.945762711864404,33.97966101694915,305,36,1,0.01
2419,132,124.0,36.96969696969697,37.90909090909091,124,15,1,0.01
2420,500,595.0,39.948,41.138,595,62,0,0.01
2421,169,153.0,28.568047337278106,29.473372781065088,153,26,1,0.01
2422,159,146.0,34.21383647798742,35.132075471698116,146,19,1,0.01
2423,500,542.0,29.768,30.852,542,64,0,0.01
2424,500,574.0,31.74,32.888,574,66,0,0.01
2425,306,295.0,33.310457516339866,34.27450980392157,295,39,1,0.01
2426,500,543.0,30.682,31.768,543,66,0,0.01
2427,166,110.0,33.873493975903614,34.536144578313255,110,15,1,0.01
2428,213,227.0,34.15023474178404,35.21596244131455,227,28,1,0.01
2429,101,83.0,30.84158415841584,31.663366336633665,83,13,1,0.01
2430,197,213.0,38.41624365482234,39.49746192893401,213,25,1,0.01
2431,221,201.0,29.352941176470587,30.262443438914026,201,26,1,0.01
2432,445,440.0,30.193258426966292,31.182022471910113,440,60,1,0.01
2433,122,88.0,33.63934426229508,34.36065573770492,88,15,1,0.01
2434,171,135.0,29.976608187134502,30.76608187134503,135,18,1,0.01
2435,430,446.0,37.58372093023256,38.62093023255814,446,52,1,0.01
2436,500,567.0,37.502,38.636,567,61,0,0.01
2437,258,276.0,36.531007751937985,37.60077519379845,276,35,1,0.01
2438,201,174.0,35.059701492537314,35.92537313432836,174,27,1,0.01
2439,358,390.0,34.910614525139664,36.0,390,45,1,0.01
2440,500,534.0,34.364,35.432,534,62,0,0.01
2441,397,432.0,37.486146095717885,38.5743073047859,432,59,1,0.01
2442,208,189.0,28.759615384615383,29.66826923076923,189,31,1,0.01
2443,245,218.0,33.33877551020408,34.22857142857143,218,34,1,0.01
2444,195,217.0,30.497435897435896,31.61025641025641,217,26,1,0.01
2445,273,243.0,36.54578754578755,37.43589743589744,243,31,1,0.01
2446,211,192.0,36.02843601895734,36.93838862559242,192,27,1,0.01
2447,500,574.0,41.22,42.368,574,61,0,0.01
2448,500,555.0,39.294,40.404,555,70,0,0.01
2449,241,267.0,33.780082987551864,34.88796680497925,267,35,1,0.01
2450,269,308.0,32.09293680297398,33.237918215613384,308,36,1,0.01
2451,431,445.0,31.078886310904874,32.11136890951276,445,46,1,0.01
2452,379,386.0,32.41424802110818,33.43271767810026,386,56,1,0.01
2453,314,330.0,36.74203821656051,37.79299363057325,330,39,1,0.01
2454,500,544.0,30.552,31.64,544,67,0,0.01
2455,328,361.0,36.448170731707314,37.548780487804876,361,48,1,0.01
2456,154,150.0,34.23376623376623,35.20779220779221,150,25,1,0.01
2457,500,555.0,29.932,31.042,555,65,0,0.01
2458,259,248.0,38.38223938223938,39.33976833976834,248,31,1,0.01
2459,220,212.0,40.60454545454545,41.56818181818182,212,29,1,0.01
2460,500,568.0,35.726,36.862,568,70,0,0.01
2461,389,433.0,38.80976863753213,39.922879177377894,433,55,1,0.01
2462,148,128.0,31.64189189189189,32.50675675675676,128,15,1,0.01
2463,373,418.0,34.86327077747989,35.983914209115284,418,47,1,0.01
2464,248,271.0,28.096774193548388,29.18951612903226,271,32,1,0.01
2465,500,560.0,35.26,36.38,560,72,0,0.01
2466,305,336.0,33.74098360655738,34.842622950819674,336,39,1,0.01
2467,500,550.0,32.95,34.05,550,68,0,0.01
2468,399,430.0,30.68671679197995,31.764411027568922,430,62,1,0.01
2469,500,579.0,35.212,36.37,579,57,0,0.01
2470,336,358.0,37.38690476190476,38.45238095238095,358,40,1,0.01
2471,116,34.0,59.0,59.293103448275865,34,2,1,0.01
2472,500,555.0,31.004,32.114,555,63,0,0.01
2473,183,174.0,28.0,28.950819672131146,174,25,1,0.01
2474,130,101.0,28.861538461538462,29.638461538461538,101,17,1,0.01
2475,359,387.0,39.16713091922006,40.24512534818942,387,48,1,0.01
2476,216,205.0,31.449074074074073,32.398148148148145,205,30,1,0.01
2477,210,206.0,38.79047619047619,39.77142857142857,206,27,1,0.01
2478,227,231.0,31.845814977973568,32.863436123348016,231,30,1,0.01
2479,376,419.0,38.63297872340426,39.74734042553192,419,49,1,0.01
2480,363,417.0,32.93939393939394,34.08815426997245,417,53,1,0.01
2481,269,274.0,31.895910780669144,32.91449814126394,274,37,1,0.01
2482,500,565.0,32.396,33.526,565,67,0,0.01
2483,475,501.0,34.89684210526316,35.95157894736842,501,72,1,0.01
2484,417,477.0,43.05035971223022,44.194244604316545,477,49,1,0.01
2485,500,568.0,30.234,31.37,568,69,0,0.01
2486,409,440.0,34.867970660146696,35.9437652811736,440,53,1,0.01
2487,500,579.0,39.272,40.43,579,61,0,0.01
2488,500,554.0,34.506,35.614,554,65,0,0.01
2489,500,603.0,31.216,32.422,603,66,0,0.01
2490,500,564.0,34.876,36.004,564,68,0,0.01
2491,279,312.0,45.272401433691755,46.39068100358423,312,35,1,0.01
2492,450,543.0,36.888888888888886,38.095555555555556,543,65,1,0.01
2493,500,533.0,32.24,33.306,533,68,0,0.01
2494,500,577.0,30.492,31.646,577,71,0,0.01
2495,253,246.0,28.513833992094863,29.486166007905137,246,37,1,0.01
2496,500,564.0,32.414,33.542,564,72,0,0.01
2497,269,272.0,42.66542750929368,43.67657992565056,272,34,1,0.01
2498,328,334.0,28.222560975609756,29.240853658536587,334,48,1,0.01
2499,245,238.0,41.6530612244898,42.624489795918365,238,37,1,0.01
2500,500,583.0,33.782,34.948,583,56,0,0.01
2501,490,554.0,43.33877551020408,44.46938775510204,554,58,1,0.01
2502,251,280.0,35.366533864541836,36.48207171314741,280,38,1,0.01
2503,338,358.0,33.3905325443787,34.44970414201183,358,45,1,0.01
2504,338,372.0,31.911242603550296,33.01183431952663,372,49,1,0.01
2505,269,284.0,26.524163568773233,27.57992565055762,284,35,1,0.01
2506,429,424.0,34.421911421911425,35.41025641025641,424,63,1,0.01
2507,500,535.0,35.828,36.898,535,76,0,0.01
2508,500,602.0,38.222,39.426,602,67,0,0.01
2509,181,170.0,31.016574585635357,31.955801104972377,170,19,1,0.01
2510,500,577.0,35.752,36.906,577,61,0,0.01
2511,337,368.0,33.454005934718104,34.545994065281896,368,53,1,0.01
2512,500,546.0,32.532,33.624,546,78,0,0.01
2513,500,550.0,29.994,31.094,550,68,0,0.01
2514,500,560.0,33.118,34.238,560,61,0,0.01
2515,500,588.0,35.404,36.58,588,66,0,0.01
2516,500,542.0,33.552,34.636,542,66,0,0.01
2517,500,552.0,34.686,35.79,552,73,0,0.01
2518,367,413.0,39.17438692098093,40.299727520435965,413,56,1,0.01
2519,500,596.0,33.79,34.982,596,66,0,0.01
2520,324,317.0,32.376543209876544,33.35493827160494,317,42,1,0.01
2521,144,129.0,36.18055555555556,37.076388888888886,129,18,1,0.01
2522,500,524.0,27.452,28.5,524,72,0,0.01
2523,163,111.0,30.938650306748468,31.619631901840492,111,19,1,0.01
2524,500,563.0,33.084,34.21,563,62,0,0.01
2525,478,542.0,38.03347280334728,39.1673640167364,542,68,1,0.01
2526,500,555.0,28.706,29.816,555,78,0,0.01
2527,380,430.0,38.56578947368421,39.69736842105263,430,53,1,0.01
2528,167,133.0,36.5688622754491,37.365269461077844,133,19,1,0.01
2529,346,370.0,30.55491329479769,31.6242774566474,370,46,1,0.01
2530,500,575.0,35.21,36.36,575,62,0,0.01
2531,500,572.0,33.01,34.154,572,72,0,0.01
2532,500,557.0,27.308,28.422,557,72,0,0.01
2533,500,562.0,37.818,38.942,562,64,0,0.01
2534,500,552.0,28.456,29.56,552,68,0,0.01
2535,276,269.0,35.858695652173914,36.833333333333336,269,45,1,0.01
2536,500,516.0,27.14,28.172,516,74,0,0.01
2537,500,545.0,39.042,40.132,545,70,0,0.01
2538,208,218.0,40.52884615384615,41.57692307692308,218,37,1,0.01
2539,500,537.0,30.772,31.846,537,67,0,0.01
2540,468,561.0,46.151709401709404,47.35042735042735,561,66,1,0.01
2541,500,574.0,38.436,39.584,574,61,0,0.01
2542,500,550.0,27.6,28.7,550,62,0,0.01
2543,344,371.0,28.665697674418606,29.74418604651163,371,53,1,0.01
2544,500,568.0,27.522,28.658,568,73,0,0.01
2545,500,546.0,31.186,32.278,546,66,0,0.01
2546,358,378.0,29.61173184357542,30.66759776536313,378,57,1,0.01
2547,392,375.0,36.099489795918366,37.05612244897959,375,55,1,0.01
2548,500,564.0,32.386,33.514,564,63,0,0.01
2549,343,424.0,40.667638483965014,41.903790087463555,424,47,1,0.01
2550,209,224.0,29.74641148325359,30.818181818181817,224,31,1,0.01
2551,500,556.0,34.202,35.314,556,73,0,0.01
2552,454,468.0,29.801762114537446,30.83259911894273,468,64,1,0.01
2553,500,542.0,26.802,27.886,542,77,0,0.01
2554,300,306.0,35.1,36.12,306,48,1,0.01
2555,500,574.0,34.464,35.612,574,65,0,0.01
2556,137,96.0,25.021897810218977,25.722627737226276,96,18,1,0.01
2557,350,369.0,41.205714285714286,42.26,369,46,1,0.01
2558,428,425.0,40.62149532710281,41.61448598130841,425,55,1,0.01
2559,419,459.0,32.75417661097852,33.84964200477327,459,58,1,0.01
2560,497,526.0,29.24748490945674,30.305835010060363,526,71,1,0.01
2561,333,358.0,40.0,41.07507507507508,358,49,1,0.01
2562,500,565.0,26.138,27.268,565,65,0,0.01
2563,261,261.0,41.52873563218391,42.52873563218391,261,32,1,0.01
2564,349,351.0,29.27220630372493,30.277936962750715,351,52,1,0.01
2565,500,536.0,33.554,34.626,536,74,0,0.01
2566,500,542.0,33.134,34.218,542,63,0,0.01
2567,500,556.0,37.45,38.562,556,76,0,0.01
2568,440,462.0,28.39090909090909,29.44090909090909,462,64,1,0.01
2569,500,561.0,38.72,39.842,561,70,0,0.01
2570,455,514.0,36.76703296703297,37.89670329670329,514,62,1,0.01
2571,500,523.0,29.584,30.63,523,72,0,0.01
2572,221,230.0,29.244343891402714,30.285067873303166,230,31,1,0.01
2573,184,153.0,39.04891304347826,39.880434782608695,153,21,1,0.01
2574,179,174.0,32.212290502793294,33.184357541899445,174,27,1,0.01
2575,500,553.0,29.318,30.424,553,66,0,0.01
2576,170,129.0,42.976470588235294,43.73529411764706,129,20,1,0.01
2577,500,543.0,36.282,37.368,543,70,0,0.01
2578,500,533.0,37.254,38.32,533,56,0,0.01
2579,500,590.0,36.758,37.938,590,61,0,0.01
2580,500,529.0,28.238,29.296,529,61,0,0.01
2581,500,552.0,32.376,33.48,552,76,0,0.01
2582,340,323.0,36.04117647058823,36.991176470588236,323,42,1,0.01
2583,292,311.0,35.83904109589041,36.9041095890411,311,44,1,0.01
2584,500,564.0,31.83,32.958,564,77,0,0.01
2585,500,551.0,25.386,26.488,551,71,0,0.01
2586,500,573.0,33.19,34.336,573,62,0,0.01
2587,500,595.0,36.822,38.012,595,63,0,0.01
2588,424,480.0,41.382075471698116,42.514150943396224,480,62,1,0.01
2589,440,508.0,36.913636363636364,38.06818181818182,508,58,1,0.01
2590,500,535.0,28.318,29.388,535,70,0,0.01
2591,500,564.0,31.07,32.198,564,76,0,0.01
2592,500,556.0,34.118,35.23,556,60,0,0.01
2593,500,548.0,29.758,30.854,548,67,0,0.01
2594,500,543.0,32.412,33.498,543,66,0,0.01
2595,500,574.0,31.714,32.862,574,69,0,0.01
2596,291,289.0,28.718213058419245,29.711340206185568,289,38,1,0.01
2597,328,360.0,34.02439024390244,35.1219512195122,360,40,1,0.01
2598,500,555.0,36.086,37.196,555,75,0,0.01
2599,254,283.0,40.173228346456696,41.28740157480315,283,31,1,0.01
2600,500,558.0,30.924,32.04,558,61,0,0.01
2601,500,578.0,39.182,40.338,578,63,0,0.01
2602,388,409.0,32.70360824742268,33.75773195876289,409,54,1,0.01
2603,292,271.0,28.945205479452056,29.873287671232877,271,35,1,0.01
2604,500,547.0,34.942,36.036,547,59,0,0.01
2605,500,575.0,29.878,31.028,575,70,0,0.01
2606,220,222.0,37.086363636363636,38.095454545454544,222,39,1,0.01
2607,217,212.0,33.44239631336406,34.41935483870968,212,31,1,0.01
2608,500,541.0,28.816,29.898,541,73,0,0.01
2609,500,577.0,36.526,37.68,577,71,0,0.01
2610,500,568.0,37.4,38.536,568,71,0,0.01
2611,156,148.0,30.96153846153846,31.91025641025641,148,22,1,0.01
2612,500,573.0,38.536,39.682,573,65,0,0.01
2613,500,539.0,35.806,36.884,539,73,0,0.01
2614,238,239.0,29.592436974789916,30.596638655462186,239,36,1,0.01
2615,178,174.0,37.146067415730336,38.12359550561798,174,21,1,0.01
2616,500,543.0,28.632,29.718,543,66,0,0.01
2617,500,550.0,38.732,39.832,550,61,0,0.01
2618,184,174.0,33.03260869565217,33.97826086956522,174,28,1,0.01
2619,500,543.0,34.264,35.35,543,69,0,0.01
2620,391,415.0,32.9846547314578,34.0460358056266,415,60,1,0.01
2621,500,575.0,35.844,36.994,575,58,0,0.01
2622,333,347.0,33.06006006006006,34.1021021021021,347,39,1,0.01
2623,500,528.0,34.486,35.542,528,68,0,0.01
2624,500,523.0,34.562,35.608,523,76,0,0.01
2625,500,573.0,35.73,36.876,573,64,0,0.01
2626,409,434.0,34.085574572127136,35.14669926650367,434,56,1,0.01
2627,500,547.0,36.216,37.31,547,71,0,0.01
2628,500,542.0,38.998,40.082,542,68,0,0.01
2629,474,502.0,37.37763713080169,38.436708860759495,502,61,1,0.01
2630,259,304.0,36.83011583011583,38.003861003861005,304,34,1,0.01
2631,500,537.0,29.394,30.468,537,69,0,0.01
2632,152,153.0,27.138157894736842,28.144736842105264,153,23,1,0.01
2633,500,561.0,32.49,33.612,561,72,0,0.01
2634,500,509.0,32.716,33.734,509,68,0,0.01
2635,500,547.0,31.364,32.458,547,69,0,0.01
2636,315,318.0,35.853968253968254,36.86349206349206,318,45,1,0.01
2637,235,234.0,26.485106382978724,27.48085106382979,234,28,1,0.01
2638,174,170.0,31.988505747126435,32.96551724137931,170,28,1,0.01
2639,500,557.0,40.44,41.554,557,70,0,0.01
2640,116,104.0,27.29310344827586,28.189655172413794,104,15,1,0.01
2641,288,319.0,43.21527777777778,44.322916666666664,319,42,1,0.01
2642,500,540.0,33.646,34.726,540,58,0,0.01
2643,381,422.0,39.04724409448819,40.15485564304462,422,49,1,0.01
2644,500,557.0,32.384,33.498,557,63,0,0.01
2645,247,261.0,36.80161943319838,37.8582995951417,261,35,1,0.01
2646,371,386.0,32.66307277628032,33.703504043126685,386,48,1,0.01
2647,500,591.0,38.51,39.692,591,71,0,0.01
2648,500,566.0,33.964,35.096,566,61,0,0.01
2649,316,346.0,36.04113924050633,37.13607594936709,346,41,1,0.01
2650,500,605.0,34.866,36.076,605,61,0,0.01
2651,500,582.0,31.428,32.592,582,65,0,0.01
2652,500,568.0,33.92,35.056,568,70,0,0.01
2653,500,547.0,41.674,42.768,547,75,0,0.01
2654,500,564.0,32.156,33.284,564,74,0,0.01
2655,500,588.0,34.668,35.844,588,66,0,0.01
2656,210,196.0,33.4,34.333333333333336,196,31,1,0.01
2657,500,545.0,32.418,33.508,545,67,0,0.01
2658,500,538.0,29.77,30.846,538,70,0,0.01
2659,135,103.0,29.659259259259258,30.42222222222222,103,18,1,0.01
2660,500,585.0,32.4,33.57,585,71,0,0.01
2661,500,549.0,33.484,34.582,549,60,0,0.01
2662,461,514.0,34.11496746203905,35.229934924078094,514,67,1,0.01
2663,500,594.0,34.958,36.146,594,66,0,0.01
2664,500,533.0,28.496,29.562,533,69,0,0.01
2665,261,260.0,33.272030651341,34.26819923371647,260,38,1,0.01
2666,500,557.0,25.378,26.492,557,74,0,0.01
2667,500,585.0,42.768,43.938,585,69,0,0.01
2668,500,554.0,34.226,35.334,554,58,0,0.01
2669,500,559.0,27.758,28.876,559,74,0,0.01
2670,337,358.0,34.3353115727003,35.397626112759646,358,41,1,0.01
2671,500,532.0,24.642,25.706,532,74,0,0.01
2672,500,598.0,33.364,34.56,598,66,0,0.01
2673,237,260.0,37.139240506329116,38.23628691983122,260,39,1,0.01
2674,188,165.0,31.93617021276596,32.81382978723404,165,26,1,0.01
2675,500,564.0,32.216,33.344,564,67,0,0.01
2676,500,578.0,37.918,39.074,578,63,0,0.01
2677,424,461.0,35.306603773584904,36.3938679245283,461,60,1,0.01
2678,321,342.0,33.78504672897196,34.850467289719624,342,47,1,0.01
2679,500,573.0,34.54,35.686,573,66,0,0.01
2680,500,569.0,28.21,29.348,569,70,0,0.01
2681,500,532.0,32.346,33.41,532,64,0,0.01
2682,130,112.0,35.80769230769231,36.66923076923077,112,17,1,0.01
2683,173,166.0,28.739884393063583,29.69942196531792,166,30,1,0.01
2684,500,561.0,41.93,43.052,561,60,0,0.01
2685,500,532.0,35.226,36.29,532,69,0,0.01
2686,439,507.0,31.353075170842825,32.50797266514807,507,58,1,0.01
2687,500,566.0,30.052,31.184,566,69,0,0.01
2688,485,548.0,31.8,32.929896907216495,548,71,1,0.01
2689,287,296.0,31.78397212543554,32.815331010452965,296,35,1,0.01
2690,230,232.0,33.791304347826085,34.8,232,28,1,0.01
2691,500,548.0,33.248,34.344,548,72,0,0.01
2692,500,515.0,26.726,27.756,515,69,0,0.01
2693,343,337.0,34.988338192419825,35.970845481049565,337,37,1,0.01
2694,262,258.0,31.702290076335878,32.68702290076336,258,34,1,0.01
2695,500,525.0,30.748,31.798,525,67,0,0.01
2696,500,572.0,29.074,30.218,572,66,0,0.01
2697,362,336.0,28.295580110497237,29.223756906077348,336,46,1,0.01
2698,283,309.0,36.02826855123675,37.120141342756185,309,36,1,0.01
2699,214,213.0,29.686915887850468,30.682242990654206,213,26,1,0.01
2700,500,547.0,39.896,40.99,547,72,0,0.01
2701,251,244.0,29.50996015936255,30.48207171314741,244,37,1,0.01
2702,500,523.0,31.908,32.954,523,65,0,0.01
2703,497,533.0,31.064386317907445,32.13682092555332,533,75,1,0.01
2704,390,409.0,37.253846153846155,38.302564102564105,409,52,1,0.01
2705,139,106.0,30.928057553956833,31.690647482014388,106,17,1,0.01
2706,272,289.0,36.400735294117645,37.463235294117645,289,37,1,0.01
2707,259,252.0,28.046332046332047,29.01930501930502,252,38,1,0.01
2708,500,562.0,35.742,36.866,562,60,0,0.01
2709,500,556.0,36.958,38.07,556,64,0,0.01
2710,144,132.0,29.77777777777778,30.694444444444443,132,20,1,0.01
2711,500,567.0,34.12,35.254,567,64,0,0.01
2712,500,568.0,32.064,33.2,568,61,0,0.01
2713,275,269.0,33.22909090909091,34.20727272727273,269,39,1,0.01
2714,422,448.0,34.32701421800948,35.388625592417064,448,58,1,0.01
2715,500,550.0,34.492,35.592,550,70,0,0.01
2716,500,570.0,37.39,38.53,570,74,0,0.01
2717,500,578.0,32.8,33.956,578,62,0,0.01
2718,500,563.0,36.58,37.706,563,68,0,0.01
2719,500,572.0,27.886,29.03,572,66,0,0.01
2720,500,578.0,43.306,44.462,578,62,0,0.01
2721,500,548.0,33.364,34.46,548,65,0,0.01
2722,500,575.0,29.216,30.366,575,70,0,0.01
2723,500,577.0,31.17,32.324,577,73,0,0.01
2724,324,349.0,29.820987654320987,30.89814814814815,349,47,1,0.01
2725,500,586.0,31.678,32.85,586,65,0,0.01
2726,500,586.0,40.328,41.5,586,65,0,0.01
2727,500,561.0,29.692,30.814,561,67,0,0.01
2728,500,539.0,28.908,29.986,539,68,0,0.01
2729,500,564.0,34.542,35.67,564,72,0,0.01
2730,500,603.0,37.314,38.52,603,64,0,0.01
2731,202,198.0,39.15841584158416,40.13861386138614,198,25,1,0.01
2732,500,571.0,30.712,31.854,571,68,0,0.01
2733,500,576.0,30.48,31.632,576,69,0,0.01
2734,500,541.0,32.386,33.468,541,64,1,0.01
2735,176,152.0,27.03409090909091,27.897727272727273,152,26,1,0.01
2736,500,584.0,34.874,36.042,584,70,0,0.01
2737,460,482.0,33.03478260869565,34.082608695652176,482,65,1,0.01
2738,500,522.0,35.208,36.252,522,65,0,0.01
2739,500,559.0,28.862,29.98,559,67,0,0.01
2740,270,280.0,35.266666666666666,36.303703703703704,280,32,1,0.01
2741,473,502.0,27.78012684989429,28.841437632135307,502,67,1,0.01
2742,441,491.0,45.99092970521542,47.10430839002267,491,60,1,0.01
2743,292,327.0,35.5,36.61986301369863,327,33,1,0.01
2744,321,354.0,34.86915887850467,35.97196261682243,354,50,1,0.01
2745,500,557.0,35.748,36.862,557,64,0,0.01
2746,500,536.0,31.946,33.018,536,73,0,0.01
2747,173,179.0,34.36416184971098,35.39884393063584,179,23,1,0.01
2748,408,467.0,39.379901960784316,40.52450980392157,467,60,1,0.01
2749,500,543.0,30.692,31.778,543,64,0,0.01
2750,500,573.0,28.226,29.372,573,68,0,0.01
2751,500,583.0,34.086,35.252,583,64,0,0.01
2752,500,498.0,29.17,30.166,498,69,0,0.01
2753,174,159.0,26.03448275862069,26.948275862068964,159,27,1,0.01
2754,500,539.0,35.94,37.018,539,60,0,0.01
2755,181,163.0,30.480662983425415,31.38121546961326,163,20,1,0.01
2756,500,518.0,33.186,34.222,518,71,0,0.01
2757,260,299.0,32.33461538461538,33.48461538461538,299,37,1,0.01
2758,353,373.0,33.521246458923514,34.577903682719544,373,50,1,0.01
2759,177,188.0,34.58757062146893,35.64971751412429,188,27,1,0.01
2760,500,517.0,32.288,33.322,517,62,0,0.01
2761,200,205.0,37.605,38.63,205,23,1,0.01
2762,226,226.0,32.33185840707964,33.33185840707964,226,35,1,0.01
2763,391,427.0,35.19437340153453,36.28644501278772,427,44,1,0.01
2764,330,349.0,35.9,36.95757575757576,349,51,1,0.01
2765,435,467.0,29.50344827586207,30.577011494252872,467,64,1,0.01
2766,425,441.0,37.402352941176474,38.44,441,60,1,0.01
2767,500,553.0,31.776,32.882,553,64,0,0.01
2768,500,571.0,31.326,32.468,571,67,0,0.01
2769,267,291.0,31.082397003745317,32.172284644194754,291,39,1,0.01
2770,321,325.0,32.62305295950156,33.63551401869159,325,48,1,0.01
2771,500,515.0,29.662,30.692,515,69,0,0.01
2772,362,379.0,30.933701657458563,31.980662983425415,379,49,1,0.01
2773,500,598.0,39.192,40.388,598,69,0,0.01
2774,266,240.0,27.477443609022558,28.3796992481203,240,29,1,0.01
2775,469,529.0,35.90618336886994,37.03411513859275,529,60,1,0.01
2776,500,528.0,33.416,34.472,528,58,0,0.01
2777,500,548.0,36.204,37.3,548,58,0,0.01
2778,295,311.0,30.11864406779661,31.172881355932205,311,38,1,0.01
2779,295,317.0,30.72542372881356,31.8,317,41,1,0.01
2780,309,326.0,30.980582524271846,32.03559870550162,326,42,1,0.01
2781,363,403.0,32.42699724517907,33.53719008264463,403,48,1,0.01
2782,365,381.0,34.14520547945205,35.18904109589041,381,50,1,0.01
2783,154,137.0,34.62987012987013,35.51948051948052,137,23,1,0.01
2784,498,491.0,28.395582329317268,29.38152610441767,491,78,1,0.01
2785,500,557.0,31.37,32.484,557,75,0,0.01
2786,115,117.0,35.93043478260869,36.947826086956525,117,18,1,0.01
2787,500,536.0,29.476,30.548,536,63,0,0.01
2788,188,155.0,36.8563829787234,37.680851063829785,155,28,1,0.01
2789,500,558.0,37.276,38.392,558,77,0,0.01
2790,240,245.0,45.075,46.09583333333333,245,35,1,0.01
2791,421,445.0,36.12826603325416,37.18527315914489,445,72,1,0.01
2792,500,562.0,30.108,31.232,562,73,0,0.01
2793,295,320.0,36.9728813559322,38.05762711864407,320,44,1,0.01
2794,500,526.0,35.412,36.464,526,71,0,0.01
2795,148,106.0,33.5945945945946,34.310810810810814,106,16,1,0.01
2796,128,122.0,35.5078125,36.4609375,122,21,1,0.01
2797,416,440.0,33.46634615384615,34.52403846153846,440,69,1,0.01
2798,251,265.0,38.16334661354582,39.21912350597609,265,41,1,0.01
2799,328,363.0,32.16158536585366,33.26829268292683,363,51,1,0.01
2800,500,526.0,36.14,37.192,526,68,0,0.01
2801,500,573.0,39.208,40.354,573,61,0,0.01
2802,314,334.0,41.044585987261144,42.10828025477707,334,41,1,0.01
2803,349,350.0,32.97994269340974,33.98280802292263,350,51,1,0.01
2804,190,187.0,36.48947368421052,37.473684210526315,187,20,1,0.01
2805,215,209.0,31.711627906976744,32.68372093023256,209,34,1,0.01
2806,219,227.0,34.465753424657535,35.50228310502283,227,37,1,0.01
2807,406,398.0,29.50985221674877,30.49014778325123,398,57,1,0.01
2808,500,525.0,34.32,35.37,525,61,0,0.01
2809,484,528.0,37.45661157024794,38.54752066115702,528,68,1,0.01
2810,500,553.0,31.494,32.6,553,69,0,0.01
2811,500,547.0,30.25,31.344,547,69,0,0.01
2812,500,584.0,40.172,41.34,584,69,0,0.01
2813,226,232.0,35.1283185840708,36.15486725663717,232,38,1,0.01
2814,500,591.0,35.378,36.56,591,63,0,0.01
2815,204,150.0,28.794117647058822,29.529411764705884,150,24,1,0.01
2816,500,567.0,26.742,27.876,567,79,0,0.01
2817,243,248.0,48.59670781893004,49.617283950617285,248,36,1,0.01
2818,466,489.0,33.927038626609445,34.97639484978541,489,77,1,0.01
2819,292,305.0,35.31164383561644,36.35616438356164,305,43,1,0.01
2820,492,492.0,26.382113821138212,27.382113821138212,492,68,1,0.01
2821,471,542.0,31.04883227176221,32.19957537154989,542,65,1,0.01
2822,500,552.0,33.734,34.838,552,76,0,0.01
2823,500,539.0,27.83,28.908,539,72,0,0.01
2824,296,305.0,32.875,33.9054054054054,305,39,1,0.01
2825,146,138.0,31.554794520547944,32.5,138,30,1,0.01
2826,500,546.0,29.754,30.846,546,79,0,0.01
2827,500,504.0,29.824,30.832,504,67,0,0.01
2828,328,360.0,34.68292682926829,35.78048780487805,360,52,1,0.01
2829,448,467.0,28.796875,29.839285714285715,467,61,1,0.01
2830,500,540.0,31.518,32.598,540,79,0,0.01
2831,500,546.0,35.13,36.222,546,72,0,0.01
2832,192,189.0,31.854166666666668,32.838541666666664,189,27,1,0.01
2833,123,130.0,30.78048780487805,31.83739837398374,130,22,1,0.01
2834,491,524.0,35.19551934826884,36.26272912423625,524,80,1,0.01
2835,331,376.0,40.37764350453172,41.51359516616314,376,54,1,0.01
2836,490,521.0,34.09183673469388,35.155102040816324,521,64,1,0.01
2837,500,577.0,39.474,40.628,577,69,0,0.01
2838,208,207.0,36.89903846153846,37.89423076923077,207,37,1,0.01
2839,232,238.0,38.72844827586207,39.75431034482759,238,27,1,0.01
2840,485,511.0,34.4659793814433,35.51958762886598,511,68,1,0.01
2841,323,320.0,30.55108359133127,31.541795665634673,320,53,1,0.01
2842,500,533.0,30.792,31.858,533,73,0,0.01
2843,349,351.0,45.18051575931232,46.18624641833811,351,39,1,0.01
2844,500,563.0,33.816,34.942,563,71,0,0.01
2845,500,562.0,40.282,41.406,562,59,0,0.01
2846,419,480.0,35.498806682577566,36.64439140811456,480,56,1,0.01
2847,120,89.0,28.033333333333335,28.775,89,16,1,0.01
2848,457,505.0,32.667396061269145,33.77242888402626,505,69,1,0.01
2849,500,572.0,33.904,35.048,572,61,0,0.01
2850,390,432.0,41.90512820512821,43.01282051282051,432,61,1,0.01
2851,500,570.0,35.0,36.14,570,70,0,0.01
2852,500,573.0,35.2,36.346,573,78,0,0.01
2853,444,522.0,50.08783783783784,51.263513513513516,522,58,1,0.01
2854,261,297.0,36.8007662835249,37.93869731800766,297,43,1,0.01
2855,500,577.0,35.398,36.552,577,74,0,0.01
2856,159,138.0,41.37106918238994,42.23899371069182,138,16,1,0.01
2857,335,324.0,34.33731343283582,35.3044776119403,324,39,1,0.01
2858,257,269.0,30.20622568093385,31.252918287937742,269,32,1,0.01
2859,500,570.0,29.262,30.402,570,71,0,0.01
2860,500,536.0,34.224,35.296,536,65,0,0.01
2861,500,560.0,37.988,39.108,560,75,0,0.01
2862,500,530.0,25.75,26.81,530,69,0,0.01
2863,147,109.0,29.08843537414966,29.829931972789115,109,15,1,0.01
2864,233,235.0,31.84549356223176,32.85407725321888,235,33,1,0.01
2865,500,592.0,33.272,34.456,592,68,0,0.01
2866,177,160.0,27.1864406779661,28.09039548022599,160,24,1,0.01
2867,500,540.0,35.218,36.298,540,78,0,0.01
2868,500,557.0,31.796,32.91,557,66,0,0.01
2869,500,530.0,27.966,29.026,530,72,0,0.01
2870,500,548.0,29.524,30.62,548,66,0,0.01
2871,500,598.0,38.234,39.43,598,66,0,0.01
2872,500,570.0,31.036,32.176,570,67,0,0.01
2873,500,567.0,30.596,31.73,567,69,0,0.01
2874,405,437.0,35.614814814814814,36.693827160493825,437,58,1,0.01
2875,500,560.0,28.96,30.08,560,75,0,0.01
2876,500,584.0,36.576,37.744,584,63,0,0.01
2877,138,111.0,28.471014492753625,29.27536231884058,111,16,1,0.01
2878,199,156.0,23.502512562814072,24.28643216080402,156,22,1,0.01
2879,179,123.0,35.324022346368714,36.01117318435754,123,19,1,0.01
2880,188,149.0,38.91489361702128,39.70744680851064,149,19,1,0.01
2881,311,336.0,35.61414790996785,36.69453376205788,336,43,1,0.01
2882,500,548.0,28.538,29.634,548,70,0,0.01
2883,500,573.0,31.41,32.556,573,71,0,0.01
2884,500,597.0,33.116,34.31,597,67,0,0.01
2885,339,375.0,36.73451327433628,37.84070796460177,375,50,1,0.01
2886,248,223.0,36.725806451612904,37.625,223,29,1,0.01
2887,500,570.0,32.48,33.62,570,67,0,0.01
2888,500,537.0,33.036,34.11,537,56,0,0.01
2889,500,539.0,34.116,35.194,539,72,0,0.01
2890,500,583.0,33.462,34.628,583,66,0,0.01
2891,500,561.0,35.118,36.24,561,59,0,0.01
2892,144,71.0,44.583333333333336,45.076388888888886,71,7,1,0.01
2893,500,553.0,33.088,34.194,553,72,0,0.01
2894,500,558.0,26.06,27.176,558,74,0,0.01
2895,500,586.0,29.144,30.316,586,71,0,0.01
2896,297,341.0,29.62962962962963,30.77777777777778,341,45,1,0.01
2897,500,532.0,28.156,29.22,532,69,0,0.01
2898,500,592.0,33.496,34.68,592,78,0,0.01
2899,214,192.0,33.14018691588785,34.03738317757009,192,33,1,0.01
2900,500,578.0,40.29,41.446,578,65,0,0.01
2901,103,79.0,28.07766990291262,28.844660194174757,79,15,1,0.01
2902,500,559.0,33.214,34.332,559,83,0,0.01
2903,278,298.0,29.093525179856115,30.165467625899282,298,41,1,0.01
2904,500,550.0,32.914,34.014,550,69,0,0.01
2905,296,294.0,36.185810810810814,37.179054054054056,294,44,1,0.01
2906,210,200.0,35.82380952380952,36.77619047619048,200,32,1,0.01
2907,500,533.0,26.758,27.824,533,65,0,0.01
2908,237,251.0,30.362869198312236,31.421940928270043,251,32,1,0.01
2909,500,559.0,32.448,33.566,559,74,0,0.01
2910,130,101.0,33.88461538461539,34.66153846153846,101,18,1,0.01
2911,269,267.0,33.47211895910781,34.46468401486989,267,40,1,0.01
2912,500,554.0,29.37,30.478,554,74,0,0.01
2913,248,248.0,38.899193548387096,39.899193548387096,248,34,1,0.01
2914,446,514.0,35.04035874439462,36.19282511210762,514,63,1,0.01
2915,171,80.0,41.19298245614035,41.66081871345029,80,11,1,0.01
2916,500,538.0,29.022,30.098,538,77,0,0.01
2917,500,598.0,35.072,36.268,598,76,0,0.01
2918,500,583.0,36.466,37.632,583,71,0,0.01
2919,500,525.0,31.466,32.516,525,68,0,0.01
2920,321,344.0,32.07165109034268,33.14330218068536,344,43,1,0.01
2921,500,596.0,29.412,30.604,596,72,0,0.01
2922,500,573.0,30.016,31.162,573,70,0,0.01
2923,500,503.0,29.996,31.002,503,69,0,0.01
2924,500,546.0,27.646,28.738,546,65,0,0.01
2925,117,92.0,30.53846153846154,31.324786324786324,92,19,1,0.01
2926,500,543.0,34.176,35.262,543,66,0,0.01
2927,338,349.0,31.633136094674555,32.66568047337278,349,57,1,0.01
2928,376,330.0,41.523936170212764,42.401595744680854,330,36,1,0.01
2929,500,525.0,29.658,30.708,525,76,0,0.01
2930,500,561.0,33.83,34.952,561,71,0,0.01
2931,500,535.0,29.106,30.176,535,73,0,0.01
2932,500,560.0,31.51,32.63,560,72,0,0.01
2933,500,534.0,29.454,30.522,534,70,0,0.01
2934,500,592.0,32.42,33.604,592,74,0,0.01
2935,500,573.0,40.742,41.888,573,71,0,0.01
2936,500,584.0,30.66,31.828,584,63,0,0.01
2937,500,553.0,30.372,31.478,553,65,0,0.01
2938,500,586.0,29.388,30.56,586,68,0,0.01
2939,500,563.0,29.29,30.416,563,70,0,0.01
2940,500,538.0,28.76,29.836,538,75,0,0.01
2941,500,578.0,36.848,38.004,578,75,0,0.01
2942,214,206.0,28.738317757009344,29.700934579439252,206,34,1,0.01
2943,325,355.0,34.97846153846154,36.07076923076923,355,49,1,0.01
2944,229,237.0,33.6768558951965,34.7117903930131,237,28,1,0.01
2945,415,443.0,37.26024096385542,38.327710843373495,443,56,1,0.01
2946,500,557.0,31.714,32.828,557,75,0,0.01
2947,431,506.0,42.582366589327144,43.756380510440835,506,63,1,0.01
2948,424,455.0,28.474056603773583,29.547169811320753,455,67,1,0.01
2949,351,398.0,31.82336182336182,32.957264957264954,398,58,1,0.01
2950,500,577.0,37.536,38.69,577,70,0,0.01
2951,500,561.0,28.194,29.316,561,80,0,0.01
2952,500,546.0,26.118,27.21,546,75,0,0.01
2953,231,208.0,39.2034632034632,40.103896103896105,208,33,1,0.01
2954,334,334.0,38.26047904191617,39.26047904191617,334,35,1,0.01
2955,500,566.0,33.964,35.096,566,77,0,0.01
2956,500,551.0,31.79,32.892,551,78,0,0.01
2957,500,532.0,35.358,36.422,532,68,0,0.01
2958,500,558.0,33.244,34.36,558,73,0,0.01
2959,465,497.0,38.873118279569894,39.94193548387097,497,63,1,0.01
2960,153,105.0,34.04575163398693,34.73202614379085,105,13,1,0.01
2961,500,544.0,32.772,33.86,544,67,0,0.01
2962,500,549.0,30.53,31.628,549,71,0,0.01
2963,339,368.0,28.68731563421829,29.772861356932154,368,45,1,0.01
2964,204,175.0,33.05392156862745,33.911764705882355,175,22,1,0.01
2965,500,552.0,32.466,33.57,552,64,0,0.01
2966,500,543.0,26.542,27.628,543,67,0,0.01
2967,500,604.0,28.868,30.076,604,71,0,0.01
2968,500,559.0,27.592,28.71,559,72,0,0.01
2969,383,410.0,32.407310704960835,33.47780678851175,410,53,1,0.01
2970,500,529.0,23.57,24.628,529,76,0,0.01
2971,500,564.0,27.71,28.838,564,71,0,0.01
2972,500,568.0,29.366,30.502,568,62,0,0.01
2973,500,568.0,37.17,38.306,568,72,0,0.01
2974,434,475.0,27.43548387096774,28.52995391705069,475,65,1,0.01
2975,187,204.0,29.41711229946524,30.50802139037433,204,28,1,0.01
2976,500,540.0,28.964,30.044,540,72,0,0.01
2977,500,537.0,33.174,34.248,537,70,0,0.01
2978,500,552.0,28.642,29.746,552,74,0,0.01
2979,500,587.0,32.156,33.33,587,74,0,0.01
2980,500,594.0,32.522,33.71,594,76,0,0.01
2981,267,274.0,33.0749063670412,34.10112359550562,274,43,1,0.01
2982,425,441.0,32.95529411764706,33.99294117647059,441,67,1,0.01
2983,500,545.0,35.936,37.026,545,71,0,0.01
2984,500,571.0,36.706,37.848,571,80,0,0.01
2985,500,540.0,29.826,30.906,540,64,0,0.01
2986,463,541.0,31.673866090712743,32.84233261339093,541,61,1,0.01
2987,500,544.0,28.336,29.424,544,78,0,0.01
2988,500,545.0,31.918,33.008,545,74,0,0.01
2989,500,554.0,34.178,35.286,554,65,0,0.01
2990,345,361.0,33.484057971014494,34.530434782608694,361,53,1,0.01
2991,500,558.0,27.976,29.092,558,67,0,0.01
2992,500,573.0,28.772,29.918,573,70,0,0.01
2993,287,331.0,33.606271777003485,34.7595818815331,331,38,1,0.01
2994,500,537.0,26.432,27.506,537,70,0,0.01
2995,500,597.0,39.474,40.668,597,68,0,0.01
2996,386,436.0,34.704663212435236,35.83419689119171,436,56,1,0.01
2997,500,565.0,31.946,33.076,565,74,0,0.01
2998,500,555.0,29.218,30.328,555,70,0,0.01
2999,172,168.0,31.203488372093023,32.18023255813954,168,27,1,0.01
3000,500,561.0,36.662,37.784,561,64,0,0.01
