episode,steps,cumulative_reward,average_queue_length,average_waiting_time,total_throughput,phase_switches,overflow_count,epsilon
1,120,-121.0,60.025,60.21666666666667,23,54,1,1.0
2,160,-139.0,68.3625,68.7,54,65,1,0.995
3,129,-124.0,63.72868217054263,63.96124031007752,30,57,1,0.990025
4,128,-133.0,70.7265625,70.9921875,34,55,1,0.985074875
5,145,-136.0,59.63448275862069,59.88275862068966,36,63,1,0.9801495006250001
6,144,-148.0,71.22916666666667,71.49305555555556,38,63,1,0.9752487531218751
7,160,-140.0,73.6875,73.9625,44,69,1,0.9703725093562657
8,166,-132.0,75.90963855421687,76.1867469879518,46,72,1,0.9655206468094844
9,186,-146.0,76.93548387096774,77.25268817204301,59,78,1,0.960693043575437
10,132,-120.0,61.36363636363637,61.68939393939394,43,55,1,0.9558895783575597
11,162,-118.0,63.72222222222222,64.0925925925926,60,65,1,0.9511101304657719
12,141,-126.0,61.90070921985816,62.205673758865245,43,58,1,0.946354579813443
13,110,-91.0,46.40909090909091,46.845454545454544,48,43,1,0.9416228069143757
14,147,-142.0,65.44897959183673,65.71428571428571,39,63,1,0.9369146928798039
15,161,-103.0,51.546583850931675,51.94409937888199,64,65,1,0.9322301194154049
16,162,-142.0,70.10493827160494,70.5,64,64,1,0.9275689688183278
17,148,-133.0,70.22297297297297,70.49324324324324,40,63,1,0.9229311239742362
18,153,-139.0,71.45098039215686,71.69934640522875,38,67,1,0.918316468354365
19,126,-123.0,66.81746031746032,67.19047619047619,47,51,1,0.9137248860125932
20,100,-98.0,51.92,52.16,24,43,1,0.9091562615825302
21,135,-129.0,62.97037037037037,63.24444444444445,37,58,1,0.9046104802746175
22,160,-143.0,67.525,67.8875,58,65,1,0.9000874278732445
23,129,-117.0,65.75193798449612,66.0077519379845,33,56,1,0.8955869907338783
24,116,-116.0,60.73275862068966,60.96551724137931,27,51,1,0.8911090557802088
25,139,-131.0,58.82014388489208,59.15827338129496,47,58,1,0.8866535105013078
26,156,-128.0,63.01282051282051,63.37179487179487,56,64,1,0.8822202429488013
27,137,-133.0,66.4014598540146,66.64963503649635,34,58,1,0.8778091417340573
28,111,-114.0,51.630630630630634,51.909909909909906,31,48,1,0.8734200960253871
29,120,-110.0,57.35,57.65833333333333,37,50,1,0.8690529955452602
30,140,-111.0,54.47142857142857,54.83571428571429,51,57,1,0.8647077305675338
31,145,-114.0,60.179310344827584,60.60689655172414,62,56,1,0.8603841919146962
32,126,-107.0,53.41269841269841,53.785714285714285,47,51,1,0.8560822709551227
33,155,-124.0,61.54838709677419,61.92258064516129,58,62,1,0.851801859600347
34,141,-124.0,65.04964539007092,65.43971631205673,55,56,1,0.8475428503023453
35,112,-96.0,48.38392857142857,48.74107142857143,40,46,1,0.8433051360508336
36,171,-141.0,79.66666666666667,80.11111111111111,76,67,1,0.8390886103705794
37,150,-95.0,49.79333333333334,50.39333333333333,90,51,1,0.8348931673187264
38,138,-106.0,58.927536231884055,59.289855072463766,50,56,1,0.8307187014821328
39,156,-114.0,64.14102564102564,64.62179487179488,75,58,1,0.8265651079747222
40,174,-135.0,66.09770114942529,66.47126436781609,65,69,1,0.8224322824348486
41,158,-125.0,68.44303797468355,68.89873417721519,72,61,1,0.8183201210226743
42,169,-107.0,57.9112426035503,58.319526627218934,69,66,1,0.8142285204175609
43,141,-132.0,62.702127659574465,63.09929078014184,56,56,1,0.810157377815473
44,159,-141.0,74.22641509433963,74.66666666666667,70,61,1,0.8061065909263957
45,103,-96.0,49.44660194174757,49.80582524271845,37,41,1,0.8020760579717637
46,165,-112.0,58.15151515151515,58.49090909090909,56,68,1,0.798065677681905
47,155,-105.0,54.10967741935484,54.619354838709675,79,57,1,0.7940753492934954
48,125,-140.0,68.32,68.584,33,53,1,0.7901049725470279
49,171,-128.0,66.21052631578948,66.76023391812865,94,62,1,0.7861544476842928
50,177,-111.0,56.59887005649718,57.090395480225986,87,66,1,0.7822236754458713
51,163,-109.0,64.0122699386503,64.51533742331289,82,60,1,0.778312557068642
52,166,-130.0,65.40361445783132,65.83734939759036,72,65,1,0.7744209942832988
53,165,-133.0,67.61818181818182,68.14545454545454,87,60,1,0.7705488893118823
54,136,-110.0,58.49264705882353,58.85294117647059,49,55,1,0.7666961448653229
55,132,-104.0,60.25,60.70454545454545,60,51,1,0.7628626641409962
56,143,-119.0,61.87412587412587,62.32867132867133,65,54,1,0.7590483508202912
57,161,-133.0,76.33540372670808,76.7639751552795,69,63,1,0.7552531090661897
58,113,-101.0,49.415929203539825,49.85840707964602,50,44,1,0.7514768435208588
59,150,-107.0,59.22666666666667,59.72666666666667,75,56,1,0.7477194593032545
60,120,-89.0,45.516666666666666,46.00833333333333,59,45,1,0.7439808620067382
61,127,-110.0,59.44094488188976,59.881889763779526,56,50,1,0.7402609576967045
62,165,-119.0,57.85454545454545,58.31515151515151,76,63,1,0.736559652908221
63,153,-106.0,55.78431372549019,56.254901960784316,72,58,1,0.7328768546436799
64,176,-111.0,57.86363636363637,58.32386363636363,81,67,1,0.7292124703704616
65,141,-110.0,50.38297872340426,50.95744680851064,81,49,1,0.7255664080186093
66,153,-111.0,60.51633986928105,61.02614379084967,78,57,1,0.7219385759785162
67,175,-101.0,54.76,55.32,98,63,1,0.7183288830986236
68,177,-107.0,57.5819209039548,58.186440677966104,107,61,1,0.7147372386831305
69,152,-112.0,61.1578947368421,61.578947368421055,64,59,1,0.7111635524897149
70,159,-83.0,48.106918238993714,48.672955974842765,90,57,1,0.7076077347272662
71,135,-107.0,54.37777777777778,54.82222222222222,60,51,1,0.7040696960536299
72,112,-99.0,51.785714285714285,52.089285714285715,34,46,1,0.7005493475733617
73,174,-111.0,57.38505747126437,57.93103448275862,95,62,1,0.697046600835495
74,177,-114.0,63.94915254237288,64.48022598870057,94,64,1,0.6935613678313175
75,249,-120.0,67.47389558232932,68.12048192771084,161,84,1,0.6900935609921609
76,192,-123.0,62.864583333333336,63.46875,116,66,1,0.6866430931872001
77,135,-85.0,45.68888888888889,46.37777777777778,93,44,1,0.6832098777212641
78,114,-84.0,44.62280701754386,45.09649122807018,54,42,1,0.6797938283326578
79,192,-99.0,49.916666666666664,50.479166666666664,108,68,1,0.6763948591909945
80,118,-78.0,43.898305084745765,44.42372881355932,62,43,1,0.6730128848950395
81,284,-126.0,62.66197183098591,63.26056338028169,170,99,1,0.6696478204705644
82,199,-135.0,69.49748743718592,70.03015075376885,106,73,1,0.6662995813682115
83,162,-112.0,58.46296296296296,58.95679012345679,80,59,1,0.6629680834613705
84,169,-124.0,64.59171597633136,65.13609467455622,92,61,1,0.6596532430440636
85,153,-133.0,69.3529411764706,69.88235294117646,81,56,1,0.6563549768288433
86,216,-126.0,73.375,73.95370370370371,125,76,1,0.653073201944699
87,175,-115.0,62.668571428571425,63.21714285714286,96,63,1,0.6498078359349755
88,173,-140.0,69.73988439306359,70.28901734104046,95,63,1,0.6465587967553006
89,147,-99.0,47.63945578231292,48.12925170068027,72,49,1,0.6433260027715241
90,169,-101.0,59.50295857988166,60.082840236686394,98,58,1,0.6401093727576664
91,114,-100.0,52.60526315789474,53.08771929824562,55,43,1,0.6369088258938781
92,145,-116.0,62.241379310344826,62.827586206896555,85,50,1,0.6337242817644086
93,150,-106.0,56.32,56.906666666666666,88,52,1,0.6305556603555866
94,216,-105.0,60.06018518518518,60.717592592592595,142,72,1,0.6274028820538087
95,133,-94.0,47.8796992481203,48.30075187969925,56,51,1,0.6242658676435396
96,139,-93.0,46.78417266187051,47.30935251798561,73,50,1,0.6211445383053219
97,132,-92.0,45.35606060606061,45.88636363636363,70,41,1,0.6180388156137953
98,201,-114.0,62.35820895522388,62.95522388059702,120,69,1,0.6149486215357263
99,159,-90.0,53.65408805031446,54.276729559748425,99,52,1,0.6118738784280476
100,136,-90.0,49.24264705882353,49.786764705882355,74,48,1,0.6088145090359074
101,160,-120.0,63.94375,64.55,97,56,1,0.6057704364907278
102,125,-95.0,42.68,43.16,60,44,1,0.6027415843082742
103,166,-126.0,62.2289156626506,62.8433734939759,102,56,1,0.5997278763867329
104,168,-101.0,48.898809523809526,49.55357142857143,110,56,1,0.5967292370047992
105,154,-109.0,58.357142857142854,58.83116883116883,73,53,1,0.5937455908197752
106,147,-98.0,54.82312925170068,55.40816326530612,86,49,1,0.5907768628656763
107,156,-94.0,58.23076923076923,58.86538461538461,99,50,1,0.5878229785513479
108,146,-91.0,44.75342465753425,45.21232876712329,67,55,1,0.5848838636585911
109,241,-104.0,60.10373443983403,60.79253112033195,166,76,1,0.5819594443402982
110,192,-113.0,58.619791666666664,59.302083333333336,131,60,1,0.5790496471185967
111,217,-107.0,60.07373271889401,60.73732718894009,144,71,1,0.5761543988830038
112,184,-126.0,73.5054347826087,74.11413043478261,112,63,1,0.5732736268885887
113,217,-109.0,62.79723502304147,63.45161290322581,142,72,1,0.5704072587541458
114,200,-122.0,61.03,61.635,121,68,1,0.567555222460375
115,237,-119.0,64.67510548523207,65.37552742616033,166,76,1,0.5647174463480732
116,142,-121.0,61.556338028169016,62.13380281690141,82,50,1,0.5618938591163328
117,236,-111.0,73.57203389830508,74.19491525423729,147,80,1,0.5590843898207511
118,202,-102.0,53.39108910891089,54.103960396039604,144,62,1,0.5562889678716474
119,195,-101.0,55.61025641025641,56.343589743589746,143,60,1,0.5535075230322891
120,204,-115.0,61.28431372549019,62.03431372549019,153,60,1,0.5507399854171277
121,122,-83.0,35.959016393442624,36.459016393442624,61,41,1,0.547986285490042
122,130,-81.0,43.33846153846154,43.90769230769231,74,42,1,0.5452463540625918
123,167,-100.0,53.035928143712574,53.634730538922156,100,58,1,0.5425201222922789
124,196,-87.0,52.035714285714285,52.75,140,61,1,0.5398075216808175
125,391,-108.0,63.02557544757033,63.849104859335036,322,114,1,0.5371084840724134
126,185,-109.0,55.4,56.09189189189189,128,60,1,0.5344229416520513
127,195,-103.0,53.38974358974359,54.11794871794872,142,58,1,0.531750826943791
128,163,-102.0,53.533742331288344,54.16564417177914,103,54,1,0.5290920728090721
129,180,-87.0,41.26111111111111,41.888888888888886,113,56,1,0.5264466124450268
130,246,-109.0,58.00406504065041,58.69512195121951,170,80,1,0.5238143793828016
131,194,-116.0,64.98969072164948,65.72164948453609,142,58,1,0.5211953074858876
132,155,-101.0,57.58064516129032,58.193548387096776,95,53,1,0.5185893309484582
133,238,-93.0,51.80252100840336,52.53361344537815,174,72,1,0.5159963842937159
134,167,-71.0,45.91017964071856,46.64071856287425,122,46,1,0.5134164023722473
135,203,-63.0,39.75369458128079,40.566502463054185,165,55,1,0.510849320360386
136,232,-93.0,58.68103448275862,59.375,161,69,1,0.5082950737585841
137,300,-107.0,60.93333333333333,61.763333333333335,249,85,1,0.5057535983897912
138,345,-113.0,65.78550724637681,66.62898550724638,291,98,1,0.5032248303978422
139,252,-98.0,52.361111111111114,53.107142857142854,188,72,1,0.500708706245853
140,116,-87.0,45.78448275862069,46.293103448275865,59,40,1,0.4982051627146237
141,176,-85.0,40.34090909090909,41.125,138,49,1,0.49571413690105054
142,248,-121.0,67.0524193548387,67.71774193548387,165,82,1,0.4932355662165453
143,260,-102.0,56.81153846153846,57.526923076923076,186,79,1,0.4907693883854626
144,153,-77.0,53.77124183006536,54.44444444444444,103,50,1,0.4883155414435353
145,276,-97.0,57.53623188405797,58.43478260869565,248,75,1,0.4858739637363176
146,184,-83.0,47.5,48.19565217391305,128,56,1,0.483444593917636
147,133,-84.0,39.07518796992481,39.68421052631579,81,44,1,0.4810273709480478
148,281,-90.0,56.69039145907473,57.4661921708185,218,83,1,0.47862223409330756
149,300,-110.0,63.46333333333333,64.33666666666667,262,83,1,0.47622912292284103
150,223,-95.0,51.98654708520179,52.7847533632287,178,65,1,0.4738479773082268
151,175,-83.0,50.04571428571428,50.84571428571429,140,49,1,0.47147873742168567
152,263,-114.0,60.870722433460074,61.71102661596958,221,75,1,0.46912134373457726
153,224,-80.0,56.513392857142854,57.392857142857146,197,59,1,0.46677573701590436
154,274,-101.0,44.82846715328467,45.59124087591241,209,84,1,0.46444185833082485
155,224,-99.0,60.88392857142857,61.58482142857143,157,70,1,0.46211964903917074
156,130,-68.0,39.47692307692308,40.207692307692305,95,35,1,0.4598090507939749
157,214,-117.0,60.228971962616825,60.94859813084112,154,67,1,0.457510005540005
158,168,-81.0,48.79761904761905,49.56547619047619,129,47,1,0.45522245551230495
159,163,-70.0,39.65644171779141,40.466257668711656,132,44,1,0.4529463432347434
160,385,-85.0,65.58701298701298,66.47272727272727,341,104,1,0.4506816115185697
161,335,-75.0,47.75820895522388,48.68358208955224,310,83,1,0.4484282034609769
162,235,-103.0,50.229787234042554,50.9531914893617,170,73,1,0.446186062443672
163,197,-82.0,50.3248730964467,51.18274111675127,169,52,1,0.4439551321314536
164,233,-99.0,55.05579399141631,55.836909871244636,182,64,1,0.4417353564707963
165,289,-90.0,46.75432525951557,47.68166089965398,268,74,1,0.43952667968844233
166,132,-84.0,42.0,42.696969696969695,92,38,1,0.43732904629000013
167,136,-67.0,41.279411764705884,41.94117647058823,90,42,1,0.4351424010585501
168,193,-67.0,52.21243523316062,53.12435233160622,176,50,1,0.43296668905325736
169,128,-90.0,50.796875,51.53125,94,35,1,0.43080185560799106
170,356,-96.0,46.5252808988764,47.418539325842694,318,95,1,0.4286478463299511
171,236,-93.0,56.03813559322034,56.936440677966104,212,59,1,0.42650460709830135
172,150,-87.0,54.85333333333333,55.68666666666667,125,42,1,0.42437208406280985
173,235,-65.0,52.22127659574468,53.08510638297872,203,63,1,0.4222502236424958
174,222,-84.0,60.02252252252252,60.78378378378378,169,62,1,0.42013897252428334
175,316,-79.0,53.65506329113924,54.585443037974684,294,74,1,0.4180382776616619
176,188,-63.0,46.462765957446805,47.3031914893617,158,51,1,0.4159480862733536
177,438,-101.0,59.84018264840183,60.721461187214615,386,121,1,0.41386834584198684
178,231,-70.0,56.72727272727273,57.64935064935065,213,58,1,0.4117990041127769
179,189,-81.0,48.55026455026455,49.301587301587304,142,57,1,0.40974000909221303
180,149,-88.0,45.18120805369127,45.738255033557046,83,51,1,0.40769130904675194
181,398,-96.0,59.26381909547739,60.165829145728644,359,100,1,0.40565285250151817
182,398,-91.0,61.26381909547739,62.21105527638191,377,98,1,0.4036245882390106
183,189,-94.0,58.60846560846561,59.285714285714285,128,60,1,0.4016064652978155
184,218,-84.0,49.059633027522935,49.87614678899082,178,61,1,0.3995984329713264
185,322,-99.0,57.83540372670807,58.76086956521739,298,79,1,0.3976004408064698
186,279,-79.0,49.659498207885306,50.562724014336915,252,72,1,0.39561243860243744
187,294,-76.0,47.6530612244898,48.642857142857146,291,68,1,0.3936343764094253
188,161,-92.0,56.04347826086956,56.807453416149066,123,49,1,0.39166620452737816
189,289,-89.0,55.141868512110726,56.09688581314879,276,72,1,0.3897078735047413
190,256,-77.0,50.87109375,51.7734375,231,68,1,0.3877593341372176
191,350,-96.0,55.214285714285715,56.18,338,83,1,0.3858205374665315
192,331,-97.0,64.92749244712991,65.89425981873111,320,85,1,0.38389143477919885
193,170,-75.0,43.976470588235294,44.794117647058826,139,43,1,0.3819719776053028
194,143,-65.0,42.09090909090909,42.90909090909091,117,38,1,0.3800621177172763
195,184,-79.0,41.05434782608695,41.83152173913044,143,50,1,0.37816180712868996
196,314,-78.0,49.289808917197455,50.17197452229299,277,84,1,0.37627099809304654
197,235,-83.0,56.353191489361706,57.30212765957447,223,58,1,0.3743896431025813
198,232,-102.0,52.133620689655174,52.85344827586207,167,67,1,0.37251769488706843
199,368,-92.0,56.80978260869565,57.80163043478261,365,87,1,0.3706551064126331
200,331,-71.0,49.21450151057402,50.15407854984894,311,86,1,0.36880183088056995
201,228,-78.0,47.31140350877193,48.1578947368421,193,60,1,0.3669578217261671
202,103,-75.0,36.728155339805824,37.28155339805825,57,33,1,0.36512303261753626
203,264,-69.0,47.80681818181818,48.75,249,66,1,0.3632974174544486
204,246,-68.0,36.96747967479675,37.91056910569106,232,60,1,0.3614809303671764
205,342,-91.0,56.41812865497076,57.333333333333336,313,89,1,0.3596735257153405
206,184,-79.0,37.08152173913044,37.83695652173913,139,47,1,0.3578751580867638
207,389,-66.0,52.30077120822622,53.239074550128535,365,92,1,0.35608578229633
208,187,-97.0,53.97860962566845,54.80748663101604,155,50,1,0.3543053533848483
209,338,-95.0,56.00295857988166,56.90236686390533,304,89,1,0.35253382661792404
210,232,-86.0,48.65948275862069,49.543103448275865,205,58,1,0.3507711574848344
211,203,-68.0,41.97536945812808,43.0,208,46,1,0.34901730169741024
212,387,-76.0,45.11886304909561,46.00516795865633,343,95,1,0.3472722151889232
213,148,-64.0,35.86486486486486,36.75675675675676,132,36,1,0.3455358541129786
214,500,-108.0,51.302,52.254,476,123,0,0.3438081748424137
215,142,-79.0,42.971830985915496,43.732394366197184,108,37,1,0.3420891339682016
216,349,-59.0,37.6676217765043,38.56733524355301,314,86,1,0.3403786882983606
217,250,-90.0,46.136,47.032,224,62,1,0.3386767948568688
218,295,-85.0,56.0,56.94237288135593,278,68,1,0.33698341088258443
219,207,-72.0,42.45893719806763,43.265700483091784,167,44,1,0.3352984938281715
220,268,-82.0,45.257462686567166,46.29477611940298,278,61,1,0.33362200135903064
221,152,-78.0,45.328947368421055,46.13815789473684,123,42,1,0.33195389135223546
222,215,-53.0,37.032558139534885,37.925581395348836,192,54,1,0.3302941218954743
223,326,-76.0,47.03680981595092,48.04907975460123,330,72,1,0.32864265128599696
224,366,-79.0,49.04644808743169,49.99726775956284,348,84,1,0.326999438029567
225,241,-89.0,54.17427385892116,55.087136929460584,220,61,1,0.3253644408394192
226,303,-86.0,45.508250825082506,46.43234323432343,280,64,1,0.3237376186352221
227,201,-89.0,49.30348258706468,50.208955223880594,182,47,1,0.322118930542046
228,126,-83.0,45.15079365079365,45.95238095238095,101,28,1,0.32050833588933575
229,123,-50.0,28.88617886178862,29.658536585365855,95,34,1,0.31890579420988907
230,260,-71.0,43.45384615384615,44.36538461538461,237,61,1,0.3173112652388396
231,449,-72.0,53.510022271714924,54.55679287305122,470,100,1,0.3157247089126454
232,147,-72.0,41.666666666666664,42.38095238095238,105,34,1,0.3141460853680822
233,233,-69.0,49.44206008583691,50.33905579399141,209,52,1,0.3125753549412418
234,217,-73.0,41.20276497695853,41.99078341013825,171,52,1,0.31101247816653554
235,183,-55.0,32.63387978142077,33.46994535519126,153,43,1,0.30945741577570285
236,218,-73.0,46.29816513761468,47.13302752293578,182,53,1,0.3079101286968243
237,192,-59.0,39.5625,40.526041666666664,185,42,1,0.3063705780533402
238,220,-69.0,36.413636363636364,37.25,184,54,1,0.30483872516307353
239,464,-81.0,46.23706896551724,47.29094827586207,489,97,1,0.3033145315372582
240,500,-70.0,47.168,48.214,523,111,0,0.3017979588795719
241,500,-80.0,44.31,45.342,516,104,0,0.30028896908517405
242,493,-83.0,53.324543610547664,54.36105476673428,511,106,1,0.2987875242397482
243,443,-83.0,56.42212189616253,57.46726862302483,463,93,1,0.29729358661854943
244,141,-63.0,36.36879432624114,37.248226950354606,124,32,1,0.29580711868545667
245,152,-56.0,44.69078947368421,45.48026315789474,120,34,1,0.2943280830920294
246,500,-67.0,53.55,54.65,550,99,0,0.29285644267656924
247,106,-67.0,42.5188679245283,43.339622641509436,87,26,1,0.2913921604631864
248,428,-90.0,55.28504672897196,56.28738317757009,429,89,1,0.28993519966087045
249,500,-76.0,50.846,51.932,543,97,0,0.2884855236625661
250,402,-68.0,41.51243781094527,42.50248756218905,398,87,1,0.28704309604425327
251,399,-65.0,52.96992481203007,54.00250626566416,412,83,1,0.285607880564032
252,500,-85.0,46.33,47.33,500,108,0,0.28417984116121187
253,156,-73.0,42.62179487179487,43.40384615384615,122,40,1,0.2827589419554058
254,215,-64.0,35.73953488372093,36.6,185,41,1,0.28134514724562876
255,170,-60.0,28.8,29.570588235294117,131,43,1,0.2799384215094006
256,500,-54.0,39.496,40.506,505,104,0,0.27853872940185365
257,127,-81.0,44.267716535433074,45.01574803149607,95,35,1,0.27714603575484437
258,378,-98.0,54.27248677248677,55.24338624338624,367,86,1,0.2757603055760701
259,482,-85.0,45.634854771784234,46.64730290456431,488,106,1,0.2743815040481898
260,307,-80.0,54.33224755700326,55.36156351791531,316,65,1,0.2730095965279488
261,203,-53.0,29.285714285714285,30.211822660098523,188,42,1,0.27164454854530906
262,500,-73.0,51.33,52.318,494,101,0,0.2702863258025825
263,383,-68.0,39.882506527415146,40.86161879895561,375,83,1,0.2689348941735696
264,449,-79.0,36.40534521158129,37.363028953229396,430,106,1,0.26759021970270175
265,487,-62.0,41.544147843942504,42.53593429158111,483,101,1,0.2662522686041882
266,376,-67.0,38.99202127659574,39.97074468085106,368,75,1,0.2649210072611673
267,184,-73.0,45.65760869565217,46.57608695652174,169,48,1,0.26359640222486147
268,500,-49.0,38.812,39.854,521,100,0,0.26227842021373715
269,266,-72.0,41.53007518796993,42.462406015037594,248,62,1,0.2609670281126685
270,500,-49.0,32.87,33.93,530,102,0,0.25966219297210513
271,259,-79.0,37.91119691119691,38.79150579150579,228,62,1,0.2583638820072446
272,143,-54.0,35.41958041958042,36.31468531468531,128,31,1,0.2570720625972084
273,251,-73.0,55.940239043824704,56.96414342629482,257,53,1,0.25578670228422234
274,500,-61.0,50.19,51.272,541,101,0,0.25450776877280124
275,213,-64.0,35.690140845070424,36.57746478873239,189,49,1,0.2532352299289372
276,500,-59.0,33.792,34.838,523,101,0,0.2519690537792925
277,448,-65.0,45.886160714285715,46.939732142857146,472,88,1,0.2507092085103961
278,186,-82.0,35.295698924731184,36.064516129032256,143,42,1,0.2494556624678441
279,294,-56.0,36.935374149659864,37.96258503401361,302,61,1,0.24820838415550486
280,352,-71.0,45.90625,46.90625,352,75,1,0.24696734223472733
281,500,-65.0,54.176,55.204,514,99,1,0.2457325055235537
282,228,-69.0,46.94736842105263,47.84649122807018,205,47,1,0.24450384299593592
283,211,-49.0,34.87677725118483,35.87677725118483,211,45,1,0.24328132378095624
284,300,-77.0,41.69,42.693333333333335,301,62,1,0.24206491716205145
285,200,-65.0,34.91,35.94,206,44,1,0.2408545925762412
286,500,-43.0,44.196,45.256,530,100,0,0.23965031961336
287,450,-79.0,37.733333333333334,38.72666666666667,447,87,1,0.2384520680152932
288,290,-60.0,41.686206896551724,42.62413793103448,272,59,1,0.23725980767521673
289,413,-52.0,42.75060532687651,43.767554479418884,420,79,1,0.23607350863684065
290,500,-48.0,34.432,35.484,526,98,0,0.23489314109365644
291,500,-58.0,46.482,47.486,502,94,0,0.23371867538818816
292,500,-44.0,48.258,49.398,570,92,0,0.23255008201124722
293,328,-89.0,51.542682926829265,52.55487804878049,332,71,1,0.231387331601191
294,346,-68.0,42.054913294797686,43.10115606936416,362,66,1,0.23023039494318503
295,352,-65.0,43.55965909090909,44.48863636363637,327,78,1,0.2290792429684691
296,144,-64.0,40.59722222222222,41.55555555555556,138,27,1,0.22793384675362674
297,321,-64.0,39.504672897196265,40.53582554517134,331,66,1,0.22679417751985861
298,262,-66.0,36.81679389312977,37.64885496183206,218,62,1,0.22566020663225933
299,216,-69.0,36.55555555555556,37.407407407407405,184,48,1,0.22453190559909803
300,166,-66.0,38.21084337349398,39.08433734939759,145,41,1,0.22340924607110255
301,238,-59.0,41.39915966386555,42.57983193277311,281,42,1,0.22229219984074702
302,273,-64.0,32.282051282051285,33.146520146520146,236,59,1,0.2211807388415433
303,214,-63.0,37.425233644859816,38.36448598130841,201,38,1,0.22007483514733558
304,244,-64.0,37.27459016393443,38.22540983606557,232,59,1,0.2189744609715989
305,500,-42.0,43.342,44.432,545,96,0,0.2178795886667409
306,361,-64.0,41.45706371191136,42.551246537396125,395,68,1,0.2167901907234072
307,332,-64.0,42.16265060240964,43.19277108433735,342,65,1,0.21570623976979014
308,500,-60.0,35.502,36.464,481,102,0,0.21462770857094118
309,500,-39.0,38.744,39.816,536,96,0,0.21355457002808648
310,405,-60.0,38.86913580246914,39.8320987654321,390,87,1,0.21248679717794605
311,318,-72.0,40.37735849056604,41.289308176100626,290,74,1,0.21142436319205632
312,118,-64.0,35.855932203389834,36.70338983050848,100,28,1,0.21036724137609603
313,500,-62.0,51.822,52.988,583,89,0,0.20931540516921554
314,500,-61.0,42.982,43.972,495,105,0,0.20826882814336947
315,359,-54.0,49.590529247910865,50.64902506963789,380,67,1,0.20722748400265262
316,500,-48.0,36.724,37.756,516,100,0,0.20619134658263935
317,244,-52.0,38.135245901639344,39.221311475409834,265,46,1,0.20516038984972615
318,500,-47.0,39.09,40.184,547,96,0,0.2041345879004775
319,280,-70.0,46.85357142857143,47.875,286,60,1,0.2031139149609751
320,500,-58.0,39.06,40.084,512,102,0,0.20209834538617025
321,500,-36.0,33.364,34.444,540,96,0,0.2010878536592394
322,289,-58.0,34.24221453287197,35.23529411764706,287,56,1,0.2000824143909432
323,500,-69.0,49.82,50.91,545,95,0,0.19908200231898848
324,500,-49.0,33.77,34.79,510,96,0,0.19808659230739353
325,500,-53.0,38.918,39.968,525,104,0,0.19709615934585656
326,500,-52.0,44.504,45.648,572,88,0,0.19611067854912728
327,451,-55.0,47.250554323725055,48.47893569844789,554,78,1,0.19513012515638165
328,278,-61.0,34.460431654676256,35.43884892086331,272,56,1,0.19415447453059972
329,329,-63.0,40.659574468085104,41.66261398176292,330,59,1,0.19318370215794672
330,442,-57.0,35.796380090497735,36.782805429864254,436,85,1,0.192217783647157
331,135,-63.0,33.474074074074075,34.24444444444445,104,32,1,0.1912566947289212
332,176,-64.0,34.49431818181818,35.41477272727273,162,37,1,0.1903004112552766
333,500,-31.0,31.304,32.374,535,101,0,0.18934890919900021
334,388,-78.0,37.28865979381443,38.27835051546392,384,77,1,0.18840216465300522
335,450,-72.0,39.22222222222222,40.29333333333334,482,85,1,0.18746015382974018
336,500,-55.0,33.896,35.004,554,91,0,0.1865228530605915
337,500,-39.0,30.33,31.42,545,86,0,0.18559023879528855
338,500,-39.0,32.36,33.456,548,84,0,0.1846622876013121
339,383,-60.0,34.47780678851175,35.5378590078329,406,69,1,0.18373897616330553
340,493,-74.0,39.675456389452336,40.801217038539555,555,87,1,0.182820281282489
341,500,-45.0,36.704,37.796,546,79,0,0.18190617987607657
342,320,-55.0,37.634375,38.7,341,55,1,0.18099664897669618
343,369,-61.0,35.72086720867209,36.80758807588076,401,71,1,0.1800916657318127
344,333,-61.0,37.489489489489486,38.549549549549546,353,65,1,0.17919120740315364
345,290,-49.0,31.86551724137931,32.9551724137931,316,51,1,0.17829525136613786
346,450,-62.0,39.32888888888889,40.44888888888889,504,84,1,0.17740377510930716
347,500,-53.0,37.072,38.128,528,85,0,0.17651675623376062
348,492,-66.0,37.447154471544714,38.53048780487805,533,92,1,0.1756341724525918
349,500,-38.0,37.934,39.052,559,89,0,0.17475600159032884
350,500,-64.0,31.046,32.064,509,95,0,0.17388222158237718
351,321,-53.0,37.28660436137071,38.28660436137071,321,65,1,0.1730128104744653
352,500,-45.0,38.57,39.698,564,88,0,0.17214774642209296
353,391,-58.0,45.214833759590796,46.332480818414325,437,74,1,0.1712870076899825
354,500,-42.0,34.176,35.288,556,94,0,0.17043057265153258
355,500,-27.0,32.022,33.108,543,86,0,0.16957841978827493
356,500,-36.0,32.8,33.856,528,93,0,0.16873052768933355
357,500,-32.0,41.694,42.79,548,84,0,0.1678868750508869
358,357,-62.0,45.05322128851541,46.12605042016807,383,63,1,0.16704744067563246
359,300,-58.0,36.36666666666667,37.44,322,56,1,0.1662122034722543
360,439,-62.0,35.07744874715262,36.21184510250569,498,88,1,0.16538114245489302
361,391,-53.0,45.63427109974425,46.667519181585675,404,79,1,0.16455423674261854
362,500,-44.0,40.756,41.826,535,101,0,0.16373146555890544
363,500,-47.0,44.446,45.612,583,89,0,0.16291280823111093
364,218,-56.0,32.12844036697248,33.027522935779814,196,44,1,0.16209824418995536
365,500,-51.0,31.88,32.928,524,80,0,0.16128775296900558
366,500,-42.0,34.264,35.38,558,82,0,0.16048131420416054
367,500,-41.0,38.882,40.108,613,86,0,0.15967890763313974
368,427,-56.0,31.583138173302107,32.613583138173304,440,81,1,0.15888051309497406
369,239,-52.0,36.51046025104603,37.51464435146443,240,41,1,0.1580861105294992
370,500,-55.0,31.122,32.146,512,99,0,0.1572956799768517
371,249,-60.0,30.437751004016064,31.44578313253012,251,47,1,0.15650920157696743
372,500,-37.0,35.192,36.312,560,83,0,0.1557266555690826
373,500,-47.0,35.224,36.35,563,79,0,0.1549480222912372
374,500,-45.0,40.754,41.916,581,88,0,0.15417328217978102
375,344,-72.0,41.26744186046512,42.31395348837209,360,65,1,0.1534024157688821
376,291,-65.0,51.81099656357388,52.8213058419244,294,53,1,0.1526354036900377
377,500,-32.0,30.592,31.68,544,89,0,0.1518722266715875
378,482,-49.0,40.219917012448136,41.365145228215766,552,78,1,0.15111286553822956
379,500,-31.0,33.472,34.628,578,89,0,0.15035730121053842
380,500,-31.0,30.384,31.488,552,89,0,0.14960551470448571
381,291,-50.0,31.828178694158076,32.89003436426117,309,50,1,0.14885748713096328
382,500,-42.0,39.746,40.934,594,78,0,0.14811319969530845
383,500,-37.0,34.966,36.01,522,98,0,0.1473726336968319
384,500,-41.0,33.334,34.462,564,83,0,0.14663577052834775
385,500,-29.0,34.62,35.724,552,87,0,0.14590259167570602
386,500,-38.0,37.134,38.342,604,86,0,0.1451730787173275
387,500,-22.0,33.072,34.272,600,82,0,0.14444721332374086
388,500,-29.0,34.384,35.548,582,86,0,0.14372497725712216
389,500,-32.0,29.69,30.836,573,90,0,0.14300635237083656
390,317,-59.0,36.526813880126184,37.51419558359621,313,57,1,0.14229132060898236
391,500,-35.0,26.75,27.834,542,91,0,0.14157986400593744
392,500,-33.0,28.194,29.28,543,78,0,0.14087196468590776
393,500,-21.0,29.81,30.96,575,81,0,0.14016760486247823
394,500,-31.0,39.382,40.516,567,79,0,0.13946676683816583
395,500,-37.0,27.208,28.25,521,91,0,0.138769433003975
396,500,-32.0,32.012,33.17,579,83,0,0.13807558583895513
397,500,-33.0,33.712,34.926,607,82,0,0.13738520790976036
398,500,-23.0,28.79,29.856,533,86,0,0.13669828187021155
399,355,-56.0,38.47042253521127,39.667605633802815,425,64,1,0.13601479046086049
400,500,-29.0,32.746,33.882,568,88,0,0.1353347165085562
401,500,-26.0,28.234,29.32,543,79,0,0.1346580429260134
402,238,-60.0,28.483193277310924,29.445378151260503,229,50,1,0.13398475271138335
403,500,-31.0,28.2,29.32,560,92,0,0.13331482894782642
404,500,-36.0,29.174,30.262,544,83,0,0.13264825480308728
405,500,-59.0,28.874,30.006,566,88,0,0.13198501352907185
406,239,-58.0,34.04602510460251,35.05020920502092,240,46,1,0.1313250884614265
407,500,-34.0,31.128,32.276,574,85,0,0.13066846301911936
408,140,-52.0,33.02857142857143,33.871428571428574,118,28,1,0.13001512070402377
409,500,-43.0,35.242,36.41,584,81,0,0.12936504510050365
410,500,-22.0,34.58,35.732,576,89,0,0.12871821987500112
411,500,-36.0,31.342,32.492,575,89,0,0.12807462877562611
412,240,-59.0,31.379166666666666,32.416666666666664,249,41,1,0.12743425563174798
413,500,-23.0,26.734,27.816,541,86,0,0.12679708435358925
414,386,-59.0,35.020725388601036,36.10362694300518,418,61,1,0.1261630989318213
415,500,-41.0,38.124,39.338,607,77,0,0.1255322834371622
416,500,-38.0,29.188,30.376,594,80,0,0.12490462201997637
417,500,-25.0,24.504,25.57,533,87,0,0.1242800989098765
418,500,-31.0,32.316,33.414,549,87,0,0.12365869841532712
419,500,-35.0,30.202,31.26,529,85,0,0.12304040492325048
420,500,-43.0,28.8,29.988,594,79,0,0.12242520289863423
421,139,-52.0,31.287769784172664,32.36690647482014,150,20,1,0.12181307688414106
422,423,-60.0,31.576832151300238,32.53191489361702,404,79,1,0.12120401149972035
423,500,-39.0,28.976,30.088,556,91,0,0.12059799144222175
424,500,-60.0,43.082,44.274,596,85,0,0.11999500148501063
425,500,-32.0,33.47,34.576,553,87,0,0.11939502647758558
426,500,-43.0,28.98,30.076,548,86,0,0.11879805134519765
427,500,-20.0,29.1,30.24,570,83,0,0.11820406108847166
428,500,-14.0,24.206,25.272,533,84,0,0.1176130407830293
429,500,-41.0,30.35,31.518,584,83,0,0.11702497557911415
430,500,-43.0,30.954,32.092,569,87,0,0.11643985070121858
431,500,-32.0,28.402,29.504,551,90,0,0.11585765144771248
432,500,-29.0,24.784,25.924,570,80,0,0.11527836319047392
433,500,-53.0,34.216,35.308,546,87,0,0.11470197137452155
434,500,-21.0,29.242,30.336,547,97,0,0.11412846151764894
435,500,-37.0,24.964,26.054,545,87,0,0.1135578192100607
436,500,-31.0,30.82,31.976,578,82,0,0.11299003011401039
437,500,-29.0,35.088,36.258,585,82,0,0.11242507996344034
438,500,-33.0,23.01,24.112,551,86,0,0.11186295456362313
439,500,-48.0,27.078,28.24,581,83,0,0.11130363979080501
440,500,-37.0,27.544,28.672,564,91,0,0.11074712159185099
441,500,-40.0,27.326,28.446,560,83,0,0.11019338598389174
442,500,-22.0,27.604,28.83,613,73,0,0.10964241905397228
443,500,-28.0,28.738,29.908,585,87,0,0.10909420695870241
444,500,-32.0,28.178,29.36,591,84,0,0.1085487359239089
445,500,-37.0,27.872,28.968,548,88,0,0.10800599224428936
446,500,-40.0,29.434,30.566,566,89,0,0.10746596228306791
447,500,-25.0,35.358,36.572,607,72,0,0.10692863247165257
448,500,-41.0,24.286,25.348,531,84,0,0.1063939893092943
449,500,-28.0,31.586,32.808,611,77,0,0.10586201936274783
450,500,-28.0,29.696,30.858,581,87,0,0.10533270926593409
451,500,-21.0,22.28,23.438,579,83,0,0.10480604571960442
452,500,-18.0,26.806,28.0,597,81,0,0.1042820154910064
453,500,-35.0,34.156,35.316,580,86,0,0.10376060541355137
454,500,-39.0,33.78,34.972,596,84,0,0.1032418023864836
455,500,-38.0,27.824,28.912,544,85,0,0.10272559337455119
456,500,-16.0,23.454,24.57,558,78,0,0.10221196540767843
457,500,-35.0,25.996,27.076,540,91,0,0.10170090558064004
458,500,-18.0,27.374,28.532,579,84,0,0.10119240105273684
459,237,-64.0,31.282700421940927,32.219409282700425,222,43,1,0.10068643904747315
460,500,-32.0,27.732,28.88,574,77,0,0.10018300685223579
461,500,-45.0,29.34,30.512,586,78,0,0.0996820918179746
462,500,-14.0,31.264,32.498,617,70,0,0.09918368135888474
463,500,-26.0,28.728,29.916,594,81,0,0.09868776295209031
464,500,-31.0,28.602,29.754,576,80,0,0.09819432413732986
465,500,-26.0,30.502,31.656,577,84,0,0.09770335251664321
466,500,-33.0,25.422,26.554,566,85,0,0.09721483575406
467,500,-34.0,25.694,26.868,587,81,0,0.09672876157528969
468,500,-29.0,24.352,25.442,545,92,0,0.09624511776741324
469,500,-37.0,26.298,27.434,568,79,0,0.09576389217857617
470,500,-33.0,27.284,28.476,596,72,0,0.09528507271768329
471,500,-24.0,30.09,31.258,584,80,0,0.09480864735409487
472,500,-19.0,29.942,31.14,599,70,0,0.0943346041173244
473,500,-18.0,24.724,25.852,564,76,0,0.09386293109673778
474,201,-54.0,29.51741293532338,30.512437810945272,200,30,1,0.09339361644125409
475,500,-31.0,28.524,29.73,603,80,0,0.09292664835904782
476,500,-30.0,27.266,28.406,570,83,0,0.09246201511725258
477,500,-40.0,22.998,24.11,556,73,0,0.09199970504166631
478,500,-25.0,25.996,27.15,577,88,0,0.09153970651645797
479,500,-41.0,28.796,29.95,577,73,0,0.09108200798387568
480,500,-15.0,26.966,28.134,584,84,0,0.0906265979439563
481,500,-21.0,22.524,23.652,564,78,0,0.09017346495423652
482,500,-26.0,25.944,27.008,532,80,0,0.08972259762946533
483,500,-34.0,26.272,27.434,581,73,0,0.089273984641318
484,500,-20.0,25.462,26.578,558,74,0,0.0888276147181114
485,500,-19.0,22.194,23.31,558,81,0,0.08838347664452084
486,500,-34.0,26.866,27.982,558,81,0,0.08794155926129824
487,500,-30.0,30.018,31.178,580,73,0,0.08750185146499175
488,500,-28.0,25.776,26.898,561,82,0,0.08706434220766679
489,500,-15.0,27.046,28.186,570,83,0,0.08662902049662846
490,492,-70.0,31.178861788617887,32.323170731707314,563,83,1,0.08619587539414532
491,500,-26.0,24.094,25.222,564,85,0,0.08576489601717459
492,500,-49.0,29.276,30.436,580,80,0,0.08533607153708872
493,500,-25.0,35.372,36.522,575,77,0,0.08490939117940327
494,500,-19.0,29.726,30.966,620,71,0,0.08448484422350626
495,500,-23.0,26.102,27.278,588,76,0,0.08406242000238873
496,500,-41.0,24.694,25.818,562,81,0,0.08364210790237678
497,500,-23.0,23.776,24.85,537,76,0,0.0832238973628649
498,500,-31.0,26.848,28.04,596,79,0,0.08280777787605056
499,500,-25.0,30.082,31.228,573,85,0,0.08239373898667031
500,500,-35.0,31.442,32.62,589,76,0,0.08198177029173696
501,500,-19.0,24.864,26.032,584,73,0,0.08157186144027828
502,500,-46.0,25.254,26.328,537,85,0,0.0811640021330769
503,500,-28.0,27.326,28.556,615,76,0,0.08075818212241151
504,500,-42.0,24.862,25.98,559,75,0,0.08035439121179945
505,500,-56.0,33.16,34.31,575,78,0,0.07995261925574046
506,500,-37.0,22.598,23.702,552,77,0,0.07955285615946175
507,500,-26.0,27.134,28.27,568,74,0,0.07915509187866444
508,500,-36.0,28.22,29.378,579,72,0,0.07875931641927113
509,500,-35.0,23.998,25.158,580,76,0,0.07836551983717477
510,500,-21.0,23.676,24.762,543,80,0,0.07797369223798889
511,500,-42.0,27.782,28.91,564,80,0,0.07758382377679894
512,500,-21.0,25.052,26.196,572,83,0,0.07719590465791494
513,500,-18.0,19.872,20.93,529,82,0,0.07680992513462537
514,500,-26.0,22.834,23.974,570,77,0,0.07642587550895225
515,500,-32.0,21.748,22.866,559,76,0,0.07604374613140748
516,500,-18.0,25.156,26.326,585,78,0,0.07566352740075044
517,500,-16.0,23.874,25.07,598,78,0,0.07528520976374668
518,500,-22.0,23.2,24.408,604,75,0,0.07490878371492794
519,500,-28.0,26.872,28.046,587,71,0,0.0745342397963533
520,500,-27.0,20.56,21.64,540,82,0,0.07416156859737154
521,500,-11.0,22.338,23.446,554,79,0,0.07379076075438468
522,500,-42.0,28.998,30.144,573,83,0,0.07342180695061275
523,500,-25.0,24.114,25.312,599,78,0,0.07305469791585968
524,500,-26.0,24.716,25.866,575,86,0,0.07268942442628039
525,500,-26.0,19.826,20.898,536,84,0,0.07232597730414898
526,500,-35.0,23.662,24.79,564,78,0,0.07196434741762824
527,500,-16.0,18.848,19.938,545,74,0,0.0716045256805401
528,500,-13.0,24.294,25.448,577,77,0,0.0712465030521374
529,500,-15.0,21.282,22.384,551,81,0,0.0708902705368767
530,500,-19.0,25.032,26.238,603,81,0,0.07053581918419231
531,500,-24.0,22.694,23.846,576,81,0,0.07018314008827135
532,500,-35.0,23.394,24.528,567,78,0,0.06983222438783
533,500,-25.0,22.828,23.932,552,78,0,0.06948306326589085
534,500,-26.0,23.244,24.418,587,76,0,0.0691356479495614
535,500,-21.0,24.22,25.43,605,78,0,0.06878996970981359
536,500,-25.0,23.046,24.162,558,82,0,0.06844601986126451
537,500,-27.0,20.57,21.618,524,81,0,0.06810378976195819
538,500,-34.0,27.482,28.724,621,75,0,0.0677632708131484
539,500,-27.0,22.822,23.938,558,81,0,0.06742445445908266
540,500,-12.0,23.014,24.18,583,75,0,0.06708733218678724
541,500,-26.0,23.33,24.522,596,81,0,0.0667518955258533
542,500,-18.0,21.604,22.718,557,81,0,0.06641813604822402
543,500,-31.0,25.464,26.652,594,82,0,0.0660860453679829
544,500,-23.0,19.054,20.128,537,82,0,0.06575561514114299
545,500,-29.0,21.918,23.05,566,83,0,0.06542683706543727
546,500,-22.0,17.926,18.926,500,86,0,0.06509970288011008
547,500,-35.0,28.824,30.002,589,81,0,0.06477420436570952
548,500,-19.0,22.464,23.642,589,78,0,0.06445033334388098
549,500,-32.0,22.13,23.25,560,84,0,0.06412808167716157
550,500,-21.0,22.034,23.196,581,78,0,0.06380744126877576
551,500,-27.0,20.028,21.118,545,82,0,0.06348840406243188
552,500,-17.0,20.142,21.282,570,84,0,0.06317096204211972
553,500,-16.0,22.788,23.982,597,76,0,0.06285510723190912
554,500,-24.0,19.992,21.168,588,83,0,0.06254083169574957
555,500,-27.0,24.834,25.974,570,83,0,0.062228127537270826
556,500,-20.0,20.624,21.75,563,83,0,0.06191698689958447
557,500,-23.0,22.4,23.586,593,80,0,0.061607401965086545
558,500,-32.0,22.506,23.682,588,84,0,0.06129936495526111
559,500,-35.0,22.166,23.316,575,85,0,0.0609928681304848
560,500,-27.0,23.404,24.574,585,76,0,0.060687903789832374
561,500,-29.0,20.86,21.99,565,78,0,0.06038446427088321
562,500,-37.0,24.224,25.402,589,77,0,0.06008254194952879
563,500,-29.0,20.9,22.01,555,84,0,0.05978212923978115
564,500,-23.0,22.002,23.212,605,78,0,0.05948321859358224
565,500,-34.0,20.998,22.054,528,73,0,0.05918580250061433
566,500,-20.0,22.788,23.956,584,77,0,0.058889873488111255
567,500,-19.0,23.144,24.344,600,82,0,0.058595424120670696
568,500,-20.0,19.914,21.014,550,83,0,0.05830244700006734
569,500,-25.0,22.886,24.032,573,80,0,0.058010934765067
570,500,-19.0,20.382,21.544,581,81,0,0.05772088009124167
571,500,-28.0,22.818,23.964,573,82,0,0.05743227569078546
572,500,-42.0,23.998,25.228,615,81,0,0.05714511431233153
573,500,-20.0,21.904,23.022,559,82,0,0.05685938874076987
574,500,-47.0,27.342,28.53,594,83,0,0.056575091797066025
575,500,-26.0,23.104,24.28,588,85,0,0.056292216338080694
576,500,-24.0,20.464,21.622,579,83,0,0.05601075525639029
577,500,-22.0,20.002,21.16,579,81,0,0.05573070148010834
578,500,-21.0,21.866,23.016,575,76,0,0.0554520479727078
579,500,-32.0,22.302,23.444,571,85,0,0.05517478773284426
580,500,-42.0,27.502,28.738,618,80,0,0.05489891379418004
581,500,-27.0,25.282,26.484,601,75,0,0.05462441922520914
582,500,-21.0,20.688,21.88,596,79,0,0.0543512971290831
583,500,-22.0,20.17,21.304,567,80,0,0.05407954064343768
584,500,-27.0,21.252,22.404,576,80,0,0.05380914294022049
585,500,-28.0,20.422,21.564,571,79,0,0.05354009722551939
586,500,-40.0,24.086,25.2,557,79,0,0.05327239673939179
587,500,-25.0,18.294,19.354,530,79,0,0.053006034755694834
588,500,-26.0,22.394,23.542,574,82,0,0.052741004581916356
589,500,-19.0,20.902,22.042,570,78,0,0.052477299559006776
590,500,-22.0,21.312,22.524,606,74,0,0.052214913061211746
591,500,-27.0,20.81,21.96,575,76,0,0.05195383849590569
592,500,-28.0,21.484,22.628,572,76,0,0.05169406930342616
593,500,-32.0,21.602,22.744,571,78,0,0.05143559895690903
594,500,-29.0,20.49,21.664,587,80,0,0.051178420962124486
595,500,-23.0,24.17,25.374,602,81,0,0.05092252885731386
596,500,-24.0,18.432,19.528,548,76,0,0.05066791621302729
597,500,-29.0,21.02,22.148,564,84,0,0.05041457663196215
598,500,-24.0,20.854,22.026,586,77,0,0.050162503748802344
599,500,-28.0,21.236,22.36,562,76,0,0.049911691230058335
600,500,-21.0,23.282,24.524,621,73,0,0.04966213277390804
601,500,-24.0,19.768,20.854,543,83,0,0.0494138221100385
602,500,-19.0,19.076,20.166,545,82,0,0.04916675299948831
603,500,-41.0,28.998,30.18,591,84,0,0.04892091923449087
604,500,-28.0,21.508,22.698,595,74,0,0.04867631463831842
605,500,-27.0,22.922,24.132,605,79,0,0.048432933065126825
606,500,-23.0,25.556,26.832,638,70,0,0.048190768399801194
607,500,-23.0,22.77,23.984,607,79,0,0.04794981455780219
608,500,-27.0,22.05,23.224,587,78,0,0.04771006548501318
609,500,-13.0,22.96,24.104,572,79,0,0.047471515157588115
610,500,-21.0,20.872,22.0,564,80,0,0.047234157581800176
611,500,-26.0,19.208,20.346,569,85,0,0.046997986793891174
612,500,-17.0,20.736,21.796,530,85,0,0.04676299685992172
613,500,-33.0,22.794,23.974,590,81,0,0.04652918187562211
614,500,-32.0,23.176,24.388,606,78,0,0.046296535966244
615,500,-19.0,21.926,23.132,603,76,0,0.046065053286412784
616,500,-24.0,31.308,32.522,607,70,0,0.04583472801998072
617,500,-26.0,22.718,23.964,623,76,0,0.045605554379880814
618,500,-10.0,21.21,22.348,569,80,0,0.04537752660798141
619,500,-24.0,21.91,23.136,613,78,0,0.0451506389749415
620,500,-21.0,20.038,21.272,617,75,0,0.044924885780066794
621,500,-42.0,21.562,22.734,586,77,0,0.04470026135116646
622,500,-26.0,19.83,20.952,561,78,0,0.04447676004441063
623,500,-13.0,18.132,19.232,550,77,0,0.04425437624418858
624,500,-29.0,19.064,20.192,564,81,0,0.04403310436296763
625,500,-19.0,27.676,28.922,623,73,0,0.043812938841152796
626,500,-31.0,24.354,25.518,582,79,0,0.04359387414694703
627,500,-16.0,22.108,23.276,584,78,0,0.043375904776212296
628,500,-25.0,20.116,21.258,571,77,0,0.043159025252331236
629,500,-28.0,24.844,26.02,588,82,0,0.04294323012606958
630,500,-21.0,21.552,22.74,594,82,0,0.04272851397543923
631,500,-22.0,18.902,20.038,568,76,0,0.04251487140556204
632,500,-17.0,20.41,21.554,572,77,0,0.04230229704853423
633,500,-21.0,20.674,21.828,577,81,0,0.04209078556329156
634,500,-26.0,20.658,21.812,577,80,0,0.0418803316354751
635,500,-30.0,20.618,21.78,581,80,0,0.041670929977297724
636,500,-21.0,23.35,24.568,609,74,0,0.04146257532741124
637,500,-18.0,20.062,21.198,568,81,0,0.04125526245077418
638,500,-22.0,23.332,24.476,572,77,0,0.04104898613852031
639,500,-26.0,19.502,20.63,564,73,0,0.04084374120782771
640,500,-14.0,22.758,23.98,611,72,0,0.04063952250178857
641,500,-22.0,20.196,21.382,593,79,0,0.04043632488927963
642,500,-21.0,21.646,22.796,575,73,0,0.04023414326483323
643,500,-14.0,18.148,19.252,552,77,0,0.040032972548509065
644,500,-28.0,22.476,23.608,566,82,0,0.03983280768576652
645,500,-12.0,19.11,20.256,573,78,0,0.03963364364733769
646,500,-14.0,19.622,20.78,579,78,0,0.039435475429100995
647,500,-9.0,20.21,21.346,568,78,0,0.03923829805195549
648,500,-22.0,21.036,22.182,573,81,0,0.03904210656169572
649,500,-22.0,19.104,20.21,553,77,0,0.03884689602888724
650,500,-22.0,24.734,25.962,614,71,0,0.0386526615487428
651,500,-23.0,20.252,21.362,555,75,0,0.03845939824099909
652,500,-16.0,21.152,22.338,593,78,0,0.03826710124979409
653,500,-23.0,19.98,21.132,576,84,0,0.038075765743545126
654,500,-12.0,20.03,21.166,568,77,0,0.0378853869148274
655,500,-26.0,21.67,22.802,566,80,0,0.03769595998025326
656,500,-18.0,19.53,20.614,542,76,0,0.03750748018035199
657,500,-13.0,21.476,22.642,583,76,0,0.037319942779450235
658,500,-25.0,22.816,24.03,607,74,0,0.037133343065552986
659,500,-29.0,22.704,23.822,559,74,0,0.03694767635022522
660,500,-31.0,20.872,21.996,562,79,0,0.036762937968474095
661,500,-18.0,21.548,22.724,588,72,0,0.03657912327863173
662,500,-24.0,19.178,20.28,551,77,0,0.036396227662238566
663,500,-29.0,22.362,23.578,608,75,0,0.03621424652392737
664,500,-17.0,21.998,23.158,580,72,0,0.036033175291307735
665,500,-17.0,24.502,25.696,597,76,0,0.03585300941485119
666,500,-27.0,23.088,24.23,571,78,0,0.035673744367776934
667,500,-16.0,18.104,19.226,561,76,0,0.03549537564593805
668,500,-18.0,23.65,24.888,619,73,0,0.035317898767708356
669,500,-19.0,19.58,20.724,572,76,0,0.03514130927386981
670,500,-32.0,22.23,23.35,560,78,0,0.03496560272750046
671,500,-25.0,21.348,22.488,570,76,0,0.03479077471386296
672,500,-27.0,20.948,22.122,587,79,0,0.03461682084029365
673,500,-21.0,27.5,28.716,608,80,0,0.034443736736092176
674,500,-15.0,18.326,19.42,547,77,0,0.034271518052411715
675,500,-19.0,21.298,22.486,594,77,0,0.034100160462149656
676,500,-30.0,21.056,22.182,563,77,0,0.03392965965983891
677,500,-21.0,23.624,24.838,607,79,0,0.033760011361539714
678,500,-19.0,20.58,21.712,566,78,0,0.03359121130473201
679,500,-24.0,21.002,22.16,579,73,0,0.033423255248208356
680,500,-20.0,20.614,21.758,572,75,0,0.03325613897196732
681,500,-23.0,19.988,21.134,573,80,0,0.03308985827710748
682,500,-24.0,21.028,22.144,558,80,0,0.032924408985721944
683,500,-20.0,21.324,22.424,550,74,0,0.03275978694079333
684,500,-21.0,20.978,22.082,552,71,0,0.032595988006089364
685,500,-16.0,21.28,22.45,585,74,0,0.032433008066058915
686,500,-20.0,23.424,24.586,581,78,0,0.03227084302572862
687,500,-12.0,18.386,19.502,558,78,0,0.032109488810599975
688,500,-22.0,23.36,24.566,603,72,0,0.031948941366546975
689,500,-28.0,24.874,26.148,637,72,0,0.03178919665971424
690,500,-20.0,22.142,23.304,581,70,0,0.03163025067641567
691,500,-24.0,21.844,23.036,596,73,0,0.03147209942303359
692,500,-23.0,19.096,20.248,576,73,0,0.03131473892591842
693,500,-20.0,21.254,22.45,598,71,0,0.031158165231288826
694,500,-33.0,20.662,21.864,601,75,0,0.03100237440513238
695,500,-15.0,20.57,21.704,567,83,0,0.030847362533106718
696,500,-20.0,19.898,20.996,549,71,0,0.030693125720441184
697,500,-15.0,20.804,22.01,603,74,0,0.030539660091838977
698,500,-19.0,20.892,22.062,585,75,0,0.03038696179137978
699,500,-19.0,22.916,24.14,612,71,0,0.030235026982422884
700,500,-12.0,22.436,23.618,591,72,0,0.030083851847510768
701,500,-34.0,24.212,25.34,564,76,0,0.029933432588273214
702,500,-20.0,19.758,20.9,571,76,0,0.029783765425331846
703,500,-12.0,18.234,19.342,554,72,0,0.029634846598205186
704,500,-20.0,17.68,18.748,534,72,0,0.02948667236521416
705,500,-26.0,22.158,23.356,599,78,0,0.029339239003388088
706,500,-25.0,18.756,19.932,588,71,0,0.029192542808371146
707,500,-25.0,18.54,19.692,576,72,0,0.02904658009432929
708,500,-21.0,21.776,22.948,586,74,0,0.028901347193857643
709,500,-24.0,22.718,23.914,598,74,0,0.028756840457888354
710,500,-14.0,19.52,20.642,561,86,0,0.02861305625559891
711,500,-25.0,18.456,19.592,568,74,0,0.028469990974320916
712,500,-21.0,17.928,19.066,569,76,0,0.02832764101944931
713,500,-25.0,19.936,21.12,592,71,0,0.028186002814352063
714,500,-21.0,21.2,22.406,603,77,0,0.0280450728002803
715,500,-29.0,21.936,23.11,587,72,0,0.0279048474362789
716,500,-20.0,21.734,22.93,598,76,0,0.027765323199097504
717,500,-26.0,18.4,19.554,577,75,0,0.027626496583102015
718,500,-22.0,20.574,21.758,592,74,0,0.027488364100186506
719,500,-24.0,20.324,21.482,579,77,0,0.027350922279685573
720,500,-19.0,19.898,21.062,582,77,0,0.027214167668287145
721,500,-19.0,22.628,23.814,593,74,0,0.02707809682994571
722,500,-18.0,19.612,20.78,584,72,0,0.02694270634579598
723,500,-16.0,19.918,21.07,576,75,0,0.026807992814067
724,500,-18.0,20.798,21.948,575,72,0,0.026673952849996664
725,500,-35.0,20.662,21.866,602,73,0,0.02654058308574668
726,500,-25.0,19.064,20.234,585,77,0,0.026407880170317945
727,500,-26.0,20.352,21.482,565,75,0,0.026275840769466357
728,500,-17.0,20.652,21.866,607,69,0,0.026144461565619025
729,500,-22.0,19.876,21.018,571,77,0,0.02601373925779093
730,500,-17.0,18.284,19.488,602,74,0,0.025883670561501974
731,500,-22.0,19.854,20.996,571,79,0,0.025754252208694463
732,500,-15.0,19.474,20.642,584,74,0,0.02562548094765099
733,500,-26.0,18.02,19.128,554,70,0,0.025497353542912736
734,500,-20.0,19.626,20.768,571,79,0,0.02536986677519817
735,500,-20.0,19.172,20.316,572,69,0,0.02524301744132218
736,500,-13.0,21.024,22.21,593,77,0,0.025116802354115567
737,500,-16.0,14.734,15.778,522,69,0,0.024991218342344988
738,500,-15.0,19.406,20.558,576,76,0,0.024866262250633264
739,500,-22.0,18.3,19.418,559,74,0,0.024741930939380097
740,500,-18.0,18.612,19.714,551,78,0,0.024618221284683196
741,500,-24.0,22.634,23.856,611,83,0,0.02449513017825978
742,500,-24.0,21.66,22.878,609,74,0,0.02437265452736848
743,500,-19.0,19.536,20.684,574,84,0,0.024250791254731636
744,500,-27.0,16.69,17.744,527,79,0,0.024129537298457977
745,500,-29.0,21.964,23.194,615,76,0,0.024008889611965685
746,500,-22.0,21.172,22.358,593,77,0,0.023888845163905856
747,500,-18.0,21.482,22.684,601,80,0,0.023769400938086327
748,500,-31.0,18.876,20.028,576,70,0,0.023650553933395897
749,500,-18.0,16.612,17.69,539,74,0,0.023532301163728918
750,500,-18.0,20.798,21.992,597,79,0,0.023414639657910272
751,500,-14.0,21.342,22.572,615,74,0,0.023297566459620722
752,500,-25.0,18.874,20.028,577,71,0,0.023181078627322618
753,500,-16.0,15.828,16.92,546,68,0,0.023065173234186005
754,500,-17.0,21.046,22.228,591,69,0,0.022949847368015076
755,500,-20.0,17.718,18.85,566,72,0,0.022835098131175
756,500,-36.0,21.458,22.612,577,72,0,0.022720922640519125
757,500,-20.0,20.064,21.214,575,77,0,0.02260731802731653
758,500,-22.0,19.162,20.322,580,74,0,0.022494281437179946
759,500,-35.0,19.998,21.08,541,74,0,0.022381810029994047
760,500,-17.0,20.596,21.744,574,76,0,0.022269900979844076
761,500,-21.0,20.35,21.542,596,71,0,0.022158551474944856
762,500,-18.0,18.662,19.84,589,75,0,0.022047758717570132
763,500,-14.0,19.166,20.316,575,76,0,0.021937519923982282
764,500,-20.0,18.578,19.722,572,77,0,0.021827832324362372
765,500,-33.0,21.852,22.996,572,83,0,0.02171869316274056
766,500,-25.0,18.108,19.23,561,73,0,0.021610099696926857
767,500,-20.0,18.742,19.922,590,78,0,0.021502049198442223
768,500,-24.0,17.754,18.892,569,73,0,0.021394538952450012
769,500,-12.0,18.952,20.078,563,74,0,0.02128756625768776
770,500,-12.0,18.706,19.864,579,64,0,0.021181128426399323
771,500,-13.0,17.894,19.014,560,74,0,0.021075222784267326
772,500,-16.0,21.802,22.976,587,74,0,0.020969846670345987
773,500,-39.0,21.928,23.118,595,73,0,0.020864997436994256
774,500,-19.0,18.152,19.314,581,77,0,0.020760672449809284
775,500,-20.0,18.048,19.136,544,75,0,0.020656869087560238
776,500,-15.0,21.548,22.754,603,71,0,0.020553584742122436
777,500,-27.0,18.792,19.954,581,79,0,0.020450816818411825
778,500,-26.0,18.284,19.37,543,75,0,0.020348562734319765
779,500,-14.0,19.482,20.636,577,72,0,0.020246819920648168
780,500,-23.0,23.222,24.452,615,70,0,0.020145585821044927
781,500,-25.0,22.006,23.172,583,68,0,0.020044857891939702
782,500,-20.0,19.924,21.068,572,71,0,0.019944633602480003
783,500,-23.0,20.774,21.91,568,76,0,0.019844910434467605
784,500,-23.0,20.648,21.872,612,75,0,0.019745685882295267
785,500,-9.0,20.282,21.492,605,72,0,0.01964695745288379
786,500,-13.0,23.714,24.95,618,73,0,0.01954872266561937
787,500,-15.0,18.138,19.216,539,75,0,0.019450979052291272
788,500,-16.0,21.39,22.672,641,74,0,0.019353724157029815
789,500,-22.0,20.982,22.18,599,77,0,0.019256955536244666
790,500,-12.0,22.406,23.622,608,78,0,0.019160670758563442
791,500,-17.0,21.334,22.536,601,72,0,0.019064867404770626
792,500,-20.0,20.332,21.486,577,72,0,0.018969543067746772
793,500,-19.0,20.184,21.336,576,83,0,0.018874695352408037
794,500,-19.0,18.282,19.418,568,79,0,0.018780321875645996
795,500,-18.0,19.482,20.642,580,78,0,0.018686420266267767
796,500,-17.0,17.75,18.86,555,76,0,0.018592988164936427
797,500,-21.0,21.35,22.616,633,70,0,0.018500023224111744
798,500,-17.0,18.286,19.404,559,76,0,0.018407523107991184
799,500,-26.0,18.718,19.86,571,77,0,0.01831548549245123
800,500,-17.0,17.042,18.194,576,72,0,0.018223908064988973
801,500,-20.0,18.326,19.502,588,77,0,0.018132788524664028
802,500,-21.0,15.964,17.036,536,74,0,0.018042124582040707
803,500,-16.0,17.966,19.114,574,74,0,0.017951913959130504
804,500,-23.0,17.186,18.318,566,72,0,0.01786215438933485
805,500,-28.0,19.862,21.082,610,68,0,0.017772843617388175
806,500,-15.0,23.83,25.056,613,75,0,0.017683979399301233
807,500,-19.0,22.3,23.494,597,73,0,0.017595559502304726
808,500,-20.0,23.586,24.834,624,66,0,0.0175075817047932
809,500,-15.0,16.194,17.272,539,70,0,0.017420043796269234
810,500,-19.0,17.116,18.27,577,69,0,0.017332943577287888
811,500,-18.0,20.294,21.5,603,73,0,0.01724627885940145
812,500,-21.0,20.552,21.716,582,70,0,0.017160047465104442
813,500,-16.0,19.21,20.374,582,71,0,0.01707424722777892
814,500,-13.0,16.922,18.024,551,70,0,0.016988875991640028
815,500,-36.0,18.798,19.93,566,76,0,0.016903931611681827
816,500,-21.0,21.09,22.344,627,72,0,0.01681941195362342
817,500,-16.0,17.368,18.496,564,73,0,0.016735314893855303
818,500,-24.0,19.554,20.686,566,77,0,0.016651638319386028
819,500,-23.0,21.902,23.15,624,72,0,0.0165683801277891
820,500,-22.0,17.31,18.406,548,68,0,0.016485538227150154
821,500,-18.0,17.22,18.326,553,76,0,0.0164031105360144
822,500,-21.0,20.024,21.194,585,72,0,0.01632109498333433
823,500,-26.0,19.24,20.422,591,71,0,0.016239489508417658
824,500,-13.0,16.776,17.936,580,73,0,0.01615829206087557
825,500,-16.0,18.8,19.974,587,75,0,0.01607750060057119
826,500,-22.0,22.388,23.68,646,67,0,0.015997113097568336
827,500,-19.0,20.542,21.768,613,73,0,0.015917127532080494
828,500,-13.0,18.53,19.732,601,73,0,0.01583754189442009
829,500,-17.0,16.59,17.726,568,69,0,0.01575835418494799
830,500,-20.0,16.638,17.754,558,75,0,0.01567956241402325
831,500,-17.0,17.518,18.622,552,79,0,0.015601164601953134
832,500,-19.0,21.156,22.36,602,76,0,0.015523158778943369
833,500,-25.0,18.922,20.104,591,73,0,0.015445542985048652
834,500,-15.0,17.18,18.286,553,73,0,0.015368315270123408
835,500,-13.0,21.59,22.854,632,73,0,0.01529147369377279
836,500,-20.0,19.168,20.254,543,72,0,0.015215016325303928
837,500,-9.0,17.264,18.41,573,74,0,0.015138941243677408
838,500,-28.0,19.768,20.892,562,72,0,0.01506324653745902
839,500,-18.0,21.142,22.318,588,77,0,0.014987930304771725
840,500,-25.0,16.22,17.35,565,70,0,0.014912990653247866
841,500,-13.0,17.362,18.508,573,75,0,0.014838425699981627
842,500,-30.0,15.664,16.708,522,71,0,0.01476423357148172
843,500,-16.0,19.324,20.464,570,73,0,0.014690412403624311
844,500,-19.0,17.336,18.46,562,73,0,0.01461696034160619
845,500,-19.0,18.04,19.156,558,75,0,0.014543875539898159
846,500,-28.0,19.218,20.4,591,70,0,0.014471156162198668
847,500,-20.0,17.632,18.772,570,76,0,0.014398800381387675
848,500,-21.0,19.574,20.778,602,74,0,0.014326806379480736
849,500,-21.0,22.648,23.806,579,72,0,0.014255172347583332
850,500,-16.0,19.026,20.172,573,76,0,0.014183896485845416
851,500,-20.0,20.03,21.204,587,72,0,0.014112977003416188
852,500,-20.0,17.33,18.482,576,74,0,0.014042412118399107
853,500,-21.0,20.854,22.11,628,71,0,0.013972200057807112
854,500,-14.0,18.716,19.84,562,73,0,0.013902339057518077
855,500,-14.0,18.856,20.004,574,75,0,0.013832827362230486
856,500,-18.0,20.108,21.312,602,75,0,0.013763663225419333
857,500,-16.0,17.576,18.696,560,75,0,0.013694844909292236
858,500,-20.0,18.376,19.496,560,71,0,0.013626370684745774
859,500,-19.0,18.698,19.824,563,76,0,0.013558238831322046
860,500,-12.0,16.608,17.742,567,73,0,0.013490447637165436
861,500,-24.0,16.074,17.196,561,73,0,0.013422995398979608
862,500,-17.0,18.694,19.868,587,76,0,0.01335588042198471
863,500,-16.0,26.554,27.81,628,69,0,0.013289101019874787
864,500,-23.0,18.84,19.992,576,76,0,0.013222655514775413
865,500,-23.0,22.464,23.69,613,73,0,0.013156542237201536
866,500,-22.0,16.668,17.774,553,76,0,0.013090759526015528
867,500,-18.0,18.834,19.946,556,78,0,0.01302530572838545
868,500,-20.0,20.22,21.384,582,74,0,0.012960179199743523
869,500,-25.0,21.284,22.44,578,80,0,0.012895378303744804
870,500,-12.0,18.094,19.244,575,78,0,0.01283090141222608
871,500,-17.0,17.426,18.6,587,74,0,0.012766746905164949
872,500,-18.0,17.96,19.088,564,79,0,0.012702913170639124
873,500,-22.0,19.544,20.672,564,77,0,0.012639398604785928
874,500,-23.0,19.256,20.394,569,78,0,0.012576201611761997
875,500,-19.0,17.694,18.844,575,73,0,0.012513320603703188
876,500,-28.0,19.15,20.288,569,79,0,0.012450754000684672
877,500,-14.0,17.316,18.438,561,80,0,0.012388500230681249
878,500,-11.0,17.814,18.964,575,72,0,0.012326557729527843
879,500,-16.0,15.934,17.048,557,75,0,0.012264924940880204
880,500,-14.0,21.888,23.102,607,70,0,0.012203600316175803
881,500,-19.0,17.52,18.67,575,73,0,0.012142582314594924
882,500,-17.0,16.944,18.082,569,78,0,0.01208186940302195
883,500,-13.0,20.068,21.22,576,73,0,0.01202146005600684
884,500,-17.0,19.052,20.246,597,72,0,0.011961352755726806
885,500,-20.0,16.526,17.586,530,78,0,0.01190154599194817
886,500,-15.0,17.586,18.786,600,70,0,0.01184203826198843
887,500,-26.0,18.986,20.122,568,74,0,0.011782828070678488
888,500,-18.0,17.234,18.348,557,77,0,0.011723913930325095
889,500,-22.0,18.174,19.31,568,74,0,0.01166529436067347
890,500,-15.0,17.69,18.856,583,74,0,0.011606967888870102
891,500,-19.0,18.798,19.956,579,74,0,0.01154893304942575
892,500,-16.0,18.97,20.17,600,74,0,0.011491188384178622
893,500,-19.0,18.43,19.642,606,78,0,0.011433732442257729
894,500,-18.0,19.802,21.032,615,76,0,0.01137656378004644
895,500,-11.0,19.302,20.514,606,73,0,0.011319680961146208
896,500,-23.0,19.718,20.902,592,73,0,0.011263082556340478
897,500,-18.0,18.488,19.63,571,73,0,0.011206767143558775
898,500,-13.0,17.734,18.868,567,77,0,0.011150733307840981
899,500,-26.0,18.78,19.946,583,78,0,0.011094979641301777
900,500,-29.0,19.378,20.5,561,82,0,0.011039504743095268
901,500,-14.0,18.91,20.09,590,77,0,0.01098430721937979
902,500,-11.0,17.438,18.564,563,73,0,0.010929385683282892
903,500,-10.0,16.986,18.11,562,77,0,0.010874738754866477
904,500,-19.0,16.018,17.154,568,70,0,0.010820365061092144
905,500,-10.0,17.342,18.442,550,73,0,0.010766263235786683
906,500,-18.0,21.348,22.572,612,74,0,0.01071243191960775
907,500,-15.0,15.002,16.086,542,69,0,0.010658869760009713
908,500,-16.0,16.97,18.126,578,76,0,0.010605575411209664
909,500,-19.0,19.908,21.126,609,68,0,0.010552547534153616
910,500,-16.0,17.69,18.884,597,72,0,0.010499784796482848
911,500,-21.0,18.18,19.358,589,74,0,0.010447285872500434
912,500,-21.0,19.57,20.77,600,69,0,0.01039504944313793
913,500,-24.0,16.172,17.296,562,71,0,0.010343074195922241
914,500,-18.0,17.354,18.48,563,75,0,0.01029135882494263
915,500,-15.0,20.092,21.338,623,71,0,0.010239902030817916
916,500,-10.0,17.058,18.22,581,70,0,0.010188702520663827
917,500,-19.0,18.864,20.066,601,72,0,0.010137759008060509
918,500,-18.0,18.968,20.156,594,71,0,0.010087070213020206
919,500,-26.0,19.202,20.398,598,72,0,0.010036634861955105
920,500,-17.0,20.848,22.086,619,70,0,0.01
921,500,-19.0,19.354,20.506,576,74,0,0.01
922,500,-15.0,19.612,20.774,581,69,0,0.01
923,500,-19.0,18.174,19.326,576,69,0,0.01
924,500,-26.0,19.12,20.34,610,73,0,0.01
925,500,-21.0,19.208,20.404,598,73,0,0.01
926,500,-19.0,18.938,20.072,567,72,0,0.01
927,500,-7.0,20.334,21.52,593,75,0,0.01
928,500,-14.0,19.638,20.866,614,71,0,0.01
929,500,-17.0,21.474,22.712,619,68,0,0.01
930,500,-12.0,16.916,18.026,555,78,0,0.01
931,500,-17.0,17.538,18.682,572,72,0,0.01
932,500,-13.0,17.266,18.356,545,71,0,0.01
933,500,-28.0,21.848,22.984,568,72,0,0.01
934,500,-19.0,19.44,20.578,569,83,0,0.01
935,500,-20.0,15.828,16.92,546,71,0,0.01
936,500,-21.0,21.264,22.486,611,75,0,0.01
937,500,-14.0,19.506,20.646,570,75,0,0.01
938,500,-29.0,17.168,18.312,572,70,0,0.01
939,500,-18.0,17.926,19.09,582,69,0,0.01
940,500,-16.0,20.312,21.554,621,72,0,0.01
941,500,-16.0,18.868,20.022,577,72,0,0.01
942,500,-19.0,21.486,22.688,601,76,0,0.01
943,500,-16.0,19.22,20.392,586,76,0,0.01
944,500,-21.0,21.27,22.434,582,70,0,0.01
945,500,-13.0,19.266,20.366,550,77,0,0.01
946,500,-25.0,19.238,20.474,618,73,0,0.01
947,500,-18.0,18.594,19.708,557,74,0,0.01
948,500,-15.0,20.94,22.208,634,70,0,0.01
949,500,-24.0,15.126,16.188,531,75,0,0.01
950,500,-17.0,17.38,18.53,575,75,0,0.01
951,500,-21.0,16.94,18.06,560,72,0,0.01
952,500,-26.0,18.542,19.704,581,68,0,0.01
953,500,-17.0,16.582,17.7,559,72,0,0.01
954,500,-14.0,19.48,20.608,564,67,0,0.01
955,500,-16.0,16.426,17.468,521,71,0,0.01
956,500,-19.0,22.294,23.538,622,73,0,0.01
957,500,-29.0,18.284,19.47,593,76,0,0.01
958,500,-19.0,19.848,20.992,572,73,0,0.01
959,500,-21.0,15.264,16.316,526,68,0,0.01
960,500,-23.0,18.504,19.698,597,72,0,0.01
961,500,-21.0,18.708,19.88,586,73,0,0.01
962,500,-23.0,19.39,20.546,578,77,0,0.01
963,500,-20.0,21.712,22.974,631,68,0,0.01
964,500,-28.0,24.104,25.368,632,76,0,0.01
965,500,-19.0,18.4,19.586,593,72,0,0.01
966,500,-24.0,16.91,18.04,565,77,0,0.01
967,500,-24.0,17.45,18.572,561,72,0,0.01
968,500,-17.0,16.618,17.744,563,73,0,0.01
969,500,-25.0,21.768,23.026,629,75,0,0.01
970,500,-14.0,20.826,22.002,588,77,0,0.01
971,500,-23.0,21.228,22.426,599,78,0,0.01
972,500,-17.0,16.22,17.3,540,73,0,0.01
973,500,-15.0,18.462,19.542,540,72,0,0.01
974,500,-25.0,15.778,16.918,570,73,0,0.01
975,500,-17.0,17.784,18.938,577,78,0,0.01
976,500,-19.0,19.036,20.196,580,78,0,0.01
977,500,-15.0,17.484,18.622,569,76,0,0.01
978,500,-22.0,17.892,19.056,582,70,0,0.01
979,500,-17.0,18.198,19.358,580,71,0,0.01
980,500,-15.0,17.82,19.03,605,71,0,0.01
981,500,-25.0,18.398,19.576,589,72,0,0.01
982,500,-31.0,18.578,19.744,583,78,0,0.01
983,500,-28.0,17.542,18.668,563,74,0,0.01
984,500,-16.0,18.52,19.678,579,74,0,0.01
985,500,-26.0,20.654,21.808,577,76,0,0.01
986,500,-19.0,22.974,24.286,656,72,0,0.01
987,500,-9.0,20.83,22.03,600,76,0,0.01
988,500,-16.0,17.628,18.78,576,77,0,0.01
989,500,-25.0,19.082,20.278,598,73,0,0.01
990,500,-29.0,19.056,20.284,614,71,0,0.01
991,500,-12.0,22.354,23.612,629,70,0,0.01
992,500,-23.0,18.048,19.21,581,75,0,0.01
993,500,-25.0,18.642,19.828,593,72,0,0.01
994,500,-22.0,19.998,21.15,576,78,0,0.01
995,500,-28.0,19.678,20.86,591,80,0,0.01
996,500,-22.0,17.782,18.928,573,73,0,0.01
997,500,-21.0,17.062,18.206,572,75,0,0.01
998,500,-25.0,18.392,19.578,593,70,0,0.01
999,500,-28.0,19.698,20.94,621,71,0,0.01
1000,500,-21.0,18.942,20.112,585,75,0,0.01
1001,500,-15.0,19.092,20.306,607,75,0,0.01
1002,500,-29.0,16.786,17.94,577,68,0,0.01
1003,500,-20.0,19.218,20.36,571,74,0,0.01
1004,500,-28.0,16.856,17.942,543,77,0,0.01
1005,500,-20.0,18.036,19.138,551,72,0,0.01
1006,500,-6.0,17.69,18.82,565,71,0,0.01
1007,500,-31.0,20.168,21.376,604,76,0,0.01
1008,500,-17.0,15.182,16.242,530,76,0,0.01
1009,500,-26.0,17.988,19.146,579,74,0,0.01
1010,500,-16.0,19.234,20.448,607,71,0,0.01
1011,500,-19.0,18.88,20.088,604,74,0,0.01
1012,500,-17.0,19.16,20.278,559,74,0,0.01
1013,500,-19.0,19.698,20.908,605,73,0,0.01
1014,500,-22.0,18.166,19.33,582,72,0,0.01
1015,500,-12.0,18.828,19.996,584,73,0,0.01
1016,500,-27.0,16.886,17.988,551,78,0,0.01
1017,500,-23.0,16.088,17.23,571,77,0,0.01
1018,500,-22.0,17.086,18.232,573,72,0,0.01
1019,500,-15.0,16.852,17.98,564,75,0,0.01
1020,500,-13.0,19.19,20.348,579,71,0,0.01
1021,500,-18.0,18.944,20.086,571,71,0,0.01
1022,500,-16.0,17.342,18.518,588,67,0,0.01
1023,500,-16.0,18.448,19.584,568,73,0,0.01
1024,500,-24.0,20.086,21.278,596,73,0,0.01
1025,500,-21.0,19.262,20.488,613,72,0,0.01
1026,500,-9.0,19.26,20.444,592,74,0,0.01
1027,500,-17.0,19.766,20.964,599,76,0,0.01
1028,500,-19.0,16.572,17.698,563,75,0,0.01
1029,500,-15.0,16.242,17.392,575,73,0,0.01
1030,500,-26.0,19.41,20.514,552,78,0,0.01
1031,500,-19.0,20.048,21.29,621,72,0,0.01
1032,500,-14.0,21.2,22.482,641,69,0,0.01
1033,500,-10.0,18.724,19.886,581,72,0,0.01
1034,500,-18.0,17.164,18.334,585,75,0,0.01
1035,500,-14.0,18.516,19.716,600,77,0,0.01
1036,500,-25.0,16.204,17.3,548,73,0,0.01
1037,500,-15.0,22.892,24.208,658,71,0,0.01
1038,500,-23.0,17.41,18.504,547,78,0,0.01
1039,500,-21.0,16.38,17.534,577,73,0,0.01
1040,500,-9.0,16.546,17.678,566,79,0,0.01
1041,500,-11.0,17.912,19.08,584,78,0,0.01
1042,500,-12.0,17.858,19.02,581,73,0,0.01
1043,500,-17.0,19.074,20.27,598,79,0,0.01
1044,500,-11.0,18.72,19.894,587,76,0,0.01
1045,500,-10.0,15.504,16.606,551,73,0,0.01
1046,500,-14.0,17.662,18.776,557,79,0,0.01
1047,500,-12.0,16.132,17.258,563,75,0,0.01
1048,500,-18.0,19.412,20.63,609,70,0,0.01
1049,500,-15.0,17.184,18.312,564,76,0,0.01
1050,500,-17.0,21.63,22.9,635,70,0,0.01
1051,500,-17.0,18.614,19.73,558,76,0,0.01
1052,500,-8.0,18.934,20.15,608,67,0,0.01
1053,500,-17.0,18.408,19.552,572,75,0,0.01
1054,500,-21.0,18.292,19.452,580,76,0,0.01
1055,500,-15.0,17.004,18.136,566,74,0,0.01
1056,500,-17.0,16.866,17.96,547,76,0,0.01
1057,500,-25.0,19.298,20.47,586,78,0,0.01
1058,500,-22.0,19.124,20.33,603,74,0,0.01
1059,500,-16.0,17.956,19.134,589,70,0,0.01
1060,500,-16.0,17.9,19.06,580,73,0,0.01
1061,500,-25.0,17.272,18.396,562,72,0,0.01
1062,500,-22.0,21.652,22.844,596,70,0,0.01
1063,500,-18.0,18.154,19.324,585,72,0,0.01
1064,500,-17.0,16.55,17.704,577,72,0,0.01
1065,500,-17.0,15.676,16.8,562,71,0,0.01
1066,500,-22.0,21.744,22.97,613,72,0,0.01
1067,500,-16.0,17.682,18.816,567,71,0,0.01
1068,500,-18.0,19.096,20.304,604,74,0,0.01
1069,500,-9.0,15.754,16.872,559,73,0,0.01
1070,500,-21.0,15.402,16.426,512,73,0,0.01
1071,500,-13.0,19.094,20.262,584,74,0,0.01
1072,500,-27.0,21.044,22.246,601,71,0,0.01
1073,500,-23.0,17.234,18.382,574,71,0,0.01
1074,500,-26.0,20.656,21.92,632,67,0,0.01
1075,500,-24.0,18.046,19.206,580,77,0,0.01
1076,500,-11.0,19.13,20.304,587,74,0,0.01
1077,500,-20.0,16.024,17.134,555,72,0,0.01
1078,500,-11.0,18.55,19.684,567,69,0,0.01
1079,500,-12.0,18.296,19.442,573,73,0,0.01
1080,500,-22.0,19.18,20.358,589,73,0,0.01
1081,500,-14.0,17.838,18.982,572,77,0,0.01
1082,500,-16.0,16.288,17.416,564,74,0,0.01
1083,500,-14.0,16.118,17.194,538,74,0,0.01
1084,500,-28.0,19.408,20.638,615,68,0,0.01
1085,500,-9.0,17.674,18.832,579,76,0,0.01
1086,500,-19.0,17.816,18.952,568,76,0,0.01
1087,500,-18.0,20.33,21.55,610,71,0,0.01
1088,500,-29.0,18.384,19.556,586,71,0,0.01
1089,500,-25.0,17.01,18.14,565,76,0,0.01
1090,500,-18.0,19.488,20.67,591,75,0,0.01
1091,500,-26.0,18.486,19.628,571,74,0,0.01
1092,500,-19.0,19.672,20.888,608,71,0,0.01
1093,500,-20.0,20.304,21.506,601,75,0,0.01
1094,500,-17.0,17.328,18.452,562,73,0,0.01
1095,500,-14.0,16.074,17.178,552,74,0,0.01
1096,500,-12.0,19.406,20.6,597,73,0,0.01
1097,500,-23.0,17.316,18.446,565,70,0,0.01
1098,500,-25.0,18.354,19.48,563,80,0,0.01
1099,500,-16.0,16.604,17.728,562,78,0,0.01
1100,500,-19.0,17.762,18.966,602,75,0,0.01
1101,500,-18.0,17.77,18.954,592,72,0,0.01
1102,500,-12.0,16.526,17.656,565,75,0,0.01
1103,500,-24.0,17.97,19.108,569,76,0,0.01
1104,500,-17.0,17.92,19.07,575,74,0,0.01
1105,500,-20.0,17.062,18.178,558,73,0,0.01
1106,500,-19.0,17.106,18.23,562,74,0,0.01
1107,500,-27.0,16.986,18.09,552,76,0,0.01
1108,500,-25.0,17.14,18.262,561,75,0,0.01
1109,500,-20.0,17.702,18.88,589,72,0,0.01
1110,500,-25.0,19.636,20.838,601,72,0,0.01
1111,500,-21.0,18.228,19.402,587,80,0,0.01
1112,500,-11.0,18.478,19.672,597,78,0,0.01
1113,500,-17.0,19.868,21.108,620,78,0,0.01
1114,500,-12.0,17.62,18.77,575,73,0,0.01
1115,500,-14.0,17.69,18.838,574,75,0,0.01
1116,500,-17.0,18.818,20.004,593,81,0,0.01
1117,500,-13.0,19.136,20.332,598,72,0,0.01
1118,500,-20.0,20.956,22.144,594,76,0,0.01
1119,500,-18.0,18.586,19.758,586,79,0,0.01
1120,500,-26.0,18.348,19.518,585,76,0,0.01
1121,500,-27.0,17.62,18.728,554,78,0,0.01
1122,500,-18.0,19.148,20.348,600,71,0,0.01
1123,500,-12.0,15.834,16.876,521,80,0,0.01
1124,500,-21.0,20.408,21.624,608,80,0,0.01
1125,500,-19.0,19.08,20.298,609,75,0,0.01
1126,500,-18.0,17.846,19.016,585,79,0,0.01
1127,500,-18.0,19.464,20.7,618,74,0,0.01
1128,500,-20.0,19.188,20.322,567,80,0,0.01
1129,500,-18.0,17.6,18.71,555,80,0,0.01
1130,500,-15.0,20.798,22.004,603,78,0,0.01
1131,500,-16.0,20.078,21.29,606,74,0,0.01
1132,500,-15.0,18.7,19.894,597,74,0,0.01
1133,500,-26.0,19.168,20.324,578,80,0,0.01
1134,500,-21.0,18.648,19.808,580,82,0,0.01
1135,500,-15.0,17.728,18.86,566,79,0,0.01
1136,500,-21.0,18.164,19.306,571,77,0,0.01
1137,500,-22.0,17.036,18.164,564,76,0,0.01
1138,500,-24.0,17.912,18.986,537,76,0,0.01
1139,500,-12.0,17.764,18.918,577,77,0,0.01
1140,500,-18.0,19.824,21.054,615,79,0,0.01
1141,500,-12.0,19.252,20.366,557,76,0,0.01
1142,500,-24.0,18.286,19.456,585,78,0,0.01
1143,500,-13.0,18.002,19.146,572,74,0,0.01
1144,500,-16.0,19.96,21.186,613,76,0,0.01
1145,500,-20.0,16.508,17.622,557,75,0,0.01
1146,500,-15.0,18.13,19.31,590,78,0,0.01
1147,500,-18.0,18.512,19.666,577,78,0,0.01
1148,500,-13.0,19.034,20.262,614,71,0,0.01
1149,500,-27.0,19.474,20.702,614,70,0,0.01
1150,500,-13.0,17.912,19.076,582,72,0,0.01
1151,500,-22.0,17.844,18.986,571,71,0,0.01
1152,500,-22.0,18.164,19.336,586,74,0,0.01
1153,500,-20.0,19.632,20.822,595,74,0,0.01
1154,500,-21.0,17.918,19.09,586,77,0,0.01
1155,500,-28.0,20.658,21.884,613,74,0,0.01
1156,500,-15.0,16.508,17.634,563,77,0,0.01
1157,500,-18.0,16.452,17.502,525,74,0,0.01
1158,500,-24.0,17.176,18.326,575,78,0,0.01
1159,500,-26.0,20.348,21.574,613,76,0,0.01
1160,500,-15.0,16.382,17.536,577,68,0,0.01
1161,500,-13.0,19.374,20.56,593,72,0,0.01
1162,500,-13.0,19.134,20.334,600,69,0,0.01
1163,500,-16.0,19.106,20.31,602,70,0,0.01
1164,500,-15.0,16.654,17.768,557,76,0,0.01
1165,500,-17.0,18.922,20.106,592,74,0,0.01
1166,500,-18.0,18.834,19.962,564,71,0,0.01
1167,500,-19.0,19.804,20.984,590,72,0,0.01
1168,500,-20.0,16.602,17.646,522,73,0,0.01
1169,500,-13.0,18.296,19.502,603,72,0,0.01
1170,500,-14.0,17.402,18.52,559,71,0,0.01
1171,500,-16.0,16.126,17.188,531,77,0,0.01
1172,500,-17.0,17.514,18.618,552,74,0,0.01
1173,500,-20.0,16.22,17.26,520,78,0,0.01
1174,500,-16.0,19.394,20.574,590,77,0,0.01
1175,500,-14.0,17.262,18.366,552,80,0,0.01
1176,500,-24.0,18.63,19.808,589,72,0,0.01
1177,500,-18.0,14.858,15.934,538,75,0,0.01
1178,500,-25.0,17.88,19.022,571,78,0,0.01
1179,500,-19.0,17.508,18.636,564,77,0,0.01
1180,500,-18.0,17.624,18.76,568,77,0,0.01
1181,500,-20.0,17.23,18.404,587,73,0,0.01
1182,500,-21.0,18.782,19.94,579,76,0,0.01
1183,500,-12.0,17.71,18.842,566,76,0,0.01
1184,500,-21.0,16.278,17.392,557,77,0,0.01
1185,500,-18.0,19.628,20.786,579,77,0,0.01
1186,500,-14.0,17.704,18.808,552,73,0,0.01
1187,500,-14.0,18.526,19.714,594,70,0,0.01
1188,500,-17.0,17.0,18.132,566,78,0,0.01
1189,500,-19.0,19.966,21.184,609,75,0,0.01
1190,500,-30.0,16.46,17.584,562,74,0,0.01
1191,500,-23.0,20.258,21.5,621,73,0,0.01
1192,500,-16.0,17.57,18.744,587,71,0,0.01
1193,500,-17.0,18.366,19.53,582,75,0,0.01
1194,500,-20.0,17.95,19.11,580,76,0,0.01
1195,500,-31.0,19.096,20.24,572,73,0,0.01
1196,500,-16.0,18.79,19.96,585,73,0,0.01
1197,500,-15.0,18.282,19.444,581,75,0,0.01
1198,500,-17.0,17.868,19.002,567,75,0,0.01
1199,500,-21.0,22.506,23.686,590,74,0,0.01
1200,500,-31.0,18.206,19.344,569,75,0,0.01
1201,500,-15.0,22.952,24.152,600,73,0,0.01
1202,500,-18.0,17.886,19.09,602,75,0,0.01
1203,500,-37.0,19.692,20.85,579,73,0,0.01
1204,500,-20.0,19.494,20.662,584,72,0,0.01
1205,500,-21.0,18.918,20.088,585,72,0,0.01
1206,500,-15.0,19.848,21.064,608,76,0,0.01
1207,500,-14.0,16.722,17.85,564,74,0,0.01
1208,500,-16.0,18.92,20.094,587,77,0,0.01
1209,500,-20.0,18.496,19.654,579,72,0,0.01
1210,500,-17.0,25.604,26.77,583,69,0,0.01
1211,500,-29.0,19.066,20.23,582,76,0,0.01
1212,500,-18.0,17.5,18.632,566,74,0,0.01
1213,500,-20.0,19.254,20.444,595,74,0,0.01
1214,500,-22.0,18.196,19.384,594,73,0,0.01
1215,500,-19.0,18.194,19.396,601,72,0,0.01
1216,500,-18.0,21.32,22.554,617,75,0,0.01
1217,500,-14.0,19.632,20.8,584,73,0,0.01
1218,500,-21.0,18.62,19.816,598,75,0,0.01
1219,500,-17.0,18.382,19.562,590,73,0,0.01
1220,500,-19.0,21.492,22.718,613,69,0,0.01
1221,500,-15.0,17.912,19.046,567,71,0,0.01
1222,500,-18.0,17.98,19.13,575,79,0,0.01
1223,500,-18.0,17.646,18.798,576,74,0,0.01
1224,500,-16.0,19.414,20.562,574,74,0,0.01
1225,500,-12.0,21.446,22.65,602,72,0,0.01
1226,500,-13.0,14.496,15.554,529,74,0,0.01
1227,500,-23.0,16.37,17.446,538,75,0,0.01
1228,500,-19.0,18.864,20.022,579,77,0,0.01
1229,500,-22.0,18.402,19.532,565,75,0,0.01
1230,500,-18.0,16.074,17.196,561,76,0,0.01
1231,500,-23.0,16.634,17.746,556,77,0,0.01
1232,500,-14.0,19.278,20.518,620,74,0,0.01
1233,500,-20.0,16.876,18.008,566,71,0,0.01
1234,500,-17.0,19.58,20.8,610,74,0,0.01
1235,500,-12.0,17.11,18.27,580,72,0,0.01
1236,500,-14.0,16.86,18.016,578,76,0,0.01
1237,500,-18.0,17.92,19.028,554,74,0,0.01
1238,500,-18.0,20.924,22.186,631,69,0,0.01
1239,500,-26.0,19.36,20.54,590,74,0,0.01
1240,500,-21.0,16.978,18.128,575,75,0,0.01
1241,500,-12.0,17.444,18.618,587,76,0,0.01
1242,500,-21.0,18.02,19.142,561,71,0,0.01
1243,500,-23.0,19.04,20.218,589,74,0,0.01
1244,500,-20.0,17.008,18.17,581,75,0,0.01
1245,500,-17.0,18.07,19.21,570,74,0,0.01
1246,500,-14.0,18.196,19.32,562,74,0,0.01
1247,500,-19.0,20.882,22.102,610,73,0,0.01
1248,500,-17.0,19.134,20.312,589,76,0,0.01
1249,500,-28.0,17.87,19.034,582,73,0,0.01
1250,500,-17.0,17.936,19.102,583,72,0,0.01
1251,500,-18.0,18.148,19.304,578,75,0,0.01
1252,500,-18.0,17.254,18.406,576,73,0,0.01
1253,500,-19.0,18.15,19.276,563,71,0,0.01
1254,500,-22.0,17.244,18.396,576,73,0,0.01
1255,500,-19.0,17.732,18.888,578,75,0,0.01
1256,500,-11.0,16.638,17.758,560,83,0,0.01
1257,500,-21.0,16.006,17.074,534,75,0,0.01
1258,500,-11.0,17.002,18.132,565,70,0,0.01
1259,500,-18.0,16.658,17.788,565,76,0,0.01
1260,500,-14.0,17.302,18.456,577,72,0,0.01
1261,500,-18.0,19.788,20.95,581,73,0,0.01
1262,500,-15.0,19.324,20.44,558,76,0,0.01
1263,500,-14.0,18.95,20.128,589,75,0,0.01
1264,500,-19.0,18.536,19.694,579,73,0,0.01
1265,500,-22.0,18.05,19.172,561,78,0,0.01
1266,500,-26.0,19.188,20.322,567,76,0,0.01
1267,500,-31.0,17.508,18.61,551,74,0,0.01
1268,500,-25.0,17.68,18.826,573,79,0,0.01
1269,500,-17.0,17.126,18.24,557,72,0,0.01
1270,500,-24.0,17.778,18.946,584,74,0,0.01
1271,500,-23.0,19.298,20.492,597,73,0,0.01
1272,500,-26.0,21.5,22.714,607,74,0,0.01
1273,500,-21.0,20.292,21.538,623,72,0,0.01
1274,500,-15.0,18.536,19.69,577,68,0,0.01
1275,500,-15.0,18.538,19.726,594,73,0,0.01
1276,500,-26.0,17.408,18.54,566,72,0,0.01
1277,500,-22.0,21.7,22.954,627,73,0,0.01
1278,500,-14.0,14.322,15.384,531,71,0,0.01
1279,500,-30.0,19.52,20.684,582,71,0,0.01
1280,500,-20.0,17.478,18.604,563,73,0,0.01
1281,500,-28.0,17.56,18.708,574,75,0,0.01
1282,500,-12.0,19.294,20.5,603,74,0,0.01
1283,500,-21.0,16.834,17.89,528,78,0,0.01
1284,500,-12.0,21.012,22.202,595,68,0,0.01
1285,500,-17.0,16.536,17.592,528,69,0,0.01
1286,500,-19.0,17.246,18.354,554,72,0,0.01
1287,500,-14.0,16.598,17.728,565,74,0,0.01
1288,500,-19.0,18.11,19.278,584,73,0,0.01
1289,500,-13.0,16.024,17.112,544,73,0,0.01
1290,500,-15.0,19.534,20.776,621,70,0,0.01
1291,500,-27.0,19.086,20.214,564,72,0,0.01
1292,500,-18.0,17.09,18.27,590,75,0,0.01
1293,500,-30.0,23.748,25.002,627,68,0,0.01
1294,500,-15.0,14.886,15.998,556,76,0,0.01
1295,500,-18.0,18.268,19.458,595,73,0,0.01
1296,500,-16.0,17.756,18.942,593,72,0,0.01
1297,500,-16.0,17.24,18.424,592,72,0,0.01
1298,500,-18.0,17.966,19.128,581,72,0,0.01
1299,500,-18.0,16.122,17.24,559,73,0,0.01
1300,500,-24.0,17.624,18.73,553,73,0,0.01
1301,500,-18.0,18.54,19.686,573,71,0,0.01
1302,500,-25.0,18.816,19.986,585,73,0,0.01
1303,500,-15.0,17.932,19.118,593,73,0,0.01
1304,500,-27.0,19.3,20.414,557,69,0,0.01
1305,500,-15.0,18.46,19.662,601,74,0,0.01
1306,500,-11.0,20.114,21.346,616,73,0,0.01
1307,500,-23.0,18.37,19.53,580,72,0,0.01
1308,500,-18.0,19.236,20.45,607,75,0,0.01
1309,500,-21.0,16.274,17.364,545,73,0,0.01
1310,500,-36.0,21.428,22.622,597,70,0,0.01
1311,500,-18.0,16.304,17.434,565,72,0,0.01
1312,500,-17.0,20.19,21.43,620,71,0,0.01
1313,500,-24.0,18.448,19.562,557,72,0,0.01
1314,500,-25.0,16.956,18.088,566,70,0,0.01
1315,500,-15.0,16.462,17.586,562,69,0,0.01
1316,500,-25.0,20.722,21.94,609,73,0,0.01
1317,500,-25.0,20.518,21.782,632,73,0,0.01
1318,500,-15.0,15.552,16.634,541,72,0,0.01
1319,500,-29.0,20.094,21.24,573,72,0,0.01
1320,500,-24.0,22.004,23.13,563,71,0,0.01
1321,500,-25.0,16.344,17.45,553,70,0,0.01
1322,500,-29.0,18.948,20.09,571,75,0,0.01
1323,500,-21.0,21.872,23.12,624,74,0,0.01
1324,500,-17.0,20.764,21.972,604,77,0,0.01
1325,500,-18.0,17.608,18.75,571,79,0,0.01
1326,500,-20.0,17.46,18.612,576,78,0,0.01
1327,500,-13.0,18.598,19.79,596,73,0,0.01
1328,500,-14.0,16.928,18.032,552,69,0,0.01
1329,500,-25.0,16.626,17.706,540,74,0,0.01
1330,500,-11.0,17.406,18.598,596,76,0,0.01
1331,500,-26.0,17.982,19.144,581,77,0,0.01
1332,500,-12.0,18.622,19.788,583,72,0,0.01
1333,500,-17.0,17.038,18.21,586,76,0,0.01
1334,500,-18.0,19.42,20.572,576,74,0,0.01
1335,500,-18.0,18.9,20.058,579,69,0,0.01
1336,500,-21.0,20.244,21.41,583,71,0,0.01
1337,500,-30.0,18.804,19.958,577,76,0,0.01
1338,500,-15.0,21.228,22.45,611,75,0,0.01
1339,500,-20.0,16.208,17.32,556,78,0,0.01
1340,500,-15.0,18.182,19.316,567,75,0,0.01
1341,500,-22.0,19.144,20.342,599,78,0,0.01
1342,500,-20.0,17.31,18.448,569,74,0,0.01
1343,500,-29.0,19.082,20.25,584,79,0,0.01
1344,500,-14.0,18.35,19.508,579,78,0,0.01
1345,500,-16.0,17.222,18.366,572,80,0,0.01
1346,500,-24.0,18.65,19.806,578,71,0,0.01
1347,500,-21.0,16.716,17.862,573,77,0,0.01
1348,500,-12.0,16.57,17.674,552,74,0,0.01
1349,500,-14.0,17.408,18.5,546,77,0,0.01
1350,500,-21.0,15.488,16.572,542,74,0,0.01
1351,500,-26.0,16.484,17.586,551,72,0,0.01
1352,500,-12.0,17.99,19.154,582,77,0,0.01
1353,500,-27.0,14.876,15.878,501,74,0,0.01
1354,500,-7.0,15.868,16.994,563,78,0,0.01
1355,500,-16.0,19.62,20.828,604,78,0,0.01
1356,500,-21.0,18.238,19.426,594,68,0,0.01
1357,500,-22.0,15.892,17.074,591,76,0,0.01
1358,500,-24.0,16.262,17.33,534,69,0,0.01
1359,500,-17.0,18.062,19.208,573,73,0,0.01
1360,500,-27.0,14.508,15.57,531,69,0,0.01
1361,500,-24.0,16.014,17.084,535,67,0,0.01
1362,500,-23.0,17.578,18.798,610,74,0,0.01
1363,500,-15.0,19.3,20.538,619,72,0,0.01
1364,500,-18.0,16.48,17.616,568,78,0,0.01
1365,500,-16.0,19.566,20.764,599,77,0,0.01
1366,500,-16.0,19.572,20.81,619,71,0,0.01
1367,500,-22.0,18.218,19.422,602,75,0,0.01
1368,500,-22.0,17.002,18.162,580,75,0,0.01
1369,500,-15.0,20.386,21.58,597,69,0,0.01
1370,500,-23.0,17.292,18.472,590,79,0,0.01
1371,500,-11.0,17.438,18.6,581,76,0,0.01
1372,500,-13.0,18.94,20.146,603,76,0,0.01
1373,500,-13.0,19.408,20.642,617,72,0,0.01
1374,500,-20.0,18.658,19.834,588,76,0,0.01
1375,500,-19.0,15.702,16.784,541,75,0,0.01
1376,500,-26.0,22.158,23.382,612,77,0,0.01
1377,500,-13.0,17.842,19.006,582,77,0,0.01
1378,500,-16.0,15.818,16.914,548,76,0,0.01
1379,500,-16.0,18.078,19.242,582,75,0,0.01
1380,500,-25.0,16.944,18.088,572,72,0,0.01
1381,500,-9.0,18.214,19.42,603,74,0,0.01
1382,500,-28.0,18.384,19.548,582,74,0,0.01
1383,500,-18.0,18.562,19.748,593,73,0,0.01
1384,500,-19.0,14.622,15.702,540,72,0,0.01
1385,500,-22.0,17.88,19.012,566,78,0,0.01
1386,500,-23.0,21.134,22.37,618,72,0,0.01
1387,500,-26.0,14.706,15.76,527,77,0,0.01
1388,500,-6.0,16.144,17.318,587,70,0,0.01
1389,500,-13.0,20.458,21.71,626,75,0,0.01
1390,500,-14.0,17.588,18.754,583,71,0,0.01
1391,500,-15.0,16.98,18.118,569,76,0,0.01
1392,500,-17.0,17.016,18.146,565,74,0,0.01
1393,500,-33.0,21.952,23.216,632,69,0,0.01
1394,500,-26.0,20.956,22.216,630,73,0,0.01
1395,500,-18.0,18.736,19.96,612,73,0,0.01
1396,500,-18.0,17.14,18.264,562,76,0,0.01
1397,500,-9.0,16.77,17.86,545,81,0,0.01
1398,500,-32.0,22.638,23.822,592,69,0,0.01
1399,500,-19.0,19.974,21.2,613,76,0,0.01
1400,500,-13.0,14.272,15.304,516,75,0,0.01
1401,500,-16.0,20.74,21.942,601,73,0,0.01
1402,500,-19.0,20.316,21.55,617,77,0,0.01
1403,500,-18.0,17.324,18.504,590,77,0,0.01
1404,500,-22.0,21.582,22.814,616,77,0,0.01
1405,500,-15.0,21.116,22.342,613,68,0,0.01
1406,500,-19.0,21.238,22.454,608,77,0,0.01
1407,500,-15.0,18.566,19.742,588,76,0,0.01
1408,500,-29.0,16.592,17.714,561,72,0,0.01
1409,500,-25.0,18.016,19.156,570,77,0,0.01
1410,500,-26.0,20.078,21.276,599,81,0,0.01
1411,500,-17.0,20.952,22.146,597,74,0,0.01
1412,500,-21.0,18.932,20.134,601,76,0,0.01
1413,500,-16.0,20.582,21.818,618,76,0,0.01
1414,500,-13.0,18.026,19.18,577,77,0,0.01
1415,500,-16.0,18.252,19.402,575,75,0,0.01
1416,500,-14.0,17.708,18.83,561,74,0,0.01
1417,500,-22.0,18.836,20.024,594,79,0,0.01
1418,500,-27.0,18.338,19.496,579,74,0,0.01
1419,500,-16.0,17.608,18.706,549,79,0,0.01
1420,500,-21.0,16.422,17.488,533,78,0,0.01
1421,500,-25.0,21.888,23.15,631,75,0,0.01
1422,500,-18.0,19.532,20.618,543,84,0,0.01
1423,500,-16.0,16.824,17.928,552,82,0,0.01
1424,500,-21.0,20.396,21.638,621,76,0,0.01
1425,500,-16.0,19.42,20.632,606,80,0,0.01
1426,500,-21.0,21.318,22.558,620,79,0,0.01
1427,500,-18.0,18.19,19.39,600,80,0,0.01
1428,500,-14.0,17.33,18.48,575,79,0,0.01
1429,500,-17.0,19.248,20.476,614,77,0,0.01
1430,500,-14.0,19.1,20.3,600,75,0,0.01
1431,500,-15.0,17.75,18.9,575,80,0,0.01
1432,500,-26.0,19.124,20.31,593,82,0,0.01
1433,500,-21.0,16.032,17.148,558,78,0,0.01
1434,500,-13.0,17.826,18.962,568,86,0,0.01
1435,500,-22.0,16.668,17.78,556,81,0,0.01
1436,500,-13.0,18.932,20.088,578,76,0,0.01
1437,500,-18.0,18.952,20.102,575,80,0,0.01
1438,500,-20.0,18.764,19.918,577,81,0,0.01
1439,500,-26.0,19.512,20.732,610,78,0,0.01
1440,500,-11.0,17.298,18.464,583,77,0,0.01
1441,500,-23.0,18.502,19.644,571,77,0,0.01
1442,500,-22.0,19.266,20.368,551,81,0,0.01
1443,500,-17.0,19.074,20.242,584,82,0,0.01
1444,500,-19.0,17.888,19.024,568,83,0,0.01
1445,500,-14.0,18.686,19.876,595,79,0,0.01
1446,500,-16.0,21.402,22.63,614,78,0,0.01
1447,500,-20.0,19.6,20.796,598,77,0,0.01
1448,500,-21.0,19.592,20.744,576,80,0,0.01
1449,500,-17.0,18.378,19.562,592,78,0,0.01
1450,500,-18.0,19.544,20.752,604,80,0,0.01
1451,500,-13.0,16.568,17.736,584,80,0,0.01
1452,500,-25.0,19.85,21.018,584,82,0,0.01
1453,500,-31.0,16.966,18.094,564,75,0,0.01
1454,500,-20.0,16.77,17.932,581,78,0,0.01
1455,500,-13.0,20.206,21.392,593,77,0,0.01
1456,500,-19.0,19.34,20.426,543,84,0,0.01
1457,500,-19.0,26.782,28.108,663,71,0,0.01
1458,500,-22.0,17.74,18.892,576,85,0,0.01
1459,500,-21.0,17.784,18.922,569,82,0,0.01
1460,500,-13.0,20.45,21.658,604,76,0,0.01
1461,500,-19.0,18.456,19.596,570,84,0,0.01
1462,500,-13.0,18.784,19.97,593,79,0,0.01
1463,500,-16.0,21.196,22.45,627,82,0,0.01
1464,500,-18.0,18.286,19.456,585,81,0,0.01
1465,500,-28.0,17.578,18.714,568,82,0,0.01
1466,500,-15.0,20.516,21.732,608,79,0,0.01
1467,500,-16.0,20.866,22.052,593,79,0,0.01
1468,500,-25.0,19.696,20.87,587,83,0,0.01
1469,500,-26.0,20.63,21.77,570,81,0,0.01
1470,500,-18.0,18.024,19.164,570,82,0,0.01
1471,500,-12.0,20.238,21.428,595,79,0,0.01
1472,500,-31.0,23.048,24.264,608,79,0,0.01
1473,500,-19.0,17.37,18.476,553,82,0,0.01
1474,500,-10.0,19.764,20.962,599,82,0,0.01
1475,500,-27.0,17.29,18.41,560,77,0,0.01
1476,500,-12.0,20.21,21.428,609,75,0,0.01
1477,500,-14.0,19.8,20.962,581,78,0,0.01
1478,500,-18.0,18.372,19.532,580,82,0,0.01
1479,500,-21.0,18.784,19.928,572,82,0,0.01
1480,500,-10.0,19.726,20.904,589,82,0,0.01
1481,500,-20.0,15.85,16.94,545,79,0,0.01
1482,500,-27.0,20.822,21.978,578,79,0,0.01
1483,500,-19.0,15.992,17.076,542,82,0,0.01
1484,500,-17.0,16.776,17.912,568,79,0,0.01
1485,500,-9.0,20.324,21.52,598,79,0,0.01
1486,500,-21.0,20.166,21.334,584,81,0,0.01
1487,500,-28.0,18.48,19.64,580,73,0,0.01
1488,500,-23.0,17.542,18.676,567,77,0,0.01
1489,500,-30.0,19.504,20.704,600,80,0,0.01
1490,500,-13.0,20.314,21.5,593,76,0,0.01
1491,500,-15.0,19.864,21.062,599,72,0,0.01
1492,500,-13.0,16.642,17.798,578,75,0,0.01
1493,500,-22.0,19.162,20.296,567,81,0,0.01
1494,500,-20.0,16.876,17.988,556,81,0,0.01
1495,500,-24.0,20.318,21.532,607,76,0,0.01
1496,500,-19.0,17.99,19.11,560,78,0,0.01
1497,500,-18.0,16.896,18.006,555,80,0,0.01
1498,500,-19.0,20.052,21.272,610,79,0,0.01
1499,500,-20.0,19.634,20.856,611,75,0,0.01
1500,500,-15.0,13.988,15.068,540,80,0,0.01
1501,500,-17.0,17.016,18.13,557,80,0,0.01
1502,500,-12.0,15.582,16.714,566,72,0,0.01
1503,500,-27.0,17.38,18.522,571,76,0,0.01
1504,500,-16.0,21.042,22.236,597,77,0,0.01
1505,500,-27.0,21.338,22.576,619,77,0,0.01
1506,500,-16.0,22.396,23.65,627,74,0,0.01
1507,500,-20.0,18.54,19.682,571,77,0,0.01
1508,500,-17.0,20.708,21.888,590,75,0,0.01
1509,500,-17.0,19.292,20.422,565,73,0,0.01
1510,500,-19.0,17.376,18.502,563,81,0,0.01
1511,500,-19.0,20.114,21.298,592,78,0,0.01
1512,500,-14.0,16.044,17.136,546,71,0,0.01
1513,500,-16.0,16.13,17.188,529,74,0,0.01
1514,500,-18.0,18.82,19.99,585,75,0,0.01
1515,500,-21.0,18.98,20.152,586,72,0,0.01
1516,500,-20.0,18.16,19.336,588,74,0,0.01
1517,500,-10.0,20.724,21.974,625,77,0,0.01
1518,500,-19.0,22.342,23.596,627,73,0,0.01
1519,500,-18.0,18.144,19.246,551,74,0,0.01
1520,500,-13.0,17.314,18.416,551,77,0,0.01
1521,500,-15.0,19.328,20.514,593,76,0,0.01
1522,500,-23.0,20.796,22.01,607,69,0,0.01
1523,500,-20.0,21.544,22.742,599,78,0,0.01
1524,500,-23.0,25.16,26.436,638,72,0,0.01
1525,500,-19.0,18.666,19.86,597,77,0,0.01
1526,500,-18.0,17.054,18.182,564,77,0,0.01
1527,500,-18.0,17.646,18.786,570,79,0,0.01
1528,500,-21.0,19.506,20.698,596,75,0,0.01
1529,500,-28.0,22.506,23.738,616,77,0,0.01
1530,500,-15.0,19.25,20.434,592,77,0,0.01
1531,500,-22.0,21.442,22.694,626,77,0,0.01
1532,500,-21.0,17.522,18.634,556,81,0,0.01
1533,500,-25.0,18.53,19.61,540,79,0,0.01
1534,500,-21.0,21.134,22.272,569,78,0,0.01
1535,500,-18.0,18.236,19.36,562,75,0,0.01
1536,500,-18.0,17.272,18.368,548,83,0,0.01
1537,500,-19.0,22.322,23.516,597,80,0,0.01
1538,500,-24.0,21.898,23.054,578,81,0,0.01
1539,500,-14.0,21.85,23.028,589,77,0,0.01
1540,500,-25.0,19.296,20.47,587,82,0,0.01
1541,500,-19.0,20.546,21.734,594,77,0,0.01
1542,500,-26.0,20.22,21.352,566,76,0,0.01
1543,500,-33.0,19.136,20.256,560,77,0,0.01
1544,500,-16.0,24.192,25.474,641,73,0,0.01
1545,500,-31.0,23.944,25.216,636,78,0,0.01
1546,500,-26.0,21.098,22.286,594,79,0,0.01
1547,500,-21.0,18.288,19.47,591,79,0,0.01
1548,500,-19.0,20.712,21.898,593,73,0,0.01
1549,500,-22.0,17.658,18.796,569,81,0,0.01
1550,500,-36.0,18.252,19.4,574,75,0,0.01
1551,500,-24.0,19.75,20.858,554,78,0,0.01
1552,500,-21.0,17.74,18.848,554,80,0,0.01
1553,500,-26.0,22.102,23.326,612,74,0,0.01
1554,500,-15.0,16.68,17.82,570,76,0,0.01
1555,500,-21.0,19.164,20.326,581,82,0,0.01
1556,500,-20.0,15.908,16.99,541,79,0,0.01
1557,500,-13.0,18.842,20.056,607,79,0,0.01
1558,500,-24.0,17.636,18.728,546,75,0,0.01
1559,500,-20.0,18.828,20.014,593,79,0,0.01
1560,500,-24.0,19.612,20.758,573,82,0,0.01
1561,500,-11.0,16.932,18.028,548,83,0,0.01
1562,500,-15.0,18.068,19.212,572,79,0,0.01
1563,500,-14.0,20.078,21.272,597,78,0,0.01
1564,500,-28.0,20.044,21.22,588,77,0,0.01
1565,500,-18.0,17.444,18.614,585,80,0,0.01
1566,500,-20.0,19.35,20.52,585,79,0,0.01
1567,500,-18.0,19.446,20.652,603,75,0,0.01
1568,500,-16.0,19.372,20.532,580,83,0,0.01
1569,500,-29.0,17.64,18.832,596,73,0,0.01
1570,500,-16.0,21.28,22.504,612,74,0,0.01
1571,500,-24.0,21.314,22.536,611,75,0,0.01
1572,500,-16.0,18.724,19.818,547,77,0,0.01
1573,500,-24.0,19.84,21.056,608,73,0,0.01
1574,500,-21.0,15.57,16.624,527,77,0,0.01
1575,500,-22.0,18.946,20.106,580,78,0,0.01
1576,500,-22.0,16.928,18.078,575,74,0,0.01
1577,500,-14.0,18.422,19.596,587,77,0,0.01
1578,500,-20.0,18.498,19.676,589,78,0,0.01
1579,500,-27.0,19.342,20.478,568,86,0,0.01
1580,500,-23.0,19.71,20.912,601,74,0,0.01
1581,500,-12.0,17.712,18.884,586,76,0,0.01
1582,500,-31.0,18.046,19.182,568,76,0,0.01
1583,500,-20.0,18.866,19.994,564,79,0,0.01
1584,500,-19.0,19.392,20.6,604,77,0,0.01
1585,500,-18.0,16.546,17.652,553,77,0,0.01
1586,500,-15.0,15.18,16.262,541,77,0,0.01
1587,500,-11.0,16.876,17.96,542,75,0,0.01
1588,500,-16.0,17.276,18.43,577,76,0,0.01
1589,500,-16.0,16.932,18.05,559,72,0,0.01
1590,500,-20.0,19.662,20.876,607,70,0,0.01
1591,500,-19.0,16.728,17.82,546,75,0,0.01
1592,500,-15.0,16.328,17.452,562,73,0,0.01
1593,500,-16.0,20.254,21.498,622,72,0,0.01
1594,500,-14.0,20.002,21.196,597,75,0,0.01
1595,500,-21.0,18.056,19.234,589,71,0,0.01
1596,500,-14.0,19.414,20.554,570,80,0,0.01
1597,500,-32.0,20.614,21.81,598,78,0,0.01
1598,500,-24.0,23.358,24.59,616,79,0,0.01
1599,500,-29.0,20.096,21.3,602,78,0,0.01
1600,500,-17.0,20.654,21.83,588,78,0,0.01
1601,500,-22.0,20.008,21.252,622,72,0,0.01
1602,500,-20.0,17.944,19.118,587,75,0,0.01
1603,500,-23.0,21.348,22.574,613,77,0,0.01
1604,500,-17.0,19.492,20.706,607,80,0,0.01
1605,500,-18.0,15.862,16.956,547,79,0,0.01
1606,500,-24.0,18.786,19.904,559,78,0,0.01
1607,500,-15.0,22.5,23.748,624,76,0,0.01
1608,500,-17.0,18.892,20.024,566,75,0,0.01
1609,500,-11.0,16.764,17.898,567,72,0,0.01
1610,500,-26.0,18.222,19.356,567,79,0,0.01
1611,500,-33.0,22.616,23.814,599,80,0,0.01
1612,500,-19.0,18.042,19.226,592,78,0,0.01
1613,500,-28.0,15.632,16.722,545,77,0,0.01
1614,500,-21.0,20.512,21.694,591,76,0,0.01
1615,500,-25.0,21.046,22.258,606,78,0,0.01
1616,500,-26.0,20.782,21.932,575,77,0,0.01
1617,500,-26.0,18.776,19.968,596,74,0,0.01
1618,500,-24.0,19.998,21.174,588,78,0,0.01
1619,500,-13.0,17.624,18.778,577,68,0,0.01
1620,500,-17.0,17.886,19.022,568,78,0,0.01
1621,500,-18.0,20.426,21.634,604,76,0,0.01
1622,500,-15.0,21.906,23.176,635,72,0,0.01
1623,500,-18.0,18.964,20.142,589,74,0,0.01
1624,500,-15.0,22.778,24.034,628,73,0,0.01
1625,500,-18.0,17.492,18.636,572,67,0,0.01
1626,500,-19.0,17.312,18.392,540,74,0,0.01
1627,500,-21.0,24.316,25.54,612,77,0,0.01
1628,500,-17.0,17.618,18.738,560,80,0,0.01
1629,500,-14.0,19.764,20.94,588,80,0,0.01
1630,500,-21.0,17.922,19.028,553,75,0,0.01
1631,500,-13.0,16.752,17.886,567,76,0,0.01
1632,500,-16.0,19.63,20.858,614,77,0,0.01
1633,500,-22.0,20.876,21.994,559,83,0,0.01
1634,500,-20.0,17.312,18.428,558,78,0,0.01
1635,500,-24.0,17.658,18.76,551,78,0,0.01
1636,500,-18.0,16.968,18.066,549,74,0,0.01
1637,500,-22.0,20.102,21.286,592,81,0,0.01
1638,500,-22.0,16.736,17.888,576,75,0,0.01
1639,500,-19.0,15.572,16.694,561,77,0,0.01
1640,500,-20.0,23.646,24.868,611,77,0,0.01
1641,500,-13.0,19.784,20.982,599,77,0,0.01
1642,500,-23.0,18.58,19.728,574,72,0,0.01
1643,500,-18.0,18.448,19.616,584,79,0,0.01
1644,500,-22.0,14.866,15.938,536,74,0,0.01
1645,500,-16.0,17.416,18.574,579,75,0,0.01
1646,500,-18.0,16.412,17.526,557,75,0,0.01
1647,500,-22.0,18.822,19.934,556,73,0,0.01
1648,500,-12.0,18.852,20.034,591,73,0,0.01
1649,500,-13.0,14.918,16.004,543,76,0,0.01
1650,500,-13.0,19.3,20.524,612,74,0,0.01
1651,500,-21.0,17.456,18.59,567,75,0,0.01
1652,500,-31.0,16.408,17.532,562,75,0,0.01
1653,500,-20.0,19.186,20.378,596,78,0,0.01
1654,500,-6.0,15.858,16.988,565,71,0,0.01
1655,500,-19.0,20.324,21.562,619,74,0,0.01
1656,500,-17.0,17.246,18.4,577,71,0,0.01
1657,500,-10.0,18.504,19.65,573,74,0,0.01
1658,500,-19.0,15.812,16.942,565,76,0,0.01
1659,500,-13.0,16.554,17.642,544,79,0,0.01
1660,500,-23.0,17.764,18.904,570,75,0,0.01
1661,500,-21.0,19.184,20.38,598,73,0,0.01
1662,500,-10.0,17.152,18.308,578,75,0,0.01
1663,500,-17.0,15.66,16.782,561,76,0,0.01
1664,500,-22.0,17.098,18.158,530,79,0,0.01
1665,500,-14.0,21.44,22.692,626,76,0,0.01
1666,500,-23.0,19.656,20.856,600,75,0,0.01
1667,500,-17.0,19.392,20.556,582,84,0,0.01
1668,500,-16.0,17.924,19.048,562,82,0,0.01
1669,500,-22.0,15.276,16.336,530,78,0,0.01
1670,500,-18.0,18.608,19.748,570,83,0,0.01
1671,500,-17.0,17.056,18.222,583,71,0,0.01
1672,500,-30.0,20.23,21.398,584,75,0,0.01
1673,500,-25.0,18.348,19.458,555,77,0,0.01
1674,500,-18.0,19.372,20.512,570,78,0,0.01
1675,500,-11.0,17.994,19.182,594,68,0,0.01
1676,500,-23.0,18.702,19.832,565,72,0,0.01
1677,500,-16.0,15.17,16.266,548,68,0,0.01
1678,500,-16.0,18.122,19.304,591,74,0,0.01
1679,500,-14.0,20.15,21.29,570,78,0,0.01
1680,500,-22.0,18.236,19.372,568,78,0,0.01
1681,500,-16.0,16.842,17.918,538,82,0,0.01
1682,500,-13.0,17.508,18.614,553,75,0,0.01
1683,500,-17.0,18.426,19.586,580,82,0,0.01
1684,500,-16.0,19.038,20.236,599,76,0,0.01
1685,500,-28.0,22.732,23.978,623,71,0,0.01
1686,500,-17.0,21.166,22.36,597,79,0,0.01
1687,500,-16.0,17.568,18.74,586,74,0,0.01
1688,500,-16.0,19.568,20.712,572,79,0,0.01
1689,500,-26.0,21.682,22.846,582,73,0,0.01
1690,500,-25.0,22.606,23.81,602,81,0,0.01
1691,500,-21.0,19.02,20.16,570,76,0,0.01
1692,500,-28.0,18.32,19.514,597,77,0,0.01
1693,500,-17.0,20.56,21.72,580,84,0,0.01
1694,500,-16.0,19.212,20.346,567,78,0,0.01
1695,500,-15.0,21.304,22.526,611,74,0,0.01
1696,500,-24.0,21.932,23.176,622,75,0,0.01
1697,500,-16.0,18.16,19.316,578,79,0,0.01
1698,500,-16.0,17.694,18.824,565,76,0,0.01
1699,500,-14.0,17.414,18.512,549,82,0,0.01
1700,500,-16.0,18.768,19.946,589,83,0,0.01
1701,500,-18.0,16.67,17.788,559,79,0,0.01
1702,500,-24.0,18.888,20.106,609,76,0,0.01
1703,500,-18.0,15.982,17.044,531,82,0,0.01
1704,500,-13.0,18.078,19.232,577,75,0,0.01
1705,500,-16.0,22.004,23.224,610,81,0,0.01
1706,500,-17.0,18.422,19.608,593,77,0,0.01
1707,500,-27.0,17.752,18.874,561,77,0,0.01
1708,500,-19.0,20.022,21.206,592,81,0,0.01
1709,500,-22.0,18.764,19.956,596,77,0,0.01
1710,500,-17.0,18.214,19.406,596,77,0,0.01
1711,500,-22.0,20.198,21.368,585,81,0,0.01
1712,500,-18.0,18.292,19.48,594,74,0,0.01
1713,500,-16.0,19.968,21.142,587,82,0,0.01
1714,500,-19.0,17.852,19.01,579,81,0,0.01
1715,500,-16.0,14.13,15.18,525,72,0,0.01
1716,500,-15.0,16.1,17.142,521,73,0,0.01
1717,500,-23.0,16.966,18.092,563,74,0,0.01
1718,500,-19.0,20.34,21.564,612,73,0,0.01
1719,500,-16.0,16.19,17.334,572,71,0,0.01
1720,500,-14.0,17.932,19.09,579,71,0,0.01
1721,500,-11.0,19.338,20.508,585,78,0,0.01
1722,500,-18.0,20.776,22.046,635,70,0,0.01
1723,500,-17.0,18.488,19.578,545,76,0,0.01
1724,500,-19.0,23.464,24.738,637,69,0,0.01
1725,500,-21.0,19.096,20.286,595,71,0,0.01
1726,500,-17.0,19.914,21.162,624,68,0,0.01
1727,500,-26.0,17.45,18.568,559,73,0,0.01
1728,500,-17.0,19.406,20.602,598,72,0,0.01
1729,500,-18.0,17.69,18.88,595,69,0,0.01
1730,500,-17.0,19.668,20.876,604,66,0,0.01
1731,500,-17.0,18.95,20.092,571,80,0,0.01
1732,500,-28.0,19.736,20.872,568,73,0,0.01
1733,500,-18.0,22.178,23.476,649,71,0,0.01
1734,500,-14.0,18.734,19.928,597,69,0,0.01
1735,500,-17.0,16.574,17.722,574,70,0,0.01
1736,500,-18.0,20.67,21.894,612,72,0,0.01
1737,500,-15.0,18.392,19.594,601,69,0,0.01
1738,500,-36.0,21.458,22.688,615,70,0,0.01
1739,500,-13.0,18.41,19.556,573,71,0,0.01
1740,500,-19.0,18.264,19.46,598,75,0,0.01
1741,500,-15.0,17.6,18.764,582,74,0,0.01
1742,500,-22.0,19.308,20.518,605,71,0,0.01
1743,500,-24.0,16.19,17.274,542,74,0,0.01
1744,500,-14.0,16.566,17.68,557,71,0,0.01
1745,500,-17.0,16.374,17.482,554,72,0,0.01
1746,500,-18.0,15.996,17.11,557,69,0,0.01
1747,500,-22.0,18.672,19.836,582,74,0,0.01
1748,500,-14.0,17.088,18.22,566,71,0,0.01
1749,500,-23.0,18.318,19.488,585,71,0,0.01
1750,500,-34.0,19.734,20.898,582,77,0,0.01
1751,500,-21.0,19.352,20.512,580,74,0,0.01
1752,500,-16.0,17.076,18.16,542,72,0,0.01
1753,500,-17.0,17.59,18.692,551,74,0,0.01
1754,500,-15.0,18.426,19.556,565,79,0,0.01
1755,500,-17.0,19.418,20.608,595,76,0,0.01
1756,500,-21.0,18.308,19.508,600,72,0,0.01
1757,500,-18.0,18.24,19.378,569,83,0,0.01
1758,500,-25.0,19.198,20.36,581,76,0,0.01
1759,500,-27.0,23.664,24.918,627,73,0,0.01
1760,500,-19.0,15.436,16.55,557,74,0,0.01
1761,500,-16.0,21.228,22.444,608,75,0,0.01
1762,500,-19.0,19.498,20.666,584,80,0,0.01
1763,500,-19.0,18.658,19.818,580,74,0,0.01
1764,500,-10.0,17.806,18.928,561,69,0,0.01
1765,500,-29.0,18.188,19.366,589,71,0,0.01
1766,500,-33.0,21.322,22.552,615,71,0,0.01
1767,500,-22.0,18.264,19.412,574,77,0,0.01
1768,500,-27.0,16.902,18.062,580,76,0,0.01
1769,500,-22.0,19.316,20.494,589,76,0,0.01
1770,500,-12.0,20.696,21.844,574,82,0,0.01
1771,500,-25.0,21.186,22.388,601,80,0,0.01
1772,500,-11.0,15.444,16.468,512,76,0,0.01
1773,500,-11.0,19.164,20.286,561,73,0,0.01
1774,500,-10.0,21.548,22.746,599,83,0,0.01
1775,500,-15.0,20.882,22.12,619,71,0,0.01
1776,500,-17.0,16.818,17.876,529,78,0,0.01
1777,500,-20.0,17.38,18.54,580,75,0,0.01
1778,500,-20.0,18.398,19.586,594,71,0,0.01
1779,500,-17.0,16.722,17.768,523,80,0,0.01
1780,500,-11.0,20.636,21.832,598,76,0,0.01
1781,500,-19.0,19.052,20.234,591,75,0,0.01
1782,500,-26.0,19.022,20.204,591,78,0,0.01
1783,500,-22.0,17.942,19.066,562,82,0,0.01
1784,500,-22.0,18.594,19.784,595,73,0,0.01
1785,500,-22.0,19.452,20.69,619,75,0,0.01
1786,500,-12.0,19.506,20.706,600,80,0,0.01
1787,500,-25.0,20.398,21.654,628,71,0,0.01
1788,500,-13.0,16.102,17.192,545,78,0,0.01
1789,500,-16.0,17.092,18.212,560,75,0,0.01
1790,500,-21.0,19.054,20.27,608,73,0,0.01
1791,500,-10.0,17.102,18.168,533,78,0,0.01
1792,500,-12.0,17.906,18.994,544,76,0,0.01
1793,500,-25.0,18.544,19.678,567,74,0,0.01
1794,500,-19.0,15.888,16.994,553,70,0,0.01
1795,500,-23.0,16.808,17.918,555,71,0,0.01
1796,500,-13.0,17.38,18.524,572,73,0,0.01
1797,500,-19.0,15.822,16.97,574,69,0,0.01
1798,500,-19.0,18.952,20.142,595,73,0,0.01
1799,500,-15.0,21.378,22.552,587,79,0,0.01
1800,500,-15.0,17.59,18.748,579,71,0,0.01
1801,500,-28.0,18.766,19.96,597,73,0,0.01
1802,500,-12.0,16.638,17.804,583,78,0,0.01
1803,500,-22.0,21.818,23.062,622,69,0,0.01
1804,500,-23.0,18.92,20.088,584,71,0,0.01
1805,500,-22.0,16.872,17.996,562,73,0,0.01
1806,500,-23.0,16.8,17.932,566,70,0,0.01
1807,500,-20.0,19.51,20.688,589,75,0,0.01
1808,500,-16.0,18.26,19.482,611,72,0,0.01
1809,500,-15.0,19.824,21.034,605,71,0,0.01
1810,500,-20.0,15.792,16.884,546,71,0,0.01
1811,500,-25.0,15.17,16.256,543,70,0,0.01
1812,500,-20.0,15.368,16.424,528,71,0,0.01
1813,500,-20.0,21.244,22.54,648,72,0,0.01
1814,500,-14.0,19.148,20.306,579,76,0,0.01
1815,500,-30.0,19.042,20.226,592,75,0,0.01
1816,500,-35.0,19.274,20.48,603,71,0,0.01
1817,500,-18.0,17.916,19.056,570,73,0,0.01
1818,500,-22.0,16.38,17.49,555,74,0,0.01
1819,500,-18.0,16.008,17.13,561,76,0,0.01
1820,500,-17.0,23.372,24.616,622,72,0,0.01
1821,500,-11.0,17.084,18.196,556,76,0,0.01
1822,500,-29.0,18.976,20.204,614,72,0,0.01
1823,500,-12.0,19.658,20.878,610,71,0,0.01
1824,500,-18.0,17.87,18.992,561,72,0,0.01
1825,500,-16.0,19.728,20.84,556,76,0,0.01
1826,500,-16.0,16.85,18.006,578,71,0,0.01
1827,500,-16.0,18.528,19.746,609,73,0,0.01
1828,500,-24.0,19.758,20.962,602,74,0,0.01
1829,500,-10.0,16.616,17.768,576,76,0,0.01
1830,500,-12.0,16.84,18.018,589,70,0,0.01
1831,500,-16.0,20.692,21.92,614,78,0,0.01
1832,500,-23.0,17.696,18.892,598,74,0,0.01
1833,500,-19.0,16.488,17.614,563,74,0,0.01
1834,500,-28.0,18.748,19.91,581,73,0,0.01
1835,500,-16.0,19.368,20.548,590,81,0,0.01
1836,500,-15.0,19.104,20.276,586,75,0,0.01
1837,500,-9.0,17.476,18.644,584,74,0,0.01
1838,500,-26.0,17.944,19.106,581,80,0,0.01
1839,500,-17.0,18.07,19.302,616,70,0,0.01
1840,500,-14.0,18.37,19.536,583,70,0,0.01
1841,500,-14.0,17.6,18.704,552,76,0,0.01
1842,500,-18.0,16.598,17.738,570,68,0,0.01
1843,500,-16.0,19.448,20.706,629,73,0,0.01
1844,500,-21.0,17.422,18.574,576,68,0,0.01
1845,500,-31.0,17.584,18.698,557,77,0,0.01
1846,500,-12.0,16.778,17.898,560,74,0,0.01
1847,500,-18.0,18.692,19.882,595,74,0,0.01
1848,500,-22.0,17.728,18.876,574,75,0,0.01
1849,500,-14.0,19.004,20.18,588,70,0,0.01
1850,500,-19.0,18.794,19.966,586,73,0,0.01
1851,500,-25.0,16.474,17.6,563,73,0,0.01
1852,500,-29.0,19.476,20.706,615,72,0,0.01
1853,500,-27.0,20.92,22.11,595,79,0,0.01
1854,500,-17.0,18.164,19.356,596,73,0,0.01
1855,500,-13.0,17.978,19.112,567,79,0,0.01
1856,500,-25.0,22.072,23.336,632,70,0,0.01
1857,500,-19.0,18.442,19.65,604,73,0,0.01
1858,500,-15.0,15.684,16.786,551,73,0,0.01
1859,500,-10.0,21.62,22.882,631,78,0,0.01
1860,500,-15.0,21.296,22.54,622,71,0,0.01
1861,500,-19.0,16.154,17.33,588,70,0,0.01
1862,500,-13.0,18.658,19.844,593,75,0,0.01
1863,500,-24.0,19.202,20.41,604,76,0,0.01
1864,500,-19.0,20.354,21.558,602,74,0,0.01
1865,500,-15.0,15.572,16.67,549,79,0,0.01
1866,500,-11.0,18.498,19.672,587,75,0,0.01
1867,500,-22.0,18.522,19.742,610,73,0,0.01
1868,500,-34.0,19.498,20.672,587,72,0,0.01
1869,500,-18.0,17.02,18.166,573,73,0,0.01
1870,500,-24.0,17.748,18.912,582,76,0,0.01
1871,500,-25.0,20.224,21.44,608,75,0,0.01
1872,500,-18.0,16.862,17.996,567,75,0,0.01
1873,500,-20.0,18.366,19.556,595,76,0,0.01
1874,500,-24.0,19.894,21.098,602,73,0,0.01
1875,500,-28.0,17.078,18.208,565,74,0,0.01
1876,500,-28.0,18.196,19.384,594,73,0,0.01
1877,500,-29.0,18.33,19.484,577,72,0,0.01
1878,500,-11.0,17.138,18.292,577,73,0,0.01
1879,500,-31.0,18.212,19.37,579,72,0,0.01
1880,500,-12.0,20.944,22.142,599,78,0,0.01
1881,500,-17.0,18.284,19.444,580,81,0,0.01
1882,500,-26.0,16.892,18.0,554,76,0,0.01
1883,500,-20.0,19.124,20.294,585,71,0,0.01
1884,500,-17.0,15.924,17.018,547,74,0,0.01
1885,500,-25.0,18.848,20.022,587,75,0,0.01
1886,500,-38.0,19.354,20.576,611,72,0,0.01
1887,500,-31.0,21.03,22.22,595,75,0,0.01
1888,500,-9.0,16.832,18.008,588,72,0,0.01
1889,500,-21.0,19.746,20.948,601,72,0,0.01
1890,500,-22.0,17.03,18.23,600,70,0,0.01
1891,500,-15.0,16.836,17.934,549,71,0,0.01
1892,500,-14.0,18.186,19.338,576,72,0,0.01
1893,500,-20.0,19.176,20.37,597,71,0,0.01
1894,500,-18.0,18.91,20.128,609,72,0,0.01
1895,500,-12.0,15.05,16.184,567,74,0,0.01
1896,500,-18.0,16.762,17.932,585,72,0,0.01
1897,500,-26.0,18.87,20.042,586,73,0,0.01
1898,500,-16.0,19.062,20.282,610,69,0,0.01
1899,500,-21.0,19.194,20.314,560,71,0,0.01
1900,500,-11.0,17.96,19.092,566,71,0,0.01
1901,500,-6.0,20.328,21.562,617,70,0,0.01
1902,500,-13.0,17.458,18.594,568,71,0,0.01
1903,500,-23.0,16.098,17.212,557,69,0,0.01
1904,500,-23.0,18.13,19.276,573,71,0,0.01
1905,500,-9.0,15.936,17.04,552,72,0,0.01
1906,500,-17.0,19.89,21.094,602,73,0,0.01
1907,500,-15.0,18.702,19.868,583,75,0,0.01
1908,500,-20.0,16.468,17.612,572,73,0,0.01
1909,500,-18.0,17.444,18.616,586,73,0,0.01
1910,500,-34.0,17.384,18.512,564,71,0,0.01
1911,500,-6.0,15.626,16.774,574,70,0,0.01
1912,500,-20.0,19.164,20.336,586,76,0,0.01
1913,500,-24.0,16.552,17.71,579,72,0,0.01
1914,500,-24.0,18.302,19.474,586,71,0,0.01
1915,500,-17.0,18.834,20.006,586,70,0,0.01
1916,500,-14.0,17.694,18.808,557,73,0,0.01
1917,500,-18.0,20.862,22.104,621,72,0,0.01
1918,500,-16.0,17.95,19.062,556,71,0,0.01
1919,500,-26.0,17.222,18.314,546,82,0,0.01
1920,500,-26.0,17.812,18.954,571,72,0,0.01
1921,500,-26.0,19.774,20.926,576,75,0,0.01
1922,500,-26.0,19.446,20.678,616,74,0,0.01
1923,500,-20.0,16.428,17.556,564,74,0,0.01
1924,500,-21.0,18.022,19.208,593,73,0,0.01
1925,500,-11.0,16.928,18.074,573,72,0,0.01
1926,500,-22.0,20.75,21.98,615,69,0,0.01
1927,500,-25.0,17.236,18.346,555,70,0,0.01
1928,500,-25.0,18.27,19.41,570,83,0,0.01
1929,500,-26.0,19.8,21.01,605,76,0,0.01
1930,500,-16.0,20.068,21.288,610,69,0,0.01
1931,500,-32.0,25.512,26.818,653,72,0,0.01
1932,500,-20.0,19.566,20.772,603,75,0,0.01
1933,500,-17.0,20.29,21.478,594,79,0,0.01
1934,500,-20.0,14.584,15.636,526,72,0,0.01
1935,500,-18.0,19.712,20.918,603,75,0,0.01
1936,500,-16.0,17.386,18.488,551,75,0,0.01
1937,500,-14.0,18.358,19.546,594,76,0,0.01
1938,500,-16.0,18.15,19.274,562,70,0,0.01
1939,500,-22.0,19.736,20.882,573,75,0,0.01
1940,500,-23.0,16.79,17.9,555,72,0,0.01
1941,500,-21.0,19.984,21.17,593,72,0,0.01
1942,500,-16.0,17.81,19.018,604,73,0,0.01
1943,500,-21.0,16.864,18.0,568,76,0,0.01
1944,500,-23.0,17.346,18.476,565,71,0,0.01
1945,500,-13.0,18.588,19.786,599,72,0,0.01
1946,500,-13.0,16.504,17.622,559,74,0,0.01
1947,500,-21.0,17.858,19.002,572,72,0,0.01
1948,500,-22.0,16.26,17.35,545,76,0,0.01
1949,500,-21.0,17.996,19.154,579,71,0,0.01
1950,500,-16.0,20.752,22.024,636,70,0,0.01
1951,500,-16.0,17.78,18.966,593,68,0,0.01
1952,500,-14.0,17.508,18.666,579,71,0,0.01
1953,500,-24.0,17.142,18.328,593,70,0,0.01
1954,500,-21.0,16.59,17.746,578,71,0,0.01
1955,500,-13.0,17.118,18.272,577,74,0,0.01
1956,500,-14.0,15.398,16.536,569,71,0,0.01
1957,500,-21.0,15.386,16.484,549,70,0,0.01
1958,500,-22.0,14.808,15.852,522,69,0,0.01
1959,500,-14.0,16.08,17.192,556,74,0,0.01
1960,500,-12.0,19.11,20.284,587,73,0,0.01
1961,500,-15.0,16.232,17.362,565,75,0,0.01
1962,500,-19.0,17.628,18.824,598,72,0,0.01
1963,500,-27.0,16.9,17.992,546,78,0,0.01
1964,500,-19.0,15.67,16.814,572,73,0,0.01
1965,500,-23.0,16.952,18.064,556,75,0,0.01
1966,500,-21.0,16.194,17.306,556,74,0,0.01
1967,500,-21.0,17.882,19.062,590,75,0,0.01
1968,500,-13.0,15.308,16.366,529,68,0,0.01
1969,500,-21.0,17.32,18.458,569,71,0,0.01
1970,500,-27.0,19.074,20.254,590,71,0,0.01
1971,500,-14.0,18.31,19.464,577,71,0,0.01
1972,500,-8.0,17.308,18.484,588,72,0,0.01
1973,500,-23.0,21.506,22.692,593,74,0,0.01
1974,500,-17.0,19.164,20.342,589,72,0,0.01
1975,500,-23.0,19.282,20.462,590,72,0,0.01
1976,500,-17.0,19.914,21.106,596,73,0,0.01
1977,500,-13.0,16.968,18.098,565,73,0,0.01
1978,500,-22.0,18.586,19.726,570,80,0,0.01
1979,500,-16.0,17.646,18.832,593,74,0,0.01
1980,500,-18.0,16.858,18.012,577,75,0,0.01
1981,500,-15.0,18.05,19.192,571,72,0,0.01
1982,500,-22.0,17.226,18.366,570,76,0,0.01
1983,500,-17.0,21.752,22.96,604,71,0,0.01
1984,500,-19.0,17.46,18.64,590,70,0,0.01
1985,500,-14.0,19.164,20.374,605,75,0,0.01
1986,500,-22.0,15.784,16.894,555,73,0,0.01
1987,500,-18.0,20.104,21.278,587,69,0,0.01
1988,500,-18.0,17.254,18.398,572,73,0,0.01
1989,500,-13.0,16.032,17.156,562,75,0,0.01
1990,500,-16.0,18.956,20.154,599,75,0,0.01
1991,500,-14.0,16.784,17.94,578,75,0,0.01
1992,500,-27.0,21.42,22.672,626,75,0,0.01
1993,500,-18.0,17.94,19.116,588,71,0,0.01
1994,500,-8.0,16.256,17.378,561,76,0,0.01
1995,500,-15.0,16.736,17.868,566,75,0,0.01
1996,500,-27.0,18.498,19.66,581,70,0,0.01
1997,500,-13.0,18.604,19.708,552,75,0,0.01
1998,500,-26.0,21.768,23.012,622,77,0,0.01
1999,500,-24.0,15.51,16.556,523,75,0,0.01
2000,500,-12.0,18.17,19.34,585,74,0,0.01
2001,500,-27.0,22.136,23.354,609,72,0,0.01
2002,500,-31.0,19.236,20.35,557,71,0,0.01
2003,500,-23.0,15.998,17.032,517,79,0,0.01
2004,500,-17.0,18.594,19.744,575,74,0,0.01
2005,500,-10.0,16.882,18.002,560,77,0,0.01
2006,500,-14.0,16.554,17.646,546,79,0,0.01
2007,500,-11.0,17.788,18.944,578,75,0,0.01
2008,500,-17.0,15.41,16.448,519,77,0,0.01
2009,500,-17.0,19.98,21.174,597,77,0,0.01
2010,500,-15.0,16.928,18.058,565,76,0,0.01
2011,500,-10.0,16.612,17.756,572,71,0,0.01
2012,500,-23.0,20.264,21.412,574,70,0,0.01
2013,500,-21.0,21.918,23.17,626,72,0,0.01
2014,500,-32.0,18.118,19.326,604,77,0,0.01
2015,500,-19.0,18.748,19.894,573,72,0,0.01
2016,500,-13.0,18.362,19.584,611,67,0,0.01
2017,500,-15.0,18.356,19.536,590,76,0,0.01
2018,500,-12.0,16.57,17.736,583,74,0,0.01
2019,500,-14.0,17.73,18.934,602,75,0,0.01
2020,500,-14.0,19.13,20.314,592,70,0,0.01
2021,500,-19.0,17.492,18.668,588,71,0,0.01
2022,500,-19.0,20.64,21.878,619,75,0,0.01
2023,500,-15.0,16.238,17.342,552,75,0,0.01
2024,500,-12.0,18.234,19.424,595,73,0,0.01
2025,500,-14.0,17.644,18.804,580,74,0,0.01
2026,500,-14.0,17.978,19.116,569,75,0,0.01
2027,500,-15.0,16.918,18.03,556,75,0,0.01
2028,500,-18.0,16.364,17.448,542,72,0,0.01
2029,500,-9.0,17.188,18.304,558,74,0,0.01
2030,500,-23.0,24.024,25.306,641,69,0,0.01
2031,500,-10.0,19.342,20.568,613,68,0,0.01
2032,500,-11.0,15.378,16.424,523,76,0,0.01
2033,500,-15.0,17.646,18.814,584,72,0,0.01
2034,500,-28.0,16.778,17.93,576,73,0,0.01
2035,500,-14.0,18.122,19.304,591,73,0,0.01
2036,500,-14.0,17.994,19.172,589,76,0,0.01
2037,500,-16.0,16.546,17.714,584,73,0,0.01
2038,500,-20.0,19.148,20.344,598,77,0,0.01
2039,500,-21.0,18.526,19.714,594,77,0,0.01
2040,500,-13.0,16.464,17.596,566,78,0,0.01
2041,500,-20.0,18.764,19.916,576,75,0,0.01
2042,500,-24.0,19.882,21.138,628,71,0,0.01
2043,500,-12.0,15.188,16.284,548,73,0,0.01
2044,500,-16.0,18.386,19.526,570,78,0,0.01
2045,500,-24.0,18.69,19.874,592,69,0,0.01
2046,500,-18.0,19.028,20.198,585,80,0,0.01
2047,500,-10.0,15.322,16.452,565,73,0,0.01
2048,500,-19.0,17.834,19.014,590,74,0,0.01
2049,500,-30.0,19.752,20.948,598,74,0,0.01
2050,500,-19.0,17.488,18.604,558,77,0,0.01
2051,500,-15.0,18.946,20.118,586,74,0,0.01
2052,500,-22.0,20.716,21.912,598,73,0,0.01
2053,500,-19.0,18.622,19.816,597,76,0,0.01
2054,500,-15.0,19.308,20.49,591,71,0,0.01
2055,500,-15.0,16.56,17.708,574,76,0,0.01
2056,500,-16.0,17.358,18.48,561,73,0,0.01
2057,500,-15.0,15.97,17.118,574,77,0,0.01
2058,500,-22.0,16.682,17.866,592,71,0,0.01
2059,500,-17.0,15.01,16.078,534,73,0,0.01
2060,500,-21.0,18.418,19.572,577,75,0,0.01
2061,500,-21.0,19.196,20.346,575,82,0,0.01
2062,500,-21.0,14.162,15.186,512,80,0,0.01
2063,500,-16.0,18.716,19.918,601,76,0,0.01
2064,500,-17.0,22.126,23.376,625,72,0,0.01
2065,500,-23.0,20.36,21.522,581,76,0,0.01
2066,500,-27.0,19.902,21.104,601,73,0,0.01
2067,500,-21.0,20.198,21.39,596,75,0,0.01
2068,500,-17.0,20.176,21.32,572,78,0,0.01
2069,500,-16.0,18.322,19.48,579,75,0,0.01
2070,500,-16.0,20.018,21.228,605,78,0,0.01
2071,500,-18.0,16.504,17.552,524,76,0,0.01
2072,500,-14.0,16.574,17.73,578,75,0,0.01
2073,500,-21.0,20.054,21.26,603,79,0,0.01
2074,500,-23.0,18.78,19.946,583,76,0,0.01
2075,500,-13.0,19.092,20.242,575,75,0,0.01
2076,500,-17.0,17.524,18.694,585,72,0,0.01
2077,500,-20.0,17.568,18.712,572,73,0,0.01
2078,500,-16.0,20.498,21.694,598,78,0,0.01
2079,500,-13.0,17.326,18.444,559,75,0,0.01
2080,500,-14.0,18.486,19.594,554,75,0,0.01
2081,500,-25.0,16.78,17.886,553,70,0,0.01
2082,500,-11.0,16.748,17.858,555,78,0,0.01
2083,500,-20.0,17.392,18.54,574,77,0,0.01
2084,500,-13.0,18.516,19.654,569,75,0,0.01
2085,500,-11.0,18.774,19.952,589,76,0,0.01
2086,500,-23.0,18.674,19.832,579,70,0,0.01
2087,500,-24.0,18.43,19.606,588,71,0,0.01
2088,500,-26.0,18.952,20.122,585,76,0,0.01
2089,500,-10.0,18.506,19.72,607,69,0,0.01
2090,500,-16.0,17.328,18.454,563,74,0,0.01
2091,500,-24.0,18.74,19.898,579,72,0,0.01
2092,500,-27.0,18.704,19.802,549,78,0,0.01
2093,500,-19.0,18.258,19.476,609,73,0,0.01
2094,500,-11.0,17.758,18.9,571,73,0,0.01
2095,500,-29.0,18.46,19.634,587,74,0,0.01
2096,500,-18.0,17.226,18.404,589,75,0,0.01
2097,500,-18.0,15.534,16.626,546,74,0,0.01
2098,500,-22.0,17.822,18.984,581,73,0,0.01
2099,500,-24.0,15.478,16.556,539,74,0,0.01
2100,500,-25.0,15.636,16.732,548,75,0,0.01
2101,500,-17.0,19.758,21.012,627,72,0,0.01
2102,500,-24.0,16.798,17.938,570,76,0,0.01
2103,500,-19.0,19.324,20.464,570,76,0,0.01
2104,500,-17.0,16.172,17.274,551,72,0,0.01
2105,500,-17.0,20.156,21.418,631,74,0,0.01
2106,500,-9.0,16.338,17.422,542,73,0,0.01
2107,500,-16.0,16.83,17.968,569,71,0,0.01
2108,500,-19.0,17.634,18.8,583,70,0,0.01
2109,500,-17.0,20.166,21.374,604,71,0,0.01
2110,500,-17.0,17.434,18.588,577,76,0,0.01
2111,500,-13.0,16.812,17.954,571,76,0,0.01
2112,500,-16.0,18.224,19.44,608,72,0,0.01
2113,500,-14.0,15.982,17.086,552,72,0,0.01
2114,500,-13.0,17.108,18.248,570,75,0,0.01
2115,500,-13.0,17.462,18.602,570,75,0,0.01
2116,500,-8.0,17.816,19.008,596,72,0,0.01
2117,500,-18.0,20.184,21.372,594,74,0,0.01
2118,500,-21.0,16.85,18.014,582,73,0,0.01
2119,500,-10.0,17.07,18.178,554,67,0,0.01
2120,500,-14.0,18.708,19.88,586,74,0,0.01
2121,500,-15.0,16.242,17.356,557,71,0,0.01
2122,500,-18.0,19.074,20.24,583,74,0,0.01
2123,500,-13.0,18.456,19.654,599,72,0,0.01
2124,500,-14.0,18.328,19.506,589,70,0,0.01
2125,500,-14.0,15.276,16.388,556,70,0,0.01
2126,500,-21.0,15.466,16.562,548,74,0,0.01
2127,500,-18.0,17.75,18.928,589,74,0,0.01
2128,500,-16.0,18.04,19.21,585,70,0,0.01
2129,500,-13.0,15.988,17.07,541,72,0,0.01
2130,500,-16.0,17.494,18.66,583,76,0,0.01
2131,500,-21.0,15.724,16.816,546,72,0,0.01
2132,500,-22.0,17.998,19.192,597,74,0,0.01
2133,500,-17.0,17.704,18.91,603,69,0,0.01
2134,500,-14.0,19.482,20.652,585,72,0,0.01
2135,500,-13.0,17.616,18.724,554,76,0,0.01
2136,500,-14.0,18.382,19.576,597,70,0,0.01
2137,500,-18.0,20.808,22.016,604,78,0,0.01
2138,500,-30.0,18.81,19.982,586,74,0,0.01
2139,500,-18.0,18.684,19.888,602,73,0,0.01
2140,500,-16.0,19.138,20.352,607,71,0,0.01
2141,500,-17.0,20.44,21.642,601,74,0,0.01
2142,500,-21.0,18.528,19.692,582,70,0,0.01
2143,500,-24.0,18.0,19.182,591,76,0,0.01
2144,500,-21.0,17.96,19.146,593,72,0,0.01
2145,500,-21.0,17.778,18.914,568,74,0,0.01
2146,500,-34.0,16.832,17.936,552,70,0,0.01
2147,500,-23.0,15.97,17.088,559,70,0,0.01
2148,500,-16.0,16.832,17.978,573,74,0,0.01
2149,500,-20.0,16.67,17.808,569,74,0,0.01
2150,500,-26.0,19.51,20.724,607,72,0,0.01
2151,500,-12.0,16.244,17.336,546,73,0,0.01
2152,500,-20.0,17.006,18.11,552,75,0,0.01
2153,500,-12.0,15.028,16.132,552,70,0,0.01
2154,500,-26.0,18.832,20.054,611,72,0,0.01
2155,500,-23.0,16.588,17.75,581,69,0,0.01
2156,500,-19.0,16.414,17.532,559,76,0,0.01
2157,500,-17.0,18.204,19.384,590,73,0,0.01
2158,500,-14.0,18.982,20.184,601,69,0,0.01
2159,500,-13.0,17.602,18.752,575,76,0,0.01
2160,500,-31.0,18.046,19.18,567,77,0,0.01
2161,500,-16.0,17.052,18.178,563,75,0,0.01
2162,500,-17.0,17.488,18.684,598,72,0,0.01
2163,500,-12.0,16.952,18.066,557,78,0,0.01
2164,500,-18.0,19.008,20.226,609,75,0,0.01
2165,500,-31.0,19.204,20.384,590,78,0,0.01
2166,500,-18.0,19.516,20.688,586,83,0,0.01
2167,500,-17.0,18.36,19.562,601,76,0,0.01
2168,500,-22.0,19.044,20.256,606,79,0,0.01
2169,500,-20.0,17.234,18.406,586,73,0,0.01
2170,500,-16.0,21.946,23.22,637,74,0,0.01
2171,500,-18.0,18.634,19.83,598,77,0,0.01
2172,500,-25.0,16.832,17.986,577,74,0,0.01
2173,500,-18.0,18.378,19.538,580,77,0,0.01
2174,500,-23.0,19.958,21.16,601,79,0,0.01
2175,500,-16.0,18.328,19.536,604,75,0,0.01
2176,500,-23.0,18.416,19.558,571,82,0,0.01
2177,500,-15.0,14.332,15.4,534,73,0,0.01
2178,500,-26.0,17.668,18.838,585,75,0,0.01
2179,500,-29.0,18.618,19.81,596,76,0,0.01
2180,500,-22.0,17.644,18.77,563,71,0,0.01
2181,500,-25.0,17.9,19.054,577,74,0,0.01
2182,500,-22.0,17.542,18.732,595,75,0,0.01
2183,500,-16.0,17.172,18.326,577,69,0,0.01
2184,500,-12.0,17.756,18.924,584,74,0,0.01
2185,500,-28.0,20.182,21.42,619,70,0,0.01
2186,500,-27.0,19.714,20.906,596,73,0,0.01
2187,500,-8.0,18.314,19.424,555,72,0,0.01
2188,500,-15.0,15.96,17.11,575,72,0,0.01
2189,500,-21.0,19.676,20.936,630,69,0,0.01
2190,500,-21.0,18.938,20.098,580,74,0,0.01
2191,500,-15.0,16.972,18.136,582,76,0,0.01
2192,500,-13.0,16.88,17.994,557,73,0,0.01
2193,500,-18.0,16.198,17.312,557,76,0,0.01
2194,500,-24.0,18.052,19.23,589,73,0,0.01
2195,500,-22.0,20.768,21.938,585,72,0,0.01
2196,500,-28.0,21.048,22.272,612,70,0,0.01
2197,500,-18.0,16.724,17.866,571,78,0,0.01
2198,500,-19.0,17.004,18.122,559,75,0,0.01
2199,500,-24.0,17.372,18.53,579,72,0,0.01
2200,500,-15.0,16.034,17.172,569,69,0,0.01
2201,500,-20.0,17.548,18.692,572,75,0,0.01
2202,500,-19.0,18.572,19.728,578,71,0,0.01
2203,500,-23.0,18.466,19.686,610,73,0,0.01
2204,500,-22.0,17.202,18.346,572,71,0,0.01
2205,500,-14.0,17.95,19.158,604,73,0,0.01
2206,500,-19.0,16.186,17.288,551,79,0,0.01
2207,500,-10.0,16.072,17.16,544,74,0,0.01
2208,500,-25.0,17.678,18.832,577,78,0,0.01
2209,500,-20.0,16.714,17.82,553,72,0,0.01
2210,500,-10.0,17.268,18.438,585,72,0,0.01
2211,500,-19.0,18.424,19.598,587,71,0,0.01
2212,500,-17.0,15.296,16.364,534,75,0,0.01
2213,500,-20.0,14.736,15.768,516,74,0,0.01
2214,500,-21.0,16.968,18.074,553,75,0,0.01
2215,500,-22.0,18.344,19.526,591,80,0,0.01
2216,500,-7.0,15.744,16.87,563,76,0,0.01
2217,500,-20.0,18.114,19.31,598,72,0,0.01
2218,500,-18.0,16.788,17.928,570,72,0,0.01
2219,500,-16.0,20.172,21.394,611,73,0,0.01
2220,500,-20.0,19.598,20.828,615,74,0,0.01
2221,500,-22.0,20.024,21.224,600,76,0,0.01
2222,500,-18.0,17.23,18.396,583,76,0,0.01
2223,500,-19.0,17.538,18.68,571,73,0,0.01
2224,500,-27.0,18.394,19.55,578,75,0,0.01
2225,500,-16.0,18.458,19.68,611,73,0,0.01
2226,500,-25.0,17.026,18.14,557,71,0,0.01
2227,500,-26.0,18.702,19.866,582,75,0,0.01
2228,500,-18.0,19.386,20.566,590,71,0,0.01
2229,500,-23.0,17.742,18.808,533,73,0,0.01
2230,500,-13.0,19.146,20.358,606,76,0,0.01
2231,500,-13.0,18.838,20.0,581,69,0,0.01
2232,500,-40.0,23.348,24.602,627,73,0,0.01
2233,500,-17.0,15.906,17.034,564,72,0,0.01
2234,500,-21.0,19.106,20.306,600,77,0,0.01
2235,500,-23.0,17.056,18.224,584,79,0,0.01
2236,500,-22.0,19.614,20.812,599,73,0,0.01
2237,500,-15.0,22.252,23.556,652,70,0,0.01
2238,500,-22.0,17.004,18.154,575,70,0,0.01
2239,500,-20.0,16.786,17.91,562,76,0,0.01
2240,500,-12.0,18.262,19.424,581,75,0,0.01
2241,500,-12.0,21.634,22.896,631,74,0,0.01
2242,500,-26.0,18.018,19.21,596,73,0,0.01
2243,500,-23.0,17.84,19.016,588,73,0,0.01
2244,500,-25.0,21.682,22.882,600,74,0,0.01
2245,500,-12.0,16.216,17.29,537,78,0,0.01
2246,500,-23.0,22.138,23.43,646,75,0,0.01
2247,500,-35.0,21.34,22.596,628,80,0,0.01
2248,500,-14.0,17.574,18.746,586,74,0,0.01
2249,500,-19.0,19.014,20.178,582,76,0,0.01
2250,500,-23.0,17.458,18.592,567,74,0,0.01
2251,500,-19.0,20.934,22.122,594,70,0,0.01
2252,500,-16.0,17.62,18.716,548,75,0,0.01
2253,500,-15.0,17.56,18.668,554,76,0,0.01
2254,500,-23.0,18.598,19.762,582,81,0,0.01
2255,500,-18.0,19.078,20.274,598,80,0,0.01
2256,500,-9.0,17.448,18.612,582,73,0,0.01
2257,500,-13.0,15.908,17.04,566,75,0,0.01
2258,500,-11.0,19.4,20.604,602,79,0,0.01
2259,500,-14.0,15.172,16.29,559,73,0,0.01
2260,500,-21.0,16.422,17.502,540,75,0,0.01
2261,500,-17.0,17.45,18.564,557,75,0,0.01
2262,500,-20.0,18.384,19.546,581,85,0,0.01
2263,500,-31.0,20.488,21.712,612,77,0,0.01
2264,500,-14.0,16.588,17.674,543,74,0,0.01
2265,500,-18.0,17.696,18.85,577,83,0,0.01
2266,500,-11.0,19.912,21.162,625,73,0,0.01
2267,500,-29.0,18.206,19.358,576,80,0,0.01
2268,500,-16.0,21.31,22.522,606,72,0,0.01
2269,500,-19.0,16.99,18.116,563,83,0,0.01
2270,500,-19.0,16.3,17.404,552,78,0,0.01
2271,500,-49.0,19.768,20.936,584,78,0,0.01
2272,500,-14.0,17.956,19.126,585,75,0,0.01
2273,500,-15.0,16.022,17.052,515,80,0,0.01
2274,500,-12.0,20.804,21.978,587,73,0,0.01
2275,500,-22.0,19.088,20.288,600,78,0,0.01
2276,500,-26.0,22.652,23.942,645,70,0,0.01
2277,500,-18.0,15.486,16.62,567,75,0,0.01
2278,500,-20.0,18.548,19.714,583,74,0,0.01
2279,500,-28.0,20.484,21.726,621,73,0,0.01
2280,500,-19.0,19.302,20.456,577,75,0,0.01
2281,500,-10.0,19.968,21.176,604,75,0,0.01
2282,500,-21.0,20.188,21.402,607,75,0,0.01
2283,500,-17.0,16.868,18.006,569,78,0,0.01
2284,500,-18.0,23.178,24.434,628,72,0,0.01
2285,500,-16.0,19.828,21.054,613,73,0,0.01
2286,500,-20.0,16.406,17.52,557,75,0,0.01
2287,500,-20.0,17.13,18.256,563,87,0,0.01
2288,500,-16.0,18.84,20.064,612,71,0,0.01
2289,500,-24.0,17.742,18.87,564,78,0,0.01
2290,500,-18.0,19.694,20.864,585,78,0,0.01
2291,500,-23.0,16.95,18.13,590,76,0,0.01
2292,500,-16.0,15.958,17.05,546,75,0,0.01
2293,500,-21.0,20.148,21.342,597,76,0,0.01
2294,500,-28.0,20.93,22.132,601,75,0,0.01
2295,500,-22.0,17.626,18.8,587,77,0,0.01
2296,500,-31.0,16.606,17.722,558,79,0,0.01
2297,500,-24.0,17.768,18.936,584,71,0,0.01
2298,500,-21.0,20.194,21.358,582,80,0,0.01
2299,500,-12.0,19.092,20.322,615,74,0,0.01
2300,500,-22.0,17.206,18.392,593,78,0,0.01
2301,500,-25.0,17.346,18.496,575,79,0,0.01
2302,500,-20.0,19.434,20.614,590,77,0,0.01
2303,500,-13.0,17.99,19.146,578,78,0,0.01
2304,500,-22.0,17.59,18.786,598,72,0,0.01
2305,500,-19.0,18.89,20.09,600,73,0,0.01
2306,500,-22.0,17.238,18.378,570,73,0,0.01
2307,500,-25.0,16.882,17.99,554,71,0,0.01
2308,500,-26.0,21.534,22.778,622,77,0,0.01
2309,500,-22.0,19.77,20.984,607,76,0,0.01
2310,500,-18.0,18.508,19.692,592,78,0,0.01
2311,500,-15.0,16.708,17.822,557,75,0,0.01
2312,500,-24.0,16.91,18.06,575,81,0,0.01
2313,500,-16.0,18.216,19.414,599,71,0,0.01
2314,500,-31.0,20.768,22.0,616,75,0,0.01
2315,500,-17.0,17.7,18.904,602,77,0,0.01
2316,500,-20.0,16.932,18.058,563,81,0,0.01
2317,500,-13.0,14.484,15.538,527,81,0,0.01
2318,500,-13.0,20.006,21.182,588,72,0,0.01
2319,500,-23.0,18.05,19.168,559,74,0,0.01
2320,500,-18.0,17.926,19.066,570,77,0,0.01
2321,500,-23.0,22.222,23.462,620,75,0,0.01
2322,500,-27.0,21.048,22.252,602,75,0,0.01
2323,500,-11.0,17.142,18.32,589,75,0,0.01
2324,500,-14.0,19.23,20.364,567,79,0,0.01
2325,500,-34.0,19.856,21.01,577,77,0,0.01
2326,500,-14.0,18.902,20.042,570,79,0,0.01
2327,500,-22.0,19.872,21.1,614,75,0,0.01
2328,500,-18.0,16.798,17.906,554,78,0,0.01
2329,500,-15.0,18.506,19.652,573,76,0,0.01
2330,500,-23.0,18.45,19.666,608,78,0,0.01
2331,500,-21.0,19.096,20.248,576,81,0,0.01
2332,500,-11.0,18.928,20.06,566,75,0,0.01
2333,500,-14.0,20.112,21.316,602,73,0,0.01
2334,500,-15.0,16.864,18.014,575,77,0,0.01
2335,500,-17.0,15.306,16.394,544,70,0,0.01
2336,500,-15.0,17.298,18.474,588,78,0,0.01
2337,500,-15.0,19.288,20.488,600,78,0,0.01
2338,500,-16.0,18.13,19.322,596,77,0,0.01
2339,500,-24.0,20.71,21.938,614,77,0,0.01
2340,500,-29.0,17.84,18.982,571,77,0,0.01
2341,500,-17.0,16.084,17.214,565,74,0,0.01
2342,500,-20.0,15.974,17.052,539,74,0,0.01
2343,500,-32.0,15.988,17.122,567,77,0,0.01
2344,500,-20.0,20.202,21.386,592,73,0,0.01
2345,500,-20.0,17.886,19.09,602,76,0,0.01
2346,500,-18.0,19.514,20.654,570,67,0,0.01
2347,500,-27.0,17.582,18.716,567,76,0,0.01
2348,500,-11.0,16.03,17.124,547,72,0,0.01
2349,500,-17.0,17.424,18.582,579,75,0,0.01
2350,500,-14.0,17.464,18.662,599,72,0,0.01
2351,500,-16.0,17.296,18.432,568,68,0,0.01
2352,500,-18.0,17.962,19.164,601,69,0,0.01
2353,500,-13.0,17.52,18.668,574,72,0,0.01
2354,500,-12.0,17.042,18.15,554,76,0,0.01
2355,500,-22.0,16.95,18.104,577,69,0,0.01
2356,500,-22.0,21.622,22.88,629,70,0,0.01
2357,500,-26.0,20.876,22.084,604,75,0,0.01
2358,500,-13.0,19.232,20.358,563,74,0,0.01
2359,500,-16.0,22.986,24.234,624,73,0,0.01
2360,500,-22.0,18.78,19.954,587,74,0,0.01
2361,500,-20.0,17.16,18.278,559,72,0,0.01
2362,500,-18.0,18.764,19.928,582,72,0,0.01
2363,500,-13.0,20.124,21.354,615,69,0,0.01
2364,500,-17.0,15.668,16.758,545,72,0,0.01
2365,500,-20.0,16.844,17.978,567,74,0,0.01
2366,500,-13.0,18.742,19.956,607,70,0,0.01
2367,500,-22.0,18.226,19.386,580,69,0,0.01
2368,500,-13.0,16.372,17.522,575,69,0,0.01
2369,500,-16.0,16.696,17.862,583,76,0,0.01
2370,500,-21.0,16.092,17.242,575,75,0,0.01
2371,500,-24.0,18.17,19.328,579,71,0,0.01
2372,500,-15.0,18.922,20.16,619,71,0,0.01
2373,500,-26.0,19.876,21.14,632,68,0,0.01
2374,500,-25.0,17.182,18.306,562,70,0,0.01
2375,500,-22.0,18.422,19.604,591,77,0,0.01
2376,500,-11.0,16.136,17.28,572,69,0,0.01
2377,500,-17.0,16.256,17.398,571,72,0,0.01
2378,500,-15.0,17.202,18.38,589,69,0,0.01
2379,500,-11.0,20.344,21.538,597,77,0,0.01
2380,500,-16.0,21.002,22.238,618,70,0,0.01
2381,500,-15.0,17.036,18.202,583,72,0,0.01
2382,500,-21.0,18.072,19.24,584,72,0,0.01
2383,500,-17.0,18.238,19.442,602,68,0,0.01
2384,500,-27.0,19.616,20.762,573,74,0,0.01
2385,500,-20.0,18.334,19.474,570,71,0,0.01
2386,500,-16.0,18.66,19.844,592,71,0,0.01
2387,500,-33.0,20.02,21.246,613,73,0,0.01
2388,500,-20.0,21.242,22.446,602,77,0,0.01
2389,500,-21.0,20.086,21.226,570,81,0,0.01
2390,500,-17.0,18.344,19.494,575,73,0,0.01
2391,500,-21.0,19.8,21.0,600,73,0,0.01
2392,500,-18.0,17.804,18.93,563,74,0,0.01
2393,500,-20.0,19.484,20.666,591,74,0,0.01
2394,500,-11.0,16.27,17.37,550,71,0,0.01
2395,500,-22.0,16.122,17.216,547,77,0,0.01
2396,500,-19.0,18.38,19.554,587,74,0,0.01
2397,500,-21.0,18.756,19.938,591,75,0,0.01
2398,500,-9.0,14.984,16.026,521,72,0,0.01
2399,500,-16.0,19.26,20.466,603,75,0,0.01
2400,500,-14.0,22.218,23.44,611,74,0,0.01
2401,500,-17.0,20.368,21.572,602,75,0,0.01
2402,500,-21.0,20.538,21.788,625,71,0,0.01
2403,500,-9.0,17.452,18.588,568,75,0,0.01
2404,500,-23.0,19.478,20.638,580,77,0,0.01
2405,500,-17.0,18.388,19.58,596,71,0,0.01
2406,500,-16.0,16.362,17.444,541,79,0,0.01
2407,500,-23.0,18.588,19.736,574,80,0,0.01
2408,500,-29.0,16.804,17.946,571,72,0,0.01
2409,500,-9.0,18.258,19.392,567,74,0,0.01
2410,500,-21.0,23.65,24.936,643,73,0,0.01
2411,500,-24.0,17.792,18.92,564,76,0,0.01
2412,500,-18.0,18.17,19.342,586,72,0,0.01
2413,500,-16.0,16.306,17.448,571,74,0,0.01
2414,500,-17.0,20.862,22.054,596,78,0,0.01
2415,500,-21.0,21.012,22.21,599,79,0,0.01
2416,500,-19.0,19.6,20.714,557,75,0,0.01
2417,500,-19.0,20.528,21.778,625,75,0,0.01
2418,500,-13.0,17.244,18.404,580,71,0,0.01
2419,500,-15.0,20.086,21.288,601,80,0,0.01
2420,500,-23.0,20.748,21.968,610,72,0,0.01
2421,500,-10.0,17.284,18.362,539,81,0,0.01
2422,500,-26.0,20.956,22.196,620,72,0,0.01
2423,500,-17.0,16.562,17.682,560,70,0,0.01
2424,500,-21.0,18.562,19.726,582,74,0,0.01
2425,500,-12.0,17.688,18.798,555,72,0,0.01
2426,500,-21.0,18.658,19.796,569,75,0,0.01
2427,500,-17.0,16.61,17.748,569,71,0,0.01
2428,500,-30.0,23.952,25.206,627,76,0,0.01
2429,500,-15.0,18.19,19.352,581,74,0,0.01
2430,500,-24.0,21.22,22.45,615,74,0,0.01
2431,500,-15.0,16.822,17.956,567,69,0,0.01
2432,500,-31.0,15.422,16.51,544,71,0,0.01
2433,500,-20.0,19.884,21.042,579,75,0,0.01
2434,500,-11.0,23.46,24.7,620,70,0,0.01
2435,500,-16.0,18.862,20.034,586,77,0,0.01
2436,500,-20.0,19.422,20.588,583,74,0,0.01
2437,500,-35.0,21.548,22.794,623,75,0,0.01
2438,500,-15.0,15.812,16.974,581,72,0,0.01
2439,500,-15.0,18.252,19.46,604,80,0,0.01
2440,500,-17.0,16.356,17.45,547,73,0,0.01
2441,500,-21.0,18.378,19.518,570,77,0,0.01
2442,500,-27.0,17.548,18.726,589,77,0,0.01
2443,500,-10.0,16.946,18.018,536,77,0,0.01
2444,500,-24.0,20.74,21.978,619,80,0,0.01
2445,500,-28.0,16.548,17.656,554,71,0,0.01
2446,500,-21.0,17.402,18.566,582,73,0,0.01
2447,500,-20.0,18.86,20.054,597,72,0,0.01
2448,500,-28.0,18.878,20.07,596,74,0,0.01
2449,500,-22.0,19.43,20.64,605,79,0,0.01
2450,500,-14.0,19.952,21.172,610,69,0,0.01
2451,500,-19.0,17.584,18.728,572,71,0,0.01
2452,500,-14.0,16.536,17.676,570,73,0,0.01
2453,500,-24.0,20.01,21.206,598,77,0,0.01
2454,500,-19.0,18.27,19.418,574,70,0,0.01
2455,500,-12.0,18.442,19.616,587,72,0,0.01
2456,500,-18.0,17.934,19.066,566,74,0,0.01
2457,500,-21.0,17.152,18.296,572,73,0,0.01
2458,500,-26.0,19.356,20.538,591,71,0,0.01
2459,500,-22.0,19.546,20.756,605,73,0,0.01
2460,500,-20.0,17.58,18.762,591,68,0,0.01
2461,500,-13.0,19.346,20.534,594,77,0,0.01
2462,500,-14.0,16.28,17.416,568,75,0,0.01
2463,500,-14.0,18.518,19.718,600,71,0,0.01
2464,500,-14.0,21.492,22.77,639,73,0,0.01
2465,500,-15.0,17.88,19.064,592,71,0,0.01
2466,500,-14.0,17.628,18.804,588,72,0,0.01
2467,500,-11.0,16.838,17.952,557,70,0,0.01
2468,500,-22.0,19.4,20.566,583,73,0,0.01
2469,500,-16.0,19.446,20.646,600,77,0,0.01
2470,500,-19.0,18.168,19.36,596,74,0,0.01
2471,500,-15.0,15.462,16.556,547,72,0,0.01
2472,500,-32.0,20.37,21.516,573,75,0,0.01
2473,500,-16.0,16.558,17.676,559,71,0,0.01
2474,500,-18.0,17.334,18.47,568,73,0,0.01
2475,500,-15.0,21.572,22.788,608,77,0,0.01
2476,500,-19.0,15.414,16.57,578,74,0,0.01
2477,500,-18.0,18.26,19.446,593,73,0,0.01
2478,500,-11.0,16.75,17.934,592,75,0,0.01
2479,500,-24.0,21.534,22.776,621,74,0,0.01
2480,500,-26.0,20.496,21.732,618,71,0,0.01
2481,500,-15.0,21.58,22.78,600,74,0,0.01
2482,500,-23.0,19.24,20.426,593,75,0,0.01
2483,500,-25.0,17.664,18.82,578,71,0,0.01
2484,500,-37.0,21.152,22.342,595,72,0,0.01
2485,500,-13.0,19.936,21.09,577,70,0,0.01
2486,500,-23.0,19.672,20.848,588,75,0,0.01
2487,500,-24.0,19.076,20.272,598,74,0,0.01
2488,500,-18.0,18.0,19.156,578,74,0,0.01
2489,500,-11.0,22.078,23.312,617,73,0,0.01
2490,500,-15.0,17.012,18.198,593,75,0,0.01
2491,500,-24.0,21.666,22.922,628,72,0,0.01
2492,500,-21.0,20.506,21.796,645,72,0,0.01
2493,500,-15.0,16.44,17.57,565,72,0,0.01
2494,500,-19.0,18.052,19.216,582,74,0,0.01
2495,500,-15.0,17.546,18.666,560,76,0,0.01
2496,500,-10.0,17.552,18.724,586,78,0,0.01
2497,500,-34.0,18.816,19.992,588,78,0,0.01
2498,500,-11.0,18.31,19.482,586,75,0,0.01
2499,500,-22.0,17.534,18.7,583,71,0,0.01
2500,500,-35.0,18.926,20.13,602,74,0,0.01
2501,500,-16.0,21.45,22.676,613,73,0,0.01
2502,500,-23.0,18.88,20.1,610,68,0,0.01
2503,500,-13.0,17.782,18.928,573,70,0,0.01
2504,500,-15.0,19.346,20.572,613,70,0,0.01
2505,500,-13.0,17.826,18.992,583,71,0,0.01
2506,500,-21.0,16.798,17.908,555,71,0,0.01
2507,500,-12.0,15.216,16.354,569,70,0,0.01
2508,500,-17.0,19.58,20.82,620,68,0,0.01
2509,500,-17.0,17.63,18.81,590,69,0,0.01
2510,500,-17.0,19.128,20.312,592,72,0,0.01
2511,500,-16.0,17.008,18.178,585,70,0,0.01
2512,500,-14.0,16.508,17.654,573,69,0,0.01
2513,500,-24.0,17.256,18.41,577,74,0,0.01
2514,500,-22.0,17.68,18.838,579,75,0,0.01
2515,500,-35.0,19.308,20.516,604,72,0,0.01
2516,500,-12.0,16.588,17.72,566,75,0,0.01
2517,500,-12.0,16.62,17.772,576,74,0,0.01
2518,500,-11.0,18.462,19.68,609,71,0,0.01
2519,500,-18.0,18.426,19.636,605,72,0,0.01
2520,500,-22.0,14.552,15.648,548,69,0,0.01
2521,500,-14.0,15.812,16.95,569,70,0,0.01
2522,500,-20.0,14.724,15.808,542,70,0,0.01
2523,500,-24.0,17.556,18.696,570,70,0,0.01
2524,500,-16.0,15.148,16.308,580,65,0,0.01
2525,500,-19.0,19.388,20.59,601,68,0,0.01
2526,500,-13.0,15.662,16.8,569,69,0,0.01
2527,500,-17.0,19.012,20.216,602,68,0,0.01
2528,500,-19.0,16.314,17.454,570,68,0,0.01
2529,500,-23.0,18.95,20.174,612,70,0,0.01
2530,500,-29.0,19.27,20.456,593,67,0,0.01
2531,500,-19.0,18.87,20.088,609,71,0,0.01
2532,500,-14.0,17.67,18.816,573,67,0,0.01
2533,500,-17.0,19.242,20.398,578,70,0,0.01
2534,500,-21.0,17.092,18.226,567,69,0,0.01
2535,500,-20.0,18.368,19.562,597,71,0,0.01
2536,500,-19.0,18.226,19.294,534,72,0,0.01
2537,500,-18.0,16.286,17.44,577,71,0,0.01
2538,500,-22.0,20.886,22.102,608,69,0,0.01
2539,500,-16.0,15.548,16.668,560,73,0,0.01
2540,500,-23.0,21.12,22.412,646,71,0,0.01
2541,500,-29.0,18.886,20.086,600,72,0,0.01
2542,500,-12.0,16.298,17.406,554,75,0,0.01
2543,500,-24.0,17.57,18.77,600,71,0,0.01
2544,500,-21.0,17.06,18.226,583,73,0,0.01
2545,500,-17.0,17.492,18.628,568,74,0,0.01
2546,500,-16.0,16.568,17.706,569,76,0,0.01
2547,500,-14.0,15.752,16.858,553,74,0,0.01
2548,500,-18.0,19.428,20.594,583,75,0,0.01
2549,500,-19.0,24.494,25.808,657,71,0,0.01
2550,500,-17.0,19.528,20.786,629,68,0,0.01
2551,500,-14.0,17.788,18.946,579,72,0,0.01
2552,500,-20.0,16.84,17.948,554,76,0,0.01
2553,500,-36.0,15.442,16.54,549,71,0,0.01
2554,500,-12.0,16.446,17.626,590,73,0,0.01
2555,500,-15.0,17.024,18.2,588,71,0,0.01
2556,500,-22.0,19.508,20.644,568,73,0,0.01
2557,500,-17.0,17.606,18.792,593,73,0,0.01
2558,500,-22.0,16.45,17.616,583,73,0,0.01
2559,500,-18.0,20.254,21.456,601,70,0,0.01
2560,500,-17.0,16.324,17.46,568,74,0,0.01
2561,500,-17.0,21.802,23.024,611,74,0,0.01
2562,500,-13.0,18.648,19.808,580,76,0,0.01
2563,500,-19.0,20.234,21.476,621,75,0,0.01
2564,500,-14.0,16.76,17.916,578,72,0,0.01
2565,500,-11.0,17.404,18.544,570,73,0,0.01
2566,500,-21.0,17.924,19.028,552,75,0,0.01
2567,500,-26.0,18.224,19.394,585,77,0,0.01
2568,500,-19.0,17.976,19.13,577,71,0,0.01
2569,500,-17.0,17.05,18.22,585,73,0,0.01
2570,500,-20.0,19.112,20.322,605,73,0,0.01
2571,500,-21.0,15.534,16.63,548,72,0,0.01
2572,500,-17.0,19.62,20.812,596,76,0,0.01
2573,500,-20.0,17.116,18.262,573,73,0,0.01
2574,500,-23.0,18.916,20.156,620,73,0,0.01
2575,500,-17.0,17.342,18.486,572,74,0,0.01
2576,500,-16.0,16.434,17.584,575,74,0,0.01
2577,500,-16.0,15.552,16.678,563,72,0,0.01
2578,500,-12.0,14.976,16.08,552,71,0,0.01
2579,500,-27.0,19.508,20.724,608,75,0,0.01
2580,500,-15.0,16.072,17.158,543,72,0,0.01
2581,500,-28.0,15.53,16.688,579,69,0,0.01
2582,500,-21.0,15.102,16.204,551,72,0,0.01
2583,500,-21.0,19.22,20.452,616,70,0,0.01
2584,500,-15.0,17.342,18.492,575,71,0,0.01
2585,500,-15.0,15.68,16.804,562,70,0,0.01
2586,500,-25.0,18.278,19.45,586,70,0,0.01
2587,500,-11.0,21.686,22.928,621,71,0,0.01
2588,500,-13.0,19.01,20.218,604,74,0,0.01
2589,500,-14.0,19.73,20.97,620,74,0,0.01
2590,500,-19.0,16.876,17.998,561,74,0,0.01
2591,500,-14.0,17.236,18.404,584,74,0,0.01
2592,500,-14.0,16.496,17.628,566,74,0,0.01
2593,500,-23.0,16.376,17.506,565,74,0,0.01
2594,500,-18.0,17.442,18.57,564,72,0,0.01
2595,500,-13.0,18.326,19.502,588,74,0,0.01
2596,500,-10.0,16.836,18.016,590,69,0,0.01
2597,500,-26.0,20.862,22.072,605,70,0,0.01
2598,500,-15.0,15.626,16.786,580,73,0,0.01
2599,500,-22.0,19.67,20.882,606,69,0,0.01
2600,500,-23.0,16.39,17.528,569,72,0,0.01
2601,500,-24.0,20.554,21.728,587,73,0,0.01
2602,500,-22.0,17.51,18.684,587,71,0,0.01
2603,500,-22.0,16.762,17.854,546,74,0,0.01
2604,500,-20.0,19.036,20.188,576,73,0,0.01
2605,500,-28.0,18.598,19.786,594,73,0,0.01
2606,500,-18.0,19.45,20.654,602,78,0,0.01
2607,500,-28.0,20.066,21.288,611,73,0,0.01
2608,500,-25.0,15.852,16.964,556,76,0,0.01
2609,500,-15.0,17.834,19.042,604,74,0,0.01
2610,500,-15.0,17.226,18.414,594,71,0,0.01
2611,500,-18.0,17.35,18.502,576,71,0,0.01
2612,500,-18.0,19.482,20.708,613,76,0,0.01
2613,500,-5.0,18.436,19.594,579,77,0,0.01
2614,500,-20.0,20.162,21.356,597,74,0,0.01
2615,500,-15.0,18.272,19.468,598,72,0,0.01
2616,500,-18.0,16.378,17.48,551,79,0,0.01
2617,500,-15.0,16.934,18.106,586,74,0,0.01
2618,500,-12.0,15.646,16.746,550,74,0,0.01
2619,500,-16.0,16.352,17.484,566,76,0,0.01
2620,500,-21.0,17.67,18.828,579,78,0,0.01
2621,500,-21.0,20.89,22.128,619,74,0,0.01
2622,500,-14.0,16.774,17.928,577,71,0,0.01
2623,500,-18.0,19.058,20.228,585,74,0,0.01
2624,500,-23.0,16.466,17.572,553,76,0,0.01
2625,500,-17.0,18.226,19.41,592,75,0,0.01
2626,500,-16.0,16.732,17.896,582,72,0,0.01
2627,500,-14.0,17.31,18.464,577,73,0,0.01
2628,500,-20.0,16.77,17.9,565,82,0,0.01
2629,500,-23.0,17.986,19.148,581,74,0,0.01
2630,500,-23.0,23.148,24.42,636,67,0,0.01
2631,500,-21.0,16.134,17.236,551,73,0,0.01
2632,500,-20.0,18.454,19.652,599,74,0,0.01
2633,500,-28.0,18.494,19.632,569,74,0,0.01
2634,500,-13.0,15.52,16.578,529,74,0,0.01
2635,500,-18.0,16.302,17.412,555,76,0,0.01
2636,500,-23.0,17.846,19.0,577,77,0,0.01
2637,500,-16.0,16.328,17.456,564,68,0,0.01
2638,500,-16.0,16.972,18.114,571,75,0,0.01
2639,500,-11.0,16.812,18.002,595,71,0,0.01
2640,500,-19.0,18.94,20.154,607,75,0,0.01
2641,500,-28.0,19.244,20.454,605,72,0,0.01
2642,500,-21.0,18.268,19.396,564,76,0,0.01
2643,500,-17.0,20.662,21.858,598,74,0,0.01
2644,500,-22.0,18.666,19.822,578,71,0,0.01
2645,500,-29.0,17.642,18.83,594,74,0,0.01
2646,500,-22.0,18.07,19.23,580,75,0,0.01
2647,500,-24.0,18.376,19.596,610,73,0,0.01
2648,500,-17.0,18.508,19.676,584,74,0,0.01
2649,500,-15.0,17.194,18.348,577,76,0,0.01
2650,500,-20.0,18.934,20.146,606,71,0,0.01
2651,500,-19.0,17.668,18.86,596,73,0,0.01
2652,500,-25.0,18.494,19.672,589,75,0,0.01
2653,500,-30.0,17.742,18.884,571,75,0,0.01
2654,500,-21.0,17.804,18.99,593,76,0,0.01
2655,500,-22.0,19.44,20.686,623,71,0,0.01
2656,500,-14.0,16.852,17.982,565,78,0,0.01
2657,500,-11.0,17.778,18.894,558,76,0,0.01
2658,500,-15.0,16.334,17.44,553,76,0,0.01
2659,500,-14.0,18.506,19.69,592,72,0,0.01
2660,500,-12.0,18.504,19.71,603,73,0,0.01
2661,500,-23.0,17.884,18.998,557,78,0,0.01
2662,500,-22.0,17.552,18.724,586,71,0,0.01
2663,500,-13.0,19.91,21.144,617,71,0,0.01
2664,500,-18.0,16.626,17.738,556,74,0,0.01
2665,500,-21.0,16.618,17.778,580,70,0,0.01
2666,500,-14.0,18.29,19.438,574,74,0,0.01
2667,500,-17.0,18.818,20.028,605,74,0,0.01
2668,500,-24.0,19.486,20.632,573,74,0,0.01
2669,500,-28.0,16.244,17.358,557,71,0,0.01
2670,500,-11.0,17.784,18.964,590,72,0,0.01
2671,500,-13.0,16.506,17.59,542,78,0,0.01
2672,500,-15.0,20.754,22.01,628,73,0,0.01
2673,500,-18.0,20.172,21.434,631,73,0,0.01
2674,500,-23.0,16.558,17.73,586,75,0,0.01
2675,500,-23.0,17.546,18.708,581,71,0,0.01
2676,500,-23.0,17.656,18.842,593,69,0,0.01
2677,500,-18.0,18.824,20.008,592,73,0,0.01
2678,500,-21.0,20.282,21.45,584,70,0,0.01
2679,500,-14.0,17.44,18.616,588,69,0,0.01
2680,500,-11.0,16.566,17.738,586,71,0,0.01
2681,500,-24.0,15.83,16.926,548,72,0,0.01
2682,500,-18.0,18.728,19.884,578,72,0,0.01
2683,500,-21.0,15.852,16.982,565,68,0,0.01
2684,500,-17.0,17.878,19.036,579,72,0,0.01
2685,500,-22.0,17.916,19.064,574,67,0,0.01
2686,500,-20.0,19.838,21.088,625,68,0,0.01
2687,500,-15.0,18.354,19.516,581,70,0,0.01
2688,500,-26.0,18.212,19.416,602,71,0,0.01
2689,500,-14.0,17.036,18.218,591,68,0,0.01
2690,500,-19.0,16.77,17.9,565,74,0,0.01
2691,500,-19.0,15.706,16.844,569,68,0,0.01
2692,500,-24.0,16.438,17.494,528,69,0,0.01
2693,500,-23.0,17.236,18.39,577,70,0,0.01
2694,500,-10.0,16.546,17.69,572,70,0,0.01
2695,500,-15.0,14.686,15.784,549,69,0,0.01
2696,500,-15.0,19.986,21.162,588,72,0,0.01
2697,500,-10.0,15.432,16.514,541,72,0,0.01
2698,500,-17.0,20.886,22.142,628,68,0,0.01
2699,500,-29.0,20.168,21.348,590,73,0,0.01
2700,500,-26.0,17.338,18.498,580,72,0,0.01
2701,500,-21.0,17.234,18.394,580,72,0,0.01
2702,500,-21.0,16.802,17.894,546,75,0,0.01
2703,500,-21.0,17.532,18.668,568,78,0,0.01
2704,500,-33.0,18.88,20.032,576,71,0,0.01
2705,500,-27.0,18.144,19.326,591,75,0,0.01
2706,500,-12.0,18.672,19.856,592,74,0,0.01
2707,500,-12.0,19.328,20.476,574,74,0,0.01
2708,500,-24.0,18.794,19.934,570,71,0,0.01
2709,500,-17.0,16.29,17.424,567,74,0,0.01
2710,500,-19.0,19.38,20.644,632,69,0,0.01
2711,500,-15.0,18.042,19.228,593,73,0,0.01
2712,500,-20.0,16.838,18.004,583,65,0,0.01
2713,500,-17.0,16.074,17.21,568,73,0,0.01
2714,500,-25.0,17.98,19.126,573,73,0,0.01
2715,500,-16.0,16.698,17.828,565,75,0,0.01
2716,500,-15.0,18.532,19.724,596,73,0,0.01
2717,500,-29.0,18.18,19.38,600,72,0,0.01
2718,500,-16.0,18.64,19.828,594,72,0,0.01
2719,500,-19.0,17.422,18.612,595,70,0,0.01
2720,500,-17.0,20.006,21.228,611,72,0,0.01
2721,500,-22.0,16.9,18.034,567,68,0,0.01
2722,500,-16.0,17.764,18.92,578,72,0,0.01
2723,500,-17.0,16.99,18.16,585,67,0,0.01
2724,500,-21.0,17.092,18.264,586,68,0,0.01
2725,500,-25.0,17.76,18.98,610,67,0,0.01
2726,500,-17.0,19.404,20.606,601,73,0,0.01
2727,500,-17.0,16.502,17.646,572,72,0,0.01
2728,500,-11.0,15.3,16.428,564,69,0,0.01
2729,500,-24.0,17.65,18.79,570,70,0,0.01
2730,500,-20.0,21.248,22.502,627,71,0,0.01
2731,500,-22.0,16.024,17.2,588,68,0,0.01
2732,500,-22.0,16.408,17.588,590,70,0,0.01
2733,500,-18.0,18.07,19.244,587,71,0,0.01
2734,500,-20.0,16.898,18.042,572,71,0,0.01
2735,500,-14.0,16.772,17.9,564,68,0,0.01
2736,500,-19.0,19.56,20.752,596,72,0,0.01
2737,500,-13.0,16.44,17.574,567,70,0,0.01
2738,500,-14.0,17.786,18.906,560,74,0,0.01
2739,500,-17.0,17.47,18.64,585,71,0,0.01
2740,500,-10.0,19.11,20.322,606,71,0,0.01
2741,500,-13.0,14.856,15.968,556,68,0,0.01
2742,500,-16.0,18.626,19.842,608,70,0,0.01
2743,500,-20.0,18.53,19.762,616,70,0,0.01
2744,500,-23.0,18.978,20.18,601,72,0,0.01
2745,500,-12.0,16.724,17.888,582,70,0,0.01
2746,500,-18.0,16.792,17.902,555,75,0,0.01
2747,500,-10.0,16.61,17.764,577,70,0,0.01
2748,500,-12.0,19.508,20.72,606,70,0,0.01
2749,500,-21.0,16.918,18.052,567,72,0,0.01
2750,500,-21.0,18.79,19.986,598,73,0,0.01
2751,500,-19.0,16.502,17.688,593,69,0,0.01
2752,500,-12.0,15.41,16.49,540,72,0,0.01
2753,500,-15.0,19.136,20.336,600,76,0,0.01
2754,500,-14.0,19.024,20.178,577,76,0,0.01
2755,500,-27.0,18.69,19.888,599,75,0,0.01
2756,500,-16.0,16.302,17.394,546,72,0,0.01
2757,500,-15.0,18.826,19.998,586,71,0,0.01
2758,500,-19.0,17.606,18.768,581,76,0,0.01
2759,500,-22.0,21.524,22.78,628,75,0,0.01
2760,500,-18.0,14.808,15.908,550,71,0,0.01
2761,500,-17.0,19.602,20.85,624,69,0,0.01
2762,500,-15.0,16.376,17.506,565,73,0,0.01
2763,500,-31.0,18.046,19.246,600,72,0,0.01
2764,500,-20.0,19.696,20.892,598,73,0,0.01
2765,500,-26.0,16.926,18.084,579,74,0,0.01
2766,500,-19.0,17.714,18.836,561,72,0,0.01
2767,500,-18.0,16.424,17.566,571,72,0,0.01
2768,500,-9.0,18.07,19.244,587,74,0,0.01
2769,500,-29.0,19.322,20.562,620,73,0,0.01
2770,500,-20.0,16.624,17.762,569,71,0,0.01
2771,500,-25.0,16.338,17.418,540,73,0,0.01
2772,500,-19.0,18.646,19.816,585,71,0,0.01
2773,500,-20.0,18.964,20.198,617,72,0,0.01
2774,500,-29.0,17.474,18.61,568,78,0,0.01
2775,500,-22.0,17.952,19.132,590,70,0,0.01
2776,500,-22.0,17.224,18.316,546,77,0,0.01
2777,500,-22.0,16.15,17.28,565,73,0,0.01
2778,500,-16.0,17.668,18.858,595,75,0,0.01
2779,500,-20.0,17.558,18.734,588,69,0,0.01
2780,500,-16.0,17.024,18.178,577,76,0,0.01
2781,500,-19.0,19.114,20.334,610,73,0,0.01
2782,500,-16.0,17.6,18.764,582,70,0,0.01
2783,500,-16.0,16.924,18.014,545,72,0,0.01
2784,500,-17.0,15.156,16.204,524,74,0,0.01
2785,500,-18.0,19.606,20.758,576,77,0,0.01
2786,500,-18.0,19.382,20.57,594,71,0,0.01
2787,500,-18.0,17.226,18.34,557,73,0,0.01
2788,500,-15.0,17.704,18.858,577,72,0,0.01
2789,500,-14.0,17.55,18.714,582,76,0,0.01
2790,500,-26.0,21.27,22.506,618,72,0,0.01
2791,500,-13.0,17.666,18.81,572,67,0,0.01
2792,500,-12.0,16.926,18.074,574,75,0,0.01
2793,500,-13.0,16.942,18.106,582,68,0,0.01
2794,500,-9.0,16.49,17.596,553,73,0,0.01
2795,500,-14.0,17.948,19.124,588,74,0,0.01
2796,500,-15.0,18.432,19.592,580,70,0,0.01
2797,500,-17.0,17.98,19.104,562,78,0,0.01
2798,500,-25.0,19.082,20.282,600,73,0,0.01
2799,500,-16.0,21.15,22.414,632,71,0,0.01
2800,500,-17.0,17.144,18.272,564,74,0,0.01
2801,500,-15.0,19.04,20.254,607,66,0,0.01
2802,500,-26.0,19.274,20.52,623,70,0,0.01
2803,500,-16.0,19.61,20.792,591,72,0,0.01
2804,500,-11.0,17.81,18.978,584,68,0,0.01
2805,500,-18.0,17.28,18.42,570,72,0,0.01
2806,500,-21.0,20.064,21.284,610,68,0,0.01
2807,500,-21.0,17.584,18.698,557,70,0,0.01
2808,500,-18.0,17.07,18.162,546,76,0,0.01
2809,500,-13.0,17.908,19.08,586,68,0,0.01
2810,500,-21.0,15.83,16.956,563,73,0,0.01
2811,500,-17.0,17.554,18.668,557,74,0,0.01
2812,500,-26.0,19.652,20.87,609,72,0,0.01
2813,500,-21.0,19.168,20.354,593,72,0,0.01
2814,500,-23.0,21.24,22.464,612,66,0,0.01
2815,500,-18.0,14.352,15.34,494,72,0,0.01
2816,500,-28.0,17.3,18.45,575,71,0,0.01
2817,500,-18.0,19.928,21.114,593,69,0,0.01
2818,500,-15.0,17.046,18.166,560,75,0,0.01
2819,500,-19.0,20.064,21.274,605,69,0,0.01
2820,500,-13.0,14.576,15.64,532,71,0,0.01
2821,500,-19.0,19.164,20.374,605,67,0,0.01
2822,500,-27.0,18.412,19.544,566,68,0,0.01
2823,500,-19.0,17.784,18.918,567,68,0,0.01
2824,500,-16.0,19.384,20.57,593,68,0,0.01
2825,500,-20.0,18.418,19.582,582,69,0,0.01
2826,500,-25.0,18.34,19.47,565,72,0,0.01
2827,500,-17.0,15.046,16.126,540,72,0,0.01
2828,500,-12.0,19.136,20.312,588,68,0,0.01
2829,500,-11.0,16.628,17.752,562,70,0,0.01
2830,500,-11.0,16.102,17.208,553,73,0,0.01
2831,500,-21.0,15.502,16.598,548,72,0,0.01
2832,500,-13.0,18.526,19.714,594,70,0,0.01
2833,500,-27.0,21.836,23.11,637,67,0,0.01
2834,500,-29.0,18.074,19.192,559,74,0,0.01
2835,500,-14.0,20.474,21.702,614,67,0,0.01
2836,500,-18.0,15.762,16.894,566,73,0,0.01
2837,500,-14.0,19.81,21.018,604,72,0,0.01
2838,500,-16.0,18.678,19.914,618,67,0,0.01
2839,500,-14.0,19.314,20.548,617,68,0,0.01
2840,500,-20.0,17.556,18.7,572,70,0,0.01
2841,500,-14.0,15.664,16.81,573,74,0,0.01
2842,500,-23.0,16.226,17.356,565,68,0,0.01
2843,500,-14.0,17.654,18.822,584,71,0,0.01
2844,500,-19.0,19.026,20.19,582,74,0,0.01
2845,500,-10.0,15.918,17.082,582,72,0,0.01
2846,500,-13.0,19.96,21.194,617,68,0,0.01
2847,500,-23.0,15.784,16.852,534,73,0,0.01
2848,500,-22.0,17.18,18.338,579,75,0,0.01
2849,500,-15.0,17.394,18.56,583,68,0,0.01
2850,500,-22.0,20.502,21.744,621,67,0,0.01
2851,500,-12.0,18.276,19.452,588,73,0,0.01
2852,500,-18.0,17.548,18.724,588,73,0,0.01
2853,500,-19.0,20.082,21.35,634,72,0,0.01
2854,500,-12.0,17.926,19.124,599,75,0,0.01
2855,500,-23.0,17.952,19.136,592,70,0,0.01
2856,500,-30.0,17.176,18.294,559,71,0,0.01
2857,500,-23.0,16.584,17.682,549,70,0,0.01
2858,500,-17.0,18.156,19.318,581,72,0,0.01
2859,500,-19.0,18.424,19.586,581,72,0,0.01
2860,500,-10.0,15.868,16.99,561,73,0,0.01
2861,500,-14.0,18.3,19.466,583,74,0,0.01
2862,500,-20.0,15.35,16.44,545,77,0,0.01
2863,500,-27.0,17.026,18.17,572,70,0,0.01
2864,500,-12.0,18.776,19.976,600,72,0,0.01
2865,500,-14.0,19.118,20.346,614,70,0,0.01
2866,500,-14.0,17.762,18.924,581,72,0,0.01
2867,500,-20.0,15.468,16.562,547,70,0,0.01
2868,500,-20.0,16.858,18.026,584,71,0,0.01
2869,500,-22.0,16.114,17.208,547,73,0,0.01
2870,500,-14.0,15.598,16.726,564,72,0,0.01
2871,500,-14.0,18.33,19.578,624,67,0,0.01
2872,500,-18.0,16.618,17.772,577,68,0,0.01
2873,500,-14.0,20.016,21.206,595,68,0,0.01
2874,500,-14.0,18.242,19.434,596,74,0,0.01
2875,500,-17.0,16.466,17.624,579,72,0,0.01
2876,500,-21.0,19.252,20.432,590,73,0,0.01
2877,500,-24.0,17.948,19.114,583,74,0,0.01
2878,500,-17.0,14.94,15.962,511,74,0,0.01
2879,500,-16.0,15.65,16.746,548,78,0,0.01
2880,500,-23.0,17.12,18.248,564,73,0,0.01
2881,500,-22.0,18.332,19.53,599,74,0,0.01
2882,500,-22.0,16.58,17.714,567,75,0,0.01
2883,500,-11.0,19.488,20.696,604,73,0,0.01
2884,500,-17.0,18.848,20.068,610,72,0,0.01
2885,500,-19.0,17.854,19.04,593,74,0,0.01
2886,500,-29.0,18.704,19.868,582,76,0,0.01
2887,500,-17.0,17.948,19.12,586,74,0,0.01
2888,500,-22.0,17.53,18.658,564,76,0,0.01
2889,500,-17.0,17.97,19.064,547,72,0,0.01
2890,500,-28.0,18.828,20.038,605,71,0,0.01
2891,500,-16.0,18.782,19.948,583,72,0,0.01
2892,500,-10.0,19.726,20.91,592,72,0,0.01
2893,500,-14.0,16.256,17.378,561,71,0,0.01
2894,500,-7.0,16.402,17.53,564,72,0,0.01
2895,500,-24.0,18.404,19.6,598,74,0,0.01
2896,500,-23.0,19.934,21.172,619,71,0,0.01
2897,500,-21.0,17.13,18.224,547,74,0,0.01
2898,500,-20.0,20.702,21.92,609,70,0,0.01
2899,500,-23.0,17.54,18.728,594,71,0,0.01
2900,500,-21.0,17.766,18.982,608,69,0,0.01
2901,500,-15.0,17.35,18.464,557,76,0,0.01
2902,500,-13.0,18.398,19.584,593,70,0,0.01
2903,500,-26.0,20.662,21.884,611,71,0,0.01
2904,500,-24.0,15.742,16.862,560,71,0,0.01
2905,500,-18.0,18.83,19.996,583,68,0,0.01
2906,500,-18.0,19.008,20.186,589,73,0,0.01
2907,500,-28.0,17.086,18.176,545,73,0,0.01
2908,500,-26.0,19.984,21.224,620,67,0,0.01
2909,500,-17.0,19.51,20.656,573,70,0,0.01
2910,500,-16.0,19.146,20.364,609,71,0,0.01
2911,500,-24.0,18.538,19.664,563,76,0,0.01
2912,500,-26.0,18.942,20.072,565,69,0,0.01
2913,500,-8.0,16.978,18.162,592,71,0,0.01
2914,500,-30.0,20.654,21.87,608,73,0,0.01
2915,500,-20.0,19.508,20.69,591,69,0,0.01
2916,500,-20.0,17.268,18.372,552,77,0,0.01
2917,500,-18.0,19.218,20.446,614,71,0,0.01
2918,500,-29.0,18.464,19.648,592,70,0,0.01
2919,500,-32.0,16.614,17.696,541,76,0,0.01
2920,500,-35.0,22.622,23.846,612,71,0,0.01
2921,500,-20.0,18.67,19.872,601,70,0,0.01
2922,500,-15.0,17.546,18.716,585,68,0,0.01
2923,500,-14.0,15.996,17.026,515,73,0,0.01
2924,500,-16.0,16.964,18.088,562,78,0,0.01
2925,500,-19.0,19.948,21.176,614,71,0,0.01
2926,500,-24.0,16.738,17.862,562,77,0,0.01
2927,500,-26.0,16.93,18.04,555,74,0,0.01
2928,500,-25.0,19.206,20.344,569,79,0,0.01
2929,500,-23.0,18.054,19.15,548,75,0,0.01
2930,500,-25.0,18.898,20.074,588,75,0,0.01
2931,500,-14.0,16.152,17.264,556,75,0,0.01
2932,500,-23.0,17.58,18.73,575,77,0,0.01
2933,500,-18.0,18.172,19.302,565,78,0,0.01
2934,500,-28.0,20.232,21.458,613,70,0,0.01
2935,500,-15.0,18.816,20.012,598,75,0,0.01
2936,500,-27.0,20.386,21.556,585,75,0,0.01
2937,500,-25.0,18.138,19.282,572,74,0,0.01
2938,500,-13.0,18.076,19.27,597,73,0,0.01
2939,500,-26.0,18.648,19.808,580,71,0,0.01
2940,500,-21.0,17.652,18.776,562,74,0,0.01
2941,500,-23.0,19.458,20.65,596,75,0,0.01
2942,500,-23.0,17.128,18.222,547,70,0,0.01
2943,500,-25.0,21.826,23.026,600,74,0,0.01
2944,500,-20.0,17.194,18.374,590,74,0,0.01
2945,500,-22.0,18.718,19.88,581,76,0,0.01
2946,500,-13.0,16.552,17.718,583,73,0,0.01
2947,500,-28.0,22.702,23.964,631,69,0,0.01
2948,500,-15.0,18.334,19.504,585,74,0,0.01
2949,500,-21.0,21.646,22.884,619,72,0,0.01
2950,500,-24.0,20.288,21.504,608,76,0,0.01
2951,500,-22.0,17.17,18.296,563,74,0,0.01
2952,500,-15.0,16.784,17.912,564,74,0,0.01
2953,500,-12.0,17.058,18.21,576,76,0,0.01
2954,500,-22.0,19.086,20.248,581,77,0,0.01
2955,500,-15.0,18.062,19.254,596,72,0,0.01
2956,500,-17.0,16.618,17.776,579,77,0,0.01
2957,500,-16.0,15.494,16.6,553,74,0,0.01
2958,500,-18.0,17.896,19.06,582,76,0,0.01
2959,500,-26.0,18.424,19.6,588,71,0,0.01
2960,500,-20.0,18.726,19.9,587,72,0,0.01
2961,500,-16.0,17.648,18.782,567,74,0,0.01
2962,500,-11.0,15.932,17.042,555,75,0,0.01
2963,500,-6.0,17.766,18.964,599,72,0,0.01
2964,500,-22.0,17.204,18.354,575,74,0,0.01
2965,500,-14.0,16.61,17.76,575,74,0,0.01
2966,500,-25.0,16.204,17.304,550,78,0,0.01
2967,500,-21.0,18.49,19.724,617,76,0,0.01
2968,500,-18.0,17.036,18.178,571,76,0,0.01
2969,500,-13.0,16.584,17.75,583,74,0,0.01
2970,500,-15.0,15.62,16.708,544,74,0,0.01
2971,500,-20.0,17.266,18.416,575,73,0,0.01
2972,500,-18.0,16.612,17.762,575,76,0,0.01
2973,500,-18.0,17.962,19.146,592,75,0,0.01
2974,500,-20.0,17.398,18.558,580,75,0,0.01
2975,500,-18.0,20.006,21.262,628,71,0,0.01
2976,500,-19.0,15.484,16.584,550,72,0,0.01
2977,500,-26.0,17.798,18.94,571,75,0,0.01
2978,500,-8.0,18.058,19.21,576,79,0,0.01
2979,500,-22.0,19.094,20.3,603,76,0,0.01
2980,500,-20.0,18.64,19.834,597,82,0,0.01
2981,500,-14.0,16.314,17.472,579,73,0,0.01
2982,500,-16.0,16.166,17.296,565,68,0,0.01
2983,500,-13.0,18.858,20.016,579,75,0,0.01
2984,500,-21.0,16.792,17.972,590,71,0,0.01
2985,500,-14.0,15.966,17.056,545,74,0,0.01
2986,500,-24.0,20.648,21.892,622,69,0,0.01
2987,500,-17.0,16.33,17.446,558,78,0,0.01
2988,500,-19.0,16.61,17.758,574,70,0,0.01
2989,500,-20.0,17.738,18.898,580,73,0,0.01
2990,500,-21.0,18.538,19.722,592,73,0,0.01
2991,500,-14.0,17.648,18.792,572,71,0,0.01
2992,500,-25.0,18.47,19.632,581,70,0,0.01
2993,500,-13.0,22.118,23.416,649,75,0,0.01
2994,500,-21.0,16.506,17.598,546,74,0,0.01
2995,500,-13.0,19.904,21.122,609,72,0,0.01
2996,500,-14.0,19.21,20.428,609,70,0,0.01
2997,500,-15.0,18.062,19.234,586,77,0,0.01
2998,500,-12.0,17.184,18.324,570,72,0,0.01
2999,500,-19.0,15.528,16.662,567,76,0,0.01
3000,500,-18.0,18.802,19.974,586,74,0,0.01
