episode,steps,cumulative_reward,average_queue_length,average_waiting_time,total_throughput,phase_switches,overflow_count,epsilon
1,120,-109.5428326092452,60.025,60.21666666666667,23,54,1,1.0
2,160,-112.1005635173583,68.3625,68.7,54,65,1,0.995
3,129,-109.05586862075461,63.72868217054263,63.96124031007752,30,57,1,0.990025
4,128,-116.06331777018852,70.7265625,70.9921875,34,55,1,0.985074875
5,145,-118.0670423449055,59.63448275862069,59.88275862068966,36,63,1,0.9801495006250001
6,144,-129.07076691962249,71.22916666666667,71.49305555555556,38,63,1,0.9752487531218751
7,160,-118.08194064377336,73.6875,73.9625,44,69,1,0.9703725093562657
8,166,-109.08566521849035,75.90963855421687,76.1867469879518,46,72,1,0.9655206468094844
9,186,-116.60987495415067,76.93548387096774,77.25268817204301,59,78,1,0.960693043575437
10,132,-98.58007835641492,61.36363636363637,61.68939393939394,43,55,1,0.9558895783575597
11,148,-86.09311436792433,59.08108108108108,59.41891891891892,50,61,1,0.9511101304657719
12,131,-92.07821606905645,54.87786259541985,55.19847328244275,42,54,1,0.946354579813443
13,131,-85.08938979320736,60.61832061068702,60.98473282442748,48,52,1,0.9416228069143757
14,150,-130.07449149433947,66.94,67.20666666666666,40,64,1,0.9369146928798039
15,161,-95.0893897932074,61.285714285714285,61.58385093167702,48,69,1,0.9322301194154049
16,157,-111.11173724150919,68.10191082802548,68.48407643312102,60,63,1,0.9275689688183278
17,162,-116.08938979320736,70.80246913580247,71.09876543209876,48,67,1,0.9229311239742362
18,167,-117.09311436792433,73.69461077844312,73.9940119760479,50,71,1,0.918316468354365
19,117,-95.07821606905645,63.2991452991453,63.65811965811966,42,47,1,0.9137248860125932
20,102,-76.06331777018858,49.009803921568626,49.34313725490196,34,43,1,0.9091562615825302
21,138,-125.5540063333961,70.95652173913044,71.16666666666667,29,62,1,0.9046104802746175
22,148,-115.08566521849039,68.06756756756756,68.37837837837837,46,62,1,0.9000874278732445
23,129,-102.05959319547156,65.67441860465117,65.92248062015504,32,56,1,0.8955869907338783
24,116,-99.5540063333961,59.73275862068966,59.98275862068966,29,51,1,0.8911090557802088
25,134,-108.07449149433947,59.350746268656714,59.649253731343286,40,57,1,0.8866535105013078
26,163,-95.11546181622617,64.48466257668711,64.86503067484662,62,66,1,0.8822202429488013
27,138,-124.0558686207546,71.14492753623189,71.3623188405797,30,61,1,0.8778091417340573
28,111,-104.55028175867916,53.57657657657658,53.81981981981982,27,47,1,0.8734200960253871
29,117,-89.06704234490553,55.18803418803419,55.495726495726494,36,49,1,0.8690529955452602
30,182,-76.16760586226376,64.18131868131869,64.67582417582418,90,67,1,0.8647077305675338
31,174,-86.15270756339599,63.98850574712644,64.45977011494253,82,66,1,0.8603841919146962
32,126,-76.09683894264133,58.98412698412698,59.3968253968254,52,50,1,0.8560822709551227
33,158,-98.1117372415092,69.29113924050633,69.67088607594937,60,64,1,0.851801859600347
34,136,-90.60242580471675,67.18382352941177,67.58823529411765,55,53,1,0.8475428503023453
35,164,-116.1042880920752,76.75,77.09146341463415,56,68,1,0.8433051360508336
36,136,-78.62477325301856,69.25,69.74264705882354,67,50,1,0.8390886103705794
37,150,-122.07821606905644,69.14,69.42,42,64,1,0.8348931673187264
38,111,-63.58007835641499,46.03603603603604,46.42342342342342,43,44,1,0.8307187014821328
39,180,-76.66574357490539,61.01111111111111,61.50555555555555,89,67,1,0.8265651079747222
40,141,-114.56518005754702,67.35460992907801,67.60283687943263,35,62,1,0.8224322824348486
41,149,-71.1378092645281,58.966442953020135,59.46308724832215,74,56,1,0.8183201210226743
42,173,-60.148982988679045,55.91329479768786,56.3757225433526,80,65,1,0.8142285204175609
43,142,-108.10056351735828,67.43661971830986,67.8169014084507,54,58,1,0.810157377815473
44,143,-101.10801266679213,72.5944055944056,73.0,58,56,1,0.8061065909263957
45,95,-85.5465571839622,50.43157894736842,50.694736842105264,25,41,1,0.8020760579717637
46,177,-76.63594697716961,55.355932203389834,55.76836158192091,73,69,1,0.798065677681905
47,178,-109.62849782773557,73.70224719101124,74.08988764044943,69,71,1,0.7940753492934954
48,114,-108.06331777018852,63.1578947368421,63.45614035087719,34,49,1,0.7901049725470279
49,172,-77.68436644849024,61.4593023255814,62.03488372093023,99,60,1,0.7861544476842928
50,190,-77.16388128754686,66.7,67.16315789473684,88,73,1,0.7822236754458713
51,174,-83.15643213811295,67.77586206896552,68.25862068965517,84,66,1,0.778312557068642
52,152,-66.64339612660355,62.296052631578945,62.80263157894737,77,55,1,0.7744209942832988
53,141,-85.12291096566008,65.31205673758865,65.78014184397163,66,53,1,0.7705488893118823
54,168,-73.14525841396203,58.220238095238095,58.68452380952381,78,64,1,0.7666961448653229
55,128,-68.61359952886778,52.25,52.7265625,61,48,1,0.7628626641409962
56,144,-92.61732410358474,59.15972222222222,59.59722222222222,63,55,1,0.7590483508202912
57,182,-78.68064187377323,68.71428571428571,69.24725274725274,97,65,1,0.7552531090661897
58,126,-79.61732410358472,53.317460317460316,53.817460317460316,63,45,1,0.7514768435208588
59,148,-61.14525841396206,56.567567567567565,57.0945945945946,78,54,1,0.7477194593032545
60,132,-60.11918639094324,52.86363636363637,53.34848484848485,64,50,1,0.7439808620067382
61,139,-82.12663554037717,54.66187050359712,55.15107913669065,68,52,1,0.7402609576967045
62,193,-90.17133043698081,64.84455958549223,65.32124352331606,92,73,1,0.736559652908221
63,171,-85.14898298867897,64.14619883040936,64.6140350877193,80,64,1,0.7328768546436799
64,147,-69.11173724150927,49.183673469387756,49.59183673469388,60,55,1,0.7292124703704616
65,143,-86.6322224024526,58.78321678321678,59.27972027972028,71,53,1,0.7255664080186093
66,160,-82.14525841396195,63.39375,63.88125,78,56,1,0.7219385759785162
67,184,-70.17505501169788,61.73913043478261,62.25,94,66,1,0.7183288830986236
68,153,-79.62477325301865,56.69281045751634,57.130718954248366,67,57,1,0.7147372386831305
69,152,-48.65829442547149,58.401315789473685,58.96052631578947,85,54,1,0.7111635524897149
70,199,-61.20485160943369,57.12562814070352,57.678391959798994,110,72,1,0.7076077347272662
71,135,-78.6098749541508,58.318518518518516,58.75555555555555,59,52,1,0.7040696960536299
72,177,-92.64712070132042,71.1638418079096,71.61016949152543,79,66,1,0.7005493475733617
73,219,-78.23092363245242,75.47488584474885,76.04109589041096,124,78,1,0.697046600835495
74,251,-25.324038000376866,59.69322709163347,60.386454183266935,174,80,1,0.6935613678313175
75,183,-15.732785919810988,49.39890710382514,50.08196721311475,125,59,1,0.6900935609921609
76,167,-45.20485160943369,52.23353293413174,52.89221556886228,110,56,1,0.6866430931872001
77,184,-77.21602533358461,69.33152173913044,69.96195652173913,116,63,1,0.6832098777212641
78,121,-63.59870122999987,49.231404958677686,49.66942148760331,53,44,1,0.6797938283326578
79,195,-55.19367788528275,50.9025641025641,51.43589743589744,104,70,1,0.6763948591909945
80,143,-46.156432138113,53.48951048951049,54.07692307692308,84,50,1,0.6730128848950395
81,210,-51.197402459999736,62.05714285714286,62.56190476190476,106,78,1,0.6696478204705644
82,202,-65.72161219566009,71.54950495049505,72.13861386138613,119,70,1,0.6662995813682115
83,157,-46.67691729905637,55.01273885350319,55.617834394904456,95,54,1,0.6629680834613705
84,123,-54.63967155188659,50.32520325203252,50.9349593495935,75,42,1,0.6596532430440636
85,165,-97.6694681496223,72.95151515151515,73.5030303030303,91,57,1,0.6563549768288433
86,165,-64.66574357490539,65.7939393939394,66.33333333333333,89,59,1,0.653073201944699
87,142,-54.643396126603584,45.2112676056338,45.75352112676056,77,50,1,0.6498078359349755
88,141,-40.6880910232073,56.06382978723404,56.780141843971634,101,45,1,0.6465587967553006
89,226,-49.77748081641472,66.32300884955752,66.98230088495575,149,74,1,0.6433260027715241
90,174,-47.19367788528276,53.701149425287355,54.298850574712645,104,60,1,0.6401093727576664
91,144,-51.182504161131824,49.15972222222222,49.84027777777778,98,45,1,0.6369088258938781
92,131,-56.160156712829966,57.69465648854962,58.35114503816794,86,41,1,0.6337242817644086
93,152,-52.182504161131824,51.0921052631579,51.73684210526316,98,50,1,0.6305556603555866
94,184,-22.73278591981098,49.03260869565217,49.71195652173913,125,58,1,0.6274028820538087
95,136,-37.647120701320546,39.98529411764706,40.56617647058823,79,46,1,0.6242658676435396
96,225,-62.25327108075437,66.12444444444445,66.72888888888889,136,75,1,0.6211445383053219
97,110,-71.57262920698102,43.25454545454546,43.60909090909091,39,43,1,0.6180388156137953
98,205,-80.20112703471666,71.1951219512195,71.72195121951219,108,74,1,0.6149486215357263
99,176,-80.16015671282986,69.23295454545455,69.7215909090909,86,65,1,0.6118738784280476
100,171,-69.16388128754691,56.67836257309941,57.19298245614035,88,57,1,0.6088145090359074
101,156,-79.16015671282987,63.73717948717949,64.28846153846153,86,56,1,0.6057704364907278
102,171,-66.17505501169774,58.80701754385965,59.35672514619883,94,60,1,0.6027415843082742
103,135,-67.14153383924508,52.525925925925925,53.08888888888889,76,44,1,0.5997278763867329
104,221,-58.27561852905622,67.70135746606334,68.3710407239819,148,67,1,0.5967292370047992
105,188,-58.69926474735823,62.005319148936174,62.57446808510638,107,65,1,0.5937455908197752
106,161,-61.684366448490316,59.683229813664596,60.298136645962735,99,53,1,0.5907768628656763
107,199,-35.25699565547136,63.11055276381909,63.80402010050251,138,62,1,0.5878229785513479
108,166,-68.13408468981113,51.855421686746986,52.28915662650602,72,60,1,0.5848838636585911
109,198,-45.717887620943095,57.11616161616162,57.707070707070706,117,68,1,0.5819594443402982
110,223,-57.78492996584867,64.69955156950672,65.38565022421524,153,71,1,0.5790496471185967
111,224,-41.77003166698075,60.075892857142854,60.723214285714285,145,72,1,0.5761543988830038
112,156,-49.178779586414855,58.65384615384615,59.26923076923077,96,53,1,0.5732736268885887
113,217,-48.75140879339588,64.9815668202765,65.6036866359447,135,74,1,0.5704072587541458
114,187,-82.66946814962226,73.02139037433155,73.50802139037434,91,68,1,0.567555222460375
115,191,-8.2756185290562,51.261780104712045,52.03664921465968,148,57,1,0.5647174463480732
116,153,-71.18250416113163,68.80392156862744,69.44444444444444,98,49,1,0.5618938591163328
117,170,-47.182504161131824,51.970588235294116,52.54705882352941,98,57,1,0.5590843898207511
118,182,-15.755133368112771,42.08791208791209,42.84065934065934,137,48,1,0.5562889678716474
119,192,-58.725336770377055,62.755208333333336,63.385416666666664,121,64,1,0.5535075230322891
120,155,-64.67319272433939,57.92903225806452,58.52903225806452,93,53,1,0.5507399854171277
121,140,-31.16388128754692,36.378571428571426,37.00714285714286,88,42,1,0.547986285490042
122,159,-21.201127034716713,50.125786163522015,50.80503144654088,108,52,1,0.5452463540625918
123,321,38.49718241320835,56.11214953271028,56.953271028037385,270,87,1,0.5425201222922789
124,245,-17.84079858660324,58.01632653061225,58.76326530612245,183,74,1,0.5398075216808175
125,253,10.140578539811878,56.6205533596838,57.383399209486164,193,75,1,0.5371084840724134
126,183,-36.24582193132039,53.4207650273224,54.14207650273224,132,55,1,0.5344229416520513
127,202,-26.781205391131643,51.21287128712871,51.960396039603964,151,61,1,0.531750826943791
128,204,-37.777480816414716,61.18627450980392,61.916666666666664,149,64,1,0.5290920728090721
129,212,-46.73651049452794,55.136792452830186,55.735849056603776,127,70,1,0.5264466124450268
130,134,-25.654569850754477,36.35820895522388,36.97761194029851,83,42,1,0.5238143793828016
131,219,-24.829624862452377,69.07762557077625,69.88584474885845,177,62,1,0.5211953074858876
132,156,-15.227199057735524,43.8974358974359,44.67948717948718,122,40,1,0.5185893309484582
133,186,15.222519183585371,39.564516129032256,40.365591397849464,149,51,1,0.5159963842937159
134,195,-36.23092363245251,57.84615384615385,58.48205128205128,124,63,1,0.5134164023722473
135,217,-5.792379115282529,46.14746543778802,46.87096774193548,157,62,1,0.510849320360386
136,238,6.166650562830682,55.294117647058826,56.04621848739496,179,67,1,0.5082950737585841
137,231,2.1592014133967687,57.082251082251084,57.874458874458874,183,67,1,0.5057535983897912
138,285,-35.37245747169751,61.19298245614035,61.89473684210526,200,87,1,0.5032248303978422
139,282,17.575398482264823,61.670212765957444,62.47872340425532,228,78,1,0.500708706245853
140,188,-66.20112703471669,66.10106382978724,66.67553191489361,108,63,1,0.4982051627146237
141,157,-36.201127034716684,44.7515923566879,45.439490445859875,108,44,1,0.49571413690105054
142,188,1.2225191835853781,44.67553191489362,45.46808510638298,149,52,1,0.4932355662165453
143,287,10.582847631698796,57.52264808362369,58.30313588850174,224,82,1,0.4907693883854626
144,194,5.218794608868363,48.48453608247423,49.26288659793814,151,52,1,0.4883155414435353
145,138,-0.20857618415058532,33.98550724637681,34.79710144927536,112,38,1,0.4858739637363176
146,250,-26.833349437169304,57.864,58.58,179,75,1,0.483444593917636
147,161,-36.197402459999694,43.4472049689441,44.1055900621118,106,49,1,0.4810273709480478
148,313,-2.9413621039614952,56.99680511182109,57.753993610223645,237,87,1,0.47862223409330756
149,240,17.107057367359133,48.95,49.829166666666666,211,61,1,0.47622912292284103
150,234,-5.848247736037188,58.05128205128205,58.85042735042735,187,64,1,0.4738479773082268
151,158,-42.69926474735822,51.962025316455694,52.639240506329116,107,48,1,0.47147873742168567
152,200,-1.807277414150409,44.055,44.88,165,54,1,0.46912134373457726
153,205,-28.275618529056192,53.53170731707317,54.25365853658536,148,60,1,0.46677573701590436
154,277,3.605195080000634,46.48736462093863,47.25270758122743,212,80,1,0.46444185833082485
155,220,19.661063700755296,42.56818181818182,43.39545454545455,182,59,1,0.46211964903917074
156,268,20.57912305698186,51.8955223880597,52.73880597014925,226,72,1,0.4598090507939749
157,158,-7.732785919810935,36.37341772151899,37.164556962025316,125,42,1,0.457510005540005
158,375,61.34819942452933,75.984,76.91733333333333,350,96,1,0.45522245551230495
159,204,12.672237424906177,49.23039215686274,50.09313725490196,176,53,1,0.4529463432347434
160,226,-9.305415126791914,45.43805309734513,46.163716814159294,164,60,1,0.4506816115185697
161,303,60.50835613735926,55.73597359735974,56.60726072607261,264,79,1,0.4484282034609769
162,475,117.67873127490743,57.68421052631579,58.612631578947365,441,119,1,0.446186062443672
163,155,-23.71416304622607,43.10967741935484,43.851612903225806,115,45,1,0.4439551321314536
164,229,-49.78492996584862,57.75982532751092,58.427947598253276,153,63,1,0.4417353564707963
165,384,79.30722910264265,59.65625,60.625,372,96,1,0.43952667968844233
166,180,-8.290516827924016,42.977777777777774,43.84444444444444,156,45,1,0.43732904629000013
167,179,-9.762582517546772,49.89385474860335,50.68156424581006,141,49,1,0.4351424010585501
168,286,44.017667574151695,55.93006993006993,56.83566433566433,259,76,1,0.43296668905325736
169,178,-13.301690552074989,51.39325842696629,52.30337078651685,162,45,1,0.43080185560799106
170,194,6.218794608868425,39.78350515463917,40.56185567010309,151,47,1,0.4286478463299511
171,101,-46.108012666792284,35.59405940594059,36.16831683168317,58,26,1,0.42650460709830135
172,227,9.605195080000653,59.34361233480176,60.27753303964758,212,55,1,0.42437208406280985
173,151,-19.204851609433604,39.52317880794702,40.25165562913907,110,39,1,0.4222502236424958
174,223,35.140578539811884,39.39461883408072,40.26008968609865,193,61,1,0.42013897252428334
175,207,20.185273436415574,39.84541062801932,40.66183574879227,169,51,1,0.4180382776616619
176,140,-37.658294425471475,43.621428571428574,44.22857142857143,85,42,1,0.4159480862733536
177,288,31.556775608679942,40.12152777777778,40.947916666666664,238,76,1,0.41386834584198684
178,204,-15.297965977358055,60.19117647058823,60.97549019607843,160,59,1,0.4117990041127769
179,291,22.006493850000744,61.23024054982818,62.14089347079038,265,76,1,0.40974000909221303
180,148,-18.186228735848765,37.50675675675676,38.182432432432435,100,33,1,0.40769130904675194
181,336,82.91710405679368,41.080357142857146,42.01190476190476,313,80,1,0.40565285250151817
182,196,-26.766307092263766,52.63775510204081,53.36734693877551,143,56,1,0.4036245882390106
183,264,30.069811620189363,52.84090909090909,53.71590909090909,231,65,1,0.4016064652978155
184,306,65.47855953962359,40.05555555555556,40.970588235294116,280,69,1,0.3995984329713264
185,319,24.980421826981953,56.322884012539184,57.19749216300941,279,74,1,0.3976004408064698
186,314,66.44503836717085,43.77388535031847,44.72292993630573,298,69,1,0.39561243860243744
187,291,23.51952986151018,67.3298969072165,68.21649484536083,258,72,1,0.3936343764094253
188,343,80.38916974641613,58.50728862973761,59.46355685131196,328,82,1,0.39166620452737816
189,200,-10.290516827924028,48.495,49.275,156,50,1,0.3897078735047413
190,266,46.54932645924598,43.150375939849624,44.06015037593985,242,59,1,0.3877593341372176
191,307,42.486008689057435,57.74918566775244,58.648208469055376,276,76,1,0.3858205374665315
192,130,-4.2123007588675545,30.592307692307692,31.46923076923077,114,30,1,0.38389143477919885
193,134,-18.691815597924226,39.17910447761194,39.94776119402985,103,30,1,0.3819719776053028
194,203,26.664788275472233,47.881773399014776,48.76847290640394,180,52,1,0.3800621177172763
195,199,22.174099712264677,39.527638190954775,40.4070351758794,175,47,1,0.37816180712868996
196,325,68.45621209132163,54.51692307692308,55.41538461538462,292,72,1,0.37627099809304654
197,194,-15.799828264716536,55.84020618556701,56.670103092783506,161,52,1,0.3743896431025813
198,367,95.32212740151081,50.678474114441414,51.67029972752044,364,83,1,0.37251769488706843
199,282,46.01766757415168,50.59929078014184,51.5177304964539,259,61,1,0.3706551064126331
200,123,-20.156432138112965,34.552845528455286,35.235772357723576,84,29,1,0.36880183088056995
201,410,106.26625878075599,62.821951219512194,63.78292682926829,394,96,1,0.3669578217261671
202,161,-7.751408793395806,42.745341614906835,43.58385093167702,135,40,1,0.36512303261753626
203,264,38.5567756086799,45.86363636363637,46.765151515151516,238,58,1,0.3632974174544486
204,213,25.646165401887366,38.5962441314554,39.48826291079812,190,50,1,0.3614809303671764
205,467,123.14334781509625,60.06423982869379,61.04925053533191,460,111,1,0.3596735257153405
206,223,31.642440827170397,36.865470852017935,37.72645739910314,192,50,1,0.3578751580867638
207,202,19.181548861698637,45.42574257425743,46.272277227722775,171,48,1,0.35608578229633
208,172,-5.773756241697653,41.151162790697676,42.00581395348837,147,41,1,0.3543053533848483
209,217,-10.316588850942852,54.58986175115207,55.37327188940092,170,53,1,0.35253382661792404
210,184,2.226243758302342,40.69565217391305,41.494565217391305,147,39,1,0.3507711574848344
211,390,125.7234261715111,53.80769230769231,54.87692307692308,417,76,1,0.34901730169741024
212,168,-8.21602533358454,36.220238095238095,36.910714285714285,116,37,1,0.3472722151889232
213,247,57.066087045472386,40.421052631578945,41.364372469635626,233,52,1,0.3455358541129786
214,274,51.040015022453545,38.95985401459854,39.86131386861314,247,63,1,0.3438081748424137
215,230,-4.8519723107541886,63.17391304347826,63.995652173913044,189,65,1,0.3420891339682016
216,449,135.72715074622798,41.39643652561247,42.32071269487751,415,100,1,0.3403786882983606
217,326,61.92082863151032,48.08588957055215,49.0398773006135,311,74,1,0.3386767948568688
218,373,106.30350452792592,53.32439678284182,54.32707774798928,374,85,1,0.33698341088258443
219,282,68.99159555113292,46.45390070921986,47.42198581560284,273,59,1,0.3352984938281715
220,158,-24.219749908301544,45.00632911392405,45.75316455696203,118,43,1,0.33362200135903064
221,173,22.702034022642025,35.59537572254335,36.52023121387283,160,35,1,0.33195389135223546
222,388,98.83143883830319,47.649484536082475,48.574742268041234,359,83,1,0.3302941218954743
223,258,51.04001502245353,49.68217054263566,50.63953488372093,247,56,1,0.32864265128599696
224,381,102.3184028267938,51.85564304461942,52.816272965879264,366,78,1,0.326999438029567
225,240,6.110781942076157,49.770833333333336,50.641666666666666,209,53,1,0.3253644408394192
226,139,-9.186228735848731,31.179856115107913,31.899280575539567,100,39,1,0.3237376186352221
227,156,-23.72161219566003,42.26923076923077,43.032051282051285,119,31,1,0.322118930542046
228,182,10.68713572377414,44.472527472527474,45.395604395604394,168,40,1,0.32050833588933575
229,210,32.15920141339676,40.96666666666667,41.838095238095235,183,48,1,0.31890579420988907
230,187,5.720656896226913,37.94652406417112,38.74866310160428,150,43,1,0.3173112652388396
231,346,84.37799602226535,49.0606936416185,50.02601156069364,334,80,1,0.3157247089126454
232,209,40.62754252830246,41.27272727272727,42.229665071770334,200,40,1,0.3141460853680822
233,131,-16.182504161131767,36.3587786259542,37.10687022900763,98,28,1,0.3125753549412418
234,192,-5.762582517546721,41.09375,41.828125,141,47,1,0.31101247816653554
235,263,42.57167390754785,37.59315589353612,38.46768060836502,230,54,1,0.30945741577570285
236,213,25.657339126038323,40.7887323943662,41.652582159624416,184,43,1,0.3079101286968243
237,238,66.04746417188751,39.403361344537814,40.424369747899156,243,48,1,0.3063705780533402
238,500,187.05023344717117,49.4,50.42,510,100,0,0.30483872516307353
239,199,39.148027689245836,41.301507537688444,42.25125628140704,189,42,1,0.3033145315372582
240,384,100.31095367735979,56.127604166666664,57.091145833333336,370,79,1,0.3017979588795719
241,480,182.06513174603933,48.39375,49.43958333333333,502,95,1,0.30028896908517405
242,177,-5.279343103773094,41.59322033898305,42.440677966101696,150,41,1,0.2987875242397482
243,172,-13.762582517546727,48.72674418604651,49.54651162790697,141,37,1,0.29729358661854943
244,153,-22.721612195660008,41.39869281045752,42.1764705882353,119,33,1,0.29580711868545667
245,419,130.723426171511,45.288782816229116,46.28400954653938,417,86,1,0.2943280830920294
246,157,-27.227199057735525,53.910828025477706,54.68789808917197,122,33,1,0.29285644267656924
247,348,110.8053668152845,49.59770114942529,50.66954022988506,373,68,1,0.2913921604631864
248,451,141.13589866566187,56.15742793791574,57.186252771618626,464,90,1,0.28993519966087045
249,366,110.77184564283172,57.34699453551912,58.41530054644809,391,69,1,0.2884855236625661
250,448,146.17686898754886,39.22544642857143,40.21205357142857,442,84,1,0.28704309604425327
251,357,132.29977995320903,48.38095238095238,49.43417366946779,376,73,1,0.285607880564032
252,360,107.36682229811447,45.03611111111111,45.980555555555554,340,69,1,0.28417984116121187
253,346,87.37054687283137,50.41907514450867,51.395953757225435,338,65,1,0.2827589419554058
254,391,89.81281596471841,56.084398976982094,57.028132992327365,369,91,1,0.28134514724562876
255,408,147.68990499905803,44.740196078431374,45.806372549019606,435,72,1,0.2799384215094006
256,170,-7.732785919810935,38.27058823529412,39.00588235294118,125,34,1,0.27853872940185365
257,464,148.6228626541524,45.786637931034484,46.80172413793103,471,87,1,0.27714603575484437
258,336,45.441313792453705,54.779761904761905,55.67261904761905,300,75,1,0.2757603055760701
259,480,165.09120376905798,47.88125,48.89791666666667,488,93,1,0.2743815040481898
260,160,-12.732785919810944,40.73125,41.5125,125,39,1,0.2730095965279488
261,239,21.60147050528367,46.06276150627615,46.9581589958159,214,48,1,0.27164454854530906
262,500,213.52974828622771,33.566,34.608,521,82,0,0.2702863258025825
263,338,61.93200235566135,45.955621301775146,46.857988165680474,305,67,1,0.2689348941735696
264,400,117.29977995320898,51.0375,51.9775,376,73,1,0.26759021970270175
265,236,26.133129390377988,42.597457627118644,43.432203389830505,197,57,1,0.2662522686041882
266,500,197.53719743566174,45.978,47.012,517,95,0,0.2649210072611673
267,276,46.48973326377437,47.619565217391305,48.61231884057971,274,57,1,0.26359640222486147
268,174,-1.7365104945278853,31.350574712643677,32.08045977011494,127,31,1,0.26227842021373715
269,256,55.05491332132146,47.0546875,47.98828125,239,58,1,0.2609670281126685
270,418,110.26998335547333,46.68421052631579,47.622009569377994,392,92,1,0.25966219297210513
271,193,15.211345459434474,34.84455958549223,35.64766839378238,155,42,1,0.2583638820072446
272,213,27.64244082717041,37.67605633802817,38.57746478873239,192,47,1,0.2570720625972084
273,291,76.93200235566144,50.21993127147766,51.2680412371134,305,54,1,0.25578670228422234
274,292,70.95807437868021,49.8458904109589,50.842465753424655,291,56,1,0.25450776877280124
275,378,136.7867439416996,46.304232804232804,47.317460317460316,383,75,1,0.2532352299289372
276,390,101.31840282679384,37.12051282051282,38.05897435897436,366,77,1,0.2519690537792925
277,288,73.96924810283112,39.18402777777778,40.173611111111114,285,53,1,0.2507092085103961
278,500,202.46270594132204,52.948,54.062,557,96,0,0.2494556624678441
279,274,83.47855953962362,38.262773722627735,39.284671532846716,280,55,1,0.24820838415550486
280,357,115.8202651141523,46.403361344537814,47.42577030812325,365,66,1,0.24696734223472733
281,500,216.51112541264285,40.696,41.758,531,92,0,0.2457325055235537
282,219,38.125680240944014,40.662100456621005,41.57990867579909,201,46,1,0.24450384299593592
283,337,93.85751086132191,53.95845697329377,54.982195845697326,345,73,1,0.24328132378095624
284,208,20.64244082717039,36.78846153846154,37.71153846153846,192,45,1,0.24206491716205145
285,500,233.4701550907562,54.776,55.882,553,93,0,0.2408545925762412
286,500,213.52229913679392,40.116,41.166,525,97,0,0.23965031961336
287,272,57.06608704547236,33.8125,34.669117647058826,233,64,1,0.2384520680152932
288,232,53.088434493774216,32.23706896551724,33.189655172413794,221,44,1,0.23725980767521673
289,394,126.77929479226577,43.558375634517766,44.54060913705584,387,73,1,0.23607350863684065
290,340,102.36309772339739,42.8235294117647,43.82941176470588,342,68,1,0.23489314109365644
291,500,207.04650887245435,40.486,41.51,512,95,0,0.23371867538818816
292,288,89.9394515050954,49.27430555555556,50.31944444444444,301,58,1,0.23255008201124722
293,279,92.43758921773691,36.08243727598566,37.16487455197132,302,57,1,0.231387331601191
294,164,-20.230923632452438,38.73170731707317,39.48780487804878,124,33,1,0.23023039494318503
295,298,70.0102184247178,35.399328859060404,36.281879194630875,263,54,1,0.2290792429684691
296,500,228.4180110447184,53.19,54.352,581,89,0,0.22793384675362674
297,500,186.47760424019026,49.02,50.118,549,96,0,0.22679417751985861
298,500,176.5930660564166,42.178,43.152,487,95,0,0.22566020663225933
299,344,112.86496001075604,40.93895348837209,41.93023255813954,341,71,1,0.22453190559909803
300,408,141.7010787232089,51.06127450980392,52.11274509803921,429,77,1,0.22340924607110255
301,210,9.608919654717674,50.03333333333333,51.03333333333333,210,48,1,0.22229219984074702
302,500,187.03905972302033,43.956,44.988,516,99,0,0.2211807388415433
303,214,49.1107819420761,36.07943925233645,37.05607476635514,209,36,1,0.22007483514733558
304,367,121.80164224056749,42.41961852861036,43.44141689373297,375,76,1,0.2189744609715989
305,500,205.51484998735964,42.218,43.276,529,94,0,0.2178795886667409
306,255,63.01766757415169,41.745098039215684,42.76078431372549,259,54,1,0.2167901907234072
307,372,128.77557021754885,44.46236559139785,45.50806451612903,389,70,1,0.21570623976979014
308,500,190.09120376905798,34.626,35.602,488,91,0,0.21462770857094118
309,216,38.13312939037794,33.824074074074076,34.736111111111114,197,42,1,0.21355457002808648
310,165,-18.19367788528269,36.13333333333333,36.763636363636365,104,33,1,0.21248679717794605
311,411,144.7159770220767,35.99270072992701,37.017031630170315,421,78,1,0.21142436319205632
312,500,210.0204368494351,39.368,40.42,526,92,0,0.21036724137609603
313,265,78.99159555113296,41.40754716981132,42.4377358490566,273,48,1,0.20931540516921554
314,500,233.51857456207662,32.732,33.786,527,88,0,0.20826882814336947
315,199,-13.807277414150436,52.346733668341706,53.175879396984925,165,39,1,0.20722748400265262
316,500,209.03905972302007,44.648,45.68,516,92,0,0.20619134658263935
317,420,180.14707238981256,40.50238095238095,41.59285714285714,458,77,1,0.20516038984972615
318,500,206.00553855056756,45.262,46.33,534,93,0,0.2041345879004775
319,343,107.8016422405675,41.17201166180758,42.265306122448976,375,65,1,0.2031139149609751
320,192,12.683411149057154,35.6875,36.572916666666664,170,36,1,0.20209834538617025
321,124,0.8063221147173119,31.967741935483872,32.806451612903224,104,19,1,0.2010878536592394
322,350,88.86123543603902,46.245714285714286,47.22571428571428,343,66,1,0.2000824143909432
323,259,56.51580528679322,46.05791505791506,47.061776061776065,260,47,1,0.19908200231898848
324,500,209.54464658509553,53.376,54.402,513,85,0,0.19808659230739353
325,500,214.51484998735972,34.538,35.596,529,92,0,0.19709615934585656
326,197,49.60891965471755,45.92893401015228,46.994923857868024,210,40,1,0.19611067854912728
327,141,-1.24954650603729,37.212765957446805,38.163120567375884,134,23,1,0.19513012515638165
328,264,53.53815273509505,43.29545454545455,44.234848484848484,248,48,1,0.19415447453059972
329,386,117.77929479226569,45.92746113989637,46.9300518134715,387,74,1,0.19318370215794672
330,500,223.54092201037864,34.764,35.794,515,90,0,0.192217783647157
331,191,26.17037513754773,40.59162303664922,41.518324607329845,177,32,1,0.1912566947289212
332,500,211.97946652754862,41.588,42.684,548,88,0,0.1903004112552766
333,421,149.71970159679378,38.39192399049881,39.387173396674584,419,73,1,0.18934890919900021
334,356,111.34447484981264,38.62078651685393,39.609550561797754,352,67,1,0.18840216465300522
335,463,186.56326945868062,42.63282937365011,43.71922246220302,503,78,1,0.18746015382974018
336,175,15.203896310000516,40.8,41.70857142857143,159,29,1,0.1865228530605915
337,500,156.08003004490712,46.43,47.418,494,94,0,0.18559023879528855
338,454,144.16197068868058,49.22907488986784,50.220264317180614,450,80,1,0.1846622876013121
339,500,264.9235979067936,35.766,36.922,578,83,0,0.18373897616330553
340,395,137.70480329792596,33.96962025316456,35.050632911392405,427,62,1,0.182820281282489
341,500,191.02788599886915,38.63,39.674,522,84,0,0.18190617987607657
342,500,216.49250253905782,40.23,41.312,541,85,0,0.18099664897669618
343,457,196.05023344717122,38.70021881838074,39.816192560175054,510,80,1,0.1800916657318127
344,200,24.166650562830732,41.2,42.095,179,35,1,0.17919120740315364
345,500,257.425460194152,31.342,32.496,577,80,0,0.17829525136613786
346,403,148.19549186113343,50.0893300248139,51.16129032258065,432,68,1,0.17740377510930716
347,500,238.48132881490687,30.282,31.376,547,79,0,0.17651675623376062
348,301,105.40779262000117,40.35548172757475,41.411960132890364,318,46,1,0.1756341724525918
349,413,145.1880427116997,44.583535108958834,45.639225181598064,436,69,1,0.17475600159032884
350,140,11.267214080189085,34.364285714285714,35.25714285714286,125,23,1,0.17388222158237718
351,319,77.94317607981232,38.755485893416925,39.692789968652036,299,47,1,0.1730128104744653
352,121,-2.1899533105657394,37.99173553719008,38.83471074380165,102,21,1,0.17214774642209296
353,432,181.60796435528445,47.023148148148145,48.13194444444444,479,74,1,0.1712870076899825
354,205,26.649889976604335,32.702439024390245,33.61951219512195,188,34,1,0.17043057265153258
355,500,222.51484998735992,37.266,38.324,529,75,0,0.16957841978827493
356,500,234.50740083792584,29.8,30.866,533,80,0,0.16873052768933355
357,500,243.97574195283156,29.418,30.518,550,82,0,0.1678868750508869
358,462,180.5558203092468,50.83766233766234,51.935064935064936,507,85,1,0.16704744067563246
359,500,248.48132881490702,32.582,33.676,547,82,0,0.1662122034722543
360,500,251.40311274585034,40.648,41.826,589,86,0,0.16538114245489302
361,309,115.89848118320886,23.57281553398058,24.618122977346278,323,53,1,0.16455423674261854
362,500,222.5036762632087,32.562,33.632,535,85,0,0.16373146555890544
363,383,158.70107872320898,47.545691906005224,48.66579634464752,429,61,1,0.16291280823111093
364,500,198.54464658509562,34.718,35.744,513,93,0,0.16209824418995536
365,500,193.54464658509542,37.496,38.522,513,86,0,0.16128775296900558
366,354,126.31095367736003,28.183615819209038,29.228813559322035,370,63,1,0.16048131420416054
367,353,126.74949819452969,46.29461756373938,47.436260623229465,403,65,1,0.15967890763313974
368,450,179.62658722886943,46.53111111111111,47.57333333333333,469,88,1,0.15888051309497406
369,229,57.57912305698183,33.995633187772924,34.9825327510917,226,37,1,0.1580861105294992
370,500,221.02043684943536,30.268,31.32,526,83,0,0.1572956799768517
371,224,45.10705736735911,31.875,32.816964285714285,211,40,1,0.15650920157696743
372,500,249.44780764245417,34.896,36.026,565,79,0,0.1557266555690826
373,285,96.92827778094451,33.92631578947368,35.00350877192982,307,44,1,0.1549480222912372
374,404,160.663832976039,42.95544554455446,44.06683168316832,449,71,1,0.15417328217978102
375,500,251.9198733320769,40.08,41.24,580,87,0,0.1534024157688821
376,328,122.34447484981283,28.283536585365855,29.35670731707317,352,48,1,0.1526354036900377
377,500,253.96829280339728,31.598,32.706,554,88,0,0.1518722266715875
378,443,190.5483711598126,46.566591422121896,47.72009029345372,511,70,1,0.15111286553822956
379,500,259.9198733320768,29.918,31.078,580,75,0,0.15035730121053842
380,500,212.51112541264263,38.004,39.066,531,90,0,0.14960551470448571
381,427,172.1507969645296,41.5152224824356,42.58313817330211,456,75,1,0.14885748713096328
382,362,146.22528845886936,48.24033149171271,49.389502762430936,416,62,1,0.14811319969530845
383,484,180.09865291849192,27.479338842975206,28.479338842975206,484,73,1,0.1473726336968319
384,500,220.47387966547308,38.956,40.058,551,77,0,0.14663577052834775
385,500,227.99436482641642,31.904,32.984,540,81,0,0.14590259167570602
386,401,150.1805935622656,47.281795511221944,48.37905236907731,440,65,1,0.1451730787173275
387,500,248.4180110447182,39.058,40.22,581,84,0,0.14444721332374086
388,500,253.42546019415204,42.036,43.19,577,76,0,0.14372497725712216
389,170,22.207620884717464,33.588235294117645,34.51176470588236,157,28,1,0.14300635237083656
390,194,42.66478827547227,35.08247422680412,36.01030927835052,180,31,1,0.14229132060898236
391,500,224.50367626320894,39.714,40.784,535,82,0,0.14157986400593744
392,500,255.46643051603905,33.116,34.226,555,78,0,0.14087196468590776
393,240,54.54932645924598,43.083333333333336,44.09166666666667,242,48,1,0.14016760486247823
394,433,169.1433478150956,31.68822170900693,32.750577367205544,460,62,1,0.13946676683816583
395,500,207.54837115981252,27.756,28.778,511,80,0,0.138769433003975
396,500,254.92359790679365,37.186,38.342,578,85,0,0.13807558583895513
397,414,171.62286265415227,49.05555555555556,50.193236714975846,471,72,1,0.13738520790976036
398,500,235.01671227471795,32.766,33.822,528,79,0,0.13669828187021155
399,185,38.66106370075524,24.924324324324324,25.90810810810811,182,29,1,0.13601479046086049
400,500,234.46643051603894,33.248,34.358,555,73,0,0.1353347165085562
401,500,232.50367626320872,29.21,30.28,535,76,0,0.1346580429260134
402,173,20.71693232150991,30.109826589595375,30.98843930635838,152,28,1,0.13398475271138335
403,500,231.47760424018986,35.928,37.026,549,79,0,0.13331482894782642
404,500,220.00553855056737,34.166,35.234,534,78,0,0.13264825480308728
405,500,206.46643051603914,36.3,37.41,555,81,0,0.13198501352907185
406,136,-6.6992647473581375,29.830882352941178,30.61764705882353,107,20,1,0.1313250884614265
407,500,230.9571190792463,32.576,33.696,560,81,0,0.13066846301911936
408,489,215.49622711377484,36.0,37.102249488752555,539,78,1,0.13001512070402377
409,500,243.41801104471827,35.046,36.208,581,76,0,0.12936504510050365
410,354,126.30350452792592,39.73163841807909,40.78813559322034,374,57,1,0.12871821987500112
411,500,208.48132881490687,37.944,39.038,547,89,0,0.12807462877562611
412,211,23.63871625245342,36.687203791469194,37.60663507109005,194,36,1,0.12743425563174798
413,500,228.51484998735964,28.168,29.226,529,82,0,0.12679708435358925
414,500,236.93849620566144,36.298,37.438,570,73,0,0.1261630989318213
415,346,134.27370793019,39.054913294797686,40.18208092485549,390,50,1,0.1255322834371622
416,213,28.125680240943986,34.328638497652584,35.27230046948357,201,33,1,0.12490462201997637
417,500,240.50740083792567,37.076,38.142,533,74,0,0.1242800989098765
418,500,242.47760424019012,33.458,34.556,549,71,0,0.12365869841532712
419,500,231.51112541264266,29.202,30.264,531,77,0,0.12304040492325048
420,500,233.41801104471833,37.486,38.648,581,70,0,0.12242520289863423
421,500,219.45153221717098,36.18,37.306,563,78,0,0.12181307688414106
422,500,199.54464658509556,36.07,37.096,513,76,0,0.12120401149972035
423,311,97.43386464301996,30.781350482315112,31.758842443729904,304,42,1,0.12059799144222175
424,108,2.311908976792778,29.435185185185187,30.37037037037037,101,12,1,0.11999500148501063
425,221,51.12568024094399,24.502262443438916,25.41176470588235,201,34,1,0.11939502647758558
426,500,197.02043684943519,31.386,32.438,526,71,0,0.11879805134519765
427,398,151.72342617151077,32.4321608040201,33.47989949748744,417,64,1,0.11820406108847166
428,500,221.54464658509553,25.412,26.438,513,77,0,0.1176130407830293
429,409,179.14707238981273,40.525672371638144,41.645476772616135,458,63,1,0.11702497557911415
430,500,250.92732248151074,28.238,29.39,576,76,0,0.11643985070121858
431,500,240.9757419528313,40.406,41.506,550,75,0,0.11585765144771248
432,389,149.22528845886922,29.884318766066837,30.953727506426734,416,64,1,0.11527836319047392
433,388,167.19176728641636,39.824742268041234,40.94329896907217,434,54,1,0.11470197137452155
434,500,257.473879665473,26.318,27.42,551,75,0,0.11412846151764894
435,500,246.47015509075575,30.578,31.684,553,82,0,0.1135578192100607
436,161,24.21134545943444,32.807453416149066,33.77018633540373,155,27,1,0.11299003011401039
437,233,42.58284763169879,39.39055793991416,40.351931330472105,224,36,1,0.11242507996344034
438,500,223.49622711377492,23.342,24.42,539,62,0,0.11186295456362313
439,500,214.451532217171,39.24,40.366,563,71,0,0.11130363979080501
440,500,234.9608436539633,29.77,30.886,558,68,0,0.11074712159185099
441,289,99.44503836717082,40.982698961937714,42.01384083044983,298,45,1,0.11019338598389174
442,150,2.7504534939626897,37.513333333333335,38.406666666666666,134,25,1,0.10964241905397228
443,500,213.9720173781144,40.918,42.022,552,83,0,0.10909420695870241
444,500,253.41056189528402,31.306,32.476,585,76,0,0.1085487359239089
445,500,253.95711907924655,32.388,33.508,560,70,0,0.10800599224428936
446,500,211.98319110226538,38.388,39.48,546,72,0,0.10746596228306791
447,500,232.42546019415244,41.374,42.528,577,86,0,0.10692863247165257
448,500,204.03533514830303,28.916,29.952,518,79,0,0.1063939893092943
449,192,22.66851285018921,32.411458333333336,33.338541666666664,178,29,1,0.10586201936274783
450,500,249.43290934358606,36.342,37.488,573,78,0,0.10533270926593409
451,500,265.92359790679404,29.802,30.958,578,71,0,0.10480604571960442
452,500,247.92732248151069,31.956,33.108,576,79,0,0.1042820154910064
453,351,142.26253420603896,32.686609686609685,33.81481481481482,396,51,1,0.10376060541355137
454,500,233.91987333207672,40.462,41.622,580,85,0,0.1032418023864836
455,500,210.51484998735955,34.504,35.562,529,68,0,0.10272559337455119
456,500,224.5074008379257,30.056,31.122,533,78,0,0.10221196540767843
457,500,229.49995168849168,23.564,24.638,537,78,0,0.10170090558064004
458,469,212.03161057358608,29.257995735607675,30.366737739872068,520,65,1,0.10119240105273684
459,338,110.83143883830338,38.31065088757396,39.37278106508876,359,49,1,0.10068643904747315
460,500,243.4440830677371,33.136,34.27,567,76,0,0.10018300685223579
461,422,159.63776095302023,38.964454976303315,40.06161137440758,463,67,1,0.0996820918179746
462,124,-3.2234744830184736,29.967741935483872,30.93548387096774,120,18,1,0.09918368135888474
463,365,131.27743250490693,30.980821917808218,32.04383561643836,388,55,1,0.09868776295209031
464,436,177.13589866566176,38.01605504587156,39.080275229357795,464,65,1,0.09819432413732986
465,500,222.473879665473,39.72,40.822,551,73,0,0.09770335251664321
466,500,253.44035849301997,24.648,25.786,569,68,0,0.09721483575406
467,500,235.93477163094443,34.508,35.652,572,83,0,0.09672876157528969
468,500,234.9943648264163,29.846,30.926,540,77,0,0.09624511776741324
469,214,60.11450651679307,34.44859813084112,35.41588785046729,207,32,1,0.09576389217857617
470,440,203.06513174603887,36.96363636363636,38.10454545454545,502,63,1,0.09528507271768329
471,500,259.4217356194352,36.566,37.724,579,71,0,0.09480864735409487
472,500,228.44780764245405,40.762,41.892,565,76,0,0.0943346041173244
473,173,34.20017173528349,24.54335260115607,25.473988439306357,161,28,1,0.09386293109673778
474,500,252.92732248151063,33.05,34.202,576,74,0,0.09339361644125409
475,436,188.5707186081146,41.357798165137616,42.50229357798165,499,64,1,0.09292664835904782
476,500,234.4627059413218,30.488,31.602,557,73,0,0.09246201511725258
477,500,239.96084365396345,27.326,28.442,558,73,0,0.09199970504166631
478,500,250.44035849301991,27.268,28.406,569,73,0,0.09153970651645797
479,454,190.0576825966049,33.81718061674009,34.93171806167401,506,68,1,0.09108200798387568
480,500,262.4291847688691,33.482,34.632,575,78,0,0.0906265979439563
481,500,238.97574195283147,35.156,36.256,550,75,0,0.09017346495423652
482,500,213.54092201037872,31.062,32.092,515,80,0,0.08972259762946533
483,310,111.89848118320876,31.216129032258063,32.25806451612903,323,48,1,0.089273984641318
484,500,211.51857456207676,30.244,31.298,527,75,0,0.0888276147181114
485,500,269.4478076424542,25.632,26.762,565,64,0,0.08838347664452084
486,500,234.97201737811432,29.94,31.044,552,72,0,0.08794155926129824
487,500,260.4180110447183,33.594,34.756,581,73,0,0.08750185146499175
488,500,261.9422207803787,26.216,27.352,568,72,0,0.08706434220766679
489,500,238.97574195283136,27.536,28.636,550,77,0,0.08662902049662846
490,500,244.3956635964162,27.014,28.2,593,66,0,0.08619587539414532
491,500,233.97574195283133,27.442,28.542,550,75,0,0.08576489601717459
492,500,238.4217356194352,34.13,35.288,579,79,0,0.08533607153708872
493,392,157.22901303358634,33.744897959183675,34.80102040816327,414,55,1,0.08490939117940327
494,482,242.42173561943508,34.190871369294605,35.392116182572614,579,70,1,0.08448484422350626
495,214,49.58284763169876,39.228971962616825,40.27570093457944,224,36,1,0.08406242000238873
496,500,228.4664305160389,29.694,30.804,555,76,0,0.08364210790237678
497,500,256.4850533896239,22.82,23.91,545,77,0,0.0832238973628649
498,423,184.09120376905787,43.90543735224586,45.05910165484634,488,64,1,0.08280777787605056
499,500,246.9496699298126,25.708,26.836,564,76,0,0.08239373898667031
500,378,151.74204904509588,27.38095238095238,28.45767195767196,407,53,1,0.08198177029173696
501,500,241.9496699298125,32.23,33.358,564,71,0,0.08157186144027828
502,500,220.00181397585027,28.57,29.642,536,71,0,0.0811640021330769
503,500,237.90497503320867,35.846,37.022,588,73,0,0.08075818212241151
504,500,242.451532217171,32.1,33.226,563,77,0,0.08035439121179945
505,500,269.38076529754875,27.736,28.938,601,71,0,0.07995261925574046
506,148,15.248591206604214,25.094594594594593,26.006756756756758,135,24,1,0.07955285615946175
507,500,255.4440830677371,33.598,34.732,567,68,0,0.07915509187866444
508,500,270.3993881711335,30.026,31.208,591,68,0,0.07875931641927113
509,500,235.94222078037873,42.636,43.772,568,84,0,0.07836551983717477
510,500,249.48877796434084,21.824,22.91,543,69,0,0.07797369223798889
511,469,188.5744431828316,32.840085287846485,33.89978678038379,497,80,1,0.07758382377679894
512,412,166.17314441283156,26.825242718446603,27.902912621359224,444,57,1,0.07719590465791494
513,500,236.52602371151073,29.374,30.42,523,69,0,0.07680992513462537
514,500,260.9347716309445,25.506,26.65,572,72,0,0.07642587550895225
515,177,34.18899801113259,32.186440677966104,33.12994350282486,167,29,1,0.07604374613140748
516,500,249.44035849302017,29.032,30.17,569,73,0,0.07566352740075044
517,500,241.43663391830327,37.81,38.952,571,72,0,0.07528520976374668
518,500,263.893801309058,34.76,35.948,594,76,0,0.07490878371492794
519,500,238.93849620566158,30.512,31.652,570,72,0,0.0745342397963533
520,500,236.00181397585018,25.844,26.916,536,74,0,0.07416156859737154
521,500,260.473879665473,29.038,30.14,551,72,0,0.07379076075438468
522,500,238.9384962056616,29.576,30.716,570,71,0,0.07342180695061275
523,500,265.893801309058,29.216,30.404,594,70,0,0.07305469791585968
524,500,242.45153221717098,25.386,26.512,563,68,0,0.07268942442628039
525,500,235.00926312528424,22.258,23.322,532,68,0,0.07232597730414898
526,500,262.4291847688692,28.106,29.256,575,67,0,0.07196434741762824
527,500,249.49250253905768,23.824,24.906,541,71,0,0.0716045256805401
528,500,250.45525679188808,28.496,29.618,561,68,0,0.0712465030521374
529,500,237.00181397585027,22.268,23.34,536,67,0,0.0708902705368767
530,500,267.89380130905806,31.88,33.068,594,70,0,0.07053581918419231
531,500,261.42918476886916,30.728,31.878,575,72,0,0.07018314008827135
532,500,251.93849620566155,25.24,26.38,570,67,0,0.06983222438783
533,500,242.4813288149069,24.71,25.804,547,70,0,0.06948306326589085
534,500,258.91614875735957,31.438,32.602,582,67,0,0.0691356479495614
535,500,269.88635215962387,29.512,30.708,598,70,0,0.06878996970981359
536,500,258.9533945045295,24.25,25.374,562,68,0,0.06844601986126451
537,500,241.51484998735953,19.058,20.116,529,70,0,0.06810378976195819
538,255,98.44876294188784,38.4,39.56078431372549,296,41,1,0.0677632708131484
539,500,241.9720173781144,21.89,22.994,552,63,0,0.06742445445908266
540,500,263.43290934358623,27.73,28.876,573,74,0,0.06708733218678724
541,500,278.38076529754875,22.894,24.096,601,70,0,0.0667518955258533
542,500,245.9794665275482,27.142,28.238,548,70,0,0.06641813604822402
543,500,284.3695915733978,26.59,27.804,607,62,0,0.0660860453679829
544,500,231.0167122747184,24.852,25.908,528,71,0,0.06575561514114299
545,500,248.451532217171,29.334,30.46,563,66,0,0.06542683706543727
546,500,207.59306605641638,19.838,20.812,487,69,0,0.06509970288011008
547,500,255.40683732056735,28.628,29.802,587,76,0,0.06477420436570952
548,500,248.9347716309446,34.014,35.158,572,70,0,0.06445033334388098
549,500,222.98691567698233,24.532,25.62,544,73,0,0.06412808167716157
550,500,254.93477163094468,28.008,29.152,572,67,0,0.06380744126877576
551,500,208.5297482862277,31.35,32.392,521,79,0,0.06348840406243188
552,500,256.451532217171,23.466,24.592,563,72,0,0.06317096204211972
553,500,230.45153221717106,27.814,28.94,563,66,0,0.06285510723190912
554,500,249.42918476886908,29.812,30.962,575,70,0,0.06254083169574957
555,500,255.44035849301997,26.342,27.48,569,68,0,0.062228127537270826
556,500,261.9496699298128,28.794,29.922,564,62,0,0.06191698689958447
557,500,251.42173561943517,25.46,26.618,579,70,0,0.061607401965086545
558,500,254.9124241826426,30.61,31.778,584,71,0,0.06129936495526111
559,500,245.43663391830287,29.22,30.362,571,70,0,0.0609928681304848
560,471,208.0316105735862,30.35244161358811,31.45647558386412,520,62,1,0.060687903789832374
561,500,241.96084365396342,23.972,25.088,558,72,0,0.06038446427088321
562,500,235.42918476886905,33.866,35.016,575,72,0,0.06008254194952879
563,500,226.49250253905782,27.598,28.68,541,69,0,0.05978212923978115
564,210,51.60147050528366,28.995238095238093,30.014285714285716,214,29,1,0.05948321859358224
565,500,209.54092201037855,26.134,27.164,515,68,0,0.05918580250061433
566,500,266.41801104471824,23.454,24.616,581,64,0,0.058889873488111255
567,500,240.93104705622775,34.236,35.384,574,72,0,0.058595424120670696
568,500,259.96829280339733,28.362,29.47,554,69,0,0.05830244700006734
569,257,64.545601884529,34.5875486381323,35.536964980544745,244,33,1,0.058010934765067
570,500,270.4180110447184,25.468,26.63,581,68,0,0.05772088009124167
571,500,251.44035849302009,33.958,35.096,569,67,0,0.05743227569078546
572,500,252.36959157339763,29.668,30.882,607,68,0,0.05714511431233153
573,500,255.46270594132207,27.174,28.288,557,66,0,0.05685938874076987
574,500,257.88262758490714,33.336,34.536,600,69,0,0.056575091797066025
575,500,253.42173561943514,28.018,29.176,579,70,0,0.056292216338080694
576,500,255.432909343586,26.188,27.334,573,67,0,0.05601075525639029
577,500,261.9273224815108,30.7,31.852,576,71,0,0.05573070148010834
578,448,181.61168893000126,23.930803571428573,24.995535714285715,477,58,1,0.0554520479727078
579,500,228.46643051603874,27.578,28.688,555,66,0,0.05517478773284426
580,500,259.8565555618882,36.874,38.102,614,69,0,0.05489891379418004
581,500,266.3882144469825,28.134,29.328,597,68,0,0.05462441922520914
582,500,236.93849620566166,32.746,33.886,570,74,0,0.0543512971290831
583,500,249.95711907924655,29.442,30.562,560,66,0,0.05407954064343768
584,451,198.5744431828315,26.452328159645234,27.554323725055433,497,58,1,0.05380914294022049
585,500,253.44035849302003,25.468,26.606,569,67,0,0.05354009722551939
586,500,253.94222078037853,26.634,27.77,568,70,0,0.05327239673939179
587,500,250.9980894011333,25.506,26.582,538,69,0,0.053006034755694834
588,500,244.94966992981264,32.778,33.906,564,71,0,0.052741004581916356
589,500,237.97201737811437,26.762,27.866,552,65,0,0.052477299559006776
590,500,237.92359790679345,35.03,36.186,578,73,0,0.052214913061211746
591,500,257.9310470562276,22.838,23.986,574,66,0,0.05195383849590569
592,500,232.96456822868052,29.372,30.484,556,70,0,0.05169406930342616
593,500,252.43663391830304,25.51,26.652,571,70,0,0.05143559895690903
594,500,243.93104705622747,31.57,32.718,574,74,0,0.051178420962124486
595,500,272.38448987226576,33.082,34.28,599,67,0,0.05092252885731386
596,500,232.49995168849185,25.246,26.32,537,71,0,0.05066791621302729
597,500,232.4738796654728,27.048,28.15,551,68,0,0.05041457663196215
598,500,237.9459453550956,29.876,31.008,566,68,0,0.050162503748802344
599,500,245.9608436539633,25.876,26.992,558,67,0,0.049911691230058335
600,500,253.8863521596238,30.166,31.362,598,67,0,0.04966213277390804
601,500,240.49622711377475,22.37,23.448,539,69,0,0.0494138221100385
602,500,246.49250253905774,23.77,24.852,541,69,0,0.04916675299948831
603,500,268.38076529754875,29.858,31.06,601,74,0,0.04892091923449087
604,500,239.92732248151066,29.146,30.298,576,68,0,0.04867631463831842
605,500,259.3919390216994,25.436,26.626,595,67,0,0.048432933065126825
606,500,284.3248966767939,32.73,33.992,631,68,0,0.048190768399801194
607,500,265.88635215962427,34.068,35.264,598,69,0,0.04794981455780219
608,500,244.43290934358615,29.436,30.582,573,67,0,0.04771006548501318
609,500,253.95711907924667,26.022,27.142,560,70,0,0.047471515157588115
610,500,259.94966992981256,23.806,24.934,564,65,0,0.047234157581800176
611,500,249.94966992981247,26.754,27.882,564,67,0,0.046997986793891174
612,500,241.0204368494353,23.054,24.106,526,69,0,0.04676299685992172
613,500,245.91987333207663,27.976,29.136,580,67,0,0.04652918187562211
614,500,272.8677292860392,29.6,30.816,608,66,0,0.046296535966244
615,500,242.4254601941521,32.782,33.936,577,68,0,0.046065053286412784
616,500,264.88635215962415,30.816,32.012,598,70,0,0.04583472801998072
617,500,285.83793268830374,28.248,29.496,624,67,0,0.045605554379880814
618,500,262.9533945045297,26.572,27.696,562,72,0,0.04537752660798141
619,500,267.87517843547295,25.21,26.418,604,70,0,0.0451506389749415
620,500,289.3472441250961,26.622,27.86,619,68,0,0.044924885780066794
621,500,251.40683732056712,26.544,27.718,587,69,0,0.04470026135116646
622,500,229.48505338962377,27.746,28.836,545,70,0,0.04447676004441063
623,500,241.4999516884918,21.536,22.61,537,72,0,0.04425437624418858
624,500,262.4366339183031,27.264,28.406,571,71,0,0.04403310436296763
625,500,264.37331614811467,40.428,41.638,605,74,0,0.043812938841152796
626,500,272.3993881711335,29.412,30.594,591,70,0,0.04359387414694703
627,500,267.42173561943525,23.266,24.424,579,73,0,0.043375904776212296
628,500,245.9533945045295,29.412,30.536,562,71,0,0.043159025252331236
629,500,260.4105618952843,35.916,37.086,585,69,0,0.04294323012606958
630,500,261.4105618952842,26.18,27.35,585,70,0,0.04272851397543923
631,500,244.46270594132187,22.388,23.502,557,65,0,0.04251487140556204
632,500,264.9384962056617,26.982,28.122,570,69,0,0.04230229704853423
633,500,242.4552567918878,32.944,34.066,561,72,0,0.04209078556329156
634,500,253.9347716309444,23.952,25.096,572,66,0,0.0418803316354751
635,500,236.94594535509543,28.036,29.168,566,64,0,0.041670929977297724
636,500,264.38821444698266,30.184,31.378,597,66,0,0.04146257532741124
637,500,270.93477163094497,28.31,29.454,572,68,0,0.04125526245077418
638,500,264.43290934358623,28.624,29.77,573,67,0,0.04104898613852031
639,500,224.9869156769823,24.65,25.738,544,64,0,0.04084374120782771
640,500,291.8602801366054,20.726,21.95,612,61,0,0.04063952250178857
641,500,268.9012504584922,27.258,28.438,590,70,0,0.04043632488927963
642,500,245.95339450452943,25.636,26.76,562,66,0,0.04023414326483323
643,500,250.4850533896238,25.166,26.256,545,68,0,0.040032972548509065
644,500,259.9384962056616,23.776,24.916,570,66,0,0.03983280768576652
645,500,249.46270594132199,25.246,26.36,557,68,0,0.03963364364733769
646,500,266.9310470562278,24.308,25.456,574,65,0,0.039435475429100995
647,500,252.9682928033974,24.054,25.162,554,72,0,0.03923829805195549
648,500,257.44035849302,27.442,28.58,569,62,0,0.03904210656169572
649,500,239.98691567698225,24.81,25.898,544,71,0,0.03884689602888724
650,500,268.8751784354729,29.158,30.366,604,73,0,0.0386526615487428
651,500,227.99808940113329,22.626,23.702,538,65,0,0.03845939824099909
652,500,250.93104705622764,33.37,34.518,574,61,0,0.03826710124979409
653,500,260.9310470562278,28.932,30.08,574,74,0,0.038075765743545126
654,500,264.94966992981267,27.572,28.7,564,68,0,0.0378853869148274
655,500,252.9496699298125,25.392,26.52,564,63,0,0.03769595998025326
656,500,235.51112541264268,23.746,24.808,531,69,0,0.03750748018035199
657,500,247.45153221717104,26.924,28.05,563,66,0,0.037319942779450235
658,500,280.3658669986807,24.612,25.83,609,65,0,0.037133343065552986
659,500,255.45153221717098,21.964,23.09,563,68,0,0.03694767635022522
660,500,256.4440830677368,19.984,21.118,567,68,0,0.036762937968474095
661,500,250.93477163094443,23.684,24.828,572,67,0,0.03657912327863173
662,500,235.4925025390577,28.506,29.588,541,65,0,0.036396227662238566
663,500,249.8975258837746,29.318,30.502,592,71,0,0.03621424652392737
664,500,249.4478076424538,29.614,30.744,565,67,0,0.036033175291307735
665,500,245.93104705622764,29.802,30.95,574,67,0,0.03585300941485119
666,346,131.32212740151084,26.65606936416185,27.708092485549134,364,48,1,0.035673744367776934
667,500,254.46643051603894,22.118,23.228,555,66,0,0.03549537564593805
668,500,284.3546932745301,30.27,31.5,615,67,0,0.035317898767708356
669,500,261.4403584930201,26.642,27.78,569,67,0,0.03514130927386981
670,500,249.95339450452948,22.546,23.67,562,66,0,0.03496560272750046
671,321,120.36682229811458,25.227414330218068,26.286604361370717,340,45,1,0.03479077471386296
672,500,272.89752588377485,24.75,25.934,592,65,0,0.03461682084029365
673,270,97.43758921773698,29.196296296296296,30.314814814814813,302,29,1,0.034443736736092176
674,500,246.9943648264162,23.562,24.642,540,69,0,0.034271518052411715
675,500,264.90869960792577,27.804,28.976,586,70,0,0.034100160462149656
676,500,248.9533945045295,23.612,24.736,562,66,0,0.03392965965983891
677,500,279.8714538607563,32.06,33.272,606,66,0,0.033760011361539714
678,500,249.46270594132184,23.338,24.452,557,65,0,0.03359121130473201
679,500,253.93477163094457,24.778,25.922,572,71,0,0.033423255248208356
680,500,264.9347716309447,23.188,24.332,572,68,0,0.03325613897196732
681,500,268.42546019415227,25.704,26.858,577,64,0,0.03308985827710748
682,500,265.9459453550957,22.328,23.46,566,63,0,0.032924408985721944
683,500,224.01298770000113,26.256,27.316,530,67,0,0.03275978694079333
684,500,234.4962271137749,23.444,24.522,539,65,0,0.032595988006089364
685,500,258.9310470562275,27.458,28.606,574,63,0,0.032433008066058915
686,500,267.919873332077,24.746,25.906,580,68,0,0.03227084302572862
687,500,218.02043684943519,24.698,25.75,526,69,0,0.032109488810599975
688,500,272.38448987226565,26.886,28.084,599,64,0,0.031948941366546975
689,500,299.80068694113424,28.32,29.608,644,65,0,0.03178919665971424
690,500,266.4217356194352,23.534,24.692,579,65,0,0.03163025067641567
691,500,248.91987333207663,32.476,33.636,580,66,0,0.03147209942303359
692,500,256.43663391830324,27.088,28.23,571,68,0,0.03131473892591842
693,500,265.9012504584919,26.69,27.87,590,63,0,0.031158165231288826
694,500,257.39193902169967,31.466,32.656,595,68,0,0.03100237440513238
695,500,237.48132881490696,27.488,28.582,547,70,0,0.030847362533106718
696,500,250.4813288149068,25.412,26.506,547,66,0,0.030693125720441184
697,500,282.3807652975487,26.118,27.32,601,65,0,0.030539660091838977
698,500,258.92732248151077,29.318,30.47,576,63,0,0.03038696179137978
699,500,264.88635215962375,26.944,28.14,598,64,0,0.030235026982422884
700,500,259.92732248151066,27.596,28.748,576,70,0,0.030083851847510768
701,500,254.44035849301994,23.684,24.822,569,65,0,0.029933432588273214
702,500,255.4478076424541,27.64,28.77,565,69,0,0.029783765425331846
703,500,250.48505338962394,21.794,22.884,545,67,0,0.029634846598205186
704,441,176.66383297603903,25.73922902494331,26.75736961451247,449,62,1,0.02948667236521416
705,500,267.8900767343412,23.056,24.248,596,66,0,0.029339239003388088
706,500,255.9198733320767,23.172,24.332,580,67,0,0.029192542808371146
707,500,240.95339450452943,22.706,23.83,562,60,0,0.02904658009432929
708,500,246.93849620566158,31.626,32.766,570,69,0,0.028901347193857643
709,500,260.4031127458505,26.304,27.482,589,61,0,0.028756840457888354
710,500,257.9645682286803,20.204,21.316,556,66,0,0.02861305625559891
711,500,251.9496699298124,22.678,23.806,564,62,0,0.028469990974320916
712,500,268.4329093435862,21.34,22.486,573,66,0,0.02832764101944931
713,500,266.9012504584919,25.25,26.43,590,66,0,0.028186002814352063
714,500,274.88262758490714,28.844,30.044,600,70,0,0.0280450728002803
715,500,269.3993881711334,24.876,26.058,591,67,0,0.0279048474362789
716,500,258.41056189528416,23.168,24.338,585,66,0,0.027765323199097504
717,500,256.93104705622744,23.788,24.936,574,67,0,0.027626496583102015
718,500,271.39938817113347,26.544,27.726,591,66,0,0.027488364100186506
719,500,255.43290934358612,23.69,24.836,573,65,0,0.027350922279685573
720,500,252.9384962056617,24.496,25.636,570,62,0,0.027214167668287145
721,500,280.89007673434105,24.11,25.302,596,69,0,0.02707809682994571
722,500,277.4068373205676,24.918,26.092,587,66,0,0.02694270634579598
723,500,251.45153221717104,22.998,24.124,563,63,0,0.026807992814067
724,500,272.92359790679393,26.39,27.546,578,66,0,0.026673952849996664
725,500,255.8900767343407,25.484,26.676,596,68,0,0.02654058308574668
726,500,269.40683732056755,23.858,25.032,587,67,0,0.026407880170317945
727,500,243.46270594132199,25.24,26.354,557,63,0,0.026275840769466357
728,500,253.90869960792554,28.674,29.846,586,70,0,0.026144461565619025
729,500,263.9347716309447,23.57,24.714,572,63,0,0.02601373925779093
730,500,248.42173561943505,25.058,26.216,579,68,0,0.025883670561501974
731,500,257.94222078037865,21.52,22.656,568,66,0,0.025754252208694463
732,500,274.4142864700015,23.796,24.962,583,70,0,0.02562548094765099
733,500,225.99808940113323,24.79,25.866,538,64,0,0.025497353542912736
734,500,253.9496699298126,24.298,25.426,564,66,0,0.02536986677519817
735,500,264.9347716309447,26.108,27.252,572,65,0,0.02524301744132218
736,500,259.9235979067939,29.768,30.924,578,67,0,0.025116802354115567
737,500,236.5371974356615,17.974,19.008,517,63,0,0.024991218342344988
738,500,265.93477163094445,23.448,24.592,572,65,0,0.024866262250633264
739,500,248.96829280339742,25.914,27.022,554,66,0,0.024741930939380097
740,500,254.97574195283127,20.866,21.966,550,66,0,0.024618221284683196
741,500,277.3658669986808,29.33,30.548,609,68,0,0.02449513017825978
742,500,283.8602801366055,32.064,33.288,612,68,0,0.02437265452736848
743,500,268.4291847688694,28.086,29.236,575,66,0,0.024250791254731636
744,500,235.51857456207662,21.882,22.936,527,63,0,0.024129537298457977
745,500,266.8677292860391,25.104,26.32,608,63,0,0.024008889611965685
746,500,274.89380130905835,24.334,25.522,594,66,0,0.023888845163905856
747,500,281.38076529754875,25.502,26.704,601,65,0,0.023769400938086327
748,500,243.9422207803786,22.63,23.766,568,66,0,0.023650553933395897
749,500,237.0129877000012,21.414,22.474,530,63,0,0.023532301163728918
750,500,273.3956635964166,24.786,25.972,593,64,0,0.023414639657910272
751,500,268.38448987226553,23.582,24.78,599,69,0,0.023297566459620722
752,500,257.9310470562278,23.376,24.524,574,67,0,0.023181078627322618
753,500,255.9831911022653,19.772,20.864,546,66,0,0.023065173234186005
754,500,271.4068373205676,28.258,29.432,587,67,0,0.022949847368015076
755,500,257.45153221717095,29.75,30.876,563,63,0,0.022835098131175
756,500,261.9124241826427,26.074,27.242,584,67,0,0.022720922640519125
757,500,257.4403584930203,21.568,22.706,569,65,0,0.02260731802731653
758,500,253.4366339183032,21.022,22.164,571,67,0,0.022494281437179946
759,500,241.98319110226524,21.65,22.742,546,60,0,0.022381810029994047
760,500,262.93849620566147,23.49,24.63,570,66,0,0.022269900979844076
761,500,265.4031127458505,27.444,28.622,589,67,0,0.022158551474944856
762,500,267.9124241826429,22.616,23.784,584,66,0,0.022047758717570132
763,500,264.93849620566175,21.724,22.864,570,66,0,0.021937519923982282
764,500,248.45525679188793,30.216,31.338,561,74,0,0.021827832324362372
765,500,254.93104705622775,22.686,23.834,574,63,0,0.02171869316274056
766,500,243.96829280339767,24.082,25.19,554,65,0,0.021610099696926857
767,500,269.4068373205676,21.308,22.482,587,65,0,0.021502049198442223
768,500,260.93849620566164,22.546,23.686,570,66,0,0.021394538952450012
769,500,244.48132881490693,23.682,24.776,547,67,0,0.02128756625768776
770,500,274.92359790679376,24.614,25.77,578,68,0,0.021181128426399323
771,500,261.4627059413221,22.426,23.54,557,66,0,0.021075222784267326
772,500,274.90869960792594,22.54,23.712,586,63,0,0.020969846670345987
773,500,246.90497503320861,24.588,25.764,588,65,0,0.020864997436994256
774,500,243.45153221717106,27.658,28.784,563,69,0,0.020760672449809284
775,500,255.48132881490685,20.21,21.304,547,65,0,0.020656869087560238
776,500,277.8863521596241,27.434,28.63,598,64,0,0.020553584742122436
777,500,265.4142864700014,24.99,26.156,583,61,0,0.020450816818411825
778,500,251.97946652754823,22.062,23.158,548,65,0,0.020348562734319765
779,500,264.4366339183032,26.018,27.16,571,66,0,0.020246819920648168
780,500,280.3584178492472,28.776,30.002,613,67,0,0.020145585821044927
781,500,259.42173561943525,26.414,27.572,579,68,0,0.020044857891939702
782,500,251.45153221717086,27.252,28.378,563,64,0,0.019944633602480003
783,500,252.45153221717095,20.55,21.676,563,64,0,0.019844910434467605
784,500,265.38076529754863,27.094,28.296,601,65,0,0.019745685882295267
785,500,284.8826275849073,24.87,26.07,600,62,0,0.01964695745288379
786,500,278.3695915733978,30.942,32.156,607,70,0,0.01954872266561937
787,500,232.52229913679378,23.498,24.548,525,64,0,0.019450979052291272
788,500,292.8193098147188,26.614,27.882,634,65,0,0.019353724157029815
789,500,273.38821444698243,25.322,26.516,597,67,0,0.019256955536244666
790,500,271.3919390216995,31.398,32.588,595,62,0,0.019160670758563442
791,500,276.38821444698254,26.55,27.744,597,66,0,0.019064867404770626
792,500,271.9198733320771,21.222,22.382,580,66,0,0.018969543067746772
793,500,264.9310470562276,27.03,28.178,574,62,0,0.018874695352408037
794,500,263.9422207803788,20.598,21.734,568,64,0,0.018780321875645996
795,500,269.42173561943537,24.822,25.98,579,60,0,0.018686420266267767
796,500,256.4701550907557,18.678,19.784,553,63,0,0.018592988164936427
797,500,280.8379326883038,26.938,28.186,624,68,0,0.018500023224111744
798,500,252.47015509075578,18.98,20.086,553,66,0,0.018407523107991184
799,500,253.94222078037856,20.73,21.866,568,67,0,0.01831548549245123
800,500,265.4329093435861,21.072,22.218,573,64,0,0.018223908064988973
801,500,259.4217356194351,21.028,22.186,579,66,0,0.018132788524664028
802,500,243.00553855056728,19.442,20.51,534,64,0,0.018042124582040707
803,500,266.93477163094485,24.382,25.526,572,67,0,0.017951913959130504
804,500,260.4440830677371,21.716,22.85,567,65,0,0.01786215438933485
805,500,263.8789030101899,26.974,28.178,602,64,0,0.017772843617388175
806,269,98.95434980396342,25.070631970260223,26.159851301115243,293,36,1,0.017683979399301233
807,500,263.4068373205673,22.928,24.102,587,63,0,0.017595559502304726
808,500,281.8491064124545,25.804,27.04,618,64,0,0.0175075817047932
809,500,238.5148499873596,20.106,21.164,529,66,0,0.017420043796269234
810,500,254.9422207803787,26.26,27.396,568,64,0,0.017332943577287888
811,277,108.9059303326428,27.823104693140795,28.974729241877256,319,36,1,0.01724627885940145
812,500,247.94222078037842,22.136,23.272,568,64,0,0.017160047465104442
813,500,255.93849620566158,23.468,24.608,570,66,0,0.01707424722777892
814,500,261.47387966547296,19.726,20.828,551,67,0,0.016988875991640028
815,500,250.4403584930199,23.24,24.378,569,60,0,0.016903931611681827
816,500,283.8416572630207,30.166,31.41,622,61,0,0.01681941195362342
817,500,252.96456822868035,21.984,23.096,556,66,0,0.016735314893855303
818,500,236.97201737811451,28.042,29.146,552,62,0,0.016651638319386028
819,500,286.3397949756624,28.074,29.32,623,65,0,0.0165683801277891
820,500,255.4738796654728,19.208,20.31,551,68,0,0.016485538227150154
821,500,245.48505338962383,20.678,21.768,545,61,0,0.0164031105360144
822,500,241.9459453550954,24.814,25.946,566,62,0,0.01632109498333433
823,500,266.9012504584921,24.634,25.814,590,62,0,0.016239489508417658
824,500,272.9235979067939,23.898,25.054,578,65,0,0.01615829206087557
825,500,264.42173561943525,22.532,23.69,579,66,0,0.01607750060057119
826,500,280.3211721020771,28.306,29.572,633,65,0,0.015997113097568336
827,500,271.3770407228315,25.316,26.522,603,63,0,0.015917127532080494
828,500,274.3956635964165,26.532,27.718,593,62,0,0.01583754189442009
829,500,261.44780764245394,22.148,23.278,565,69,0,0.01575835418494799
830,500,250.47015509075572,19.564,20.67,553,65,0,0.01567956241402325
831,500,248.9831911022654,19.67,20.762,546,65,0,0.015601164601953134
832,500,280.8789030101904,26.152,27.356,602,62,0,0.015523158778943369
833,500,276.8900767343414,20.994,22.186,596,64,0,0.015445542985048652
834,500,243.99064025169935,22.078,23.162,542,64,0,0.015368315270123408
835,500,297.3286212515113,28.674,29.932,629,61,0,0.01529147369377279
836,500,247.49250253905765,22.732,23.814,541,65,0,0.015215016325303928
837,500,249.46643051603917,30.672,31.782,555,63,0,0.015138941243677408
838,500,260.94222078037853,24.758,25.894,568,65,0,0.01506324653745902
839,500,250.93477163094474,25.634,26.778,572,68,0,0.014987930304771725
840,500,253.4515322171711,21.64,22.766,563,65,0,0.014912990653247866
841,500,249.9608436539634,24.754,25.87,558,64,0,0.014838425699981627
842,500,212.05023344717102,19.328,20.348,510,67,0,0.01476423357148172
843,500,267.93849620566164,23.264,24.404,570,68,0,0.014690412403624311
844,500,260.9533945045295,21.378,22.502,562,65,0,0.01461696034160619
845,500,249.97201737811443,28.356,29.46,552,67,0,0.014543875539898159
846,500,264.9012504584919,25.092,26.272,590,68,0,0.014471156162198668
847,500,256.4478076424538,24.386,25.516,565,66,0,0.014398800381387675
848,500,269.8900767343412,24.23,25.422,596,66,0,0.014326806379480736
849,500,259.9310470562278,26.7,27.848,574,63,0,0.014255172347583332
850,500,260.44408306773704,19.808,20.942,567,63,0,0.014183896485845416
851,500,267.91242418264295,26.464,27.632,584,63,0,0.014112977003416188
852,500,263.93104705622784,19.638,20.786,574,64,0,0.014042412118399107
853,500,287.3360704009452,31.224,32.474,625,65,0,0.013972200057807112
854,500,232.99436482641636,21.9,22.98,540,65,0,0.013902339057518077
855,500,268.9347716309447,22.2,23.344,572,69,0,0.013832827362230486
856,474,223.98691567698222,27.033755274261605,28.18143459915612,544,64,1,0.013763663225419333
857,500,258.46270594132204,24.068,25.182,557,60,0,0.013694844909292236
858,500,252.96456822868043,22.25,23.362,556,66,0,0.013626370684745774
859,500,259.95339450452946,24.616,25.74,562,67,0,0.013558238831322046
860,500,249.47015509075592,28.858,29.964,553,68,0,0.013490447637165436
861,500,253.95711907924635,21.704,22.824,560,64,0,0.013422995398979608
862,500,264.9198733320768,22.256,23.416,580,68,0,0.01335588042198471
863,500,293.8342081135868,29.002,30.254,626,62,0,0.013289101019874787
864,500,268.4217356194355,21.276,22.434,579,65,0,0.013222655514775413
865,500,271.87145386075605,24.93,26.142,606,61,0,0.013156542237201536
866,500,242.98319110226544,23.706,24.798,546,60,0,0.013090759526015528
867,500,263.458981366605,18.166,19.284,559,70,0,0.01302530572838545
868,500,277.4068373205676,19.71,20.884,587,64,0,0.012960179199743523
869,500,265.9198733320771,26.892,28.052,580,65,0,0.012895378303744804
870,500,266.93849620566164,23.642,24.782,570,65,0,0.01283090141222608
871,500,261.923597906794,21.084,22.24,578,63,0,0.012766746905164949
872,500,265.9459453550958,20.976,22.108,566,65,0,0.012702913170639124
873,500,254.455256791888,20.928,22.05,561,64,0,0.012639398604785928
874,163,27.716932321509905,28.58282208588957,29.515337423312882,152,21,1,0.012576201611761997
875,500,250.94966992981236,23.93,25.058,564,63,0,0.012513320603703188
876,500,250.94594535509543,19.724,20.856,566,63,0,0.012450754000684672
877,500,269.94966992981267,23.074,24.202,564,66,0,0.012388500230681249
878,500,270.9347716309451,23.04,24.184,572,67,0,0.012326557729527843
879,500,255.47015509075572,24.062,25.168,553,63,0,0.012264924940880204
880,500,285.37331614811455,25.618,26.828,605,66,0,0.012203600316175803
881,500,256.9422207803785,23.784,24.92,568,65,0,0.012142582314594924
882,500,266.44035849302026,19.848,20.986,569,63,0,0.01208186940302195
883,500,270.93104705622795,21.474,22.622,574,64,0,0.01202146005600684
884,500,275.89380130905823,23.296,24.484,594,63,0,0.011961352755726806
885,500,244.01298770000133,18.674,19.734,530,65,0,0.01190154599194817
886,500,274.8938013090582,22.522,23.71,594,67,0,0.01184203826198843
887,500,262.9347716309447,21.496,22.64,572,64,0,0.011782828070678488
888,500,248.97574195283147,18.65,19.75,550,67,0,0.011723913930325095
889,500,256.44780764245405,20.978,22.108,565,69,0,0.01166529436067347
890,500,267.9235979067938,21.37,22.526,578,65,0,0.011606967888870102
891,500,257.43663391830324,21.948,23.09,571,67,0,0.01154893304942575
892,500,272.3956635964165,22.388,23.574,593,64,0,0.011491188384178622
893,500,257.4031127458503,23.208,24.386,589,66,0,0.011433732442257729
894,500,280.86400471132237,22.102,23.322,610,66,0,0.01137656378004644
895,500,280.3844898722658,26.202,27.4,599,64,0,0.011319680961146208
896,500,264.40683732056755,25.186,26.36,587,65,0,0.011263082556340478
897,500,249.9571190792465,25.28,26.4,560,65,0,0.011206767143558775
898,500,254.46270594132199,21.136,22.25,557,64,0,0.011150733307840981
899,500,265.91242418264324,22.874,24.042,584,63,0,0.011094979641301777
900,500,251.95339450452954,20.53,21.654,562,70,0,0.011039504743095268
901,500,257.42918476886916,24.994,26.144,575,64,0,0.01098430721937979
902,500,257.4664305160389,24.496,25.606,555,63,0,0.010929385683282892
903,500,263.96084365396354,17.978,19.094,558,62,0,0.010874738754866477
904,500,269.93477163094474,19.418,20.562,572,64,0,0.010820365061092144
905,500,262.4776042401899,21.252,22.35,549,64,0,0.010766263235786683
906,500,264.38821444698243,27.894,29.088,597,59,0,0.01071243191960775
907,500,240.0092631252843,20.854,21.918,532,62,0,0.010658869760009713
908,500,258.44035849301997,20.228,21.366,569,64,0,0.010605575411209664
909,500,282.86772928603915,27.248,28.464,608,62,0,0.010552547534153616
910,500,285.88262758490725,25.314,26.514,600,68,0,0.010499784796482848
911,500,257.42173561943525,24.332,25.49,579,62,0,0.010447285872500434
912,500,252.41428647000123,26.74,27.906,583,65,0,0.01039504944313793
913,500,251.45898136660503,20.266,21.384,559,63,0,0.010343074195922241
914,500,238.48132881490682,20.21,21.304,547,66,0,0.01029135882494263
915,500,298.3360704009454,26.286,27.536,625,62,0,0.010239902030817916
916,500,265.93477163094474,21.074,22.218,572,65,0,0.010188702520663827
917,500,283.3770407228317,24.204,25.41,603,62,0,0.010137759008060509
918,500,271.90125045849214,24.204,25.384,590,66,0,0.010087070213020206
919,500,256.90497503320864,25.224,26.4,588,63,0,0.010036634861955105
920,500,271.871453860756,23.698,24.91,606,63,0,0.01
921,500,257.4403584930202,23.272,24.41,569,65,0,0.01
922,500,260.9347716309445,21.564,22.708,572,64,0,0.01
923,500,255.94222078037836,22.152,23.288,568,63,0,0.01
924,500,267.3770407228317,22.548,23.754,603,67,0,0.01
925,500,257.41056189528433,23.706,24.876,585,68,0,0.01
926,500,263.4440830677371,20.512,21.646,567,63,0,0.01
927,500,280.9049750332089,25.616,26.792,588,67,0,0.01
928,500,264.8900767343408,28.758,29.95,596,63,0,0.01
929,500,258.3882144469825,23.728,24.922,597,62,0,0.01
930,500,253.97946652754834,19.662,20.758,548,68,0,0.01
931,500,251.4552567918879,24.188,25.31,561,68,0,0.01
932,500,237.51112541264277,20.712,21.774,531,65,0,0.01
933,500,257.9384962056614,27.198,28.338,570,60,0,0.01
934,500,256.94966992981244,23.318,24.446,564,64,0,0.01
935,500,234.00553855056725,18.886,19.954,534,67,0,0.01
936,500,272.8751784354733,24.428,25.636,604,65,0,0.01
937,500,265.4440830677373,22.624,23.758,567,65,0,0.01
938,500,245.4478076424539,20.42,21.55,565,65,0,0.01
939,500,261.4291847688691,22.134,23.284,575,62,0,0.01
940,500,284.35469327453,30.238,31.468,615,62,0,0.01
941,500,268.42918476886945,21.78,22.93,575,60,0,0.01
942,500,274.38821444698266,22.224,23.418,597,64,0,0.01
943,500,265.4217356194352,21.156,22.314,579,66,0,0.01
944,500,264.4217356194355,21.434,22.592,579,66,0,0.01
945,500,260.9757419528315,22.818,23.918,550,66,0,0.01
946,500,278.35469327452995,29.268,30.498,615,64,0,0.01
947,500,259.462705941322,25.756,26.87,557,63,0,0.01
948,500,287.33607040094535,27.202,28.452,625,65,0,0.01
949,500,246.50367626320858,20.282,21.352,535,65,0,0.01
950,362,148.76439649339778,28.12154696132597,29.212707182320443,395,43,1,0.01
951,500,242.97574195283133,19.692,20.792,550,64,0,0.01
952,500,266.41428647000146,24.854,26.02,583,64,0,0.01
953,500,228.49995168849162,23.28,24.354,537,64,0,0.01
954,500,257.9608436539635,21.116,22.232,558,70,0,0.01
955,500,246.52602371151053,19.374,20.42,523,62,0,0.01
956,500,287.84538183773736,23.27,24.51,620,65,0,0.01
957,500,266.39566359641657,22.992,24.178,593,65,0,0.01
958,500,262.93849620566175,23.792,24.932,570,64,0,0.01
959,500,250.0092631252842,20.42,21.484,532,67,0,0.01
960,500,262.4031127458504,22.396,23.574,589,61,0,0.01
961,500,263.41801104471824,23.008,24.17,581,63,0,0.01
962,500,269.4180110447186,22.59,23.752,581,63,0,0.01
963,500,280.84165726302075,32.238,33.482,622,66,0,0.01
964,500,291.3174475273605,30.654,31.924,635,60,0,0.01
965,186,42.664788275472226,24.731182795698924,25.698924731182796,180,26,1,0.01
966,500,248.4589813666049,19.642,20.76,559,65,0,0.01
967,500,247.96456822868043,23.616,24.728,556,64,0,0.01
968,500,252.96456822868035,21.71,22.822,556,62,0,0.01
969,500,270.3509686998127,26.868,28.102,617,63,0,0.01
970,500,254.93477163094457,24.086,25.23,572,63,0,0.01
971,500,255.90869960792614,22.176,23.348,586,65,0,0.01
972,500,237.01298770000116,19.814,20.874,530,64,0,0.01
973,500,246.50367626320877,20.6,21.67,535,61,0,0.01
974,500,263.43290934358623,23.402,24.548,573,61,0,0.01
975,500,259.9384962056617,22.326,23.466,570,62,0,0.01
976,500,262.42918476886916,24.416,25.566,575,64,0,0.01
977,500,241.4738796654729,21.11,22.212,551,67,0,0.01
978,500,248.44035849302,26.456,27.594,569,66,0,0.01
979,500,277.912424182643,21.896,23.064,584,62,0,0.01
980,500,275.88635215962415,25.01,26.206,598,63,0,0.01
981,500,257.91614875735957,20.284,21.448,582,64,0,0.01
982,500,260.91242418264284,21.62,22.788,584,63,0,0.01
983,500,241.96456822868052,28.744,29.856,556,68,0,0.01
984,500,272.4217356194353,23.578,24.736,579,67,0,0.01
985,500,247.94222078037845,21.86,22.996,568,64,0,0.01
986,500,294.2951000790584,29.924,31.218,647,62,0,0.01
987,500,279.39566359641657,19.992,21.178,593,68,0,0.01
988,500,254.44780764245397,22.766,23.896,565,64,0,0.01
989,500,247.41801104471816,24.762,25.924,581,63,0,0.01
990,500,264.8714538607561,24.74,25.952,606,66,0,0.01
991,500,298.332345826228,30.254,31.508,627,64,0,0.01
992,500,254.43290934358606,24.672,25.818,573,63,0,0.01
993,500,265.90125045849186,22.866,24.046,590,64,0,0.01
994,500,255.93849620566152,23.538,24.678,570,65,0,0.01
995,500,255.91242418264272,25.976,27.144,584,67,0,0.01
996,500,266.4291847688692,21.818,22.968,575,65,0,0.01
997,500,268.4291847688693,20.556,21.706,575,62,0,0.01
998,500,270.39566359641674,23.594,24.78,593,65,0,0.01
999,500,270.85655556188806,25.91,27.138,614,65,0,0.01
1000,500,259.923597906794,22.64,23.796,578,60,0,0.01
1001,500,255.9086996079257,25.01,26.182,586,64,0,0.01
1002,500,234.4552567918879,20.892,22.014,561,61,0,0.01
1003,500,255.44780764245397,26.028,27.158,565,65,0,0.01
1004,500,243.98691567698233,23.936,25.024,544,65,0,0.01
1005,500,258.96829280339745,21.86,22.968,554,61,0,0.01
1006,500,255.97201737811437,29.894,30.998,552,69,0,0.01
1007,500,265.38076529754846,22.854,24.056,601,64,0,0.01
1008,500,244.0167122747183,22.388,23.444,528,65,0,0.01
1009,500,254.9310470562276,20.688,21.836,574,67,0,0.01
1010,500,269.89007673434094,25.86,27.052,596,63,0,0.01
1011,500,277.3807652975487,28.064,29.266,601,62,0,0.01
1012,500,261.45898136660503,20.86,21.978,559,64,0,0.01
1013,500,271.8863521596241,21.82,23.016,598,64,0,0.01
1014,500,261.92359790679404,24.208,25.364,578,63,0,0.01
1015,500,275.91614875735996,26.694,27.858,582,62,0,0.01
1016,500,250.4701550907559,19.948,21.054,553,65,0,0.01
1017,500,259.9384962056616,21.108,22.248,570,62,0,0.01
1018,500,252.9459453550956,21.032,22.164,566,60,0,0.01
1019,500,244.9757419528315,23.898,24.998,550,63,0,0.01
1020,500,252.94966992981256,25.738,26.866,564,64,0,0.01
1021,500,269.43290934358635,21.788,22.934,573,68,0,0.01
1022,500,273.90869960792594,28.626,29.798,586,63,0,0.01
1023,500,271.43663391830313,21.092,22.234,571,65,0,0.01
1024,500,272.8900767343412,22.628,23.82,596,66,0,0.01
1025,500,273.8714538607564,23.352,24.564,606,62,0,0.01
1026,500,275.4105618952845,27.062,28.232,585,63,0,0.01
1027,396,167.6638329760389,29.21969696969697,30.353535353535353,449,53,1,0.01
1028,500,250.9645682286803,20.676,21.788,556,66,0,0.01
1029,500,259.4440830677372,22.272,23.406,567,66,0,0.01
1030,500,239.98319110226527,19.794,20.886,546,65,0,0.01
1031,500,272.3658669986809,28.986,30.204,609,63,0,0.01
1032,500,285.83048353886966,25.238,26.494,628,66,0,0.01
1033,500,247.9571190792463,24.818,25.938,560,66,0,0.01
1034,500,271.912424182643,22.098,23.266,584,63,0,0.01
1035,500,269.901250458492,24.214,25.394,590,65,0,0.01
1036,500,240.4887779643406,23.614,24.7,543,66,0,0.01
1037,500,294.7969623664172,33.784,35.076,646,65,0,0.01
1038,500,247.9831911022655,18.174,19.266,546,65,0,0.01
1039,500,260.43290934358606,21.108,22.254,573,64,0,0.01
1040,500,216.01671227471823,22.73,23.786,528,68,0,0.01
1041,500,254.44408306773704,26.674,27.808,567,64,0,0.01
1042,500,281.912424182643,22.134,23.302,584,66,0,0.01
1043,500,261.41056189528416,23.626,24.796,585,67,0,0.01
1044,382,162.72342617151082,35.72774869109948,36.81937172774869,417,46,1,0.01
1045,500,253.98691567698248,19.902,20.99,544,65,0,0.01
1046,500,251.4776042401898,21.248,22.346,549,65,0,0.01
1047,500,275.942220780379,21.072,22.208,568,65,0,0.01
1048,500,282.36959157339805,24.588,25.802,607,66,0,0.01
1049,500,261.455256791888,24.844,25.966,561,62,0,0.01
1050,500,264.8602801366052,29.72,30.944,612,64,0,0.01
1051,500,245.97946652754834,20.82,21.916,548,64,0,0.01
1052,500,272.39566359641645,26.54,27.726,593,59,0,0.01
1053,500,260.44408306773715,25.504,26.638,567,64,0,0.01
1054,500,263.42546019415227,22.086,23.24,577,67,0,0.01
1055,445,184.6191380794351,23.919101123595507,24.982022471910113,473,59,1,0.01
1056,500,249.4887779643407,21.698,22.784,543,63,0,0.01
1057,500,242.93849620566144,24.426,25.566,570,65,0,0.01
1058,500,276.87890301019047,24.268,25.472,602,59,0,0.01
1059,500,271.41056189528456,22.082,23.252,585,63,0,0.01
1060,500,259.436633918303,19.964,21.106,571,64,0,0.01
1061,500,265.4403584930202,22.538,23.676,569,63,0,0.01
1062,500,274.8900767343415,28.522,29.714,596,66,0,0.01
1063,500,259.92732248151066,19.92,21.072,576,67,0,0.01
1064,500,246.4552567918879,22.22,23.342,561,61,0,0.01
1065,500,256.9608436539636,21.074,22.19,558,66,0,0.01
1066,500,274.3695915733976,23.638,24.852,607,61,0,0.01
1067,500,243.97201737811432,22.778,23.882,552,67,0,0.01
1068,500,273.8863521596242,24.982,26.178,598,66,0,0.01
1069,500,252.9794665275483,18.84,19.936,548,67,0,0.01
1070,500,247.52974828622763,19.826,20.868,521,61,0,0.01
1071,500,259.9347716309446,21.952,23.096,572,66,0,0.01
1072,500,257.39938817113307,24.554,25.736,591,63,0,0.01
1073,500,264.4291847688692,27.306,28.456,575,66,0,0.01
1074,500,269.3472441250957,25.932,27.17,619,65,0,0.01
1075,500,255.93104705622767,22.938,24.086,574,64,0,0.01
1076,500,266.4254601941522,22.46,23.614,577,65,0,0.01
1077,500,245.9794665275483,22.546,23.642,548,65,0,0.01
1078,500,257.9608436539636,20.286,21.402,558,62,0,0.01
1079,500,262.94594535509543,24.032,25.164,566,67,0,0.01
1080,500,251.92732248151054,26.54,27.692,576,66,0,0.01
1081,500,273.931047056228,24.608,25.756,574,62,0,0.01
1082,500,252.96456822868026,23.522,24.634,556,62,0,0.01
1083,500,249.50367626320886,20.486,21.556,535,62,0,0.01
1084,500,263.37331614811444,30.52,31.73,605,64,0,0.01
1085,500,268.9347716309449,25.312,26.456,572,65,0,0.01
1086,500,259.4478076424542,26.722,27.852,565,63,0,0.01
1087,500,285.86400471132237,26.154,27.374,610,65,0,0.01
1088,500,253.9198733320765,24.212,25.372,580,66,0,0.01
1089,500,250.45525679188785,23.192,24.314,561,67,0,0.01
1090,500,267.41056189528445,26.394,27.564,585,65,0,0.01
1091,500,253.94222078037868,22.19,23.326,568,63,0,0.01
1092,500,264.3919390216995,23.246,24.436,595,69,0,0.01
1093,500,256.9086996079257,29.586,30.758,586,65,0,0.01
1094,500,238.98319110226538,22.766,23.858,546,70,0,0.01
1095,500,248.9869156769823,23.182,24.27,544,60,0,0.01
1096,500,286.88635215962415,29.198,30.394,598,65,0,0.01
1097,500,262.94222078037865,20.652,21.788,568,65,0,0.01
1098,500,246.4627059413218,20.284,21.398,557,64,0,0.01
1099,500,257.9608436539634,19.978,21.094,558,65,0,0.01
1100,500,268.8938013090581,21.746,22.934,594,63,0,0.01
1101,500,267.9086996079259,22.364,23.536,586,66,0,0.01
1102,500,264.95339450452946,20.222,21.346,562,66,0,0.01
1103,500,266.93104705622784,19.79,20.938,574,66,0,0.01
1104,500,264.9347716309448,26.626,27.77,572,67,0,0.01
1105,500,226.49995168849182,21.872,22.946,537,69,0,0.01
1106,500,244.47387966547277,20.634,21.736,551,64,0,0.01
1107,500,231.49250253905768,21.79,22.872,541,68,0,0.01
1108,500,240.9720173781144,19.98,21.084,552,66,0,0.01
1109,500,273.40311274585054,24.706,25.884,589,64,0,0.01
1110,500,257.90125045849186,22.884,24.064,590,62,0,0.01
1111,500,263.9161487573599,21.736,22.9,582,66,0,0.01
1112,500,274.4031127458504,22.608,23.786,589,63,0,0.01
1113,500,285.85283098717167,24.304,25.536,616,63,0,0.01
1114,500,266.93849620566175,26.134,27.274,570,64,0,0.01
1115,500,271.9310470562277,22.98,24.128,574,64,0,0.01
1116,500,279.8938013090582,23.488,24.676,594,64,0,0.01
1117,500,272.9012504584919,25.9,27.08,590,63,0,0.01
1118,500,269.90125045849214,28.736,29.916,590,68,0,0.01
1119,500,261.9235979067937,26.654,27.81,578,65,0,0.01
1120,500,262.4142864700012,24.146,25.312,583,61,0,0.01
1121,500,247.4701550907559,21.994,23.1,553,61,0,0.01
1122,500,235.93849620566152,33.0,34.14,570,70,0,0.01
1123,500,246.03161057358622,18.594,19.634,520,61,0,0.01
1124,500,271.3807652975484,23.328,24.53,601,65,0,0.01
1125,500,276.8751784354733,26.968,28.176,604,66,0,0.01
1126,500,265.9198733320765,20.49,21.65,580,64,0,0.01
1127,500,292.84538183773753,25.274,26.514,620,64,0,0.01
1128,500,248.96084365396356,25.732,26.848,558,66,0,0.01
1129,500,253.97201737811432,20.35,21.454,552,67,0,0.01
1130,500,282.38076529754875,25.236,26.438,601,62,0,0.01
1131,500,270.8900767343408,23.944,25.136,596,63,0,0.01
1132,500,282.3882144469829,21.03,22.224,597,63,0,0.01
1133,500,240.94966992981253,28.458,29.586,564,65,0,0.01
1134,500,264.92359790679393,28.864,30.02,578,63,0,0.01
1135,500,257.95711907924647,22.9,24.02,560,64,0,0.01
1136,500,267.9310470562276,21.58,22.728,574,64,0,0.01
1137,500,266.4403584930202,20.086,21.224,569,66,0,0.01
1138,500,236.00926312528432,19.53,20.594,532,61,0,0.01
1139,500,269.43290934358606,21.034,22.18,573,65,0,0.01
1140,500,277.8677292860396,25.738,26.954,608,62,0,0.01
1141,500,257.9720173781146,22.204,23.308,552,63,0,0.01
1142,500,265.91242418264267,23.044,24.212,584,63,0,0.01
1143,500,264.44408306773715,25.986,27.12,567,65,0,0.01
1144,500,277.3733161481147,25.806,27.016,605,65,0,0.01
1145,500,245.47760424018995,21.874,22.972,549,66,0,0.01
1146,500,254.9310470562277,27.842,28.99,574,65,0,0.01
1147,500,273.9198733320768,22.86,24.02,580,63,0,0.01
1148,500,277.8751784354733,24.378,25.586,604,65,0,0.01
1149,500,266.87145386075656,27.318,28.53,606,65,0,0.01
1150,500,276.91614875736013,23.568,24.732,582,66,0,0.01
1151,500,259.44035849302014,20.022,21.16,569,67,0,0.01
1152,500,265.41428647000157,25.072,26.238,583,67,0,0.01
1153,500,264.4068373205674,25.292,26.466,587,66,0,0.01
1154,500,260.42173561943514,22.978,24.136,579,65,0,0.01
1155,500,272.86400471132254,29.7,30.92,610,64,0,0.01
1156,500,250.4701550907559,21.0,22.106,553,65,0,0.01
1157,500,246.5185745620767,19.166,20.22,527,67,0,0.01
1158,500,268.4217356194355,21.086,22.244,579,65,0,0.01
1159,500,270.3695915733977,23.624,24.838,607,64,0,0.01
1160,500,257.4440830677372,22.484,23.618,567,68,0,0.01
1161,500,270.4105618952846,25.262,26.432,585,65,0,0.01
1162,500,272.3993881711335,23.388,24.57,591,67,0,0.01
1163,500,276.38821444698254,23.198,24.392,597,65,0,0.01
1164,500,269.95339450452974,22.386,23.51,562,65,0,0.01
1165,500,282.39193902169967,25.072,26.262,595,63,0,0.01
1166,500,244.97201737811434,21.758,22.862,552,63,0,0.01
1167,500,267.4105618952843,20.61,21.78,585,67,0,0.01
1168,500,187.5930660564163,26.144,27.118,487,66,0,0.01
1169,500,266.4031127458504,27.342,28.52,589,62,0,0.01
1170,500,232.9980894011334,27.994,29.07,538,64,0,0.01
1171,500,248.51112541264263,18.508,19.57,531,64,0,0.01
1172,500,250.4813288149068,22.294,23.388,547,64,0,0.01
1173,500,239.03161057358597,19.008,20.048,520,63,0,0.01
1174,500,267.41428647000134,20.424,21.59,583,63,0,0.01
1175,500,265.46643051603917,20.422,21.532,555,64,0,0.01
1176,500,254.42173561943505,22.316,23.474,579,67,0,0.01
1177,500,249.9980894011331,22.094,23.17,538,62,0,0.01
1178,500,256.4403584930201,23.59,24.728,569,61,0,0.01
1179,500,237.97946652754842,24.066,25.162,548,66,0,0.01
1180,500,260.44780764245417,26.362,27.492,565,66,0,0.01
1181,500,264.91614875736013,24.912,26.076,582,68,0,0.01
1182,500,262.92732248151066,21.856,23.008,576,68,0,0.01
1183,500,259.4589813666049,22.06,23.178,559,61,0,0.01
1184,500,245.97574195283144,21.392,22.492,550,62,0,0.01
1185,500,265.9273224815107,22.294,23.446,576,66,0,0.01
1186,500,259.47387966547285,23.4,24.502,551,64,0,0.01
1187,500,277.39938817113364,22.884,24.066,591,70,0,0.01
1188,500,264.9459453550955,22.832,23.964,566,63,0,0.01
1189,500,282.8677292860394,25.482,26.698,608,65,0,0.01
1190,500,240.9645682286803,20.128,21.24,556,67,0,0.01
1191,500,274.3584178492467,25.084,26.31,613,62,0,0.01
1192,500,277.904975033209,21.596,22.772,588,65,0,0.01
1193,500,256.43663391830313,21.332,22.474,571,64,0,0.01
1194,500,261.4291847688692,21.924,23.074,575,65,0,0.01
1195,500,261.42546019415244,20.676,21.83,577,62,0,0.01
1196,500,252.93849620566172,27.908,29.048,570,65,0,0.01
1197,500,269.92359790679376,20.344,21.5,578,63,0,0.01
1198,500,244.47015509075595,24.296,25.402,553,70,0,0.01
1199,500,253.4254601941522,28.05,29.204,577,63,0,0.01
1200,500,244.94966992981244,24.45,25.578,564,63,0,0.01
1201,500,283.8826275849073,30.092,31.292,600,65,0,0.01
1202,500,287.87145386075633,25.668,26.88,606,64,0,0.01
1203,500,233.444083067737,23.64,24.774,567,63,0,0.01
1204,500,267.91614875735974,25.708,26.872,582,65,0,0.01
1205,500,262.9198733320769,22.946,24.106,580,66,0,0.01
1206,500,286.3695915733979,25.736,26.95,607,66,0,0.01
1207,500,254.96456822868043,22.246,23.358,556,63,0,0.01
1208,500,270.4142864700012,22.064,23.23,583,64,0,0.01
1209,500,268.4217356194354,21.306,22.464,579,67,0,0.01
1210,500,268.9198733320769,26.822,27.982,580,63,0,0.01
1211,500,256.42173561943514,23.024,24.182,579,66,0,0.01
1212,500,257.95339450452957,19.536,20.66,562,60,0,0.01
1213,500,279.38821444698266,22.712,23.906,597,62,0,0.01
1214,500,231.94594535509555,26.406,27.538,566,67,0,0.01
1215,500,275.8863521596243,24.928,26.124,598,62,0,0.01
1216,500,280.3621424239642,22.758,23.98,611,63,0,0.01
1217,500,269.4217356194354,21.54,22.698,579,63,0,0.01
1218,500,264.90125045849175,24.364,25.544,590,64,0,0.01
1219,500,281.3956635964166,24.41,25.596,593,63,0,0.01
1220,500,289.35469327453023,25.962,27.192,615,65,0,0.01
1221,500,259.9533945045295,22.148,23.272,562,62,0,0.01
1222,500,259.4403584930199,23.578,24.716,569,63,0,0.01
1223,500,264.43290934358623,24.406,25.552,573,70,0,0.01
1224,500,269.9310470562278,25.02,26.168,574,63,0,0.01
1225,500,277.3919390216996,23.67,24.86,595,66,0,0.01
1226,500,247.51857456207668,18.86,19.914,527,61,0,0.01
1227,500,236.0092631252843,23.406,24.47,532,61,0,0.01
1228,500,263.4291847688692,24.766,25.916,575,61,0,0.01
1229,500,250.45898136660492,22.866,23.984,559,61,0,0.01
1230,500,259.95711907924635,23.542,24.662,560,63,0,0.01
1231,500,252.4664305160389,22.082,23.192,555,60,0,0.01
1232,500,284.358417849247,23.892,25.118,613,63,0,0.01
1233,500,246.96456822868035,22.08,23.192,556,60,0,0.01
1234,500,270.3844898722656,27.472,28.67,599,65,0,0.01
1235,500,261.9384962056618,21.278,22.418,570,61,0,0.01
1236,500,266.43290934358635,19.978,21.124,573,65,0,0.01
1237,500,254.9720173781144,20.738,21.842,552,65,0,0.01
1238,500,282.8416572630206,27.65,28.894,622,62,0,0.01
1239,500,254.41801104471807,21.562,22.724,581,68,0,0.01
1240,500,262.4329093435861,20.4,21.546,573,63,0,0.01
1241,500,265.42546019415227,19.626,20.78,577,65,0,0.01
1242,500,256.95711907924647,22.606,23.726,560,65,0,0.01
1243,500,265.9086996079261,22.838,24.01,586,64,0,0.01
1244,500,251.44035849302,23.546,24.684,569,65,0,0.01
1245,500,260.9459453550958,20.27,21.402,566,64,0,0.01
1246,500,256.96456822868043,24.394,25.506,556,61,0,0.01
1247,500,274.37704072283145,26.704,27.91,603,68,0,0.01
1248,500,261.421735619435,25.038,26.196,579,66,0,0.01
1249,500,258.9198733320767,21.93,23.09,580,59,0,0.01
1250,500,229.96829280339733,28.448,29.556,554,67,0,0.01
1251,500,256.44035849301997,22.526,23.664,569,64,0,0.01
1252,500,262.93477163094457,23.82,24.964,572,63,0,0.01
1253,500,234.48505338962374,26.986,28.076,545,66,0,0.01
1254,500,261.9310470562277,23.12,24.268,574,65,0,0.01
1255,500,268.9235979067939,20.628,21.784,578,62,0,0.01
1256,500,245.48505338962374,23.914,25.004,545,64,0,0.01
1257,500,246.50367626320875,22.472,23.542,535,61,0,0.01
1258,500,258.46270594132193,23.654,24.768,557,64,0,0.01
1259,500,260.45153221717106,21.142,22.268,563,64,0,0.01
1260,500,264.43663391830313,22.536,23.678,571,62,0,0.01
1261,500,262.4291847688693,24.794,25.944,575,63,0,0.01
1262,500,259.9645682286805,21.898,23.01,556,61,0,0.01
1263,500,268.9161487573598,22.316,23.48,582,64,0,0.01
1264,500,263.42918476886905,21.742,22.892,575,62,0,0.01
1265,500,233.4850533896238,21.634,22.724,545,62,0,0.01
1266,500,248.95339450452937,20.924,22.048,562,64,0,0.01
1267,500,235.9831911022653,19.734,20.826,546,64,0,0.01
1268,500,251.4440830677371,21.59,22.724,567,64,0,0.01
1269,500,237.99064025169923,23.082,24.166,542,63,0,0.01
1270,500,274.4031127458503,21.918,23.096,589,60,0,0.01
1271,500,253.41428647000117,22.666,23.832,583,63,0,0.01
1272,500,279.3658669986808,22.798,24.016,609,63,0,0.01
1273,500,275.8565555618885,22.15,23.378,614,64,0,0.01
1274,500,257.4440830677369,20.864,21.998,567,67,0,0.01
1275,500,274.90125045849214,25.342,26.522,590,66,0,0.01
1276,500,258.9422207803786,22.28,23.416,568,64,0,0.01
1277,500,264.8640047113222,32.622,33.842,610,63,0,0.01
1278,500,235.52974828622757,17.846,18.888,521,63,0,0.01
1279,500,258.41801104471836,22.492,23.654,581,62,0,0.01
1280,500,221.49995168849176,24.008,25.082,537,67,0,0.01
1281,500,250.44035849301994,24.592,25.73,569,62,0,0.01
1282,500,268.901250458492,23.308,24.488,590,64,0,0.01
1283,500,255.49995168849173,18.4,19.474,537,66,0,0.01
1284,500,267.912424182643,24.926,26.094,584,63,0,0.01
1285,500,237.02788599886904,17.494,18.538,522,63,0,0.01
1286,500,244.9831911022653,22.632,23.724,546,66,0,0.01
1287,500,265.9496699298126,19.996,21.124,564,67,0,0.01
1288,500,259.92732248151077,21.902,23.054,576,64,0,0.01
1289,500,260.9831911022655,17.28,18.372,546,64,0,0.01
1290,500,280.86028013660547,24.618,25.842,612,65,0,0.01
1291,500,243.462705941322,23.93,25.044,557,63,0,0.01
1292,500,274.4031127458506,25.6,26.778,589,64,0,0.01
1293,500,279.3360704009452,28.328,29.578,625,64,0,0.01
1294,500,249.97946652754828,22.456,23.552,548,68,0,0.01
1295,500,257.4180110447182,22.334,23.496,581,67,0,0.01
1296,500,261.41801104471836,27.53,28.692,581,61,0,0.01
1297,500,275.90125045849214,20.522,21.702,590,62,0,0.01
1298,500,262.42918476886916,22.47,23.62,575,64,0,0.01
1299,500,249.9720173781144,21.896,23.0,552,65,0,0.01
1300,500,257.462705941322,21.516,22.63,557,62,0,0.01
1301,500,253.94966992981256,29.16,30.288,564,64,0,0.01
1302,500,260.4180110447184,21.992,23.154,581,64,0,0.01
1303,500,271.4068373205673,22.18,23.354,587,66,0,0.01
1304,500,247.46643051603894,26.37,27.48,555,63,0,0.01
1305,500,284.3807652975487,24.13,25.332,601,65,0,0.01
1306,500,285.3658669986811,27.414,28.632,609,64,0,0.01
1307,500,238.95339450452948,24.486,25.61,562,63,0,0.01
1308,500,272.38448987226565,23.344,24.542,599,65,0,0.01
1309,500,251.9831911022654,23.852,24.944,546,65,0,0.01
1310,500,267.3807652975485,31.184,32.386,601,64,0,0.01
1311,500,260.4515322171711,19.228,20.354,563,64,0,0.01
1312,500,260.3844898722655,26.712,27.91,599,61,0,0.01
1313,500,247.47015509075567,19.938,21.044,553,67,0,0.01
1314,500,265.93477163094474,23.38,24.524,572,66,0,0.01
1315,500,260.458981366605,19.874,20.992,559,63,0,0.01
1316,500,261.8863521596239,23.188,24.384,598,62,0,0.01
1317,500,274.8416572630206,27.614,28.858,622,64,0,0.01
1318,500,251.49622711377467,20.18,21.258,539,63,0,0.01
1319,500,265.42173561943525,23.604,24.762,579,66,0,0.01
1320,500,259.44780764245405,21.638,22.768,565,62,0,0.01
1321,500,244.4776042401899,23.964,25.062,549,65,0,0.01
1322,500,252.44035849302017,23.638,24.776,569,64,0,0.01
1323,500,270.3621424239636,29.188,30.41,611,63,0,0.01
1324,500,276.3844898722657,25.824,27.022,599,62,0,0.01
1325,500,264.9384962056615,22.058,23.198,570,66,0,0.01
1326,500,259.4366339183032,21.388,22.53,571,65,0,0.01
1327,368,145.76067191868063,29.217391304347824,30.296195652173914,397,46,1,0.01
1328,500,253.48132881490685,19.258,20.352,547,64,0,0.01
1329,500,251.4850533896238,19.088,20.178,545,64,0,0.01
1330,500,278.3993881711335,26.074,27.256,591,65,0,0.01
1331,500,246.9384962056615,23.372,24.512,570,62,0,0.01
1332,500,260.43663391830296,27.46,28.602,571,63,0,0.01
1333,500,258.429184768869,23.022,24.172,575,64,0,0.01
1334,500,255.44408306773693,23.916,25.05,567,64,0,0.01
1335,500,268.92359790679393,25.572,26.728,578,63,0,0.01
1336,500,255.93104705622756,22.926,24.074,574,61,0,0.01
1337,500,240.9459453550954,24.502,25.634,566,62,0,0.01
1338,500,262.3956635964162,27.178,28.364,593,60,0,0.01
1339,500,253.96829280339725,20.608,21.716,554,67,0,0.01
1340,500,256.95711907924664,26.638,27.758,560,64,0,0.01
1341,500,267.3956635964166,22.188,23.374,593,64,0,0.01
1342,500,254.45153221717095,21.648,22.774,563,65,0,0.01
1343,500,267.90497503320904,22.232,23.408,588,64,0,0.01
1344,500,274.4217356194354,22.28,23.438,579,61,0,0.01
1345,500,255.4515322171711,25.91,27.036,563,65,0,0.01
1346,500,266.9198733320769,25.056,26.216,580,63,0,0.01
1347,500,261.43663391830324,20.802,21.944,571,66,0,0.01
1348,500,240.49995168849176,25.518,26.592,537,62,0,0.01
1349,500,251.99064025169923,20.194,21.278,542,65,0,0.01
1350,500,244.49622711377472,20.132,21.21,539,63,0,0.01
1351,500,254.4664305160389,21.052,22.162,555,65,0,0.01
1352,500,261.43663391830324,25.966,27.108,571,63,0,0.01
1353,500,203.09120376905787,18.736,19.712,488,65,0,0.01
1354,500,262.96456822868043,22.8,23.912,556,63,0,0.01
1355,500,278.88262758490714,21.836,23.036,600,61,0,0.01
1356,500,265.90497503320904,23.372,24.548,588,63,0,0.01
1357,500,260.41428647000123,21.842,23.008,583,64,0,0.01
1358,500,242.00553855056714,17.89,18.958,534,59,0,0.01
1359,500,245.96084365396345,22.892,24.008,558,61,0,0.01
1360,500,222.52974828622774,18.812,19.854,521,60,0,0.01
1361,500,238.00926312528418,20.77,21.834,532,64,0,0.01
1362,500,271.87517843547323,27.108,28.316,604,61,0,0.01
1363,186,53.608919654717596,31.758064516129032,32.88709677419355,210,26,1,0.01
1364,500,258.94966992981256,22.364,23.492,564,65,0,0.01
1365,500,264.4068373205672,23.098,24.272,587,63,0,0.01
1366,500,286.3546932745298,25.222,26.452,615,61,0,0.01
1367,500,249.41428647000117,26.08,27.246,583,63,0,0.01
1368,500,268.4180110447184,22.604,23.766,581,64,0,0.01
1369,500,274.8975258837752,21.156,22.34,592,59,0,0.01
1370,500,264.908699607926,19.806,20.978,586,68,0,0.01
1371,500,273.9235979067938,22.742,23.898,578,64,0,0.01
1372,500,275.39193902169967,22.512,23.702,595,63,0,0.01
1373,500,283.8640047113222,24.876,26.096,610,66,0,0.01
1374,500,245.93849620566158,21.38,22.52,570,63,0,0.01
1375,500,243.00181397585044,19.282,20.354,536,65,0,0.01
1376,500,262.3807652975484,32.632,33.834,601,65,0,0.01
1377,500,261.93477163094474,22.592,23.736,572,65,0,0.01
1378,500,255.48132881490673,20.432,21.526,547,61,0,0.01
1379,500,269.4217356194354,22.966,24.124,579,66,0,0.01
1380,500,240.45898136660495,25.208,26.326,559,65,0,0.01
1381,500,273.39938817113375,24.198,25.38,591,62,0,0.01
1382,500,270.90497503320887,22.784,23.96,588,63,0,0.01
1383,500,278.8938013090581,27.362,28.55,594,68,0,0.01
1384,500,246.99808940113326,20.706,21.782,538,68,0,0.01
1385,500,250.95711907924655,21.792,22.912,560,63,0,0.01
1386,500,268.3695915733976,30.542,31.756,607,62,0,0.01
1387,500,229.02788599886904,21.12,22.164,522,61,0,0.01
1388,500,272.9235979067938,20.854,22.01,578,62,0,0.01
1389,500,289.84538183773753,25.136,26.376,620,60,0,0.01
1390,500,270.4217356194355,23.168,24.326,579,66,0,0.01
1391,500,254.95711907924638,26.126,27.246,560,62,0,0.01
1392,500,249.466430516039,19.762,20.872,555,62,0,0.01
1393,500,274.3323458262283,25.652,26.906,627,62,0,0.01
1394,500,281.8342081135866,27.192,28.444,626,63,0,0.01
1395,500,279.3695915733981,31.85,33.064,607,63,0,0.01
1396,500,264.9496699298127,22.598,23.726,564,60,0,0.01
1397,500,250.4999516884918,20.82,21.894,537,61,0,0.01
1398,500,247.9161487573596,26.042,27.206,582,64,0,0.01
1399,500,280.365866998681,25.668,26.886,609,64,0,0.01
1400,500,218.57071860811445,19.55,20.548,499,63,0,0.01
1401,500,278.8863521596239,24.856,26.052,598,67,0,0.01
1402,500,286.85283098717167,23.718,24.95,616,65,0,0.01
1403,500,262.41801104471836,29.43,30.592,581,60,0,0.01
1404,500,272.8677292860393,23.956,25.172,608,61,0,0.01
1405,500,272.38076529754875,25.5,26.702,601,64,0,0.01
1406,500,285.365866998681,25.404,26.622,609,65,0,0.01
1407,500,271.91242418264306,24.208,25.376,584,66,0,0.01
1408,500,245.9608436539634,22.634,23.75,558,67,0,0.01
1409,500,263.4329093435863,22.346,23.492,573,63,0,0.01
1410,500,275.3807652975489,26.06,27.262,601,61,0,0.01
1411,500,253.42173561943508,24.062,25.22,579,65,0,0.01
1412,500,251.41428647000106,25.608,26.774,583,62,0,0.01
1413,500,281.36214242396403,21.408,22.63,611,65,0,0.01
1414,500,254.94966992981244,21.986,23.114,564,63,0,0.01
1415,500,256.9459453550955,24.828,25.96,566,63,0,0.01
1416,500,256.46643051603894,24.77,25.88,555,67,0,0.01
1417,500,264.9049750332088,21.134,22.31,588,62,0,0.01
1418,500,253.93104705622747,22.378,23.526,574,66,0,0.01
1419,500,252.98319110226532,21.736,22.828,546,63,0,0.01
1420,500,241.51112541264277,18.186,19.248,531,64,0,0.01
1421,500,293.81930981471896,26.6,27.868,634,66,0,0.01
1422,500,253.98691567698245,20.17,21.258,544,64,0,0.01
1423,500,233.50367626320875,24.428,25.498,535,66,0,0.01
1424,500,274.8602801366056,27.502,28.726,612,65,0,0.01
1425,500,285.87145386075645,25.192,26.404,606,61,0,0.01
1426,500,289.3435195503793,25.87,27.112,621,60,0,0.01
1427,500,246.425460194152,24.272,25.426,577,64,0,0.01
1428,500,266.43663391830313,20.894,22.036,571,64,0,0.01
1429,500,287.358417849247,25.874,27.1,613,65,0,0.01
1430,500,272.8975258837748,24.888,26.072,592,62,0,0.01
1431,500,269.93104705622784,25.564,26.712,574,66,0,0.01
1432,500,267.89752588377513,23.058,24.242,592,64,0,0.01
1433,500,244.97574195283124,23.188,24.288,550,65,0,0.01
1434,500,244.4738796654729,24.234,25.336,551,66,0,0.01
1435,500,251.96829280339736,19.042,20.15,554,65,0,0.01
1436,500,271.92732248151094,25.51,26.662,576,65,0,0.01
1437,500,239.9645682286802,23.828,24.94,556,65,0,0.01
1438,500,262.93104705622784,22.852,24.0,574,65,0,0.01
1439,500,264.38076529754846,27.346,28.548,601,63,0,0.01
1440,500,265.9310470562278,22.47,23.618,574,61,0,0.01
1441,500,262.9347716309447,22.842,23.986,572,64,0,0.01
1442,500,258.4664305160388,21.794,22.904,555,65,0,0.01
1443,500,267.9198733320769,20.892,22.052,580,64,0,0.01
1444,500,254.95339450452943,22.54,23.664,562,62,0,0.01
1445,500,267.4105618952844,23.92,25.09,585,63,0,0.01
1446,500,289.85655556188874,29.436,30.664,614,63,0,0.01
1447,500,274.8900767343412,22.098,23.29,596,60,0,0.01
1448,500,274.9161487573598,21.508,22.672,582,62,0,0.01
1449,500,267.41056189528445,21.12,22.29,585,61,0,0.01
1450,500,285.87145386075633,22.868,24.08,606,65,0,0.01
1451,500,264.4291847688693,20.976,22.126,575,64,0,0.01
1452,500,252.42918476886902,22.566,23.716,575,62,0,0.01
1453,500,246.95339450452943,20.95,22.074,562,63,0,0.01
1454,500,267.919873332077,24.978,26.138,580,63,0,0.01
1455,500,280.8975258837749,21.706,22.89,592,61,0,0.01
1456,500,252.9869156769824,19.58,20.668,544,64,0,0.01
1457,500,311.2653034813231,38.432,39.758,663,59,0,0.01
1458,500,248.447807642454,24.562,25.692,565,61,0,0.01
1459,500,247.4589813666048,21.776,22.894,559,64,0,0.01
1460,500,274.39193902169995,23.816,25.006,595,64,0,0.01
1461,500,260.4440830677372,21.46,22.594,567,64,0,0.01
1462,500,282.39566359641657,19.806,20.992,593,65,0,0.01
1463,500,266.3695915733975,25.676,26.89,607,64,0,0.01
1464,500,268.9161487573599,22.662,23.826,582,64,0,0.01
1465,500,262.4329093435862,23.172,24.318,573,62,0,0.01
1466,500,278.87890301019013,25.598,26.802,602,63,0,0.01
1467,367,147.26998335547304,22.591280653950953,23.659400544959126,392,47,1,0.01
1468,500,265.908699607926,22.254,23.426,586,63,0,0.01
1469,500,256.44035849302,24.746,25.884,569,63,0,0.01
1470,500,264.44035849302026,24.804,25.942,569,66,0,0.01
1471,253,89.97669725226521,29.197628458498023,30.308300395256918,281,35,1,0.01
1472,500,265.87517843547306,26.798,28.006,604,66,0,0.01
1473,500,251.9757419528313,18.994,20.094,550,66,0,0.01
1474,500,279.39566359641657,23.66,24.846,593,63,0,0.01
1475,500,239.97201737811434,20.19,21.294,552,64,0,0.01
1476,500,276.3844898722656,26.83,28.028,599,67,0,0.01
1477,500,269.42546019415244,22.898,24.052,577,62,0,0.01
1478,500,257.4366339183031,25.844,26.986,571,64,0,0.01
1479,500,266.93104705622784,22.71,23.858,574,63,0,0.01
1480,500,260.93104705622756,22.102,23.25,574,64,0,0.01
1481,500,242.4962271137747,20.556,21.634,539,65,0,0.01
1482,500,265.41801104471836,23.164,24.326,581,65,0,0.01
1483,500,246.49622711377472,19.68,20.758,539,62,0,0.01
1484,500,255.45525679188805,22.068,23.19,561,64,0,0.01
1485,500,276.9012504584921,23.232,24.412,590,63,0,0.01
1486,500,271.41056189528445,26.438,27.608,585,63,0,0.01
1487,500,257.9235979067937,22.302,23.458,578,66,0,0.01
1488,500,230.9794665275481,22.938,24.034,548,66,0,0.01
1489,500,256.8975258837748,27.298,28.482,592,63,0,0.01
1490,500,286.8900767343412,28.05,29.242,596,62,0,0.01
1491,500,269.9012504584918,25.808,26.988,590,64,0,0.01
1492,500,258.444083067737,24.682,25.816,567,64,0,0.01
1493,500,248.45898136660492,20.61,21.728,559,63,0,0.01
1494,500,246.47760424018986,22.01,23.108,549,62,0,0.01
1495,500,248.40683732056715,25.846,27.02,587,64,0,0.01
1496,500,253.96456822868055,23.578,24.69,556,65,0,0.01
1497,500,249.47760424018986,20.244,21.342,549,56,0,0.01
1498,500,287.8602801366055,23.5,24.724,612,62,0,0.01
1499,500,279.8677292860392,26.136,27.352,608,65,0,0.01
1500,500,239.01298770000113,20.746,21.806,530,62,0,0.01
1501,500,252.97201737811432,19.69,20.794,552,63,0,0.01
1502,500,238.48505338962389,23.72,24.81,545,62,0,0.01
1503,500,231.9682928033974,23.978,25.086,554,62,0,0.01
1504,210,65.05491332132152,29.985714285714284,31.123809523809523,239,27,1,0.01
1505,500,270.8602801366053,23.144,24.368,612,62,0,0.01
1506,500,273.86028013660524,27.324,28.548,612,62,0,0.01
1507,500,244.96084365396328,22.388,23.504,558,65,0,0.01
1508,500,276.9012504584921,22.928,24.108,590,65,0,0.01
1509,500,247.96829280339733,24.678,25.786,554,63,0,0.01
1510,500,252.46270594132196,20.818,21.932,557,63,0,0.01
1511,500,274.3993881711336,22.63,23.812,591,63,0,0.01
1512,500,257.9831911022653,21.396,22.488,546,62,0,0.01
1513,500,240.02416142415208,21.032,22.08,524,63,0,0.01
1514,500,273.41056189528473,23.404,24.574,585,64,0,0.01
1515,500,261.91987333207686,21.818,22.978,580,63,0,0.01
1516,500,271.4068373205674,21.214,22.388,587,62,0,0.01
1517,500,283.3584178492469,23.838,25.064,613,63,0,0.01
1518,500,272.3584178492468,25.54,26.766,613,64,0,0.01
1519,500,251.97946652754823,23.258,24.354,548,64,0,0.01
1520,500,265.9682928033975,20.154,21.262,554,62,0,0.01
1521,500,247.43663391830302,28.414,29.556,571,63,0,0.01
1522,500,256.89752588377496,26.928,28.112,592,60,0,0.01
1523,500,275.38821444698266,24.11,25.304,597,69,0,0.01
1524,500,267.8453818377373,32.632,33.872,620,61,0,0.01
1525,500,276.8900767343413,25.048,26.24,596,62,0,0.01
1526,500,256.9571190792464,22.26,23.38,560,65,0,0.01
1527,500,252.45525679188776,21.428,22.55,561,62,0,0.01
1528,500,284.87890301019036,22.126,23.33,602,62,0,0.01
1529,500,278.85283098717156,22.292,23.524,616,65,0,0.01
1530,500,270.90869960792605,22.95,24.122,586,61,0,0.01
1531,152,27.70948317207594,28.460526315789473,29.486842105263158,156,18,1,0.01
1532,500,254.46643051603894,19.738,20.848,555,61,0,0.01
1533,500,239.4999516884917,18.624,19.698,537,65,0,0.01
1534,500,256.44780764245394,24.24,25.37,565,66,0,0.01
1535,500,252.96456822868043,23.368,24.48,556,65,0,0.01
1536,500,239.99808940113326,20.042,21.118,538,61,0,0.01
1537,277,108.91710405679369,34.09025270758123,35.2202166064982,313,36,1,0.01
1538,500,250.44035849302009,26.568,27.706,569,66,0,0.01
1539,500,273.41056189528433,22.184,23.354,585,62,0,0.01
1540,500,273.3993881711337,25.898,27.08,591,60,0,0.01
1541,500,267.90497503320887,23.212,24.388,588,58,0,0.01
1542,500,248.45525679188793,25.232,26.354,561,66,0,0.01
1543,500,235.47015509075584,25.172,26.278,553,67,0,0.01
1544,500,294.31744752736023,27.94,29.21,635,61,0,0.01
1545,500,285.81558524000195,25.76,27.032,636,61,0,0.01
1546,500,262.40311274585036,23.436,24.614,589,68,0,0.01
1547,500,273.3993881711337,20.304,21.486,591,62,0,0.01
1548,500,273.3993881711336,27.726,28.908,591,61,0,0.01
1549,500,253.94966992981267,20.276,21.404,564,65,0,0.01
1550,500,252.92732248151046,23.508,24.66,576,62,0,0.01
1551,500,233.99064025169952,18.954,20.038,542,63,0,0.01
1552,500,256.46643051603894,20.336,21.446,555,63,0,0.01
1553,500,271.3695915733978,26.042,27.256,607,63,0,0.01
1554,500,268.93849620566186,25.486,26.626,570,62,0,0.01
1555,500,269.9161487573599,21.254,22.418,582,63,0,0.01
1556,500,249.49250253905788,18.672,19.754,541,65,0,0.01
1557,500,266.89752588377485,25.72,26.904,592,64,0,0.01
1558,500,238.99436482641622,22.888,23.968,540,64,0,0.01
1559,500,266.40683732056755,19.288,20.462,587,63,0,0.01
1560,500,256.9384962056615,20.214,21.354,570,62,0,0.01
1561,500,264.9757419528315,21.594,22.694,550,63,0,0.01
1562,500,248.96084365396354,21.524,22.64,558,61,0,0.01
1563,473,215.49995168849185,31.712473572938688,32.84778012684989,537,60,1,0.01
1564,500,263.4068373205672,20.712,21.886,587,66,0,0.01
1565,500,265.919873332077,23.964,25.124,580,65,0,0.01
1566,500,256.4291847688693,27.32,28.47,575,63,0,0.01
1567,500,283.8751784354732,24.05,25.258,604,63,0,0.01
1568,500,230.97201737811443,23.636,24.74,552,64,0,0.01
1569,500,251.41056189528447,21.182,22.352,585,65,0,0.01
1570,500,288.8602801366056,24.646,25.87,612,66,0,0.01
1571,500,256.3919390216993,28.138,29.328,595,64,0,0.01
1572,500,240.0018139758503,19.786,20.858,536,65,0,0.01
1573,500,268.3807652975488,24.31,25.512,601,64,0,0.01
1574,500,240.020436849435,18.348,19.4,526,62,0,0.01
1575,500,254.93477163094462,22.158,23.302,572,61,0,0.01
1576,500,259.93477163094474,24.87,26.014,572,63,0,0.01
1577,500,276.90869960792594,22.036,23.208,586,64,0,0.01
1578,500,265.9124241826428,24.094,25.262,584,64,0,0.01
1579,500,264.9310470562279,23.478,24.626,574,64,0,0.01
1580,500,268.89007673434116,23.246,24.438,596,65,0,0.01
1581,500,270.91987333207703,26.7,27.86,580,61,0,0.01
1582,500,230.9682928033973,23.342,24.45,554,62,0,0.01
1583,500,247.46643051603883,21.69,22.8,555,64,0,0.01
1584,500,268.39193902169967,23.224,24.414,595,63,0,0.01
1585,500,245.48505338962363,22.54,23.63,545,61,0,0.01
1586,500,239.51112541264263,19.844,20.906,531,62,0,0.01
1587,500,241.01298770000108,22.406,23.466,530,60,0,0.01
1588,500,263.9347716309447,21.818,22.962,572,65,0,0.01
1589,500,256.46643051603905,20.866,21.976,555,65,0,0.01
1590,500,256.90125045849175,24.116,25.296,590,62,0,0.01
1591,500,239.49995168849185,19.598,20.672,537,64,0,0.01
1592,500,251.470155090756,19.686,20.792,553,63,0,0.01
1593,500,289.3472441250959,28.512,29.75,619,63,0,0.01
1594,500,268.40683732056715,24.75,25.924,587,64,0,0.01
1595,500,257.42173561943537,23.194,24.352,579,61,0,0.01
1596,500,257.9533945045293,20.458,21.582,562,64,0,0.01
1597,500,256.8975258837748,26.65,27.834,592,64,0,0.01
1598,500,276.8602801366056,25.428,26.652,612,64,0,0.01
1599,500,266.3844898722657,34.504,35.702,599,62,0,0.01
1600,500,280.3993881711335,22.224,23.406,591,62,0,0.01
1601,500,277.3546932745301,25.51,26.74,615,64,0,0.01
1602,500,255.92732248151054,21.836,22.988,576,63,0,0.01
1603,500,270.3733161481146,25.504,26.714,605,63,0,0.01
1604,500,276.38076529754875,23.602,24.804,601,65,0,0.01
1605,500,252.98319110226535,19.24,20.332,546,63,0,0.01
1606,500,245.4701550907557,20.7,21.806,553,65,0,0.01
1607,160,48.12940481566096,31.44375,32.6875,199,20,1,0.01
1608,500,261.9496699298126,22.384,23.512,564,65,0,0.01
1609,500,253.46643051603886,24.92,26.03,555,66,0,0.01
1610,500,248.95339450452965,25.586,26.71,562,66,0,0.01
1611,500,269.8789030101899,23.934,25.138,602,64,0,0.01
1612,500,271.40311274585036,26.196,27.374,589,66,0,0.01
1613,500,249.47760424018975,22.688,23.786,549,65,0,0.01
1614,500,265.9086996079259,27.852,29.024,586,67,0,0.01
1615,500,261.89007673434094,23.582,24.774,596,65,0,0.01
1616,500,237.9571190792466,28.018,29.138,560,64,0,0.01
1617,500,269.3919390216995,24.698,25.888,595,63,0,0.01
1618,500,276.3956635964167,23.934,25.12,593,60,0,0.01
1619,500,268.43290934358623,19.782,20.928,573,66,0,0.01
1620,500,256.9533945045295,23.594,24.718,562,62,0,0.01
1621,500,263.3993881711333,24.114,25.296,591,62,0,0.01
1622,500,293.8267589641529,25.666,26.926,630,65,0,0.01
1623,500,264.91614875735985,27.49,28.654,582,65,0,0.01
1624,500,270.86400471132214,32.784,34.004,610,63,0,0.01
1625,500,253.45153221717095,20.99,22.116,563,64,0,0.01
1626,500,229.0204368494353,19.978,21.03,526,61,0,0.01
1627,500,277.86772928603943,29.416,30.632,608,62,0,0.01
1628,500,245.47760424018992,23.468,24.566,549,65,0,0.01
1629,500,274.41056189528456,22.654,23.824,585,62,0,0.01
1630,500,245.48132881490696,22.856,23.95,547,64,0,0.01
1631,500,258.9571190792465,22.222,23.342,560,68,0,0.01
1632,500,279.36959157339766,24.362,25.576,607,63,0,0.01
1633,500,250.46643051603894,22.132,23.242,555,64,0,0.01
1634,500,260.9571190792465,22.44,23.56,560,64,0,0.01
1635,500,251.97201737811434,19.428,20.532,552,64,0,0.01
1636,500,252.48132881490687,22.016,23.11,547,62,0,0.01
1637,500,274.39566359641657,24.408,25.594,593,63,0,0.01
1638,500,251.44408306773713,28.33,29.464,567,61,0,0.01
1639,500,246.97201737811437,20.416,21.52,552,60,0,0.01
1640,500,291.8528309871715,29.106,30.338,616,68,0,0.01
1641,245,81.52697901094432,23.555102040816326,24.591836734693878,254,34,1,0.01
1642,500,268.923597906794,20.192,21.348,578,64,0,0.01
1643,500,247.44408306773693,21.772,22.906,567,63,0,0.01
1644,500,237.5111254126427,18.81,19.872,531,64,0,0.01
1645,500,263.4329093435863,23.406,24.552,573,64,0,0.01
1646,500,256.4664305160389,19.25,20.36,555,67,0,0.01
1647,500,245.97574195283147,20.654,21.754,550,64,0,0.01
1648,500,273.4105618952845,22.872,24.042,585,63,0,0.01
1649,500,257.4887779643407,20.08,21.166,543,64,0,0.01
1650,500,269.3882144469826,23.79,24.984,597,63,0,0.01
1651,500,253.95339450452943,25.62,26.744,562,61,0,0.01
1652,500,242.9608436539636,22.746,23.862,558,66,0,0.01
1653,500,279.8863521596243,22.484,23.68,598,64,0,0.01
1654,500,258.9682928033975,20.718,21.826,554,63,0,0.01
1655,500,278.86028013660535,25.076,26.3,612,63,0,0.01
1656,500,261.43663391830313,22.674,23.816,571,63,0,0.01
1657,500,251.4627059413219,21.772,22.886,557,64,0,0.01
1658,500,260.94966992981267,21.536,22.664,564,65,0,0.01
1659,500,246.00181397585044,23.796,24.868,536,65,0,0.01
1660,500,242.9608436539634,22.59,23.706,558,65,0,0.01
1661,500,269.39566359641645,21.708,22.894,593,65,0,0.01
1662,500,264.4403584930201,21.296,22.434,569,68,0,0.01
1663,500,245.97574195283144,21.508,22.608,550,69,0,0.01
1664,500,240.5148499873597,20.772,21.83,529,64,0,0.01
1665,500,291.8416572630206,24.012,25.256,622,66,0,0.01
1666,259,71.52325443622736,25.81081081081081,26.7992277992278,256,37,1,0.01
1667,500,254.93849620566152,23.974,25.114,570,60,0,0.01
1668,500,260.9571190792467,21.184,22.304,560,63,0,0.01
1669,500,228.52974828622777,20.002,21.044,521,60,0,0.01
1670,500,244.9645682286804,23.936,25.048,556,59,0,0.01
1671,500,261.42918476886916,21.254,22.404,575,66,0,0.01
1672,500,259.4142864700014,23.692,24.858,583,64,0,0.01
1673,500,254.46270594132204,21.618,22.732,557,64,0,0.01
1674,500,264.4403584930203,25.676,26.814,569,67,0,0.01
1675,500,277.4031127458505,22.21,23.388,589,62,0,0.01
1676,500,240.47015509075578,24.398,25.504,553,69,0,0.01
1677,500,239.00181397585018,20.018,21.09,536,64,0,0.01
1678,500,263.4180110447181,24.22,25.382,581,66,0,0.01
1679,500,274.43290934358635,22.506,23.652,573,61,0,0.01
1680,500,266.9347716309447,19.12,20.264,572,65,0,0.01
1681,500,235.51857456207654,20.408,21.462,527,62,0,0.01
1682,500,259.47387966547296,19.628,20.73,551,63,0,0.01
1683,500,255.44035849302006,26.912,28.05,569,65,0,0.01
1684,500,276.3919390216997,21.53,22.72,595,67,0,0.01
1685,500,273.3509686998129,30.188,31.422,617,64,0,0.01
1686,500,269.9012504584921,25.888,27.068,590,64,0,0.01
1687,500,260.9273224815106,20.666,21.818,576,68,0,0.01
1688,500,238.9720173781145,22.65,23.754,552,65,0,0.01
1689,500,262.41801104471864,26.508,27.67,581,66,0,0.01
1690,500,259.89752588377485,26.146,27.33,592,65,0,0.01
1691,500,265.93477163094474,20.342,21.486,572,63,0,0.01
1692,500,261.897525883775,24.064,25.248,592,66,0,0.01
1693,500,256.9384962056616,22.782,23.922,570,62,0,0.01
1694,500,242.47387966547294,23.198,24.3,551,63,0,0.01
1695,500,269.886352159624,26.778,27.974,598,63,0,0.01
1696,500,293.33234582622833,24.128,25.382,627,62,0,0.01
1697,500,267.4291847688693,25.162,26.312,575,63,0,0.01
1698,500,262.4515322171711,25.132,26.258,563,65,0,0.01
1699,500,250.48877796434087,21.63,22.716,543,72,0,0.01
1700,500,253.43290934358612,22.78,23.926,573,66,0,0.01
1701,500,254.46643051603883,21.228,22.338,555,66,0,0.01
1702,500,276.36959157339777,24.566,25.78,607,65,0,0.01
1703,500,248.00926312528426,21.734,22.798,532,67,0,0.01
1704,500,262.4403584930201,22.214,23.352,569,64,0,0.01
1705,500,284.86772928603926,26.852,28.068,608,63,0,0.01
1706,500,257.42173561943514,22.6,23.758,579,62,0,0.01
1707,500,250.9571190792464,19.524,20.644,560,65,0,0.01
1708,500,251.92732248151063,23.046,24.198,576,61,0,0.01
1709,500,253.91614875735957,23.674,24.838,582,67,0,0.01
1710,500,273.8975258837754,22.462,23.646,592,65,0,0.01
1711,500,264.91614875735996,20.924,22.088,582,63,0,0.01
1712,500,259.9161487573596,26.162,27.326,582,68,0,0.01
1713,500,265.91987333207703,31.432,32.592,580,67,0,0.01
1714,500,264.92732248151066,23.384,24.536,576,66,0,0.01
1715,500,223.050233447171,18.608,19.628,510,63,0,0.01
1716,500,231.046508872454,19.85,20.874,512,61,0,0.01
1717,500,263.4440830677371,22.33,23.464,567,65,0,0.01
1718,500,278.36959157339805,22.188,23.402,607,65,0,0.01
1719,500,253.95339450452957,23.274,24.398,562,66,0,0.01
1720,500,254.94594535509555,30.368,31.5,566,65,0,0.01
1721,500,275.9161487573599,21.354,22.518,582,62,0,0.01
1722,500,289.32862125151155,25.7,26.958,629,63,0,0.01
1723,500,246.99436482641644,26.562,27.642,540,65,0,0.01
1724,500,281.83420811358627,28.376,29.628,626,59,0,0.01
1725,500,263.40683732056755,21.52,22.694,587,64,0,0.01
1726,500,277.3584178492473,26.308,27.534,613,64,0,0.01
1727,500,252.458981366605,21.374,22.492,559,64,0,0.01
1728,500,264.4068373205674,22.866,24.04,587,67,0,0.01
1729,500,255.91987333207658,24.642,25.802,580,64,0,0.01
1730,500,273.38821444698243,27.924,29.118,597,66,0,0.01
1731,500,264.4403584930201,24.482,25.62,569,69,0,0.01
1732,500,260.9347716309446,20.592,21.736,572,66,0,0.01
1733,500,267.83793268830334,31.028,32.276,624,65,0,0.01
1734,500,262.4142864700011,24.704,25.87,583,65,0,0.01
1735,500,267.4329093435861,22.882,24.028,573,64,0,0.01
1736,500,256.89752588377456,26.436,27.62,592,66,0,0.01
1737,500,264.9049750332088,23.704,24.88,588,63,0,0.01
1738,500,264.3621424239638,26.306,27.528,611,67,0,0.01
1739,500,266.44035849302026,20.104,21.242,569,68,0,0.01
1740,500,271.39566359641634,20.958,22.144,593,64,0,0.01
1741,500,264.4291847688694,22.188,23.338,575,64,0,0.01
1742,500,253.90497503320864,29.17,30.346,588,67,0,0.01
1743,500,226.51484998735972,23.61,24.668,529,66,0,0.01
1744,500,258.96829280339745,24.718,25.826,554,67,0,0.01
1745,500,260.466430516039,21.57,22.68,555,66,0,0.01
1746,500,256.4664305160388,20.302,21.412,555,67,0,0.01
1747,500,243.94594535509555,20.91,22.042,566,64,0,0.01
1748,500,257.4589813666049,21.904,23.022,559,63,0,0.01
1749,500,259.4217356194353,21.824,22.982,579,69,0,0.01
1750,500,251.42173561943514,24.448,25.606,579,61,0,0.01
1751,500,266.4217356194355,21.188,22.346,579,67,0,0.01
1752,500,259.98319110226544,20.39,21.482,546,68,0,0.01
1753,500,258.97201737811434,19.04,20.144,552,64,0,0.01
1754,500,261.9533945045296,25.818,26.942,562,64,0,0.01
1755,500,282.3882144469826,26.818,28.012,597,66,0,0.01
1756,500,277.8826275849072,22.944,24.144,600,65,0,0.01
1757,500,260.9459453550957,21.68,22.812,566,64,0,0.01
1758,500,235.95339450452937,22.562,23.686,562,63,0,0.01
1759,500,274.8453818377373,24.736,25.976,620,68,0,0.01
1760,500,252.47015509075578,22.286,23.392,553,63,0,0.01
1761,500,279.37704072283196,22.402,23.608,603,65,0,0.01
1762,500,265.9198733320769,25.126,26.286,580,69,0,0.01
1763,500,269.91987333207675,24.262,25.422,580,69,0,0.01
1764,500,252.97574195283133,21.454,22.554,550,67,0,0.01
1765,500,273.39193902169967,20.522,21.712,595,60,0,0.01
1766,500,261.3695915733976,25.13,26.344,607,63,0,0.01
1767,500,257.9384962056617,21.086,22.226,570,64,0,0.01
1768,500,264.9161487573601,22.626,23.79,582,62,0,0.01
1769,500,269.9049750332089,22.256,23.432,588,62,0,0.01
1770,500,254.4552567918881,20.174,21.296,561,65,0,0.01
1771,500,262.3956635964162,25.678,26.864,593,69,0,0.01
1772,500,245.54464658509556,19.604,20.63,513,62,0,0.01
1773,500,241.48877796434078,22.34,23.426,543,64,0,0.01
1774,500,267.4105618952844,26.2,27.37,585,63,0,0.01
1775,500,284.358417849247,24.244,25.47,613,62,0,0.01
1776,500,249.51112541264266,21.04,22.102,531,63,0,0.01
1777,500,271.9161487573601,22.76,23.924,582,64,0,0.01
1778,500,268.40311274585054,22.776,23.954,589,66,0,0.01
1779,500,242.02788599886915,18.484,19.528,522,59,0,0.01
1780,500,280.89380130905823,22.08,23.268,594,64,0,0.01
1781,500,254.42546019415218,23.29,24.444,577,63,0,0.01
1782,500,244.42918476886916,28.824,29.974,575,68,0,0.01
1783,500,244.47015509075587,20.446,21.552,553,65,0,0.01
1784,500,269.8975258837748,24.836,26.02,592,64,0,0.01
1785,500,274.36214242396375,30.9,32.122,611,61,0,0.01
1786,500,280.89007673434116,24.024,25.216,596,64,0,0.01
1787,500,271.35096869981317,24.188,25.422,617,67,0,0.01
1788,500,261.48132881490693,21.526,22.62,547,64,0,0.01
1789,500,246.4776042401898,22.222,23.32,549,67,0,0.01
1790,500,277.373316148115,23.632,24.842,605,63,0,0.01
1791,500,249.51484998735964,22.432,23.49,529,69,0,0.01
1792,500,255.99064025169923,22.226,23.31,542,68,0,0.01
1793,500,245.45898136660483,25.672,26.79,559,63,0,0.01
1794,500,254.97201737811434,20.156,21.26,552,63,0,0.01
1795,500,250.4701550907559,20.726,21.832,553,67,0,0.01
1796,500,256.9533945045295,20.94,22.064,562,62,0,0.01
1797,500,263.9347716309447,23.046,24.19,572,64,0,0.01
1798,500,278.8900767343413,21.952,23.144,596,66,0,0.01
1799,500,271.4142864700014,28.8,29.966,583,66,0,0.01
1800,500,270.42546019415227,19.526,20.68,577,67,0,0.01
1801,500,264.8938013090581,25.052,26.24,594,63,0,0.01
1802,500,254.4440830677369,22.482,23.616,567,64,0,0.01
1803,500,289.33979497566224,26.424,27.67,623,64,0,0.01
1804,500,267.9124241826428,23.16,24.328,584,64,0,0.01
1805,500,251.96084365396348,27.61,28.726,558,69,0,0.01
1806,500,249.95711907924635,19.33,20.45,560,67,0,0.01
1807,500,258.42173561943525,23.542,24.7,579,69,0,0.01
1808,500,280.8714538607565,29.678,30.89,606,64,0,0.01
1809,500,275.88635215962404,26.764,27.96,598,64,0,0.01
1810,500,247.4887779643407,17.926,19.012,543,65,0,0.01
1811,500,246.98691567698236,23.8,24.888,544,64,0,0.01
1812,500,241.51857456207674,18.204,19.258,527,64,0,0.01
1813,500,290.8081360905677,29.566,30.846,640,66,0,0.01
1814,500,268.4291847688692,23.404,24.554,575,60,0,0.01
1815,500,260.4031127458503,20.672,21.85,589,63,0,0.01
1816,500,251.89380130905764,24.67,25.858,594,63,0,0.01
1817,500,250.95711907924658,21.272,22.392,560,64,0,0.01
1818,500,258.9608436539636,19.728,20.844,558,64,0,0.01
1819,500,255.46270594132196,20.574,21.688,557,66,0,0.01
1820,500,268.87145386075633,26.248,27.46,606,64,0,0.01
1821,500,258.47387966547285,20.042,21.144,551,63,0,0.01
1822,500,246.8938013090577,25.132,26.32,594,67,0,0.01
1823,500,281.37704072283174,24.37,25.576,603,63,0,0.01
1824,500,258.45898136660503,22.87,23.988,559,68,0,0.01
1825,500,250.47760424018998,21.34,22.438,549,63,0,0.01
1826,500,273.4217356194355,24.07,25.228,579,61,0,0.01
1827,500,267.89007673434116,29.002,30.194,596,67,0,0.01
1828,500,277.3770407228318,23.354,24.56,603,63,0,0.01
1829,500,272.43290934358646,18.848,19.994,573,64,0,0.01
1830,500,261.9273224815106,23.916,25.068,576,70,0,0.01
1831,500,286.8602801366053,24.37,25.594,612,63,0,0.01
1832,500,258.4068373205671,22.952,24.126,587,69,0,0.01
1833,500,253.96084365396345,21.878,22.994,558,63,0,0.01
1834,500,261.4180110447185,24.032,25.194,581,64,0,0.01
1835,500,270.4105618952845,23.824,24.994,585,66,0,0.01
1836,500,273.912424182643,23.594,24.762,584,62,0,0.01
1837,500,271.4254601941523,20.638,21.792,577,68,0,0.01
1838,500,249.93477163094457,24.638,25.782,572,63,0,0.01
1839,500,268.8789030101901,27.846,29.05,602,64,0,0.01
1840,500,268.9235979067938,20.846,22.002,578,68,0,0.01
1841,500,250.48505338962377,20.212,21.302,545,64,0,0.01
1842,500,261.4440830677373,23.606,24.74,567,64,0,0.01
1843,500,280.84910641245443,25.604,26.84,618,65,0,0.01
1844,500,255.44035849302003,26.098,27.236,569,67,0,0.01
1845,500,249.45898136660483,20.748,21.866,559,65,0,0.01
1846,500,248.97946652754834,18.852,19.948,548,64,0,0.01
1847,500,273.89752588377513,26.066,27.25,592,63,0,0.01
1848,500,263.93104705622784,22.148,23.296,574,64,0,0.01
1849,500,275.90869960792594,27.186,28.358,586,69,0,0.01
1850,500,277.4031127458507,26.062,27.24,589,64,0,0.01
1851,500,223.99064025169932,25.854,26.938,542,62,0,0.01
1852,500,260.87517843547295,25.324,26.532,604,63,0,0.01
1853,500,254.41056189528393,29.49,30.66,585,63,0,0.01
1854,500,279.89007673434133,24.032,25.224,596,60,0,0.01
1855,500,264.94966992981267,22.374,23.502,564,68,0,0.01
1856,500,271.8453818377375,35.264,36.504,620,61,0,0.01
1857,500,272.88635215962404,25.76,26.956,598,66,0,0.01
1858,500,251.9831911022652,21.41,22.502,546,64,0,0.01
1859,500,256.3844898722654,33.186,34.384,599,64,0,0.01
1860,500,275.365866998681,25.536,26.754,609,60,0,0.01
1861,500,269.4105618952846,23.9,25.07,585,69,0,0.01
1862,500,274.90497503320915,27.274,28.45,588,65,0,0.01
1863,500,245.41428647000103,28.572,29.738,583,67,0,0.01
1864,500,264.3993881711336,22.54,23.722,591,64,0,0.01
1865,500,262.97201737811463,19.462,20.566,552,64,0,0.01
1866,500,267.92359790679376,22.18,23.336,578,63,0,0.01
1867,500,274.37331614811455,24.536,25.746,605,68,0,0.01
1868,500,247.91987333207658,22.486,23.646,580,63,0,0.01
1869,500,264.43663391830324,22.338,23.48,571,61,0,0.01
1870,500,271.90869960792594,21.732,22.904,586,68,0,0.01
1871,500,277.8677292860393,24.59,25.806,608,65,0,0.01
1872,500,270.43663391830336,20.998,22.14,571,68,0,0.01
1873,500,262.9086996079258,22.81,23.982,586,63,0,0.01
1874,500,257.9012504584917,26.0,27.18,590,65,0,0.01
1875,500,239.9645682286804,23.784,24.896,556,66,0,0.01
1876,500,261.90125045849186,23.27,24.45,590,66,0,0.01
1877,500,264.4180110447184,23.872,25.034,581,62,0,0.01
1878,500,262.94222078037853,20.13,21.266,568,67,0,0.01
1879,500,248.4329093435861,26.926,28.072,573,63,0,0.01
1880,500,277.3956635964167,23.902,25.088,593,65,0,0.01
1881,500,261.43290934358606,21.584,22.73,573,61,0,0.01
1882,500,240.9794665275483,22.65,23.746,548,65,0,0.01
1883,500,274.40683732056755,23.884,25.058,587,65,0,0.01
1884,500,249.48877796434087,18.854,19.94,543,63,0,0.01
1885,500,261.4142864700013,24.798,25.964,583,63,0,0.01
1886,500,252.87890301018982,25.328,26.532,602,65,0,0.01
1887,500,260.89752588377513,25.604,26.788,592,62,0,0.01
1888,500,262.9310470562276,24.278,25.426,574,66,0,0.01
1889,500,266.3956635964163,24.552,25.738,593,66,0,0.01
1890,500,258.9049750332087,25.248,26.424,588,65,0,0.01
1891,500,241.9980894011332,23.018,24.094,538,68,0,0.01
1892,500,263.93849620566164,22.362,23.502,570,64,0,0.01
1893,500,278.8863521596243,23.64,24.836,598,62,0,0.01
1894,500,270.38448987226576,25.218,26.416,599,62,0,0.01
1895,500,259.95711907924664,20.36,21.48,560,67,0,0.01
1896,500,249.44035849301991,24.176,25.314,569,65,0,0.01
1897,500,255.42173561943525,25.236,26.394,579,64,0,0.01
1898,500,253.40683732056704,26.928,28.102,587,63,0,0.01
1899,500,263.9496699298128,21.234,22.362,564,69,0,0.01
1900,500,264.9533945045296,23.082,24.206,562,61,0,0.01
1901,500,289.3658669986808,25.514,26.732,609,66,0,0.01
1902,500,257.95711907924635,22.216,23.336,560,66,0,0.01
1903,500,257.45898136660503,20.854,21.972,559,65,0,0.01
1904,500,259.4366339183035,24.138,25.28,571,65,0,0.01
1905,500,261.4776042401899,21.546,22.644,549,60,0,0.01
1906,500,284.3770407228318,24.582,25.788,603,67,0,0.01
1907,500,260.43290934358606,24.236,25.382,573,64,0,0.01
1908,500,219.99064025169938,31.188,32.272,542,64,0,0.01
1909,500,264.9198733320767,24.594,25.754,580,64,0,0.01
1910,500,239.45898136660497,22.046,23.164,559,62,0,0.01
1911,500,266.4478076424541,21.374,22.504,565,65,0,0.01
1912,500,264.41801104471836,25.416,26.578,581,65,0,0.01
1913,500,259.9273224815105,23.39,24.542,576,67,0,0.01
1914,500,267.90869960792594,20.504,21.676,586,65,0,0.01
1915,500,262.92359790679393,21.194,22.35,578,65,0,0.01
1916,500,261.96456822868055,19.774,20.886,556,64,0,0.01
1917,385,176.64893467717098,27.82857142857143,29.015584415584417,457,48,1,0.01
1918,500,239.99064025169923,21.916,23.0,542,64,0,0.01
1919,500,244.48505338962386,22.5,23.59,545,64,0,0.01
1920,500,270.4217356194354,18.8,19.958,579,64,0,0.01
1921,500,269.91614875736013,20.386,21.55,582,66,0,0.01
1922,500,277.8565555618884,22.942,24.17,614,65,0,0.01
1923,500,257.9533945045294,23.25,24.374,562,65,0,0.01
1924,500,259.4142864700014,21.176,22.342,583,64,0,0.01
1925,500,259.45153221717123,25.034,26.16,563,63,0,0.01
1926,500,264.8789030101901,28.016,29.22,602,64,0,0.01
1927,500,243.9757419528313,20.704,21.804,550,65,0,0.01
1928,500,255.94222078037853,21.684,22.82,568,63,0,0.01
1929,500,264.8863521596239,21.326,22.522,598,61,0,0.01
1930,500,260.8975258837748,27.37,28.554,592,65,0,0.01
1931,500,299.27647720547367,27.558,28.872,657,65,0,0.01
1932,500,265.39566359641645,30.114,31.3,593,63,0,0.01
1933,500,275.89752588377496,23.592,24.776,592,64,0,0.01
1934,500,236.02788599886904,18.768,19.812,522,63,0,0.01
1935,500,265.897525883775,23.278,24.462,592,63,0,0.01
1936,500,247.98691567698233,19.882,20.97,544,62,0,0.01
1937,500,268.41056189528433,22.446,23.616,585,61,0,0.01
1938,500,251.96829280339733,20.326,21.434,554,64,0,0.01
1939,500,251.44780764245385,23.148,24.278,565,63,0,0.01
1940,500,259.458981366605,21.104,22.222,559,68,0,0.01
1941,500,271.39938817113364,29.14,30.322,591,66,0,0.01
1942,500,280.3807652975489,27.644,28.846,601,63,0,0.01
1943,500,255.94966992981236,23.54,24.668,564,62,0,0.01
1944,500,259.9459453550956,19.83,20.962,566,61,0,0.01
1945,500,244.93477163094448,28.686,29.83,572,66,0,0.01
1946,500,265.458981366605,19.796,20.914,559,64,0,0.01
1947,500,262.436633918303,22.416,23.558,571,61,0,0.01
1948,500,234.50367626320858,24.454,25.524,535,66,0,0.01
1949,500,247.94594535509557,24.068,25.2,566,68,0,0.01
1950,500,276.8453818377375,27.104,28.344,620,66,0,0.01
1951,500,259.91987333207663,25.46,26.62,580,60,0,0.01
1952,500,248.9533945045294,26.542,27.666,562,60,0,0.01
1953,500,253.4180110447181,25.222,26.384,581,64,0,0.01
1954,500,263.9273224815108,21.866,23.018,576,64,0,0.01
1955,500,268.4329093435862,22.842,23.988,573,62,0,0.01
1956,500,260.45153221717123,19.126,20.252,563,64,0,0.01
1957,500,243.4887779643408,22.114,23.2,543,60,0,0.01
1958,500,238.02788599886898,19.834,20.878,522,65,0,0.01
1959,500,261.46643051603894,22.94,24.05,555,63,0,0.01
1960,500,281.90497503320915,17.848,19.024,588,63,0,0.01
1961,500,270.94222078037865,20.47,21.606,568,64,0,0.01
1962,500,260.90869960792577,26.84,28.012,586,61,0,0.01
1963,500,225.5074008379258,21.512,22.578,533,64,0,0.01
1964,500,247.95711907924644,23.542,24.662,560,65,0,0.01
1965,500,262.9533945045296,19.464,20.588,562,65,0,0.01
1966,500,257.4627059413219,18.692,19.806,557,62,0,0.01
1967,500,262.41428647000134,21.036,22.202,583,65,0,0.01
1968,500,240.02788599886907,18.96,20.004,522,65,0,0.01
1969,500,256.44780764245394,24.43,25.56,565,67,0,0.01
1970,500,259.4105618952841,23.574,24.744,585,62,0,0.01
1971,500,258.44408306773704,22.654,23.788,567,64,0,0.01
1972,500,266.9273224815108,23.47,24.622,576,65,0,0.01
1973,500,264.9049750332087,23.284,24.46,588,63,0,0.01
1974,500,268.912424182643,23.912,25.08,584,64,0,0.01
1975,500,266.4068373205675,24.262,25.436,587,64,0,0.01
1976,340,133.81281596471845,30.561764705882354,31.647058823529413,369,44,1,0.01
1977,500,262.45525679188796,21.322,22.444,561,63,0,0.01
1978,500,239.46643051603888,21.658,22.768,555,67,0,0.01
1979,500,273.40311274585054,23.846,25.024,589,61,0,0.01
1980,500,272.42173561943537,20.218,21.376,579,62,0,0.01
1981,500,248.46270594132199,18.816,19.93,557,62,0,0.01
1982,500,266.43290934358635,21.314,22.46,573,65,0,0.01
1983,500,277.88262758490737,23.35,24.55,600,62,0,0.01
1984,500,265.9124241826429,20.96,22.128,584,62,0,0.01
1985,500,281.3807652975487,29.25,30.452,601,65,0,0.01
1986,500,255.96456822868052,22.234,23.346,556,64,0,0.01
1987,500,280.3993881711338,30.094,31.276,591,66,0,0.01
1988,500,259.44408306773704,21.536,22.67,567,63,0,0.01
1989,500,263.95711907924647,20.13,21.25,560,62,0,0.01
1990,500,271.8975258837752,24.776,25.96,592,61,0,0.01
1991,500,270.92732248151077,23.356,24.508,576,63,0,0.01
1992,500,259.36586699868036,27.242,28.46,609,63,0,0.01
1993,500,274.9049750332091,22.36,23.536,588,61,0,0.01
1994,500,251.97946652754834,23.768,24.864,548,67,0,0.01
1995,500,268.4440830677373,22.352,23.486,567,64,0,0.01
1996,500,244.44035849302003,27.064,28.202,569,61,0,0.01
1997,500,246.99064025169923,25.438,26.522,542,62,0,0.01
1998,500,283.84165726302064,22.72,23.964,622,65,0,0.01
1999,500,230.5334728609446,20.372,21.41,519,67,0,0.01
2000,500,268.92359790679365,22.68,23.836,578,64,0,0.01
2001,500,268.8751784354733,25.942,27.15,604,66,0,0.01
2002,500,255.45153221717098,20.592,21.718,563,66,0,0.01
2003,500,213.56326945868042,20.484,21.49,503,62,0,0.01
2004,500,251.45153221717095,23.38,24.506,563,63,0,0.01
2005,500,244.98691567698233,19.534,20.622,544,66,0,0.01
2006,500,256.4850533896237,20.36,21.45,545,62,0,0.01
2007,500,267.9347716309446,21.148,22.292,572,65,0,0.01
2008,500,249.02416142415214,17.828,18.876,524,66,0,0.01
2009,500,281.88635215962444,20.354,21.55,598,63,0,0.01
2010,500,264.94966992981256,20.832,21.96,564,64,0,0.01
2011,500,256.9571190792463,24.33,25.45,560,58,0,0.01
2012,500,247.94966992981236,22.074,23.202,564,68,0,0.01
2013,500,280.3472441250961,26.104,27.342,619,66,0,0.01
2014,500,262.88262758490714,23.142,24.342,600,63,0,0.01
2015,500,260.44035849302014,25.628,26.766,569,65,0,0.01
2016,500,277.87890301019047,24.644,25.848,602,61,0,0.01
2017,500,271.41056189528445,21.892,23.062,585,63,0,0.01
2018,500,260.4366339183031,20.298,21.44,571,63,0,0.01
2019,500,272.3956635964167,24.54,25.726,593,59,0,0.01
2020,500,280.8975258837751,21.84,23.024,592,60,0,0.01
2021,500,264.91614875735996,23.066,24.23,582,62,0,0.01
2022,500,278.86028013660587,28.69,29.914,612,62,0,0.01
2023,500,246.4887779643409,22.098,23.184,543,70,0,0.01
2024,500,263.41801104471824,21.76,22.922,581,66,0,0.01
2025,500,267.4291847688694,20.736,21.886,575,60,0,0.01
2026,500,260.4515322171712,20.194,21.32,563,66,0,0.01
2027,500,255.97201737811426,23.518,24.622,552,64,0,0.01
2028,500,231.01671227471832,22.36,23.416,528,65,0,0.01
2029,500,267.4627059413218,20.268,21.382,557,61,0,0.01
2030,438,222.492502539058,27.988584474885844,29.22374429223744,541,53,1,0.01
2031,500,280.3770407228318,25.52,26.726,603,64,0,0.01
2032,500,240.53719743566157,20.0,21.034,517,62,0,0.01
2033,500,254.9384962056617,22.462,23.602,570,65,0,0.01
2034,500,252.93477163094468,20.772,21.916,572,65,0,0.01
2035,500,277.4031127458505,21.242,22.42,589,61,0,0.01
2036,500,262.9235979067939,23.89,25.046,578,65,0,0.01
2037,500,253.93849620566186,20.598,21.738,570,67,0,0.01
2038,500,268.89752588377513,20.176,21.36,592,62,0,0.01
2039,500,265.90497503320876,22.238,23.414,588,64,0,0.01
2040,500,267.44780764245417,19.982,21.112,565,62,0,0.01
2041,500,259.43663391830313,20.994,22.136,571,68,0,0.01
2042,500,287.33234582622833,24.676,25.93,627,61,0,0.01
2043,500,257.9831911022655,20.072,21.164,546,62,0,0.01
2044,500,255.95339450452965,21.758,22.882,562,65,0,0.01
2045,500,266.4031127458505,22.962,24.14,589,63,0,0.01
2046,500,261.4254601941522,23.062,24.216,577,61,0,0.01
2047,500,247.47760424018992,21.032,22.13,549,63,0,0.01
2048,500,273.4031127458506,24.63,25.808,589,63,0,0.01
2049,500,269.3844898722656,25.596,26.794,599,62,0,0.01
2050,500,257.46270594132204,20.554,21.668,557,61,0,0.01
2051,500,269.4180110447181,20.034,21.196,581,64,0,0.01
2052,500,278.8826275849073,29.87,31.07,600,67,0,0.01
2053,500,282.8826275849074,22.348,23.548,600,65,0,0.01
2054,500,276.4031127458507,21.854,23.032,589,62,0,0.01
2055,500,267.9347716309447,24.326,25.47,572,64,0,0.01
2056,500,254.46643051603886,26.356,27.466,555,65,0,0.01
2057,500,263.44035849302026,21.554,22.692,569,63,0,0.01
2058,500,257.91614875735974,23.75,24.914,582,63,0,0.01
2059,500,247.50740083792567,19.814,20.88,533,65,0,0.01
2060,500,270.91987333207675,22.204,23.364,580,63,0,0.01
2061,500,256.44035849302,21.39,22.528,569,61,0,0.01
2062,500,225.05768259660522,19.76,20.772,506,65,0,0.01
2063,500,281.8826275849072,21.404,22.604,600,59,0,0.01
2064,500,283.8491064124545,25.816,27.052,618,67,0,0.01
2065,500,272.4105618952845,24.496,25.666,585,64,0,0.01
2066,500,270.88262758490714,24.406,25.606,600,62,0,0.01
2067,500,274.3919390216997,26.784,27.974,595,63,0,0.01
2068,500,257.44780764245394,21.266,22.396,565,63,0,0.01
2069,500,266.42918476886945,20.648,21.798,575,64,0,0.01
2070,500,282.3770407228318,22.728,23.934,603,64,0,0.01
2071,500,213.06140717132197,21.154,22.162,504,67,0,0.01
2072,500,251.45153221717086,21.922,23.048,563,62,0,0.01
2073,500,267.3919390216994,26.144,27.334,595,64,0,0.01
2074,500,264.41801104471824,21.822,22.984,581,66,0,0.01
2075,500,259.9459453550955,23.514,24.646,566,60,0,0.01
2076,500,256.432909343586,28.388,29.534,573,62,0,0.01
2077,500,267.93104705622756,20.924,22.072,574,61,0,0.01
2078,500,289.377040722832,20.61,21.816,603,62,0,0.01
2079,500,262.46270594132204,19.844,20.958,557,64,0,0.01
2080,500,251.48132881490676,21.968,23.062,547,63,0,0.01
2081,500,250.47015509075578,22.108,23.214,553,67,0,0.01
2082,500,257.9757419528312,21.758,22.858,550,63,0,0.01
2083,500,262.9347716309447,22.314,23.458,572,64,0,0.01
2084,500,256.95711907924664,24.712,25.832,560,63,0,0.01
2085,500,277.908699607926,23.92,25.092,586,61,0,0.01
2086,500,263.9235979067938,23.314,24.47,578,63,0,0.01
2087,500,258.41801104471824,22.416,23.578,581,64,0,0.01
2088,500,257.9198733320766,23.872,25.032,580,65,0,0.01
2089,500,289.3733161481149,21.938,23.148,605,65,0,0.01
2090,500,243.47760424018975,22.688,23.786,549,66,0,0.01
2091,500,252.43663391830307,26.902,28.044,571,63,0,0.01
2092,500,224.00553855056725,23.618,24.686,534,67,0,0.01
2093,500,264.890076734341,25.898,27.09,596,61,0,0.01
2094,500,250.96456822868038,24.734,25.846,556,60,0,0.01
2095,500,263.40683732056743,22.642,23.816,587,63,0,0.01
2096,500,275.4031127458505,23.748,24.926,589,63,0,0.01
2097,500,231.51112541264266,22.84,23.902,531,64,0,0.01
2098,500,258.42918476886916,20.774,21.924,575,64,0,0.01
2099,500,253.4850533896237,20.976,22.066,545,65,0,0.01
2100,500,243.48505338962386,22.3,23.39,545,67,0,0.01
2101,500,271.3621424239638,24.238,25.46,611,63,0,0.01
2102,500,259.93849620566175,20.922,22.062,570,62,0,0.01
2103,500,267.93477163094485,21.278,22.422,572,65,0,0.01
2104,500,257.4738796654729,22.738,23.84,551,65,0,0.01
2105,500,291.33234582622833,26.844,28.098,627,63,0,0.01
2106,500,246.00926312528415,20.126,21.19,532,63,0,0.01
2107,500,267.4403584930203,19.672,20.81,569,65,0,0.01
2108,500,241.45153221717095,24.306,25.432,563,64,0,0.01
2109,500,271.8900767343413,22.096,23.288,596,62,0,0.01
2110,500,265.93104705622784,24.49,25.638,574,58,0,0.01
2111,500,266.9422207803786,20.946,22.082,568,68,0,0.01
2112,500,274.8826275849072,22.796,23.996,600,65,0,0.01
2113,500,256.47760424018986,21.894,22.992,549,64,0,0.01
2114,500,258.95339450452957,19.714,20.838,562,62,0,0.01
2115,500,263.4478076424541,22.664,23.794,565,66,0,0.01
2116,500,260.4254601941521,25.512,26.666,577,65,0,0.01
2117,500,273.3993881711334,25.302,26.484,591,62,0,0.01
2118,500,259.92732248151094,25.416,26.568,576,64,0,0.01
2119,500,255.48132881490676,20.972,22.066,547,60,0,0.01
2120,500,249.44408306773698,24.208,25.342,567,66,0,0.01
2121,500,251.9757419528313,22.074,23.174,550,63,0,0.01
2122,500,251.44035849301986,22.38,23.518,569,68,0,0.01
2123,500,274.89752588377496,23.378,24.562,592,63,0,0.01
2124,500,267.4180110447183,21.342,22.504,581,62,0,0.01
2125,500,259.96829280339745,19.118,20.226,554,67,0,0.01
2126,500,244.4887779643409,20.726,21.812,543,66,0,0.01
2127,500,272.40683732056755,20.996,22.17,587,66,0,0.01
2128,500,243.94966992981242,23.448,24.576,564,66,0,0.01
2129,500,251.99808940113329,17.662,18.738,538,63,0,0.01
2130,500,250.4440830677371,26.07,27.204,567,64,0,0.01
2131,500,247.98691567698236,20.31,21.398,544,62,0,0.01
2132,500,269.39566359641634,23.822,25.008,593,66,0,0.01
2133,500,274.3882144469826,22.75,23.944,597,65,0,0.01
2134,500,266.92359790679353,29.666,30.822,578,62,0,0.01
2135,500,247.98691567698225,20.298,21.386,544,66,0,0.01
2136,500,271.40311274585054,22.702,23.88,589,60,0,0.01
2137,500,284.37331614811455,24.092,25.302,605,60,0,0.01
2138,500,263.40683732056743,21.042,22.216,587,62,0,0.01
2139,500,274.3882144469827,25.966,27.16,597,60,0,0.01
2140,500,265.39566359641657,25.652,26.838,593,66,0,0.01
2141,500,271.8938013090579,22.838,24.026,594,64,0,0.01
2142,500,259.92732248151066,21.86,23.012,576,60,0,0.01
2143,500,267.4031127458506,19.758,20.936,589,65,0,0.01
2144,500,274.3956635964167,21.422,22.608,593,61,0,0.01
2145,500,237.9720173781143,22.064,23.168,552,62,0,0.01
2146,500,249.9608436539635,19.818,20.934,558,66,0,0.01
2147,500,250.96456822868038,21.162,22.274,556,64,0,0.01
2148,500,258.9459453550955,22.19,23.322,566,61,0,0.01
2149,500,249.9571190792466,20.562,21.682,560,62,0,0.01
2150,500,265.88262758490714,29.5,30.7,600,65,0,0.01
2151,500,255.4887779643407,20.356,21.442,543,62,0,0.01
2152,500,257.96829280339733,18.572,19.68,554,65,0,0.01
2153,500,259.9757419528316,21.83,22.93,550,63,0,0.01
2154,500,266.37704072283145,23.556,24.762,603,63,0,0.01
2155,500,248.44035849301991,23.274,24.412,569,64,0,0.01
2156,500,254.96456822868043,22.518,23.63,556,62,0,0.01
2157,500,267.9124241826429,21.766,22.934,584,62,0,0.01
2158,390,174.66755755075593,27.27948717948718,28.425641025641024,447,49,1,0.01
2159,500,267.43663391830313,26.744,27.886,571,63,0,0.01
2160,500,230.47015509075595,23.92,25.026,553,64,0,0.01
2161,500,256.9608436539635,20.66,21.776,558,64,0,0.01
2162,500,273.3956635964166,23.12,24.306,593,62,0,0.01
2163,500,253.4776042401898,20.978,22.076,549,59,0,0.01
2164,500,283.8677292860395,25.802,27.018,608,59,0,0.01
2165,500,256.9086996079256,24.878,26.05,586,64,0,0.01
2166,500,264.91987333207675,24.182,25.342,580,67,0,0.01
2167,500,276.38821444698283,27.622,28.816,597,65,0,0.01
2168,500,266.38821444698266,26.19,27.384,597,63,0,0.01
2169,500,262.91987333207686,24.534,25.694,580,62,0,0.01
2170,500,286.33234582622805,27.362,28.616,627,64,0,0.01
2171,500,264.90497503320887,28.648,29.824,588,64,0,0.01
2172,500,259.4291847688692,19.026,20.176,575,66,0,0.01
2173,500,264.92732248151077,22.65,23.802,576,69,0,0.01
2174,500,264.3956635964167,21.75,22.936,593,64,0,0.01
2175,500,277.3844898722657,25.144,26.342,599,64,0,0.01
2176,500,262.9347716309448,23.742,24.886,572,62,0,0.01
2177,500,216.5483711598126,19.68,20.702,511,66,0,0.01
2178,500,238.44408306773698,26.108,27.242,567,64,0,0.01
2179,500,255.90497503320867,21.842,23.018,588,64,0,0.01
2180,500,237.47760424018992,21.928,23.026,549,68,0,0.01
2181,500,260.9273224815106,22.608,23.76,576,64,0,0.01
2182,500,260.90869960792577,23.804,24.976,586,64,0,0.01
2183,500,277.41801104471847,24.1,25.262,581,65,0,0.01
2184,500,266.92732248151077,26.948,28.1,576,64,0,0.01
2185,500,272.8565555618883,28.184,29.412,614,61,0,0.01
2186,500,260.90125045849186,29.124,30.304,590,62,0,0.01
2187,500,254.98319110226527,19.384,20.476,546,65,0,0.01
2188,500,262.4403584930201,25.352,26.49,569,66,0,0.01
2189,500,288.3323458262281,23.986,25.24,627,63,0,0.01
2190,500,254.436633918303,20.562,21.704,571,65,0,0.01
2191,500,259.93477163094474,22.526,23.67,572,66,0,0.01
2192,500,258.4701550907559,19.474,20.58,553,65,0,0.01
2193,500,251.97201737811437,21.55,22.654,552,62,0,0.01
2194,500,269.4031127458506,22.888,24.066,589,61,0,0.01
2195,500,270.908699607926,23.768,24.94,586,66,0,0.01
2196,500,269.36959157339794,25.264,26.478,607,60,0,0.01
2197,500,257.44780764245405,24.416,25.546,565,65,0,0.01
2198,500,253.46643051603894,25.082,26.192,555,69,0,0.01
2199,500,265.919873332077,21.094,22.254,580,67,0,0.01
2200,500,251.96084365396345,27.278,28.394,558,61,0,0.01
2201,500,264.9347716309447,22.858,24.002,572,64,0,0.01
2202,500,252.44408306773693,23.7,24.834,567,63,0,0.01
2203,500,282.36214242396386,25.5,26.722,611,65,0,0.01
2204,500,231.4738796654731,26.206,27.308,551,61,0,0.01
2205,500,277.88635215962404,24.696,25.892,598,62,0,0.01
2206,500,237.49622711377475,24.802,25.88,539,63,0,0.01
2207,500,238.51484998735964,20.544,21.602,529,65,0,0.01
2208,500,229.46643051603886,25.01,26.12,555,65,0,0.01
2209,500,255.47015509075595,21.604,22.71,553,62,0,0.01
2210,500,272.4217356194354,26.7,27.858,579,62,0,0.01
2211,500,282.39566359641674,22.422,23.608,593,64,0,0.01
2212,500,240.01671227471817,20.53,21.586,528,64,0,0.01
2213,500,220.55954488396355,18.682,19.692,505,65,0,0.01
2214,500,237.99064025169926,23.046,24.13,542,65,0,0.01
2215,500,270.9012504584921,21.984,23.164,590,64,0,0.01
2216,500,258.470155090756,24.382,25.488,553,63,0,0.01
2217,500,267.3993881711336,21.62,22.802,591,65,0,0.01
2218,500,262.9422207803784,23.786,24.922,568,63,0,0.01
2219,500,244.91614875735965,29.218,30.382,582,68,0,0.01
2220,500,280.3621424239639,25.64,26.862,611,65,0,0.01
2221,500,278.38076529754863,22.416,23.618,601,65,0,0.01
2222,500,251.44035849302,20.666,21.804,569,62,0,0.01
2223,500,268.4329093435862,22.594,23.74,573,61,0,0.01
2224,500,248.93849620566138,23.99,25.13,570,60,0,0.01
2225,500,265.8900767343411,22.488,23.68,596,64,0,0.01
2226,500,247.96829280339745,20.636,21.744,554,63,0,0.01
2227,500,260.9198733320769,23.136,24.296,580,65,0,0.01
2228,500,263.91614875736,23.524,24.688,582,62,0,0.01
2229,500,235.01671227471812,23.964,25.02,528,64,0,0.01
2230,500,290.36959157339805,22.334,23.548,607,61,0,0.01
2231,500,268.9273224815108,23.8,24.952,576,63,0,0.01
2232,500,264.84165726302064,25.782,27.026,622,63,0,0.01
2233,500,263.94966992981267,22.49,23.618,564,67,0,0.01
2234,500,264.3993881711335,26.794,27.976,591,62,0,0.01
2235,500,236.45153221717106,23.534,24.66,563,62,0,0.01
2236,500,261.4031127458503,24.726,25.904,589,62,0,0.01
2237,500,285.81558524000184,29.976,31.248,636,66,0,0.01
2238,500,258.4366339183032,29.238,30.38,571,63,0,0.01
2239,500,246.4701550907558,21.614,22.72,553,65,0,0.01
2240,500,266.9310470562277,24.358,25.506,574,66,0,0.01
2241,500,294.8342081135869,25.304,26.556,626,65,0,0.01
2242,500,263.39938817113347,21.194,22.376,591,65,0,0.01
2243,500,275.8975258837752,21.622,22.806,592,64,0,0.01
2244,500,270.88635215962404,26.18,27.376,598,63,0,0.01
2245,500,245.01298770000108,24.34,25.4,530,65,0,0.01
2246,500,289.80813609056815,26.48,27.76,640,66,0,0.01
2247,500,268.8416572630202,23.538,24.782,622,63,0,0.01
2248,500,267.42173561943537,18.458,19.616,579,61,0,0.01
2249,500,272.41428647000146,21.24,22.406,583,64,0,0.01
2250,500,235.47387966547285,23.244,24.346,551,65,0,0.01
2251,500,269.4031127458506,21.036,22.214,589,64,0,0.01
2252,500,258.47760424018986,20.052,21.15,549,61,0,0.01
2253,500,256.4738796654728,21.406,22.508,551,65,0,0.01
2254,500,259.4254601941521,22.9,24.054,577,66,0,0.01
2255,500,275.3919390216997,22.152,23.342,595,66,0,0.01
2256,500,268.9310470562277,25.574,26.722,574,65,0,0.01
2257,500,249.47015509075595,21.592,22.698,553,67,0,0.01
2258,500,267.90497503320915,20.654,21.83,588,66,0,0.01
2259,500,258.46643051603894,19.696,20.806,555,64,0,0.01
2260,500,246.49622711377484,18.842,19.92,539,63,0,0.01
2261,500,260.46270594132216,22.952,24.066,557,67,0,0.01
2262,500,252.93849620566155,22.734,23.874,570,63,0,0.01
2263,500,279.8528309871716,23.87,25.102,616,66,0,0.01
2264,500,248.99808940113326,20.182,21.258,538,62,0,0.01
2265,500,272.4217356194353,20.514,21.672,579,68,0,0.01
2266,500,271.871453860756,25.79,27.002,606,64,0,0.01
2267,500,248.93849620566152,25.172,26.312,570,65,0,0.01
2268,500,272.38821444698266,25.184,26.378,597,64,0,0.01
2269,500,237.48132881490682,24.998,26.092,547,64,0,0.01
2270,500,255.9720173781144,18.24,19.344,552,63,0,0.01
2271,500,243.4105618952841,26.118,27.288,585,63,0,0.01
2272,500,275.9124241826431,30.182,31.35,584,64,0,0.01
2273,500,234.0502334471711,19.564,20.584,510,64,0,0.01
2274,500,272.9161487573599,23.41,24.574,582,61,0,0.01
2275,500,269.39193902169967,22.272,23.462,595,65,0,0.01
2276,500,286.30999837792666,27.434,28.712,639,62,0,0.01
2277,500,259.9496699298126,20.734,21.862,564,64,0,0.01
2278,500,259.9273224815106,24.356,25.508,576,67,0,0.01
2279,500,248.38448987226525,28.126,29.324,599,66,0,0.01
2280,500,259.4366339183034,18.59,19.732,571,63,0,0.01
2281,500,284.8826275849072,27.538,28.738,600,64,0,0.01
2282,500,263.39193902169916,27.354,28.544,595,67,0,0.01
2283,500,254.45525679188796,24.424,25.546,561,68,0,0.01
2284,500,279.8491064124546,24.872,26.108,618,66,0,0.01
2285,500,290.8565555618888,24.596,25.824,614,65,0,0.01
2286,500,245.47760424018966,23.292,24.39,549,65,0,0.01
2287,500,246.96829280339745,21.508,22.616,554,63,0,0.01
2288,500,279.8714538607564,23.07,24.282,606,63,0,0.01
2289,500,259.9459453550956,20.938,22.07,566,64,0,0.01
2290,500,261.42546019415215,20.582,21.736,577,64,0,0.01
2291,500,258.91614875735974,23.63,24.794,582,65,0,0.01
2292,500,252.98691567698222,19.482,20.57,544,59,0,0.01
2293,500,268.89752588377513,21.812,22.996,592,67,0,0.01
2294,500,260.8938013090581,23.418,24.606,594,64,0,0.01
2295,500,270.40683732056755,21.384,22.558,587,66,0,0.01
2296,500,237.97201737811446,20.794,21.898,552,62,0,0.01
2297,500,265.4142864700014,22.096,23.262,583,66,0,0.01
2298,500,259.92732248151077,22.408,23.56,576,64,0,0.01
2299,500,286.8640047113224,26.716,27.936,610,63,0,0.01
2300,469,211.52974828622777,32.89339019189765,34.004264392324096,521,62,1,0.01
2301,500,267.42173561943525,20.618,21.776,579,64,0,0.01
2302,500,276.89752588377513,19.534,20.718,592,67,0,0.01
2303,500,262.9384962056618,22.454,23.594,570,65,0,0.01
2304,500,254.91242418264275,21.642,22.81,584,63,0,0.01
2305,500,273.89007673434133,23.754,24.946,596,66,0,0.01
2306,500,251.45153221717106,21.682,22.808,563,66,0,0.01
2307,500,253.9645682286805,19.236,20.348,556,66,0,0.01
2308,500,288.33607040094506,25.948,27.198,625,64,0,0.01
2309,500,271.3807652975485,22.966,24.168,601,61,0,0.01
2310,500,260.41801104471824,23.674,24.836,581,66,0,0.01
2311,500,268.4552567918882,19.47,20.592,561,61,0,0.01
2312,500,256.43663391830313,23.058,24.2,571,64,0,0.01
2313,500,276.3919390216996,23.566,24.756,595,66,0,0.01
2314,500,271.35841784924696,25.186,26.412,613,64,0,0.01
2315,500,272.3919390216997,24.074,25.264,595,67,0,0.01
2316,500,261.9496699298127,20.134,21.262,564,66,0,0.01
2317,500,243.52602371151056,18.712,19.758,523,70,0,0.01
2318,500,272.41428647000157,26.74,27.906,583,67,0,0.01
2319,500,250.9645682286804,22.07,23.182,556,67,0,0.01
2320,500,259.94594535509566,23.938,25.07,566,62,0,0.01
2321,500,285.84538183773776,24.052,25.292,620,63,0,0.01
2322,500,278.87145386075645,28.332,29.544,606,62,0,0.01
2323,500,268.91987333207663,23.216,24.376,580,65,0,0.01
2324,500,260.95339450452957,23.902,25.026,562,65,0,0.01
2325,500,271.40311274585065,23.54,24.718,589,63,0,0.01
2326,500,262.44780764245405,23.402,24.532,565,66,0,0.01
2327,500,279.36214242396375,23.282,24.504,611,65,0,0.01
2328,500,262.46270594132216,21.27,22.384,557,66,0,0.01
2329,500,267.4366339183033,21.844,22.986,571,65,0,0.01
2330,500,269.38076529754863,29.496,30.698,601,68,0,0.01
2331,500,270.42173561943537,22.23,23.388,579,63,0,0.01
2332,500,263.4552567918881,23.956,25.078,561,64,0,0.01
2333,500,278.38821444698254,25.41,26.604,597,63,0,0.01
2334,500,254.94966992981247,22.662,23.79,564,67,0,0.01
2335,500,249.49250253905765,18.63,19.712,541,65,0,0.01
2336,500,256.93104705622767,25.106,26.254,574,65,0,0.01
2337,500,271.897525883775,25.886,27.07,592,65,0,0.01
2338,500,280.8900767343413,24.248,25.44,596,61,0,0.01
2339,500,260.88262758490686,24.484,25.684,600,63,0,0.01
2340,500,228.47015509075587,26.212,27.318,553,60,0,0.01
2341,500,252.46270594132187,21.038,22.152,557,67,0,0.01
2342,500,252.99064025169926,24.982,26.066,542,68,0,0.01
2343,500,244.451532217171,21.358,22.484,563,65,0,0.01
2344,500,279.39193902169956,23.244,24.434,595,63,0,0.01
2345,500,285.8714538607565,23.548,24.76,606,63,0,0.01
2346,500,262.94222078037876,25.642,26.778,568,59,0,0.01
2347,500,253.94594535509543,21.378,22.51,566,66,0,0.01
2348,500,252.49250253905782,21.078,22.16,541,64,0,0.01
2349,500,251.94594535509538,22.838,23.97,566,65,0,0.01
2350,500,269.40311274585025,23.64,24.818,589,63,0,0.01
2351,500,253.4589813666049,21.482,22.6,559,66,0,0.01
2352,500,255.91242418264278,30.016,31.184,584,66,0,0.01
2353,500,268.43663391830336,23.678,24.82,571,65,0,0.01
2354,500,235.50367626320858,26.75,27.82,535,66,0,0.01
2355,500,262.4291847688694,21.924,23.074,575,64,0,0.01
2356,500,276.347244125096,22.722,23.96,619,66,0,0.01
2357,500,277.8714538607564,25.956,27.168,606,70,0,0.01
2358,500,262.95711907924664,21.26,22.38,560,66,0,0.01
2359,428,201.5595448839634,28.373831775700936,29.55373831775701,505,55,1,0.01
2360,500,250.93104705622756,22.85,23.998,574,62,0,0.01
2361,500,258.4589813666051,20.902,22.02,559,64,0,0.01
2362,500,265.92359790679376,21.062,22.218,578,63,0,0.01
2363,500,261.893801309058,26.91,28.098,594,63,0,0.01
2364,500,241.0018139758502,18.72,19.792,536,66,0,0.01
2365,500,256.451532217171,21.658,22.784,563,66,0,0.01
2366,500,272.890076734341,25.898,27.09,596,61,0,0.01
2367,500,256.43290934358606,23.204,24.35,573,61,0,0.01
2368,500,261.44408306773715,24.29,25.424,567,64,0,0.01
2369,500,269.9198733320769,23.064,24.224,580,66,0,0.01
2370,500,271.42173561943525,22.718,23.876,579,68,0,0.01
2371,500,267.4180110447184,23.1,24.262,581,61,0,0.01
2372,500,269.37704072283174,24.004,25.21,603,63,0,0.01
2373,500,291.8193098147191,23.11,24.378,634,64,0,0.01
2374,500,226.48877796434076,25.074,26.16,543,70,0,0.01
2375,500,261.9124241826429,26.42,27.588,584,64,0,0.01
2376,500,261.9496699298126,19.356,20.484,564,68,0,0.01
2377,500,261.4440830677372,19.836,20.97,567,66,0,0.01
2378,500,273.908699607926,20.794,21.966,586,63,0,0.01
2379,500,257.92359790679376,25.27,26.426,578,63,0,0.01
2380,500,282.86028013660547,24.71,25.934,612,64,0,0.01
2381,500,272.41801104471847,21.574,22.736,581,69,0,0.01
2382,500,268.41428647000134,22.752,23.918,583,61,0,0.01
2383,500,273.8900767343411,26.614,27.806,596,64,0,0.01
2384,500,262.92732248151077,21.558,22.71,576,65,0,0.01
2385,500,263.9384962056616,21.98,23.12,570,66,0,0.01
2386,500,275.901250458492,23.41,24.59,590,66,0,0.01
2387,500,260.3733161481146,24.608,25.818,605,64,0,0.01
2388,500,269.39193902169956,23.26,24.45,595,66,0,0.01
2389,500,246.4589813666049,22.298,23.416,559,61,0,0.01
2390,500,258.94222078037853,21.066,22.202,568,66,0,0.01
2391,500,262.9012504584918,22.51,23.69,590,63,0,0.01
2392,500,253.46270594132187,25.674,26.788,557,66,0,0.01
2393,500,265.41056189528433,22.55,23.72,585,64,0,0.01
2394,500,255.48505338962372,20.736,21.826,545,70,0,0.01
2395,500,254.97574195283136,22.038,23.138,550,65,0,0.01
2396,500,262.9198733320765,22.334,23.494,580,63,0,0.01
2397,500,270.4031127458505,23.974,25.152,589,67,0,0.01
2398,500,247.53347286094464,19.068,20.106,519,61,0,0.01
2399,500,288.8714538607562,22.11,23.322,606,66,0,0.01
2400,500,282.87145386075645,25.494,26.706,606,65,0,0.01
2401,500,279.8826275849072,24.2,25.4,600,67,0,0.01
2402,500,273.85655556188834,32.136,33.364,614,65,0,0.01
2403,500,264.95339450452957,22.194,23.318,562,65,0,0.01
2404,500,259.9273224815108,19.256,20.408,576,65,0,0.01
2405,500,260.41428647000134,23.482,24.648,583,67,0,0.01
2406,500,241.50740083792564,18.088,19.154,533,62,0,0.01
2407,500,261.43290934358623,21.124,22.27,573,68,0,0.01
2408,500,247.94594535509566,23.388,24.52,566,68,0,0.01
2409,500,262.9571190792465,20.408,21.528,560,62,0,0.01
2410,500,279.82675896415253,32.166,33.426,630,64,0,0.01
2411,500,252.45525679188793,24.348,25.47,561,68,0,0.01
2412,500,266.41801104471836,23.226,24.388,581,63,0,0.01
2413,500,254.95339450452963,20.674,21.798,562,66,0,0.01
2414,500,276.893801309058,22.632,23.82,594,65,0,0.01
2415,500,274.3882144469827,21.394,22.588,597,65,0,0.01
2416,500,259.96084365396337,20.594,21.71,558,65,0,0.01
2417,500,283.34724412509576,26.108,27.346,619,67,0,0.01
2418,500,271.4254601941524,23.026,24.18,577,59,0,0.01
2419,500,282.8826275849073,28.5,29.7,600,60,0,0.01
2420,500,283.86028013660524,26.63,27.854,612,63,0,0.01
2421,500,248.0092631252841,21.994,23.058,532,67,0,0.01
2422,500,263.3695915733977,25.27,26.484,607,60,0,0.01
2423,500,248.4738796654728,22.06,23.162,551,69,0,0.01
2424,500,261.4254601941523,21.322,22.476,577,63,0,0.01
2425,500,253.97946652754837,18.438,19.534,548,70,0,0.01
2426,500,233.97574195283127,24.542,25.642,550,64,0,0.01
2427,500,266.4403584930201,22.324,23.462,569,67,0,0.01
2428,500,267.3509686998127,28.716,29.95,617,65,0,0.01
2429,500,263.93104705622767,21.938,23.086,574,66,0,0.01
2430,500,268.8714538607563,28.01,29.222,606,68,0,0.01
2431,500,259.9533945045296,21.274,22.398,562,68,0,0.01
2432,500,228.00181397585024,22.38,23.452,536,67,0,0.01
2433,500,253.44035849301997,21.052,22.19,569,63,0,0.01
2434,500,290.35469327453035,30.41,31.64,615,63,0,0.01
2435,500,250.44035849302009,29.084,30.222,569,67,0,0.01
2436,500,253.93477163094465,34.832,35.976,572,63,0,0.01
2437,500,267.84910641245455,23.444,24.68,618,61,0,0.01
2438,500,260.93477163094457,21.016,22.16,572,67,0,0.01
2439,500,272.39193902169944,26.524,27.714,595,67,0,0.01
2440,500,247.99064025169932,22.054,23.138,542,64,0,0.01
2441,500,259.9422207803786,25.794,26.93,568,66,0,0.01
2442,500,263.4068373205673,21.172,22.346,587,65,0,0.01
2443,500,258.4999516884918,25.48,26.554,537,64,0,0.01
2444,500,288.8416572630206,24.406,25.65,622,65,0,0.01
2445,500,241.9757419528313,20.246,21.346,550,62,0,0.01
2446,500,256.93104705622767,24.408,25.556,574,64,0,0.01
2447,500,277.3882144469829,25.058,26.252,597,67,0,0.01
2448,500,271.88635215962427,25.394,26.59,598,69,0,0.01
2449,500,276.3770407228321,25.852,27.058,603,65,0,0.01
2450,500,280.87517843547346,24.66,25.868,604,64,0,0.01
2451,500,265.93477163094474,24.816,25.96,572,65,0,0.01
2452,500,248.96456822868035,21.046,22.158,556,68,0,0.01
2453,500,266.39566359641657,22.41,23.596,593,67,0,0.01
2454,500,256.4440830677369,22.324,23.458,567,62,0,0.01
2455,500,272.9161487573598,22.086,23.25,582,68,0,0.01
2456,500,247.46643051603877,19.338,20.448,555,66,0,0.01
2457,500,248.95339450452946,22.518,23.642,562,62,0,0.01
2458,500,238.436633918303,25.36,26.502,571,66,0,0.01
2459,500,273.38076529754875,30.798,32.0,601,64,0,0.01
2460,500,266.908699607926,22.156,23.328,586,65,0,0.01
2461,500,263.41801104471807,25.734,26.896,581,66,0,0.01
2462,500,262.9496699298125,20.958,22.086,564,65,0,0.01
2463,500,281.8863521596243,26.004,27.2,598,65,0,0.01
2464,500,277.34351955037897,29.38,30.622,621,65,0,0.01
2465,500,255.9273224815105,25.952,27.104,576,63,0,0.01
2466,500,263.9235979067939,24.302,25.458,578,64,0,0.01
2467,500,261.96829280339733,21.046,22.154,554,62,0,0.01
2468,500,248.9384962056616,26.286,27.426,570,63,0,0.01
2469,500,263.40683732056743,27.19,28.364,587,64,0,0.01
2470,500,264.4068373205674,24.118,25.292,587,67,0,0.01
2471,500,260.47760424018986,20.364,21.462,549,61,0,0.01
2472,500,227.96456822868043,28.432,29.544,556,66,0,0.01
2473,500,254.96829280339728,21.158,22.266,554,65,0,0.01
2474,500,255.95339450452948,23.322,24.446,562,67,0,0.01
2475,500,280.37704072283174,24.056,25.262,603,63,0,0.01
2476,500,241.9571190792464,24.132,25.252,560,62,0,0.01
2477,500,263.9124241826429,22.544,23.712,584,65,0,0.01
2478,500,274.90869960792605,23.474,24.646,586,69,0,0.01
2479,500,270.3621424239636,23.484,24.706,611,63,0,0.01
2480,500,286.34351955037926,24.376,25.618,621,66,0,0.01
2481,500,273.3956635964166,23.252,24.438,593,68,0,0.01
2482,500,249.92359790679347,23.99,25.146,578,66,0,0.01
2483,500,262.9235979067939,20.006,21.162,578,64,0,0.01
2484,500,271.3770407228317,28.766,29.972,603,63,0,0.01
2485,500,265.4366339183035,20.256,21.398,571,63,0,0.01
2486,500,272.9012504584922,23.52,24.7,590,63,0,0.01
2487,500,263.3993881711336,25.796,26.978,591,62,0,0.01
2488,500,266.9273224815108,20.144,21.296,576,65,0,0.01
2489,500,296.3509686998131,23.53,24.764,617,64,0,0.01
2490,500,268.4105618952845,23.852,25.022,585,65,0,0.01
2491,500,273.84910641245466,28.626,29.862,618,64,0,0.01
2492,500,295.8044115158511,25.434,26.718,642,62,0,0.01
2493,500,257.4589813666051,19.344,20.462,559,65,0,0.01
2494,500,263.42546019415204,24.53,25.684,577,65,0,0.01
2495,500,251.97201737811451,22.63,23.734,552,65,0,0.01
2496,329,130.34447484981268,25.15501519756839,26.224924012158056,352,42,1,0.01
2497,500,249.91614875735974,26.4,27.564,582,68,0,0.01
2498,500,264.4291847688693,22.61,23.76,575,64,0,0.01
2499,500,260.92359790679376,21.252,22.408,578,69,0,0.01
2500,500,248.39938817113313,25.836,27.018,591,68,0,0.01
2501,500,286.36214242396414,28.158,29.38,611,67,0,0.01
2502,500,277.86772928603926,23.654,24.87,608,66,0,0.01
2503,500,254.45525679188796,22.226,23.348,561,73,0,0.01
2504,500,279.87145386075633,23.904,25.116,606,66,0,0.01
2505,500,266.9273224815108,20.908,22.06,576,62,0,0.01
2506,500,250.97201737811434,21.8,22.904,552,68,0,0.01
2507,500,262.45153221717106,23.792,24.918,563,66,0,0.01
2508,500,273.86772928603926,26.25,27.466,608,65,0,0.01
2509,500,267.9124241826427,25.418,26.586,584,64,0,0.01
2510,500,267.4105618952844,25.674,26.844,585,61,0,0.01
2511,500,270.91614875736,21.436,22.6,582,63,0,0.01
2512,500,269.9347716309447,27.53,28.674,572,65,0,0.01
2513,231,58.118231091510054,22.98701298701299,23.874458874458874,205,26,1,0.01
2514,500,266.42173561943537,24.134,25.292,579,65,0,0.01
2515,317,118.87613373490704,23.381703470031546,24.438485804416406,335,43,1,0.01
2516,500,268.4478076424542,23.41,24.54,565,63,0,0.01
2517,500,264.4403584930202,22.906,24.044,569,60,0,0.01
2518,500,278.8826275849072,25.202,26.402,600,62,0,0.01
2519,500,272.8863521596242,22.146,23.342,598,68,0,0.01
2520,500,246.48505338962403,19.668,20.758,545,64,0,0.01
2521,500,263.447807642454,20.676,21.806,565,64,0,0.01
2522,500,243.99808940113311,21.332,22.408,538,62,0,0.01
2523,500,250.94966992981236,21.878,23.006,564,63,0,0.01
2524,500,248.9496699298125,22.854,23.982,564,63,0,0.01
2525,500,272.89007673434116,21.85,23.042,596,65,0,0.01
2526,500,255.4589813666051,22.232,23.35,559,63,0,0.01
2527,500,276.88635215962427,24.142,25.338,598,63,0,0.01
2528,500,261.94222078037865,21.55,22.686,568,60,0,0.01
2529,500,266.8789030101902,25.82,27.024,602,64,0,0.01
2530,500,269.3919390216997,25.204,26.394,595,67,0,0.01
2531,500,266.3882144469824,29.754,30.948,597,62,0,0.01
2532,500,269.9347716309448,24.118,25.262,572,67,0,0.01
2533,500,245.45525679188805,22.172,23.294,561,63,0,0.01
2534,500,243.46643051603903,26.782,27.892,555,69,0,0.01
2535,500,257.91242418264255,23.084,24.252,584,66,0,0.01
2536,500,239.51484998735972,18.636,19.694,529,64,0,0.01
2537,500,272.42173561943537,19.748,20.906,579,64,0,0.01
2538,500,268.88262758490725,21.812,23.012,600,63,0,0.01
2539,500,232.9943648264162,21.954,23.034,540,66,0,0.01
2540,500,289.8081360905679,26.084,27.364,640,67,0,0.01
2541,500,271.3807652975489,23.632,24.834,601,64,0,0.01
2542,500,268.4627059413219,19.832,20.946,557,66,0,0.01
2543,500,247.91614875735962,25.594,26.758,582,68,0,0.01
2544,500,269.41428647000146,25.184,26.35,583,66,0,0.01
2545,500,261.4478076424541,23.056,24.186,565,59,0,0.01
2546,500,246.46643051603883,22.85,23.96,555,65,0,0.01
2547,500,252.4813288149068,21.022,22.116,547,69,0,0.01
2548,500,266.42173561943514,24.764,25.922,579,66,0,0.01
2549,500,305.28020178019085,24.252,25.562,655,67,0,0.01
2550,500,294.83048353887006,27.996,29.252,628,63,0,0.01
2551,500,260.9384962056617,23.042,24.182,570,69,0,0.01
2552,500,243.98319110226535,20.356,21.448,546,68,0,0.01
2553,500,243.4701550907559,17.438,18.544,553,69,0,0.01
2554,500,269.91614875735996,27.38,28.544,582,63,0,0.01
2555,500,247.94222078037848,22.694,23.83,568,67,0,0.01
2556,500,256.44780764245394,23.336,24.466,565,63,0,0.01
2557,500,263.4142864700015,25.64,26.806,583,74,0,0.01
2558,500,259.42546019415227,26.51,27.664,577,66,0,0.01
2559,500,257.41056189528405,23.448,24.618,585,68,0,0.01
2560,500,261.4478076424542,23.496,24.626,565,63,0,0.01
2561,500,281.3695915733978,24.94,26.154,607,62,0,0.01
2562,500,262.4366339183033,20.122,21.264,571,62,0,0.01
2563,500,281.35469327452995,26.26,27.49,615,69,0,0.01
2564,500,260.4403584930201,26.058,27.196,569,65,0,0.01
2565,500,251.9645682286805,22.018,23.13,556,66,0,0.01
2566,500,237.49250253905774,21.218,22.3,541,65,0,0.01
2567,500,260.91614875735957,24.096,25.26,582,67,0,0.01
2568,500,232.47015509075587,22.514,23.62,553,67,0,0.01
2569,500,277.40683732056755,23.832,25.006,587,68,0,0.01
2570,500,279.8751784354733,23.398,24.606,604,69,0,0.01
2571,500,238.4962271137748,20.068,21.146,539,66,0,0.01
2572,500,279.8900767343414,23.202,24.394,596,65,0,0.01
2573,500,262.43663391830324,25.268,26.41,571,62,0,0.01
2574,500,248.39193902169916,29.336,30.526,595,65,0,0.01
2575,500,254.4515322171708,20.16,21.286,563,65,0,0.01
2576,500,262.9384962056616,22.312,23.452,570,66,0,0.01
2577,500,249.47015509075572,20.034,21.14,553,65,0,0.01
2578,500,255.481328814907,21.064,22.158,547,63,0,0.01
2579,500,277.3658669986811,24.798,26.016,609,68,0,0.01
2580,500,239.0092631252843,21.556,22.62,532,63,0,0.01
2581,500,252.93104705622756,24.318,25.466,574,67,0,0.01
2582,500,254.9720173781143,22.216,23.32,552,66,0,0.01
2583,500,272.3695915733977,24.026,25.24,607,65,0,0.01
2584,500,265.4366339183033,20.828,21.97,571,65,0,0.01
2585,500,258.9608436539635,20.322,21.438,558,65,0,0.01
2586,500,272.9012504584921,21.396,22.576,590,61,0,0.01
2587,500,280.36586699868093,28.796,30.014,609,65,0,0.01
2588,500,283.3807652975489,25.006,26.208,601,67,0,0.01
2589,500,281.36214242396386,32.01,33.232,611,64,0,0.01
2590,500,246.97201737811446,22.388,23.492,552,68,0,0.01
2591,500,266.4254601941523,22.62,23.774,577,65,0,0.01
2592,500,254.4627059413219,19.382,20.496,557,67,0,0.01
2593,500,255.45153221717106,20.194,21.32,563,66,0,0.01
2594,500,252.46270594132181,19.868,20.982,557,60,0,0.01
2595,500,272.41428647000134,25.178,26.344,583,64,0,0.01
2596,500,270.41801104471836,20.006,21.168,581,67,0,0.01
2597,500,270.87890301019024,23.252,24.456,602,66,0,0.01
2598,500,261.93477163094445,23.086,24.23,572,66,0,0.01
2599,500,276.87517843547346,26.886,28.094,604,64,0,0.01
2600,500,264.9347716309448,22.98,24.124,572,67,0,0.01
2601,500,272.90125045849186,22.762,23.942,590,69,0,0.01
2602,500,241.94222078037868,27.052,28.188,568,68,0,0.01
2603,500,236.49995168849182,23.632,24.706,537,64,0,0.01
2604,500,262.43290934358623,23.666,24.812,573,64,0,0.01
2605,500,266.3956635964165,24.94,26.126,593,67,0,0.01
2606,500,277.38448987226604,24.528,25.726,599,71,0,0.01
2607,500,282.35469327453006,24.708,25.938,615,68,0,0.01
2608,500,250.46643051603883,20.396,21.506,555,67,0,0.01
2609,500,278.3844898722656,24.932,26.13,599,71,0,0.01
2610,500,277.8975258837751,20.854,22.038,592,67,0,0.01
2611,500,265.9310470562276,22.368,23.516,574,63,0,0.01
2612,500,282.86400471132237,23.248,24.468,610,65,0,0.01
2613,500,277.42918476886933,21.214,22.364,575,70,0,0.01
2614,500,269.8975258837751,21.68,22.864,592,67,0,0.01
2615,500,273.8975258837752,22.276,23.46,592,62,0,0.01
2616,500,250.48132881490665,16.832,17.926,547,68,0,0.01
2617,500,254.4366339183029,23.118,24.26,571,67,0,0.01
2618,500,248.49250253905788,21.256,22.338,541,65,0,0.01
2619,500,255.4589813666051,21.434,22.552,559,68,0,0.01
2620,500,259.93104705622744,22.738,23.886,574,66,0,0.01
2621,500,267.871453860756,27.282,28.494,606,70,0,0.01
2622,500,258.44408306773715,22.688,23.822,567,69,0,0.01
2623,500,262.92359790679365,24.226,25.382,578,65,0,0.01
2624,500,259.9608436539637,20.912,22.028,558,69,0,0.01
2625,500,252.42918476886916,23.334,24.484,575,66,0,0.01
2626,500,246.94966992981244,21.278,22.406,564,67,0,0.01
2627,500,270.42918476886945,20.42,21.57,575,65,0,0.01
2628,500,250.96084365396345,23.596,24.712,558,72,0,0.01
2629,500,242.447807642454,21.012,22.142,565,62,0,0.01
2630,500,275.8379326883038,31.554,32.802,624,63,0,0.01
2631,500,254.97201737811437,20.45,21.554,552,67,0,0.01
2632,500,266.3993881711334,24.242,25.424,591,68,0,0.01
2633,500,250.94594535509543,21.396,22.528,566,63,0,0.01
2634,500,255.00926312528412,18.79,19.854,532,64,0,0.01
2635,500,259.9645682286805,19.158,20.27,556,66,0,0.01
2636,500,265.92359790679393,19.336,20.492,578,65,0,0.01
2637,500,264.9496699298126,20.65,21.778,564,66,0,0.01
2638,500,271.4329093435863,21.274,22.42,573,65,0,0.01
2639,500,273.4068373205675,21.42,22.594,587,62,0,0.01
2640,500,272.882627584907,23.332,24.532,600,65,0,0.01
2641,500,265.88262758490714,22.358,23.558,600,64,0,0.01
2642,500,247.96456822868024,24.918,26.03,556,66,0,0.01
2643,500,283.8826275849072,19.56,20.76,600,66,0,0.01
2644,500,259.93104705622784,23.278,24.426,574,63,0,0.01
2645,500,256.4068373205673,18.752,19.926,587,61,0,0.01
2646,306,108.40779262000119,30.91830065359477,31.95751633986928,318,37,1,0.01
2647,500,272.37331614811467,24.906,26.116,605,66,0,0.01
2648,500,264.9235979067938,23.292,24.448,578,63,0,0.01
2649,500,278.4180110447184,21.632,22.794,581,67,0,0.01
2650,500,263.89380130905795,28.454,29.642,594,66,0,0.01
2651,500,267.4031127458506,24.008,25.186,589,64,0,0.01
2652,500,259.4142864700013,22.018,23.184,583,66,0,0.01
2653,500,246.94594535509555,26.176,27.308,566,67,0,0.01
2654,500,248.9273224815105,21.108,22.26,576,68,0,0.01
2655,500,270.36214242396346,22.852,24.074,611,66,0,0.01
2656,500,253.96456822868046,19.346,20.458,556,62,0,0.01
2657,500,265.462705941322,20.78,21.894,557,69,0,0.01
2658,500,257.4738796654728,20.326,21.428,551,69,0,0.01
2659,500,276.40311274585054,19.54,20.718,589,66,0,0.01
2660,500,274.8938013090581,22.694,23.882,594,66,0,0.01
2661,500,246.9720173781145,19.636,20.74,552,67,0,0.01
2662,500,269.90869960792605,19.272,20.444,586,64,0,0.01
2663,500,286.8602801366054,25.9,27.124,612,67,0,0.01
2664,500,254.47015509075595,19.434,20.54,553,68,0,0.01
2665,500,264.92359790679353,22.666,23.822,578,67,0,0.01
2666,500,268.9347716309449,20.802,21.946,572,66,0,0.01
2667,500,284.37331614811484,24.158,25.368,605,64,0,0.01
2668,500,270.42173561943537,22.558,23.716,579,67,0,0.01
2669,500,243.47015509075595,21.26,22.366,553,66,0,0.01
2670,500,278.4068373205675,26.608,27.782,587,67,0,0.01
2671,500,248.00181397585015,17.862,18.934,536,64,0,0.01
2672,500,281.35096869981294,30.726,31.96,617,65,0,0.01
2673,500,275.3509686998129,27.83,29.064,617,66,0,0.01
2674,500,253.92732248151054,23.086,24.238,576,68,0,0.01
2675,500,251.4366339183031,24.652,25.794,571,61,0,0.01
2676,500,272.39566359641674,22.076,23.262,593,64,0,0.01
2677,500,272.40311274585065,22.132,23.31,589,70,0,0.01
2678,500,262.4217356194353,28.42,29.578,579,67,0,0.01
2679,500,226.470155090756,23.74,24.846,553,68,0,0.01
2680,500,271.9198733320768,21.966,23.126,580,68,0,0.01
2681,500,251.97574195283138,20.044,21.144,550,63,0,0.01
2682,500,266.9273224815108,27.612,28.764,576,65,0,0.01
2683,500,237.9757419528315,25.07,26.17,550,61,0,0.01
2684,500,266.92732248151077,23.412,24.564,576,65,0,0.01
2685,500,260.9347716309446,22.562,23.706,572,68,0,0.01
2686,500,261.3733161481145,24.33,25.54,605,65,0,0.01
2687,500,274.4180110447183,21.994,23.156,581,64,0,0.01
2688,500,273.8789030101902,27.902,29.106,602,64,0,0.01
2689,500,280.3993881711336,21.318,22.5,591,64,0,0.01
2690,500,259.4515322171712,21.266,22.392,563,68,0,0.01
2691,500,256.94966992981244,22.052,23.18,564,69,0,0.01
2692,500,233.0241614241522,19.832,20.88,524,66,0,0.01
2693,500,237.458981366605,23.062,24.18,559,68,0,0.01
2694,500,249.4664305160389,22.776,23.886,555,69,0,0.01
2695,500,244.99436482641624,19.302,20.382,540,63,0,0.01
2696,500,259.92732248151066,25.19,26.342,576,64,0,0.01
2697,500,247.5074008379258,20.578,21.644,533,65,0,0.01
2698,500,285.34351955037914,27.372,28.614,621,63,0,0.01
2699,500,270.8938013090581,25.414,26.602,594,65,0,0.01
2700,500,229.9608436539633,24.22,25.336,558,64,0,0.01
2701,500,248.444083067737,23.172,24.306,567,63,0,0.01
2702,500,237.4999516884917,22.26,23.334,537,65,0,0.01
2703,500,254.4515322171709,22.292,23.418,563,66,0,0.01
2704,500,249.43290934358618,20.652,21.798,573,66,0,0.01
2705,500,244.9273224815105,23.3,24.452,576,63,0,0.01
2706,500,276.9049750332092,26.3,27.476,588,67,0,0.01
2707,500,264.94222078037853,24.538,25.674,568,65,0,0.01
2708,500,250.9496699298127,22.062,23.19,564,63,0,0.01
2709,500,256.45525679188796,21.74,22.862,561,63,0,0.01
2710,288,113.38916974641636,32.71527777777778,33.854166666666664,328,37,1,0.01
2711,500,256.42546019415215,25.234,26.388,577,62,0,0.01
2712,500,261.4254601941523,22.31,23.464,577,65,0,0.01
2713,500,255.45525679188822,20.6,21.722,561,68,0,0.01
2714,500,258.9347716309448,21.014,22.158,572,65,0,0.01
2715,500,239.9794665275484,20.014,21.11,548,61,0,0.01
2716,500,254.92359790679382,24.554,25.71,578,65,0,0.01
2717,500,259.3956635964163,27.13,28.316,593,62,0,0.01
2718,500,272.4031127458506,26.988,28.166,589,67,0,0.01
2719,500,259.4142864700011,22.314,23.48,583,63,0,0.01
2720,500,275.37704072283174,23.452,24.658,603,67,0,0.01
2721,500,255.94966992981247,22.962,24.09,564,67,0,0.01
2722,500,276.41801104471847,23.344,24.506,581,62,0,0.01
2723,500,254.9347716309445,25.532,26.676,572,65,0,0.01
2724,500,275.40311274585076,22.102,23.28,589,60,0,0.01
2725,500,260.88635215962387,26.224,27.42,598,65,0,0.01
2726,500,277.8863521596242,24.288,25.484,598,62,0,0.01
2727,500,228.98319110226532,24.806,25.898,546,67,0,0.01
2728,500,250.47387966547294,22.452,23.554,551,69,0,0.01
2729,500,264.4329093435861,20.91,22.056,573,64,0,0.01
2730,500,262.36959157339766,34.702,35.916,607,66,0,0.01
2731,500,255.9235979067938,20.574,21.73,578,66,0,0.01
2732,500,271.9012504584921,22.912,24.092,590,62,0,0.01
2733,500,263.91987333207663,23.872,25.032,580,65,0,0.01
2734,500,257.44408306773715,20.512,21.646,567,68,0,0.01
2735,500,242.97946652754842,19.04,20.136,548,64,0,0.01
2736,500,270.3993881711335,23.366,24.548,591,63,0,0.01
2737,500,242.4776042401898,26.46,27.558,549,68,0,0.01
2738,500,258.96456822868043,21.176,22.288,556,62,0,0.01
2739,500,266.91987333207675,21.636,22.796,580,65,0,0.01
2740,500,281.3844898722655,21.48,22.678,599,69,0,0.01
2741,500,268.4589813666051,20.424,21.542,559,65,0,0.01
2742,500,270.3882144469827,25.582,26.776,597,63,0,0.01
2743,500,277.8640047113224,22.358,23.578,610,67,0,0.01
2744,500,271.8863521596241,21.306,22.502,598,68,0,0.01
2745,500,279.4142864700014,21.63,22.796,583,66,0,0.01
2746,500,255.4701550907558,18.708,19.814,553,67,0,0.01
2747,500,265.4403584930201,20.742,21.88,569,67,0,0.01
2748,500,286.8751784354733,21.938,23.146,604,64,0,0.01
2749,500,256.9496699298127,22.22,23.348,564,59,0,0.01
2750,373,152.24391133245402,25.289544235924932,26.378016085790886,406,50,1,0.01
2751,500,259.91614875735985,20.812,21.976,582,64,0,0.01
2752,500,240.51484998735964,18.634,19.692,529,67,0,0.01
2753,500,273.3956635964165,22.042,23.228,593,65,0,0.01
2754,500,265.93477163094474,22.45,23.594,572,66,0,0.01
2755,500,278.8751784354734,24.61,25.818,604,67,0,0.01
2756,500,254.48505338962394,21.348,22.438,545,65,0,0.01
2757,500,269.4180110447186,26.312,27.474,581,63,0,0.01
2758,500,270.4180110447183,20.732,21.894,581,64,0,0.01
2759,500,287.8342081135868,26.718,27.97,626,66,0,0.01
2760,500,223.01671227471815,24.056,25.112,528,65,0,0.01
2761,500,289.3435195503792,25.86,27.102,621,67,0,0.01
2762,500,264.9496699298127,19.936,21.064,564,68,0,0.01
2763,500,255.89752588377462,27.176,28.36,592,66,0,0.01
2764,500,285.37704072283174,21.284,22.49,603,68,0,0.01
2765,500,250.43663391830304,23.256,24.398,571,63,0,0.01
2766,500,252.96456822868043,24.088,25.2,556,66,0,0.01
2767,500,267.93477163094474,19.978,21.122,572,64,0,0.01
2768,500,256.44035849302026,23.094,24.232,569,69,0,0.01
2769,500,287.33607040094546,23.956,25.206,625,62,0,0.01
2770,500,258.9459453550955,23.008,24.14,566,63,0,0.01
2771,500,220.02416142415217,25.296,26.344,524,66,0,0.01
2772,500,260.4254601941523,22.026,23.18,577,67,0,0.01
2773,500,284.3546932745303,27.156,28.386,615,66,0,0.01
2774,500,247.9496699298124,19.458,20.586,564,68,0,0.01
2775,500,264.4105618952844,20.968,22.138,585,65,0,0.01
2776,500,246.98691567698216,19.156,20.244,544,65,0,0.01
2777,500,259.44780764245405,20.078,21.208,565,66,0,0.01
2778,500,280.3919390216997,21.834,23.024,595,70,0,0.01
2779,500,268.4105618952845,22.13,23.3,585,67,0,0.01
2780,500,260.9384962056617,19.868,21.008,570,67,0,0.01
2781,357,150.258809631322,23.62464985994398,24.73949579831933,398,45,1,0.01
2782,500,263.42918476886945,20.0,21.15,575,64,0,0.01
2783,500,219.52974828622766,22.864,23.906,521,65,0,0.01
2784,500,239.52974828622754,17.77,18.812,521,67,0,0.01
2785,500,265.93104705622756,22.198,23.346,574,67,0,0.01
2786,500,273.3993881711336,24.678,25.86,591,63,0,0.01
2787,500,250.4738796654729,19.048,20.15,551,61,0,0.01
2788,500,258.9422207803784,20.512,21.648,568,71,0,0.01
2789,500,265.4291847688692,23.872,25.022,575,64,0,0.01
2790,500,284.8453818377377,24.782,26.022,620,67,0,0.01
2791,500,265.94222078037853,22.658,23.794,568,65,0,0.01
2792,500,251.45898136660495,20.724,21.842,559,61,0,0.01
2793,500,272.4217356194354,26.198,27.356,579,63,0,0.01
2794,500,252.98691567698222,19.286,20.374,544,64,0,0.01
2795,500,262.4254601941522,23.148,24.302,577,64,0,0.01
2796,500,270.92359790679393,24.23,25.386,578,64,0,0.01
2797,500,268.9459453550957,21.936,23.068,566,64,0,0.01
2798,500,272.3844898722657,22.268,23.466,599,65,0,0.01
2799,388,179.6377609530201,25.484536082474225,26.677835051546392,463,54,1,0.01
2800,500,268.444083067737,22.616,23.75,567,63,0,0.01
2801,500,281.3770407228317,23.62,24.826,603,65,0,0.01
2802,500,270.8565555618883,28.848,30.076,614,67,0,0.01
2803,500,263.41801104471824,24.382,25.544,581,59,0,0.01
2804,500,275.4180110447184,24.326,25.488,581,64,0,0.01
2805,500,258.447807642454,20.096,21.226,565,68,0,0.01
2806,500,270.8789030101901,24.318,25.522,602,64,0,0.01
2807,500,259.4589813666049,24.492,25.61,559,65,0,0.01
2808,500,233.00926312528424,21.528,22.592,532,63,0,0.01
2809,500,256.43663391830285,22.844,23.986,571,60,0,0.01
2810,500,245.96829280339742,23.38,24.488,554,67,0,0.01
2811,500,254.47015509075578,22.22,23.326,553,64,0,0.01
2812,500,274.36959157339794,23.718,24.932,607,65,0,0.01
2813,500,260.91242418264255,24.74,25.908,584,65,0,0.01
2814,500,277.365866998681,24.046,25.264,609,62,0,0.01
2815,500,225.08375461962393,18.112,19.096,492,64,0,0.01
2816,500,256.9310470562276,21.88,23.028,574,64,0,0.01
2817,500,268.4068373205675,23.408,24.582,587,62,0,0.01
2818,500,251.97201737811446,25.952,27.056,552,66,0,0.01
2819,500,273.38448987226553,25.528,26.726,599,59,0,0.01
2820,500,244.5185745620767,18.38,19.434,527,66,0,0.01
2821,500,280.87517843547323,26.382,27.59,604,63,0,0.01
2822,500,263.9347716309448,22.22,23.364,572,68,0,0.01
2823,500,222.9943648264164,22.64,23.72,540,68,0,0.01
2824,500,262.91614875735974,23.016,24.18,582,64,0,0.01
2825,500,281.9012504584921,21.498,22.678,590,68,0,0.01
2826,500,257.9459453550955,22.326,23.458,566,64,0,0.01
2827,500,247.4999516884917,19.788,20.862,537,68,0,0.01
2828,500,267.4217356194352,23.652,24.81,579,66,0,0.01
2829,500,240.48877796434073,22.106,23.192,543,66,0,0.01
2830,500,244.9943648264164,21.592,22.672,540,67,0,0.01
2831,500,254.9757419528313,22.526,23.626,550,68,0,0.01
2832,500,284.39193902169995,28.062,29.252,595,65,0,0.01
2833,500,287.3174475273604,26.822,28.092,635,67,0,0.01
2834,500,252.45525679188782,20.352,21.474,561,68,0,0.01
2835,500,287.36214242396386,24.668,25.89,611,65,0,0.01
2836,500,245.96829280339736,21.642,22.75,554,67,0,0.01
2837,500,277.88635215962415,25.53,26.726,598,64,0,0.01
2838,500,279.8640047113224,23.158,24.378,610,64,0,0.01
2839,500,284.362142423964,23.278,24.5,611,65,0,0.01
2840,500,254.44780764245408,22.512,23.642,565,64,0,0.01
2841,500,244.466430516039,19.884,20.994,555,67,0,0.01
2842,500,237.4738796654728,21.588,22.69,551,66,0,0.01
2843,500,252.94222078037865,24.618,25.754,568,66,0,0.01
2844,500,263.4254601941523,22.964,24.118,577,71,0,0.01
2845,500,266.43290934358606,21.166,22.312,573,66,0,0.01
2846,500,267.38448987226576,26.932,28.13,599,67,0,0.01
2847,500,243.00553855056737,21.06,22.128,534,66,0,0.01
2848,500,267.9198733320768,21.474,22.634,580,63,0,0.01
2849,500,273.9161487573599,26.216,27.38,582,65,0,0.01
2850,500,279.8528309871715,26.306,27.538,616,67,0,0.01
2851,500,258.43290934358606,23.802,24.948,573,66,0,0.01
2852,500,276.4031127458506,22.402,23.58,589,66,0,0.01
2853,500,281.83793268830357,25.306,26.554,624,70,0,0.01
2854,500,283.38821444698266,21.166,22.36,597,63,0,0.01
2855,500,267.4031127458505,26.016,27.194,589,65,0,0.01
2856,500,261.94222078037853,18.59,19.726,568,68,0,0.01
2857,500,250.47760424018963,18.63,19.728,549,70,0,0.01
2858,500,275.4142864700015,20.178,21.344,583,64,0,0.01
2859,500,265.9235979067938,19.708,20.864,578,68,0,0.01
2860,500,260.4664305160388,19.362,20.472,555,65,0,0.01
2861,500,265.92732248151077,21.308,22.46,576,64,0,0.01
2862,500,243.99436482641624,18.934,20.014,540,67,0,0.01
2863,500,235.46270594132193,21.33,22.444,557,68,0,0.01
2864,500,268.90497503320887,25.096,26.272,588,63,0,0.01
2865,500,288.8602801366053,23.874,25.098,612,68,0,0.01
2866,500,266.4291847688693,22.64,23.79,575,69,0,0.01
2867,500,252.48132881490682,22.206,23.3,547,67,0,0.01
2868,500,261.9235979067939,18.098,19.254,578,66,0,0.01
2869,500,245.98691567698236,21.194,22.282,544,64,0,0.01
2870,500,251.9682928033973,19.332,20.44,554,67,0,0.01
2871,500,290.84538183773753,24.614,25.854,620,65,0,0.01
2872,297,109.91337948207679,29.65993265993266,30.72053872053872,315,47,1,0.01
2873,500,271.90497503320927,21.172,22.348,588,66,0,0.01
2874,500,278.3956635964165,22.082,23.268,593,73,0,0.01
2875,500,260.9347716309446,19.576,20.72,572,68,0,0.01
2876,500,277.3956635964167,27.212,28.398,593,72,0,0.01
2877,500,252.93104705622753,22.302,23.45,574,71,0,0.01
2878,500,207.58561690698244,19.788,20.77,491,66,0,0.01
2879,500,244.99436482641627,24.996,26.076,540,69,0,0.01
2880,500,251.95711907924638,20.454,21.574,560,69,0,0.01
2881,500,255.41056189528425,25.576,26.746,585,68,0,0.01
2882,500,245.46270594132196,20.528,21.642,557,69,0,0.01
2883,500,262.90869960792577,24.072,25.244,586,64,0,0.01
2884,500,291.358417849247,23.456,24.682,613,69,0,0.01
2885,500,250.9273224815107,23.64,24.792,576,66,0,0.01
2886,500,248.9310470562275,23.14,24.288,574,65,0,0.01
2887,500,276.40683732056766,20.472,21.646,587,69,0,0.01
2888,500,255.95339450452946,19.098,20.222,562,70,0,0.01
2889,500,261.4738796654728,22.128,23.23,551,64,0,0.01
2890,500,274.87145386075633,24.006,25.218,606,70,0,0.01
2891,500,265.4254601941521,22.06,23.214,577,70,0,0.01
2892,500,275.9086996079259,24.622,25.794,586,67,0,0.01
2893,500,260.9608436539634,26.056,27.172,558,73,0,0.01
2894,500,261.96456822868055,22.764,23.876,556,66,0,0.01
2895,500,269.39193902169956,24.986,26.176,595,66,0,0.01
2896,500,270.36586699868104,24.244,25.462,609,65,0,0.01
2897,500,243.99064025169946,18.076,19.16,542,70,0,0.01
2898,317,119.86496001075614,23.7192429022082,24.79495268138801,341,44,1,0.01
2899,500,248.9235979067936,26.858,28.014,578,64,0,0.01
2900,382,154.7383244703785,24.413612565445025,25.484293193717278,409,53,1,0.01
2901,500,262.46270594132204,20.3,21.414,557,62,0,0.01
2902,500,252.432909343586,23.004,24.15,573,67,0,0.01
2903,500,287.35096869981317,26.364,27.598,617,73,0,0.01
2904,500,257.95339450452946,19.68,20.804,562,68,0,0.01
2905,500,272.41428647000134,18.47,19.636,583,68,0,0.01
2906,500,269.41056189528445,22.4,23.57,585,69,0,0.01
2907,500,231.49995168849162,21.094,22.168,537,72,0,0.01
2908,500,278.3509686998132,27.01,28.244,617,66,0,0.01
2909,500,256.4478076424541,24.158,25.288,565,66,0,0.01
2910,500,282.87145386075633,23.89,25.102,606,70,0,0.01
2911,500,262.4440830677371,21.454,22.588,567,70,0,0.01
2912,500,249.45525679188805,19.774,20.896,561,69,0,0.01
2913,500,283.9012504584919,19.064,20.244,590,68,0,0.01
2914,500,289.3472441250962,27.138,28.376,619,67,0,0.01
2915,500,269.9049750332089,22.516,23.692,588,66,0,0.01
2916,500,250.47760424018992,20.508,21.606,549,68,0,0.01
2917,500,250.40311274585028,26.836,28.014,589,64,0,0.01
2918,500,270.3919390216999,22.76,23.95,595,68,0,0.01
2919,500,246.48132881490668,20.454,21.548,547,71,0,0.01
2920,500,272.856555561888,24.44,25.668,614,65,0,0.01
2921,500,273.38821444698294,19.65,20.844,597,67,0,0.01
2922,500,271.9161487573601,21.086,22.25,582,69,0,0.01
2923,500,238.0465088724541,16.732,17.756,512,64,0,0.01
2924,500,259.458981366605,19.126,20.244,559,68,0,0.01
2925,500,274.87145386075605,22.806,24.018,606,66,0,0.01
2926,500,252.95711907924658,21.542,22.662,560,71,0,0.01
2927,500,245.97201737811434,21.332,22.436,552,66,0,0.01
2928,500,261.4366339183032,20.638,21.78,571,64,0,0.01
2929,500,245.48505338962383,20.51,21.6,545,70,0,0.01
2930,500,252.92359790679356,23.932,25.088,578,66,0,0.01
2931,500,262.96456822868043,20.752,21.864,556,68,0,0.01
2932,500,248.447807642454,21.368,22.498,565,68,0,0.01
2933,500,236.4813288149067,21.544,22.638,547,65,0,0.01
2934,500,269.86772928603926,22.752,23.968,608,62,0,0.01
2935,500,278.39193902169944,22.278,23.468,595,65,0,0.01
2936,500,267.40683732056715,21.52,22.694,587,63,0,0.01
2937,500,264.4291847688692,21.442,22.592,575,66,0,0.01
2938,500,279.8938013090582,20.542,21.73,594,65,0,0.01
2939,500,237.45153221717098,22.298,23.424,563,65,0,0.01
2940,500,263.44780764245394,20.446,21.576,565,64,0,0.01
2941,500,263.4031127458504,22.12,23.298,589,68,0,0.01
2942,500,246.48505338962383,19.732,20.822,545,65,0,0.01
2943,500,272.3844898722658,21.896,23.094,599,67,0,0.01
2944,500,257.4217356194352,21.552,22.71,579,63,0,0.01
2945,500,265.9198733320769,25.012,26.172,580,65,0,0.01
2946,500,274.4180110447184,23.35,24.512,581,62,0,0.01
2947,500,259.3584178492464,25.12,26.346,613,68,0,0.01
2948,500,268.9198733320768,23.408,24.568,580,62,0,0.01
2949,500,279.85655556188834,29.546,30.774,614,68,0,0.01
2950,500,271.3770407228319,27.414,28.62,603,67,0,0.01
2951,500,268.9384962056617,21.36,22.5,570,65,0,0.01
2952,500,252.46643051603874,21.196,22.306,555,61,0,0.01
2953,500,271.931047056228,22.262,23.41,574,61,0,0.01
2954,500,243.447807642454,23.31,24.44,565,65,0,0.01
2955,500,259.4180110447183,21.518,22.68,581,62,0,0.01
2956,500,265.42918476886916,20.14,21.29,575,68,0,0.01
2957,500,250.48132881490687,19.792,20.886,547,67,0,0.01
2958,500,268.91987333207686,20.878,22.038,580,64,0,0.01
2959,500,257.9161487573596,22.732,23.896,582,67,0,0.01
2960,500,266.4142864700017,26.348,27.514,583,65,0,0.01
2961,500,255.95711907924644,19.602,20.722,560,62,0,0.01
2962,500,259.4738796654731,20.516,21.618,551,65,0,0.01
2963,500,275.904975033209,27.736,28.912,588,62,0,0.01
2964,500,252.44408306773687,22.906,24.04,567,64,0,0.01
2965,500,260.4440830677372,20.77,21.904,567,63,0,0.01
2966,500,238.4887779643407,20.302,21.388,543,66,0,0.01
2967,500,269.8714538607564,23.8,25.012,606,60,0,0.01
2968,500,267.934771630945,23.54,24.684,572,63,0,0.01
2969,500,268.4254601941524,24.916,26.07,577,66,0,0.01
2970,500,251.49250253905785,20.998,22.08,541,67,0,0.01
2971,500,252.94594535509557,24.614,25.746,566,62,0,0.01
2972,500,248.95339450452957,25.368,26.492,562,65,0,0.01
2973,500,269.4068373205673,20.136,21.31,587,65,0,0.01
2974,500,237.45898136660492,23.346,24.464,559,66,0,0.01
2975,500,261.871453860756,25.732,26.944,606,66,0,0.01
2976,500,244.48877796434084,18.902,19.988,543,67,0,0.01
2977,500,259.9347716309445,21.738,22.882,572,66,0,0.01
2978,500,263.94594535509555,22.468,23.6,566,65,0,0.01
2979,500,270.88635215962415,30.19,31.386,598,63,0,0.01
2980,500,281.8826275849072,21.248,22.448,600,64,0,0.01
2981,500,257.9422207803785,19.676,20.812,568,66,0,0.01
2982,500,250.46643051603877,19.712,20.822,555,67,0,0.01
2983,500,278.4180110447186,21.026,22.188,581,63,0,0.01
2984,500,268.40683732056743,23.332,24.506,587,66,0,0.01
2985,500,229.02043684943516,22.332,23.384,526,59,0,0.01
2986,408,198.08375461962382,25.90686274509804,27.112745098039216,492,55,1,0.01
2987,500,254.96829280339747,20.624,21.732,554,67,0,0.01
2988,500,265.4329093435863,22.002,23.148,573,66,0,0.01
2989,500,270.4180110447184,24.158,25.32,581,69,0,0.01
2990,500,257.4180110447184,21.772,22.934,581,68,0,0.01
2991,500,251.458981366605,21.96,23.078,559,67,0,0.01
2992,500,267.4142864700016,21.54,22.706,583,68,0,0.01
2993,500,293.8118606652849,29.806,31.082,638,66,0,0.01
2994,500,237.49995168849156,18.636,19.71,537,66,0,0.01
2995,500,297.8565555618884,23.906,25.134,614,65,0,0.01
2996,500,292.362142423964,25.398,26.62,611,68,0,0.01
2997,500,275.4105618952844,22.712,23.882,585,66,0,0.01
2998,500,262.94966992981256,19.714,20.842,564,70,0,0.01
2999,500,258.9496699298126,19.044,20.172,564,64,0,0.01
3000,500,267.9161487573598,19.854,21.018,582,70,0,0.01
