episode,steps,cumulative_reward,average_queue_length,average_waiting_time,total_throughput,phase_switches,overflow_count,epsilon
1,120,-182.51042080714652,60.025,60.21666666666667,23,54,1,1.0
2,160,-242.01760650493418,68.3625,68.7,54,65,1,0.995
3,129,-198.50305226045415,63.72868217054263,63.96124031007752,30,57,1,0.990025
4,128,-214.46488929105632,70.7265625,70.9921875,34,55,1,0.985074875
5,139,-181.49237386070504,52.07194244604317,52.33812949640288,37,59,1,0.9801495006250001
6,144,-245.94872303637246,72.8125,73.07638888888889,38,63,1,0.9752487531218751
7,165,-279.4059897574591,76.41818181818182,76.69090909090909,45,71,1,0.9703725093562657
8,166,-269.0447771497932,75.1987951807229,75.48192771084338,47,71,1,0.9655206468094844
9,186,-308.41384728979045,78.24731182795699,78.55913978494624,58,79,1,0.960693043575437
10,132,-185.30084451133118,60.68939393939394,61.02272727272727,44,55,1,0.9558895783575597
11,153,-200.57334437299485,60.31372549019608,60.666666666666664,54,63,1,0.9511101304657719
12,134,-179.82547679119972,56.93283582089552,57.24626865671642,42,55,1,0.946354579813443
13,110,-120.26920011073884,48.77272727272727,49.22727272727273,50,43,1,0.9416228069143757
14,138,-188.702554746723,56.89855072463768,57.210144927536234,43,58,1,0.9369146928798039
15,162,-205.0169400395805,58.9320987654321,59.27777777777778,56,67,1,0.9322301194154049
16,156,-236.7407222823999,67.18589743589743,67.53205128205128,54,65,1,0.9275689688183278
17,139,-204.4351856676433,63.10791366906475,63.37410071942446,37,59,1,0.9229311239742362
18,141,-190.52546158390732,57.57446808510638,57.87943262411348,43,59,1,0.918316468354365
19,126,-186.8811697219693,65.01587301587301,65.39682539682539,48,51,1,0.9137248860125932
20,85,-106.28640554822353,47.2,47.470588235294116,23,36,1,0.9091562615825302
21,138,-194.37327718781583,63.608695652173914,63.97826086956522,51,55,1,0.9046104802746175
22,151,-253.06414252519414,75.64900662251655,75.96688741721854,48,63,1,0.9000874278732445
23,152,-241.2921458104803,71.21710526315789,71.52631578947368,47,64,1,0.8955869907338783
24,132,-184.38811540126235,59.303030303030305,59.59848484848485,39,56,1,0.8911090557802088
25,129,-157.1839339860592,50.51162790697674,50.86046511627907,45,53,1,0.8866535105013078
26,162,-232.11427122412923,66.10493827160494,66.45679012345678,57,66,1,0.8822202429488013
27,132,-179.37503835511268,58.35606060606061,58.68939393939394,44,54,1,0.8778091417340573
28,114,-179.53110185220402,61.14035087719298,61.35964912280702,25,50,1,0.8734200960253871
29,115,-166.0256695164113,59.63478260869565,59.904347826086955,31,50,1,0.8690529955452602
30,153,-193.8431407615343,57.888888888888886,58.28104575163399,60,61,1,0.8647077305675338
31,147,-195.98145399316877,62.8843537414966,63.31292517006803,63,57,1,0.8603841919146962
32,122,-162.81954130845722,56.52459016393443,56.85245901639344,40,50,1,0.8560822709551227
33,140,-187.74232013129267,61.72857142857143,62.114285714285714,54,57,1,0.851801859600347
34,122,-177.86753758918738,64.07377049180327,64.42622950819673,43,50,1,0.8475428503023453
35,108,-122.95106728973235,47.97222222222222,48.342592592592595,40,43,1,0.8433051360508336
36,145,-232.05151912242417,73.95172413793104,74.33793103448276,56,59,1,0.8390886103705794
37,144,-152.74794020546042,49.479166666666664,49.951388888888886,68,54,1,0.8348931673187264
38,115,-97.42804165087786,39.48695652173913,39.982608695652175,57,42,1,0.8307187014821328
39,145,-199.51902931022423,63.02068965517241,63.40689655172414,56,59,1,0.8265651079747222
40,192,-256.127148806705,68.38541666666667,68.88020833333333,95,72,1,0.8224322824348486
41,136,-210.72240031564175,65.86764705882354,66.15441176470588,39,58,1,0.8183201210226743
42,185,-197.510456472597,56.15135135135135,56.64324324324324,91,69,1,0.8142285204175609
43,151,-185.1235437392026,61.12582781456954,61.682119205298015,84,53,1,0.810157377815473
44,129,-163.3459619521431,58.91472868217054,59.395348837209305,62,47,1,0.8061065909263957
45,119,-144.30124865114038,52.33613445378151,52.739495798319325,48,48,1,0.8020760579717637
46,167,-187.10094032136524,51.053892215568865,51.40718562874252,59,68,1,0.798065677681905
47,166,-228.4183391094856,65.51807228915662,65.93373493975903,69,65,1,0.7940753492934954
48,117,-125.94747525743935,49.572649572649574,50.11965811965812,64,42,1,0.7901049725470279
49,136,-180.26798165849314,58.919117647058826,59.30882352941177,53,54,1,0.7861544476842928
50,196,-227.7823173886183,62.142857142857146,62.683673469387756,106,71,1,0.7822236754458713
51,174,-252.1589123913206,69.76436781609195,70.183908045977,73,67,1,0.778312557068642
52,156,-177.98067256963336,56.717948717948715,57.23076923076923,80,58,1,0.7744209942832988
53,153,-242.79163061514055,73.20261437908496,73.61437908496733,63,60,1,0.7705488893118823
54,223,-295.1850816317504,69.74887892376681,70.26008968609865,114,82,1,0.7666961448653229
55,140,-210.10860408250346,67.30714285714286,67.7,55,55,1,0.7628626641409962
56,150,-196.06460886334585,61.74666666666667,62.22,71,56,1,0.7590483508202912
57,131,-195.24255737323813,63.2442748091603,63.55725190839695,41,55,1,0.7552531090661897
58,115,-138.99345651425807,50.31304347826087,50.721739130434784,47,43,1,0.7514768435208588
59,165,-207.67414269618646,63.06666666666667,63.593939393939394,87,60,1,0.7477194593032545
60,148,-139.22903905529,49.7027027027027,50.277027027027025,85,52,1,0.7439808620067382
61,112,-118.74387905846632,47.99107142857143,48.464285714285715,53,42,1,0.7402609576967045
62,143,-124.65106087456125,45.0,45.57342657342657,82,50,1,0.736559652908221
63,150,-122.25473135847062,45.29333333333334,45.9,91,51,1,0.7328768546436799
64,147,-147.37821842504857,48.755102040816325,49.204081632653065,66,53,1,0.7292124703704616
65,122,-154.46545853899957,56.69672131147541,57.13934426229508,54,46,1,0.7255664080186093
66,155,-202.47917942026186,62.303225806451614,62.748387096774195,69,57,1,0.7219385759785162
67,114,-93.3083612282972,38.96491228070175,39.43859649122807,54,40,1,0.7183288830986236
68,174,-203.786394486653,60.61494252873563,61.1551724137931,94,62,1,0.7147372386831305
69,155,-167.12703286170395,55.174193548387095,55.69032258064516,80,52,1,0.7111635524897149
70,164,-160.14083189234972,46.09146341463415,46.53658536585366,73,62,1,0.7076077347272662
71,118,-97.07004868124909,40.97457627118644,41.54237288135593,67,40,1,0.7040696960536299
72,98,-93.53816492579044,40.38775510204081,40.80612244897959,41,33,1,0.7005493475733617
73,196,-256.3713971596866,67.28061224489795,67.79081632653062,100,71,1,0.697046600835495
74,115,-94.7333446031491,39.34782608695652,39.84347826086957,57,42,1,0.6935613678313175
75,165,-183.84283138577757,56.157575757575756,56.63030303030303,78,63,1,0.6900935609921609
76,163,-182.19834396291657,57.122699386503065,57.68711656441718,92,59,1,0.6866430931872001
77,159,-199.65719680769706,65.35220125786164,65.96855345911949,98,54,1,0.6832098777212641
78,204,-199.09460770120478,55.64705882352941,56.254901960784316,124,70,1,0.6797938283326578
79,192,-165.6794325540862,49.505208333333336,50.098958333333336,114,61,1,0.6763948591909945
80,191,-233.22667428461023,65.69633507853403,66.282722513089,112,64,1,0.6730128848950395
81,165,-140.21294672414766,46.39393939393939,46.93333333333333,89,59,1,0.6696478204705644
82,206,-249.84726834995894,67.49029126213593,68.1116504854369,128,68,1,0.6662995813682115
83,195,-240.70279265229686,67.71794871794872,68.31794871794872,117,67,1,0.6629680834613705
84,152,-183.65257910753184,60.42763157894737,60.99342105263158,86,54,1,0.6596532430440636
85,153,-208.25944838896754,66.66013071895425,67.20915032679738,84,55,1,0.6563549768288433
86,187,-233.8897329645647,67.47058823529412,68.02673796791444,104,66,1,0.653073201944699
87,187,-221.05673326705272,64.01069518716578,64.60427807486631,111,64,1,0.6498078359349755
88,110,-107.33179768616118,49.25454545454546,49.85454545454545,66,34,1,0.6465587967553006
89,134,-121.50277820971058,43.11940298507463,43.61940298507463,67,47,1,0.6433260027715241
90,166,-153.0783665361602,50.27710843373494,50.86144578313253,97,56,1,0.6401093727576664
91,142,-196.48389188447962,67.23239436619718,67.75352112676056,74,52,1,0.6369088258938781
92,137,-148.99751766125212,54.68613138686131,55.2992700729927,84,47,1,0.6337242817644086
93,109,-109.33392799144517,47.091743119266056,47.62385321100918,58,40,1,0.6305556603555866
94,251,-296.5681756727576,69.52988047808765,70.18326693227091,164,83,1,0.6274028820538087
95,227,-248.58945853146793,62.480176211453745,63.10132158590309,141,73,1,0.6242658676435396
96,224,-199.30878997198633,55.58482142857143,56.30357142857143,161,68,1,0.6211445383053219
97,169,-180.54757032372504,54.59763313609467,55.16568047337278,96,58,1,0.6180388156137953
98,171,-164.52590138916705,55.707602339181285,56.36257309941521,112,55,1,0.6149486215357263
99,223,-272.7831963527557,70.42152466367713,71.05381165919283,141,75,1,0.6118738784280476
100,149,-133.13275584566313,47.422818791946305,48.013422818791945,88,51,1,0.6088145090359074
101,151,-145.37819644118971,52.0728476821192,52.741721854304636,101,48,1,0.6057704364907278
102,136,-126.35449375513008,45.220588235294116,45.75735294117647,73,49,1,0.6027415843082742
103,150,-182.194866888805,59.82,60.36666666666667,82,47,1,0.5997278763867329
104,173,-195.48586587375084,59.861271676300575,60.456647398843934,103,59,1,0.5967292370047992
105,179,-171.31401095234347,55.134078212290504,55.770949720670394,114,59,1,0.5937455908197752
106,113,-119.48180016047745,45.93805309734513,46.38053097345133,50,38,1,0.5907768628656763
107,239,-263.31357881310356,67.0,67.7112970711297,170,76,1,0.5878229785513479
108,188,-149.1649984804488,46.265957446808514,46.888297872340424,117,59,1,0.5848838636585911
109,169,-165.24173280214168,53.3905325443787,53.97041420118343,98,59,1,0.5819594443402982
110,179,-179.10873662492725,55.70949720670391,56.35195530726257,115,58,1,0.5790496471185967
111,168,-167.0107060861234,51.86904761904762,52.398809523809526,89,56,1,0.5761543988830038
112,190,-204.02700944951056,59.78947368421053,60.45263157894737,126,62,1,0.5732736268885887
113,225,-263.2001552974122,67.58222222222223,68.22666666666667,145,76,1,0.5704072587541458
114,187,-204.02914969026347,60.76470588235294,61.36898395721925,113,62,1,0.567555222460375
115,183,-168.78979128121426,52.31693989071038,52.950819672131146,116,61,1,0.5647174463480732
116,143,-155.222772212932,54.65734265734266,55.3006993006993,92,48,1,0.5618938591163328
117,141,-131.52846839997008,46.4113475177305,46.90780141843972,70,49,1,0.5590843898207511
118,180,-219.6261032678951,59.416666666666664,59.894444444444446,86,67,1,0.5562889678716474
119,287,-313.5784795653297,72.1951219512195,72.98606271777004,227,85,1,0.5535075230322891
120,150,-130.17261452774662,48.89333333333333,49.593333333333334,105,48,1,0.5507399854171277
121,228,-195.98252769807218,56.76754385964912,57.53508771929825,175,64,1,0.547986285490042
122,172,-177.84719343959816,55.05232558139535,55.604651162790695,95,60,1,0.5452463540625918
123,180,-142.68877720297078,44.51111111111111,45.16111111111111,117,58,1,0.5425201222922789
124,202,-168.4235037505438,53.81683168316832,54.54455445544554,147,57,1,0.5398075216808175
125,341,-307.5209313495935,64.38709677419355,65.20821114369501,280,95,1,0.5371084840724134
126,213,-207.03443629189448,57.84507042253521,58.57746478873239,156,67,1,0.5344229416520513
127,134,-105.0964177084436,42.291044776119406,42.91044776119403,83,41,1,0.531750826943791
128,212,-230.49316506318118,65.30188679245283,66.03301886792453,155,64,1,0.5290920728090721
129,174,-115.13452548189024,40.38505747126437,41.02873563218391,112,55,1,0.5264466124450268
130,286,-228.6791226986101,56.54895104895105,57.34965034965035,229,81,1,0.5238143793828016
131,127,-133.25769502697233,51.32283464566929,51.92125984251968,76,44,1,0.5211953074858876
132,223,-188.24496791150028,55.20627802690583,56.01345291479821,180,62,1,0.5185893309484582
133,249,-228.54194309063777,59.53413654618474,60.273092369477915,184,77,1,0.5159963842937159
134,296,-324.85276990373205,73.42229729729729,74.25,245,79,1,0.5134164023722473
135,204,-111.72717562458394,38.19607843137255,38.93627450980392,151,61,1,0.510849320360386
136,200,-179.76466432332595,51.965,52.615,130,65,1,0.5082950737585841
137,260,-208.100426759227,53.00769230769231,53.776923076923076,200,73,1,0.5057535983897912
138,366,-347.9626406320407,66.44262295081967,67.27322404371584,304,103,1,0.5032248303978422
139,306,-245.80432843130615,52.68300653594771,53.428104575163395,228,89,1,0.500708706245853
140,240,-242.35620674611346,64.2375,64.97083333333333,176,73,1,0.4982051627146237
141,141,-138.89690317378466,50.12765957446808,50.666666666666664,76,45,1,0.49571413690105054
142,168,-173.7344880057519,58.67261904761905,59.31547619047619,108,56,1,0.4932355662165453
143,265,-168.24753981177392,46.87924528301887,47.675471698113206,211,71,1,0.4907693883854626
144,157,-148.20748182264475,54.261146496815286,54.910828025477706,102,50,1,0.4883155414435353
145,308,-202.4592993393752,53.214285714285715,54.13961038961039,285,79,1,0.4858739637363176
146,219,-153.24127801541437,45.8310502283105,46.56164383561644,160,62,1,0.483444593917636
147,186,-141.03088219450103,47.48924731182796,48.19892473118279,132,54,1,0.4810273709480478
148,238,-190.36227199473058,51.58403361344538,52.28991596638655,168,71,1,0.47862223409330756
149,188,-111.78416549741961,42.941489361702125,43.73936170212766,150,52,1,0.47622912292284103
150,250,-157.54539393780252,48.536,49.416,220,65,1,0.4738479773082268
151,162,-82.85478114702794,39.092592592592595,39.96913580246913,142,44,1,0.47147873742168567
152,267,-258.8573564874793,62.940074906367045,63.749063670411985,216,72,1,0.46912134373457726
153,243,-203.67846860483712,55.82304526748971,56.61316872427984,192,72,1,0.46677573701590436
154,244,-142.1014924749199,41.75409836065574,42.50409836065574,183,69,1,0.46444185833082485
155,232,-182.8125248053636,53.6551724137931,54.418103448275865,177,66,1,0.46211964903917074
156,215,-131.28902890846024,46.306976744186045,47.14883720930233,181,55,1,0.4598090507939749
157,202,-161.69912424310428,50.12871287128713,50.87128712871287,150,57,1,0.457510005540005
158,254,-217.79036819517708,59.346456692913385,60.20866141732284,219,69,1,0.45522245551230495
159,345,-266.5818320689821,61.96521739130435,62.90724637681159,325,84,1,0.4529463432347434
160,204,-127.6404283989228,42.55882352941177,43.28431372549019,148,55,1,0.4506816115185697
161,255,-149.5120272916324,47.188235294117646,48.023529411764706,213,65,1,0.4484282034609769
162,352,-300.3109116690585,66.25,67.16193181818181,321,90,1,0.446186062443672
163,259,-182.1732101692998,53.7027027027027,54.602316602316606,233,65,1,0.4439551321314536
164,251,-160.50135736081353,48.40637450199203,49.278884462151396,219,68,1,0.4417353564707963
165,187,-171.4117855216119,55.6524064171123,56.342245989304814,129,52,1,0.43952667968844233
166,134,-104.16514665072245,46.365671641791046,47.11940298507463,101,39,1,0.43732904629000013
167,281,-159.30703824319312,48.686832740213525,49.62277580071174,263,68,1,0.4351424010585501
168,294,-179.58293278649685,51.98299319727891,52.925170068027214,277,70,1,0.43296668905325736
169,133,-136.30023877778078,52.73684210526316,53.40601503759399,89,40,1,0.43080185560799106
170,275,-209.0956711474483,54.698181818181816,55.52363636363636,227,77,1,0.4286478463299511
171,168,-99.6369325972209,42.94642857142857,43.779761904761905,140,42,1,0.42650460709830135
172,235,-196.93069009471373,59.693617021276594,60.61276595744681,216,60,1,0.42437208406280985
173,363,-173.1876087441497,47.09641873278237,48.074380165289256,355,84,1,0.4222502236424958
174,362,-307.9666972127553,62.41160220994475,63.270718232044196,311,98,1,0.42013897252428334
175,169,-77.16268856528275,32.77514792899408,33.50295857988166,123,44,1,0.4180382776616619
176,248,-247.73616565447583,62.99193548387097,63.70161290322581,176,71,1,0.4159480862733536
177,243,-163.80024187752136,45.8724279835391,46.60493827160494,178,66,1,0.41386834584198684
178,112,-101.49004131529786,47.1875,47.848214285714285,74,35,1,0.4117990041127769
179,379,-317.77703715313174,66.4353562005277,67.41424802110818,371,92,1,0.40974000909221303
180,170,-98.25724170678401,39.6,40.35294117647059,128,44,1,0.40769130904675194
181,221,-130.0417758523365,45.61538461538461,46.44796380090498,184,59,1,0.40565285250151817
182,284,-221.52108553543854,55.7112676056338,56.524647887323944,231,76,1,0.4036245882390106
183,147,-69.03305954999715,33.74829931972789,34.523809523809526,114,37,1,0.4016064652978155
184,375,-244.40673584886986,55.81333333333333,56.76266666666667,356,91,1,0.3995984329713264
185,354,-314.70127345988766,64.83898305084746,65.73446327683615,317,87,1,0.3976004408064698
186,311,-176.43118183965626,48.440514469453376,49.363344051446944,287,70,1,0.39561243860243744
187,328,-238.79587576452167,58.625,59.58841463414634,316,81,1,0.3936343764094253
188,210,-151.59706675621783,52.871428571428574,53.76190476190476,187,53,1,0.39166620452737816
189,181,-113.67471226732059,43.89502762430939,44.69060773480663,144,45,1,0.3897078735047413
190,332,-147.26784667284588,42.69879518072289,43.623493975903614,307,77,1,0.3877593341372176
191,314,-209.71761262800703,52.47133757961783,53.36942675159236,282,79,1,0.3858205374665315
192,238,-134.91507615011278,46.9327731092437,47.85294117647059,219,55,1,0.38389143477919885
193,180,-169.91767150078388,55.25555555555555,55.95,125,50,1,0.3819719776053028
194,238,-165.52279866570396,53.60084033613445,54.46638655462185,206,59,1,0.3800621177172763
195,164,-138.58706133436016,48.21341463414634,48.84146341463415,103,45,1,0.37816180712868996
196,362,-295.4353477034179,61.16298342541437,62.00828729281768,306,92,1,0.37627099809304654
197,316,-279.1878495828009,66.62974683544304,67.59810126582279,306,75,1,0.3743896431025813
198,350,-173.84746927296038,45.85142857142857,46.817142857142855,338,78,1,0.37251769488706843
199,177,-94.61874105996569,43.045197740113,43.932203389830505,157,41,1,0.3706551064126331
200,211,-130.44929960989816,46.350710900473935,47.18483412322275,176,50,1,0.36880183088056995
201,279,-154.16122424563346,48.043010752688176,48.97849462365591,261,70,1,0.3669578217261671
202,239,-153.71179568290572,53.07949790794979,54.02092050209205,225,57,1,0.36512303261753626
203,278,-212.78236249257247,56.02877697841727,56.89568345323741,241,73,1,0.3632974174544486
204,308,-218.26181220020882,56.633116883116884,57.58116883116883,292,75,1,0.3614809303671764
205,322,-215.61801290336928,57.01863354037267,57.96894409937888,306,80,1,0.3596735257153405
206,500,-291.15909086798996,54.922,55.916,497,115,0,0.3578751580867638
207,240,-156.82857610186582,49.920833333333334,50.766666666666666,203,63,1,0.35608578229633
208,224,-105.32207624340438,45.25,46.285714285714285,232,43,1,0.3543053533848483
209,497,-349.1556590716074,62.267605633802816,63.27364185110664,500,110,1,0.35253382661792404
210,309,-173.27539661915014,50.288025889967635,51.25242718446602,298,66,1,0.3507711574848344
211,231,-181.25952605863137,54.731601731601735,55.5974025974026,200,56,1,0.34901730169741024
212,181,-127.27318733419173,44.96132596685083,45.6243093922652,120,46,1,0.3472722151889232
213,161,-72.4343348695997,39.88819875776397,40.81987577639752,150,35,1,0.3455358541129786
214,297,-161.07258395663357,47.75757575757576,48.67340067340067,272,74,1,0.3438081748424137
215,225,-152.27911777093553,51.88,52.77777777777778,202,52,1,0.3420891339682016
216,500,-285.1169491440703,53.064,54.012,474,115,0,0.3403786882983606
217,285,-183.76508882392693,51.28421052631579,52.19298245614035,259,66,1,0.3386767948568688
218,165,-74.49561645217452,36.09090909090909,36.92121212121212,137,40,1,0.33698341088258443
219,363,-222.52093686819964,50.137741046831955,51.05785123966942,334,85,1,0.3352984938281715
220,155,-86.87728279842155,42.05806451612903,42.909677419354836,132,38,1,0.33362200135903064
221,217,-111.31812647513205,43.92165898617512,44.857142857142854,203,50,1,0.33195389135223546
222,239,-90.9928333631284,36.86192468619247,37.74058577405858,210,56,1,0.3302941218954743
223,174,-108.6004151905564,48.64942528735632,49.53448275862069,154,38,1,0.32864265128599696
224,307,-117.42590825598838,39.817589576547235,40.75244299674267,287,74,1,0.326999438029567
225,249,-103.36301546612002,41.36546184738956,42.35341365461847,246,53,1,0.3253644408394192
226,412,-189.47755682109567,46.52669902912621,47.52427184466019,411,92,1,0.3237376186352221
227,283,-186.22213099784034,54.9434628975265,55.93286219081272,280,65,1,0.322118930542046
228,343,-230.53076985634073,58.81049562682216,59.85131195335277,357,73,1,0.32050833588933575
229,349,-226.68281145134844,54.068767908309454,54.99140401146132,322,78,1,0.31890579420988907
230,326,-132.75766327430748,38.38343558282209,39.29754601226994,298,73,1,0.3173112652388396
231,462,-264.56076364820143,54.34199134199134,55.357142857142854,469,96,1,0.3157247089126454
232,330,-177.97377541722602,49.86060606060606,50.86363636363637,331,75,1,0.3141460853680822
233,307,-160.17622398775424,46.25732899022801,47.188925081433226,286,71,1,0.3125753549412418
234,364,-105.82372587545166,38.082417582417584,39.09065934065934,367,77,1,0.31101247816653554
235,247,-125.21352786395258,42.441295546558706,43.2753036437247,206,53,1,0.30945741577570285
236,180,-97.69972605675737,39.2,39.98888888888889,142,43,1,0.3079101286968243
237,362,-230.17850801641012,56.20718232044199,57.21823204419889,366,81,1,0.3063705780533402
238,404,-213.48775226802397,49.17821782178218,50.118811881188115,380,89,1,0.30483872516307353
239,240,-145.08347451472858,47.25416666666667,48.145833333333336,214,59,1,0.3033145315372582
240,500,-150.30870220321455,41.452,42.514,531,106,0,0.3017979588795719
241,500,-276.000507410308,55.278,56.324,523,106,0,0.30028896908517405
242,387,-248.36324198693214,57.992248062015506,58.997416020671835,389,80,1,0.2987875242397482
243,500,-252.5137191118022,54.098,55.196,549,98,0,0.29729358661854943
244,248,-101.86048492367766,40.310483870967744,41.274193548387096,239,52,1,0.29580711868545667
245,500,-204.39800473172602,47.87,48.952,541,102,0,0.2943280830920294
246,295,-132.8102684630815,46.77627118644068,47.827118644067795,310,62,1,0.29285644267656924
247,256,-210.50775073002356,62.5234375,63.484375,246,62,1,0.2913921604631864
248,285,-103.58873213010955,38.9859649122807,39.95087719298245,275,57,1,0.28993519966087045
249,121,-78.708228550303,39.72727272727273,40.570247933884296,102,30,1,0.2884855236625661
250,204,-82.32110398175358,35.15686274509804,36.0,172,45,1,0.28704309604425327
251,344,-224.4668768053911,56.98546511627907,57.96511627906977,337,68,1,0.285607880564032
252,500,-267.0711230599164,51.858,52.858,500,118,0,0.28417984116121187
253,141,-61.49222356026428,32.219858156028366,33.00709219858156,111,37,1,0.2827589419554058
254,360,-143.82050444768433,40.425,41.36666666666667,339,80,1,0.28134514724562876
255,317,-152.09941541932884,48.03785488958991,49.05047318611987,321,64,1,0.2799384215094006
256,500,-112.90495007058156,35.02,36.01,495,100,0,0.27853872940185365
257,175,-119.14519247963143,48.32,49.19428571428571,153,42,1,0.27714603575484437
258,437,-230.2544148339294,52.51716247139588,53.556064073226544,454,83,1,0.2757603055760701
259,336,-172.69081079794432,47.410714285714285,48.330357142857146,309,74,1,0.2743815040481898
260,300,-131.2217745546255,43.916666666666664,44.916666666666664,300,61,1,0.2730095965279488
261,500,-155.35934219483835,43.984,45.07,543,95,0,0.27164454854530906
262,500,-217.57851423684946,47.262,48.26,499,106,0,0.2702863258025825
263,377,-110.21492038311621,37.07692307692308,38.05835543766578,370,77,1,0.2689348941735696
264,500,-187.4754317284737,44.518,45.54,511,107,0,0.26759021970270175
265,500,-96.82528285636765,35.152,36.176,512,95,0,0.2662522686041882
266,500,-265.9089052425359,55.352,56.398,523,100,0,0.2649210072611673
267,392,-153.29348931592796,46.84183673469388,47.95663265306123,437,75,1,0.26359640222486147
268,500,-190.1572349193942,46.884,47.93,523,96,0,0.26227842021373715
269,477,-254.90983369299707,54.725366876310275,55.80712788259958,516,100,1,0.2609670281126685
270,305,-117.16469528692701,36.38360655737705,37.22950819672131,258,64,1,0.25966219297210513
271,291,-119.74939248685455,40.491408934707906,41.40893470790378,267,59,1,0.2583638820072446
272,173,-51.629671186162035,32.3121387283237,33.213872832369944,156,33,1,0.2570720625972084
273,225,-157.82092113284884,53.026666666666664,53.946666666666665,207,47,1,0.25578670228422234
274,322,-186.87104088313467,50.900621118012424,51.85403726708075,307,59,1,0.25450776877280124
275,250,-143.27898408516413,46.14,47.024,221,58,1,0.2532352299289372
276,299,-100.48360953146897,38.83946488294314,39.785953177257525,283,63,1,0.2519690537792925
277,321,-147.75993362137245,45.78816199376947,46.769470404984425,315,65,1,0.2507092085103961
278,364,-114.02754694478892,41.67307692307692,42.752747252747255,393,64,1,0.2494556624678441
279,325,-146.8053169671888,47.129230769230766,48.13846153846154,328,60,1,0.24820838415550486
280,500,-46.85145028982054,31.368,32.466,549,90,0,0.24696734223472733
281,211,-89.82366383363724,39.48815165876777,40.44075829383886,201,41,1,0.2457325055235537
282,500,-192.21645865368788,45.898,46.932,517,91,0,0.24450384299593592
283,438,-238.89589608710938,54.46803652968037,55.54794520547945,473,93,1,0.24328132378095624
284,195,-119.5276921890962,46.03589743589744,46.89230769230769,167,47,1,0.24206491716205145
285,500,-166.54974753282787,45.54,46.636,548,95,0,0.2408545925762412
286,356,-106.99341092347353,38.550561797752806,39.54775280898876,355,64,1,0.23965031961336
287,500,-99.04669934168767,36.182,37.234,526,100,0,0.2384520680152932
288,230,-84.4313166515291,36.37391304347826,37.28260869565217,209,50,1,0.23725980767521673
289,406,-195.64974098919774,48.706896551724135,49.68226600985221,396,78,1,0.23607350863684065
290,494,-227.14444429556926,49.487854251012145,50.5,500,97,1,0.23489314109365644
291,500,-242.08712420646583,49.66,50.64,490,102,0,0.23371867538818816
292,292,-123.9289627858916,44.39383561643836,45.407534246575345,296,52,1,0.23255008201124722
293,266,-149.00748693794003,51.21804511278196,52.21804511278196,266,50,1,0.231387331601191
294,500,-312.63200653550024,59.684,60.724,520,106,0,0.23023039494318503
295,461,-92.93766197659637,33.66377440347072,34.657266811279825,458,87,1,0.2290792429684691
296,437,-198.57850397818913,53.954233409610985,55.12585812356979,512,78,1,0.22793384675362674
297,341,-84.6478804743228,36.354838709677416,37.39882697947214,356,66,1,0.22679417751985861
298,500,-191.25908837642794,42.732,43.694,481,111,1,0.22566020663225933
299,361,-111.47441712217177,38.745152354570635,39.742382271468145,360,68,1,0.22453190559909803
300,180,-62.83400777403019,34.794444444444444,35.73888888888889,170,40,1,0.22340924607110255
301,232,-150.8639786124583,55.13793103448276,56.189655172413794,244,44,1,0.22229219984074702
302,390,-127.1162883538502,39.65897435897436,40.65384615384615,388,75,1,0.2211807388415433
303,105,-69.4284850355973,37.34285714285714,38.0,69,24,1,0.22007483514733558
304,500,-212.41320997023828,50.13,51.218,544,85,0,0.2189744609715989
305,500,-200.4586693525174,46.61,47.648,519,98,0,0.2178795886667409
306,391,-100.73378750103795,39.35805626598466,40.47570332480819,437,71,1,0.2167901907234072
307,500,-132.57876481994913,42.14,43.268,564,89,0,0.21570623976979014
308,500,-141.15694393079073,37.922,38.884,481,96,0,0.21462770857094118
309,380,-144.88365467362718,43.18157894736842,44.16842105263158,375,75,1,0.21355457002808648
310,500,-88.11243741894424,33.604,34.61,503,95,0,0.21248679717794605
311,380,-89.32728566522579,36.55263157894737,37.57631578947368,389,67,1,0.21142436319205632
312,500,-84.70414070677765,35.57,36.646,538,98,0,0.21036724137609603
313,426,-160.32310908033082,45.57746478873239,46.6924882629108,475,80,1,0.20931540516921554
314,159,-56.61144008080531,32.339622641509436,33.18867924528302,135,33,1,0.20826882814336947
315,293,-117.89707724070287,44.68600682593857,45.71672354948805,302,52,1,0.20722748400265262
316,500,-96.45848159689635,36.976,38.034,529,90,0,0.20619134658263935
317,193,-85.23208218318571,43.72538860103627,44.72538860103627,193,33,1,0.20516038984972615
318,500,-104.33120629071983,38.566,39.664,549,87,0,0.2041345879004775
319,387,-126.48836384337154,43.30749354005168,44.43927648578811,438,68,1,0.2031139149609751
320,500,-89.9439114013753,38.236,39.336,550,91,0,0.20209834538617025
321,500,-35.35133858790775,29.692,30.762,535,91,0,0.2010878536592394
322,500,-79.68131942096744,36.006,37.116,555,94,0,0.2000824143909432
323,378,-147.62114118303987,46.52910052910053,47.61904761904762,412,68,1,0.19908200231898848
324,352,-67.82507654693002,34.45454545454545,35.49715909090909,367,71,1,0.19808659230739353
325,500,-41.691323532814266,31.994,33.092,549,89,0,0.19709615934585656
326,500,-111.93627337021854,42.392,43.568,588,81,0,0.19611067854912728
327,263,-55.83688253752309,36.18250950570342,37.31939163498099,299,43,1,0.19513012515638165
328,180,-64.48463893532879,30.27777777777778,31.06111111111111,141,32,1,0.19415447453059972
329,500,-68.96676654565965,33.764,34.854,545,90,0,0.19318370215794672
330,500,-45.63389385471885,28.54,29.54,500,90,0,0.192217783647157
331,281,-106.71236199777142,43.01067615658363,44.06761565836299,297,50,1,0.1912566947289212
332,500,-118.05790026235893,40.512,41.628,558,82,0,0.1903004112552766
333,500,-50.3801056151206,30.764,31.81,523,88,0,0.18934890919900021
334,208,-52.844049341057755,31.052884615384617,31.95673076923077,188,37,1,0.18840216465300522
335,500,-106.91638644346855,40.534,41.684,575,83,0,0.18746015382974018
336,152,-54.0571557940148,33.796052631578945,34.68421052631579,135,27,1,0.1865228530605915
337,400,-37.79139334883763,25.82,26.7725,381,72,1,0.18559023879528855
338,453,-105.14902452330813,37.737306843267106,38.78145695364238,473,74,1,0.1846622876013121
339,179,-82.2054366691356,38.31843575418994,39.1731843575419,153,31,1,0.18373897616330553
340,377,-112.88419167905113,39.777188328912466,40.84615384615385,403,69,1,0.182820281282489
341,391,-62.846878023912,31.723785166240408,32.74168797953964,398,65,1,0.18190617987607657
342,500,-55.453153140468004,35.152,36.288,568,80,0,0.18099664897669618
343,500,-84.7532266434523,38.216,39.382,583,84,0,0.1800916657318127
344,308,-72.56943985809316,36.51298701298701,37.58116883116883,329,53,1,0.17919120740315364
345,350,-119.68057463956713,42.29714285714286,43.36571428571428,374,63,1,0.17829525136613786
346,500,-109.27720907263605,39.636,40.766,565,86,0,0.17740377510930716
347,500,-38.0536269397725,32.06,33.164,552,78,0,0.17651675623376062
348,500,-68.10765167756772,34.846,35.962,558,79,0,0.1756341724525918
349,500,-114.078026220784,39.55,40.648,549,87,0,0.17475600159032884
350,500,-81.95042639072092,35.624,36.698,537,91,0,0.17388222158237718
351,438,-123.5489131827906,39.593607305936075,40.61643835616438,448,77,1,0.1730128104744653
352,500,-90.8110700736347,39.402,40.554,576,80,0,0.17214774642209296
353,500,-217.60378041636224,51.024,52.132,554,91,0,0.1712870076899825
354,343,-72.37251806421908,36.53644314868804,37.60932944606414,368,60,1,0.17043057265153258
355,370,-59.73310377463247,32.87837837837838,33.913513513513514,383,65,1,0.16957841978827493
356,500,-70.66195794821704,33.46,34.508,524,86,0,0.16873052768933355
357,500,-61.668685436346145,35.086,36.196,555,84,0,0.1678868750508869
358,474,-95.8132332678196,38.483122362869196,39.61181434599156,535,71,1,0.16704744067563246
359,500,-42.513296209910266,29.942,30.996,527,90,0,0.1662122034722543
360,500,-83.30720155448604,39.088,40.268,590,72,0,0.16538114245489302
361,500,-89.37058380971266,36.42,37.49,535,90,0,0.16455423674261854
362,500,-36.834413216738525,29.818,30.886,534,83,0,0.16373146555890544
363,421,-124.26429974450711,43.16627078384798,44.294536817102134,475,70,1,0.16291280823111093
364,405,-78.67514295015661,34.85432098765432,35.88395061728395,417,65,1,0.16209824418995536
365,500,-82.06726900802322,33.51,34.552,521,97,0,0.16128775296900558
366,500,-95.820177157383,37.78,38.89,555,91,0,0.16048131420416054
367,253,-44.32009296504653,33.16600790513834,34.276679841897234,281,42,1,0.15967890763313974
368,500,-15.418988779284529,28.894,29.984,545,71,0,0.15888051309497406
369,316,-112.74268047004736,43.63291139240506,44.69303797468354,335,50,1,0.1580861105294992
370,396,-70.59437825744978,30.82323232323232,31.78030303030303,379,65,1,0.1572956799768517
371,500,-108.30446633580834,37.468,38.534,533,80,0,0.15650920157696743
372,500,-131.25756721037945,40.272,41.346,537,85,0,0.1557266555690826
373,500,-88.65353817033395,37.394,38.518,562,83,0,0.1549480222912372
374,500,-46.76840533182628,35.002,36.186,592,81,0,0.15417328217978102
375,208,-41.93172079133831,31.64903846153846,32.67307692307692,213,37,1,0.1534024157688821
376,500,-49.72216810547208,33.686,34.834,574,87,0,0.1526354036900377
377,280,-90.89996209619308,38.34285714285714,39.32142857142857,274,49,1,0.1518722266715875
378,500,-35.55467523788537,33.194,34.36,583,72,0,0.15111286553822956
379,500,-67.8629291638863,35.702,36.838,568,82,0,0.15035730121053842
380,500,-35.10822060231968,31.192,32.29,549,80,0,0.14960551470448571
381,500,-55.325396671200934,34.076,35.182,553,83,0,0.14885748713096328
382,220,-55.907396097496516,34.39545454545455,35.42727272727273,227,38,1,0.14811319969530845
383,440,-85.04402957762095,34.32727272727273,35.33181818181818,442,72,1,0.1473726336968319
384,500,-99.81767560119087,39.414,40.542,564,77,0,0.14663577052834775
385,371,-54.46879345129798,30.21563342318059,31.21563342318059,371,60,1,0.14590259167570602
386,500,-137.96886641540104,45.078,46.264,593,79,0,0.1451730787173275
387,396,-88.84023781772486,37.05555555555556,38.13636363636363,428,64,1,0.14444721332374086
388,354,-62.49553161647955,36.163841807909606,37.29661016949152,401,60,1,0.14372497725712216
389,500,-60.375936189145335,33.468,34.576,554,81,0,0.14300635237083656
390,500,-65.4537305341502,33.762,34.846,542,78,0,0.14229132060898236
391,500,-38.50998213101178,31.164,32.25,543,83,0,0.14157986400593744
392,107,-43.79394799517116,31.570093457943926,32.38317757009346,87,16,1,0.14087196468590776
393,227,-64.45467250665159,36.519823788546255,37.52863436123348,229,37,1,0.14016760486247823
394,500,-56.46159229232344,32.4,33.492,546,84,0,0.13946676683816583
395,500,-33.478387233989636,28.42,29.45,515,84,0,0.138769433003975
396,263,-72.46324029828016,37.38403041825095,38.444866920152094,279,40,1,0.13807558583895513
397,500,-125.94082104949297,42.356,43.52,582,84,0,0.13738520790976036
398,344,-53.41448132160489,27.936046511627907,28.83139534883721,308,54,1,0.13669828187021155
399,500,-92.9073005234223,41.192,42.418,613,76,0,0.13601479046086049
400,500,-22.204813510894255,30.32,31.442,561,77,0,0.1353347165085562
401,500,-33.45329105208161,30.196,31.266,535,80,0,0.1346580429260134
402,500,-36.53030250701213,31.274,32.386,556,77,0,0.13398475271138335
403,500,-38.30576782690741,31.022,32.12,549,83,0,0.13331482894782642
404,500,-70.96029259095454,36.592,37.708,558,82,0,0.13264825480308728
405,500,-95.84988110398722,37.788,38.918,565,81,0,0.13198501352907185
406,435,-90.76309788968402,38.72183908045977,39.864367816091956,497,66,1,0.1313250884614265
407,289,-47.30798117815646,32.51903114186851,33.567474048442904,303,42,1,0.13066846301911936
408,500,-49.13378525254697,35.118,36.274,578,79,0,0.13001512070402377
409,500,-43.18357412293586,33.924,35.094,585,74,0,0.12936504510050365
410,385,-105.93246623636702,40.566233766233765,41.651948051948054,418,65,1,0.12871821987500112
411,500,-41.02181206185654,33.756,34.912,578,75,0,0.12807462877562611
412,368,-67.1458830346539,35.33695652173913,36.45652173913044,412,59,1,0.12743425563174798
413,500,-29.197211301716276,29.002,30.056,527,82,0,0.12679708435358925
414,500,-128.95768633524065,40.398,41.498,550,83,0,0.1261630989318213
415,415,-46.203189608828794,34.5710843373494,35.75421686746988,491,62,1,0.1255322834371622
416,500,-44.459924422540226,33.414,34.578,582,75,0,0.12490462201997637
417,500,-34.62123756304763,29.558,30.606,524,85,0,0.1242800989098765
418,311,-53.978334481262124,30.739549839228296,31.70096463022508,299,52,1,0.12365869841532712
419,500,-42.30081991047446,29.966,31.004,519,71,0,0.12304040492325048
420,500,-40.00288045889695,33.574,34.754,590,73,0,0.12242520289863423
421,500,17.550257186268066,27.87,29.054,592,68,0,0.12181307688414106
422,500,-20.945947248551178,27.132,28.176,522,83,0,0.12120401149972035
423,484,-64.3168379948846,33.17355371900826,34.25,521,77,1,0.12059799144222175
424,500,-54.494181758046366,39.046,40.31,632,72,0,0.11999500148501063
425,500,-3.5452747294212887,29.004,30.126,561,70,0,0.11939502647758558
426,316,-67.35469045228935,34.44620253164557,35.427215189873415,310,49,1,0.11879805134519765
427,500,-50.38139897772715,34.288,35.418,565,85,0,0.11820406108847166
428,500,42.18303012631971,21.662,22.714,526,73,0,0.1176130407830293
429,500,-50.421268241661636,34.384,35.544,580,72,0,0.11702497557911415
430,500,-43.06048876005511,32.938,34.076,569,74,0,0.11643985070121858
431,500,-18.66736162095044,30.71,31.83,560,73,0,0.11585765144771248
432,500,-31.373405646703215,32.762,33.906,572,70,0,0.11527836319047392
433,241,-68.76350268298694,38.47302904564315,39.55601659751037,261,38,1,0.11470197137452155
434,223,-74.61599264955042,36.7982062780269,37.73094170403587,208,39,1,0.11412846151764894
435,500,5.263361029338697,28.068,29.192,562,76,0,0.1135578192100607
436,500,12.51320585667361,26.834,27.976,571,71,0,0.11299003011401039
437,500,-46.00725212499567,35.122,36.294,586,74,0,0.11242507996344034
438,500,-28.576562040416437,30.652,31.752,550,74,0,0.11186295456362313
439,416,-55.61467664959145,31.06971153846154,32.13461538461539,443,74,1,0.11130363979080501
440,500,-1.4549188567979283,27.228,28.342,557,75,0,0.11074712159185099
441,443,-68.9052941249691,33.41534988713318,34.47629796839729,470,70,1,0.11019338598389174
442,500,-3.70487391950688,31.598,32.812,607,64,0,0.10964241905397228
443,190,-57.22023384794181,30.321052631578947,31.16842105263158,161,36,1,0.10909420695870241
444,500,-39.06996530498148,32.286,33.434,574,78,0,0.1085487359239089
445,500,-66.29621703524872,34.438,35.528,545,76,0,0.10800599224428936
446,500,-20.10012224858306,32.168,33.332,582,70,0,0.10746596228306791
447,500,10.780689893934973,30.528,31.756,614,75,0,0.10692863247165257
448,500,-68.71908215320653,33.206,34.258,526,79,0,0.1063939893092943
449,500,-22.968105815130347,31.212,32.386,587,69,0,0.10586201936274783
450,500,-22.192835732966863,32.04,33.202,581,73,0,0.10533270926593409
451,500,11.454405312970767,27.614,28.762,574,78,0,0.10480604571960442
452,500,-35.36060508740925,34.064,35.238,587,69,0,0.1042820154910064
453,500,-21.058236817389442,31.212,32.37,579,77,0,0.10376060541355137
454,500,-22.3393285674615,32.718,33.914,598,66,0,0.1032418023864836
455,500,16.970392621400844,25.706,26.812,553,74,0,0.10272559337455119
456,500,-0.4241651455416344,27.602,28.696,547,72,0,0.10221196540767843
457,500,16.21346745942796,24.882,25.964,541,72,0,0.10170090558064004
458,500,-7.960843757689226,29.118,30.248,565,76,0,0.10119240105273684
459,426,-21.956330433854404,29.7981220657277,30.929577464788732,482,63,1,0.10068643904747315
460,500,-39.507707881296,31.456,32.57,557,75,0,0.10018300685223579
461,500,12.89126290957624,28.186,29.376,595,74,0,0.0996820918179746
462,381,-75.16552278398947,36.803149606299215,37.93963254593176,433,59,1,0.09918368135888474
463,500,-26.30865757186782,32.536,33.704,584,63,0,0.09868776295209031
464,497,-53.05615780540563,32.40241448692153,33.50503018108652,548,71,1,0.09819432413732986
465,500,-48.62482454934213,33.972,35.108,568,75,0,0.09770335251664321
466,500,-36.67470786059282,30.72,31.82,550,75,0,0.09721483575406
467,500,6.811069918170977,26.816,27.96,572,75,0,0.09672876157528969
468,500,35.6725469643026,23.004,24.092,544,71,0,0.09624511776741324
469,500,43.20256143001136,24.828,25.994,583,70,0,0.09576389217857617
470,309,-56.19860676106912,36.50809061488673,37.62459546925567,345,47,1,0.09528507271768329
471,500,-39.715479862253474,34.258,35.424,583,78,0,0.09480864735409487
472,500,18.120571929049873,28.284,29.474,595,75,0,0.0943346041173244
473,500,-4.568601598293567,26.712,27.792,540,76,0,0.09386293109673778
474,315,-41.30611742425918,32.1936507936508,33.27619047619048,341,43,1,0.09339361644125409
475,500,-26.241634600934713,33.638,34.842,602,68,0,0.09292664835904782
476,500,6.299432615171582,26.31,27.422,556,73,0,0.09246201511725258
477,500,31.27840115971725,25.13,26.266,568,67,0,0.09199970504166631
478,500,34.40509939540229,25.764,26.922,579,64,0,0.09153970651645797
479,500,7.497187772263447,28.92,30.096,588,69,0,0.09108200798387568
480,282,-44.523122028997264,33.858156028368796,34.96808510638298,313,40,1,0.0906265979439563
481,500,18.844220162906723,26.262,27.382,560,69,0,0.09017346495423652
482,500,32.42168314829583,23.678,24.756,539,73,0,0.08972259762946533
483,500,6.072367392624564,27.168,28.308,570,70,0,0.089273984641318
484,500,19.18872380083765,26.284,27.396,556,65,0,0.0888276147181114
485,500,10.339837914957124,27.358,28.472,557,70,0,0.08838347664452084
486,500,-8.642824428325381,28.34,29.45,555,76,0,0.08794155926129824
487,500,26.550647164766353,26.716,27.886,585,71,0,0.08750185146499175
488,500,4.33994082474862,27.32,28.434,557,72,0,0.08706434220766679
489,500,-4.655037335277082,28.414,29.526,556,75,0,0.08662902049662846
490,500,-19.43780428071482,32.0,33.198,599,65,0,0.08619587539414532
491,500,7.590072720790372,25.038,26.122,542,76,0,0.08576489601717459
492,500,-15.39071317382272,30.574,31.742,584,68,0,0.08533607153708872
493,500,-0.5364565041097816,29.652,30.804,576,65,0,0.08490939117940327
494,500,-36.50598628210051,35.278,36.498,610,75,0,0.08448484422350626
495,151,-50.96401976542267,36.90066225165563,37.89403973509934,150,20,1,0.08406242000238873
496,500,49.101625518397235,22.778,23.92,571,73,0,0.08364210790237678
497,500,50.93692974463963,21.684,22.766,541,70,0,0.0832238973628649
498,500,10.486333682529333,29.708,30.914,603,71,0,0.08280777787605056
499,500,0.3742349518066057,28.708,29.846,569,70,0,0.08239373898667031
500,500,38.052375119970975,25.866,27.058,596,69,0,0.08198177029173696
501,359,-14.294924152361528,25.754874651810585,26.818941504178273,382,49,1,0.08157186144027828
502,500,32.25727705313139,24.038,25.146,554,71,0,0.0811640021330769
503,500,11.369224837031139,29.06,30.27,605,66,0,0.08075818212241151
504,500,43.86424077542823,24.096,25.244,574,65,0,0.08035439121179945
505,203,-25.95309239852952,27.926108374384235,28.935960591133004,205,29,1,0.07995261925574046
506,500,59.02626874151228,21.9,23.028,564,63,0,0.07955285615946175
507,500,1.4514624849802291,27.464,28.578,557,69,0,0.07915509187866444
508,500,15.31670839673774,27.006,28.168,581,81,0,0.07875931641927113
509,500,-3.9994670496666487,30.542,31.72,589,70,0,0.07836551983717477
510,500,39.89030075005715,22.14,23.208,534,64,0,0.07797369223798889
511,500,-18.15440864829463,29.622,30.742,560,63,0,0.07758382377679894
512,500,29.70276789597659,25.8,26.944,572,72,0,0.07719590465791494
513,500,34.86051505736368,23.138,24.198,530,68,0,0.07680992513462537
514,500,15.708870276582937,27.118,28.258,570,70,0,0.07642587550895225
515,500,24.11376872764973,25.746,26.876,565,73,0,0.07604374613140748
516,500,73.23894060187092,21.786,22.956,585,64,0,0.07566352740075044
517,500,27.931069975168388,27.358,28.544,593,67,0,0.07528520976374668
518,226,-18.431484195775187,28.283185840707965,29.384955752212388,249,31,1,0.07490878371492794
519,500,10.884245096471815,27.366,28.522,578,75,0,0.0745342397963533
520,500,55.836767110821825,21.532,22.628,548,69,0,0.07416156859737154
521,500,51.47793051931534,20.992,22.066,537,66,0,0.07379076075438468
522,500,0.43536168490752525,28.958,30.116,579,67,0,0.07342180695061275
523,500,4.177429905843846,30.06,31.254,597,67,0,0.07305469791585968
524,500,34.940482532022365,25.24,26.39,575,66,0,0.07268942442628039
525,500,-21.28968965707577,27.044,28.072,514,70,0,0.07232597730414898
526,500,13.969765400957233,26.09,27.212,561,71,0,0.07196434741762824
527,500,40.51392214878892,22.294,23.364,535,66,0,0.0716045256805401
528,500,10.19734614203511,26.508,27.622,557,74,0,0.0712465030521374
529,500,16.39365829970811,26.3,27.396,548,68,0,0.0708902705368767
530,500,18.919650863333054,29.258,30.466,604,66,0,0.07053581918419231
531,500,67.76983825755892,21.886,23.046,580,69,0,0.07018314008827135
532,500,-0.8551667187985008,28.598,29.734,568,67,0,0.06983222438783
533,500,46.41951116198943,22.252,23.348,548,63,0,0.06948306326589085
534,500,48.738346593519736,25.146,26.336,595,68,0,0.0691356479495614
535,500,11.493669340320626,29.302,30.502,600,71,0,0.06878996970981359
536,500,33.782897222500615,24.978,26.104,563,68,0,0.06844601986126451
537,500,65.5849132923935,19.402,20.466,532,71,0,0.06810378976195819
538,500,20.208819803439244,27.868,29.086,609,63,0,0.0677632708131484
539,500,29.950194205973137,24.086,25.19,552,67,0,0.06742445445908266
540,180,-54.976880733329196,31.133333333333333,32.016666666666666,159,26,1,0.06708733218678724
541,500,35.918846486365524,26.952,28.156,602,68,0,0.0667518955258533
542,500,82.0625450035804,18.936,20.048,556,67,0,0.06641813604822402
543,500,22.265059675101988,28.892,30.102,605,63,0,0.0660860453679829
544,500,32.75203913491408,23.158,24.226,534,66,0,0.06575561514114299
545,433,-50.646828099784415,31.79907621247113,32.86143187066975,460,61,1,0.06542683706543727
546,500,27.973742688941027,21.096,22.08,492,66,0,0.06509970288011008
547,500,71.04578799681376,23.042,24.252,605,67,0,0.06477420436570952
548,500,68.34511264197236,22.678,23.86,591,67,0,0.06445033334388098
549,500,58.45084162054571,22.968,24.118,575,66,0,0.06412808167716157
550,478,-17.900347501300654,27.44560669456067,28.52510460251046,516,70,1,0.06380744126877576
551,500,74.5065635375654,19.61,20.712,551,61,0,0.06348840406243188
552,500,55.988014910713005,22.346,23.474,564,64,0,0.06317096204211972
553,500,76.84973213186747,22.328,23.526,599,66,0,0.06285510723190912
554,500,21.513092365030978,26.392,27.55,579,75,0,0.06254083169574957
555,500,63.18002656652555,22.204,23.356,576,67,0,0.062228127537270826
556,500,59.208649649306736,21.498,22.618,560,72,0,0.06191698689958447
557,500,36.65409066539048,25.142,26.312,585,72,0,0.061607401965086545
558,500,48.93582136110499,24.698,25.884,593,61,0,0.06129936495526111
559,500,46.96265429033907,24.098,25.262,582,66,0,0.0609928681304848
560,500,53.30663182788796,22.368,23.518,575,68,0,0.060687903789832374
561,500,57.62634865966741,21.46,22.584,562,66,0,0.06038446427088321
562,500,40.55095410441089,24.456,25.628,586,64,0,0.06008254194952879
563,500,62.2935427333484,20.59,21.7,555,69,0,0.05978212923978115
564,500,52.02216623668688,25.01,26.22,605,69,0,0.05948321859358224
565,500,39.822700062250604,19.078,20.092,507,67,0,0.05918580250061433
566,500,68.91151718458333,22.582,23.76,589,68,0,0.058889873488111255
567,500,-12.540437048362335,31.092,32.268,588,74,0,0.058595424120670696
568,500,47.766689609985335,21.888,22.976,544,68,0,0.05830244700006734
569,500,77.09327934086413,20.436,21.588,576,69,0,0.058010934765067
570,500,73.5111950758502,21.26,22.422,581,71,0,0.05772088009124167
571,500,36.48221343693323,24.106,25.242,568,71,0,0.05743227569078546
572,500,30.03314554326254,26.15,27.364,607,70,0,0.05714511431233153
573,500,14.077470158531513,26.74,27.854,557,72,0,0.05685938874076987
574,500,25.052242900738182,27.666,28.878,606,66,0,0.056575091797066025
575,500,40.859435336888126,23.386,24.53,572,68,0,0.056292216338080694
576,500,49.09347733789937,23.564,24.714,575,62,0,0.05601075525639029
577,500,65.42245366678887,21.848,23.004,578,70,0,0.05573070148010834
578,500,17.07385875226609,26.612,27.746,567,70,0,0.0554520479727078
579,500,61.300880180869584,22.222,23.378,578,70,0,0.05517478773284426
580,500,40.37357598580946,27.532,28.794,631,69,0,0.05489891379418004
581,500,28.348841119340488,27.424,28.624,600,63,0,0.05462441922520914
582,500,70.00826429624972,23.05,24.252,601,69,0,0.0543512971290831
583,500,76.94691904879353,19.884,21.016,566,67,0,0.05407954064343768
584,500,29.51007740322909,26.05,27.208,579,72,0,0.05380914294022049
585,500,73.6814041113332,20.728,21.878,575,67,0,0.05354009722551939
586,500,58.603784809931405,21.108,22.234,563,72,0,0.05327239673939179
587,500,77.61639648750253,18.266,19.336,535,65,0,0.053006034755694834
588,500,92.43756625416977,19.532,20.702,585,69,0,0.052741004581916356
589,500,52.959227042988935,22.956,24.094,569,71,0,0.052477299559006776
590,500,57.67639643266985,24.258,25.464,603,64,0,0.052214913061211746
591,500,54.13719428047141,22.764,23.91,573,63,0,0.05195383849590569
592,500,66.74160515327605,21.494,22.644,575,67,0,0.05169406930342616
593,500,47.44733344726288,23.356,24.5,572,64,0,0.05143559895690903
594,500,26.612236010176975,25.964,27.126,581,69,0,0.051178420962124486
595,500,38.55909413916977,26.292,27.494,601,70,0,0.05092252885731386
596,500,60.20090170596718,21.1,22.202,551,68,0,0.05066791621302729
597,500,56.373108827501206,22.902,24.046,572,63,0,0.05041457663196215
598,500,81.57652901329773,20.364,21.534,585,65,0,0.050162503748802344
599,500,61.59467983910419,22.018,23.158,570,70,0,0.049911691230058335
600,500,43.18216045126928,26.918,28.156,619,67,0,0.04966213277390804
601,500,61.40306630752875,18.404,19.458,527,71,0,0.0494138221100385
602,500,48.25852091216755,22.782,23.878,548,63,0,0.04916675299948831
603,500,57.89929548551038,24.29,25.5,605,62,0,0.04892091923449087
604,500,50.17420425223454,23.542,24.716,587,66,0,0.04867631463831842
605,500,21.63312287481736,26.326,27.498,586,65,0,0.048432933065126825
606,500,18.40099868030684,30.948,32.222,637,63,0,0.048190768399801194
607,500,30.575774122654657,28.302,29.526,612,67,0,0.04794981455780219
608,500,79.9991158546702,21.098,22.28,591,62,0,0.04771006548501318
609,500,60.963135130238925,20.894,22.006,556,66,0,0.047471515157588115
610,500,56.02861577142151,23.336,24.484,574,73,0,0.047234157581800176
611,500,66.6134158811406,21.89,23.038,574,60,0,0.046997986793891174
612,500,44.84864018922781,21.32,22.37,525,70,0,0.04676299685992172
613,500,64.71643015835619,23.736,24.944,604,67,0,0.04652918187562211
614,500,87.31978068465766,21.596,22.828,616,66,0,0.046296535966244
615,500,29.915552924786848,25.634,26.8,583,63,0,0.046065053286412784
616,500,42.42149019725922,26.21,27.422,606,65,0,0.04583472801998072
617,500,47.49157763356445,25.29,26.514,612,64,0,0.045605554379880814
618,500,79.87872467582679,20.6,21.74,570,66,0,0.04537752660798141
619,500,88.21505017743618,22.01,23.248,619,62,0,0.0451506389749415
620,500,-30.793675090798637,34.64,35.854,607,64,0,0.044924885780066794
621,500,75.39997188633298,21.008,22.194,593,64,0,0.04470026135116646
622,500,69.66992133461653,20.404,21.528,562,67,0,0.04447676004441063
623,500,87.19994280271669,18.588,19.692,552,66,0,0.04425437624418858
624,500,76.425167721764,19.172,20.294,561,66,0,0.04403310436296763
625,500,31.461012307065705,29.09,30.338,624,60,0,0.043812938841152796
626,500,73.66136233510935,21.878,23.06,591,63,0,0.04359387414694703
627,500,67.69701381284614,22.472,23.64,584,65,0,0.043375904776212296
628,500,70.12809745538316,21.008,22.152,572,66,0,0.043159025252331236
629,500,26.454959753220784,26.038,27.202,582,71,0,0.04294323012606958
630,500,74.97760176958603,21.144,22.32,588,67,0,0.04272851397543923
631,500,60.56066398863185,21.172,22.292,560,64,0,0.04251487140556204
632,500,96.22733196193063,18.462,19.606,572,61,0,0.04230229704853423
633,500,50.00123622448521,22.364,23.492,564,66,0,0.04209078556329156
634,500,48.37992049783147,23.352,24.502,575,72,0,0.0418803316354751
635,500,75.70669406443439,20.4,21.56,580,66,0,0.041670929977297724
636,500,82.78144446138698,21.992,23.214,611,67,0,0.04146257532741124
637,500,75.18869873448428,20.558,21.692,567,61,0,0.04125526245077418
638,500,55.78119760716394,22.452,23.59,569,67,0,0.04104898613852031
639,500,73.02615313694844,18.89,19.996,553,64,0,0.04084374120782771
640,500,78.18130266808045,22.286,23.496,605,62,0,0.04063952250178857
641,500,72.14097014848862,22.402,23.592,595,63,0,0.04043632488927963
642,500,92.82959380186108,18.828,19.982,577,68,0,0.04023414326483323
643,500,81.5005127734503,18.548,19.642,547,65,0,0.040032972548509065
644,500,82.8534651755146,20.216,21.37,577,65,0,0.03983280768576652
645,500,69.92681572060955,21.406,22.546,570,67,0,0.03963364364733769
646,500,85.54351163417708,20.154,21.312,579,66,0,0.039435475429100995
647,500,64.22548236934448,21.6,22.722,561,64,0,0.03923829805195549
648,500,46.36403463265406,23.686,24.826,570,65,0,0.03904210656169572
649,500,92.13506007253646,17.46,18.564,552,61,0,0.03884689602888724
650,500,78.37139016138323,22.0,23.218,609,65,0,0.0386526615487428
651,500,98.28668759226574,17.182,18.3,559,67,0,0.03845939824099909
652,500,79.6967352130694,21.392,22.574,591,63,0,0.03826710124979409
653,500,74.61119260153401,20.762,21.914,576,66,0,0.038075765743545126
654,500,62.225740128609885,22.238,23.37,566,64,0,0.0378853869148274
655,500,70.26458975749044,20.53,21.664,567,70,0,0.03769595998025326
656,500,71.9665382808091,18.016,19.076,530,67,0,0.03750748018035199
657,500,84.6333233252106,19.864,21.016,576,62,0,0.037319942779450235
658,500,84.33089253365715,21.442,22.656,607,60,0,0.037133343065552986
659,500,50.77259578328659,22.16,23.276,558,66,0,0.03694767635022522
660,500,90.73095330366498,18.018,19.15,566,67,0,0.036762937968474095
661,500,79.71034650533997,20.264,21.428,582,72,0,0.03657912327863173
662,500,90.93313059999896,18.342,19.462,560,67,0,0.036396227662238566
663,500,33.22231792725835,26.812,28.022,605,66,0,0.03621424652392737
664,500,41.25614457281686,23.056,24.178,561,68,0,0.036033175291307735
665,500,77.27193746367155,22.08,23.274,597,63,0,0.03585300941485119
666,500,74.90235848434368,20.696,21.848,576,69,0,0.035673744367776934
667,500,75.28381901100774,19.74,20.854,557,67,0,0.03549537564593805
668,500,53.115539507224426,26.634,27.88,623,62,0,0.035317898767708356
669,500,63.895928323581686,21.292,22.422,565,64,0,0.03514130927386981
670,500,69.75886888645215,20.25,21.376,563,66,0,0.03496560272750046
671,500,80.2557712089876,19.32,20.454,567,65,0,0.03479077471386296
672,500,89.83587122607028,20.156,21.344,594,66,0,0.03461682084029365
673,500,64.3907657954443,24.062,25.28,609,65,0,0.034443736736092176
674,500,101.49030430855875,16.236,17.326,545,63,0,0.034271518052411715
675,500,81.76223425865099,21.142,22.33,594,67,0,0.034100160462149656
676,500,30.42441104139104,25.064,26.192,564,63,0,0.03392965965983891
677,500,83.54934746339681,22.364,23.59,613,63,0,0.033760011361539714
678,500,85.36997826113556,19.514,20.654,570,69,0,0.03359121130473201
679,500,83.39833479252987,19.748,20.904,578,65,0,0.033423255248208356
680,500,55.827209963153884,22.88,24.022,571,64,0,0.03325613897196732
681,500,74.54121833368032,21.542,22.706,582,69,0,0.03308985827710748
682,500,77.56679535548827,20.162,21.29,564,61,0,0.032924408985721944
683,500,83.89474276023697,18.522,19.624,551,64,0,0.03275978694079333
684,500,55.77204948877558,21.058,22.148,545,62,0,0.032595988006089364
685,500,92.23906223925243,19.502,20.67,584,65,0,0.032433008066058915
686,500,65.3997558080901,21.226,22.368,571,64,0,0.03227084302572862
687,500,87.6586736869244,18.19,19.294,552,64,0,0.032109488810599975
688,500,92.78167959041122,20.146,21.352,603,68,0,0.031948941366546975
689,500,39.09479837674551,28.088,29.36,636,65,0,0.03178919665971424
690,500,46.51081779212425,25.506,26.682,588,61,0,0.03163025067641567
691,500,100.6697248041202,18.784,19.976,596,65,0,0.03147209942303359
692,500,88.32145588002332,19.568,20.726,579,63,0,0.03131473892591842
693,500,81.43812280734079,20.612,21.792,590,61,0,0.031158165231288826
694,500,99.10441106080145,19.026,20.232,603,63,0,0.03100237440513238
695,500,77.48271479415303,20.682,21.822,570,67,0,0.030847362533106718
696,500,82.9614669372646,19.238,20.348,555,61,0,0.030693125720441184
697,500,89.84266237908045,20.702,21.902,600,63,0,0.030539660091838977
698,500,74.34926822982791,21.308,22.474,583,66,0,0.03038696179137978
699,500,72.59183112878387,23.292,24.514,611,62,0,0.030235026982422884
700,500,71.04260825006901,22.62,23.8,590,64,0,0.030083851847510768
701,500,62.24234554217115,21.026,22.156,565,66,0,0.029933432588273214
702,500,85.75221174240467,19.934,21.084,575,61,0,0.029783765425331846
703,500,92.13807535752947,18.292,19.402,555,62,0,0.029634846598205186
704,500,72.7141523291808,19.364,20.442,539,65,0,0.02948667236521416
705,500,87.48696449967863,20.808,22.012,602,63,0,0.029339239003388088
706,500,80.73120259400042,20.78,21.958,589,64,0,0.029192542808371146
707,500,77.67761766146485,20.538,21.696,579,69,0,0.02904658009432929
708,500,95.38796333242557,19.386,20.564,589,64,0,0.028901347193857643
709,500,64.34167660250111,23.154,24.348,597,63,0,0.028756840457888354
710,500,83.74537955475435,19.632,20.756,562,60,0,0.02861305625559891
711,500,92.2647835286834,18.354,19.494,570,65,0,0.028469990974320916
712,500,88.45618912775464,19.556,20.704,574,61,0,0.02832764101944931
713,500,97.59129298001184,19.492,20.688,598,67,0,0.028186002814352063
714,500,93.69635338031007,19.836,21.038,601,69,0,0.0280450728002803
715,500,80.78438549964754,20.172,21.342,585,63,0,0.0279048474362789
716,500,59.318217837587135,23.148,24.328,590,64,0,0.027765323199097504
717,500,89.4459103187817,19.23,20.39,580,66,0,0.027626496583102015
718,500,85.77983814356395,20.582,21.768,593,64,0,0.027488364100186506
719,500,82.65965278430359,19.976,21.136,580,68,0,0.027350922279685573
720,500,100.41835572824262,18.124,19.288,582,71,0,0.027214167668287145
721,500,88.58990517654415,21.026,22.222,598,61,0,0.02707809682994571
722,500,93.7987682799846,18.856,20.018,581,67,0,0.02694270634579598
723,500,109.99656089225682,17.11,18.264,577,65,0,0.026807992814067
724,500,53.824790799433245,21.34,22.452,556,64,0,0.026673952849996664
725,500,91.08507889749268,19.894,21.1,603,60,0,0.02654058308574668
726,500,89.18579661794281,19.55,20.72,585,62,0,0.026407880170317945
727,500,90.83610667828576,18.868,20.012,572,65,0,0.026275840769466357
728,290,8.226224217667035,21.1,22.137931034482758,301,39,1,0.026144461565619025
729,500,103.6889748981488,18.404,19.568,582,64,0,0.02601373925779093
730,500,93.97848642610394,20.812,22.024,606,64,0,0.025883670561501974
731,500,84.98984398597891,19.332,20.474,571,65,0,0.025754252208694463
732,500,52.9186488125215,24.394,25.566,586,69,0,0.02562548094765099
733,500,62.02854152468905,20.656,21.76,552,64,0,0.025497353542912736
734,500,88.16191530882044,18.782,19.92,569,67,0,0.02536986677519817
735,500,88.21359691935726,19.266,20.412,573,64,0,0.02524301744132218
736,500,78.12066882326928,20.86,22.028,584,66,0,0.025116802354115567
737,500,69.92342804136067,18.552,19.594,521,65,0,0.024991218342344988
738,500,111.38343470393221,17.606,18.77,582,64,0,0.024866262250633264
739,500,75.91691663147483,20.008,21.132,562,67,0,0.024741930939380097
740,500,85.82042516615266,17.574,18.664,545,67,0,0.024618221284683196
741,500,65.41342229631182,24.402,25.632,615,61,0,0.02449513017825978
742,500,68.03225909701466,24.236,25.466,615,60,0,0.02437265452736848
743,500,88.46465694266931,19.578,20.732,577,66,0,0.024250791254731636
744,500,66.27304584720623,19.126,20.186,530,64,0,0.024129537298457977
745,500,67.50275950345437,22.6,23.814,607,65,0,0.024008889611965685
746,500,64.7451975087602,23.254,24.442,594,60,0,0.023888845163905856
747,500,82.46467924971928,21.516,22.718,601,67,0,0.023769400938086327
748,500,73.13839645848496,20.68,21.834,577,63,0,0.023650553933395897
749,500,84.0503610828788,16.814,17.874,530,65,0,0.023532301163728918
750,500,90.07548950730589,19.9,21.084,592,64,0,0.023414639657910272
751,500,87.93492400981482,21.786,23.012,613,63,0,0.023297566459620722
752,500,83.44522154637787,19.978,21.134,578,59,0,0.023181078627322618
753,500,100.47917194223912,16.53,17.622,546,61,0,0.023065173234186005
754,500,84.74287946510096,19.53,20.69,580,65,0,0.022949847368015076
755,500,87.17993180247295,19.564,20.706,571,62,0,0.022835098131175
756,500,98.92691619428874,18.166,19.334,584,60,0,0.022720922640519125
757,500,58.15850222278134,22.32,23.458,569,60,0,0.02260731802731653
758,500,98.51220136974975,18.7,19.868,584,65,0,0.022494281437179946
759,500,85.5491790989942,18.184,19.288,552,61,0,0.022381810029994047
760,500,74.70998583628298,19.724,20.848,562,62,0,0.022269900979844076
761,500,89.82779517938394,21.046,22.252,603,65,0,0.022158551474944856
762,500,74.47875476722069,21.978,23.16,591,68,0,0.022047758717570132
763,500,90.51134781240314,19.336,20.486,575,66,0,0.021937519923982282
764,500,86.94096093580994,18.81,19.948,569,69,0,0.021827832324362372
765,500,87.69243324467016,19.926,21.096,585,65,0,0.02171869316274056
766,500,89.1962281634686,18.004,19.124,560,64,0,0.021610099696926857
767,500,106.86782679214919,17.936,19.116,590,65,0,0.021502049198442223
768,500,66.60302390371615,21.684,22.83,573,67,0,0.021394538952450012
769,500,94.94986008705403,17.98,19.102,561,67,0,0.02128756625768776
770,500,94.56328506928433,17.882,19.016,567,64,0,0.021181128426399323
771,500,80.6197516010413,19.256,20.366,555,62,0,0.021075222784267326
772,500,93.58925564905051,19.46,20.63,585,61,0,0.020969846670345987
773,500,69.74333489821058,22.71,23.92,605,64,0,0.020864997436994256
774,500,77.35068713246672,20.154,21.3,573,62,0,0.020760672449809284
775,500,85.61369057826622,18.264,19.358,547,62,0,0.020656869087560238
776,500,94.06436739964622,20.116,21.314,599,62,0,0.020553584742122436
777,500,70.06364785126239,21.098,22.256,579,67,0,0.020450816818411825
778,500,97.8847920546109,16.864,17.964,550,62,0,0.020348562734319765
779,500,58.135043457867305,22.294,23.428,567,61,0,0.020246819920648168
780,500,71.43296060239476,23.94,25.18,620,66,0,0.020145585821044927
781,500,89.91433414934994,19.804,20.98,588,66,0,0.020044857891939702
782,500,98.53921992443789,18.618,19.772,577,60,0,0.019944633602480003
783,500,76.90668943899301,19.922,21.054,566,62,0,0.019844910434467605
784,500,89.72984524332148,21.542,22.774,616,64,0,0.019745685882295267
785,500,97.21236331898118,20.372,21.578,603,64,0,0.01964695745288379
786,500,103.9644109086026,20.342,21.578,618,63,0,0.01954872266561937
787,500,82.89058538265168,17.842,18.914,536,64,0,0.019450979052291272
788,500,71.61685485368942,24.434,25.7,633,62,0,0.019353724157029815
789,500,88.53110430965008,21.288,22.498,605,62,0,0.019256955536244666
790,500,67.68234217407239,22.758,23.95,596,63,0,0.019160670758563442
791,500,78.80086959901834,21.698,22.892,597,62,0,0.019064867404770626
792,500,84.08637469621134,19.468,20.614,573,64,0,0.018969543067746772
793,500,111.9488718743624,17.198,18.358,580,60,0,0.018874695352408037
794,500,87.78988817952168,18.054,19.174,560,66,0,0.018780321875645996
795,500,92.30609367911578,18.52,19.668,574,65,0,0.018686420266267767
796,500,92.6856714011012,17.682,18.788,553,61,0,0.018592988164936427
797,500,86.91075530879458,21.556,22.802,623,65,0,0.018500023224111744
798,500,102.03475317109593,17.06,18.178,559,60,0,0.018407523107991184
799,500,78.92076463330321,19.822,20.964,571,65,0,0.01831548549245123
800,500,82.82709435859014,19.818,20.964,573,65,0,0.018223908064988973
801,500,97.04568086118003,17.9,19.056,578,63,0,0.018132788524664028
802,500,96.69911790842899,16.434,17.512,539,62,0,0.018042124582040707
803,500,110.09300921001758,17.188,18.34,576,62,0,0.017951913959130504
804,500,86.68255499604672,18.958,20.094,568,67,0,0.01786215438933485
805,500,64.39023969506218,22.346,23.54,597,59,0,0.017772843617388175
806,500,72.1761489320645,23.514,24.736,611,62,0,0.017683979399301233
807,500,71.61385894266888,22.492,23.684,596,64,0,0.017595559502304726
808,500,94.73286020512337,21.84,23.094,627,59,0,0.0175075817047932
809,500,103.51055222755681,15.484,16.556,536,61,0,0.017420043796269234
810,500,105.61274340021464,17.226,18.378,576,67,0,0.017332943577287888
811,500,91.42121795349163,20.342,21.542,600,63,0,0.01724627885940145
812,500,86.40654484817922,19.132,20.284,576,66,0,0.017160047465104442
813,500,98.89042174105644,18.656,19.82,582,65,0,0.01707424722777892
814,500,72.8025553762353,20.154,21.256,551,65,0,0.016988875991640028
815,500,85.67507474744147,18.618,19.758,570,65,0,0.016903931611681827
816,500,87.44742545201194,22.156,23.406,625,62,0,0.01681941195362342
817,500,94.01051265945529,17.264,18.374,555,62,0,0.016735314893855303
818,500,104.39928979312943,17.49,18.636,573,63,0,0.016651638319386028
819,500,73.8966100935941,24.136,25.392,628,63,0,0.0165683801277891
820,500,86.7709873525424,18.066,19.166,550,64,0,0.016485538227150154
821,500,84.16253227060406,18.492,19.594,551,62,0,0.0164031105360144
822,500,91.46308319055639,20.028,21.206,589,60,0,0.01632109498333433
823,500,57.73550456239958,22.31,23.468,579,58,0,0.016239489508417658
824,500,91.83262960417419,19.56,20.716,578,57,0,0.01615829206087557
825,500,104.86973043733892,18.236,19.408,586,61,0,0.01607750060057119
826,500,71.32677977017192,24.642,25.92,639,58,0,0.015997113097568336
827,500,68.97454723968272,22.606,23.808,601,59,0,0.015917127532080494
828,500,100.8526007131254,19.766,20.97,602,66,0,0.01583754189442009
829,500,65.62886894344966,20.888,22.008,560,63,0,0.01575835418494799
830,500,81.12163440571987,19.138,20.252,557,62,0,0.01567956241402325
831,500,84.45276188040454,18.454,19.556,551,66,0,0.015601164601953134
832,500,71.86026837691477,22.778,23.98,601,63,0,0.015523158778943369
833,500,81.79582724172394,20.74,21.922,591,63,0,0.015445542985048652
834,500,106.35270036664832,16.15,17.252,551,58,0,0.015368315270123408
835,500,54.58372609584731,26.458,27.712,627,62,0,0.01529147369377279
836,500,90.977371530032,16.738,17.816,539,63,0,0.015215016325303928
837,500,65.33395796860292,21.066,22.186,560,64,0,0.015138941243677408
838,500,77.9705531805015,20.486,21.628,571,60,0,0.01506324653745902
839,500,92.21880406159455,20.312,21.496,592,59,0,0.014987930304771725
840,500,82.46452293370656,19.32,20.452,566,62,0,0.014912990653247866
841,500,68.73969157261733,21.782,22.924,571,61,0,0.014838425699981627
842,500,92.73075595301216,16.042,17.102,530,66,0,0.01476423357148172
843,500,96.84790729968923,17.962,19.094,566,58,0,0.014690412403624311
844,500,87.17220437645344,19.054,20.18,563,58,0,0.01461696034160619
845,500,107.28830237901877,16.464,17.584,560,61,0,0.014543875539898159
846,500,110.26680001913354,17.932,19.128,598,65,0,0.014471156162198668
847,500,105.62379337406284,16.886,18.024,569,63,0,0.014398800381387675
848,500,104.97875233110838,18.788,19.992,602,65,0,0.014326806379480736
849,500,100.1649921457738,19.226,20.402,588,60,0,0.014255172347583332
850,500,98.84225856246235,17.778,18.916,569,62,0,0.014183896485845416
851,500,74.97850726661525,21.294,22.462,584,62,0,0.014112977003416188
852,500,67.47337225818929,20.376,21.504,564,67,0,0.014042412118399107
853,500,81.03038622780501,23.722,24.986,632,60,0,0.013972200057807112
854,500,105.99265101527695,17.134,18.262,564,61,0,0.013902339057518077
855,500,99.73740430493824,17.844,18.984,570,62,0,0.013832827362230486
856,500,90.72370182807495,20.512,21.712,600,62,0,0.013763663225419333
857,500,84.32212445829828,19.506,20.63,562,60,0,0.013694844909292236
858,500,77.76144078672573,19.906,21.03,562,65,0,0.013626370684745774
859,500,84.76032914692239,19.342,20.468,563,56,0,0.013558238831322046
860,500,97.41697639370497,17.546,18.668,561,64,0,0.013490447637165436
861,500,58.91817253890081,20.856,21.96,552,60,0,0.013422995398979608
862,500,100.66283074131857,18.3,19.468,584,66,0,0.01335588042198471
863,500,99.5726616374968,21.576,22.838,631,64,0,0.013289101019874787
864,500,90.95311196761023,18.542,19.686,572,60,0,0.013222655514775413
865,500,82.2059657239291,22.836,24.076,620,64,0,0.013156542237201536
866,500,86.84867878775556,17.858,18.958,550,61,0,0.013090759526015528
867,500,99.4092489676855,17.028,18.138,555,60,0,0.01302530572838545
868,500,94.35237405303126,19.512,20.684,586,62,0,0.012960179199743523
869,500,78.69945138096581,21.312,22.484,586,62,0,0.012895378303744804
870,500,112.01153132493607,17.218,18.372,577,63,0,0.01283090141222608
871,500,81.54249264550526,19.626,20.776,575,63,0,0.012766746905164949
872,500,91.49335215926189,18.964,20.102,569,65,0,0.012702913170639124
873,500,88.32284400668219,18.6,19.726,563,59,0,0.012639398604785928
874,500,87.37342423607586,18.478,19.608,565,63,0,0.012576201611761997
875,500,94.98493563764742,18.636,19.786,575,62,0,0.012513320603703188
876,500,95.27953723673745,17.596,18.732,568,63,0,0.012450754000684672
877,500,97.95241114681643,17.254,18.368,557,64,0,0.012388500230681249
878,500,101.96046846591277,18.502,19.654,576,58,0,0.012326557729527843
879,500,98.38026521584746,17.178,18.288,555,61,0,0.012264924940880204
880,500,72.95323962056398,23.54,24.756,608,60,0,0.012203600316175803
881,500,105.63898020817616,17.346,18.494,574,59,0,0.012142582314594924
882,500,108.43733748115436,16.638,17.774,568,64,0,0.01208186940302195
883,500,99.064458584239,18.584,19.736,576,61,0,0.01202146005600684
884,500,96.60004965336317,20.504,21.71,603,62,0,0.011961352755726806
885,500,93.48752658870228,16.704,17.772,534,60,0,0.01190154599194817
886,500,87.78917009767648,20.46,21.648,594,62,0,0.01184203826198843
887,500,95.6310176531326,18.674,19.826,576,62,0,0.011782828070678488
888,500,77.66074211705686,18.634,19.728,547,60,0,0.011723913930325095
889,500,96.11570706871639,17.874,19.008,567,60,0,0.01166529436067347
890,500,97.28382894647656,19.084,20.248,582,57,0,0.011606967888870102
891,500,75.354782958092,21.194,22.352,579,62,0,0.01154893304942575
892,500,107.96653942415666,18.866,20.07,602,64,0,0.011491188384178622
893,500,65.06102644741854,23.758,24.966,604,61,0,0.011433732442257729
894,500,107.66243018096911,18.926,20.148,611,65,0,0.01137656378004644
895,500,92.38668869740933,20.776,21.98,602,60,0,0.011319680961146208
896,500,87.35378448674017,20.482,21.67,594,63,0,0.011263082556340478
897,500,84.39343702604944,19.552,20.69,569,60,0,0.011206767143558775
898,500,83.62904219732249,18.84,19.956,558,62,0,0.011150733307840981
899,500,75.39872656075822,20.692,21.856,582,69,0,0.011094979641301777
900,500,85.03485819380838,19.618,20.76,571,61,0,0.011039504743095268
901,500,74.16960348992974,21.622,22.79,584,60,0,0.01098430721937979
902,500,102.51341445280583,17.658,18.788,565,65,0,0.010929385683282892
903,500,99.6209951368862,17.458,18.576,559,64,0,0.010874738754866477
904,500,91.96718748511151,18.968,20.11,571,61,0,0.010820365061092144
905,500,98.05335552736061,17.188,18.286,549,64,0,0.010766263235786683
906,500,99.42696960050999,20.424,21.65,613,61,0,0.01071243191960775
907,500,96.7075135895323,16.348,17.424,538,61,0,0.010658869760009713
908,500,100.56348095339851,18.318,19.474,578,62,0,0.010605575411209664
909,500,102.71123083866678,19.402,20.616,607,63,0,0.010552547534153616
910,500,98.86565724195493,19.664,20.858,597,60,0,0.010499784796482848
911,500,72.16701107233608,22.062,23.238,588,57,0,0.010447285872500434
912,500,85.49690283372352,19.924,21.106,591,66,0,0.01039504944313793
913,500,99.58391449785049,18.096,19.236,570,58,0,0.010343074195922241
914,500,96.93819136169225,16.6,17.706,553,63,0,0.01029135882494263
915,500,97.4965231138854,20.936,22.176,620,63,0,0.010239902030817916
916,500,100.62796133349937,18.05,19.2,575,65,0,0.010188702520663827
917,500,100.33010899720081,19.542,20.746,602,64,0,0.010137759008060509
918,500,101.4825698801479,19.326,20.518,596,59,0,0.010087070213020206
919,500,89.33677639990836,19.784,20.974,595,65,0,0.010036634861955105
920,500,74.07661319549914,22.484,23.7,608,62,0,0.01
921,500,95.35365894670745,18.076,19.218,571,62,0,0.01
922,500,96.59644703921884,18.818,19.976,579,61,0,0.01
923,500,100.79482730383347,18.492,19.652,580,61,0,0.01
924,500,102.62879584006477,19.066,20.282,608,63,0,0.01
925,500,101.98066623495822,19.03,20.228,599,65,0,0.01
926,500,103.78584397038796,17.194,18.328,567,60,0,0.01
927,500,103.7941590487496,19.076,20.26,592,66,0,0.01
928,500,59.28080941839559,25.592,26.822,615,59,0,0.01
929,500,86.90789519646654,21.938,23.17,616,60,0,0.01
930,500,93.66979579458406,17.938,19.046,554,62,0,0.01
931,500,82.08435788256996,19.308,20.438,565,62,0,0.01
932,500,89.82411896488951,17.736,18.824,544,63,0,0.01
933,500,100.1215722073774,18.37,19.528,579,62,0,0.01
934,500,77.70730076755798,20.144,21.278,567,61,0,0.01
935,500,94.73024222421111,16.812,17.9,544,59,0,0.01
936,500,96.86690256752985,19.984,21.198,607,59,0,0.01
937,500,78.2260060336142,20.198,21.33,566,61,0,0.01
938,500,98.53322045362312,17.294,18.436,571,64,0,0.01
939,500,87.59502813657998,20.0,21.164,582,61,0,0.01
940,500,110.989556594081,19.77,21.014,622,58,0,0.01
941,500,94.48375186403264,17.976,19.114,569,65,0,0.01
942,500,96.31325575984296,19.56,20.756,598,64,0,0.01
943,500,87.7118272831302,19.268,20.422,577,62,0,0.01
944,500,88.42942833233188,20.272,21.446,587,62,0,0.01
945,500,93.79223341970099,17.436,18.532,548,63,0,0.01
946,500,83.456675013653,22.0,23.234,617,62,0,0.01
947,500,83.53468315020554,19.572,20.694,561,59,0,0.01
948,500,71.29754884091962,24.618,25.878,630,61,0,0.01
949,500,92.69998204762689,16.306,17.372,533,63,0,0.01
950,500,88.88225304323855,19.59,20.742,576,62,0,0.01
951,500,89.24745613062599,17.398,18.502,552,63,0,0.01
952,500,84.85717916838031,19.748,20.91,581,63,0,0.01
953,500,105.11895748273382,16.864,17.986,561,62,0,0.01
954,500,92.55111352016395,18.27,19.392,561,61,0,0.01
955,500,97.85104275552523,15.074,16.108,517,57,0,0.01
956,500,103.1085995375579,20.042,21.28,619,61,0,0.01
957,500,94.55959306027735,19.742,20.938,598,61,0,0.01
958,500,84.28908802839625,20.944,22.106,581,56,0,0.01
959,500,89.98191920930675,16.83,17.892,531,64,0,0.01
960,500,91.01816941820219,19.186,20.364,589,63,0,0.01
961,500,93.38802520757703,19.568,20.744,588,62,0,0.01
962,500,96.59522190777297,17.868,19.016,574,64,0,0.01
963,500,94.93313353307656,21.35,22.606,628,65,0,0.01
964,500,85.98707945786003,22.73,23.998,634,60,0,0.01
965,500,74.99718143350019,21.004,22.172,584,62,0,0.01
966,500,92.87608878748081,18.142,19.274,566,62,0,0.01
967,500,85.98440986045651,17.47,18.572,551,62,0,0.01
968,500,93.26934146661816,18.384,19.512,564,62,0,0.01
969,500,84.10210929137448,22.522,23.778,628,63,0,0.01
970,500,115.65486607335359,16.988,18.158,585,58,0,0.01
971,500,104.66892254007365,19.086,20.292,603,62,0,0.01
972,500,98.57013663090719,17.074,18.166,546,60,0,0.01
973,500,96.77056480833406,17.288,18.378,545,60,0,0.01
974,500,62.78474681508693,21.856,22.996,570,61,0,0.01
975,500,90.13642914841402,18.12,19.252,566,64,0,0.01
976,500,76.032461660329,20.542,21.69,574,60,0,0.01
977,500,85.41114414394521,19.464,20.596,566,57,0,0.01
978,500,87.89062788383055,19.106,20.258,576,59,0,0.01
979,500,80.92928406470914,20.072,21.222,575,64,0,0.01
980,500,108.25106868023903,18.432,19.632,600,62,0,0.01
981,500,112.57076467150732,17.114,18.296,591,66,0,0.01
982,500,95.6049661474337,18.558,19.728,585,62,0,0.01
983,500,88.66751242955591,18.726,19.862,568,63,0,0.01
984,500,91.53674099848696,19.48,20.636,578,57,0,0.01
985,500,74.30598230039423,20.746,21.898,576,60,0,0.01
986,500,83.00752505070213,24.484,25.792,654,61,0,0.01
987,500,98.57242292901269,19.326,20.51,592,61,0,0.01
988,500,108.5133522544632,16.946,18.092,573,61,0,0.01
989,500,100.95356528779868,19.066,20.266,600,64,0,0.01
990,500,96.72303324980011,20.57,21.806,618,61,0,0.01
991,500,66.74515794065879,24.994,26.24,623,55,0,0.01
992,500,109.39280769268488,17.264,18.432,584,66,0,0.01
993,500,85.27518755449788,20.556,21.744,594,63,0,0.01
994,500,78.28146351216834,20.388,21.538,575,62,0,0.01
995,500,98.3427942751222,18.404,19.582,589,62,0,0.01
996,500,103.23574816035398,18.228,19.39,581,64,0,0.01
997,500,103.20545688459845,17.374,18.518,572,62,0,0.01
998,500,95.22705515188386,19.46,20.65,595,64,0,0.01
999,500,74.6197545341188,22.3,23.528,614,64,0,0.01
1000,500,100.3924385546977,18.824,20.0,588,61,0,0.01
1001,500,104.37961894462252,19.15,20.356,603,61,0,0.01
1002,500,92.93435508506272,18.244,19.396,576,64,0,0.01
1003,500,92.33057143270159,19.094,20.244,575,63,0,0.01
1004,500,99.32783295775539,17.236,18.348,556,63,0,0.01
1005,500,80.0673193429493,19.322,20.43,554,62,0,0.01
1006,500,101.1732933860155,17.102,18.216,557,64,0,0.01
1007,500,96.63084375287723,19.606,20.818,606,63,0,0.01
1008,500,78.89497821245249,17.262,18.306,522,59,0,0.01
1009,500,96.19181449315663,18.174,19.33,578,63,0,0.01
1010,500,65.99721432240148,23.418,24.62,601,61,0,0.01
1011,500,95.30536533861066,20.968,22.19,611,65,0,0.01
1012,500,104.27069849410566,17.024,18.146,561,60,0,0.01
1013,500,93.23882678703721,20.786,22.0,607,62,0,0.01
1014,500,92.7978422656353,18.834,19.994,580,64,0,0.01
1015,500,93.24557511567728,19.53,20.694,582,62,0,0.01
1016,500,87.35969766243265,17.162,18.256,547,65,0,0.01
1017,500,86.25452556022165,18.47,19.598,564,60,0,0.01
1018,500,90.12927911607673,19.04,20.188,574,62,0,0.01
1019,500,97.93364400560876,17.026,18.14,557,64,0,0.01
1020,500,97.45489186249736,18.458,19.608,575,62,0,0.01
1021,500,91.74455645019661,19.508,20.662,577,63,0,0.01
1022,500,66.09690279551968,22.576,23.746,585,64,0,0.01
1023,500,105.08453113644295,17.236,18.374,569,65,0,0.01
1024,500,103.79354208696618,19.394,20.6,603,59,0,0.01
1025,500,103.0960153796984,19.096,20.312,608,64,0,0.01
1026,500,112.85927658476305,17.832,19.012,590,62,0,0.01
1027,500,107.70826749335603,19.3,20.51,605,62,0,0.01
1028,500,94.86076794440469,17.396,18.51,557,58,0,0.01
1029,500,88.54592868497673,19.142,20.284,571,63,0,0.01
1030,500,83.35434804230258,17.926,19.024,549,63,0,0.01
1031,500,83.98782016994642,22.772,24.016,622,59,0,0.01
1032,500,102.47910453123515,21.46,22.736,638,62,0,0.01
1033,500,88.2184433925375,19.756,20.908,576,61,0,0.01
1034,500,102.35561388519754,18.046,19.21,582,62,0,0.01
1035,500,99.30210287620321,19.954,21.156,601,62,0,0.01
1036,500,75.21819621512344,19.642,20.746,552,59,0,0.01
1037,500,56.54569860195098,26.648,27.938,645,63,0,0.01
1038,500,83.80183339173905,17.934,19.024,545,61,0,0.01
1039,500,94.57014835610597,18.536,19.69,577,67,0,0.01
1040,500,104.85371903212898,16.18,17.288,554,61,0,0.01
1041,500,81.01192520608527,20.806,21.968,581,66,0,0.01
1042,500,101.30694755965371,18.402,19.56,579,62,0,0.01
1043,500,85.27803773135696,20.758,21.946,594,62,0,0.01
1044,500,90.6070246420975,19.558,20.718,580,60,0,0.01
1045,500,65.09458539824287,19.984,21.062,539,61,0,0.01
1046,500,115.38088185443992,16.278,17.406,564,62,0,0.01
1047,500,86.46975938538503,18.672,19.788,558,66,0,0.01
1048,500,77.75910759493627,22.48,23.694,607,61,0,0.01
1049,500,112.65528715102323,16.226,17.356,565,63,0,0.01
1050,500,103.42567412498259,21.376,22.65,637,63,0,0.01
1051,500,98.73344281146726,17.624,18.744,560,60,0,0.01
1052,500,75.07181866200119,22.744,23.946,601,61,0,0.01
1053,500,92.46912190628143,19.078,20.226,574,63,0,0.01
1054,500,83.25616297721585,20.228,21.388,580,61,0,0.01
1055,500,98.24192088504186,17.592,18.718,563,63,0,0.01
1056,500,92.63875387127334,17.63,18.728,549,63,0,0.01
1057,500,75.29923218202411,19.964,21.114,575,63,0,0.01
1058,500,93.54859470292057,20.322,21.528,603,59,0,0.01
1059,500,98.53149217522727,17.578,18.73,576,66,0,0.01
1060,500,74.34171617060251,21.37,22.528,579,64,0,0.01
1061,500,92.71115723831655,17.818,18.942,562,62,0,0.01
1062,500,82.54204079185563,20.562,21.746,592,66,0,0.01
1063,500,86.69037507319757,19.472,20.63,579,65,0,0.01
1064,500,96.16441475209146,17.808,18.946,569,62,0,0.01
1065,500,76.10863975204178,19.446,20.556,555,62,0,0.01
1066,500,72.04227982353092,23.386,24.612,613,61,0,0.01
1067,500,82.28110284311136,19.8,20.934,567,64,0,0.01
1068,500,102.37134701382199,19.588,20.798,605,62,0,0.01
1069,500,99.56650470732161,17.062,18.17,554,66,0,0.01
1070,500,96.92049335910913,15.64,16.68,520,61,0,0.01
1071,500,86.69601355176434,19.702,20.858,578,65,0,0.01
1072,500,79.1304438389101,21.372,22.57,599,60,0,0.01
1073,500,72.08425676250852,21.44,22.594,577,61,0,0.01
1074,500,40.56723141462523,24.532,25.738,603,65,0,0.01
1075,500,87.80362501182492,19.312,20.47,579,64,0,0.01
1076,500,109.73009942312713,18.032,19.206,587,62,0,0.01
1077,500,79.77877665371328,18.782,19.884,551,62,0,0.01
1078,500,100.85416241684842,17.34,18.464,562,63,0,0.01
1079,500,58.07619129767322,22.854,23.988,567,54,0,0.01
1080,500,109.9388508246549,17.514,18.694,590,65,0,0.01
1081,500,96.44921234929039,18.464,19.606,571,62,0,0.01
1082,500,78.8148609343184,20.04,21.168,564,64,0,0.01
1083,500,94.4782667684011,16.93,18.006,538,60,0,0.01
1084,500,78.39181312398414,21.31,22.522,606,63,0,0.01
1085,500,82.02172953116755,19.632,20.766,567,61,0,0.01
1086,500,78.73690115798858,19.158,20.278,560,65,0,0.01
1087,500,99.37466109272053,20.834,22.064,615,59,0,0.01
1088,500,69.08444206477141,21.444,22.612,584,65,0,0.01
1089,500,97.95519912533297,16.76,17.882,561,67,0,0.01
1090,500,80.08118986102403,20.344,21.508,582,62,0,0.01
1091,500,77.64302653023124,20.81,21.964,577,60,0,0.01
1092,500,96.52503270502386,19.82,21.028,604,64,0,0.01
1093,500,86.28390287001791,21.27,22.474,602,60,0,0.01
1094,500,85.33612751879706,19.298,20.424,563,61,0,0.01
1095,500,97.11512999822529,16.954,18.052,549,64,0,0.01
1096,500,93.45463589296176,19.874,21.058,592,63,0,0.01
1097,500,106.13603738018577,17.14,18.282,571,64,0,0.01
1098,500,98.4198057300529,17.338,18.468,565,65,0,0.01
1099,500,102.43556816811864,17.186,18.308,561,58,0,0.01
1100,500,91.4041790906797,19.83,21.02,595,61,0,0.01
1101,500,73.35494774303481,21.31,22.48,585,66,0,0.01
1102,500,106.06951966912358,17.352,18.486,567,63,0,0.01
1103,500,107.38201368837214,16.22,17.352,566,61,0,0.01
1104,500,99.85352493774478,17.774,18.916,571,60,0,0.01
1105,500,92.05378833022905,17.896,19.012,558,64,0,0.01
1106,500,98.93004318119459,17.366,18.49,562,64,0,0.01
1107,500,81.17008432982945,18.446,19.548,551,60,0,0.01
1108,500,94.28037059995516,17.63,18.754,562,64,0,0.01
1109,500,87.52490927791231,20.034,21.208,587,62,0,0.01
1110,500,107.16104026458021,17.872,19.066,597,62,0,0.01
1111,500,101.73423628339232,18.868,20.048,590,58,0,0.01
1112,500,95.6026420709568,20.08,21.27,595,61,0,0.01
1113,500,105.97282710702589,20.128,21.372,622,66,0,0.01
1114,500,101.00898026517375,17.98,19.124,572,62,0,0.01
1115,500,91.81632087159737,18.61,19.748,569,64,0,0.01
1116,500,101.92447862616903,19.27,20.462,596,63,0,0.01
1117,500,93.89201780021938,20.14,21.33,595,60,0,0.01
1118,500,75.28879070102953,22.09,23.278,594,59,0,0.01
1119,500,99.01724372704416,19.646,20.832,593,62,0,0.01
1120,500,89.41446815831274,20.098,21.278,590,60,0,0.01
1121,500,83.89123458695421,18.866,19.984,559,62,0,0.01
1122,500,77.97506096848376,21.796,22.99,597,62,0,0.01
1123,500,80.43784159767769,17.078,18.11,516,63,0,0.01
1124,500,104.13088511070849,19.864,21.09,613,63,0,0.01
1125,500,96.1497243857275,20.24,21.454,607,61,0,0.01
1126,500,91.86152038168979,18.888,20.046,579,64,0,0.01
1127,500,106.22475126953576,20.3,21.546,623,65,0,0.01
1128,500,90.62750980304094,19.556,20.706,575,62,0,0.01
1129,500,99.14139758216714,16.888,17.994,553,60,0,0.01
1130,500,104.35622205485978,19.294,20.5,603,64,0,0.01
1131,500,76.63377875831998,23.016,24.232,608,61,0,0.01
1132,500,92.54164902362744,19.606,20.788,591,66,0,0.01
1133,500,91.21649838951664,19.17,20.33,580,59,0,0.01
1134,500,99.40137874058205,17.794,18.946,576,63,0,0.01
1135,500,94.43601155283817,18.362,19.492,565,60,0,0.01
1136,500,73.95837104952994,20.41,21.548,569,67,0,0.01
1137,500,94.42396343082942,18.556,19.698,571,67,0,0.01
1138,500,75.76821989134594,18.488,19.562,537,61,0,0.01
1139,500,88.0760859517695,19.714,20.864,575,63,0,0.01
1140,500,118.06672225210329,18.324,19.556,616,63,0,0.01
1141,500,93.77266401444676,17.526,18.628,551,60,0,0.01
1142,500,89.52727471222059,18.786,19.946,580,69,0,0.01
1143,500,75.29447900635762,20.514,21.648,567,64,0,0.01
1144,500,99.6143412491075,20.744,21.976,616,63,0,0.01
1145,500,92.97399736571187,17.356,18.464,554,65,0,0.01
1146,500,97.92520875640422,18.856,20.028,586,64,0,0.01
1147,500,103.8874891717259,18.384,19.548,582,60,0,0.01
1148,500,100.9014629227834,19.874,21.092,609,64,0,0.01
1149,500,105.78814052715353,19.376,20.61,617,65,0,0.01
1150,500,76.88561873862855,21.096,22.254,579,65,0,0.01
1151,500,91.27062815002435,18.994,20.14,573,59,0,0.01
1152,500,79.10282769641086,20.662,21.828,583,61,0,0.01
1153,500,107.09999592395071,17.68,18.86,590,63,0,0.01
1154,500,94.29250290416529,19.52,20.696,588,60,0,0.01
1155,500,97.16500387097255,20.688,21.926,619,63,0,0.01
1156,500,82.25384736966903,19.662,20.788,563,63,0,0.01
1157,500,87.76474102750446,17.098,18.154,528,60,0,0.01
1158,500,91.98700406777999,19.048,20.204,578,62,0,0.01
1159,500,93.25025794726244,20.894,22.126,616,64,0,0.01
1160,500,90.91558826704608,18.546,19.684,569,62,0,0.01
1161,500,88.28061989029035,20.376,21.554,589,61,0,0.01
1162,500,100.55639247302129,18.89,20.074,592,60,0,0.01
1163,500,90.64875733673834,20.466,21.662,598,60,0,0.01
1164,500,94.92453903478152,17.964,19.078,557,58,0,0.01
1165,500,92.404199931191,20.228,21.416,594,63,0,0.01
1166,500,97.55492048735232,18.304,19.442,569,63,0,0.01
1167,500,91.0079322902518,19.676,20.852,588,64,0,0.01
1168,500,98.20690541986987,15.084,16.126,521,61,0,0.01
1169,500,111.118156685226,18.666,19.872,603,62,0,0.01
1170,500,88.17018756281219,18.874,19.994,560,64,0,0.01
1171,500,96.31034077475513,16.164,17.228,532,65,0,0.01
1172,500,104.74119922373673,15.902,17.002,550,67,0,0.01
1173,500,86.88519261496043,16.258,17.294,518,59,0,0.01
1174,500,79.1995853899285,21.594,22.776,591,64,0,0.01
1175,500,106.62912280006407,16.776,17.888,556,59,0,0.01
1176,500,106.72461547084319,17.984,19.166,591,62,0,0.01
1177,500,94.09457302666169,17.374,18.462,544,62,0,0.01
1178,500,83.1194542736745,20.358,21.516,579,63,0,0.01
1179,500,100.15100781286493,17.28,18.406,563,62,0,0.01
1180,500,93.04467277755063,18.35,19.484,567,64,0,0.01
1181,500,93.62938202586818,18.966,20.132,583,62,0,0.01
1182,500,81.2157993584526,19.984,21.134,575,60,0,0.01
1183,500,102.23332931982432,17.202,18.328,563,66,0,0.01
1184,500,90.18879985454585,18.402,19.524,561,66,0,0.01
1185,500,103.67580487767654,18.12,19.282,581,62,0,0.01
1186,500,80.48962790773605,19.53,20.638,554,63,0,0.01
1187,500,88.5632766003542,19.994,21.17,588,65,0,0.01
1188,500,109.49348405530361,16.63,17.764,567,62,0,0.01
1189,500,86.87204815780679,21.426,22.642,608,62,0,0.01
1190,500,93.09500550633891,17.54,18.666,563,64,0,0.01
1191,500,66.8541264282069,23.28,24.504,612,64,0,0.01
1192,500,89.10641826216508,20.332,21.51,589,65,0,0.01
1193,500,98.20858533804298,18.106,19.26,577,65,0,0.01
1194,500,100.78259355637051,18.176,19.336,580,62,0,0.01
1195,500,86.49074915981707,18.952,20.1,574,64,0,0.01
1196,500,72.75392129321033,21.844,23.012,584,64,0,0.01
1197,500,98.75621248078619,17.84,18.988,574,66,0,0.01
1198,500,95.99777576504266,18.174,19.308,567,62,0,0.01
1199,500,98.17808970924328,18.88,20.06,590,66,0,0.01
1200,500,83.58358639450361,19.444,20.59,573,61,0,0.01
1201,500,95.66833700065241,20.298,21.5,601,63,0,0.01
1202,500,94.25454786727167,20.348,21.554,603,65,0,0.01
1203,500,68.59377401888378,21.334,22.498,582,61,0,0.01
1204,500,96.4804911913553,19.0,20.17,585,63,0,0.01
1205,500,93.56103280342761,18.998,20.166,584,67,0,0.01
1206,500,79.34205599914802,21.516,22.714,599,64,0,0.01
1207,500,98.10708472751898,17.666,18.79,562,63,0,0.01
1208,500,98.73764122369248,18.072,19.23,579,64,0,0.01
1209,500,97.78992921416186,17.782,18.93,574,66,0,0.01
1210,500,85.35640800350508,20.41,21.576,583,60,0,0.01
1211,500,89.03176019315265,18.19,19.338,574,64,0,0.01
1212,500,82.24261177036672,19.492,20.62,564,61,0,0.01
1213,500,91.37623484483356,20.408,21.602,597,61,0,0.01
1214,500,112.4155465860236,17.65,18.842,596,64,0,0.01
1215,500,96.93122842134792,19.542,20.74,599,66,0,0.01
1216,500,75.26404671924809,22.974,24.2,613,62,0,0.01
1217,500,108.38159293389367,17.504,18.666,581,62,0,0.01
1218,500,106.83446046917027,18.628,19.828,600,63,0,0.01
1219,500,96.26986692061777,19.052,20.226,587,64,0,0.01
1220,500,99.97082055204459,19.926,21.148,611,64,0,0.01
1221,500,91.59142552243583,18.294,19.42,563,64,0,0.01
1222,500,91.7117965071502,19.426,20.582,578,62,0,0.01
1223,500,92.8698234116616,18.802,19.95,574,61,0,0.01
1224,500,95.84593152068801,17.558,18.688,565,64,0,0.01
1225,500,72.64538349560934,21.686,22.862,588,60,0,0.01
1226,500,84.97450115904405,17.198,18.25,526,62,0,0.01
1227,500,94.2282356692299,16.586,17.664,539,59,0,0.01
1228,500,86.58451240885285,19.458,20.61,576,64,0,0.01
1229,500,104.25587232904914,17.132,18.27,569,66,0,0.01
1230,500,109.7986324812919,16.48,17.608,564,62,0,0.01
1231,500,88.47325697681683,17.864,18.972,554,62,0,0.01
1232,500,99.96168448204627,20.496,21.732,618,68,0,0.01
1233,500,89.72719795296788,18.204,19.326,561,59,0,0.01
1234,500,101.8565003314454,19.82,21.038,609,62,0,0.01
1235,500,102.03014361666968,16.794,17.926,566,65,0,0.01
1236,500,85.16881995347333,19.738,20.888,575,68,0,0.01
1237,500,90.38249875411402,18.24,19.352,556,63,0,0.01
1238,500,101.56621063622354,21.714,22.986,636,61,0,0.01
1239,500,82.13283011372957,20.53,21.708,589,61,0,0.01
1240,500,104.03699664483136,17.506,18.656,575,60,0,0.01
1241,500,111.60734216359319,17.722,18.896,587,63,0,0.01
1242,500,90.33302984133249,18.388,19.512,562,62,0,0.01
1243,500,84.83667349011692,19.866,21.034,584,61,0,0.01
1244,500,106.83135285623699,18.318,19.494,588,62,0,0.01
1245,500,99.77309681731523,18.182,19.328,573,64,0,0.01
1246,500,88.68686543337586,18.296,19.41,557,64,0,0.01
1247,500,74.47210967156312,23.698,24.93,616,64,0,0.01
1248,500,86.99958822563976,20.01,21.18,585,63,0,0.01
1249,500,92.85700380158625,19.144,20.314,585,61,0,0.01
1250,500,99.58607557911468,18.488,19.652,582,64,0,0.01
1251,500,90.63873482049202,19.266,20.42,577,62,0,0.01
1252,500,101.5884204961028,17.364,18.506,571,63,0,0.01
1253,500,84.60572770003131,19.042,20.164,561,59,0,0.01
1254,500,96.33718721891786,19.044,20.21,583,66,0,0.01
1255,500,88.03575310898638,19.288,20.438,575,62,0,0.01
1256,500,93.35332937682188,17.86,18.97,555,62,0,0.01
1257,500,84.77640942967508,17.964,19.042,539,62,0,0.01
1258,500,107.29868409778322,16.716,17.842,563,66,0,0.01
1259,500,110.57787399239541,16.96,18.102,571,62,0,0.01
1260,500,109.0826274912532,16.932,18.08,574,65,0,0.01
1261,500,90.91393212246177,18.946,20.098,576,62,0,0.01
1262,500,102.37193140989551,17.422,18.544,561,60,0,0.01
1263,500,101.2012599389118,18.438,19.608,585,65,0,0.01
1264,500,103.74396847466315,17.566,18.72,577,63,0,0.01
1265,500,74.27824240759227,19.692,20.806,557,61,0,0.01
1266,500,75.93928427390549,19.374,20.498,562,65,0,0.01
1267,500,73.51288020668476,18.664,19.758,547,62,0,0.01
1268,500,99.31144329924597,17.744,18.894,575,67,0,0.01
1269,500,89.71559142594857,17.516,18.616,550,63,0,0.01
1270,500,88.77391112975164,19.884,21.058,587,64,0,0.01
1271,500,81.78557953192228,20.77,21.956,593,62,0,0.01
1272,500,95.17679423371588,19.864,21.076,606,64,0,0.01
1273,500,98.30543714923087,20.55,21.792,621,65,0,0.01
1274,500,100.11216811945353,18.368,19.524,578,66,0,0.01
1275,500,95.57814380005088,19.622,20.806,592,63,0,0.01
1276,500,91.98878396266707,18.992,20.14,574,62,0,0.01
1277,500,84.99058763114296,22.39,23.64,625,62,0,0.01
1278,500,86.64030710606613,17.312,18.374,531,65,0,0.01
1279,500,88.85620153753977,19.474,20.644,585,62,0,0.01
1280,500,84.75797185835305,17.96,19.066,553,62,0,0.01
1281,500,65.87793234724924,20.398,21.526,564,61,0,0.01
1282,500,87.84824924115604,20.708,21.902,597,65,0,0.01
1283,500,98.86830827843133,15.864,16.928,532,61,0,0.01
1284,500,88.19175473092625,20.588,21.77,591,60,0,0.01
1285,500,87.71586823599542,16.526,17.576,525,64,0,0.01
1286,500,107.9672062127018,16.758,17.88,561,60,0,0.01
1287,500,95.48731165380678,17.864,18.986,561,61,0,0.01
1288,500,96.05772898318887,17.702,18.848,573,64,0,0.01
1289,500,80.04246040298642,18.296,19.372,538,62,0,0.01
1290,500,102.46616996297841,19.888,21.118,615,63,0,0.01
1291,500,90.79667933253188,18.588,19.726,569,63,0,0.01
1292,500,100.17515713991281,18.62,19.794,587,61,0,0.01
1293,500,74.3213972611407,22.996,24.242,623,61,0,0.01
1294,500,96.45699986073133,17.118,18.222,552,63,0,0.01
1295,500,96.72784715727026,19.2,20.382,591,61,0,0.01
1296,500,110.44829627041003,17.802,18.984,591,61,0,0.01
1297,500,85.85811544138963,19.716,20.88,582,62,0,0.01
1298,500,92.13016377259468,18.772,19.924,576,63,0,0.01
1299,500,96.86435851015888,17.102,18.21,554,58,0,0.01
1300,500,100.339171466849,17.344,18.466,561,63,0,0.01
1301,500,85.06390382079788,19.642,20.786,572,62,0,0.01
1302,500,94.67989012145044,18.724,19.892,584,64,0,0.01
1303,500,95.77111256938386,19.89,21.076,593,59,0,0.01
1304,500,90.36002755550945,17.892,19.012,560,67,0,0.01
1305,500,97.3348833365697,19.928,21.128,600,63,0,0.01
1306,500,99.4157032252275,20.424,21.648,612,63,0,0.01
1307,500,104.24585127934184,17.444,18.604,580,67,0,0.01
1308,500,106.29536301649323,19.094,20.306,606,61,0,0.01
1309,500,75.0428624298747,19.174,20.264,545,62,0,0.01
1310,500,100.43537554027324,20.276,21.504,614,60,0,0.01
1311,500,99.74366968075755,17.184,18.308,562,63,0,0.01
1312,500,94.10783863134287,20.678,21.906,614,64,0,0.01
1313,500,98.87954534427234,17.55,18.674,562,58,0,0.01
1314,500,88.74599587015564,18.258,19.386,564,63,0,0.01
1315,500,96.90633691567511,16.664,17.766,551,61,0,0.01
1316,500,96.61025568214235,19.666,20.878,606,63,0,0.01
1317,500,75.48184332937272,23.92,25.184,632,60,0,0.01
1318,500,90.69003345492197,17.264,18.342,539,60,0,0.01
1319,500,104.21413084228719,17.794,18.958,582,65,0,0.01
1320,500,91.82085796902096,18.238,19.368,565,63,0,0.01
1321,500,87.97238257895883,18.066,19.176,555,63,0,0.01
1322,500,94.78526836643553,17.826,18.968,571,63,0,0.01
1323,500,97.22247848635894,21.572,22.828,628,60,0,0.01
1324,500,106.32246396365281,19.058,20.268,605,66,0,0.01
1325,500,100.229883021693,17.728,18.868,570,62,0,0.01
1326,500,110.15770599155267,17.264,18.424,580,63,0,0.01
1327,500,82.4860388085205,21.32,22.506,593,62,0,0.01
1328,500,98.72769116444877,17.51,18.62,555,62,0,0.01
1329,500,71.43508586168001,18.946,20.022,538,59,0,0.01
1330,500,96.49505112821625,20.35,21.544,597,58,0,0.01
1331,500,94.831373373557,18.246,19.404,579,66,0,0.01
1332,500,93.50048346400885,20.19,21.364,587,60,0,0.01
1333,500,107.41444552807152,17.586,18.754,584,65,0,0.01
1334,500,101.81621763861484,18.11,19.266,578,64,0,0.01
1335,500,78.49414595437825,20.794,21.95,578,61,0,0.01
1336,500,99.47750700553344,18.504,19.67,583,60,0,0.01
1337,500,100.06427263559378,17.544,18.698,577,61,0,0.01
1338,500,84.94884467784213,21.536,22.75,607,66,0,0.01
1339,500,84.62784816504778,18.234,19.338,552,63,0,0.01
1340,500,68.99683134629451,20.92,22.044,562,62,0,0.01
1341,500,85.8117647233926,20.634,21.828,597,64,0,0.01
1342,500,75.59026437906238,20.134,21.266,566,64,0,0.01
1343,500,95.43008600556448,19.18,20.36,590,63,0,0.01
1344,500,86.2484252925365,19.76,20.91,575,61,0,0.01
1345,500,92.17571222654507,18.168,19.298,565,62,0,0.01
1346,500,67.43464605642046,21.874,23.032,579,63,0,0.01
1347,500,93.7097485943377,18.902,20.054,576,62,0,0.01
1348,500,79.81630067746853,19.3,20.398,549,58,0,0.01
1349,500,88.91038144800004,18.022,19.112,545,57,0,0.01
1350,500,90.84266938147191,17.098,18.182,542,63,0,0.01
1351,500,86.16255278792426,18.368,19.478,555,62,0,0.01
1352,500,101.95943921858081,18.008,19.162,577,63,0,0.01
1353,500,76.71935589195812,16.35,17.354,502,58,0,0.01
1354,500,107.17503192307134,16.732,17.852,560,66,0,0.01
1355,466,47.301670396526006,21.459227467811157,22.59442060085837,529,60,1,0.01
1356,500,70.06534714340782,23.03,24.222,596,54,0,0.01
1357,500,81.36882705323089,20.734,21.912,589,63,0,0.01
1358,500,79.88885710425602,18.142,19.216,537,62,0,0.01
1359,500,88.63262218122563,18.074,19.196,561,60,0,0.01
1360,500,84.36578799464911,16.464,17.518,527,62,0,0.01
1361,500,95.4171602294291,16.042,17.112,535,61,0,0.01
1362,500,82.70515108830152,20.656,21.856,600,64,0,0.01
1363,500,105.07934776779449,19.612,20.838,613,58,0,0.01
1364,500,110.42054611894812,16.802,17.946,572,66,0,0.01
1365,500,90.8875528366073,20.64,21.836,598,59,0,0.01
1366,500,95.12567975820124,20.872,22.104,616,65,0,0.01
1367,500,73.45238362710498,21.07,22.248,589,62,0,0.01
1368,500,100.03129629111328,17.118,18.26,571,62,0,0.01
1369,500,81.8146562580829,21.142,22.326,592,61,0,0.01
1370,500,78.30707309968639,20.868,22.042,587,63,0,0.01
1371,500,96.68828612574487,19.152,20.312,580,61,0,0.01
1372,500,100.57916246553157,19.628,20.83,601,64,0,0.01
1373,500,88.03405739630068,21.432,22.652,610,61,0,0.01
1374,500,104.13554416870491,17.802,18.972,585,65,0,0.01
1375,500,85.1746217504442,18.58,19.672,546,57,0,0.01
1376,500,87.46859938535916,21.442,22.668,613,59,0,0.01
1377,500,91.3004862997203,18.642,19.786,572,63,0,0.01
1378,500,76.9653668787756,19.834,20.938,552,63,0,0.01
1379,500,73.92493259273981,20.99,22.142,576,63,0,0.01
1380,500,94.19004518012073,18.702,19.854,576,61,0,0.01
1381,500,108.8641640925835,18.102,19.29,594,63,0,0.01
1382,500,95.10718942704045,19.65,20.834,592,62,0,0.01
1383,500,86.02423076416854,20.696,21.882,593,65,0,0.01
1384,500,98.05490843896247,16.332,17.412,540,60,0,0.01
1385,500,87.94828633494123,18.466,19.594,564,65,0,0.01
1386,500,88.04752621067843,22.114,23.358,622,63,0,0.01
1387,500,96.4844289112379,15.802,16.864,531,61,0,0.01
1388,500,104.06534324075692,18.304,19.466,581,62,0,0.01
1389,500,109.81717589548292,19.442,20.684,621,66,0,0.01
1390,500,108.64750989824226,17.53,18.692,581,62,0,0.01
1391,500,107.59572537791387,17.112,18.252,570,63,0,0.01
1392,500,91.59428595795484,18.438,19.566,564,63,0,0.01
1393,500,44.60562136730833,26.924,28.184,630,59,0,0.01
1394,500,98.69639620468025,21.622,22.894,636,62,0,0.01
1395,500,95.51994084415934,21.202,22.434,616,62,0,0.01
1396,500,80.93830696625608,19.618,20.742,562,62,0,0.01
1397,500,97.5249162803036,16.394,17.47,538,62,0,0.01
1398,500,106.51327132853065,18.404,19.606,601,66,0,0.01
1399,500,87.70172563068124,21.552,22.778,613,66,0,0.01
1400,500,92.82688495954739,15.842,16.872,515,59,0,0.01
1401,500,75.83662398654663,22.222,23.418,598,62,0,0.01
1402,500,108.29751383909725,19.54,20.776,618,63,0,0.01
1403,500,100.07416146606852,18.976,20.156,590,61,0,0.01
1404,500,79.10634759489241,21.768,22.986,609,66,0,0.01
1405,500,97.29020928047727,20.334,21.552,609,61,0,0.01
1406,500,83.54834931523617,22.222,23.444,611,62,0,0.01
1407,500,104.30791460864289,18.188,19.358,585,61,0,0.01
1408,500,77.68635170457507,19.114,20.232,559,61,0,0.01
1409,500,92.33425464958741,18.808,19.956,574,61,0,0.01
1410,500,83.63037170509888,21.236,22.44,602,64,0,0.01
1411,500,88.12791150673795,19.904,21.082,589,62,0,0.01
1412,500,83.67283485316575,22.244,23.458,607,55,0,0.01
1413,500,106.37151179876477,19.684,20.916,616,62,0,0.01
1414,500,103.59897758166134,18.184,19.342,579,66,0,0.01
1415,500,85.90078294250075,19.088,20.222,567,58,0,0.01
1416,500,102.87952482695229,17.646,18.776,565,62,0,0.01
1417,500,107.90739840552592,18.444,19.64,598,63,0,0.01
1418,500,86.93466446081933,19.13,20.284,577,62,0,0.01
1419,500,82.51375492773383,18.948,20.048,550,61,0,0.01
1420,500,98.18754215738987,15.568,16.632,532,64,0,0.01
1421,500,80.71685237937335,23.904,25.176,636,57,0,0.01
1422,500,91.21442849284513,17.254,18.34,543,64,0,0.01
1423,500,76.79436372498492,18.078,19.154,538,61,0,0.01
1424,500,89.24181064966781,20.768,21.992,612,63,0,0.01
1425,500,89.73415568065083,20.888,22.094,603,61,0,0.01
1426,500,87.54472765031066,22.148,23.39,621,60,0,0.01
1427,500,80.29794728834781,21.38,22.57,595,59,0,0.01
1428,500,98.0612268978118,17.408,18.54,566,66,0,0.01
1429,500,94.06851451857149,20.858,22.082,612,62,0,0.01
1430,500,93.1053992734932,19.772,20.958,593,62,0,0.01
1431,500,99.55693730099355,18.468,19.62,576,61,0,0.01
1432,500,86.48968066757502,20.728,21.922,597,62,0,0.01
1433,500,88.43401525651696,18.098,19.21,556,62,0,0.01
1434,500,94.34322593464282,18.11,19.238,564,65,0,0.01
1435,500,83.19713366049774,18.17,19.274,552,67,0,0.01
1436,500,86.2830577816013,19.786,20.934,574,60,0,0.01
1437,500,99.18325402711058,18.136,19.286,575,64,0,0.01
1438,500,71.51958049829345,21.244,22.396,576,66,0,0.01
1439,500,91.97201458431938,20.56,21.78,610,63,0,0.01
1440,500,114.0011701234917,16.834,17.994,580,66,0,0.01
1441,500,86.92063062434049,19.508,20.656,574,61,0,0.01
1442,500,95.22870982992957,17.544,18.658,557,69,0,0.01
1443,500,107.61773414101772,17.936,19.108,586,64,0,0.01
1444,500,97.65767521557251,17.486,18.616,565,65,0,0.01
1445,500,87.8538877197227,20.942,22.132,595,61,0,0.01
1446,500,87.26987896900782,21.056,22.272,608,69,0,0.01
1447,500,90.45205373402825,20.256,21.45,597,64,0,0.01
1448,500,86.7069602926299,18.898,20.04,571,65,0,0.01
1449,500,119.45339838993476,16.326,17.504,589,67,0,0.01
1450,500,103.48086211907236,19.482,20.694,606,65,0,0.01
1451,500,101.16193582614052,18.618,19.784,583,63,0,0.01
1452,500,92.5103595997114,18.61,19.77,580,63,0,0.01
1453,500,79.85116976209659,19.024,20.152,564,65,0,0.01
1454,500,95.39049387486772,18.784,19.946,581,65,0,0.01
1455,500,99.48540979834706,19.59,20.778,594,62,0,0.01
1456,500,87.73203237775822,16.722,17.792,535,63,0,0.01
1457,500,72.54579125308257,26.584,27.914,665,61,0,0.01
1458,500,118.65926916181455,16.31,17.474,582,65,0,0.01
1459,500,102.45277181587338,17.802,18.952,575,68,0,0.01
1460,500,100.31890449706972,19.716,20.92,602,64,0,0.01
1461,500,85.71346291039463,18.992,20.124,566,62,0,0.01
1462,500,100.42900546493253,18.956,20.138,591,68,0,0.01
1463,500,90.585656291175,21.324,22.562,619,64,0,0.01
1464,500,106.23210597810832,18.27,19.448,589,66,0,0.01
1465,500,103.81529162426563,18.072,19.234,581,65,0,0.01
1466,500,98.14796533135178,20.694,21.914,610,59,0,0.01
1467,500,92.62030783102111,19.714,20.894,590,64,0,0.01
1468,500,93.36472096894566,19.712,20.896,592,63,0,0.01
1469,500,102.53152327439861,17.91,19.066,578,64,0,0.01
1470,500,94.97353525340223,18.35,19.49,570,64,0,0.01
1471,500,94.64934319935065,19.788,20.972,592,65,0,0.01
1472,500,72.03476879894568,23.216,24.442,613,59,0,0.01
1473,500,95.37373182210268,17.274,18.38,553,64,0,0.01
1474,500,67.39965468802852,23.31,24.5,595,63,0,0.01
1475,500,103.62639605031647,16.408,17.53,561,62,0,0.01
1476,500,92.44093162636855,20.48,21.684,602,62,0,0.01
1477,500,82.29812086541202,19.914,21.06,573,60,0,0.01
1478,500,98.94116707858404,19.168,20.34,586,63,0,0.01
1479,500,94.27069002517567,19.152,20.308,578,61,0,0.01
1480,500,95.24558537433734,19.46,20.632,586,66,0,0.01
1481,500,91.65940381715949,17.748,18.846,549,61,0,0.01
1482,500,98.7820490515894,19.128,20.306,589,63,0,0.01
1483,500,100.68874644832457,16.1,17.186,543,65,0,0.01
1484,500,96.36668469955691,18.132,19.266,567,60,0,0.01
1485,500,96.82353456881596,19.874,21.064,595,65,0,0.01
1486,500,93.53789367293048,19.78,20.958,589,62,0,0.01
1487,500,82.50152264680973,20.14,21.306,583,65,0,0.01
1488,500,81.2708035168183,19.606,20.74,567,61,0,0.01
1489,500,96.67678397505597,19.914,21.128,607,66,0,0.01
1490,500,96.16526016369924,19.814,20.998,592,60,0,0.01
1491,500,103.15303667489638,19.408,20.61,601,65,0,0.01
1492,500,90.15072106734944,18.894,20.036,571,63,0,0.01
1493,500,101.05276934155722,17.312,18.448,568,65,0,0.01
1494,500,79.61124242829536,18.944,20.05,553,63,0,0.01
1495,500,101.16366557107493,19.842,21.064,611,64,0,0.01
1496,500,96.80752316360599,17.818,18.944,563,65,0,0.01
1497,500,84.62248828625773,19.04,20.154,557,61,0,0.01
1498,500,99.271679381215,20.84,22.074,617,65,0,0.01
1499,500,74.20937066422935,22.068,23.272,602,62,0,0.01
1500,500,88.3349316967925,16.654,17.716,531,61,0,0.01
1501,500,95.90663603277183,17.588,18.7,556,59,0,0.01
1502,500,107.64626457266732,17.222,18.358,568,63,0,0.01
1503,500,81.99154116520357,18.716,19.844,564,61,0,0.01
1504,500,95.71690041640487,20.004,21.2,598,65,0,0.01
1505,500,90.0520219502706,21.444,22.686,621,64,0,0.01
1506,500,75.79380163596132,22.158,23.382,612,68,0,0.01
1507,500,95.26570954303251,18.376,19.518,571,60,0,0.01
1508,500,92.68043673915253,20.336,21.526,595,66,0,0.01
1509,500,83.94310182294512,19.86,20.998,569,65,0,0.01
1510,500,94.09975932838763,18.03,19.154,562,59,0,0.01
1511,500,88.13100918420245,20.794,21.984,595,61,0,0.01
1512,500,96.94943754284587,17.234,18.33,548,63,0,0.01
1513,500,98.13160204920617,16.496,17.566,535,62,0,0.01
1514,500,83.80324561517787,20.902,22.08,589,67,0,0.01
1515,500,84.81513888771259,20.012,21.178,583,62,0,0.01
1516,500,100.296175862391,19.264,20.45,593,62,0,0.01
1517,500,83.04209419807695,22.824,24.064,620,63,0,0.01
1518,500,94.85270541264684,21.766,23.022,628,61,0,0.01
1519,500,94.48049998347662,17.438,18.542,552,64,0,0.01
1520,500,85.21779418823513,18.744,19.844,550,59,0,0.01
1521,500,101.42814132573469,19.1,20.286,593,63,0,0.01
1522,500,84.54823582359346,21.816,23.036,610,62,0,0.01
1523,500,92.29571375008129,20.294,21.494,600,65,0,0.01
1524,500,83.69597545020162,22.97,24.24,635,63,0,0.01
1525,500,82.68618838617098,20.494,21.672,589,60,0,0.01
1526,500,98.38893917353617,17.602,18.73,564,64,0,0.01
1527,500,96.31625899644614,18.42,19.564,572,64,0,0.01
1528,500,92.4878081215565,20.76,21.966,603,64,0,0.01
1529,500,71.43845449014754,23.428,24.662,617,60,0,0.01
1530,500,106.52782947566158,17.72,18.892,586,64,0,0.01
1531,500,86.95600675856922,22.588,23.844,628,61,0,0.01
1532,500,105.38643761734406,15.968,17.078,555,66,0,0.01
1533,500,84.57775056528405,17.234,18.312,539,68,0,0.01
1534,500,99.83504665497381,18.516,19.672,578,66,0,0.01
1535,500,87.67692709933107,19.192,20.322,565,61,0,0.01
1536,500,95.95797749157185,17.38,18.482,551,62,0,0.01
1537,500,80.42779270506767,20.584,21.762,589,66,0,0.01
1538,500,71.13694677986601,22.012,23.178,583,59,0,0.01
1539,500,95.64833479252995,19.7,20.88,590,64,0,0.01
1540,500,102.3081928852285,18.71,19.894,592,61,0,0.01
1541,500,72.81596378200035,22.178,23.364,593,64,0,0.01
1542,500,88.89326165925554,18.956,20.098,571,64,0,0.01
1543,500,105.85950145512746,16.112,17.24,564,63,0,0.01
1544,500,93.9616965304363,22.5,23.778,639,61,0,0.01
1545,500,73.94642909358136,24.1,25.374,637,60,0,0.01
1546,500,102.48458669378924,19.49,20.696,603,61,0,0.01
1547,500,71.88250233357383,22.38,23.564,592,59,0,0.01
1548,500,91.78337709282688,20.044,21.23,593,62,0,0.01
1549,500,102.34991385467059,18.164,19.318,577,62,0,0.01
1550,500,70.23952614129209,20.626,21.774,574,59,0,0.01
1551,500,89.20832790196872,18.034,19.146,556,63,0,0.01
1552,500,86.61857808608673,18.51,19.624,557,67,0,0.01
1553,500,104.0691000579927,19.638,20.87,616,65,0,0.01
1554,500,102.60797964269692,17.332,18.466,567,62,0,0.01
1555,500,93.33825750088981,19.318,20.484,583,61,0,0.01
1556,500,93.99241409652275,16.954,18.04,543,63,0,0.01
1557,500,101.69528309833805,19.55,20.758,604,66,0,0.01
1558,500,92.79057727511676,17.844,18.95,553,59,0,0.01
1559,500,115.46609603943722,17.69,18.886,598,64,0,0.01
1560,500,80.60621211939106,19.966,21.114,574,65,0,0.01
1561,500,94.79402357324811,17.322,18.412,545,59,0,0.01
1562,500,74.09131414371431,20.512,21.646,567,65,0,0.01
1563,500,92.58312428219399,20.41,21.602,596,60,0,0.01
1564,500,77.28220569079333,21.938,23.13,596,60,0,0.01
1565,500,86.13434199069128,19.886,21.048,581,61,0,0.01
1566,500,74.86942317450323,20.046,21.19,572,62,0,0.01
1567,500,68.94490581461201,23.816,25.028,606,59,0,0.01
1568,500,86.99855930149918,20.042,21.202,580,62,0,0.01
1569,500,83.89386950572668,19.714,20.892,589,64,0,0.01
1570,500,87.49020644476595,21.926,23.152,613,62,0,0.01
1571,500,88.97114018646135,20.774,21.99,608,62,0,0.01
1572,500,91.84565356729375,17.586,18.678,546,58,0,0.01
1573,500,86.19339182472928,21.82,23.046,613,63,0,0.01
1574,500,84.36469719535692,16.322,17.364,521,63,0,0.01
1575,500,105.58204162864081,17.606,18.768,581,62,0,0.01
1576,500,99.33575594469771,17.688,18.834,573,63,0,0.01
1577,500,104.75846653637275,18.734,19.914,590,64,0,0.01
1578,500,93.62857976182181,19.28,20.454,587,63,0,0.01
1579,500,89.21056111704411,18.55,19.686,568,59,0,0.01
1580,500,99.87614187051093,19.854,21.066,606,63,0,0.01
1581,500,107.37325912794174,17.764,18.93,583,65,0,0.01
1582,500,85.87997814714066,18.282,19.412,565,62,0,0.01
1583,500,60.369660739639855,21.366,22.484,559,66,0,0.01
1584,500,102.43111492970533,19.12,20.324,602,64,0,0.01
1585,500,93.94039412397882,17.82,18.93,555,61,0,0.01
1586,500,82.45427375736614,17.838,18.91,536,62,0,0.01
1587,500,97.30184186066909,15.79,16.854,532,62,0,0.01
1588,500,93.02616339560836,18.752,19.9,574,64,0,0.01
1589,500,87.05135076210941,19.036,20.158,561,63,0,0.01
1590,500,86.75289172268737,20.784,21.986,601,59,0,0.01
1591,500,88.50760093063612,17.43,18.518,544,65,0,0.01
1592,500,105.61442038531017,17.232,18.364,566,65,0,0.01
1593,500,109.97357775458127,19.57,20.812,621,63,0,0.01
1594,500,84.79947968262961,20.616,21.796,590,61,0,0.01
1595,500,77.57945132396827,20.698,21.864,583,62,0,0.01
1596,500,92.16947794989699,19.172,20.316,572,63,0,0.01
1597,500,87.26981709385657,20.89,22.1,605,63,0,0.01
1598,500,95.53210213461954,20.884,22.12,618,61,0,0.01
1599,500,75.0242325538984,22.778,23.994,608,58,0,0.01
1600,500,102.05182459961772,19.432,20.62,594,59,0,0.01
1601,500,95.98255082936659,20.97,22.214,622,64,0,0.01
1602,500,95.85674604232081,18.498,19.662,582,65,0,0.01
1603,500,107.7385584459205,19.636,20.872,618,62,0,0.01
1604,500,91.45804262299193,21.112,22.328,608,62,0,0.01
1605,500,85.40405419702941,18.52,19.618,549,60,0,0.01
1606,500,71.24204674826557,20.596,21.72,562,62,0,0.01
1607,500,101.66033276458624,20.758,22.004,623,62,0,0.01
1608,500,97.44895459002483,17.83,18.96,565,62,0,0.01
1609,500,77.1555265058896,19.668,20.782,557,60,0,0.01
1610,500,114.59849283911043,16.71,17.866,578,62,0,0.01
1611,500,92.08916446445771,20.98,22.202,611,60,0,0.01
1612,500,95.84121058754043,19.446,20.63,592,64,0,0.01
1613,500,89.44208104454324,17.262,18.356,547,63,0,0.01
1614,500,80.08996705169551,21.232,22.414,591,61,0,0.01
1615,500,66.2658987479466,23.066,24.272,603,64,0,0.01
1616,500,92.93271978098937,19.05,20.21,580,62,0,0.01
1617,500,60.88122769855775,23.794,24.992,599,63,0,0.01
1618,500,106.78866483780571,19.066,20.266,600,62,0,0.01
1619,500,93.96147687273327,18.618,19.76,571,59,0,0.01
1620,500,104.11071632791325,17.124,18.258,567,63,0,0.01
1621,500,93.98670674041324,20.15,21.354,602,65,0,0.01
1622,500,102.62591667695541,21.072,22.336,632,61,0,0.01
1623,500,74.93086986521206,21.618,22.79,586,59,0,0.01
1624,500,101.77110377726258,21.432,22.694,631,62,0,0.01
1625,500,79.21744524437706,19.646,20.778,566,64,0,0.01
1626,500,102.577235046753,15.91,16.992,541,60,0,0.01
1627,500,65.8187641320981,24.214,25.438,612,58,0,0.01
1628,500,78.14034993043624,19.146,20.254,554,64,0,0.01
1629,500,101.87749922118967,19.048,20.228,590,63,0,0.01
1630,500,99.79133818133192,17.204,18.322,559,68,0,0.01
1631,500,97.5136824707312,18.254,19.388,567,61,0,0.01
1632,500,93.6967451485382,20.76,21.98,610,61,0,0.01
1633,500,87.66368494504752,18.792,19.916,562,61,0,0.01
1634,500,102.36815521868719,17.19,18.314,562,62,0,0.01
1635,500,89.18269747393946,17.144,18.24,548,68,0,0.01
1636,500,100.95866626397572,16.644,17.744,550,61,0,0.01
1637,500,103.56846111235028,18.56,19.746,593,61,0,0.01
1638,500,99.55043468322901,18.378,19.538,580,64,0,0.01
1639,500,91.0356378276138,16.84,17.938,549,65,0,0.01
1640,500,106.60458642759555,19.574,20.8,613,59,0,0.01
1641,500,93.08941017533327,19.63,20.812,591,63,0,0.01
1642,500,97.11405092413199,18.266,19.418,576,64,0,0.01
1643,500,99.71730065356313,18.816,19.988,586,64,0,0.01
1644,500,94.80664697601816,15.994,17.064,535,67,0,0.01
1645,500,95.39880716349968,18.64,19.794,577,66,0,0.01
1646,500,94.23617949668352,17.44,18.548,554,61,0,0.01
1647,500,95.7503681826363,17.746,18.866,560,62,0,0.01
1648,500,96.06406860574072,19.71,20.89,590,62,0,0.01
1649,500,97.93163777381876,17.318,18.414,548,64,0,0.01
1650,500,83.98466094052174,22.226,23.448,611,64,0,0.01
1651,500,87.54952950939094,18.802,19.934,566,63,0,0.01
1652,500,92.63263243988563,18.0,19.132,566,60,0,0.01
1653,500,97.21697255021621,20.112,21.316,602,65,0,0.01
1654,500,77.89045316341885,19.61,20.718,554,61,0,0.01
1655,500,79.11219221623331,22.4,23.628,614,64,0,0.01
1656,500,76.65682344795582,20.208,21.348,570,63,0,0.01
1657,500,93.78066971705185,18.55,19.686,568,64,0,0.01
1658,500,98.25331101062677,17.932,19.068,568,65,0,0.01
1659,500,78.82343019248576,18.5,19.576,538,60,0,0.01
1660,500,96.96397631600443,17.656,18.792,568,62,0,0.01
1661,500,101.8150561720502,19.368,20.57,601,62,0,0.01
1662,500,97.79088632768227,18.16,19.302,571,63,0,0.01
1663,500,84.45851352742287,18.564,19.678,557,68,0,0.01
1664,500,102.96384084050293,15.842,16.914,536,55,0,0.01
1665,500,76.70722163135518,23.632,24.878,623,63,0,0.01
1666,500,93.92564155927249,19.556,20.75,597,64,0,0.01
1667,500,99.4390572906201,18.478,19.64,581,63,0,0.01
1668,500,93.07356387825729,18.204,19.328,562,65,0,0.01
1669,500,83.75339193655951,16.538,17.586,524,62,0,0.01
1670,500,81.15643167972767,19.272,20.4,564,65,0,0.01
1671,500,86.2495677083198,20.126,21.292,583,66,0,0.01
1672,500,85.44526258101796,19.734,20.904,585,63,0,0.01
1673,500,92.30280044072845,17.692,18.808,558,66,0,0.01
1674,500,94.7008373947035,17.724,18.852,564,63,0,0.01
1675,500,105.22850515369416,18.618,19.802,592,66,0,0.01
1676,500,91.61955539373595,18.234,19.364,565,62,0,0.01
1677,500,101.4219653447782,16.214,17.306,546,64,0,0.01
1678,500,95.08460505998428,19.426,20.602,588,60,0,0.01
1679,500,100.49802326564804,18.842,19.998,578,64,0,0.01
1680,500,94.81527110694554,18.228,19.366,569,61,0,0.01
1681,500,92.3760357044507,16.402,17.468,533,63,0,0.01
1682,500,92.79516598903163,17.696,18.798,551,64,0,0.01
1683,500,87.74632576323245,19.004,20.15,573,65,0,0.01
1684,500,100.33090100258734,19.286,20.48,597,63,0,0.01
1685,500,96.06236231120381,21.39,22.648,629,63,0,0.01
1686,500,88.8247388597507,20.454,21.642,594,60,0,0.01
1687,500,97.16375675566768,18.35,19.506,578,59,0,0.01
1688,500,91.93727771892418,19.084,20.23,573,63,0,0.01
1689,500,83.2319945993868,20.516,21.688,586,61,0,0.01
1690,500,86.29517950396023,21.208,22.418,605,62,0,0.01
1691,500,91.55519876393781,18.842,19.986,572,63,0,0.01
1692,500,81.66662923957682,20.522,21.71,594,65,0,0.01
1693,500,111.86081923770482,17.034,18.194,580,62,0,0.01
1694,500,92.95492296166853,18.822,19.96,569,62,0,0.01
1695,500,93.52160724740365,20.748,21.966,609,66,0,0.01
1696,500,93.42577735796512,21.876,23.132,628,63,0,0.01
1697,500,113.10235142279011,17.0,18.16,580,64,0,0.01
1698,500,100.09577699440524,17.372,18.498,563,63,0,0.01
1699,500,92.00299169940128,17.682,18.776,547,58,0,0.01
1700,500,91.77949799182714,19.87,21.048,589,66,0,0.01
1701,500,94.83923334200044,17.538,18.652,557,63,0,0.01
1702,500,109.35627334815999,18.984,20.21,613,64,0,0.01
1703,500,86.56270832198442,17.524,18.592,534,62,0,0.01
1704,500,77.78261650980288,21.222,22.378,578,63,0,0.01
1705,500,77.09542169453803,22.986,24.208,611,64,0,0.01
1706,500,90.1241664147008,20.012,21.192,590,62,0,0.01
1707,500,75.10046047237272,19.876,21.002,563,65,0,0.01
1708,500,104.29879905596464,18.642,19.83,594,65,0,0.01
1709,500,61.16075595517687,22.704,23.878,587,60,0,0.01
1710,500,97.135370914832,19.81,21.004,597,62,0,0.01
1711,500,101.42963236218506,18.066,19.234,584,65,0,0.01
1712,500,93.60085191740971,20.198,21.392,597,65,0,0.01
1713,500,108.77408438362463,17.828,19.002,587,63,0,0.01
1714,500,98.0054102167396,18.162,19.314,576,62,0,0.01
1715,500,109.78165402709256,14.63,15.686,528,59,0,0.01
1716,500,79.19077416700833,17.342,18.378,518,61,0,0.01
1717,500,79.6125807281929,19.77,20.902,566,66,0,0.01
1718,500,119.22747558317118,17.554,18.774,610,65,0,0.01
1719,500,105.45624888998499,17.106,18.246,570,64,0,0.01
1720,500,96.84096341012612,19.272,20.438,583,66,0,0.01
1721,500,84.1923405935386,19.942,21.096,577,65,0,0.01
1722,500,66.62716443864261,24.594,25.85,628,65,0,0.01
1723,500,96.69832590304257,16.694,17.78,543,59,0,0.01
1724,500,85.17686815725716,22.046,23.3,627,67,0,0.01
1725,500,87.57095240988237,20.28,21.468,594,67,0,0.01
1726,500,88.30586001663022,21.854,23.094,620,63,0,0.01
1727,500,90.53534082343808,18.476,19.606,565,64,0,0.01
1728,500,96.57567513276001,20.39,21.596,603,64,0,0.01
1729,500,80.42212345052067,20.528,21.702,587,66,0,0.01
1730,500,80.02283237884953,21.75,22.952,601,65,0,0.01
1731,500,74.53609358391446,20.546,21.682,568,64,0,0.01
1732,500,78.58842260902375,20.008,21.15,571,62,0,0.01
1733,500,98.00731679500691,21.47,22.75,640,64,0,0.01
1734,500,79.34182933905387,21.234,22.414,590,62,0,0.01
1735,500,91.43181460715151,19.43,20.584,577,63,0,0.01
1736,500,70.91670348630932,23.23,24.448,609,65,0,0.01
1737,500,94.07362721994743,19.882,21.076,597,66,0,0.01
1738,500,87.60148028120103,20.844,22.076,616,65,0,0.01
1739,500,75.86556491401467,20.274,21.406,566,64,0,0.01
1740,500,102.65000087258323,18.692,19.884,596,66,0,0.01
1741,500,102.72642646490138,18.288,19.452,582,64,0,0.01
1742,500,91.26962120974234,20.418,21.624,603,61,0,0.01
1743,500,85.12967967642628,18.406,19.504,549,63,0,0.01
1744,500,96.01589337875667,16.852,17.952,550,66,0,0.01
1745,500,80.7776444965898,18.346,19.44,547,65,0,0.01
1746,500,88.20284427287581,18.496,19.612,558,65,0,0.01
1747,500,95.29504370526769,18.852,20.018,583,65,0,0.01
1748,500,96.19626952129984,18.266,19.398,566,62,0,0.01
1749,500,81.72067660761309,20.292,21.458,583,63,0,0.01
1750,500,69.42530352045672,21.524,22.692,584,59,0,0.01
1751,500,88.96076725981838,18.948,20.098,575,62,0,0.01
1752,500,84.54924129733654,18.88,19.976,548,61,0,0.01
1753,500,103.99872050698214,16.022,17.12,549,64,0,0.01
1754,500,113.17873565727707,16.306,17.44,567,64,0,0.01
1755,500,84.05060158109293,21.102,22.292,595,65,0,0.01
1756,500,79.9722726667759,21.76,22.96,600,61,0,0.01
1757,500,86.68932563173684,19.624,20.766,571,60,0,0.01
1758,500,75.54473644243201,20.626,21.782,578,61,0,0.01
1759,500,100.88799557494441,20.7,21.96,630,65,0,0.01
1760,500,98.649927272233,17.088,18.2,556,61,0,0.01
1761,500,86.30934767259308,21.634,22.85,608,65,0,0.01
1762,500,99.2743937593814,18.726,19.896,585,63,0,0.01
1763,500,96.61623284590743,19.072,20.238,583,62,0,0.01
1764,500,76.11520424495781,19.706,20.812,553,61,0,0.01
1765,500,101.30815152739724,18.42,19.606,593,67,0,0.01
1766,500,97.19929588510938,19.504,20.73,613,66,0,0.01
1767,500,88.43077510115957,19.01,20.156,573,64,0,0.01
1768,500,79.99200506724311,19.752,20.904,576,63,0,0.01
1769,500,73.8417055887512,20.914,22.076,581,60,0,0.01
1770,500,84.37924834009662,19.238,20.368,565,61,0,0.01
1771,500,100.2344215856553,18.864,20.062,599,64,0,0.01
1772,500,66.67866449303925,17.94,18.948,504,62,0,0.01
1773,500,95.86266133093433,17.73,18.846,558,66,0,0.01
1774,500,88.17702154019236,21.218,22.414,598,62,0,0.01
1775,500,107.06821540147483,19.89,21.126,618,60,0,0.01
1776,500,80.86904052158746,18.058,19.12,531,61,0,0.01
1777,500,105.83588995366038,17.946,19.114,584,65,0,0.01
1778,500,93.79059925897542,19.232,20.41,589,62,0,0.01
1779,500,89.32636097208626,16.682,17.732,525,62,0,0.01
1780,500,97.72714812620646,19.97,21.164,597,62,0,0.01
1781,500,101.20538654051703,19.3,20.49,595,61,0,0.01
1782,500,103.52064834415317,18.304,19.49,593,64,0,0.01
1783,500,97.96108510450514,17.682,18.812,565,63,0,0.01
1784,500,86.49315774168653,20.036,21.218,591,66,0,0.01
1785,500,108.00468155304327,20.06,21.31,625,64,0,0.01
1786,500,83.11801453052428,21.098,22.286,594,65,0,0.01
1787,500,72.50888240138087,23.73,24.98,625,59,0,0.01
1788,500,112.5339491173194,15.3,16.392,546,62,0,0.01
1789,500,92.62778628989645,18.028,19.146,559,65,0,0.01
1790,500,54.26476870374425,25.238,26.454,608,62,0,0.01
1791,500,110.67699565368254,15.152,16.222,535,61,0,0.01
1792,500,89.45415000706338,17.466,18.546,540,62,0,0.01
1793,500,76.34270194718195,19.014,20.13,558,62,0,0.01
1794,500,97.4241059087222,16.746,17.846,550,62,0,0.01
1795,500,98.0789134983873,17.44,18.56,560,63,0,0.01
1796,500,94.67029047260358,18.788,19.932,572,64,0,0.01
1797,500,88.62168569901992,18.82,19.958,569,60,0,0.01
1798,500,85.97380506105769,20.988,22.182,597,65,0,0.01
1799,500,100.7256344595149,18.552,19.722,585,65,0,0.01
1800,500,103.24034713292882,18.03,19.186,578,61,0,0.01
1801,500,92.9249630455287,20.218,21.424,603,65,0,0.01
1802,500,82.29532230504425,19.944,21.09,573,59,0,0.01
1803,500,55.057231528620214,25.716,26.956,620,60,0,0.01
1804,500,104.20767984101403,17.94,19.11,585,62,0,0.01
1805,500,102.69143330677959,17.694,18.834,570,63,0,0.01
1806,500,90.80015640664354,17.896,19.022,563,67,0,0.01
1807,500,94.60065603329558,19.742,20.924,591,59,0,0.01
1808,500,91.42745434306076,21.89,23.122,616,61,0,0.01
1809,500,90.08589174339042,20.044,21.234,595,61,0,0.01
1810,500,92.74174584143898,17.562,18.66,549,61,0,0.01
1811,500,84.46849321929894,17.97,19.06,545,61,0,0.01
1812,500,69.93291452175593,18.608,19.66,526,63,0,0.01
1813,500,90.95843585775874,23.54,24.842,651,63,0,0.01
1814,500,98.23667417470324,18.278,19.428,575,63,0,0.01
1815,500,92.50598728723062,19.094,20.276,591,64,0,0.01
1816,500,93.88377632220782,19.87,21.086,608,67,0,0.01
1817,500,83.65630792942493,18.92,20.046,563,63,0,0.01
1818,500,104.36423475985612,16.722,17.842,560,64,0,0.01
1819,500,95.6559059025367,18.018,19.142,562,59,0,0.01
1820,500,89.3037399700063,21.218,22.448,615,65,0,0.01
1821,500,107.7898863897917,15.948,17.05,551,61,0,0.01
1822,500,77.69255846151165,21.822,23.042,610,64,0,0.01
1823,500,91.55163050523363,21.042,22.256,607,64,0,0.01
1824,500,89.92282101504593,18.206,19.324,559,64,0,0.01
1825,500,96.44668001711815,17.032,18.136,552,64,0,0.01
1826,500,99.02430110824994,18.73,19.89,580,62,0,0.01
1827,500,93.13565945007747,20.282,21.488,603,62,0,0.01
1828,500,81.7999022268379,21.366,22.57,602,65,0,0.01
1829,500,106.61755909741478,17.886,19.04,577,64,0,0.01
1830,500,94.87942338369957,19.252,20.418,583,59,0,0.01
1831,500,101.53934514127933,20.458,21.69,616,63,0,0.01
1832,500,90.00840645095137,20.654,21.856,601,62,0,0.01
1833,500,91.94534350695062,18.252,19.378,563,64,0,0.01
1834,500,84.67658841413296,20.024,21.194,585,66,0,0.01
1835,500,102.52714070325776,18.456,19.63,587,61,0,0.01
1836,500,105.14876580566833,18.314,19.488,587,65,0,0.01
1837,500,84.16708141641752,20.096,21.246,575,58,0,0.01
1838,500,101.0166352341906,17.856,19.02,582,66,0,0.01
1839,500,86.63810938977817,21.68,22.906,613,64,0,0.01
1840,500,103.4622480376086,17.912,19.072,580,66,0,0.01
1841,500,65.82445097088755,21.13,22.234,552,60,0,0.01
1842,500,98.10543884159443,18.008,19.148,570,63,0,0.01
1843,500,80.3324885928201,22.918,24.162,622,59,0,0.01
1844,500,79.61746823601325,20.028,21.174,573,63,0,0.01
1845,500,93.38640863109391,18.224,19.358,567,63,0,0.01
1846,500,82.15525848796422,19.072,20.182,555,64,0,0.01
1847,500,108.46659104064796,19.094,20.3,603,64,0,0.01
1848,500,91.06839956039013,18.956,20.106,575,63,0,0.01
1849,500,109.3996402035263,18.1,19.278,589,61,0,0.01
1850,500,117.54548497706604,17.36,18.546,593,63,0,0.01
1851,500,91.75419566714484,17.7,18.822,561,64,0,0.01
1852,500,71.97434077371734,21.666,22.874,604,67,0,0.01
1853,500,87.09646934626895,20.768,21.968,600,64,0,0.01
1854,500,94.33481120275839,19.824,21.014,595,65,0,0.01
1855,500,96.65136880511314,18.382,19.518,568,64,0,0.01
1856,500,64.88121890643644,25.352,26.618,633,58,0,0.01
1857,500,91.5128919318836,20.046,21.242,598,61,0,0.01
1858,500,97.00835157819138,16.852,17.948,548,64,0,0.01
1859,500,73.96667733577048,23.874,25.118,622,60,0,0.01
1860,500,98.65839834341635,20.652,21.89,619,66,0,0.01
1861,500,104.83709424459524,18.494,19.676,591,64,0,0.01
1862,500,94.99666591496928,19.66,20.842,591,66,0,0.01
1863,500,90.73685100803591,20.394,21.6,603,62,0,0.01
1864,500,64.74272884146933,24.026,25.234,604,61,0,0.01
1865,500,106.01761139849246,16.59,17.696,553,60,0,0.01
1866,500,104.62636706406622,18.608,19.782,587,63,0,0.01
1867,500,96.58033565729508,19.84,21.054,607,65,0,0.01
1868,500,87.48801215140948,18.63,19.792,581,63,0,0.01
1869,500,91.34431673393507,18.264,19.398,567,64,0,0.01
1870,500,88.51364290262991,20.03,21.204,587,64,0,0.01
1871,500,97.21037695812896,19.508,20.718,605,64,0,0.01
1872,500,88.86991638598418,19.332,20.474,571,65,0,0.01
1873,500,75.96354709259593,21.12,22.294,587,60,0,0.01
1874,500,50.034286492507135,24.94,26.138,599,60,0,0.01
1875,500,79.9867979250059,18.694,19.814,560,64,0,0.01
1876,500,90.73372255459137,19.674,20.864,595,67,0,0.01
1877,500,85.29741125249699,20.216,21.384,584,59,0,0.01
1878,500,86.5778244888252,19.376,20.516,570,63,0,0.01
1879,500,67.60494774303496,21.338,22.494,578,61,0,0.01
1880,500,116.32087816314991,17.504,18.696,596,63,0,0.01
1881,500,90.91224520189722,19.52,20.68,580,62,0,0.01
1882,500,88.30273856557714,17.542,18.644,551,60,0,0.01
1883,500,78.08882463591206,20.866,22.032,583,64,0,0.01
1884,500,73.06623880231729,19.15,20.234,542,63,0,0.01
1885,500,90.85607778723711,19.114,20.286,586,70,0,0.01
1886,500,88.07989406230551,20.762,21.99,614,62,0,0.01
1887,500,63.954813049485836,22.6,23.786,593,60,0,0.01
1888,500,95.4289746889524,19.154,20.318,582,64,0,0.01
1889,500,107.77849952047546,19.146,20.36,607,63,0,0.01
1890,500,97.07066355144568,19.266,20.462,598,67,0,0.01
1891,500,91.02619270504985,17.078,18.162,542,61,0,0.01
1892,500,92.61309413380263,18.43,19.568,569,63,0,0.01
1893,500,84.83059373975156,21.04,22.234,597,62,0,0.01
1894,500,100.40438523345384,20.188,21.412,612,67,0,0.01
1895,500,97.57717496133151,17.786,18.912,563,63,0,0.01
1896,500,99.56661966550314,18.976,20.152,588,65,0,0.01
1897,500,90.77485766142098,19.79,20.97,590,63,0,0.01
1898,500,77.367438926572,21.718,22.92,601,67,0,0.01
1899,500,103.06207051968947,17.364,18.496,566,63,0,0.01
1900,500,90.94084776735849,18.922,20.05,564,59,0,0.01
1901,500,104.94821566766856,19.798,21.018,610,62,0,0.01
1902,500,93.40796407400931,18.48,19.612,566,64,0,0.01
1903,500,93.46567381842002,17.558,18.672,557,62,0,0.01
1904,500,93.28469308567439,18.952,20.106,577,62,0,0.01
1905,500,108.86859681367682,16.28,17.384,552,61,0,0.01
1906,500,99.49490653740227,19.584,20.786,601,64,0,0.01
1907,500,82.74483472678212,20.062,21.214,576,59,0,0.01
1908,500,90.974729285677,18.968,20.114,573,63,0,0.01
1909,500,94.94392428112046,18.868,20.032,582,62,0,0.01
1910,500,89.65143035707341,18.066,19.198,566,60,0,0.01
1911,500,104.2296047451074,17.198,18.328,565,62,0,0.01
1912,500,82.60947458179824,20.96,22.138,589,64,0,0.01
1913,500,104.77408438362453,17.844,19.01,583,63,0,0.01
1914,500,105.07286420081111,17.894,19.068,587,62,0,0.01
1915,500,71.04795787019921,21.876,23.042,583,62,0,0.01
1916,500,87.23274378040327,18.438,19.548,555,67,0,0.01
1917,500,83.77593999178293,22.048,23.28,616,63,0,0.01
1918,500,85.87422682331344,18.694,19.802,554,58,0,0.01
1919,500,77.13535918963304,18.44,19.526,543,59,0,0.01
1920,500,100.77947536158602,17.402,18.546,572,63,0,0.01
1921,500,105.60753804770737,18.206,19.378,586,61,0,0.01
1922,500,101.6883286269238,20.408,21.652,622,64,0,0.01
1923,500,104.38241603845137,17.612,18.752,570,59,0,0.01
1924,500,107.32095029696141,17.652,18.832,590,65,0,0.01
1925,500,99.70841029444018,18.048,19.188,570,63,0,0.01
1926,500,93.17226739495246,20.186,21.404,609,65,0,0.01
1927,500,89.36187958420791,17.96,19.072,556,61,0,0.01
1928,500,99.08668195904701,17.718,18.862,572,63,0,0.01
1929,500,93.76783105619526,20.52,21.738,609,63,0,0.01
1930,500,73.77216412376578,22.378,23.582,602,63,0,0.01
1931,500,95.30594387564045,23.396,24.72,662,60,0,0.01
1932,500,81.8391955636289,21.364,22.564,600,63,0,0.01
1933,500,96.42833720984875,19.576,20.764,594,65,0,0.01
1934,500,90.81773830769768,15.96,17.006,523,61,0,0.01
1935,500,77.48352878339841,21.822,23.02,599,65,0,0.01
1936,500,95.31830511952874,16.91,18.004,547,63,0,0.01
1937,500,101.47304204192129,18.98,20.164,592,63,0,0.01
1938,500,91.13276677203949,18.812,19.94,564,60,0,0.01
1939,500,93.92131939674437,18.764,19.914,575,60,0,0.01
1940,500,71.41958118287984,19.72,20.822,551,58,0,0.01
1941,500,89.93736190112564,21.18,22.384,602,62,0,0.01
1942,500,97.21499677121489,19.712,20.912,600,63,0,0.01
1943,500,89.37919672360539,18.99,20.128,569,59,0,0.01
1944,500,88.24014099015469,17.688,18.802,557,63,0,0.01
1945,500,114.45950077054107,17.608,18.8,596,65,0,0.01
1946,500,85.30115487799522,18.588,19.694,553,60,0,0.01
1947,500,107.78418782580356,17.578,18.734,578,60,0,0.01
1948,500,97.37981157246784,16.092,17.176,542,63,0,0.01
1949,500,97.52450725102412,19.14,20.308,584,58,0,0.01
1950,500,102.15310001658649,21.098,22.364,633,62,0,0.01
1951,500,109.08616823024603,18.452,19.642,595,60,0,0.01
1952,500,100.66938497557446,18.622,19.782,580,61,0,0.01
1953,500,85.49023543101607,19.726,20.9,587,65,0,0.01
1954,500,94.62145871573456,17.988,19.132,572,64,0,0.01
1955,500,97.86303225865126,18.24,19.384,572,60,0,0.01
1956,500,93.80019776447473,18.178,19.306,564,61,0,0.01
1957,500,86.71184633391162,17.644,18.736,546,63,0,0.01
1958,500,91.41996937164811,16.492,17.546,527,60,0,0.01
1959,500,76.1676881195412,19.876,20.982,553,57,0,0.01
1960,500,111.16088606148867,18.204,19.386,591,64,0,0.01
1961,500,91.12593426119798,17.976,19.094,559,65,0,0.01
1962,500,96.59402966522825,19.296,20.486,595,66,0,0.01
1963,500,92.43897310841872,16.426,17.508,541,56,0,0.01
1964,500,76.05836857521378,19.908,21.038,565,62,0,0.01
1965,500,93.99004833902323,17.668,18.784,558,62,0,0.01
1966,500,96.08649665678416,17.738,18.856,559,59,0,0.01
1967,500,96.02075157713575,18.8,19.97,585,58,0,0.01
1968,500,92.71007523114581,16.106,17.156,525,64,0,0.01
1969,500,93.76458764456939,17.89,19.022,566,65,0,0.01
1970,500,89.86660377362428,19.61,20.79,590,63,0,0.01
1971,500,61.02272979224931,22.406,23.55,572,65,0,0.01
1972,500,72.31665287759543,21.988,23.15,581,59,0,0.01
1973,500,102.14925022502793,19.242,20.44,599,63,0,0.01
1974,500,76.23596667470922,21.232,22.4,584,61,0,0.01
1975,500,88.98667596443315,20.348,21.534,593,61,0,0.01
1976,500,108.04233779603125,18.83,20.03,600,63,0,0.01
1977,500,86.32387325401402,19.094,20.218,562,62,0,0.01
1978,500,84.5817552063164,19.786,20.932,573,61,0,0.01
1979,500,109.98218837057975,18.316,19.506,595,61,0,0.01
1980,500,112.7381754698136,17.13,18.292,581,63,0,0.01
1981,500,85.94087854333848,18.764,19.89,563,63,0,0.01
1982,500,50.012781199544285,23.404,24.54,568,58,0,0.01
1983,500,89.49733595978296,21.122,22.328,603,56,0,0.01
1984,500,111.3724876398754,17.892,19.078,593,62,0,0.01
1985,500,94.24546341376445,21.158,22.374,608,59,0,0.01
1986,500,86.68487939571476,17.962,19.066,552,62,0,0.01
1987,500,99.34672531580438,19.324,20.504,590,58,0,0.01
1988,500,85.20911143842507,19.882,21.03,574,63,0,0.01
1989,500,89.44737090244318,18.896,20.02,562,62,0,0.01
1990,500,58.63860471418028,23.69,24.874,592,62,0,0.01
1991,500,107.85893643302626,17.164,18.314,575,64,0,0.01
1992,500,67.46124499997777,24.07,25.316,623,60,0,0.01
1993,500,85.94336951767941,19.906,21.072,583,63,0,0.01
1994,500,105.02223088838736,16.276,17.38,552,61,0,0.01
1995,500,95.84614824531333,18.424,19.558,567,60,0,0.01
1996,500,92.9028924072736,19.224,20.394,585,62,0,0.01
1997,500,94.55803689240703,17.06,18.152,546,61,0,0.01
1998,500,92.73946573267965,21.872,23.128,628,62,0,0.01
1999,500,88.64473071184705,16.534,17.586,526,60,0,0.01
2000,500,93.54445816584644,20.04,21.214,587,61,0,0.01
2001,500,60.858139861360726,24.286,25.504,609,58,0,0.01
2002,500,83.28286189748731,19.338,20.47,566,62,0,0.01
2003,500,90.05907460866892,15.482,16.51,514,57,0,0.01
2004,500,87.11539980588071,19.6,20.748,574,61,0,0.01
2005,500,99.4168218674223,17.372,18.484,556,60,0,0.01
2006,500,94.36504760575392,16.908,17.994,543,65,0,0.01
2007,500,103.15674920122333,17.436,18.578,571,64,0,0.01
2008,500,85.59220580262362,16.612,17.648,518,60,0,0.01
2009,500,111.48407117525839,18.194,19.39,598,61,0,0.01
2010,500,86.41293429749234,19.342,20.472,565,61,0,0.01
2011,500,99.6191636255078,17.278,18.406,564,70,0,0.01
2012,500,91.03830416874867,18.558,19.702,572,63,0,0.01
2013,500,93.32845464234644,22.004,23.262,629,61,0,0.01
2014,500,74.90727644495315,20.262,21.442,590,64,0,0.01
2015,500,85.96950341584957,20.076,21.232,578,65,0,0.01
2016,500,104.4434929447909,19.652,20.872,610,67,0,0.01
2017,500,96.95903898142255,19.2,20.376,588,64,0,0.01
2018,500,87.677287768388,19.756,20.914,579,67,0,0.01
2019,500,113.15186315994167,18.654,19.864,605,62,0,0.01
2020,500,106.09455365268921,18.432,19.614,591,63,0,0.01
2021,500,87.85668416716943,18.36,19.504,572,63,0,0.01
2022,500,108.91723529631804,19.122,20.354,616,63,0,0.01
2023,500,89.66140011348071,18.044,19.144,550,59,0,0.01
2024,500,90.35717916838024,19.728,20.9,586,61,0,0.01
2025,500,100.19550829189345,18.332,19.488,578,63,0,0.01
2026,500,90.27787115668417,18.596,19.724,564,61,0,0.01
2027,500,97.26029625802124,16.908,18.01,551,63,0,0.01
2028,500,77.35994548622925,18.416,19.49,537,59,0,0.01
2029,500,96.3942993755174,17.33,18.432,551,60,0,0.01
2030,500,97.70145907929452,22.456,23.748,646,61,0,0.01
2031,500,79.54180566283146,22.38,23.594,607,65,0,0.01
2032,500,79.17192463332911,17.064,18.09,513,55,0,0.01
2033,500,97.84919398309546,18.552,19.712,580,63,0,0.01
2034,500,107.42645229224912,17.102,18.26,579,60,0,0.01
2035,500,76.5636994677537,21.306,22.476,585,63,0,0.01
2036,500,99.45971749516642,18.534,19.7,583,61,0,0.01
2037,500,96.16474464516826,18.55,19.708,579,64,0,0.01
2038,500,97.69882204760094,19.052,20.24,594,64,0,0.01
2039,500,96.37325065901166,19.9,21.096,598,62,0,0.01
2040,500,108.78756199012363,16.944,18.078,567,62,0,0.01
2041,500,95.624185142291,17.842,18.982,570,63,0,0.01
2042,500,107.46180790915781,20.294,21.558,632,64,0,0.01
2043,500,104.37885478213852,16.208,17.302,547,64,0,0.01
2044,500,90.52520660527914,18.912,20.048,568,59,0,0.01
2045,500,94.66604158723446,19.102,20.28,589,59,0,0.01
2046,500,93.62837361904762,18.882,20.042,580,61,0,0.01
2047,500,102.43817084437232,16.696,17.808,556,61,0,0.01
2048,500,95.54705026024881,19.082,20.256,587,62,0,0.01
2049,500,105.12118190568808,18.942,20.154,606,65,0,0.01
2050,500,77.38213987478707,19.754,20.87,558,62,0,0.01
2051,500,89.44409964791453,19.464,20.624,580,62,0,0.01
2052,500,96.97637663814004,20.114,21.32,603,62,0,0.01
2053,500,105.43295669974363,19.226,20.43,602,62,0,0.01
2054,500,82.84268321959176,21.132,22.314,591,65,0,0.01
2055,500,81.05668165464937,20.462,21.61,574,62,0,0.01
2056,500,86.67131971993557,19.31,20.438,564,63,0,0.01
2057,500,97.10351467908461,17.84,18.976,568,63,0,0.01
2058,500,93.2933978193433,19.202,20.38,589,65,0,0.01
2059,500,92.28062689268185,16.76,17.828,534,61,0,0.01
2060,500,95.37897999897996,18.1,19.246,573,63,0,0.01
2061,500,84.72598519310303,19.772,20.92,574,57,0,0.01
2062,500,86.24082861921092,15.99,17.014,512,61,0,0.01
2063,500,106.18078503662848,18.362,19.554,596,63,0,0.01
2064,500,112.40966239658142,18.766,20.002,618,61,0,0.01
2065,500,92.15486818627461,19.628,20.8,586,63,0,0.01
2066,500,85.98971144355514,20.55,21.752,601,68,0,0.01
2067,500,94.0072124186766,20.036,21.232,598,63,0,0.01
2068,500,98.53050460891784,17.9,19.04,570,63,0,0.01
2069,500,101.0811467134628,17.94,19.092,576,63,0,0.01
2070,500,90.40193740667416,21.406,22.624,609,66,0,0.01
2071,500,76.62083067513461,17.964,19.01,523,58,0,0.01
2072,500,105.86751773958353,17.604,18.756,576,61,0,0.01
2073,500,23.668601098681123,28.868,30.08,606,64,0,0.01
2074,500,84.66258535363413,20.232,21.4,584,61,0,0.01
2075,500,82.29150507919582,19.944,21.084,570,61,0,0.01
2076,500,77.72942302230443,21.374,22.542,584,58,0,0.01
2077,500,81.78156674515097,20.836,21.994,579,60,0,0.01
2078,500,85.95981225921899,21.13,22.328,599,68,0,0.01
2079,500,104.0364814494915,16.764,17.878,557,62,0,0.01
2080,500,77.32819395000335,18.414,19.498,542,63,0,0.01
2081,500,88.28158547274116,18.662,19.782,560,61,0,0.01
2082,500,90.80374729558888,18.136,19.24,552,61,0,0.01
2083,500,101.580457941059,18.656,19.82,582,62,0,0.01
2084,500,90.33041690641885,18.932,20.066,567,63,0,0.01
2085,500,86.15976627594627,20.374,21.54,583,58,0,0.01
2086,500,102.63826033660136,17.726,18.884,579,62,0,0.01
2087,500,106.27131659923691,17.696,18.87,587,60,0,0.01
2088,500,98.54040337486151,18.756,19.932,588,61,0,0.01
2089,500,78.78600239932176,22.042,23.242,600,64,0,0.01
2090,500,88.24589296036406,18.324,19.438,557,59,0,0.01
2091,500,99.9174915890448,18.276,19.44,582,64,0,0.01
2092,500,93.17243950547773,17.22,18.324,552,63,0,0.01
2093,500,82.06272151372205,20.506,21.696,595,62,0,0.01
2094,500,89.31636222942883,18.912,20.042,565,60,0,0.01
2095,500,65.06877260102821,22.126,23.296,585,60,0,0.01
2096,500,83.83211587537316,20.358,21.528,585,62,0,0.01
2097,500,84.70896538107239,17.628,18.708,540,60,0,0.01
2098,500,108.41450740322284,17.756,18.928,586,63,0,0.01
2099,500,82.59005644655824,17.678,18.754,538,61,0,0.01
2100,500,68.14786095502154,19.36,20.446,543,62,0,0.01
2101,500,87.36482566846712,21.704,22.944,620,66,0,0.01
2102,500,89.62231259627248,17.926,19.052,563,61,0,0.01
2103,500,59.31016084168197,22.414,23.55,568,60,0,0.01
2104,500,95.74361838745739,17.494,18.598,552,59,0,0.01
2105,500,89.03741250983946,22.43,23.686,628,58,0,0.01
2106,500,94.46060100833677,17.304,18.386,541,61,0,0.01
2107,500,69.18210346558817,20.496,21.616,560,62,0,0.01
2108,500,122.92999124151207,16.524,17.702,589,60,0,0.01
2109,500,94.60100644369254,20.372,21.576,602,57,0,0.01
2110,500,100.84731117841686,18.658,19.82,581,61,0,0.01
2111,500,100.16071101788573,18.198,19.34,571,60,0,0.01
2112,500,95.34541958161707,20.366,21.576,605,60,0,0.01
2113,500,94.75007964739075,17.294,18.392,549,62,0,0.01
2114,500,94.7074740214309,18.1,19.228,564,60,0,0.01
2115,500,108.69037328346765,17.358,18.502,572,60,0,0.01
2116,500,94.05691857340345,20.638,21.83,596,60,0,0.01
2117,500,91.83113824453278,20.064,21.252,594,65,0,0.01
2118,500,102.7377030988439,18.23,19.398,584,62,0,0.01
2119,500,95.67811934187579,17.732,18.836,552,59,0,0.01
2120,500,97.94285399914857,18.602,19.762,580,59,0,0.01
2121,500,71.65538223826692,19.46,20.554,547,62,0,0.01
2122,500,85.75622485236725,20.39,21.558,584,61,0,0.01
2123,500,106.04699864375756,18.81,20.004,597,62,0,0.01
2124,500,100.85007863961324,18.28,19.446,583,64,0,0.01
2125,500,96.57963336996256,17.08,18.18,550,58,0,0.01
2126,500,77.02309714050638,18.796,19.886,545,61,0,0.01
2127,500,71.72583245655025,21.68,22.848,584,62,0,0.01
2128,500,105.65971254653404,17.51,18.67,580,63,0,0.01
2129,500,91.01117097907027,17.256,18.332,538,59,0,0.01
2130,500,107.27027741643616,17.782,18.946,582,59,0,0.01
2131,500,103.77589358795294,16.11,17.206,548,60,0,0.01
2132,500,92.86866194509689,20.056,21.252,598,63,0,0.01
2133,500,95.01543273298583,19.366,20.558,596,68,0,0.01
2134,500,100.20049903269648,19.05,20.222,586,60,0,0.01
2135,500,90.93944759230952,17.914,19.018,552,66,0,0.01
2136,500,82.59182933905382,21.222,22.408,593,61,0,0.01
2137,500,113.21911100123906,18.016,19.22,602,60,0,0.01
2138,500,75.70055243891784,21.408,22.588,590,61,0,0.01
2139,500,106.66966292896882,18.59,19.79,600,63,0,0.01
2140,500,61.1800488735755,24.13,25.336,603,64,0,0.01
2141,500,102.35622205485987,19.302,20.504,601,64,0,0.01
2142,500,70.17706289802375,21.58,22.738,579,60,0,0.01
2143,500,95.8673441625194,19.098,20.28,591,64,0,0.01
2144,500,79.10048277942268,21.778,22.97,596,62,0,0.01
2145,500,101.41483550656977,16.5,17.62,560,60,0,0.01
2146,500,97.00804399216456,18.024,19.16,568,63,0,0.01
2147,500,85.22618954614717,18.136,19.244,554,60,0,0.01
2148,500,64.23112052472014,21.312,22.44,564,62,0,0.01
2149,500,87.89891039648226,19.132,20.272,570,64,0,0.01
2150,500,101.04184458455045,19.516,20.732,608,60,0,0.01
2151,500,103.08201964478197,16.222,17.31,544,61,0,0.01
2152,500,92.10955339480984,16.918,18.01,546,62,0,0.01
2153,500,85.22581861843018,17.622,18.704,541,62,0,0.01
2154,500,89.97033792241503,21.084,22.31,613,63,0,0.01
2155,500,105.37327964526173,17.66,18.824,582,61,0,0.01
2156,500,61.84967904883742,20.652,21.752,550,61,0,0.01
2157,500,111.30027983375504,17.646,18.824,589,59,0,0.01
2158,500,92.68798879837797,20.278,21.474,598,64,0,0.01
2159,500,96.86395827300056,18.27,19.412,571,63,0,0.01
2160,500,100.6513066067707,17.678,18.826,574,60,0,0.01
2161,500,107.6302238580162,16.852,17.982,565,62,0,0.01
2162,500,107.26883767328594,18.518,19.714,598,65,0,0.01
2163,500,85.89654317244405,18.346,19.446,550,60,0,0.01
2164,500,99.5138384635527,19.924,21.14,608,64,0,0.01
2165,500,82.74130571298801,19.996,21.172,588,63,0,0.01
2166,500,89.44964515215871,19.176,20.334,579,62,0,0.01
2167,500,83.70236310978498,21.146,22.34,597,61,0,0.01
2168,500,80.73989706900903,21.092,22.29,599,63,0,0.01
2169,500,87.64013499554072,20.282,21.456,587,59,0,0.01
2170,500,66.16690116015332,25.744,27.016,636,59,0,0.01
2171,500,104.95540705783705,19.168,20.37,601,62,0,0.01
2172,500,101.95256534990804,16.89,18.032,571,62,0,0.01
2173,500,79.15515704471136,20.662,21.816,577,57,0,0.01
2174,500,105.47129292301436,18.846,20.052,603,63,0,0.01
2175,500,91.4288011118883,20.624,21.83,603,67,0,0.01
2176,500,92.79401478112679,18.9,20.048,574,58,0,0.01
2177,500,84.58217449425595,16.986,18.04,527,61,0,0.01
2178,500,82.17858471045413,20.328,21.496,584,58,0,0.01
2179,500,93.16911842418774,19.594,20.786,596,58,0,0.01
2180,500,99.09411059116097,17.834,18.97,568,63,0,0.01
2181,500,88.22874239563943,19.436,20.594,579,62,0,0.01
2182,500,96.17020954667103,20.242,21.444,601,59,0,0.01
2183,500,86.61938213986309,20.234,21.392,579,59,0,0.01
2184,500,64.42013773605072,20.776,21.9,562,58,0,0.01
2185,500,75.60979568275395,23.3,24.546,623,65,0,0.01
2186,500,77.7603408721212,20.816,21.998,591,63,0,0.01
2187,500,93.15491833622723,18.344,19.454,555,62,0,0.01
2188,500,79.23722079240524,19.966,21.1,567,57,0,0.01
2189,500,95.84600691076814,21.216,22.47,627,62,0,0.01
2190,500,87.96941044152697,19.554,20.712,579,61,0,0.01
2191,500,98.64216027811236,18.314,19.47,578,64,0,0.01
2192,500,92.68945785096956,17.852,18.96,554,63,0,0.01
2193,500,86.5060787950145,18.128,19.232,552,61,0,0.01
2194,500,88.60464862593804,20.334,21.52,593,63,0,0.01
2195,500,89.55419214684709,20.8,21.988,594,59,0,0.01
2196,500,93.82134385491948,20.654,21.884,615,64,0,0.01
2197,500,96.71315353463793,18.09,19.228,569,60,0,0.01
2198,500,97.05086601955848,17.562,18.682,560,63,0,0.01
2199,500,89.1959103187817,19.234,20.392,579,63,0,0.01
2200,500,83.07967651752374,19.448,20.578,565,63,0,0.01
2201,500,77.48654227866153,20.628,21.774,573,61,0,0.01
2202,500,66.17381069427634,20.536,21.662,563,61,0,0.01
2203,500,75.13294539510234,22.99,24.214,612,62,0,0.01
2204,500,89.36397879032054,18.186,19.316,565,61,0,0.01
2205,500,102.48271414777078,19.546,20.752,603,63,0,0.01
2206,500,95.11066503461313,17.454,18.558,552,59,0,0.01
2207,500,108.03300258564997,15.406,16.486,540,61,0,0.01
2208,500,86.79317115924911,18.948,20.094,573,61,0,0.01
2209,500,92.47037602397761,17.82,18.93,555,63,0,0.01
2210,500,105.98008916446717,18.106,19.27,582,61,0,0.01
2211,500,94.90692635774734,20.074,21.262,594,64,0,0.01
2212,500,84.81744130352205,17.62,18.686,533,58,0,0.01
2213,500,87.67361155389355,16.45,17.488,519,61,0,0.01
2214,500,104.54121443102918,16.848,17.966,559,61,0,0.01
2215,500,99.4583191098475,19.564,20.758,597,61,0,0.01
2216,500,96.31016719769092,17.626,18.736,555,60,0,0.01
2217,500,99.9067817669334,19.308,20.504,598,62,0,0.01
2218,500,98.3554388415946,18.008,19.148,570,62,0,0.01
2219,500,90.50015503747085,20.968,22.182,607,61,0,0.01
2220,500,79.83973159948003,22.516,23.744,614,63,0,0.01
2221,500,83.81294849700733,21.306,22.506,600,59,0,0.01
2222,500,85.85722052621156,20.034,21.196,581,61,0,0.01
2223,500,99.23672579119456,18.502,19.656,577,65,0,0.01
2224,500,79.65860301965172,19.622,20.768,573,61,0,0.01
2225,500,83.56215649162083,21.558,22.77,606,65,0,0.01
2226,500,107.46742261413576,17.102,18.238,568,60,0,0.01
2227,500,89.03802768189318,20.086,21.262,588,60,0,0.01
2228,500,64.78068387836295,23.198,24.376,589,56,0,0.01
2229,500,95.63655143217801,16.936,18.018,541,59,0,0.01
2230,500,92.19204326617194,21.028,22.238,605,60,0,0.01
2231,500,97.07778313099396,19.046,20.208,581,63,0,0.01
2232,500,92.11963046062498,21.37,22.634,632,60,0,0.01
2233,500,100.12376259808278,17.08,18.202,561,65,0,0.01
2234,500,96.56711434352282,19.846,21.048,601,63,0,0.01
2235,500,81.34337199199558,20.428,21.592,582,58,0,0.01
2236,500,92.41811001736706,19.514,20.698,592,56,0,0.01
2237,500,97.71291108003105,22.97,24.274,652,61,0,0.01
2238,500,80.46858766016045,20.016,21.162,573,60,0,0.01
2239,500,94.25964852025753,17.404,18.52,558,64,0,0.01
2240,500,90.40576342464384,19.84,21.0,580,61,0,0.01
2241,500,119.73354686460607,18.468,19.716,624,63,0,0.01
2242,500,60.70411401842194,23.394,24.58,593,54,0,0.01
2243,500,82.97659336276539,21.032,22.216,592,62,0,0.01
2244,500,97.46134433030944,19.828,21.034,603,60,0,0.01
2245,500,84.37452415068039,17.584,18.648,532,61,0,0.01
2246,500,84.8549591450424,22.202,23.468,633,61,0,0.01
2247,500,82.30425516534591,21.988,23.24,626,63,0,0.01
2248,500,82.91822383220088,20.466,21.63,582,64,0,0.01
2249,500,98.52258308851425,18.96,20.13,585,62,0,0.01
2250,500,88.23374160537269,18.058,19.182,562,66,0,0.01
2251,500,97.84028457319114,19.408,20.598,595,65,0,0.01
2252,500,103.93322146140054,16.264,17.36,548,60,0,0.01
2253,500,103.00270284096456,16.66,17.766,553,60,0,0.01
2254,500,66.20393686189794,20.756,21.896,570,65,0,0.01
2255,500,102.41050634165026,19.296,20.496,600,64,0,0.01
2256,500,93.15948799936083,19.828,20.992,582,62,0,0.01
2257,500,92.70932605012925,18.164,19.286,561,62,0,0.01
2258,500,81.27336662497056,20.86,22.04,590,63,0,0.01
2259,500,84.03237747812747,18.426,19.526,550,57,0,0.01
2260,500,85.5631206075327,18.332,19.422,545,58,0,0.01
2261,500,85.80607348498683,19.186,20.306,560,61,0,0.01
2262,500,83.91331548386934,19.81,20.962,576,57,0,0.01
2263,500,97.42514834779159,20.202,21.432,615,59,0,0.01
2264,500,89.98338125950688,18.008,19.098,545,59,0,0.01
2265,500,104.59513951530151,17.782,18.938,578,62,0,0.01
2266,500,112.55864620541698,19.234,20.474,620,64,0,0.01
2267,500,83.86911379874651,19.148,20.296,574,64,0,0.01
2268,500,88.84653122142034,20.934,22.14,603,63,0,0.01
2269,500,84.16704852751634,17.714,18.814,550,63,0,0.01
2270,500,94.29425023334238,17.604,18.712,554,63,0,0.01
2271,500,76.78120721944155,21.278,22.474,598,59,0,0.01
2272,500,90.62213934239956,19.902,21.068,583,58,0,0.01
2273,500,96.55524712416037,15.512,16.546,517,61,0,0.01
2274,500,96.76536092236555,19.772,20.95,589,61,0,0.01
2275,500,110.96904912608771,17.85,19.048,599,63,0,0.01
2276,500,88.48350940942589,22.892,24.178,643,58,0,0.01
2277,500,87.45971781835755,19.1,20.234,567,63,0,0.01
2278,500,101.63104842911261,18.48,19.648,584,58,0,0.01
2279,500,57.99151575841325,25.08,26.32,620,60,0,0.01
2280,500,83.89719237674656,19.378,20.52,571,62,0,0.01
2281,500,98.07169279877752,19.756,20.952,598,62,0,0.01
2282,500,83.00370424539379,20.42,21.612,596,65,0,0.01
2283,500,111.46258639961552,16.538,17.678,570,63,0,0.01
2284,500,72.41824792898093,24.454,25.712,629,64,0,0.01
2285,500,96.19556137492349,20.088,21.302,607,64,0,0.01
2286,500,69.50346797302194,21.292,22.418,563,61,0,0.01
2287,500,93.65417762414096,18.31,19.44,565,61,0,0.01
2288,500,95.54848121127782,19.908,21.116,604,63,0,0.01
2289,500,93.42297554132877,18.364,19.5,568,62,0,0.01
2290,500,93.14261392149166,19.428,20.596,584,60,0,0.01
2291,500,100.85670468448954,18.192,19.366,587,63,0,0.01
2292,500,92.67021654906239,16.654,17.732,539,61,0,0.01
2293,500,77.0312796764442,21.912,23.104,596,58,0,0.01
2294,500,84.2266549147256,20.684,21.88,598,57,0,0.01
2295,500,77.99679992393206,20.018,21.172,577,62,0,0.01
2296,500,86.867569356075,17.908,19.024,558,63,0,0.01
2297,500,84.26253126282656,19.506,20.662,578,60,0,0.01
2298,500,99.95673330934446,18.046,19.204,579,60,0,0.01
2299,500,112.63716074518786,19.114,20.342,614,62,0,0.01
2300,500,91.51622473837239,19.122,20.298,588,69,0,0.01
2301,500,78.77773893745129,20.388,21.54,576,60,0,0.01
2302,500,92.02559805031619,19.298,20.47,586,63,0,0.01
2303,500,99.24630524591235,19.08,20.242,581,59,0,0.01
2304,500,88.30224714382602,20.226,21.416,595,62,0,0.01
2305,500,92.42195834238683,19.854,21.044,595,60,0,0.01
2306,500,82.8680127407943,19.072,20.202,565,61,0,0.01
2307,500,94.82151596544477,17.684,18.802,559,62,0,0.01
2308,500,69.03492332522852,23.394,24.628,617,63,0,0.01
2309,500,99.92578582689532,19.76,20.976,608,64,0,0.01
2310,500,102.60700380158625,19.108,20.296,594,58,0,0.01
2311,500,103.04779944126533,16.996,18.112,558,62,0,0.01
2312,500,82.54328465089174,19.366,20.508,571,62,0,0.01
2313,500,104.9177182491389,18.542,19.732,595,62,0,0.01
2314,500,87.73007190341572,21.84,23.082,621,58,0,0.01
2315,500,95.4334619596146,20.58,21.792,606,66,0,0.01
2316,500,96.49683949203343,18.202,19.336,567,61,0,0.01
2317,500,85.20279118984583,16.772,17.814,521,60,0,0.01
2318,500,80.04863638394295,21.182,22.352,585,61,0,0.01
2319,500,91.49571759357006,17.736,18.85,557,60,0,0.01
2320,500,94.5158849098267,18.952,20.1,574,61,0,0.01
2321,500,79.97943474750318,22.816,24.056,620,60,0,0.01
2322,500,75.86203768995054,22.246,23.454,604,61,0,0.01
2323,500,100.06082666065342,18.58,19.744,582,59,0,0.01
2324,500,91.68066193270808,19.118,20.256,569,61,0,0.01
2325,500,90.77678182393088,19.966,21.146,590,59,0,0.01
2326,500,101.01456712724931,17.982,19.122,570,60,0,0.01
2327,500,82.75932399637043,22.8,24.04,620,63,0,0.01
2328,500,100.20787425858916,16.904,18.012,554,61,0,0.01
2329,500,93.63081151035841,18.28,19.416,568,64,0,0.01
2330,500,66.52404692844436,22.292,23.484,596,62,0,0.01
2331,500,89.32250564467529,19.942,21.104,581,58,0,0.01
2332,500,86.59557296455223,19.582,20.712,565,58,0,0.01
2333,500,93.9646689910592,21.534,22.754,610,61,0,0.01
2334,500,81.6444970493615,19.88,21.018,569,58,0,0.01
2335,500,64.47369042606736,19.688,20.758,535,58,0,0.01
2336,500,92.46002687092312,19.42,20.588,584,63,0,0.01
2337,500,96.57293844754366,20.59,21.8,605,65,0,0.01
2338,500,83.18828791547477,21.238,22.426,594,60,0,0.01
2339,500,72.69931883854174,22.558,23.776,609,65,0,0.01
2340,500,84.36741661952202,19.78,20.934,577,62,0,0.01
2341,500,96.02674925822076,18.086,19.216,565,61,0,0.01
2342,500,96.5886767888295,16.506,17.586,540,60,0,0.01
2343,500,95.14098676315754,17.612,18.75,569,63,0,0.01
2344,500,76.2136605842386,21.522,22.7,589,59,0,0.01
2345,500,72.81338162306679,22.552,23.752,600,61,0,0.01
2346,500,74.7020130225793,21.074,22.218,572,61,0,0.01
2347,500,89.0496119018623,18.852,19.994,571,63,0,0.01
2348,500,97.24234196271117,16.83,17.916,543,60,0,0.01
2349,500,96.36597508664191,18.442,19.594,576,63,0,0.01
2350,500,100.39084428526465,19.398,20.59,596,59,0,0.01
2351,500,89.07414127193958,19.658,20.802,572,59,0,0.01
2352,500,64.29347206607576,21.99,23.158,584,58,0,0.01
2353,500,102.28130687296428,17.57,18.71,570,63,0,0.01
2354,500,101.36780480829039,16.568,17.666,549,60,0,0.01
2355,500,96.06828606874743,18.534,19.69,578,63,0,0.01
2356,500,61.004644421054145,25.066,26.314,624,60,0,0.01
2357,500,92.14612356131325,20.6,21.814,607,61,0,0.01
2358,500,73.6200093603068,19.914,21.024,555,62,0,0.01
2359,500,112.68067333471568,19.966,21.222,628,62,0,0.01
2360,500,76.9972330499916,21.224,22.398,587,64,0,0.01
2361,500,72.85876350234446,19.806,20.914,554,59,0,0.01
2362,500,90.20466699213303,20.238,21.41,586,58,0,0.01
2363,500,82.6476683271761,22.386,23.61,612,62,0,0.01
2364,500,105.0577172579901,16.216,17.312,548,61,0,0.01
2365,500,91.57098171932377,18.582,19.718,568,64,0,0.01
2366,500,75.5611997012914,21.738,22.928,595,62,0,0.01
2367,500,73.89758414497486,20.338,21.48,571,58,0,0.01
2368,500,88.45120864561163,18.784,19.916,566,60,0,0.01
2369,500,40.9524790375399,24.794,25.942,574,57,0,0.01
2370,500,100.40534055724441,18.54,19.7,580,59,0,0.01
2371,500,92.14230454573494,18.57,19.722,576,62,0,0.01
2372,500,72.7435823988159,23.394,24.618,612,56,0,0.01
2373,500,91.08595508508043,21.722,22.982,630,62,0,0.01
2374,500,76.42800763996303,19.436,20.554,559,61,0,0.01
2375,500,90.34053207379658,20.128,21.314,593,63,0,0.01
2376,500,89.16841792658518,18.872,20.002,565,60,0,0.01
2377,500,104.08012804798216,17.906,19.054,574,58,0,0.01
2378,500,110.79175014368896,17.446,18.618,586,62,0,0.01
2379,500,84.24921908765278,21.542,22.734,596,61,0,0.01
2380,500,85.1871780654014,22.716,23.956,620,60,0,0.01
2381,500,112.3954001102784,16.828,17.986,579,61,0,0.01
2382,500,97.81289509078609,18.984,20.158,587,64,0,0.01
2383,500,88.2312849864718,20.806,22.006,600,64,0,0.01
2384,500,83.60646987865634,20.588,21.754,583,61,0,0.01
2385,500,83.33517040527654,18.936,20.06,562,56,0,0.01
2386,500,99.16700895941509,19.398,20.584,593,62,0,0.01
2387,500,81.6869097242848,21.634,22.862,614,64,0,0.01
2388,500,86.91624773000864,19.528,20.706,589,64,0,0.01
2389,500,92.59158004871864,18.464,19.602,569,60,0,0.01
2390,500,100.08953213590607,17.912,19.06,574,66,0,0.01
2391,500,94.59236326198379,19.762,20.96,599,66,0,0.01
2392,500,101.69689641855244,17.356,18.484,564,61,0,0.01
2393,500,102.35501776392508,18.762,19.946,592,61,0,0.01
2394,500,86.3944026085001,17.83,18.914,542,60,0,0.01
2395,500,87.62962805993486,18.166,19.268,551,63,0,0.01
2396,500,100.18186590045177,19.108,20.288,590,60,0,0.01
2397,500,84.33965767593868,20.35,21.528,589,66,0,0.01
2398,500,69.87651051153271,18.504,19.536,516,63,0,0.01
2399,500,85.48439292259631,21.65,22.858,604,62,0,0.01
2400,500,82.52122785075653,22.374,23.594,610,61,0,0.01
2401,500,106.82618853836983,19.058,20.266,604,64,0,0.01
2402,256,-17.814857159750215,29.33203125,30.5078125,301,32,1,0.01
2403,500,97.83382184671908,18.1,19.23,565,63,0,0.01
2404,500,101.07793765727678,19.2,20.382,591,63,0,0.01
2405,500,74.41130045995789,21.704,22.884,590,62,0,0.01
2406,500,93.51379417264397,16.638,17.714,538,64,0,0.01
2407,500,86.68481931029336,19.822,20.978,578,61,0,0.01
2408,500,74.06698065775109,20.17,21.31,570,63,0,0.01
2409,500,107.10496468089498,17.002,18.13,564,61,0,0.01
2410,500,63.29803326027924,25.566,26.84,637,59,0,0.01
2411,500,103.10245465577282,17.5,18.642,571,64,0,0.01
2412,500,107.28602927265082,17.174,18.334,580,62,0,0.01
2413,500,67.29373861746257,21.038,22.164,563,59,0,0.01
2414,500,87.73698534018986,21.21,22.41,600,64,0,0.01
2415,500,85.98215938432965,20.612,21.806,597,66,0,0.01
2416,500,94.76814743434338,17.778,18.894,558,61,0,0.01
2417,500,105.08901987364375,20.174,21.424,625,66,0,0.01
2418,500,96.8687633883494,18.474,19.622,574,58,0,0.01
2419,500,99.36572937576632,19.772,20.974,601,64,0,0.01
2420,500,67.24563031162846,23.926,25.15,612,62,0,0.01
2421,500,75.00953567499714,18.126,19.178,526,57,0,0.01
2422,500,90.73436150023373,20.764,21.994,615,61,0,0.01
2423,500,101.70422181768362,17.012,18.13,559,61,0,0.01
2424,500,103.85306282543526,18.76,19.938,589,59,0,0.01
2425,500,85.7429296150536,18.25,19.346,548,60,0,0.01
2426,500,100.6267156847335,17.224,18.356,566,60,0,0.01
2427,500,99.98534613346567,17.386,18.516,565,61,0,0.01
2428,500,84.986883573746,22.274,23.53,628,62,0,0.01
2429,500,102.79570170169133,18.282,19.444,581,62,0,0.01
2430,500,81.01493137576598,22.694,23.93,618,60,0,0.01
2431,500,100.19783269156156,17.328,18.456,564,66,0,0.01
2432,500,92.52791040159435,16.322,17.408,543,63,0,0.01
2433,500,83.25727461701914,20.772,21.94,584,62,0,0.01
2434,500,73.0751016417288,23.638,24.866,614,60,0,0.01
2435,500,99.99820856791098,18.842,20.014,586,62,0,0.01
2436,500,91.45187869042533,20.198,21.378,590,64,0,0.01
2437,500,82.83589320992908,21.58,22.822,621,65,0,0.01
2438,500,81.79887151296722,19.364,20.504,570,67,0,0.01
2439,500,92.50068928359194,20.07,21.266,598,64,0,0.01
2440,500,106.98913079360412,15.494,16.586,546,66,0,0.01
2441,500,85.73809519026314,19.732,20.88,574,64,0,0.01
2442,500,84.72518260586537,19.56,20.728,584,64,0,0.01
2443,500,86.39684049981089,17.228,18.288,530,63,0,0.01
2444,500,85.36388939545785,21.744,22.978,617,63,0,0.01
2445,500,94.67550608377107,17.754,18.878,562,66,0,0.01
2446,500,104.09168295851012,18.354,19.528,587,64,0,0.01
2447,500,92.83034623914627,20.324,21.52,598,58,0,0.01
2448,500,75.42439802342753,21.35,22.538,594,64,0,0.01
2449,500,93.78914925716529,20.03,21.236,603,64,0,0.01
2450,500,81.85723257460158,22.022,23.234,606,62,0,0.01
2451,500,93.37833258440757,19.114,20.266,576,62,0,0.01
2452,500,97.53428080012607,18.132,19.27,569,65,0,0.01
2453,500,70.49559742272733,21.532,22.712,590,66,0,0.01
2454,500,106.53966119623634,17.178,18.326,574,63,0,0.01
2455,500,109.02021554128481,17.6,18.766,583,62,0,0.01
2456,500,97.37140742243461,18.27,19.408,569,61,0,0.01
2457,500,90.4418353336678,18.6,19.74,570,64,0,0.01
2458,500,101.1781721017146,18.93,20.12,595,60,0,0.01
2459,500,98.82851472776781,20.12,21.338,609,64,0,0.01
2460,500,96.11366094563373,19.384,20.568,592,65,0,0.01
2461,500,77.56600513983167,22.448,23.642,597,63,0,0.01
2462,500,99.8664888154428,17.656,18.788,566,64,0,0.01
2463,500,115.81274024131204,18.224,19.43,603,62,0,0.01
2464,500,79.00054859542892,23.962,25.23,634,60,0,0.01
2465,500,109.63734458091211,17.606,18.784,589,67,0,0.01
2466,500,109.96425459258987,18.118,19.298,590,62,0,0.01
2467,500,110.41998956577697,15.778,16.884,553,62,0,0.01
2468,500,77.3725929857791,21.04,22.206,583,61,0,0.01
2469,500,98.44408906606337,18.964,20.15,593,64,0,0.01
2470,500,92.49122332051662,19.902,21.09,594,62,0,0.01
2471,500,103.27133597320949,16.594,17.696,551,67,0,0.01
2472,500,103.13528640943949,17.176,18.33,577,65,0,0.01
2473,500,86.46422413980098,18.902,20.022,560,66,0,0.01
2474,500,85.65990875383928,18.568,19.69,561,63,0,0.01
2475,500,72.28627041724714,22.642,23.844,601,62,0,0.01
2476,500,104.58003507365957,17.384,18.534,575,60,0,0.01
2477,500,106.64121342325173,17.85,19.028,589,63,0,0.01
2478,500,99.63962973566991,18.908,20.084,588,67,0,0.01
2479,500,101.77266694752451,20.514,21.762,624,62,0,0.01
2480,500,96.05829758475002,20.706,21.944,619,61,0,0.01
2481,500,99.7356261997811,19.93,21.134,602,63,0,0.01
2482,500,91.75907470603512,20.046,21.236,595,62,0,0.01
2483,500,87.63123405456663,19.05,20.2,575,60,0,0.01
2484,500,116.99849677996544,18.712,19.946,617,60,0,0.01
2485,500,86.44219632591593,19.71,20.856,573,60,0,0.01
2486,500,90.39761492095482,20.096,21.278,591,60,0,0.01
2487,500,76.82389523787289,20.53,21.702,586,59,0,0.01
2488,500,101.29856213721047,18.43,19.592,581,63,0,0.01
2489,500,111.30961357759742,19.558,20.792,617,62,0,0.01
2490,500,78.26607232501055,21.56,22.742,591,65,0,0.01
2491,500,102.90272876567835,20.062,21.312,625,63,0,0.01
2492,500,104.89400498122812,21.432,22.722,645,59,0,0.01
2493,500,79.25279760501697,19.304,20.418,557,60,0,0.01
2494,500,90.74758167065862,19.768,20.936,584,62,0,0.01
2495,500,93.27585434304275,18.412,19.536,562,63,0,0.01
2496,500,104.32101249530378,18.356,19.524,584,65,0,0.01
2497,500,100.25604916238214,19.236,20.436,600,63,0,0.01
2498,500,101.2205818435605,17.664,18.814,575,64,0,0.01
2499,500,96.60481162115096,18.384,19.544,580,62,0,0.01
2500,500,89.87718105331172,19.808,21.01,601,60,0,0.01
2501,500,82.40967509135365,21.898,23.114,608,62,0,0.01
2502,500,99.30328632662689,20.096,21.318,611,59,0,0.01
2503,500,98.2695476093923,18.766,19.916,575,60,0,0.01
2504,500,108.7139675238832,19.178,20.4,611,62,0,0.01
2505,500,97.96983119600539,18.226,19.376,575,60,0,0.01
2506,500,88.6756093167537,18.242,19.354,556,62,0,0.01
2507,500,96.0426043474181,17.942,19.068,563,60,0,0.01
2508,500,90.17263864586054,21.234,22.462,614,61,0,0.01
2509,500,80.02042379697998,20.67,21.836,583,59,0,0.01
2510,500,96.03616539453462,20.056,21.248,596,62,0,0.01
2511,500,98.25274566533456,18.478,19.638,580,60,0,0.01
2512,500,102.03429105878614,18.058,19.206,574,63,0,0.01
2513,500,89.41294423296118,18.754,19.9,573,59,0,0.01
2514,500,88.8795471340023,19.616,20.778,581,63,0,0.01
2515,500,78.25890112897106,21.556,22.768,606,63,0,0.01
2516,500,59.32778556710626,22.272,23.394,561,59,0,0.01
2517,500,70.83434973683111,21.966,23.116,575,58,0,0.01
2518,500,104.70933777532818,19.57,20.782,606,61,0,0.01
2519,500,107.41998256338555,19.39,20.608,609,62,0,0.01
2520,500,100.50071680330335,16.326,17.422,548,60,0,0.01
2521,500,86.716179078291,18.904,20.03,563,61,0,0.01
2522,500,77.77183097442025,18.074,19.148,537,65,0,0.01
2523,500,88.99326944359929,18.404,19.536,566,59,0,0.01
2524,500,98.86025421560363,18.146,19.298,576,63,0,0.01
2525,500,79.99098819149235,21.76,22.958,599,59,0,0.01
2526,500,89.33862696206805,18.332,19.454,561,64,0,0.01
2527,500,86.10771520423128,20.888,22.084,598,62,0,0.01
2528,500,98.468688780222,17.852,18.99,569,61,0,0.01
2529,500,71.43543952834565,23.114,24.334,610,61,0,0.01
2530,500,91.44448083429145,19.908,21.102,597,64,0,0.01
2531,500,92.4362912959624,20.392,21.602,605,63,0,0.01
2532,500,85.2091011797651,19.94,21.086,573,63,0,0.01
2533,500,87.53698849909239,20.176,21.34,582,65,0,0.01
2534,500,81.11146908838958,19.222,20.348,563,63,0,0.01
2535,500,67.71865132504169,22.272,23.45,589,58,0,0.01
2536,500,76.59225920884475,18.91,19.984,537,59,0,0.01
2537,500,90.34830932657748,18.84,19.986,573,64,0,0.01
2538,500,95.86515377181404,20.388,21.606,609,61,0,0.01
2539,500,80.9372985594355,19.534,20.652,559,61,0,0.01
2540,500,82.75427284695479,23.424,24.708,642,63,0,0.01
2541,500,91.675909577198,20.14,21.344,602,61,0,0.01
2542,500,101.14603791257316,16.964,18.07,553,63,0,0.01
2543,500,84.51656489010921,19.842,21.022,590,63,0,0.01
2544,500,88.07327680955028,19.284,20.44,578,60,0,0.01
2545,500,85.28577394949765,19.706,20.844,569,59,0,0.01
2546,500,90.98764154688376,18.626,19.758,566,61,0,0.01
2547,500,78.17874835204948,19.458,20.562,552,65,0,0.01
2548,500,76.46430832200235,21.034,22.194,580,61,0,0.01
2549,500,93.05019222862215,23.294,24.602,654,59,0,0.01
2550,500,100.2823082773936,21.262,22.522,630,64,0,0.01
2551,500,91.0428928826636,18.414,19.552,569,64,0,0.01
2552,500,84.00831233328113,19.17,20.286,558,61,0,0.01
2553,500,84.71195950236311,17.532,18.634,551,65,0,0.01
2554,500,106.19466467001565,18.336,19.512,588,62,0,0.01
2555,500,84.81997510223296,20.556,21.728,586,63,0,0.01
2556,500,98.71129124727935,18.08,19.224,572,62,0,0.01
2557,500,87.18063262326672,20.82,22.008,594,62,0,0.01
2558,500,94.83522169857667,18.594,19.754,580,62,0,0.01
2559,500,74.39185480500643,22.134,23.328,597,63,0,0.01
2560,500,100.1053048326319,17.714,18.85,568,63,0,0.01
2561,500,94.84935029910805,20.764,21.986,611,64,0,0.01
2562,500,106.04295475781487,18.528,19.698,585,62,0,0.01
2563,500,76.81083024011322,22.732,23.962,615,62,0,0.01
2564,500,103.4687609140334,17.944,19.098,577,63,0,0.01
2565,500,82.25908349815629,18.512,19.622,555,65,0,0.01
2566,500,87.12211703534955,17.996,19.098,551,63,0,0.01
2567,500,88.20650843898034,19.838,21.012,587,62,0,0.01
2568,500,63.90614493421207,20.922,22.048,563,59,0,0.01
2569,500,86.45094241741613,20.246,21.416,585,65,0,0.01
2570,500,76.36923933877904,21.554,22.748,597,63,0,0.01
2571,500,73.09013883902959,17.768,18.834,533,65,0,0.01
2572,500,91.71428748149107,20.568,21.764,598,62,0,0.01
2573,500,65.42870878394812,21.258,22.39,566,59,0,0.01
2574,500,77.0322980187337,21.416,22.626,605,61,0,0.01
2575,500,93.19642404758264,18.448,19.586,569,62,0,0.01
2576,500,102.08281311670726,17.478,18.62,571,63,0,0.01
2577,500,98.44216343701483,17.28,18.4,560,65,0,0.01
2578,500,71.0722071739609,20.134,21.23,548,61,0,0.01
2579,500,88.26050565706406,20.888,22.104,608,61,0,0.01
2580,500,99.4303405085614,16.256,17.336,540,59,0,0.01
2581,500,84.7273935138908,18.158,19.292,567,63,0,0.01
2582,500,82.04860381823295,19.318,20.43,556,60,0,0.01
2583,500,95.82662134123811,19.786,21.002,608,64,0,0.01
2584,500,79.08000641060049,20.21,21.35,570,61,0,0.01
2585,500,96.7971311861815,17.62,18.74,560,64,0,0.01
2586,500,77.97659336276534,21.052,22.226,587,62,0,0.01
2587,500,71.48928254333772,24.516,25.756,620,58,0,0.01
2588,500,111.79316057739804,18.384,19.588,602,63,0,0.01
2589,500,114.3095103446147,19.086,20.324,619,62,0,0.01
2590,500,102.71262775744695,16.86,17.982,561,64,0,0.01
2591,500,103.7582087771074,18.104,19.27,583,68,0,0.01
2592,500,92.22979037056156,17.764,18.878,557,60,0,0.01
2593,500,100.57142299112213,17.142,18.272,565,63,0,0.01
2594,500,80.19285432233976,19.188,20.306,559,64,0,0.01
2595,500,80.60752990196845,20.916,22.082,583,60,0,0.01
2596,500,111.23477052951336,17.938,19.116,589,63,0,0.01
2597,500,93.34637637194628,20.226,21.438,606,63,0,0.01
2598,500,92.9157222760088,18.824,19.974,575,62,0,0.01
2599,500,91.53734884495822,20.214,21.418,602,61,0,0.01
2600,500,78.87410486274077,20.404,21.55,573,63,0,0.01
2601,500,102.6695702778374,18.606,19.79,592,65,0,0.01
2602,500,84.47161288062246,20.256,21.426,585,59,0,0.01
2603,500,107.19237804871895,15.558,16.654,548,63,0,0.01
2604,500,92.64974343650891,18.628,19.774,573,60,0,0.01
2605,500,79.34087222553352,20.856,22.042,593,65,0,0.01
2606,500,60.60404435892675,23.772,24.966,597,61,0,0.01
2607,500,93.36275723833455,21.288,22.524,618,58,0,0.01
2608,500,94.77562735975744,17.604,18.722,559,61,0,0.01
2609,500,109.06785473241784,19.31,20.526,608,62,0,0.01
2610,500,106.5749121136236,18.402,19.588,593,64,0,0.01
2611,500,107.45359459723996,17.356,18.51,577,63,0,0.01
2612,500,102.95017060615854,19.8,21.026,613,66,0,0.01
2613,500,109.83465488674565,17.564,18.716,576,62,0,0.01
2614,500,104.19770014913759,18.538,19.73,596,65,0,0.01
2615,500,104.28667880014446,18.728,19.92,596,66,0,0.01
2616,500,114.08647402654293,15.226,16.332,553,64,0,0.01
2617,500,103.5025600398805,17.936,19.1,582,65,0,0.01
2618,500,90.97419357301713,18.346,19.45,552,61,0,0.01
2619,500,92.08570465139746,18.006,19.128,561,64,0,0.01
2620,500,91.89521659774545,18.942,20.098,578,64,0,0.01
2621,500,98.28204025946819,20.698,21.938,620,64,0,0.01
2622,500,103.15053544189536,18.324,19.484,580,65,0,0.01
2623,500,89.33353477801225,19.192,20.348,578,60,0,0.01
2624,500,84.99855751176922,18.016,19.118,551,65,0,0.01
2625,500,99.757622914495,18.782,19.96,589,63,0,0.01
2626,500,90.72730086275934,18.134,19.272,569,65,0,0.01
2627,500,106.49002749851198,17.21,18.358,574,66,0,0.01
2628,500,98.18117533831787,17.798,18.932,567,64,0,0.01
2629,500,98.44659909118546,18.482,19.646,582,61,0,0.01
2630,500,98.30020069755231,21.182,22.448,633,61,0,0.01
2631,500,99.14009005824965,15.876,16.968,546,69,0,0.01
2632,500,118.39876548247722,17.744,18.952,604,62,0,0.01
2633,500,94.31896458249136,17.88,19.02,570,65,0,0.01
2634,500,86.4688421631572,17.076,18.13,527,64,0,0.01
2635,500,90.66440481662252,18.408,19.524,558,62,0,0.01
2636,500,96.23209571944837,18.368,19.524,578,66,0,0.01
2637,500,91.67667959872561,18.484,19.612,564,65,0,0.01
2638,500,109.769865130888,16.97,18.114,572,61,0,0.01
2639,500,106.40095798610366,19.058,20.25,596,60,0,0.01
2640,500,91.67882162920844,20.512,21.72,604,62,0,0.01
2641,500,89.93811222548956,20.112,21.318,603,65,0,0.01
2642,500,93.42862427855557,18.536,19.672,568,62,0,0.01
2643,500,91.29750390362841,20.184,21.376,596,65,0,0.01
2644,500,88.27730581139174,19.142,20.294,576,64,0,0.01
2645,500,80.99889913004479,20.224,21.406,591,70,0,0.01
2646,500,98.94454091971305,18.02,19.176,578,63,0,0.01
2647,500,96.04837797829522,19.444,20.652,604,65,0,0.01
2648,500,80.76188384825404,20.52,21.682,581,65,0,0.01
2649,500,96.68816237544215,18.804,19.96,578,65,0,0.01
2650,500,90.38970365921122,21.094,22.31,608,63,0,0.01
2651,500,96.3141096403809,19.474,20.664,595,65,0,0.01
2652,500,93.65826254472367,18.356,19.52,582,65,0,0.01
2653,500,91.22743487172211,18.42,19.566,573,63,0,0.01
2654,500,99.42791434244918,18.304,19.478,587,63,0,0.01
2655,500,67.96719074138016,22.606,23.82,607,61,0,0.01
2656,500,97.42561957541373,18.144,19.278,567,67,0,0.01
2657,500,104.45798775023195,17.29,18.41,560,60,0,0.01
2658,500,94.43721405404293,16.868,17.962,547,66,0,0.01
2659,500,103.39791192513047,18.408,19.584,588,63,0,0.01
2660,500,98.67094993556609,19.738,20.938,600,66,0,0.01
2661,500,99.41809829216838,18.024,19.16,568,65,0,0.01
2662,500,98.73995715443071,19.16,20.342,591,64,0,0.01
2663,500,92.93299984730488,21.594,22.828,617,63,0,0.01
2664,500,102.91478421326964,16.782,17.896,557,62,0,0.01
2665,500,94.80653706383536,19.66,20.834,587,61,0,0.01
2666,500,78.38441444769371,20.548,21.692,572,64,0,0.01
2667,500,71.06897874380232,22.496,23.694,599,66,0,0.01
2668,500,103.55758471556622,17.446,18.596,575,62,0,0.01
2669,500,102.38005874988217,16.238,17.354,558,65,0,0.01
2670,500,111.48309386760891,18.454,19.642,594,62,0,0.01
2671,500,100.19718348725915,16.304,17.386,541,64,0,0.01
2672,500,81.51569228198122,22.086,23.318,616,63,0,0.01
2673,500,75.82820925466214,23.936,25.194,629,62,0,0.01
2674,500,82.42372797861383,19.896,21.056,580,60,0,0.01
2675,500,94.23584081148535,18.264,19.416,576,62,0,0.01
2676,500,112.91560846117511,17.82,19.016,598,64,0,0.01
2677,500,80.99798369754681,20.666,21.838,586,61,0,0.01
2678,500,82.45922460687665,19.774,20.93,578,64,0,0.01
2679,500,92.15865463614303,19.802,20.974,586,61,0,0.01
2680,500,106.8360653204545,18.518,19.694,588,63,0,0.01
2681,500,98.73884404808858,17.108,18.216,554,60,0,0.01
2682,500,112.03960957974503,16.926,18.084,579,63,0,0.01
2683,500,103.96271014991841,16.914,18.044,565,61,0,0.01
2684,500,81.42287442126722,20.504,21.66,578,61,0,0.01
2685,500,97.69178371717642,18.344,19.496,576,61,0,0.01
2686,500,47.01843108011864,24.574,25.78,603,63,0,0.01
2687,500,102.77580240336033,17.622,18.774,576,65,0,0.01
2688,500,87.30992295335422,20.512,21.714,601,64,0,0.01
2689,500,110.31252383987808,17.904,19.084,590,62,0,0.01
2690,500,93.59012825717849,17.224,18.338,557,65,0,0.01
2691,500,74.36725183457918,19.704,20.826,561,66,0,0.01
2692,500,86.43050561669529,16.934,17.996,531,65,0,0.01
2693,500,88.22400941410187,19.352,20.506,577,61,0,0.01
2694,500,101.86101544501,18.052,19.194,571,62,0,0.01
2695,500,83.3549855214063,17.5,18.576,538,62,0,0.01
2696,500,113.88907285930784,17.306,18.482,588,64,0,0.01
2697,500,97.26912327545402,15.994,17.06,533,63,0,0.01
2698,500,65.73204979533803,24.876,26.126,625,63,0,0.01
2699,500,90.07618853836982,19.122,20.298,588,67,0,0.01
2700,500,89.86140689004716,18.494,19.644,575,64,0,0.01
2701,500,102.5475226312187,17.994,19.156,581,63,0,0.01
2702,500,101.88820725357112,15.986,17.078,546,64,0,0.01
2703,500,95.96856502991922,17.516,18.644,564,63,0,0.01
2704,500,95.40911642526167,18.266,19.426,580,63,0,0.01
2705,500,96.44017886589234,18.454,19.63,588,66,0,0.01
2706,500,82.30405813788431,20.538,21.706,584,64,0,0.01
2707,500,90.77246992006272,19.112,20.252,570,59,0,0.01
2708,500,89.04675146634327,18.708,19.848,570,64,0,0.01
2709,500,99.62402035734826,17.714,18.848,567,63,0,0.01
2710,500,99.2449493617724,21.386,22.65,632,62,0,0.01
2711,500,117.47795853599193,16.966,18.148,591,63,0,0.01
2712,500,87.24360959533612,19.092,20.244,576,64,0,0.01
2713,500,104.82135085731079,17.01,18.144,567,64,0,0.01
2714,500,93.80590805366181,17.998,19.14,571,65,0,0.01
2715,500,102.98066476841936,17.514,18.65,568,66,0,0.01
2716,500,97.34668395797321,19.038,20.218,590,64,0,0.01
2717,500,94.83586064421921,19.676,20.88,602,64,0,0.01
2718,500,112.55333615338817,18.238,19.434,598,63,0,0.01
2719,500,79.9848755522259,20.552,21.726,587,65,0,0.01
2720,500,89.75109131048004,20.94,22.154,607,63,0,0.01
2721,500,84.79169885038887,17.836,18.948,556,66,0,0.01
2722,500,111.42274855804338,17.488,18.652,582,62,0,0.01
2723,500,98.00921718392794,18.216,19.374,579,64,0,0.01
2724,500,111.92932298642825,17.164,18.338,587,65,0,0.01
2725,500,90.95689988401733,20.22,21.432,606,65,0,0.01
2726,500,97.24135732947936,20.164,21.372,604,67,0,0.01
2727,500,108.98255783175804,17.318,18.47,576,64,0,0.01
2728,500,109.2751118412265,16.284,17.404,560,63,0,0.01
2729,500,95.74320756844786,18.202,19.346,572,62,0,0.01
2730,500,106.6227984821709,20.282,21.538,628,62,0,0.01
2731,500,99.33144550736847,18.342,19.514,586,66,0,0.01
2732,500,85.29736989466576,19.922,21.094,586,65,0,0.01
2733,500,101.59921450041544,18.42,19.592,586,64,0,0.01
2734,500,59.78448905582142,21.234,22.356,561,65,0,0.01
2735,500,108.90435087801389,16.27,17.392,561,63,0,0.01
2736,500,94.51927079934546,19.772,20.964,596,66,0,0.01
2737,500,105.24092273688126,17.422,18.558,568,62,0,0.01
2738,500,101.68742019681711,17.242,18.362,560,63,0,0.01
2739,500,87.18688774042596,20.218,21.388,585,63,0,0.01
2740,500,65.0552129252489,23.47,24.666,598,65,0,0.01
2741,500,115.21035318454018,16.01,17.132,561,64,0,0.01
2742,500,101.6428713575659,19.5,20.71,605,64,0,0.01
2743,500,99.69658004040419,20.102,21.33,614,63,0,0.01
2744,500,83.11258219473166,21.27,22.472,601,63,0,0.01
2745,500,83.67945943150315,20.64,21.8,580,59,0,0.01
2746,500,105.59345080500715,16.318,17.43,556,65,0,0.01
2747,500,106.64088385336606,17.626,18.776,575,63,0,0.01
2748,500,87.41324513978783,21.704,22.918,607,66,0,0.01
2749,500,89.99859854640933,17.764,18.884,560,65,0,0.01
2750,500,104.94695976024238,19.026,20.228,601,61,0,0.01
2751,500,106.11111803161045,17.452,18.624,586,65,0,0.01
2752,500,100.03423797575611,16.326,17.404,539,62,0,0.01
2753,500,100.47685926776978,18.984,20.172,594,61,0,0.01
2754,500,101.00420592580491,17.606,18.748,571,63,0,0.01
2755,500,77.4293166304193,21.944,23.148,602,63,0,0.01
2756,500,95.42855035501418,16.382,17.462,540,63,0,0.01
2757,500,96.58987228764286,18.616,19.776,580,62,0,0.01
2758,500,82.61163387333231,19.33,20.472,571,61,0,0.01
2759,500,98.17927494939683,21.052,22.308,628,64,0,0.01
2760,500,83.13149034729344,18.184,19.276,546,63,0,0.01
2761,500,111.4146944952158,19.77,21.022,626,64,0,0.01
2762,500,97.19900620651632,18.062,19.192,565,61,0,0.01
2763,500,84.7678929313467,20.726,21.93,602,65,0,0.01
2764,500,97.12885803840724,19.782,20.98,599,61,0,0.01
2765,500,87.6698591362741,19.648,20.81,581,59,0,0.01
2766,500,79.9407961508671,18.73,19.838,554,65,0,0.01
2767,500,92.2893334160806,19.044,20.19,573,61,0,0.01
2768,500,107.4050311814876,17.646,18.808,581,65,0,0.01
2769,500,109.06254582373684,19.304,20.55,623,62,0,0.01
2770,500,93.85351467908467,17.852,18.982,565,64,0,0.01
2771,500,86.42072180893327,18.0,19.09,545,58,0,0.01
2772,500,107.99964798787012,17.544,18.714,585,66,0,0.01
2773,500,101.34098539398504,20.652,21.894,621,63,0,0.01
2774,500,89.47089121931722,18.574,19.714,570,61,0,0.01
2775,500,109.81366625566133,18.274,19.468,597,65,0,0.01
2776,500,78.08945006662577,18.468,19.554,543,62,0,0.01
2777,500,98.09610688748211,18.122,19.264,571,65,0,0.01
2778,500,93.39207967537071,20.31,21.504,597,64,0,0.01
2779,500,95.70071543413074,19.406,20.586,590,64,0,0.01
2780,500,94.00651159788285,18.78,19.93,575,63,0,0.01
2781,500,98.80233979495752,20.182,21.402,610,62,0,0.01
2782,500,108.2299756728245,17.692,18.858,583,64,0,0.01
2783,500,99.32388172294408,16.954,18.05,548,61,0,0.01
2784,500,90.6306555175369,16.61,17.664,527,65,0,0.01
2785,500,90.24065650868562,18.94,20.086,573,63,0,0.01
2786,500,96.98555406596984,19.83,21.022,596,60,0,0.01
2787,500,80.89121406963415,18.99,20.1,555,66,0,0.01
2788,500,100.54450766941659,17.688,18.832,572,64,0,0.01
2789,500,96.69476790299828,18.828,19.99,581,68,0,0.01
2790,500,98.68460405220684,20.42,21.66,620,64,0,0.01
2791,500,93.86674657470833,18.31,19.444,567,64,0,0.01
2792,500,93.27477347921969,17.69,18.814,562,66,0,0.01
2793,500,109.02188194452913,17.138,18.294,578,66,0,0.01
2794,500,98.63930863471448,16.604,17.694,545,62,0,0.01
2795,500,91.59105606125767,19.292,20.456,582,65,0,0.01
2796,500,96.41018703042478,19.038,20.2,581,64,0,0.01
2797,500,110.88868141427078,16.924,18.062,569,62,0,0.01
2798,500,94.7085457699417,19.866,21.068,601,62,0,0.01
2799,500,96.32379379462014,22.02,23.286,633,62,0,0.01
2800,500,102.13794102537545,17.444,18.576,566,64,0,0.01
2801,500,85.1191672049677,21.406,22.612,603,62,0,0.01
2802,500,94.82137463089956,20.476,21.714,619,64,0,0.01
2803,500,105.43249279770409,18.194,19.372,589,64,0,0.01
2804,500,94.23897984678123,19.44,20.604,582,63,0,0.01
2805,500,106.5038244162367,16.612,17.744,566,61,0,0.01
2806,500,87.5769101996748,20.796,22.006,605,63,0,0.01
2807,500,89.85167323223747,18.276,19.392,558,60,0,0.01
2808,500,102.3740185676183,15.672,16.756,542,63,0,0.01
2809,500,94.124876027616,19.682,20.854,586,63,0,0.01
2810,500,93.08210382698329,18.346,19.478,566,64,0,0.01
2811,500,102.8026561731056,17.424,18.55,563,64,0,0.01
2812,500,82.79128982110936,20.59,21.79,600,62,0,0.01
2813,500,87.35869283507189,21.142,22.34,599,62,0,0.01
2814,500,92.74632722977128,20.496,21.716,610,64,0,0.01
2815,500,82.71793519958916,15.438,16.424,493,61,0,0.01
2816,500,92.72949304319472,18.87,20.03,580,65,0,0.01
2817,500,103.73412279174958,18.454,19.636,591,62,0,0.01
2818,500,106.40178955959149,17.054,18.182,564,64,0,0.01
2819,500,99.71892748870621,20.102,21.318,608,63,0,0.01
2820,500,87.70747255489219,16.616,17.666,525,61,0,0.01
2821,500,98.24405265686444,19.674,20.88,603,64,0,0.01
2822,500,96.01179934286168,17.854,18.992,569,63,0,0.01
2823,500,102.4627101499184,16.918,18.046,564,63,0,0.01
2824,500,87.2522114192134,19.404,20.568,582,65,0,0.01
2825,500,79.91201007287302,21.37,22.544,587,61,0,0.01
2826,500,103.38249843092291,17.67,18.816,573,61,0,0.01
2827,500,80.76708773422259,18.036,19.11,537,64,0,0.01
2828,500,96.97979216029147,19.774,20.954,590,62,0,0.01
2829,500,100.58536449966076,17.286,18.404,559,64,0,0.01
2830,500,104.93322146140044,16.26,17.358,549,60,0,0.01
2831,500,105.04188268611303,16.244,17.348,552,62,0,0.01
2832,500,99.08441943453018,18.892,20.068,588,62,0,0.01
2833,500,91.16196985838928,22.026,23.298,636,63,0,0.01
2834,500,89.88933094176437,18.55,19.684,567,66,0,0.01
2835,500,95.80979920305145,20.132,21.346,607,66,0,0.01
2836,500,88.35747649574718,18.618,19.746,564,66,0,0.01
2837,500,79.94993580032539,22.224,23.428,602,59,0,0.01
2838,500,93.13326291659801,21.17,22.4,615,61,0,0.01
2839,500,101.28742097876953,20.286,21.516,615,64,0,0.01
2840,500,93.94351199557228,18.072,19.208,568,62,0,0.01
2841,500,116.62359748994878,16.382,17.532,575,65,0,0.01
2842,500,79.87011227009825,19.828,20.962,567,63,0,0.01
2843,500,93.81218580106207,19.832,21.006,587,65,0,0.01
2844,500,87.22245650250008,20.216,21.384,584,61,0,0.01
2845,500,89.9942573330998,18.596,19.734,569,64,0,0.01
2846,500,102.4043954921138,20.126,21.354,614,63,0,0.01
2847,500,101.3981869454473,15.388,16.458,535,63,0,0.01
2848,500,86.39086512577585,19.856,21.016,580,61,0,0.01
2849,500,93.46386493728279,19.818,20.99,586,63,0,0.01
2850,500,112.84343322076467,19.43,20.68,625,62,0,0.01
2851,500,97.56946984236211,19.186,20.358,586,64,0,0.01
2852,500,103.10008889827344,18.214,19.386,586,63,0,0.01
2853,500,78.9608737490696,22.99,24.242,626,62,0,0.01
2854,500,117.69171126017388,17.626,18.824,599,65,0,0.01
2855,500,91.29134990653068,18.694,19.86,583,65,0,0.01
2856,500,96.44325423630683,17.43,18.558,564,64,0,0.01
2857,500,92.94972607809144,17.706,18.814,554,63,0,0.01
2858,500,100.85379295567029,18.338,19.5,581,64,0,0.01
2859,500,94.87550292486847,18.792,19.95,579,61,0,0.01
2860,500,103.0523984138401,16.794,17.906,556,63,0,0.01
2861,500,94.83612719560591,18.74,19.894,577,61,0,0.01
2862,500,91.60579804411282,17.092,18.18,544,64,0,0.01
2863,500,80.43644435570648,19.098,20.232,567,64,0,0.01
2864,500,102.36465909379437,19.502,20.702,600,65,0,0.01
2865,500,60.66800075156662,24.332,25.546,607,65,0,0.01
2866,500,77.22840435682372,21.348,22.508,580,59,0,0.01
2867,500,94.95313101839156,16.894,17.988,547,65,0,0.01
2868,500,104.54753288987864,17.928,19.096,584,63,0,0.01
2869,500,84.78118344585273,17.816,18.906,545,63,0,0.01
2870,500,95.71659983276915,17.576,18.694,559,64,0,0.01
2871,500,94.26617491161083,20.916,22.15,617,65,0,0.01
2872,500,90.60135538755061,19.498,20.656,579,64,0,0.01
2873,500,92.78342870931833,20.272,21.46,594,60,0,0.01
2874,500,108.53094767044615,18.486,19.678,596,63,0,0.01
2875,500,98.45303983379888,18.39,19.548,579,68,0,0.01
2876,500,83.1145271977527,21.848,23.046,599,61,0,0.01
2877,500,87.61271441396448,19.506,20.67,582,64,0,0.01
2878,500,90.63179614359034,14.954,15.964,505,61,0,0.01
2879,500,98.55150349866213,17.132,18.232,550,60,0,0.01
2880,500,88.32073421871823,17.906,19.024,559,65,0,0.01
2881,500,99.74951576863734,19.324,20.524,600,64,0,0.01
2882,500,82.79797659778933,19.678,20.818,570,66,0,0.01
2883,500,105.58649812332284,19.206,20.41,602,64,0,0.01
2884,500,102.16564135007616,20.242,21.468,613,62,0,0.01
2885,500,83.55035408048748,20.414,21.592,589,67,0,0.01
2886,500,88.65284079078224,19.008,20.17,581,65,0,0.01
2887,500,76.17420246250464,21.408,22.578,585,65,0,0.01
2888,500,107.81364394861137,16.368,17.498,565,64,0,0.01
2889,500,95.05442580933257,17.458,18.558,550,63,0,0.01
2890,500,94.30310070117277,19.598,20.802,602,61,0,0.01
2891,500,72.06106601551991,21.99,23.154,582,58,0,0.01
2892,500,109.54012509827602,18.198,19.378,590,61,0,0.01
2893,500,103.65726293002422,16.666,17.78,557,61,0,0.01
2894,500,105.28007180604949,17.192,18.314,561,60,0,0.01
2895,500,92.71400888171435,19.528,20.718,595,64,0,0.01
2896,500,78.47004091823926,22.764,24.0,618,62,0,0.01
2897,500,89.92340687765835,17.552,18.646,547,61,0,0.01
2898,500,79.90961321620229,21.736,22.944,604,62,0,0.01
2899,500,92.60534765700196,19.544,20.728,592,62,0,0.01
2900,500,61.09008233306807,23.74,24.944,602,62,0,0.01
2901,500,99.49189010906167,17.762,18.884,561,62,0,0.01
2902,500,96.06955223483347,19.248,20.424,588,64,0,0.01
2903,500,107.86847599645161,18.96,20.186,613,63,0,0.01
2904,500,99.78123473915292,17.462,18.594,566,67,0,0.01
2905,500,92.64067950032198,19.314,20.478,582,62,0,0.01
2906,500,92.76153311466595,19.324,20.496,586,65,0,0.01
2907,500,100.47237020737762,15.524,16.61,543,62,0,0.01
2908,500,93.66128955491563,20.642,21.878,618,65,0,0.01
2909,500,92.37142793975467,18.17,19.304,567,65,0,0.01
2910,500,65.97091563928844,23.132,24.332,600,63,0,0.01
2911,500,86.71165223952738,19.218,20.354,568,62,0,0.01
2912,500,85.12254983821795,18.688,19.816,564,63,0,0.01
2913,500,77.53395480970038,22.048,23.23,591,67,0,0.01
2914,500,97.88688425833224,20.69,21.926,618,62,0,0.01
2915,500,89.42274008911328,19.664,20.838,587,63,0,0.01
2916,500,102.44929295203184,16.464,17.57,553,63,0,0.01
2917,500,113.23755003909993,19.528,20.77,621,63,0,0.01
2918,500,91.19049850030908,19.278,20.46,591,65,0,0.01
2919,500,73.50712855966641,18.55,19.634,542,64,0,0.01
2920,500,93.64817115093472,20.59,21.824,617,61,0,0.01
2921,500,89.06723809382547,20.218,21.412,597,65,0,0.01
2922,500,101.82208277727587,18.626,19.796,585,62,0,0.01
2923,500,85.12203317633939,16.438,17.464,513,62,0,0.01
2924,500,104.20242140547639,17.172,18.3,564,63,0,0.01
2925,500,116.74377405708768,18.566,19.8,617,64,0,0.01
2926,500,78.51395048865676,18.898,20.012,557,65,0,0.01
2927,500,100.82046620079275,17.286,18.412,563,63,0,0.01
2928,500,90.21242340440277,18.544,19.682,569,61,0,0.01
2929,500,75.83690926552349,19.136,20.232,548,62,0,0.01
2930,500,85.84339250931582,20.288,21.468,590,64,0,0.01
2931,500,97.07969524511383,17.246,18.352,553,62,0,0.01
2932,500,117.05528930214821,16.186,17.344,579,64,0,0.01
2933,500,87.72177619902644,18.84,19.968,564,63,0,0.01
2934,500,103.369608153575,19.404,20.634,615,66,0,0.01
2935,500,100.7306457176381,19.15,20.342,596,66,0,0.01
2936,500,63.41627068344088,22.578,23.75,586,63,0,0.01
2937,500,97.54974591082515,19.106,20.272,583,61,0,0.01
2938,500,86.66657794627665,20.792,21.98,594,65,0,0.01
2939,500,78.53043426483644,19.894,21.046,576,66,0,0.01
2940,500,84.99702511748745,18.76,19.882,561,65,0,0.01
2941,500,93.85734395332327,19.824,21.018,597,63,0,0.01
2942,500,91.30457007695553,17.702,18.804,551,62,0,0.01
2943,500,91.79007527151457,20.068,21.268,600,63,0,0.01
2944,500,96.67429300071494,18.772,19.946,587,66,0,0.01
2945,500,105.07464409569803,17.838,19.004,583,62,0,0.01
2946,500,94.5178398483165,18.946,20.104,579,65,0,0.01
2947,500,95.7161201362172,21.718,22.988,635,61,0,0.01
2948,500,90.41803820674687,19.92,21.09,585,64,0,0.01
2949,500,86.08875396863948,22.23,23.472,621,65,0,0.01
2950,500,84.44016013830213,20.648,21.852,602,67,0,0.01
2951,500,103.68950914426969,17.518,18.658,570,63,0,0.01
2952,500,100.17531019965692,17.274,18.398,562,66,0,0.01
2953,500,97.7461093617982,18.624,19.774,575,63,0,0.01
2954,500,92.59472901948322,19.06,20.222,581,63,0,0.01
2955,500,84.72043936566767,19.53,20.694,582,67,0,0.01
2956,500,105.93612472128962,18.194,19.362,584,64,0,0.01
2957,500,89.35431726632247,18.076,19.18,552,63,0,0.01
2958,500,105.27407412496454,17.898,19.064,583,65,0,0.01
2959,500,73.47349568530097,20.178,21.332,577,65,0,0.01
2960,500,97.2923172787112,18.99,20.164,587,62,0,0.01
2961,500,87.19646540541399,18.758,19.884,563,64,0,0.01
2962,500,101.35965662779252,17.338,18.452,557,65,0,0.01
2963,500,105.67253394633917,19.198,20.392,597,64,0,0.01
2964,500,80.67095025875734,20.332,21.486,577,64,0,0.01
2965,500,93.06439670908743,18.434,19.572,569,63,0,0.01
2966,500,88.93549603430722,17.122,18.214,546,62,0,0.01
2967,500,111.17849141294047,19.168,20.406,619,64,0,0.01
2968,500,104.21564271924872,17.166,18.306,570,65,0,0.01
2969,500,105.00615060563477,17.646,18.802,578,63,0,0.01
2970,500,91.77972139565253,16.61,17.686,538,68,0,0.01
2971,500,90.79202874346572,18.558,19.7,571,64,0,0.01
2972,500,97.78431157610626,17.958,19.102,572,64,0,0.01
2973,500,99.90209014322703,19.51,20.702,596,63,0,0.01
2974,500,103.67009426529843,17.778,18.936,579,60,0,0.01
2975,500,83.43728097519286,22.662,23.91,624,61,0,0.01
2976,500,97.05630861401143,17.336,18.442,553,61,0,0.01
2977,500,107.0716393925563,17.458,18.616,579,63,0,0.01
2978,500,95.340747008692,18.94,20.086,573,62,0,0.01
2979,500,94.4133975531496,19.298,20.49,596,63,0,0.01
2980,500,94.71803257352806,20.444,21.646,601,58,0,0.01
2981,500,98.44737057925197,18.338,19.49,576,64,0,0.01
2982,500,85.77923029709281,19.844,20.984,570,64,0,0.01
2983,500,101.27230481192868,18.43,19.59,580,67,0,0.01
2984,500,109.63829111258129,17.524,18.702,589,62,0,0.01
2985,500,91.0999947806032,16.754,17.828,537,62,0,0.01
2986,500,97.84673704100324,20.778,22.024,623,63,0,0.01
2987,500,93.6043377836425,17.944,19.06,558,62,0,0.01
2988,500,83.01235621922389,19.456,20.594,569,61,0,0.01
2989,500,85.5331504327328,19.782,20.94,579,65,0,0.01
2990,500,84.16938676530442,20.716,21.9,592,64,0,0.01
2991,500,91.47732170327058,18.536,19.67,567,64,0,0.01
2992,500,92.44598245259306,19.33,20.502,586,68,0,0.01
2993,500,86.37987002468779,23.97,25.264,647,63,0,0.01
2994,500,80.21183607525161,17.726,18.804,539,65,0,0.01
2995,500,84.76568234651238,22.654,23.88,613,60,0,0.01
2996,500,64.99205032772544,24.684,25.906,611,61,0,0.01
2997,500,92.62376438781268,19.142,20.304,581,64,0,0.01
2998,500,93.01835357711757,18.18,19.308,564,66,0,0.01
2999,500,102.7407576287471,16.8,17.926,563,62,0,0.01
3000,500,104.8313631148969,18.264,19.44,588,66,0,0.01
