episode,steps,cumulative_reward,average_queue_length,average_waiting_time,total_throughput,phase_switches,overflow_count,epsilon
1,120,-236.51042080714655,60.025,60.21666666666667,23,54,1,1.0
2,160,-307.0176065049344,68.3625,68.7,54,65,1,0.995
3,129,-255.50305226045424,63.72868217054263,63.96124031007752,30,57,1,0.990025
4,128,-269.4648892910564,70.7265625,70.9921875,34,55,1,0.985074875
5,139,-240.49237386070504,52.07194244604317,52.33812949640288,37,59,1,0.9801495006250001
6,144,-308.9487230363725,72.8125,73.07638888888889,38,63,1,0.9752487531218751
7,165,-350.40598975745945,76.41818181818182,76.69090909090909,45,71,1,0.9703725093562657
8,166,-340.04477714979333,75.1987951807229,75.48192771084338,47,71,1,0.9655206468094844
9,186,-387.41384728979074,78.24731182795699,78.55913978494624,58,79,1,0.960693043575437
10,132,-240.3008445113312,60.68939393939394,61.02272727272727,44,55,1,0.9558895783575597
11,153,-263.5733443729949,60.31372549019608,60.666666666666664,54,63,1,0.9511101304657719
12,134,-234.82547679119986,56.93283582089552,57.24626865671642,42,55,1,0.946354579813443
13,110,-163.26920011073895,48.77272727272727,49.22727272727273,50,43,1,0.9416228069143757
14,138,-246.7025547467231,56.89855072463768,57.210144927536234,43,58,1,0.9369146928798039
15,162,-272.0169400395805,58.9320987654321,59.27777777777778,56,67,1,0.9322301194154049
16,156,-301.7407222824001,67.18589743589743,67.53205128205128,54,65,1,0.9275689688183278
17,139,-263.4351856676433,63.10791366906475,63.37410071942446,37,59,1,0.9229311239742362
18,141,-249.52546158390746,57.57446808510638,57.87943262411348,43,59,1,0.918316468354365
19,126,-237.8811697219694,65.01587301587301,65.39682539682539,48,51,1,0.9137248860125932
20,85,-142.28640554822357,47.2,47.470588235294116,23,36,1,0.9091562615825302
21,138,-249.37327718781592,63.608695652173914,63.97826086956522,51,55,1,0.9046104802746175
22,151,-316.06414252519437,75.64900662251655,75.96688741721854,48,63,1,0.9000874278732445
23,152,-305.2921458104806,71.21710526315789,71.52631578947368,47,64,1,0.8955869907338783
24,132,-240.3881154012624,59.303030303030305,59.59848484848485,39,56,1,0.8911090557802088
25,129,-210.18393398605934,50.51162790697674,50.86046511627907,45,53,1,0.8866535105013078
26,162,-298.11427122412937,66.10493827160494,66.45679012345678,57,66,1,0.8822202429488013
27,132,-233.37503835511276,58.35606060606061,58.68939393939394,44,54,1,0.8778091417340573
28,114,-229.53110185220407,61.14035087719298,61.35964912280702,25,50,1,0.8734200960253871
29,115,-216.0256695164114,59.63478260869565,59.904347826086955,31,50,1,0.8690529955452602
30,161,-255.36057986150468,57.04968944099379,57.49689440993789,72,62,1,0.8647077305675338
31,179,-332.4513218099757,72.89944134078212,73.3463687150838,80,70,1,0.8603841919146962
32,126,-219.91393145474555,56.301587301587304,56.63492063492063,42,53,1,0.8560822709551227
33,124,-195.03896328718625,52.46774193548387,52.83870967741935,46,48,1,0.851801859600347
34,151,-272.97434320574195,65.88741721854305,66.29801324503312,62,60,1,0.8475428503023453
35,122,-198.502499609934,52.049180327868854,52.40983606557377,44,49,1,0.8433051360508336
36,161,-356.50986459441316,85.8136645962733,86.18012422360249,59,65,1,0.8390886103705794
37,150,-201.22968679305396,50.77333333333333,51.346666666666664,86,53,1,0.8348931673187264
38,180,-342.61993657602545,72.47777777777777,72.86111111111111,69,72,1,0.8307187014821328
39,210,-360.99087958523256,70.65714285714286,71.17142857142858,108,76,1,0.8265651079747222
40,134,-245.16983583831683,59.76865671641791,60.05223880597015,38,57,1,0.8224322824348486
41,174,-337.55052765346414,74.2816091954023,74.72413793103448,77,68,1,0.8183201210226743
42,152,-226.32026932577142,55.2171052631579,55.651315789473685,66,58,1,0.8142285204175609
43,142,-280.2636984176844,69.62676056338029,69.98591549295774,51,57,1,0.810157377815473
44,159,-290.2475219043404,70.72955974842768,71.22012578616352,78,59,1,0.8061065909263957
45,103,-182.71859904083414,53.83495145631068,54.12621359223301,30,43,1,0.8020760579717637
46,167,-250.3872597309947,52.67065868263473,53.06586826347306,66,66,1,0.798065677681905
47,178,-354.15150248679714,74.87640449438203,75.24719101123596,66,72,1,0.7940753492934954
48,114,-186.426783953722,52.91228070175438,53.3421052631579,49,44,1,0.7901049725470279
49,172,-278.14927349756357,63.406976744186046,63.96511627906977,96,62,1,0.7861544476842928
50,190,-310.0239627421556,64.60526315789474,65.07894736842105,90,71,1,0.7822236754458713
51,174,-260.5001988273265,57.95977011494253,58.5,94,64,1,0.778312557068642
52,166,-282.68579872677606,67.78313253012048,68.28915662650603,84,61,1,0.7744209942832988
53,160,-284.7067272724389,66.76875,67.24375,76,61,1,0.7705488893118823
54,193,-351.6527873804735,72.71502590673575,73.16580310880829,87,74,1,0.7666961448653229
55,151,-276.95532888712,67.28476821192054,67.72185430463576,66,58,1,0.7628626641409962
56,139,-242.6089958507318,64.20863309352518,64.66906474820144,64,53,1,0.7590483508202912
57,172,-286.3025568386863,66.8953488372093,67.42441860465117,91,62,1,0.7552531090661897
58,126,-198.67611390890832,53.72222222222222,54.182539682539684,58,45,1,0.7514768435208588
59,126,-192.18767907809638,51.96825396825397,52.42063492063492,57,49,1,0.7477194593032545
60,192,-286.06325640213754,62.390625,62.989583333333336,115,67,1,0.7439808620067382
61,145,-224.43033984084522,58.172413793103445,58.724137931034484,80,52,1,0.7402609576967045
62,150,-199.73468779251698,48.54666666666667,49.07333333333333,79,54,1,0.736559652908221
63,196,-313.44364632363846,65.78061224489795,66.34183673469387,110,70,1,0.7328768546436799
64,147,-228.17809751045735,55.50340136054422,55.91836734693877,61,58,1,0.7292124703704616
65,138,-232.28887731525504,62.58695652173913,63.08695652173913,69,49,1,0.7255664080186093
66,175,-283.9134084541041,69.48,70.08571428571429,106,59,1,0.7219385759785162
67,138,-195.41860256113188,51.38405797101449,51.85507246376812,65,52,1,0.7183288830986236
68,174,-320.816188648277,70.0,70.41379310344827,72,67,1,0.7147372386831305
69,174,-248.88879033554633,58.58045977011494,59.14942528735632,99,61,1,0.7111635524897149
70,135,-157.06961555518987,40.45925925925926,40.94074074074074,65,46,1,0.7076077347272662
71,133,-161.50530875215304,45.61654135338346,46.225563909774436,81,46,1,0.7040696960536299
72,158,-265.3647559666801,62.936708860759495,63.379746835443036,70,59,1,0.7005493475733617
73,226,-356.3395596515302,67.62389380530973,68.22566371681415,136,79,1,0.697046600835495
74,241,-342.4423352202615,64.15352697095436,64.80497925311204,157,79,1,0.6935613678313175
75,208,-225.9362943743692,47.68269230769231,48.375,144,66,1,0.6900935609921609
76,147,-181.01854911670668,47.034013605442176,47.64625850340136,90,49,1,0.6866430931872001
77,184,-322.677183064779,73.27717391304348,73.875,110,64,1,0.6832098777212641
78,115,-166.49456783087035,49.95652173913044,50.417391304347824,53,42,1,0.6797938283326578
79,224,-310.7452455417042,56.473214285714285,57.026785714285715,124,80,1,0.6763948591909945
80,134,-139.85041030108619,40.007462686567166,40.649253731343286,86,44,1,0.6730128848950395
81,170,-237.60790472824843,54.252941176470586,54.73529411764706,82,62,1,0.6696478204705644
82,199,-329.7058263416889,71.1608040201005,71.74371859296483,116,69,1,0.6662995813682115
83,120,-172.13679126267587,48.90833333333333,49.36666666666667,55,46,1,0.6629680834613705
84,189,-290.3141597862457,69.88359788359789,70.56084656084656,128,60,1,0.6596532430440636
85,148,-273.0105391882598,68.56756756756756,69.02702702702703,68,55,1,0.6563549768288433
86,199,-316.55559899700853,67.87939698492463,68.46231155778895,116,70,1,0.653073201944699
87,155,-200.0329729316838,49.6,50.18064516129032,90,53,1,0.6498078359349755
88,146,-190.1985419599515,52.99315068493151,53.66438356164384,98,46,1,0.6465587967553006
89,233,-322.87558238017465,61.90557939914163,62.5793991416309,157,75,1,0.6433260027715241
90,167,-219.664299126194,51.47305389221557,52.041916167664674,95,58,1,0.6401093727576664
91,141,-202.2407986420535,54.744680851063826,55.326241134751776,82,47,1,0.6369088258938781
92,148,-208.98907883258772,58.37162162162162,59.013513513513516,95,45,1,0.6337242817644086
93,148,-165.6485699002204,47.28378378378378,48.0,106,46,1,0.6305556603555866
94,202,-261.96828071642796,55.2029702970297,55.83168316831683,127,67,1,0.6274028820538087
95,129,-141.6514544325194,38.12403100775194,38.627906976744185,65,41,1,0.6242658676435396
96,176,-230.00567431068032,50.89204545454545,51.46590909090909,101,61,1,0.6211445383053219
97,134,-176.8563044259974,46.8134328358209,47.33582089552239,70,47,1,0.6180388156137953
98,218,-327.3158760162518,65.98165137614679,66.61467889908256,138,71,1,0.6149486215357263
99,135,-184.2228355546221,51.4,51.96296296296296,76,47,1,0.6118738784280476
100,162,-233.13501625725905,55.68518518518518,56.18518518518518,81,53,1,0.6088145090359074
101,161,-241.46191422054716,60.65217391304348,61.285714285714285,102,55,1,0.6057704364907278
102,209,-331.35989175272965,69.7846889952153,70.40191387559808,129,70,1,0.6027415843082742
103,122,-120.6494687180492,39.32786885245902,40.049180327868854,88,37,1,0.5997278763867329
104,173,-204.3632242187807,51.676300578034684,52.39884393063584,125,55,1,0.5967292370047992
105,211,-321.7470954574814,66.09478672985782,66.6824644549763,124,69,1,0.5937455908197752
106,201,-342.49270083795096,73.1592039800995,73.76119402985074,121,68,1,0.5907768628656763
107,199,-233.5690599888382,57.653266331658294,58.41206030150754,151,55,1,0.5878229785513479
108,171,-214.89498748020517,48.11695906432749,48.63742690058479,89,58,1,0.5848838636585911
109,177,-222.9018387186368,50.26553672316384,50.847457627118644,103,60,1,0.5819594443402982
110,208,-244.1995039629427,51.38461538461539,52.11057692307692,151,64,1,0.5790496471185967
111,264,-348.2008015686374,61.40909090909091,62.10227272727273,183,80,1,0.5761543988830038
112,215,-278.6849316545009,58.91162790697675,59.651162790697676,159,68,1,0.5732736268885887
113,142,-177.35497638475988,47.2887323943662,47.86619718309859,82,48,1,0.5704072587541458
114,192,-318.08764932713973,69.36458333333333,69.91145833333333,105,68,1,0.567555222460375
115,223,-247.19900896173195,50.99551569506726,51.73542600896861,165,68,1,0.5647174463480732
116,137,-175.31329530661048,51.56934306569343,52.25547445255474,94,42,1,0.5618938591163328
117,120,-117.28965628543212,34.9,35.46666666666667,68,36,1,0.5590843898207511
118,232,-247.37140838792027,53.02155172413793,53.797413793103445,180,61,1,0.5562889678716474
119,167,-240.82513306000325,59.97005988023952,60.58083832335329,102,55,1,0.5535075230322891
120,133,-163.64539162001435,48.578947368421055,49.21804511278196,85,42,1,0.5507399854171277
121,223,-276.8062470579632,60.228699551569505,60.946188340807176,160,62,1,0.547986285490042
122,339,-394.3087541672547,63.38053097345133,64.1976401179941,277,94,1,0.5452463540625918
123,237,-278.55397248505693,58.278481012658226,59.04641350210971,182,71,1,0.5425201222922789
124,258,-341.77830737839633,64.24418604651163,64.96899224806202,187,75,1,0.5398075216808175
125,276,-295.63609631817195,54.731884057971016,55.492753623188406,210,78,1,0.5371084840724134
126,162,-203.71009508074982,52.71604938271605,53.376543209876544,107,51,1,0.5344229416520513
127,225,-307.708809060972,65.01777777777778,65.75555555555556,166,69,1,0.531750826943791
128,177,-209.80712926112292,49.87570621468927,50.55367231638418,120,57,1,0.5290920728090721
129,205,-241.91405830478885,53.8390243902439,54.50731707317073,137,61,1,0.5264466124450268
130,175,-158.85519131965535,41.457142857142856,42.19428571428571,129,51,1,0.5238143793828016
131,120,-97.91302024808952,34.458333333333336,35.24166666666667,94,32,1,0.5211953074858876
132,156,-157.4423282006238,46.39102564102564,47.14102564102564,117,42,1,0.5185893309484582
133,154,-181.72635398656516,46.25974025974026,46.85064935064935,91,51,1,0.5159963842937159
134,238,-238.40233714277946,50.6764705882353,51.49579831932773,195,64,1,0.5134164023722473
135,188,-187.81873578814225,44.95744680851064,45.62234042553192,125,53,1,0.510849320360386
136,295,-264.6138011327436,48.827118644067795,49.66101694915254,246,80,1,0.5082950737585841
137,277,-296.56355894216597,55.4043321299639,56.21660649819495,225,77,1,0.5057535983897912
138,225,-304.12840113467144,65.48444444444445,66.20444444444445,162,69,1,0.5032248303978422
139,207,-198.40603598751466,44.05797101449275,44.75845410628019,145,59,1,0.500708706245853
140,169,-230.51251496726076,58.35502958579882,59.0,109,55,1,0.4982051627146237
141,171,-139.28522763365268,38.66081871345029,39.46783625730994,138,44,1,0.49571413690105054
142,176,-174.63309241794036,49.71590909090909,50.48295454545455,135,45,1,0.4932355662165453
143,255,-256.92223400499824,52.11764705882353,52.89019607843137,197,70,1,0.4907693883854626
144,211,-195.19829087988646,47.85308056872038,48.644549763033176,167,56,1,0.4883155414435353
145,145,-127.90725622949017,37.758620689655174,38.48275862068966,105,41,1,0.4858739637363176
146,270,-339.8033296367634,62.03703703703704,62.785185185185185,202,78,1,0.483444593917636
147,353,-406.3442288116585,63.05665722379604,63.92351274787536,306,97,1,0.4810273709480478
148,418,-494.6432981509104,65.81100478468899,66.66507177033493,357,113,1,0.47862223409330756
149,170,-154.02923842149784,43.129411764705885,43.88235294117647,128,43,1,0.47622912292284103
150,218,-276.847402682113,61.61926605504587,62.362385321100916,162,62,1,0.4738479773082268
151,190,-220.02529142977485,58.83684210526316,59.64736842105263,154,52,1,0.47147873742168567
152,221,-271.0067682097128,59.036199095022624,59.80542986425339,170,66,1,0.46912134373457726
153,293,-347.6304008539246,63.08532423208191,63.91126279863481,242,79,1,0.46677573701590436
154,251,-255.99785912299993,49.07569721115538,49.79282868525896,180,70,1,0.46444185833082485
155,392,-437.6902711998806,63.76020408163265,64.63520408163265,343,101,1,0.46211964903917074
156,297,-269.0889400798599,54.60942760942761,55.525252525252526,272,73,1,0.4598090507939749
157,232,-193.5700488479122,45.30172413793103,46.185344827586206,205,56,1,0.457510005540005
158,194,-212.92763067534034,52.40721649484536,53.170103092783506,148,53,1,0.45522245551230495
159,152,-166.9506309074044,49.67763157894737,50.41447368421053,112,45,1,0.4529463432347434
160,306,-293.8481688009899,54.09803921568628,54.91503267973856,250,74,1,0.4506816115185697
161,274,-221.92761716041161,43.346715328467155,44.167883211678834,225,73,1,0.4484282034609769
162,276,-274.0275591669534,53.039855072463766,53.86594202898551,228,72,1,0.446186062443672
163,114,-125.86046391650363,40.18421052631579,40.79824561403509,70,36,1,0.4439551321314536
164,361,-330.27869263408763,54.26869806094183,55.18282548476454,330,93,1,0.4417353564707963
165,170,-137.66829415494848,39.076470588235296,39.870588235294115,135,45,1,0.43952667968844233
166,116,-130.17939900155665,42.62068965517241,43.25,73,33,1,0.43732904629000013
167,191,-119.23525378419157,36.068062827225134,36.973821989528794,173,47,1,0.4351424010585501
168,162,-187.20323179392827,54.648148148148145,55.41358024691358,124,44,1,0.43296668905325736
169,178,-183.4842414747199,52.561797752808985,53.46067415730337,160,45,1,0.43080185560799106
170,277,-264.35479907170793,50.52707581227437,51.33935018050541,225,71,1,0.4286478463299511
171,159,-151.16595738369926,46.76729559748428,47.528301886792455,121,37,1,0.42650460709830135
172,217,-190.57490346683133,53.36405529953917,54.37327188940092,219,50,1,0.42437208406280985
173,264,-238.17300581625588,49.48106060606061,50.34090909090909,227,70,1,0.4222502236424958
174,186,-150.32182320694656,42.61290322580645,43.39784946236559,146,44,1,0.42013897252428334
175,278,-253.47718719325482,46.93884892086331,47.75539568345324,227,77,1,0.4180382776616619
176,220,-223.94018194429898,49.45909090909091,50.20454545454545,164,63,1,0.4159480862733536
177,197,-148.48574846221123,32.954314720812185,33.67005076142132,141,58,1,0.41386834584198684
178,369,-351.9164369409699,59.05962059620596,60.00271002710027,348,86,1,0.4117990041127769
179,198,-168.25711437702176,45.36363636363637,46.186868686868685,163,46,1,0.40974000909221303
180,303,-348.021729370552,60.85478547854785,61.679867986798676,250,83,1,0.40769130904675194
181,160,-140.78998080931945,43.075,43.86875,127,43,1,0.40565285250151817
182,448,-371.2246161232729,54.205357142857146,55.1875,440,106,1,0.4036245882390106
183,235,-182.11146190813622,44.44255319148936,45.30212765957447,202,52,1,0.4016064652978155
184,341,-297.1113150478734,53.117302052785924,54.04692082111437,317,81,1,0.3995984329713264
185,178,-136.27663574524436,39.62359550561798,40.41011235955056,140,43,1,0.3976004408064698
186,191,-140.63753897715358,39.74869109947644,40.55497382198953,154,45,1,0.39561243860243744
187,213,-135.21992089272544,38.85446009389671,39.779342723004696,197,48,1,0.3936343764094253
188,140,-145.1991501296139,50.30714285714286,51.107142857142854,112,36,1,0.39166620452737816
189,260,-187.1839447345735,45.465384615384615,46.45,256,61,1,0.3897078735047413
190,436,-340.53366595731103,53.36467889908257,54.357798165137616,433,101,1,0.3877593341372176
191,144,-97.8700624220029,35.138888888888886,35.96527777777778,119,33,1,0.3858205374665315
192,133,-93.05768157120578,34.21052631578947,35.06015037593985,113,31,1,0.38389143477919885
193,120,-128.5182022857694,42.80833333333333,43.44166666666667,76,31,1,0.3819719776053028
194,255,-242.6019093267474,51.72156862745098,52.56470588235294,215,68,1,0.3800621177172763
195,138,-132.66095996369594,41.333333333333336,41.98550724637681,90,34,1,0.37816180712868996
196,155,-99.83817687681453,33.52258064516129,34.30967741935484,122,37,1,0.37627099809304654
197,155,-147.8438322932413,46.909677419354836,47.72258064516129,126,35,1,0.3743896431025813
198,187,-157.6220137810331,38.336898395721924,39.0427807486631,132,50,1,0.37251769488706843
199,262,-169.8900729425274,44.83587786259542,45.847328244274806,265,59,1,0.3706551064126331
200,189,-137.7777250779975,40.98412698412698,41.84126984126984,162,41,1,0.36880183088056995
201,295,-213.30524841283727,45.22372881355932,46.159322033898306,276,66,1,0.3669578217261671
202,315,-347.42087406167946,64.92698412698412,65.83492063492064,286,77,1,0.36512303261753626
203,202,-176.43071777095363,49.0,49.82178217821782,166,46,1,0.3632974174544486
204,276,-166.15440654248525,39.68840579710145,40.65217391304348,266,57,1,0.3614809303671764
205,274,-242.1961947735144,52.42700729927007,53.35401459854015,254,68,1,0.3596735257153405
206,481,-441.43758955408737,59.44282744282744,60.40748440748441,464,111,1,0.3578751580867638
207,226,-148.50909047921385,37.47345132743363,38.323008849557525,192,51,1,0.35608578229633
208,197,-118.07610351467811,38.51776649746193,39.53299492385787,200,42,1,0.3543053533848483
209,285,-216.5856942148755,45.04210526315789,45.94385964912281,257,65,1,0.35253382661792404
210,212,-147.2144577809527,38.31603773584906,39.179245283018865,183,50,1,0.3507711574848344
211,161,-91.26221225345817,37.15527950310559,38.16770186335404,163,33,1,0.34901730169741024
212,412,-312.51989524928723,47.75728155339806,48.64563106796116,366,95,1,0.3472722151889232
213,375,-297.64832240974994,50.6,51.592,372,84,1,0.3455358541129786
214,275,-223.41245116680935,43.36727272727273,44.17454545454545,222,65,1,0.3438081748424137
215,162,-152.34083784875966,46.18518518518518,47.00617283950617,133,40,1,0.3420891339682016
216,380,-187.97832911207277,33.376315789473686,34.28157894736842,344,87,1,0.3403786882983606
217,356,-318.44808947005487,54.53932584269663,55.48033707865169,335,82,1,0.3386767948568688
218,422,-282.8540757873364,50.812796208530806,51.87440758293839,448,86,1,0.33698341088258443
219,273,-226.1366867298175,45.86813186813187,46.71062271062271,230,63,1,0.3352984938281715
220,270,-269.6993196474993,59.67037037037037,60.648148148148145,264,61,1,0.33362200135903064
221,205,-128.3570111058349,38.321951219512194,39.22439024390244,185,42,1,0.33195389135223546
222,192,-132.77706708157388,38.838541666666664,39.682291666666664,162,44,1,0.3302941218954743
223,243,-208.2827889394314,52.69135802469136,53.641975308641975,231,55,1,0.32864265128599696
224,401,-327.1586893208212,54.077306733167084,55.03740648379053,385,85,1,0.326999438029567
225,218,-153.36796631563064,42.88990825688074,43.78440366972477,195,43,1,0.3253644408394192
226,197,-123.45036353586114,36.7258883248731,37.588832487309645,170,43,1,0.3237376186352221
227,159,-143.13121172618276,46.42138364779874,47.24528301886792,131,34,1,0.322118930542046
228,158,-135.12174576310747,47.18354430379747,48.06962025316456,140,32,1,0.32050833588933575
229,391,-250.54121799929013,43.52429667519181,44.485933503836314,376,82,1,0.31890579420988907
230,327,-209.0181047553027,41.522935779816514,42.489296636085626,316,74,1,0.3173112652388396
231,224,-189.96474241354744,45.86607142857143,46.669642857142854,180,49,1,0.3157247089126454
232,242,-204.92173118123958,51.04132231404959,51.95867768595041,222,53,1,0.3141460853680822
233,403,-281.7801125062997,47.90818858560794,48.88585607940447,394,85,1,0.3125753549412418
234,366,-205.74548782253657,39.939890710382514,40.89890710382514,351,72,1,0.31101247816653554
235,145,-98.55659044872256,33.751724137931035,34.49655172413793,108,30,1,0.30945741577570285
236,322,-163.99408275801719,37.18012422360248,38.16770186335404,318,67,1,0.3079101286968243
237,258,-188.52632800268907,48.0968992248062,49.065891472868216,250,53,1,0.3063705780533402
238,500,-350.1296679572748,50.66,51.662,501,102,0,0.30483872516307353
239,430,-310.82546149667627,50.98837209302326,52.00697674418605,438,86,1,0.3033145315372582
240,500,-341.49908036193017,51.406,52.442,518,97,0,0.3017979588795719
241,289,-210.6049128865418,46.50519031141869,47.45674740484429,275,66,1,0.30028896908517405
242,500,-351.50066225978264,54.506,55.59,542,98,0,0.2987875242397482
243,417,-319.33907246575546,54.589928057553955,55.63309352517986,435,85,1,0.29729358661854943
244,305,-226.77812304570676,51.14098360655738,52.14754098360656,307,61,1,0.29580711868545667
245,205,-207.42120866031715,54.69268292682927,55.482926829268294,162,43,1,0.2943280830920294
246,394,-276.7191179924317,51.568527918781726,52.63705583756345,421,75,1,0.29285644267656924
247,337,-273.71868779944924,57.63501483679525,58.70326409495549,360,67,1,0.2913921604631864
248,439,-290.21479582990355,47.170842824601365,48.18678815489749,446,89,1,0.28993519966087045
249,206,-111.71750205219594,42.5873786407767,43.66990291262136,223,36,1,0.2884855236625661
250,275,-207.48910309603068,44.50909090909091,45.33090909090909,226,55,1,0.28704309604425327
251,275,-229.2993108171737,50.77090909090909,51.70909090909091,258,60,1,0.285607880564032
252,471,-230.36442102049358,38.81104033970276,39.79193205944798,462,87,1,0.28417984116121187
253,456,-276.76791750678177,45.06359649122807,46.10526315789474,475,90,1,0.2827589419554058
254,341,-246.52490194113085,46.75659824046921,47.712609970674485,326,81,1,0.28134514724562876
255,317,-208.15954644038143,42.95583596214511,43.91798107255521,305,67,1,0.2799384215094006
256,324,-272.7145064816127,48.97839506172839,49.7962962962963,265,69,1,0.27853872940185365
257,133,-118.01114343802482,40.7593984962406,41.526315789473685,102,28,1,0.27714603575484437
258,362,-195.0545033011349,43.0939226519337,44.129834254143645,375,61,1,0.2757603055760701
259,475,-287.6784127553929,45.305263157894736,46.311578947368425,478,93,1,0.2743815040481898
260,272,-153.56223756288253,42.23529411764706,43.2610294117647,279,49,1,0.2730095965279488
261,215,-117.91948493095467,37.57674418604651,38.53023255813954,205,43,1,0.27164454854530906
262,270,-190.88964160619784,42.15925925925926,42.98518518518519,223,56,1,0.2702863258025825
263,195,-128.27756175959357,36.0,36.76923076923077,150,44,1,0.2689348941735696
264,500,-233.8590059457526,40.042,41.07,514,91,0,0.26759021970270175
265,390,-258.44132306020657,43.761538461538464,44.676923076923075,357,85,1,0.2662522686041882
266,500,-301.2797241610032,47.21,48.24,515,97,0,0.2649210072611673
267,198,-155.82190445607037,42.43434343434343,43.31818181818182,175,45,1,0.26359640222486147
268,210,-99.24785878256253,29.442857142857143,30.3,180,44,1,0.26227842021373715
269,297,-165.60538769362356,41.64646464646464,42.66329966329966,302,56,1,0.2609670281126685
270,500,-257.60843881073004,41.602,42.624,511,96,0,0.25966219297210513
271,363,-247.1798710594702,47.752066115702476,48.73829201101928,358,72,1,0.2583638820072446
272,164,-104.21751735685453,36.63414634146341,37.47560975609756,138,33,1,0.2570720625972084
273,203,-134.05770339853632,48.24630541871921,49.275862068965516,209,32,1,0.25578670228422234
274,288,-241.2692341531227,53.00694444444444,53.947916666666664,271,57,1,0.25450776877280124
275,500,-203.53483684513296,35.518,36.526,504,93,0,0.2532352299289372
276,500,-144.53602305485967,31.592,32.648,528,85,0,0.2519690537792925
277,184,-136.30757264584233,44.391304347826086,45.21739130434783,152,33,1,0.2507092085103961
278,275,-145.38573205240897,40.14545454545455,41.14909090909091,276,52,1,0.2494556624678441
279,193,-135.0116741046862,40.943005181347154,41.803108808290155,166,39,1,0.24820838415550486
280,500,-295.21578649595375,49.932,51.026,547,90,0,0.24696734223472733
281,207,-133.26399882754558,39.31884057971015,40.22222222222222,187,39,1,0.2457325055235537
282,320,-154.73981188878935,39.121875,40.159375,332,58,1,0.24450384299593592
283,306,-181.83264668736373,45.35947712418301,46.3921568627451,316,54,1,0.24328132378095624
284,500,-228.54588144979127,42.08,43.204,562,88,0,0.24206491716205145
285,172,-140.69037147240377,47.98255813953488,48.843023255813954,148,28,1,0.2408545925762412
286,380,-178.45975427551951,38.53947368421053,39.51578947368421,371,61,1,0.23965031961336
287,304,-125.0730955552676,31.351973684210527,32.25,273,53,1,0.2384520680152932
288,500,-268.0068835012205,46.492,47.51,509,83,0,0.23725980767521673
289,500,-246.37880233429186,39.36,40.37,505,94,0,0.23607350863684065
290,228,-183.6949049903679,46.0921052631579,46.916666666666664,188,47,1,0.23489314109365644
291,500,-186.6635992851085,39.584,40.652,534,78,0,0.23371867538818816
292,500,-268.5990619193266,45.93,47.014,542,86,0,0.23255008201124722
293,452,-267.2719372959445,49.53982300884956,50.67920353982301,515,78,1,0.231387331601191
294,159,-109.54487075325174,32.666666666666664,33.40880503144654,118,32,1,0.23023039494318503
295,380,-215.07163449188704,41.15526315789474,42.060526315789474,344,63,1,0.2290792429684691
296,156,-106.54910694384873,43.90384615384615,44.92307692307692,159,32,1,0.22793384675362674
297,369,-197.27987134445752,42.55555555555556,43.61517615176152,391,66,1,0.22679417751985861
298,416,-179.18389930031685,33.44471153846154,34.37259615384615,386,78,1,0.22566020663225933
299,401,-223.62764559053448,41.246882793017456,42.19950124688279,382,70,1,0.22453190559909803
300,500,-253.9213418592583,45.488,46.6,556,90,0,0.22340924607110255
301,156,-94.9328544150005,36.31410256410256,37.26923076923077,149,29,1,0.22229219984074702
302,271,-181.61849877202206,39.99261992619926,40.80442804428044,220,54,1,0.2211807388415433
303,375,-212.97279696622923,44.690666666666665,45.76266666666667,402,67,1,0.22007483514733558
304,280,-125.44035681412765,37.214285714285715,38.21785714285714,281,44,1,0.2189744609715989
305,500,-248.5891356336712,42.978,44.03,526,88,0,0.2178795886667409
306,258,-152.74438301846146,42.810077519379846,43.82170542635659,261,47,1,0.2167901907234072
307,227,-159.20917639198296,44.17621145374449,45.070484581497794,203,42,1,0.21570623976979014
308,397,-213.89943941874287,39.0831234256927,39.977329974811084,355,73,1,0.21462770857094118
309,210,-94.64425864273461,32.3,33.233333333333334,196,38,1,0.21355457002808648
310,201,-104.42679306903443,31.890547263681594,32.67661691542288,158,37,1,0.21248679717794605
311,424,-270.8365440362343,49.81367924528302,50.844339622641506,437,73,1,0.21142436319205632
312,500,-147.17117673387833,33.43,34.506,538,84,0,0.21036724137609603
313,305,-204.95245086024698,45.41311475409836,46.377049180327866,294,52,1,0.20931540516921554
314,221,-91.81141135858437,33.27149321266968,34.20814479638009,207,35,1,0.20826882814336947
315,217,-113.49510825922619,37.45622119815668,38.43778801843318,213,38,1,0.20722748400265262
316,380,-185.5154263657775,40.507894736842104,41.51578947368421,383,67,1,0.20619134658263935
317,500,-208.8668142977044,40.918,42.022,552,84,0,0.20516038984972615
318,145,-104.80938900909031,34.00689655172414,34.675862068965515,97,26,1,0.2041345879004775
319,369,-232.83777307033105,49.60162601626016,50.704607046070464,407,64,1,0.2031139149609751
320,438,-229.29321918508165,45.52054794520548,46.573059360730596,461,70,1,0.20209834538617025
321,405,-219.18402729370806,43.08395061728395,44.071604938271605,400,65,1,0.2010878536592394
322,450,-241.65031544980258,45.59111111111111,46.64,472,74,1,0.2000824143909432
323,149,-107.38685199447934,41.604026845637584,42.47651006711409,130,26,1,0.19908200231898848
324,295,-161.6219128276345,39.78305084745763,40.728813559322035,279,49,1,0.19808659230739353
325,500,-208.56527874451993,39.124,40.18,528,87,0,0.19709615934585656
326,136,-81.75564955027194,37.5514705882353,38.49264705882353,128,21,1,0.19611067854912728
327,286,-157.7429297603827,43.43006993006993,44.49650349650349,305,49,1,0.19513012515638165
328,434,-206.53838572986456,42.30875576036866,43.40552995391705,476,73,1,0.19415447453059972
329,500,-230.8031648447091,43.786,44.884,549,83,0,0.19318370215794672
330,270,-178.02318082165442,43.303703703703704,44.17037037037037,234,45,1,0.192217783647157
331,300,-145.9607146453085,42.196666666666665,43.28666666666667,327,46,1,0.1912566947289212
332,162,-72.24228396887682,32.098765432098766,33.01234567901235,148,21,1,0.1903004112552766
333,106,-65.0320646581052,30.443396226415093,31.132075471698112,73,18,1,0.18934890919900021
334,414,-157.8918267771306,34.85507246376812,35.891304347826086,429,69,1,0.18840216465300522
335,461,-271.53553979609416,48.09761388286334,49.164859002169194,492,79,1,0.18746015382974018
336,130,-56.24279069528646,28.853846153846153,29.776923076923076,120,22,1,0.1865228530605915
337,288,-110.84571248803368,29.413194444444443,30.274305555555557,248,49,1,0.18559023879528855
338,310,-139.92713371062538,36.903225806451616,37.906451612903226,311,53,1,0.1846622876013121
339,427,-190.01900373979444,39.85245901639344,40.91569086651054,454,71,1,0.18373897616330553
340,335,-125.24726136141433,36.47761194029851,37.54626865671642,358,50,1,0.182820281282489
341,500,-158.24252886973088,35.216,36.29,537,75,0,0.18190617987607657
342,260,-100.34424017917345,34.75,35.753846153846155,261,38,1,0.18099664897669618
343,380,-137.3146813132373,36.915789473684214,38.007894736842104,415,58,1,0.1800916657318127
344,176,-94.6024259713798,32.47727272727273,33.30113636363637,145,30,1,0.17919120740315364
345,187,-54.79621816846155,27.898395721925134,28.887700534759357,185,23,1,0.17829525136613786
346,317,-106.79475807465442,32.91482649842271,33.94006309148265,325,47,1,0.17740377510930716
347,97,-59.45145091222157,33.79381443298969,34.58762886597938,77,14,1,0.17651675623376062
348,228,-148.53254745439813,41.69736842105263,42.574561403508774,200,37,1,0.1756341724525918
349,402,-159.75566225517906,37.60696517412935,38.666666666666664,426,62,1,0.17475600159032884
350,500,-199.6460162407063,38.67,39.716,523,81,0,0.17388222158237718
351,217,-87.94221567855439,30.13364055299539,31.018433179723502,192,34,1,0.1730128104744653
352,500,-165.210012524639,39.216,40.366,575,76,0,0.17214774642209296
353,500,-190.0233504889565,39.966,41.08,557,73,0,0.1712870076899825
354,172,-65.55755635436427,31.627906976744185,32.598837209302324,167,24,1,0.17043057265153258
355,389,-126.07894392273128,32.83804627249357,33.84832904884319,393,59,1,0.16957841978827493
356,122,-83.26066227493398,33.278688524590166,33.942622950819676,81,19,1,0.16873052768933355
357,311,-76.14180641633835,27.022508038585208,28.032154340836012,314,46,1,0.1678868750508869
358,195,-143.36709338431154,43.53333333333333,44.37435897435898,164,37,1,0.16704744067563246
359,500,-118.21715799069725,33.31,34.398,544,69,0,0.1662122034722543
360,419,-196.3486069659366,43.6945107398568,44.801909307875896,464,66,1,0.16538114245489302
361,500,-184.52121106835975,39.452,40.528,538,76,0,0.16455423674261854
362,326,-139.55937745055462,34.56748466257669,35.487730061349694,300,50,1,0.16373146555890544
363,500,-202.90503556279367,43.216,44.384,584,78,0,0.16291280823111093
364,500,-221.7904997609165,43.278,44.34,531,75,0,0.16209824418995536
365,445,-121.81625750146213,28.453932584269662,29.43370786516854,436,69,1,0.16128775296900558
366,500,-240.90172083751227,45.634,46.738,552,79,0,0.16048131420416054
367,210,-107.13285646875941,38.01428571428571,39.00476190476191,208,31,1,0.15967890763313974
368,432,-151.9863488194608,36.49768518518518,37.532407407407405,447,59,1,0.15888051309497406
369,500,-200.70359050961605,41.45,42.556,553,70,0,0.1580861105294992
370,500,-137.6118829786946,31.984,33.028,522,78,0,0.1572956799768517
371,150,-95.95621141347074,34.22666666666667,34.973333333333336,112,27,1,0.15650920157696743
372,500,-199.8086837988153,38.664,39.744,540,85,0,0.1557266555690826
373,219,-86.96010663217425,33.529680365296805,34.52054794520548,217,32,1,0.1549480222912372
374,390,-168.94639537332472,43.135897435897434,44.246153846153845,433,51,1,0.15417328217978102
375,230,-104.97210134796185,37.41304347826087,38.43043478260869,234,34,1,0.1534024157688821
376,414,-219.66693323494482,48.02657004830918,49.10144927536232,445,53,1,0.1526354036900377
377,500,-161.1802074579729,37.136,38.212,538,71,0,0.1518722266715875
378,385,-192.20576657234727,46.906493506493504,48.03376623376624,434,51,1,0.15111286553822956
379,371,-178.39711355253587,42.42587601078167,43.471698113207545,388,57,1,0.15035730121053842
380,500,-144.95822627374298,34.464,35.534,535,71,0,0.14960551470448571
381,274,-164.65120351911713,47.26642335766423,48.262773722627735,273,37,1,0.14885748713096328
382,273,-122.27852115269783,40.88644688644688,41.99267399267399,302,38,1,0.14811319969530845
383,500,-148.57621912937685,35.148,36.188,520,67,0,0.1473726336968319
384,392,-156.63061951769632,41.2780612244898,42.35459183673469,422,51,1,0.14663577052834775
385,500,-184.11346276362576,37.856,38.884,514,64,0,0.14590259167570602
386,195,-77.72300195552056,27.794871794871796,28.682051282051283,173,27,1,0.1451730787173275
387,188,-89.89991731543032,37.22872340425532,38.20744680851064,184,29,1,0.14444721332374086
388,316,-144.2245631795245,40.607594936708864,41.68354430379747,340,50,1,0.14372497725712216
389,436,-196.30384025871268,41.54816513761468,42.5894495412844,454,62,1,0.14300635237083656
390,430,-135.17131399910966,34.5046511627907,35.56511627906977,456,60,1,0.14229132060898236
391,500,-154.9079964547461,33.764,34.79,513,69,0,0.14157986400593744
392,278,-136.60303398451416,39.597122302158276,40.55755395683453,267,40,1,0.14087196468590776
393,438,-201.64137526391795,45.55936073059361,46.662100456621005,483,60,1,0.14016760486247823
394,500,-173.38063384567033,39.004,40.112,554,72,0,0.13946676683816583
395,500,-213.90347321268817,41.926,42.948,511,67,0,0.138769433003975
396,338,-150.31773698648803,42.29585798816568,43.405325443786985,375,49,1,0.13807558583895513
397,206,-84.83377932420613,36.00485436893204,37.01456310679612,208,27,1,0.13738520790976036
398,395,-163.0543403059217,36.959493670886076,37.90886075949367,375,52,1,0.13669828187021155
399,256,-128.08291013900958,39.80859375,40.83984375,264,38,1,0.13601479046086049
400,500,-227.52629088083492,42.958,44.04,541,79,0,0.1353347165085562
401,500,-137.45995422894757,35.27,36.34,535,65,0,0.1346580429260134
402,500,-193.23000447410152,38.668,39.744,538,77,0,0.13398475271138335
403,500,-152.72007851163772,35.174,36.238,532,67,0,0.13331482894782642
404,296,-126.31129314413418,34.179054054054056,35.13513513513514,283,48,1,0.13264825480308728
405,392,-203.0989072263806,44.40561224489796,45.410714285714285,394,50,1,0.13198501352907185
406,458,-214.14935719293422,46.23144104803494,47.3646288209607,519,62,1,0.1313250884614265
407,500,-186.06735596677396,40.298,41.402,552,68,0,0.13066846301911936
408,500,-119.57806154579764,33.886,35.002,558,65,0,0.13001512070402377
409,300,-125.54784305734675,38.47,39.52333333333333,316,44,1,0.12936504510050365
410,358,-128.634873772255,36.99162011173184,38.05307262569833,380,47,1,0.12871821987500112
411,500,-173.66840325710976,40.394,41.518,562,64,0,0.12807462877562611
412,190,-122.92627576077368,42.71052631578947,43.60526315789474,170,28,1,0.12743425563174798
413,148,-75.89457095156874,32.71621621621622,33.554054054054056,124,23,1,0.12679708435358925
414,353,-164.34164939478168,38.98016997167139,39.97167138810198,350,52,1,0.1261630989318213
415,98,-69.7606432241526,32.97959183673469,33.57142857142857,58,14,1,0.1255322834371622
416,474,-198.65623138479836,42.881856540084385,44.0042194092827,532,61,1,0.12490462201997637
417,500,-186.6341307907192,40.936,41.992,528,65,0,0.1242800989098765
418,500,-103.56643808091788,30.318,31.388,535,67,0,0.12365869841532712
419,500,-100.62146454633329,28.758,29.796,519,69,0,0.12304040492325048
420,138,-67.65739056164398,36.29710144927536,37.289855072463766,137,18,1,0.12242520289863423
421,500,-170.96879003850154,37.842,38.966,562,74,0,0.12181307688414106
422,500,-120.55938884545124,32.104,33.146,521,62,0,0.12120401149972035
423,409,-107.26490546081098,31.281173594132028,32.32029339853301,425,56,1,0.12059799144222175
424,500,-156.56937163706803,41.016,42.234,609,65,0,0.11999500148501063
425,485,-173.23763045686815,37.67835051546392,38.736082474226805,513,68,1,0.11939502647758558
426,285,-98.45751095831199,31.228070175438596,32.175438596491226,270,41,1,0.11879805134519765
427,227,-83.65910353538122,34.951541850220266,35.91189427312775,218,21,1,0.11820406108847166
428,500,-190.54964999222597,39.208,40.238,515,74,0,0.1176130407830293
429,500,-145.57829699801286,35.25,36.372,561,70,0,0.11702497557911415
430,500,-115.83014055778132,32.974,34.11,568,72,0,0.11643985070121858
431,113,-48.717048565344435,30.035398230088497,30.884955752212388,96,10,1,0.11585765144771248
432,309,-117.64992953048315,37.66990291262136,38.6957928802589,317,41,1,0.11527836319047392
433,500,-89.7222215116938,31.332,32.47,569,68,0,0.11470197137452155
434,500,-116.09658265293857,32.786,33.874,544,72,0,0.11412846151764894
435,500,-89.59833388476618,30.036,31.132,548,67,0,0.1135578192100607
436,223,-107.28112887495017,38.56053811659193,39.591928251121075,230,34,1,0.11299003011401039
437,222,-86.87775434923473,32.53603603603604,33.513513513513516,217,32,1,0.11242507996344034
438,321,-125.11497773019275,36.77881619937695,37.78504672897196,323,42,1,0.11186295456362313
439,500,-167.8626179983999,38.71,39.858,574,73,0,0.11130363979080501
440,500,-145.87309415802574,36.376,37.48,552,65,0,0.11074712159185099
441,495,-152.54395272100234,35.71919191919192,36.81010101010101,540,71,1,0.11019338598389174
442,500,-199.04034409128613,44.378,45.556,589,69,0,0.10964241905397228
443,355,-174.98818115099513,43.69859154929578,44.754929577464786,375,50,1,0.10909420695870241
444,497,-177.37751597407686,39.5251509054326,40.64989939637827,559,69,1,0.1085487359239089
445,132,-101.71888822246187,35.49242424242424,36.13636363636363,85,23,1,0.10800599224428936
446,341,-122.53204837676206,35.577712609970675,36.598240469208214,348,44,1,0.10746596228306791
447,269,-52.315032203353056,27.814126394052046,28.903345724907062,293,34,1,0.10692863247165257
448,500,-82.48293702618551,25.72,26.748,514,68,0,0.1063939893092943
449,391,-144.2935759342415,40.089514066496164,41.21739130434783,441,51,1,0.10586201936274783
450,292,-122.88258340483551,37.90068493150685,38.92123287671233,298,39,1,0.10533270926593409
451,500,-149.98049947531243,37.164,38.28,558,68,0,0.10480604571960442
452,305,-86.5272676813838,32.61967213114754,33.68196721311475,324,35,1,0.1042820154910064
453,339,-109.48844313610282,36.97935103244838,38.091445427728615,377,42,1,0.10376060541355137
454,440,-115.55755733407278,36.71363636363636,37.872727272727275,510,52,1,0.1032418023864836
455,500,-72.57687352909427,27.166,28.242,538,65,0,0.10272559337455119
456,500,-168.57579658516832,35.93,36.978,524,75,0,0.10221196540767843
457,500,-175.3072026978337,38.202,39.256,527,67,0,0.10170090558064004
458,500,-106.6391472442581,33.34,34.476,568,68,0,0.10119240105273684
459,393,-94.97432544061374,33.31297709923664,34.41984732824427,435,46,1,0.10068643904747315
460,500,-105.40578408018177,33.714,34.85,568,61,0,0.10018300685223579
461,500,-91.63822187629115,32.274,33.454,590,67,0,0.0996820918179746
462,116,-43.57834388867296,27.46551724137931,28.482758620689655,118,16,1,0.09918368135888474
463,393,-123.01525408147819,34.43256997455471,35.5089058524173,423,54,1,0.09868776295209031
464,127,-66.5862134693942,32.511811023622045,33.37795275590551,110,19,1,0.09819432413732986
465,135,-70.95641934597462,28.785185185185185,29.48148148148148,94,20,1,0.09770335251664321
466,500,-129.73497681050569,35.082,36.2,559,67,0,0.09721483575406
467,500,-121.96742486527481,33.764,34.892,564,65,0,0.09672876157528969
468,500,-135.94189881357588,33.204,34.272,534,75,0,0.09624511776741324
469,500,-149.39659216785006,38.628,39.768,570,65,0,0.09576389217857617
470,500,-151.96013448521157,40.91,42.106,598,64,0,0.09528507271768329
471,500,-163.7274926592491,40.136,41.286,575,69,0,0.09480864735409487
472,500,-84.29404813143691,31.51,32.684,587,69,0,0.0943346041173244
473,133,-66.75020874554917,29.736842105263158,30.526315789473685,105,18,1,0.09386293109673778
474,249,-61.91642958089457,30.200803212851405,31.265060240963855,265,30,1,0.09339361644125409
475,407,-96.82825221724968,34.122850122850124,35.28009828009828,471,51,1,0.09292664835904782
476,500,-89.94012982373117,32.042,33.18,569,63,0,0.09246201511725258
477,500,-83.93062461574561,29.9,31.022,561,68,0,0.09199970504166631
478,345,-122.98342308585846,34.95072463768116,35.97391304347826,353,50,1,0.09153970651645797
479,500,-95.36407401578202,32.142,33.286,572,62,0,0.09108200798387568
480,500,-143.84387316424232,36.932,38.066,567,72,0,0.0906265979439563
481,206,-52.22253805348101,28.563106796116504,29.59223300970874,212,27,1,0.09017346495423652
482,500,-68.69505201018251,27.264,28.336,536,69,0,0.08972259762946533
483,453,-142.65046637937968,35.6401766004415,36.71523178807947,487,63,1,0.089273984641318
484,500,-90.38553795091354,30.872,31.964,546,62,0,0.0888276147181114
485,500,-148.48828845329209,37.042,38.11,534,58,0,0.08838347664452084
486,203,-88.06264642549912,35.399014778325125,36.320197044334975,187,25,1,0.08794155926129824
487,263,-101.86629909222968,35.250950570342205,36.28897338403042,273,36,1,0.08750185146499175
488,500,-86.52393389821047,31.042,32.156,557,62,0,0.08706434220766679
489,500,-130.1719047511923,36.452,37.566,557,62,0,0.08662902049662846
490,500,-129.74807323062717,36.486,37.64,577,54,0,0.08619587539414532
491,500,-39.40669559278249,26.182,27.302,560,59,0,0.08576489601717459
492,500,-129.66982670878207,35.762,36.904,571,60,0,0.08533607153708872
493,500,-110.05729810826858,34.382,35.514,566,61,0,0.08490939117940327
494,276,-112.47257046266309,39.52173913043478,40.630434782608695,306,39,1,0.08448484422350626
495,500,-104.49040914629832,35.186,36.352,583,60,0,0.08406242000238873
496,500,-121.98981302502565,34.546,35.654,554,59,0,0.08364210790237678
497,500,-76.84236941577343,26.382,27.416,517,66,0,0.0832238973628649
498,500,-104.0593855891825,35.61,36.79,590,56,0,0.08280777787605056
499,367,-113.23752559068383,37.043596730245234,38.141689373297005,403,45,1,0.08239373898667031
500,500,-114.65242896664303,34.74,35.898,579,63,0,0.08198177029173696
501,418,-108.34580448567155,34.239234449760765,35.334928229665074,458,46,1,0.08157186144027828
502,500,-48.697141604017105,25.9,26.994,547,61,0,0.0811640021330769
503,500,-133.0067864332265,38.32,39.506,593,57,0,0.08075818212241151
504,500,-98.67793743409943,32.084,33.216,566,67,0,0.08035439121179945
505,500,-141.37163031809567,39.592,40.776,592,59,0,0.07995261925574046
506,147,-93.31456358561748,36.244897959183675,37.01360544217687,113,18,1,0.07955285615946175
507,500,-124.12199488980363,34.366,35.46,547,60,0,0.07915509187866444
508,153,-75.10678770200934,40.37908496732026,41.411764705882355,158,19,1,0.07875931641927113
509,500,-128.32304817475338,37.076,38.24,582,64,0,0.07836551983717477
510,500,-133.01556655697553,34.416,35.452,518,56,0,0.07797369223798889
511,500,-131.09316387451855,36.108,37.23,561,60,0,0.07758382377679894
512,169,-59.93633327884193,29.266272189349113,30.16568047337278,152,20,1,0.07719590465791494
513,500,-109.85859120684573,31.304,32.314,505,55,0,0.07680992513462537
514,500,-92.84611092835078,30.614,31.73,558,68,0,0.07642587550895225
515,345,-107.8135626710424,36.21449275362319,37.266666666666666,363,37,1,0.07604374613140748
516,192,-55.521317870667474,30.640625,31.661458333333332,196,20,1,0.07566352740075044
517,500,-152.80875414289665,40.558,41.7,571,52,0,0.07528520976374668
518,435,-122.32556324587402,36.820689655172416,37.95402298850575,493,50,1,0.07490878371492794
519,500,-33.86886283965273,26.494,27.656,581,59,0,0.0745342397963533
520,500,-168.57868568374658,38.612,39.648,518,55,0,0.07416156859737154
521,500,-53.10641172118248,28.828,29.92,546,51,0,0.07379076075438468
522,500,-32.99516930710959,26.768,27.934,583,58,0,0.07342180695061275
523,267,-78.24508659855854,31.816479400749063,32.89138576779026,287,38,1,0.07305469791585968
524,500,-98.42196906245566,33.112,34.234,561,56,0,0.07268942442628039
525,500,-85.98801619227824,30.158,31.228,535,61,0,0.07232597730414898
526,500,-81.92390348362574,32.942,34.088,573,54,0,0.07196434741762824
527,500,-154.67211057077506,36.68,37.718,519,60,0,0.0716045256805401
528,500,-132.95130111176994,35.32,36.398,539,56,1,0.0712465030521374
529,500,-90.5039228979668,30.106,31.162,528,58,0,0.0708902705368767
530,301,-105.91473338848961,42.06312292358804,43.22591362126246,350,29,1,0.07053581918419231
531,202,-95.38026372797478,39.7029702970297,40.698019801980195,201,25,1,0.07018314008827135
532,500,-88.16381273621887,29.652,30.754,551,63,0,0.06983222438783
533,500,-76.1903893727264,29.346,30.432,543,59,0,0.06948306326589085
534,465,-141.40621655985916,36.28387096774193,37.35913978494624,500,51,1,0.0691356479495614
535,500,-51.045448629676685,29.896,31.098,601,61,0,0.06878996970981359
536,500,-96.50734867877821,30.508,31.586,539,62,0,0.06844601986126451
537,500,-66.20533260888512,24.916,25.94,512,67,0,0.06810378976195819
538,500,-55.60499020865688,30.164,31.38,608,57,0,0.0677632708131484
539,500,-80.67612644004123,32.392,33.504,556,49,0,0.06742445445908266
540,500,-60.602644322095394,30.642,31.788,573,54,0,0.06708733218678724
541,500,-75.77631023756102,31.28,32.438,579,56,0,0.0667518955258533
542,500,-28.595240433143537,25.634,26.744,555,56,0,0.06641813604822402
543,500,-106.8779285828162,37.766,38.968,601,53,0,0.0660860453679829
544,500,-36.225263006387245,23.828,24.886,529,60,0,0.06575561514114299
545,500,-79.25463283407278,29.874,30.968,547,54,0,0.06542683706543727
546,500,-65.29405285424423,26.476,27.456,490,50,0,0.06509970288011008
547,323,-52.13166047298046,27.544891640866872,28.63467492260062,352,34,1,0.06477420436570952
548,500,-94.70416187048006,34.514,35.67,578,54,0,0.06445033334388098
549,500,-80.22709061511485,28.422,29.496,537,58,0,0.06412808167716157
550,404,-91.95099042600232,32.027227722772274,33.09405940594059,431,41,1,0.06380744126877576
551,491,-61.61813385276522,25.672097759674134,26.69857433808554,504,54,1,0.06348840406243188
552,500,-75.35422800967751,31.76,32.874,557,49,0,0.06317096204211972
553,500,-46.59680002394568,30.716,31.9,592,50,0,0.06285510723190912
554,500,-104.83604705427311,32.208,33.312,552,56,0,0.06254083169574957
555,500,-76.48578330039388,30.112,31.236,562,61,0,0.062228127537270826
556,255,-71.15504971396959,30.31764705882353,31.349019607843136,263,33,1,0.06191698689958447
557,500,-89.84648038952898,31.636,32.778,571,61,0,0.061607401965086545
558,500,-105.92905754283294,33.692,34.838,573,60,0,0.06129936495526111
559,165,-73.51452786100504,34.515151515151516,35.412121212121214,148,20,1,0.0609928681304848
560,500,-74.62864421130291,30.782,31.934,576,60,0,0.060687903789832374
561,500,-80.31495762631837,28.736,29.838,551,66,0,0.06038446427088321
562,500,-49.51515946684202,28.21,29.378,584,58,0,0.06008254194952879
563,500,-103.28439800944638,30.796,31.866,535,62,0,0.05978212923978115
564,500,-99.91037311728756,33.32,34.48,580,60,0,0.05948321859358224
565,500,-62.939188984442296,25.264,26.286,511,57,0,0.05918580250061433
566,500,-47.26380211616338,27.388,28.532,572,61,0,0.058889873488111255
567,335,-78.66320375351117,31.071641791044776,32.170149253731346,368,41,1,0.058595424120670696
568,500,-33.91155200143171,26.276,27.376,550,54,0,0.05830244700006734
569,500,-37.67439245201818,26.204,27.336,566,59,0,0.058010934765067
570,500,-69.40984066089652,30.28,31.422,571,60,0,0.05772088009124167
571,500,-43.15746708084892,26.358,27.474,558,55,0,0.05743227569078546
572,500,-31.79440977006684,29.28,30.506,613,47,0,0.05714511431233153
573,500,-61.66370103430593,27.912,29.018,553,64,0,0.05685938874076987
574,500,-41.92207505474139,28.82,30.032,606,59,0,0.056575091797066025
575,500,-124.66483775770891,34.426,35.54,557,60,0,0.056292216338080694
576,500,-10.063489543299916,24.508,25.67,581,58,0,0.05601075525639029
577,297,-49.12267013714359,26.033670033670035,27.087542087542086,313,35,1,0.05573070148010834
578,500,-51.99299732080337,28.214,29.352,569,60,0,0.0554520479727078
579,500,-108.54298567201297,35.088,36.21,561,50,0,0.05517478773284426
580,500,-86.18526983562218,36.068,37.308,620,49,0,0.05489891379418004
581,500,-56.75639042190994,31.76,32.964,602,53,0,0.05462441922520914
582,500,-55.48391107756636,29.45,30.626,588,61,0,0.0543512971290831
583,311,-78.54963743673561,28.836012861736336,29.839228295819936,312,38,1,0.05407954064343768
584,500,-55.590113893647995,28.744,29.896,576,62,0,0.05380914294022049
585,190,-104.64480250113338,41.27894736842105,42.142105263157895,164,19,1,0.05354009722551939
586,500,-15.204304331126439,23.716,24.832,558,52,0,0.05327239673939179
587,370,-95.61148893088222,32.8027027027027,33.81621621621622,375,39,1,0.053006034755694834
588,392,-62.611809534872165,27.729591836734695,28.808673469387756,423,47,1,0.052741004581916356
589,500,-21.452965708037837,25.06,26.194,567,58,0,0.052477299559006776
590,500,-29.6678264925634,27.952,29.156,602,57,0,0.052214913061211746
591,500,-88.82040836651021,31.652,32.772,560,57,0,0.05195383849590569
592,500,-47.08987665170264,29.506,30.66,577,52,0,0.05169406930342616
593,500,-89.48514403156028,31.808,32.92,556,53,0,0.05143559895690903
594,500,-44.90381285021353,28.252,29.428,588,61,0,0.051178420962124486
595,500,-54.891597830340785,30.774,31.972,599,57,0,0.05092252885731386
596,500,-52.93250106441457,25.302,26.358,528,58,0,0.05066791621302729
597,500,-45.70650254437983,28.234,29.372,569,56,0,0.05041457663196215
598,500,-26.18243772272442,26.908,28.07,581,52,0,0.050162503748802344
599,476,-101.36830499371742,31.409663865546218,32.47268907563025,506,53,1,0.049911691230058335
600,500,-53.226305612119795,31.682,32.906,612,53,0,0.04966213277390804
601,500,-57.42001981634634,26.338,27.39,526,55,0,0.0494138221100385
602,500,-35.34136100895269,26.386,27.466,540,49,0,0.04916675299948831
603,500,-12.490880033482451,25.11,26.304,597,57,0,0.04892091923449087
604,500,-86.236132244252,31.034,32.18,573,61,0,0.04867631463831842
605,500,-36.2985979236324,28.758,29.956,599,53,0,0.048432933065126825
606,500,-46.78438693062966,30.978,32.248,635,63,0,0.048190768399801194
607,310,-66.05773432393332,29.638709677419357,30.719354838709677,335,37,1,0.04794981455780219
608,500,-63.25320188304393,30.632,31.794,581,55,0,0.04771006548501318
609,500,-68.38762722155735,29.99,31.114,562,60,0,0.047471515157588115
610,500,-21.153785653692996,23.926,25.042,558,60,0,0.047234157581800176
611,500,-46.219303426865046,26.386,27.516,565,65,0,0.046997986793891174
612,500,-30.569211557685826,23.338,24.368,515,53,0,0.04676299685992172
613,500,-21.38363738821787,26.818,28.004,593,53,0,0.04652918187562211
614,500,-63.187453547127184,33.128,34.35,611,52,0,0.046296535966244
615,500,-53.234579332650135,30.062,31.248,593,57,0,0.046065053286412784
616,118,-46.081944389896144,30.78813559322034,31.720338983050848,110,12,1,0.04583472801998072
617,500,-42.80115745232497,31.62,32.856,618,47,0,0.045605554379880814
618,500,-46.46973411681234,28.314,29.43,558,53,0,0.04537752660798141
619,500,-54.41400715379399,30.62,31.818,599,53,0,0.0451506389749415
620,500,-18.428115560196282,27.648,28.88,616,57,0,0.044924885780066794
621,328,-70.86347887119408,29.350609756097562,30.402439024390244,345,38,1,0.04470026135116646
622,500,-11.69146420373114,23.234,24.344,555,54,0,0.04447676004441063
623,500,-57.6784339018488,29.108,30.196,544,52,0,0.04425437624418858
624,500,-59.35799605514648,28.822,29.942,560,56,0,0.04403310436296763
625,500,-21.92617902610552,30.362,31.62,629,50,0,0.043812938841152796
626,500,-39.18211808830769,27.752,28.91,579,54,0,0.04359387414694703
627,500,-43.93029683558937,27.978,29.13,576,59,0,0.043375904776212296
628,500,-8.539444915773585,23.88,25.022,571,56,0,0.043159025252331236
629,500,-18.9859611032997,26.242,27.434,596,60,0,0.04294323012606958
630,500,-10.73988156213073,25.786,26.968,591,53,0,0.04272851397543923
631,500,-23.65420640817141,25.29,26.396,553,47,0,0.04251487140556204
632,500,-43.20763470150312,27.79,28.924,567,57,0,0.04230229704853423
633,500,-29.958160801885107,26.03,27.162,566,54,0,0.04209078556329156
634,500,-30.675803208918065,24.728,25.846,559,56,0,0.0418803316354751
635,500,-18.783610876283884,24.084,25.226,571,57,0,0.041670929977297724
636,500,-69.7465553208475,30.448,31.612,582,56,0,0.04146257532741124
637,500,-28.199929905724794,25.844,26.954,555,50,0,0.04125526245077418
638,500,-50.620928833673375,29.252,30.396,572,55,0,0.04104898613852031
639,500,-29.041768992250663,25.498,26.612,557,53,0,0.04084374120782771
640,500,-91.01685242022488,34.13,35.304,587,54,0,0.04063952250178857
641,500,-16.532169343403773,25.354,26.532,589,59,0,0.04043632488927963
642,500,-7.49989381971698,24.492,25.652,580,58,0,0.04023414326483323
643,500,-24.337308654079834,24.48,25.58,550,60,0,0.040032972548509065
644,500,-48.95593752227859,27.206,28.31,552,52,0,0.03983280768576652
645,500,-6.594830260516247,23.81,24.936,563,53,0,0.03963364364733769
646,500,2.11203833633295,23.362,24.514,576,56,0,0.039435475429100995
647,500,-18.057172227798212,24.666,25.77,552,51,0,0.03923829805195549
648,500,-84.76794500924694,31.918,33.044,563,57,0,0.03904210656169572
649,500,-10.146542647033293,23.512,24.618,553,54,0,0.03884689602888724
650,500,-80.34374191458268,33.458,34.656,599,55,0,0.0386526615487428
651,500,-40.7322358822006,27.414,28.52,553,51,0,0.03845939824099909
652,500,8.124467644718809,23.596,24.778,591,55,0,0.03826710124979409
653,500,-13.000069186511025,23.96,25.092,566,54,0,0.038075765743545126
654,500,0.13326388617150098,22.888,24.012,562,55,0,0.0378853869148274
655,500,-27.390953995227882,25.592,26.726,567,58,0,0.03769595998025326
656,500,0.03543623387296346,22.236,23.318,541,51,0,0.03750748018035199
657,500,-3.5819183225006457,22.914,24.052,569,57,0,0.037319942779450235
658,500,-13.661839716520625,26.2,27.408,604,56,0,0.037133343065552986
659,500,-17.356014243327223,23.916,25.022,553,52,0,0.03694767635022522
660,500,6.693196586997684,22.548,23.672,562,47,0,0.036762937968474095
661,500,29.75002135169942,21.236,22.416,590,54,0,0.03657912327863173
662,500,-49.985354076985125,26.668,27.744,538,53,0,0.036396227662238566
663,500,-9.224756926359772,25.534,26.742,604,55,0,0.03621424652392737
664,500,-12.79988850968933,23.458,24.59,566,58,0,0.036033175291307735
665,500,4.938104402941919,23.376,24.55,587,54,0,0.03585300941485119
666,500,0.40845060629010876,22.096,23.23,567,57,0,0.035673744367776934
667,500,-41.68510162774738,28.34,29.454,557,49,0,0.03549537564593805
668,500,-40.39398410516025,31.58,32.816,618,50,0,0.035317898767708356
669,500,-20.234366510675514,26.25,27.386,568,49,0,0.03514130927386981
670,500,-14.888279185162759,25.214,26.344,565,49,0,0.03496560272750046
671,349,-69.47802428534887,29.183381088825215,30.2378223495702,368,39,1,0.03479077471386296
672,500,7.719259817895264,24.078,25.27,596,54,0,0.03461682084029365
673,500,16.151712536310004,23.246,24.456,605,54,0,0.034443736736092176
674,500,-14.479111331406806,23.452,24.522,535,49,0,0.034271518052411715
675,500,-17.078880730457648,25.736,26.902,583,53,0,0.034100160462149656
676,500,-45.50463494699367,27.198,28.308,555,52,0,0.03392965965983891
677,500,14.443311545179139,24.39,25.618,614,55,0,0.033760011361539714
678,500,-6.785689241885379,24.224,25.362,569,55,0,0.03359121130473201
679,500,-34.75323477194482,28.166,29.32,577,50,0,0.033423255248208356
680,500,-36.446492076523484,27.422,28.564,571,56,0,0.03325613897196732
681,500,-32.01843186471833,27.752,28.9,574,51,0,0.03308985827710748
682,500,-17.471394487238527,23.486,24.586,550,55,0,0.032924408985721944
683,500,-14.252157810772555,24.206,25.308,551,53,0,0.03275978694079333
684,500,-44.69810865300642,26.142,27.21,534,50,0,0.032595988006089364
685,500,14.07419467816091,21.988,23.154,583,58,0,0.032433008066058915
686,500,-50.52731017545147,29.02,30.162,571,53,0,0.03227084302572862
687,500,-14.404146322749963,23.354,24.446,546,55,0,0.032109488810599975
688,500,7.094918547588401,24.288,25.496,604,55,0,0.031948941366546975
689,500,-76.53438270478773,36.274,37.54,633,48,0,0.03178919665971424
690,500,-22.01722968670458,25.704,26.842,569,51,0,0.03163025067641567
691,500,-54.286516589531374,31.556,32.738,591,47,0,0.03147209942303359
692,500,-10.064436074969251,24.61,25.762,576,55,0,0.03131473892591842
693,500,-34.71089569737169,28.296,29.47,587,51,0,0.031158165231288826
694,500,-35.2180563115601,28.744,29.946,601,53,0,0.03100237440513238
695,500,-5.594778644024916,24.046,25.17,562,51,0,0.030847362533106718
696,500,-16.120942994984084,24.62,25.714,547,49,0,0.030693125720441184
697,500,-38.935337403153916,29.054,30.248,597,57,0,0.030539660091838977
698,500,25.22028695230607,21.976,23.142,583,48,0,0.03038696179137978
699,500,8.70463979561287,24.588,25.808,610,54,0,0.030235026982422884
700,500,-52.15124909567903,30.642,31.798,578,48,0,0.030083851847510768
701,500,5.130279377158583,21.866,22.998,566,54,0,0.029933432588273214
702,500,29.42913979708661,19.844,20.984,570,54,0,0.029783765425331846
703,500,-37.277301383330084,27.418,28.514,548,49,0,0.029634846598205186
704,500,-18.74226051136783,23.562,24.63,534,54,0,0.02948667236521416
705,500,-0.7278440219730922,25.088,26.286,599,52,0,0.029339239003388088
706,500,11.10259256738665,22.54,23.706,583,52,0,0.029192542808371146
707,500,-29.483028210778162,27.116,28.258,571,49,0,0.02904658009432929
708,500,-22.101537231325104,25.416,26.56,572,53,0,0.028901347193857643
709,500,-33.662683015207335,26.862,28.012,575,49,0,0.028756840457888354
710,500,-2.5969110622299194,20.896,21.972,538,54,0,0.02861305625559891
711,500,-24.092504071118164,24.92,26.032,556,51,0,0.028469990974320916
712,500,-37.718387671175755,26.494,27.61,558,54,0,0.02832764101944931
713,500,-23.689690988044305,27.356,28.538,591,52,0,0.028186002814352063
714,500,-31.1351284246683,27.904,29.082,589,50,0,0.0280450728002803
715,500,-4.096094960063572,24.596,25.772,588,53,0,0.0279048474362789
716,500,-41.062138871821425,27.964,29.132,584,56,0,0.027765323199097504
717,500,-15.622259311022713,25.194,26.328,567,47,0,0.027626496583102015
718,500,-2.3367113894597393,24.698,25.88,591,54,0,0.027488364100186506
719,500,-19.111065069551707,25.082,26.212,565,49,0,0.027350922279685573
720,500,-28.865055549273187,27.09,28.238,574,51,0,0.027214167668287145
721,500,-6.2903896577129865,26.024,27.206,591,49,0,0.02707809682994571
722,500,-5.482958189887722,24.528,25.704,588,60,0,0.02694270634579598
723,500,6.041199929281312,24.322,25.472,575,46,0,0.026807992814067
724,500,5.322425365125003,22.596,23.718,561,47,0,0.026673952849996664
725,500,-36.05560580126785,27.342,28.526,592,55,0,0.02654058308574668
726,500,0.29144710669557483,24.488,25.66,586,51,0,0.026407880170317945
727,500,-43.2731132297647,27.952,29.07,559,49,0,0.026275840769466357
728,500,35.78403687898076,21.568,22.774,603,50,0,0.026144461565619025
729,500,17.038285764349848,21.314,22.456,571,54,0,0.02601373925779093
730,500,8.706964195281031,23.572,24.77,599,57,0,0.025883670561501974
731,500,-6.098781818518539,22.994,24.12,563,55,0,0.025754252208694463
732,500,-1.1488878872125867,24.098,25.244,573,49,0,0.02562548094765099
733,500,-24.56282096502502,24.53,25.616,543,49,0,0.025497353542912736
734,500,-19.860611102981085,26.698,27.84,571,48,0,0.02536986677519817
735,500,31.66888182862483,19.892,21.054,581,60,0,0.02524301744132218
736,500,-22.208385672249474,27.786,28.952,583,46,0,0.025116802354115567
737,500,20.561052500591302,18.49,19.54,525,56,0,0.024991218342344988
738,500,1.242316879112168,23.796,24.944,574,53,0,0.024866262250633264
739,500,-24.351373912921048,24.036,25.12,542,51,0,0.024741930939380097
740,500,-2.935866759804502,23.696,24.796,550,47,0,0.024618221284683196
741,500,34.85098771610246,22.57,23.8,615,49,0,0.02449513017825978
742,500,-33.55836089088337,30.21,31.44,615,53,0,0.02437265452736848
743,500,-36.05762196852698,28.222,29.372,575,53,0,0.024250791254731636
744,500,-13.104883552742617,22.832,23.886,527,49,0,0.024129537298457977
745,500,-22.888296446214223,28.924,30.144,610,45,0,0.024008889611965685
746,500,-24.362646967403705,28.178,29.358,590,47,0,0.023888845163905856
747,500,37.49838572443518,21.504,22.71,603,51,0,0.023769400938086327
748,500,3.681117365817657,22.39,23.532,571,52,0,0.023650553933395897
749,500,3.4032748864152964,21.948,23.016,534,46,0,0.023532301163728918
750,500,32.53649528761165,20.846,22.034,594,54,0,0.023414639657910272
751,500,-5.139275866784622,26.548,27.756,604,48,0,0.023297566459620722
752,500,-2.0059035491918995,23.258,24.388,565,48,0,0.023181078627322618
753,500,9.6913533504205,20.894,21.972,539,50,0,0.023065173234186005
754,500,-5.6120427003922755,24.784,25.934,575,46,0,0.022949847368015076
755,500,0.611019670852238,23.376,24.5,562,49,0,0.022835098131175
756,500,20.902904778854804,21.802,22.978,588,53,0,0.022720922640519125
757,500,15.590965523047302,21.964,23.106,571,50,0,0.02260731802731653
758,500,26.88377696859021,20.99,22.148,579,51,0,0.022494281437179946
759,500,-0.6464726261428624,21.052,22.128,538,51,0,0.022381810029994047
760,500,17.890207452543457,21.004,22.13,563,50,0,0.022269900979844076
761,500,-41.781362853515226,30.332,31.5,584,41,0,0.022158551474944856
762,500,13.73752169923208,22.984,24.152,584,50,0,0.022047758717570132
763,500,-6.630512514233109,23.422,24.54,559,51,0,0.021937519923982282
764,500,-7.809857619714446,24.556,25.684,564,47,0,0.021827832324362372
765,500,21.856049124178163,21.96,23.112,576,45,0,0.02171869316274056
766,500,-7.628095463433495,22.418,23.516,549,52,0,0.021610099696926857
767,500,10.1505909610378,23.318,24.49,586,51,0,0.021502049198442223
768,500,21.799356255518134,20.85,21.986,568,51,0,0.021394538952450012
769,500,-40.937902301036026,25.79,26.872,541,54,0,0.02128756625768776
770,500,2.0176276727246254,23.886,25.032,573,51,0,0.021181128426399323
771,500,35.2463055691037,19.67,20.788,559,49,0,0.021075222784267326
772,500,25.233343481135538,21.85,23.018,584,50,0,0.020969846670345987
773,500,-25.056482312046725,24.968,26.12,576,51,0,0.020864997436994256
774,500,4.059760604523661,23.618,24.77,576,50,0,0.020760672449809284
775,500,19.375689196704887,20.466,21.556,545,49,0,0.020656869087560238
776,500,-27.828806483725284,28.484,29.66,588,45,0,0.020553584742122436
777,500,11.744055092976835,22.92,24.076,578,47,0,0.020450816818411825
778,500,-6.638229358401393,23.4,24.482,541,45,0,0.020348562734319765
779,500,3.531434849109311,23.234,24.364,565,48,0,0.020246819920648168
780,500,-3.153485393248668,25.808,27.024,608,51,0,0.020145585821044927
781,500,-12.19904557239791,24.966,26.134,584,57,0,0.020044857891939702
782,500,9.962097737168094,23.034,24.18,573,50,0,0.019944633602480003
783,500,3.9273931142918075,22.904,24.042,569,53,0,0.019844910434467605
784,500,-6.746405020406636,25.314,26.498,592,46,0,0.019745685882295267
785,500,-26.723222095966047,27.936,29.124,594,54,0,0.01964695745288379
786,500,-10.771981719023502,27.196,28.416,610,52,0,0.01954872266561937
787,500,1.7401437494581793,21.428,22.496,534,52,0,0.019450979052291272
788,500,-28.240927747322832,29.56,30.806,623,50,0,0.019353724157029815
789,500,-12.784328634938015,27.012,28.212,600,51,0,0.019256955536244666
790,500,11.076058755249287,24.076,25.268,596,49,0,0.019160670758563442
791,500,-37.66263954445517,29.712,30.902,595,50,0,0.019064867404770626
792,500,19.66846107414644,21.264,22.412,574,53,0,0.018969543067746772
793,500,31.12977411728775,20.464,21.612,574,50,0,0.018874695352408037
794,500,-7.263855522384501,25.042,26.172,565,46,0,0.018780321875645996
795,500,-8.04292198988517,24.616,25.748,566,46,0,0.018686420266267767
796,500,-7.1130320564316145,23.048,24.144,548,52,0,0.018592988164936427
797,500,-3.1126373551258606,26.98,28.23,625,50,0,0.018500023224111744
798,500,-10.004750228366236,24.658,25.762,552,45,0,0.018407523107991184
799,500,-4.5219029060119125,23.15,24.286,568,55,0,0.01831548549245123
800,500,0.4043879927573235,23.996,25.14,572,50,0,0.018223908064988973
801,500,5.362213379935815,23.448,24.6,576,47,0,0.018132788524664028
802,500,-17.46463589993836,22.192,23.234,521,51,0,0.018042124582040707
803,500,7.5838568485413465,23.202,24.344,571,50,0,0.017951913959130504
804,500,3.796291790145972,22.94,24.066,563,49,0,0.01786215438933485
805,500,-17.751558756422657,26.542,27.738,598,50,0,0.017772843617388175
806,500,0.3534482376543766,24.524,25.72,598,53,0,0.017683979399301233
807,500,-30.648091979175156,28.556,29.728,586,46,0,0.017595559502304726
808,500,9.29013079065694,25.018,26.252,617,51,0,0.0175075817047932
809,500,-30.896366957048123,24.734,25.774,520,45,0,0.017420043796269234
810,500,13.279529090998539,20.326,21.446,560,54,0,0.017332943577287888
811,164,-55.72963825905679,33.396341463414636,34.46951219512195,176,16,1,0.01724627885940145
812,500,5.570779479200675,22.922,24.068,573,50,0,0.017160047465104442
813,500,3.473621871715931,23.688,24.838,575,50,0,0.01707424722777892
814,500,-13.822451713043163,24.21,25.294,542,48,0,0.016988875991640028
815,500,-18.701926525237006,24.99,26.126,568,52,0,0.016903931611681827
816,500,-6.696614683478444,28.0,29.244,622,46,0,0.01681941195362342
817,144,-45.873789109640775,25.88888888888889,26.756944444444443,125,14,1,0.016735314893855303
818,500,-20.074918590604277,27.044,28.188,572,47,0,0.016651638319386028
819,500,3.6386475385503916,25.516,26.75,617,51,0,0.0165683801277891
820,500,31.718000331009442,19.162,20.266,552,51,0,0.016485538227150154
821,500,10.96128342473162,21.352,22.46,554,54,0,0.0164031105360144
822,500,45.41526016369938,19.822,21.002,590,51,0,0.01632109498333433
823,500,-17.6174234196936,25.212,26.364,576,50,0,0.016239489508417658
824,500,8.662288672649728,22.49,23.63,570,52,0,0.01615829206087557
825,500,7.444658637197863,23.698,24.864,583,51,0,0.01607750060057119
826,500,-3.6999064553271057,28.672,29.954,641,46,0,0.015997113097568336
827,500,-0.18795488710064978,23.832,25.024,596,55,0,0.015917127532080494
828,500,14.482943243977246,23.046,24.234,594,54,0,0.01583754189442009
829,500,27.8730861972601,20.394,21.524,565,50,0,0.01575835418494799
830,500,2.572435946976171,23.064,24.176,556,48,0,0.01567956241402325
831,500,17.144548989044043,20.706,21.798,546,48,0,0.015601164601953134
832,500,-8.793095566949237,26.046,27.24,597,52,0,0.015523158778943369
833,500,-6.652189917721259,24.872,26.032,580,47,0,0.015445542985048652
834,500,21.02806736398947,19.662,20.748,543,50,0,0.015368315270123408
835,500,-24.942960129651887,30.5,31.752,626,48,0,0.01529147369377279
836,500,11.804788914501945,21.26,22.342,541,47,0,0.015215016325303928
837,500,-3.942666381744818,25.246,26.384,569,47,0,0.015138941243677408
838,500,22.61085244979725,20.11,21.224,557,48,0,0.01506324653745902
839,500,35.3537537107602,20.672,21.846,587,51,0,0.014987930304771725
840,500,3.6625877897464685,23.458,24.586,564,46,0,0.014912990653247866
841,500,-3.2731874764970206,25.132,26.276,572,48,0,0.014838425699981627
842,500,-33.348051041901215,23.764,24.78,508,45,0,0.01476423357148172
843,500,28.491995131774345,20.344,21.478,567,51,0,0.014690412403624311
844,500,25.274004427265545,21.0,22.126,563,48,0,0.01461696034160619
845,500,-8.08826576760022,24.09,25.202,556,50,0,0.014543875539898159
846,500,8.116729636848177,22.65,23.81,580,49,0,0.014471156162198668
847,500,-2.536790623028618,23.634,24.76,563,49,0,0.014398800381387675
848,500,21.123706415312434,23.662,24.868,603,48,0,0.014326806379480736
849,500,-43.07862053508013,29.576,30.724,574,46,0,0.014255172347583332
850,500,-10.334931171381658,25.204,26.348,572,52,0,0.014183896485845416
851,500,15.706737535186821,23.31,24.48,585,47,0,0.014112977003416188
852,500,-20.39498583278055,27.33,28.474,572,43,0,0.014042412118399107
853,500,-44.26720347700377,32.32,33.56,620,45,0,0.013972200057807112
854,500,-18.347350221107327,24.96,26.052,546,45,0,0.013902339057518077
855,500,-15.315720645454421,26.628,27.77,571,46,0,0.013832827362230486
856,500,23.91816374677965,22.37,23.564,597,51,0,0.013763663225419333
857,500,2.8316957672773038,22.838,23.942,552,47,0,0.013694844909292236
858,500,5.475678253458612,22.112,23.218,553,49,0,0.013626370684745774
859,500,14.056281740682214,22.26,23.378,559,45,0,0.013558238831322046
860,500,10.106769318944403,22.126,23.246,560,51,0,0.013490447637165436
861,500,-17.251920892018322,24.454,25.564,555,51,0,0.013422995398979608
862,500,-11.582019442562208,25.062,26.216,577,52,0,0.01335588042198471
863,500,-25.682640286038872,30.578,31.834,628,50,0,0.013289101019874787
864,500,11.85596673170674,21.914,23.054,570,51,0,0.013222655514775413
865,500,4.335937003872807,25.068,26.282,607,50,0,0.013156542237201536
866,500,30.09687022980966,20.712,21.824,556,43,0,0.013090759526015528
867,500,2.105257765173923,23.316,24.43,557,49,0,0.01302530572838545
868,500,0.37624753960584967,23.596,24.742,573,50,0,0.012960179199743523
869,500,3.596461523721207,24.06,25.214,577,47,0,0.012895378303744804
870,500,5.348581893536267,25.238,26.382,572,40,0,0.01283090141222608
871,500,9.979239509771492,23.508,24.664,578,46,0,0.012766746905164949
872,500,-11.897332539498713,26.372,27.508,568,45,0,0.012702913170639124
873,500,-48.6116895306922,29.19,30.298,554,43,0,0.012639398604785928
874,500,11.06284591040708,21.986,23.116,565,50,0,0.012576201611761997
875,500,7.724917024052195,22.186,23.312,563,49,0,0.012513320603703188
876,500,-31.804681253457378,25.868,26.982,557,50,0,0.012450754000684672
877,500,-16.61806204214494,24.664,25.756,546,46,0,0.012388500230681249
878,500,1.622399537777312,23.782,24.91,564,47,0,0.012326557729527843
879,500,-2.2775202208763563,23.9,24.996,548,42,0,0.012264924940880204
880,500,-22.90180629523208,28.462,29.656,597,47,0,0.012203600316175803
881,500,7.466954469008416,23.478,24.626,574,49,0,0.012142582314594924
882,500,2.459093034026199,22.698,23.814,558,49,0,0.01208186940302195
883,500,8.324710519882895,23.846,24.992,573,47,0,0.01202146005600684
884,500,21.966090006619403,23.048,24.236,594,48,0,0.011961352755726806
885,500,-20.692956706720288,22.836,23.86,512,45,0,0.01190154599194817
886,500,-3.074395249525425,25.092,26.27,589,50,0,0.01184203826198843
887,500,-2.364141906504979,24.55,25.686,568,45,0,0.011782828070678488
888,500,-12.845549808900174,24.776,25.87,547,43,0,0.011723913930325095
889,500,14.98211867288077,21.474,22.596,561,48,0,0.01166529436067347
890,500,18.110998830341078,22.902,24.066,582,49,0,0.011606967888870102
891,500,26.69477001591946,21.492,22.644,576,47,0,0.01154893304942575
892,398,-32.18128097896721,26.015075376884422,27.115577889447238,438,35,1,0.011491188384178622
893,500,-5.7691418008245705,27.46,28.676,608,47,0,0.011433732442257729
894,500,-11.550955212201533,27.308,28.52,606,48,0,0.01137656378004644
895,500,16.57343556167553,24.682,25.88,599,44,0,0.011319680961146208
896,500,12.596378808058661,23.448,24.622,587,47,0,0.011263082556340478
897,500,-3.602465035404231,23.292,24.414,561,51,0,0.011206767143558775
898,500,14.807145879880098,22.104,23.224,560,47,0,0.011150733307840981
899,500,-7.167325135343404,24.648,25.796,574,47,0,0.011094979641301777
900,500,20.038337380841178,21.562,22.696,567,48,0,0.011039504743095268
901,500,4.204238091915792,24.288,25.456,584,50,0,0.01098430721937979
902,500,29.084430339572673,19.966,21.08,557,50,0,0.010929385683282892
903,500,28.641513186730936,19.958,21.056,549,45,0,0.010874738754866477
904,500,18.04697030388977,22.214,23.36,573,51,0,0.010820365061092144
905,500,-35.96562982225699,27.25,28.332,541,46,0,0.010766263235786683
906,500,25.05159126032352,23.38,24.604,612,51,0,0.01071243191960775
907,500,0.8978015159824653,22.36,23.43,535,46,0,0.010658869760009713
908,500,11.865711294558611,23.158,24.294,568,43,0,0.010605575411209664
909,419,-35.39423844149402,27.82577565632458,28.992840095465393,489,40,1,0.010552547534153616
910,500,16.15370915582234,24.092,25.28,594,46,0,0.010499784796482848
911,500,6.117255737230222,24.39,25.562,586,47,0,0.010447285872500434
912,500,20.2314108496956,23.822,25.014,596,43,0,0.01039504944313793
913,500,3.613941981522733,23.694,24.822,564,46,0,0.010343074195922241
914,500,-7.152057375297308,23.654,24.754,550,46,0,0.01029135882494263
915,500,-22.236575952162354,29.172,30.402,615,49,0,0.010239902030817916
916,500,-0.22702270714524442,23.154,24.28,563,50,0,0.010188702520663827
917,500,-6.8528016076813705,26.696,27.894,599,48,0,0.010137759008060509
918,500,11.315646260504742,23.982,25.17,594,51,0,0.010087070213020206
919,500,-3.2264767358254396,23.742,24.9,579,48,0,0.010036634861955105
920,500,3.8473787459491797,25.672,26.88,604,44,0,0.01
921,500,27.582012965581935,20.46,21.598,569,49,0,0.01
922,500,-1.9801182716887054,24.828,25.982,577,49,0,0.01
923,500,-19.44374513264698,27.16,28.302,571,43,0,0.01
924,500,-17.174700361236063,26.858,28.038,590,42,0,0.01
925,500,3.0082664091707914,25.718,26.908,595,44,0,0.01
926,500,-23.171573051139198,26.596,27.714,559,44,0,0.01
927,500,3.8330772147359595,26.012,27.182,585,41,0,0.01
928,500,40.55774314450012,22.302,23.514,606,42,0,0.01
929,500,2.37561185023213,26.076,27.288,606,44,0,0.01
930,500,16.90380880934518,20.452,21.55,549,53,0,0.01
931,500,19.846542126462715,22.02,23.158,569,47,0,0.01
932,500,-19.25493553062913,24.714,25.774,530,42,0,0.01
933,500,-5.3597183007241345,23.792,24.908,558,44,0,0.01
934,500,7.764447602788734,22.938,24.066,564,47,0,0.01
935,500,23.402501285427768,19.448,20.528,540,48,0,0.01
936,500,16.266958771258622,23.39,24.598,604,51,0,0.01
937,384,-28.158512776186956,25.244791666666668,26.354166666666668,426,38,1,0.01
938,500,5.012626350070421,22.732,23.856,562,44,0,0.01
939,500,4.826675717032866,23.81,24.954,572,45,0,0.01
940,500,-20.116864753601526,28.816,30.038,611,47,0,0.01
941,500,-4.6851040638592965,25.126,26.274,574,48,0,0.01
942,500,-26.22276845258654,29.062,30.256,597,46,0,0.01
943,500,7.140487842050049,24.122,25.286,582,48,0,0.01
944,500,-22.972326857596894,28.184,29.342,579,42,0,0.01
945,500,18.026741435673017,21.358,22.452,547,46,0,0.01
946,500,22.40443049393624,25.212,26.46,624,45,0,0.01
947,500,5.8953120081803565,22.714,23.816,551,45,0,0.01
948,500,-9.201584906961433,27.154,28.392,619,51,0,0.01
949,500,20.212413792125055,19.758,20.818,530,45,0,0.01
950,500,-4.393814430746905,25.412,26.562,575,47,0,0.01
951,500,13.586067756566877,21.8,22.908,554,45,0,0.01
952,500,21.961963405014224,22.19,23.356,583,48,0,0.01
953,500,36.836179135288475,19.538,20.66,561,49,0,0.01
954,500,26.79918121191521,20.796,21.916,560,47,0,0.01
955,500,2.471057297024844,20.95,21.976,513,45,0,0.01
956,500,48.094977986627626,21.24,22.488,624,52,0,0.01
957,500,-0.01187013110559576,24.312,25.482,585,47,0,0.01
958,500,-5.3525866727858995,25.536,26.68,572,45,0,0.01
959,500,10.247025763869939,19.924,20.966,521,48,0,0.01
960,500,29.471027018010158,20.922,22.11,594,54,0,0.01
961,317,-46.62539477397004,27.86750788643533,28.92744479495268,336,27,1,0.01
962,500,8.344465227400004,23.76,24.914,577,46,0,0.01
963,500,-23.31122164959343,29.536,30.778,621,47,0,0.01
964,500,5.763999005407789,27.436,28.708,636,46,0,0.01
965,500,13.888346954914896,23.056,24.228,586,49,0,0.01
966,500,31.48081114896335,20.41,21.544,567,47,0,0.01
967,500,14.80281281230966,20.326,21.42,547,47,0,0.01
968,500,-11.093728879373014,24.476,25.576,550,44,0,0.01
969,500,-29.752627248664723,28.374,29.588,607,48,0,0.01
970,500,6.328919513959503,24.778,25.944,583,45,0,0.01
971,500,9.870157207389457,24.266,25.466,600,51,0,0.01
972,500,10.332568375405295,20.566,21.632,533,49,0,0.01
973,500,2.4155807676895193,22.376,23.45,537,47,0,0.01
974,500,-8.203378316777243,23.762,24.868,553,43,0,0.01
975,500,21.87653428512151,21.95,23.096,573,47,0,0.01
976,500,-1.2699684848420205,23.276,24.41,567,50,0,0.01
977,500,9.619908240245291,22.078,23.196,559,49,0,0.01
978,500,27.183658166919937,21.662,22.824,581,47,0,0.01
979,500,-11.338140227567628,26.508,27.66,576,44,0,0.01
980,500,16.286631409495378,23.788,24.978,595,46,0,0.01
981,500,-16.729314217912236,26.628,27.788,580,44,0,0.01
982,500,32.215471255105925,21.292,22.468,588,47,0,0.01
983,500,6.997666499242262,23.072,24.196,562,44,0,0.01
984,500,13.099670579907322,22.752,23.9,574,49,0,0.01
985,500,-12.593778706134403,26.298,27.442,572,41,0,0.01
986,500,0.581896374198836,28.368,29.658,645,45,0,0.01
987,500,28.525651779728676,22.146,23.332,593,50,0,0.01
988,500,6.299162484325073,23.03,24.158,564,46,0,0.01
989,500,12.65996394979045,22.96,24.144,592,51,0,0.01
990,500,-19.036304737130216,26.13,27.316,593,48,0,0.01
991,500,28.697396788953046,24.958,26.21,626,44,0,0.01
992,500,2.049636645024684,24.024,25.17,573,45,0,0.01
993,500,34.960696915737,20.898,22.082,592,49,0,0.01
994,500,-4.989378091989807,25.07,26.224,577,49,0,0.01
995,500,-1.5400516188971807,24.14,25.306,583,49,0,0.01
996,500,-13.435782577603222,25.82,26.964,572,48,0,0.01
997,500,18.86987714107404,21.71,22.842,566,46,0,0.01
998,500,31.49465089105815,21.606,22.79,592,47,0,0.01
999,500,0.21054596891399824,24.924,26.14,608,50,0,0.01
1000,500,2.0964717823812515,24.018,25.166,574,45,0,0.01
1001,500,2.451315458054228,23.44,24.618,589,54,0,0.01
1002,500,29.379064504372625,20.794,21.95,578,48,0,0.01
1003,500,11.028388788136159,22.54,23.676,568,49,0,0.01
1004,500,25.50295245449111,20.024,21.126,551,49,0,0.01
1005,500,-2.4845539258595,23.642,24.744,551,47,0,0.01
1006,500,0.3046259192889935,23.23,24.328,549,46,0,0.01
1007,500,-5.597153193645572,26.338,27.55,606,49,0,0.01
1008,500,12.030732238585617,19.908,20.956,524,49,0,0.01
1009,500,18.825141209830196,21.942,23.09,574,46,0,0.01
1010,500,9.610270489835825,25.426,26.626,600,43,0,0.01
1011,500,21.44111936474382,23.638,24.852,607,51,0,0.01
1012,500,0.40495333804958245,23.47,24.58,555,47,0,0.01
1013,500,-18.702293873494355,28.58,29.78,600,44,0,0.01
1014,500,-20.519646737504164,26.736,27.88,572,44,0,0.01
1015,500,21.881267266659123,22.03,23.182,576,48,0,0.01
1016,500,-10.820785632989873,23.21,24.302,546,50,0,0.01
1017,500,15.755577437794772,21.496,22.624,564,48,0,0.01
1018,500,3.1443237954886083,21.964,23.088,562,53,0,0.01
1019,500,23.38413617110836,20.078,21.182,552,48,0,0.01
1020,500,5.316386972591044,24.064,25.208,572,46,0,0.01
1021,500,3.9485896778801015,24.662,25.808,573,45,0,0.01
1022,500,26.950944530337214,22.87,24.05,590,46,0,0.01
1023,500,-27.788867198900252,25.944,27.052,554,49,0,0.01
1024,500,8.196706226819282,23.716,24.888,586,46,0,0.01
1025,500,23.521506127342192,22.92,24.142,611,53,0,0.01
1026,500,25.495896863015258,22.986,24.162,588,46,0,0.01
1027,500,-0.9437970723294136,26.326,27.518,596,45,0,0.01
1028,500,-3.190239072285289,24.172,25.298,563,49,0,0.01
1029,500,28.111285575856673,21.292,22.438,573,48,0,0.01
1030,500,4.996317940684755,22.324,23.41,543,41,0,0.01
1031,500,6.373759821533616,25.992,27.22,614,46,0,0.01
1032,500,25.69937224476307,24.832,26.1,634,48,0,0.01
1033,500,27.058801701273282,21.13,22.272,571,48,0,0.01
1034,309,-26.136457119399346,24.954692556634303,26.06148867313916,342,30,1,0.01
1035,500,9.648924557793405,23.788,24.966,589,49,0,0.01
1036,500,32.46838184057753,20.168,21.276,554,44,0,0.01
1037,500,-38.916249484181705,31.12,32.382,631,48,0,0.01
1038,500,1.6290032756035306,21.788,22.86,536,45,0,0.01
1039,500,12.793647756061022,23.128,24.272,572,44,0,0.01
1040,500,21.59954503987472,20.358,21.454,548,46,0,0.01
1041,500,31.068453289802655,21.82,22.976,578,44,0,0.01
1042,500,-1.971423473488727,25.674,26.832,579,46,0,0.01
1043,500,10.739847888630132,24.046,25.224,589,46,0,0.01
1044,500,6.237985924462773,24.574,25.74,583,48,0,0.01
1045,500,2.1266070653151314,23.198,24.284,543,44,0,0.01
1046,500,24.786906429812234,20.716,21.826,555,48,0,0.01
1047,500,-1.2589181878026858,23.462,24.57,554,48,0,0.01
1048,500,6.2286946817992535,23.918,25.112,597,52,0,0.01
1049,500,32.55005560977316,20.582,21.706,562,45,0,0.01
1050,500,-42.09890834537063,31.526,32.77,622,49,0,0.01
1051,500,3.2074372126329767,23.64,24.75,555,44,0,0.01
1052,500,27.6448906073197,22.866,24.062,598,47,0,0.01
1053,500,14.565757962417484,22.37,23.498,564,45,0,0.01
1054,500,6.7545400447239095,23.672,24.816,572,44,0,0.01
1055,500,33.37761303602367,20.072,21.196,562,47,0,0.01
1056,500,14.373076261791226,21.046,22.128,541,46,0,0.01
1057,500,13.328455288728826,23.2,24.362,581,45,0,0.01
1058,500,8.025016413546009,25.236,26.434,599,44,0,0.01
1059,500,-3.7273508104921644,24.47,25.618,574,47,0,0.01
1060,500,8.115156531117497,24.156,25.314,579,47,0,0.01
1061,500,-79.91530133655725,33.812,34.942,565,45,0,0.01
1062,500,25.096141566113307,22.662,23.846,592,45,0,0.01
1063,202,-59.819633785814396,31.653465346534652,32.618811881188115,195,15,1,0.01
1064,500,21.409993259231797,21.25,22.388,569,49,0,0.01
1065,500,8.912802401450712,21.748,22.846,549,46,0,0.01
1066,392,-40.403181883647036,26.57908163265306,27.683673469387756,433,38,1,0.01
1067,500,6.4090180645034085,24.142,25.278,568,45,0,0.01
1068,500,-33.4197793181324,30.59,31.79,600,43,0,0.01
1069,500,24.334595447706597,20.632,21.734,551,47,0,0.01
1070,500,-3.8613568610659614,21.048,22.056,504,44,0,0.01
1071,500,6.163730205529877,23.804,24.958,577,49,0,0.01
1072,454,-27.48015083739873,25.449339207048457,26.577092511013216,512,42,1,0.01
1073,500,22.49470283074051,22.412,23.56,574,43,0,0.01
1074,500,-5.187685079445294,26.51,27.736,613,44,0,0.01
1075,500,9.23738769026935,22.706,23.862,578,52,0,0.01
1076,500,17.270516771302816,21.228,22.374,573,54,0,0.01
1077,500,-1.188768553154857,23.258,24.36,551,47,0,0.01
1078,500,11.086614374268986,23.416,24.544,564,45,0,0.01
1079,500,-8.77710793532805,24.696,25.82,562,48,0,0.01
1080,500,20.830944473339844,22.256,23.43,587,50,0,0.01
1081,500,17.293235470512748,22.28,23.422,571,50,0,0.01
1082,500,-8.369534674196274,22.986,24.076,545,48,0,0.01
1083,500,25.521235176339083,19.368,20.424,528,43,0,0.01
1084,500,-18.720947846250382,28.224,29.442,609,46,0,0.01
1085,500,3.8545584109189237,23.564,24.7,568,49,0,0.01
1086,500,12.982294039674766,22.066,23.186,560,46,0,0.01
1087,500,27.720987773099907,23.212,24.434,611,50,0,0.01
1088,500,-16.95033046607417,26.482,27.64,579,44,0,0.01
1089,500,-1.3152712279169265,22.558,23.66,551,46,0,0.01
1090,500,-2.4535826698214214,25.33,26.51,590,51,0,0.01
1091,500,8.070511461275204,22.33,23.47,570,52,0,0.01
1092,500,-31.179833256740864,28.512,29.688,588,44,0,0.01
1093,500,11.745651152139759,24.384,25.576,596,46,0,0.01
1094,500,10.387367857535544,21.29,22.396,553,51,0,0.01
1095,500,16.36356894088468,20.56,21.65,545,50,0,0.01
1096,500,5.756680608667876,24.16,25.334,587,50,0,0.01
1097,500,-17.13095378603156,24.894,26.002,554,46,0,0.01
1098,500,14.055992882245551,21.254,22.376,561,51,0,0.01
1099,500,-10.528312226262818,24.16,25.264,552,48,0,0.01
1100,500,4.338127394578185,23.786,24.96,587,49,0,0.01
1101,500,-8.373667955001679,26.238,27.42,591,50,0,0.01
1102,500,-13.416872958502655,24.25,25.346,548,47,0,0.01
1103,500,34.02361233584624,19.514,20.652,569,51,0,0.01
1104,500,12.504261768138386,23.13,24.27,570,45,0,0.01
1105,500,8.007202806399013,21.286,22.386,550,51,0,0.01
1106,500,-5.289558084225136,24.04,25.148,554,45,0,0.01
1107,500,-8.569973110283314,22.838,23.924,543,48,0,0.01
1108,500,-2.417089683127936,23.344,24.456,556,47,0,0.01
1109,500,18.624343894416107,23.26,24.432,586,45,0,0.01
1110,500,7.050706603805558,23.716,24.902,593,50,0,0.01
1111,500,34.953823370255435,20.314,21.47,578,46,0,0.01
1112,500,23.446293941271037,22.82,24.014,597,53,0,0.01
1113,500,5.623997063478985,26.746,27.98,617,45,0,0.01
1114,500,-3.966403746435449,24.172,25.304,566,50,0,0.01
1115,500,-13.872310604322887,25.472,26.602,565,48,0,0.01
1116,500,12.7742226184296,23.418,24.592,587,49,0,0.01
1117,500,5.331686975156015,24.412,25.576,582,44,0,0.01
1118,500,21.19065546270424,22.614,23.798,592,50,0,0.01
1119,500,16.27942797093693,22.41,23.578,584,53,0,0.01
1120,500,29.395435112100774,21.914,23.092,589,47,0,0.01
1121,500,5.833578571955857,22.7,23.818,559,49,0,0.01
1122,500,-3.2060410784522997,26.068,27.258,595,47,0,0.01
1123,500,0.09946329378555296,21.428,22.456,514,46,0,0.01
1124,500,23.676775829317084,22.636,23.838,601,49,0,0.01
1125,500,23.5493474633969,22.412,23.614,601,51,0,0.01
1126,500,4.124756503155455,24.638,25.798,580,45,0,0.01
1127,500,-23.755301735538662,29.238,30.464,613,49,0,0.01
1128,500,23.92010696007079,20.91,22.048,569,52,0,0.01
1129,500,-1.0057504894478444,21.908,22.99,541,49,0,0.01
1130,500,19.897134404246266,23.886,25.078,596,44,0,0.01
1131,500,5.957593205454552,25.29,26.492,601,48,0,0.01
1132,500,0.40612831954298434,25.688,26.878,595,49,0,0.01
1133,500,-41.376796408446225,25.65,26.75,550,51,0,0.01
1134,500,0.49639186422603143,24.462,25.612,575,46,0,0.01
1135,500,7.350555559616416,23.046,24.168,561,47,0,0.01
1136,500,20.7704962539827,21.36,22.494,567,48,0,0.01
1137,500,19.07675631977439,21.778,22.902,562,45,0,0.01
1138,500,10.673749465507425,21.462,22.538,538,45,0,0.01
1139,500,2.8700443621290437,24.972,26.116,572,43,0,0.01
1140,500,-32.1767048032963,29.236,30.426,595,43,0,0.01
1141,500,20.59106696630002,20.398,21.484,543,45,0,0.01
1142,500,-4.088779819592356,24.33,25.484,577,49,0,0.01
1143,500,-17.591660449240422,24.872,25.986,557,50,0,0.01
1144,500,30.418689523970553,23.556,24.788,616,49,0,0.01
1145,500,29.09296002963867,20.17,21.288,559,49,0,0.01
1146,500,11.078249145954697,22.794,23.946,576,48,0,0.01
1147,500,-24.513956642446125,27.202,28.342,570,46,0,0.01
1148,500,18.4957335446112,24.398,25.618,610,49,0,0.01
1149,500,0.04602702848913909,25.93,27.15,610,48,0,0.01
1150,500,0.4262217122581692,24.782,25.934,576,47,0,0.01
1151,500,9.131380758301798,22.488,23.616,564,47,0,0.01
1152,500,12.696603317027819,23.758,24.928,585,46,0,0.01
1153,500,23.93842192443769,21.556,22.736,590,53,0,0.01
1154,500,-1.717206333673112,23.948,25.106,579,52,0,0.01
1155,500,10.495281690961566,25.378,26.61,616,48,0,0.01
1156,500,5.384251775672064,23.128,24.234,553,43,0,0.01
1157,500,11.336128165179437,20.45,21.502,526,49,0,0.01
1158,500,18.18177536224138,21.804,22.95,573,49,0,0.01
1159,500,30.53719610840543,22.11,23.34,615,54,0,0.01
1160,500,21.141205600704073,21.134,22.27,568,50,0,0.01
1161,500,12.3265106088989,23.108,24.282,587,53,0,0.01
1162,500,-25.673660532053066,27.808,28.982,587,49,0,0.01
1163,500,19.31566677782484,23.854,25.052,599,47,0,0.01
1164,500,29.9000944932882,20.362,21.48,559,49,0,0.01
1165,500,35.342940978857335,21.782,22.968,593,47,0,0.01
1166,500,27.142789611477063,20.606,21.73,562,48,0,0.01
1167,500,30.323041680526387,21.13,22.302,586,50,0,0.01
1168,500,11.110193310025862,19.698,20.738,520,50,0,0.01
1169,500,-10.778001383967297,26.522,27.71,594,50,0,0.01
1170,500,21.752521441352698,21.406,22.516,555,45,0,0.01
1171,500,-2.5387986445487085,21.9,22.95,525,48,0,0.01
1172,500,-9.171812082814348,23.748,24.836,544,47,0,0.01
1173,500,0.2321380468531824,20.416,21.444,514,50,0,0.01
1174,500,6.122091951750482,24.93,26.11,590,48,0,0.01
1175,500,28.576878280347174,20.048,21.144,548,46,0,0.01
1176,500,9.490402652071259,23.048,24.204,578,46,0,0.01
1177,500,-10.836590895425719,21.544,22.59,523,52,0,0.01
1178,500,24.144517566681706,19.792,20.92,564,52,0,0.01
1179,500,15.790302901182296,22.044,23.168,562,47,0,0.01
1180,500,22.700078601409448,20.964,22.102,569,53,0,0.01
1181,500,-14.494201934929169,27.076,28.244,584,45,0,0.01
1182,500,10.047576360631053,20.918,22.056,569,58,0,0.01
1183,500,19.072250321522127,22.502,23.628,563,44,0,0.01
1184,500,1.0188920490807876,22.594,23.692,549,47,0,0.01
1185,500,14.53711436231626,23.188,24.346,579,48,0,0.01
1186,500,1.395528732805602,23.604,24.698,547,43,0,0.01
1187,500,14.250332840377183,24.734,25.932,599,49,0,0.01
1188,500,22.127120147733862,21.272,22.406,567,51,0,0.01
1189,500,9.218684213942925,24.686,25.898,606,51,0,0.01
1190,500,-35.233925238877134,24.93,26.0,535,44,0,0.01
1191,500,23.753192629514064,23.794,25.034,620,50,0,0.01
1192,500,18.056539176756477,22.344,23.498,577,47,0,0.01
1193,500,23.541166717189054,21.33,22.484,577,51,0,0.01
1194,500,1.1360023611178198,24.774,25.922,574,43,0,0.01
1195,500,17.53676362872821,22.028,23.178,575,48,0,0.01
1196,500,15.543224888661605,21.84,22.978,569,47,0,0.01
1197,500,23.392585258432838,22.262,23.416,577,46,0,0.01
1198,500,-4.427048534492945,24.372,25.488,558,44,0,0.01
1199,500,13.087222220740177,24.146,25.324,589,45,0,0.01
1200,500,15.435633945921087,22.106,23.25,572,48,0,0.01
1201,500,15.655519826689556,23.854,25.044,595,48,0,0.01
1202,500,3.742411319973535,25.85,27.05,600,46,0,0.01
1203,500,-8.77258988868585,25.96,27.132,586,46,0,0.01
1204,500,31.453186214342836,21.25,22.424,587,51,0,0.01
1205,500,11.62408613515065,22.658,23.802,572,45,0,0.01
1206,500,29.291867537982846,22.558,23.772,607,52,0,0.01
1207,500,16.414602813657815,21.556,22.66,552,44,0,0.01
1208,500,25.624137751641975,22.822,24.0,589,47,0,0.01
1209,500,31.19862859959921,21.77,22.932,581,45,0,0.01
1210,500,6.638491545728785,23.838,24.994,578,48,0,0.01
1211,500,-8.024967694575231,24.702,25.846,572,45,0,0.01
1212,500,18.771401751011897,21.518,22.64,561,47,0,0.01
1213,500,-1.9253290482184808,25.63,26.812,591,47,0,0.01
1214,500,35.39458123156295,21.98,23.174,597,46,0,0.01
1215,500,1.3601983560244184,25.31,26.506,598,50,0,0.01
1216,500,-38.59336463085624,29.208,30.394,593,46,0,0.01
1217,500,27.110380078827557,21.146,22.298,576,49,0,0.01
1218,500,13.17027353474353,23.096,24.282,593,52,0,0.01
1219,500,3.1791850575687786,24.844,26.02,588,49,0,0.01
1220,500,22.719383245006824,23.872,25.094,611,48,0,0.01
1221,500,25.145526296693426,20.418,21.532,557,47,0,0.01
1222,500,12.592262788304648,23.062,24.202,570,45,0,0.01
1223,500,10.637852276895213,22.218,23.348,565,48,0,0.01
1224,500,21.97913448705895,20.954,22.084,565,49,0,0.01
1225,500,26.429275595779202,22.188,23.378,595,51,0,0.01
1226,500,20.989483963304448,19.888,20.944,528,47,0,0.01
1227,500,28.734637166933084,18.84,19.918,539,49,0,0.01
1228,500,27.610132578222174,20.426,21.582,578,55,0,0.01
1229,500,-30.71236768304085,27.71,28.838,564,46,0,0.01
1230,500,19.564605287974096,22.042,23.162,560,44,0,0.01
1231,500,9.662678651148013,21.396,22.492,548,47,0,0.01
1232,500,15.320195406318195,25.586,26.822,618,47,0,0.01
1233,500,13.588198061850807,22.362,23.49,564,47,0,0.01
1234,500,-14.404769963733822,27.83,29.034,602,46,0,0.01
1235,500,-5.7534532862999805,25.182,26.32,569,45,0,0.01
1236,500,26.396802721439578,21.05,22.198,574,51,0,0.01
1237,500,29.57422398760219,20.286,21.402,558,49,0,0.01
1238,190,-48.47236300987809,31.16315789473684,32.294736842105266,215,20,1,0.01
1239,500,-8.584715093138522,25.034,26.198,582,49,0,0.01
1240,500,-13.83702044202532,24.414,25.544,565,52,0,0.01
1241,500,29.577300501364377,20.236,21.386,575,52,0,0.01
1242,500,28.041422686724548,19.926,21.04,557,48,0,0.01
1243,500,15.60159441922601,22.394,23.558,582,49,0,0.01
1244,500,-16.27513036659704,27.174,28.334,580,45,0,0.01
1245,500,5.853436512455563,23.074,24.202,564,48,0,0.01
1246,500,27.22971009101127,20.354,21.46,553,45,0,0.01
1247,500,35.01110389125763,22.748,23.978,615,50,0,0.01
1248,500,32.974772433238336,21.352,22.52,584,46,0,0.01
1249,500,-7.017384536178545,24.984,26.134,575,45,0,0.01
1250,500,37.69614756072721,20.024,21.17,573,45,0,0.01
1251,500,32.07710461725027,19.788,20.922,567,48,0,0.01
1252,500,4.295809160516211,24.07,25.214,572,46,0,0.01
1253,500,6.491976727375291,23.124,24.244,560,46,0,0.01
1254,500,12.521259273118996,23.336,24.496,580,49,0,0.01
1255,500,12.060121596771811,24.696,25.87,587,46,0,0.01
1256,500,-13.023115019494556,25.83,26.938,554,43,0,0.01
1257,500,20.951467051259463,20.554,21.632,539,46,0,0.01
1258,500,-2.316689807364778,24.218,25.338,560,48,0,0.01
1259,500,6.956593590755179,23.652,24.778,563,44,0,0.01
1260,500,36.34779592096777,20.176,21.318,571,47,0,0.01
1261,500,4.682332238603519,23.406,24.552,573,49,0,0.01
1262,500,12.40103076629742,20.398,21.484,543,50,0,0.01
1263,500,3.8890586807509773,25.354,26.526,586,45,0,0.01
1264,500,13.591037656858699,22.096,23.234,569,48,0,0.01
1265,500,-7.1196481658389565,22.584,23.67,543,47,0,0.01
1266,500,5.8844886944263015,23.332,24.468,568,47,0,0.01
1267,500,-9.207772936307903,22.316,23.392,538,47,0,0.01
1268,500,11.192095205854462,21.902,23.042,570,52,0,0.01
1269,500,10.85998863379049,20.82,21.906,543,48,0,0.01
1270,500,15.443742881508706,23.594,24.772,589,48,0,0.01
1271,500,-4.016355612037785,24.936,26.104,584,46,0,0.01
1272,500,-9.27850485410822,27.254,28.462,604,45,0,0.01
1273,500,-18.861115219504253,26.362,27.556,597,49,0,0.01
1274,500,16.883119295357577,22.118,23.252,567,46,0,0.01
1275,500,-0.7374747699912054,24.816,25.988,586,50,0,0.01
1276,500,23.27037250368004,21.016,22.144,564,46,0,0.01
1277,500,-4.386661142140997,28.046,29.294,624,45,0,0.01
1278,500,7.709081308827378,21.244,22.294,525,45,0,0.01
1279,500,-10.779504791998734,25.066,26.222,578,49,0,0.01
1280,500,20.250442429368917,20.55,21.652,551,45,0,0.01
1281,500,5.876123789303162,23.26,24.396,568,44,0,0.01
1282,500,-0.3720326509285301,25.412,26.596,592,48,0,0.01
1283,500,27.040567339647968,18.504,19.558,527,48,0,0.01
1284,500,1.8340958802166405,26.022,27.208,593,46,0,0.01
1285,500,11.256904335684549,21.43,22.488,529,44,0,0.01
1286,500,8.701776103825093,20.938,22.018,540,47,0,0.01
1287,500,33.431897322814166,20.066,21.188,561,47,0,0.01
1288,500,-11.25453415012317,24.48,25.608,564,46,0,0.01
1289,500,34.958503591954006,19.188,20.268,540,44,0,0.01
1290,500,10.600301056619664,25.95,27.182,616,46,0,0.01
1291,500,23.168193056221,20.708,21.832,562,47,0,0.01
1292,500,25.647914038051766,21.088,22.246,579,49,0,0.01
1293,500,-3.427303360680865,26.75,27.988,619,46,0,0.01
1294,500,21.707804237698998,19.456,20.548,546,52,0,0.01
1295,500,8.88953072852958,23.74,24.912,586,48,0,0.01
1296,500,11.678011542614152,24.118,25.288,585,44,0,0.01
1297,500,1.1178723758226763,23.574,24.722,574,48,0,0.01
1298,500,-25.097833173928237,25.564,26.686,561,49,0,0.01
1299,500,3.7200089989116853,22.068,23.164,548,48,0,0.01
1300,500,-0.14765428683645976,22.972,24.068,548,45,0,0.01
1301,500,19.899160010008874,22.492,23.63,569,43,0,0.01
1302,500,28.784612482933102,21.012,22.172,580,47,0,0.01
1303,500,18.626082431471914,22.906,24.076,585,47,0,0.01
1304,500,11.189872249439027,21.332,22.448,558,52,0,0.01
1305,500,34.75975533270018,21.988,23.186,599,48,0,0.01
1306,500,23.040448635343836,23.744,24.962,609,49,0,0.01
1307,500,23.593044211840017,22.294,23.456,581,46,0,0.01
1308,500,-4.414976315704246,28.122,29.342,610,43,0,0.01
1309,500,33.20026243713355,19.432,20.532,550,48,0,0.01
1310,500,-17.70798396855233,28.106,29.314,604,46,0,0.01
1311,500,14.495030934087458,21.132,22.24,554,48,0,0.01
1312,500,16.648565355275252,24.716,25.94,612,46,0,0.01
1313,500,19.23719001642536,20.152,21.274,561,57,0,0.01
1314,500,29.345059235751336,20.4,21.534,567,48,0,0.01
1315,500,6.663790290951277,21.948,23.048,550,48,0,0.01
1316,500,-4.129368631910951,25.324,26.51,593,45,0,0.01
1317,500,-5.635139329710538,26.83,28.07,620,48,0,0.01
1318,500,26.457752944398845,19.742,20.826,542,49,0,0.01
1319,500,21.732592833580348,22.404,23.576,586,51,0,0.01
1320,500,4.561272481485277,23.018,24.132,557,44,0,0.01
1321,500,24.99818837378222,19.58,20.688,554,52,0,0.01
1322,500,-18.68427102383271,24.698,25.814,558,47,0,0.01
1323,500,3.196163511768073,26.722,27.956,617,44,0,0.01
1324,500,27.373951802996825,21.754,22.948,597,52,0,0.01
1325,500,11.838579571418954,23.348,24.49,571,46,0,0.01
1326,500,16.33375361555872,22.722,23.872,575,47,0,0.01
1327,500,0.5132677318249879,26.92,28.108,594,41,0,0.01
1328,500,8.63396324042651,22.644,23.744,550,46,0,0.01
1329,500,-18.591352863213544,23.72,24.784,532,47,0,0.01
1330,500,7.081297319848878,26.06,27.242,591,40,0,0.01
1331,500,11.029685730202374,23.076,24.24,582,50,0,0.01
1332,500,14.417269154792761,23.27,24.422,576,46,0,0.01
1333,500,11.256536341045168,23.94,25.1,580,44,0,0.01
1334,500,-1.6788800458713824,24.172,25.308,568,47,0,0.01
1335,500,21.070449586123836,22.116,23.274,579,50,0,0.01
1336,500,17.6837200420713,21.872,23.018,573,47,0,0.01
1337,500,11.343619492601157,21.204,22.336,566,50,0,0.01
1338,500,20.73615408989326,23.812,25.028,608,50,0,0.01
1339,500,14.845069817602553,20.9,22.008,554,52,0,0.01
1340,500,34.39813923160719,19.826,20.954,564,49,0,0.01
1341,500,9.804420919862526,23.778,24.958,590,47,0,0.01
1342,500,17.470111908703185,21.978,23.1,561,43,0,0.01
1343,500,4.5862343312396225,23.974,25.136,581,46,0,0.01
1344,500,12.465585069939696,22.268,23.412,572,52,0,0.01
1345,500,-3.0698185840005117,22.976,24.09,557,50,0,0.01
1346,500,-21.861753841955597,25.83,26.956,563,45,0,0.01
1347,500,9.163286820810372,22.656,23.788,566,47,0,0.01
1348,500,16.632152569559345,22.862,23.97,554,42,0,0.01
1349,500,22.9584519754627,18.976,20.046,535,50,0,0.01
1350,500,18.91399464399552,20.268,21.35,541,48,0,0.01
1351,500,5.540282383862213,22.216,23.308,546,44,0,0.01
1352,500,-12.063582194431435,24.568,25.692,562,48,0,0.01
1353,500,-17.37412453145879,22.184,23.184,500,46,0,0.01
1354,500,10.997532813470652,23.3,24.41,555,42,0,0.01
1355,500,1.4613796553229121,25.5,26.684,592,44,0,0.01
1356,500,23.986616202202928,22.818,24.002,592,46,0,0.01
1357,500,12.02131056641921,23.058,24.222,582,47,0,0.01
1358,500,25.305271544131653,20.094,21.176,541,46,0,0.01
1359,500,14.336284158001005,22.144,23.266,561,44,0,0.01
1360,500,8.37828161429854,20.106,21.148,521,44,0,0.01
1361,500,25.929591973927284,19.47,20.546,538,47,0,0.01
1362,500,15.231328134033054,23.246,24.44,597,47,0,0.01
1363,500,9.275109064677453,25.224,26.436,606,45,0,0.01
1364,500,15.391865710048876,23.2,24.336,568,43,0,0.01
1365,500,10.405829202446272,24.74,25.932,596,47,0,0.01
1366,500,29.382328756509875,23.826,25.064,619,48,0,0.01
1367,500,12.512267147552231,23.608,24.804,598,51,0,0.01
1368,500,15.1203410431136,22.73,23.894,582,51,0,0.01
1369,500,-0.3437479301543169,26.06,27.242,591,44,0,0.01
1370,500,29.273366624970798,20.856,22.038,591,55,0,0.01
1371,500,33.32945164715953,21.212,22.372,580,49,0,0.01
1372,107,-44.97009462631759,28.570093457943926,29.44859813084112,94,10,1,0.01
1373,500,18.563589878762045,25.566,26.794,614,43,0,0.01
1374,500,20.28846080795273,21.4,22.542,571,45,0,0.01
1375,500,26.52878723556457,19.294,20.364,535,45,0,0.01
1376,500,10.526179346649462,25.466,26.694,614,47,0,0.01
1377,500,25.776165508529637,21.396,22.544,574,48,0,0.01
1378,500,28.585952475194265,19.292,20.378,543,48,0,0.01
1379,500,20.85254127408647,22.826,23.984,579,45,0,0.01
1380,500,-7.993298550820878,24.634,25.768,567,47,0,0.01
1381,500,16.18672685813417,24.8,26.002,601,47,0,0.01
1382,500,16.049162161133975,22.476,23.63,577,45,0,0.01
1383,500,26.314338736587366,22.934,24.126,596,48,0,0.01
1384,500,14.876976203302213,21.618,22.706,544,46,0,0.01
1385,500,2.177506605934431,23.338,24.464,563,48,0,0.01
1386,500,19.38520970934905,23.878,25.11,616,51,0,0.01
1387,500,1.3429398355097062,20.912,21.964,526,50,0,0.01
1388,500,18.89848149626505,23.13,24.292,581,48,0,0.01
1389,500,25.447951552394187,23.928,25.174,623,52,0,0.01
1390,500,-15.574394926334287,25.662,26.806,572,50,0,0.01
1391,500,19.212570108137804,21.958,23.086,564,46,0,0.01
1392,500,-17.024195883317653,25.112,26.218,553,46,0,0.01
1393,500,-8.017700914326634,27.718,28.974,628,47,0,0.01
1394,500,11.523442338241917,25.128,26.378,625,50,0,0.01
1395,500,33.180572537845414,22.712,23.936,612,49,0,0.01
1396,500,22.057084004728704,21.918,23.042,562,44,0,0.01
1397,500,9.928389795913601,21.562,22.626,532,43,0,0.01
1398,500,5.431480147795597,25.554,26.746,596,42,0,0.01
1399,500,28.04537750099555,24.292,25.522,615,44,0,0.01
1400,500,-3.8058371841694436,21.946,22.958,506,41,0,0.01
1401,500,14.545078707089928,23.938,25.124,593,46,0,0.01
1402,500,10.515725494073644,25.07,26.302,616,52,0,0.01
1403,500,32.95382337025538,20.302,21.464,581,50,0,0.01
1404,500,32.01660803767058,22.174,23.402,614,52,0,0.01
1405,500,3.058609396619044,24.83,26.024,597,48,0,0.01
1406,500,21.621730636311273,23.258,24.462,602,48,0,0.01
1407,500,6.416796783823069,24.346,25.516,585,49,0,0.01
1408,500,0.07776472659506739,21.934,23.028,547,46,0,0.01
1409,500,8.479146858640075,23.516,24.66,572,46,0,0.01
1410,500,-5.752288563466619,27.478,28.684,603,43,0,0.01
1411,500,29.90135186725305,22.666,23.856,595,45,0,0.01
1412,500,14.28875145611935,24.416,25.62,602,48,0,0.01
1413,500,3.553527794414406,26.146,27.37,612,48,0,0.01
1414,500,17.317003611183512,23.2,24.344,572,43,0,0.01
1415,500,-1.9231075583418336,24.704,25.838,567,44,0,0.01
1416,500,33.17541554556072,20.374,21.502,564,49,0,0.01
1417,500,27.142030171800588,22.71,23.91,600,50,0,0.01
1418,500,15.3262631082935,22.448,23.596,574,45,0,0.01
1419,500,7.5204039260423965,21.93,23.022,546,49,0,0.01
1420,500,12.430817105373254,20.476,21.534,529,46,0,0.01
1421,500,7.021386279690398,27.274,28.534,630,43,0,0.01
1422,500,8.41572503531229,22.6,23.686,543,43,0,0.01
1423,500,9.351881811123931,21.904,22.992,544,45,0,0.01
1424,500,-11.857514395089996,25.99,27.19,600,49,0,0.01
1425,500,21.139809005115062,24.21,25.422,606,47,0,0.01
1426,500,-36.56156994706943,31.542,32.766,612,41,0,0.01
1427,500,7.13363660361838,25.468,26.656,594,42,0,0.01
1428,500,-2.009617542057693,23.73,24.85,560,46,0,0.01
1429,500,17.367513173304545,24.47,25.68,605,44,0,0.01
1430,500,-32.53758898442424,28.666,29.834,584,46,0,0.01
1431,500,22.813586299302248,21.462,22.6,569,48,0,0.01
1432,500,-15.626311989086615,26.466,27.646,590,50,0,0.01
1433,500,0.8654125006530202,22.784,23.886,551,47,0,0.01
1434,500,12.982087896900671,21.636,22.758,561,52,0,0.01
1435,500,-0.6492690735896115,23.662,24.77,554,45,0,0.01
1436,500,-8.82478669456249,24.734,25.862,564,47,0,0.01
1437,500,23.55252606679403,21.876,23.018,571,45,0,0.01
1438,500,5.674862571849504,23.518,24.666,574,49,0,0.01
1439,500,15.748439130656342,23.862,25.076,607,49,0,0.01
1440,500,26.154705514253035,22.164,23.32,578,46,0,0.01
1441,500,12.654705514253045,22.228,23.352,562,44,0,0.01
1442,500,-13.712534580904595,24.954,26.068,557,51,0,0.01
1443,500,5.2262450652896515,23.078,24.224,573,50,0,0.01
1444,500,27.060529979669052,20.854,21.982,564,46,0,0.01
1445,500,9.776518031847543,24.654,25.832,589,45,0,0.01
1446,500,13.164090551395674,23.806,25.018,606,53,0,0.01
1447,500,15.686314249394806,23.482,24.666,592,47,0,0.01
1448,500,11.7843158019485,23.238,24.386,574,46,0,0.01
1449,500,32.244372614472596,21.064,22.244,590,52,0,0.01
1450,500,19.954732769935458,25.106,26.326,610,45,0,0.01
1451,500,-27.028875458634154,27.318,28.462,572,48,0,0.01
1452,500,1.8156360018447124,24.108,25.26,576,45,0,0.01
1453,500,26.753529524982188,20.936,22.078,571,48,0,0.01
1454,500,-0.2396772090865431,24.138,25.286,574,48,0,0.01
1455,500,-31.587614450376737,27.786,28.93,572,45,0,0.01
1456,500,-16.675505558360122,24.124,25.196,536,47,0,0.01
1457,500,-22.573061839098212,32.19,33.498,654,42,0,0.01
1458,500,22.936312459664965,21.432,22.57,569,45,0,0.01
1459,500,11.437712957904875,22.994,24.13,568,46,0,0.01
1460,500,-8.906108263631262,26.964,28.162,599,49,0,0.01
1461,500,-9.017889472858254,24.184,25.3,558,47,0,0.01
1462,500,38.02253358494413,21.34,22.526,593,49,0,0.01
1463,500,3.308970065675971,25.374,26.606,616,53,0,0.01
1464,500,19.348950708332218,23.108,24.278,585,47,0,0.01
1465,500,5.098241418608316,24.008,25.152,572,45,0,0.01
1466,500,17.578743823974392,23.624,24.822,599,48,0,0.01
1467,500,2.166631675689106,23.716,24.88,582,52,0,0.01
1468,500,13.626781462535757,22.136,23.294,579,50,0,0.01
1469,500,16.373057211009915,22.65,23.804,577,49,0,0.01
1470,500,23.196601527297886,21.68,22.818,569,47,0,0.01
1471,500,-13.241836500620709,25.828,26.982,577,47,0,0.01
1472,500,7.400932902504594,26.076,27.304,614,45,0,0.01
1473,500,15.461910321984114,20.47,21.56,545,49,0,0.01
1474,500,20.357552532209606,23.412,24.598,593,48,0,0.01
1475,500,25.405990407929306,20.72,21.85,565,49,0,0.01
1476,500,4.2600152048865745,25.306,26.496,595,45,0,0.01
1477,500,38.913604342306144,20.788,21.95,581,47,0,0.01
1478,500,34.40242035949516,20.874,22.026,576,45,0,0.01
1479,500,-13.24393570673341,25.602,26.738,568,47,0,0.01
1480,500,36.002234372645916,22.414,23.592,589,43,0,0.01
1481,500,-24.995583059196544,24.48,25.544,532,47,0,0.01
1482,226,-50.74426707346046,28.721238938053098,29.756637168141594,234,23,1,0.01
1483,500,13.97692211249469,20.888,21.966,539,47,0,0.01
1484,500,33.839441597695796,20.556,21.696,570,48,0,0.01
1485,500,23.74616488094072,23.57,24.756,593,45,0,0.01
1486,500,17.061457783748185,22.954,24.116,581,46,0,0.01
1487,500,1.6349112386345768,24.086,25.244,579,48,0,0.01
1488,500,-14.281007876839098,24.164,25.262,549,44,0,0.01
1489,500,5.026899218224551,25.122,26.322,600,46,0,0.01
1490,500,40.80636380996251,21.684,22.874,595,46,0,0.01
1491,500,30.93773315203384,22.28,23.468,594,46,0,0.01
1492,500,-1.2069996585115452,24.174,25.308,567,47,0,0.01
1493,500,6.613519114123291,22.41,23.53,560,48,0,0.01
1494,500,9.106511559678948,21.52,22.614,547,47,0,0.01
1495,500,25.695687238147492,23.104,24.31,603,45,0,0.01
1496,500,11.016906011419628,22.2,23.318,559,49,0,0.01
1497,500,11.569934390784095,21.434,22.526,546,46,0,0.01
1498,500,-1.9538283806969723,26.676,27.898,611,50,0,0.01
1499,500,41.06876201917713,21.59,22.804,607,46,0,0.01
1500,500,12.114340428951131,20.436,21.504,534,50,0,0.01
1501,500,-7.481621356529058,23.934,25.026,546,44,0,0.01
1502,500,12.075110757041195,22.678,23.79,556,43,0,0.01
1503,500,19.7253066793594,20.498,21.626,564,50,0,0.01
1504,500,13.516146571743123,24.324,25.508,592,45,0,0.01
1505,500,2.393617762033349,26.362,27.602,620,49,0,0.01
1506,500,-17.377667226844423,29.852,31.096,622,44,0,0.01
1507,500,21.418688057431787,22.096,23.238,571,46,0,0.01
1508,500,12.594300119266027,23.086,24.256,585,51,0,0.01
1509,500,-4.35870957071237,24.378,25.5,561,47,0,0.01
1510,500,26.134270180071105,20.348,21.468,560,49,0,0.01
1511,500,5.005816469470022,24.316,25.488,586,48,0,0.01
1512,500,7.060561402031427,21.82,22.886,533,42,0,0.01
1513,500,7.464925930168322,21.88,22.938,529,44,0,0.01
1514,500,16.725442801243137,23.352,24.526,587,49,0,0.01
1515,500,32.601891423401746,20.698,21.86,581,48,0,0.01
1516,500,-0.5951894630344294,24.762,25.922,580,46,0,0.01
1517,500,6.380334573109702,26.198,27.422,612,45,0,0.01
1518,500,18.325895436845215,25.436,26.698,631,51,0,0.01
1519,500,17.68683677031704,21.134,22.232,549,47,0,0.01
1520,500,21.889991374300386,21.186,22.286,550,46,0,0.01
1521,500,14.980371666894865,23.912,25.092,590,47,0,0.01
1522,500,6.914461802303759,24.898,26.098,600,46,0,0.01
1523,500,17.659450544180633,24.256,25.456,600,46,0,0.01
1524,500,36.90393516953433,23.238,24.51,636,49,0,0.01
1525,500,26.119394188253175,22.278,23.458,590,46,0,0.01
1526,500,26.294221247092302,19.904,21.014,555,48,0,0.01
1527,500,15.227571316797182,21.904,23.032,564,48,0,0.01
1528,500,2.185996727899062,25.29,26.474,592,46,0,0.01
1529,500,9.517866058017624,25.638,26.86,611,42,0,0.01
1530,500,21.698032478326823,22.518,23.684,583,46,0,0.01
1531,500,21.141639870111167,23.334,24.562,614,49,0,0.01
1532,500,-1.484719033993491,22.996,24.1,552,49,0,0.01
1533,500,14.505730497538764,20.17,21.238,534,46,0,0.01
1534,500,18.210101440846838,22.73,23.878,574,47,0,0.01
1535,500,-2.8355806988751575,23.658,24.766,554,46,0,0.01
1536,500,41.980737225422104,18.208,19.31,551,50,0,0.01
1537,500,-7.8199797894835665,26.96,28.154,597,47,0,0.01
1538,500,23.487880578559093,21.494,22.646,576,48,0,0.01
1539,500,18.730916171675915,22.952,24.118,583,47,0,0.01
1540,500,35.70787783804924,21.04,22.222,591,49,0,0.01
1541,500,17.198176745949596,22.734,23.916,591,52,0,0.01
1542,500,31.52566024865878,20.05,21.186,568,49,0,0.01
1543,500,1.1451879346865206,21.864,22.962,549,46,0,0.01
1544,500,13.212562782555299,25.052,26.3,624,48,0,0.01
1545,500,15.808990259804922,24.708,25.968,630,49,0,0.01
1546,500,6.896703391107883,25.28,26.474,597,45,0,0.01
1547,500,27.69413253681585,21.91,23.088,589,48,0,0.01
1548,500,32.03660877925431,21.28,22.456,588,48,0,0.01
1549,500,5.835164372458722,24.242,25.384,571,44,0,0.01
1550,500,6.035354984749254,23.152,24.31,579,50,0,0.01
1551,500,24.87754090221221,19.992,21.094,551,47,0,0.01
1552,500,36.419075923009025,18.35,19.452,551,50,0,0.01
1553,500,30.028359155503725,23.644,24.878,617,46,0,0.01
1554,500,41.063945178629275,19.928,21.072,572,48,0,0.01
1555,500,39.16711219239785,19.91,21.072,581,50,0,0.01
1556,500,9.21323868641269,21.932,23.008,538,43,0,0.01
1557,500,45.01312917382916,20.784,21.994,605,51,0,0.01
1558,500,-22.872557781737168,25.37,26.446,538,42,0,0.01
1559,500,5.361854500608779,24.914,26.094,590,46,0,0.01
1560,500,-4.81923093165823,24.352,25.498,573,51,0,0.01
1561,500,24.104030843998057,20.26,21.346,543,47,0,0.01
1562,500,12.364507003623885,22.578,23.716,569,50,0,0.01
1563,500,12.149038049436083,24.19,25.372,591,47,0,0.01
1564,500,1.659687786126002,25.046,26.234,594,50,0,0.01
1565,500,11.705914753820224,23.752,24.92,584,48,0,0.01
1566,500,-23.004346411748124,27.614,28.764,575,42,0,0.01
1567,500,-40.18763070365071,30.466,31.654,594,45,0,0.01
1568,500,29.48189168959544,20.602,21.75,574,50,0,0.01
1569,500,-7.441153361435528,25.628,26.806,589,46,0,0.01
1570,500,1.5758338848850064,25.856,27.07,607,50,0,0.01
1571,500,9.7452611736415,25.502,26.726,612,47,0,0.01
1572,500,5.347014820623575,21.514,22.6,543,52,0,0.01
1573,500,-5.540697243739819,27.212,28.426,607,45,0,0.01
1574,500,-1.6194537482636013,21.524,22.56,518,44,0,0.01
1575,500,18.092169813982075,22.512,23.668,578,47,0,0.01
1576,500,19.63220353966838,22.01,23.158,574,48,0,0.01
1577,500,24.26828534595722,22.774,23.936,581,43,0,0.01
1578,500,6.26513816492252,24.288,25.442,577,41,0,0.01
1579,500,29.273305073010494,21.244,22.394,575,47,0,0.01
1580,500,28.163451282562093,22.162,23.36,599,49,0,0.01
1581,500,22.88357293873711,23.192,24.358,583,44,0,0.01
1582,500,5.488303445958524,22.858,23.978,560,42,0,0.01
1583,500,15.580480894491346,21.782,22.902,560,47,0,0.01
1584,500,15.092489125207731,22.786,23.972,593,51,0,0.01
1585,500,33.154631590711766,19.986,21.098,556,47,0,0.01
1586,500,3.109803331527569,20.86,21.91,525,47,0,0.01
1587,500,20.379011744533678,19.604,20.67,533,49,0,0.01
1588,500,4.351339096072773,24.91,26.06,575,43,0,0.01
1589,500,22.24599830626793,21.428,22.544,558,46,0,0.01
1590,500,23.2398270481189,23.592,24.8,604,46,0,0.01
1591,500,9.177432682393123,21.18,22.252,536,45,0,0.01
1592,500,17.11584351379144,21.342,22.466,562,53,0,0.01
1593,500,11.528730406411833,24.72,25.95,615,52,0,0.01
1594,500,4.138029433419105,24.844,26.026,591,49,0,0.01
1595,500,2.0103535668935897,23.94,25.106,583,51,0,0.01
1596,500,5.654171591323134,23.648,24.78,566,47,0,0.01
1597,500,23.573979743265514,23.184,24.386,601,45,0,0.01
1598,500,30.437507958478413,23.494,24.736,621,49,0,0.01
1599,500,18.06931889553929,23.22,24.42,600,48,0,0.01
1600,500,25.99665776923051,22.386,23.554,584,45,0,0.01
1601,500,-1.6897842855580243,26.24,27.47,615,50,0,0.01
1602,500,30.21202528016557,22.324,23.512,594,49,0,0.01
1603,500,15.36958160343718,24.878,26.096,609,44,0,0.01
1604,500,2.9063549796371975,25.982,27.184,601,45,0,0.01
1605,500,1.9980773182517413,22.356,23.444,544,49,0,0.01
1606,500,3.928607987077668,23.964,25.084,560,42,0,0.01
1607,500,20.161446517310708,24.002,25.228,613,48,0,0.01
1608,500,24.764744606964406,21.222,22.358,568,50,0,0.01
1609,500,23.678533740345216,21.18,22.308,564,50,0,0.01
1610,500,12.932126095829394,22.988,24.13,571,46,0,0.01
1611,500,28.10103933259379,22.822,24.042,610,50,0,0.01
1612,500,14.446737325990538,24.032,25.216,592,47,0,0.01
1613,500,6.288531475225335,20.024,21.096,536,52,0,0.01
1614,500,30.63231670811992,21.858,23.036,589,46,0,0.01
1615,500,20.294131852229533,23.462,24.676,607,50,0,0.01
1616,500,23.458958701872326,21.818,22.972,577,47,0,0.01
1617,500,-0.32623701956379947,24.99,26.166,588,45,0,0.01
1618,500,33.7978030207253,21.152,22.332,590,49,0,0.01
1619,500,30.487344542708183,20.322,21.456,567,48,0,0.01
1620,500,21.733034428569923,21.534,22.666,566,48,0,0.01
1621,500,32.84684059717724,21.836,23.036,600,49,0,0.01
1622,500,-6.74536372468484,27.776,29.018,621,46,0,0.01
1623,500,31.602138924007146,21.39,22.562,586,48,0,0.01
1624,500,-29.655838455975946,29.65,30.878,614,49,0,0.01
1625,500,17.403573357129726,21.76,22.892,566,48,0,0.01
1626,500,20.5169042216897,20.146,21.22,537,46,0,0.01
1627,323,-34.63157808050905,27.554179566563466,28.693498452012385,368,30,1,0.01
1628,500,9.413542790345893,21.244,22.34,548,49,0,0.01
1629,500,23.159211512505358,21.432,22.59,579,51,0,0.01
1630,500,26.337538275697153,20.818,21.936,559,48,0,0.01
1631,500,25.3095731893397,21.006,22.126,560,46,0,0.01
1632,500,16.29922582601521,24.668,25.886,609,47,0,0.01
1633,500,30.481592895689847,20.22,21.338,559,46,0,0.01
1634,500,15.074801381284438,21.796,22.904,554,45,0,0.01
1635,500,28.205952209000568,19.392,20.49,549,48,0,0.01
1636,500,19.0695426225559,20.478,21.568,545,48,0,0.01
1637,500,8.078651172842896,23.664,24.834,585,48,0,0.01
1638,500,29.441785830097707,20.984,22.138,577,49,0,0.01
1639,500,6.408265304027202,22.136,23.234,549,45,0,0.01
1640,500,0.14879233856055163,25.576,26.78,602,48,0,0.01
1641,500,21.391454891039405,23.892,25.076,592,42,0,0.01
1642,500,26.938112871872004,21.244,22.386,571,45,0,0.01
1643,500,24.392482025450192,21.798,22.952,577,46,0,0.01
1644,500,12.591838454366451,20.294,21.348,527,44,0,0.01
1645,500,21.69227057264846,22.454,23.612,579,48,0,0.01
1646,500,16.509991108106725,21.306,22.408,551,46,0,0.01
1647,500,23.043831591785153,21.572,22.69,559,44,0,0.01
1648,500,19.840616902380308,23.36,24.538,589,48,0,0.01
1649,500,39.25203490907201,17.846,18.926,540,50,0,0.01
1650,500,32.083105554603904,22.624,23.834,605,47,0,0.01
1651,500,1.1665598650688285,24.166,25.294,564,44,0,0.01
1652,500,27.2766583968194,20.22,21.346,563,47,0,0.01
1653,500,8.743520846855816,23.814,24.99,588,48,0,0.01
1654,500,20.97539997687307,21.546,22.66,557,47,0,0.01
1655,500,4.462121833947966,27.042,28.272,615,42,0,0.01
1656,500,-5.344613859082102,24.202,25.318,558,42,0,0.01
1657,500,-0.41436325657156425,23.178,24.296,559,50,0,0.01
1658,500,31.34690100578977,20.518,21.646,564,46,0,0.01
1659,500,30.48965900690736,19.914,21.0,543,45,0,0.01
1660,500,14.201282892344196,21.556,22.686,565,50,0,0.01
1661,500,8.946079329566757,24.602,25.79,594,46,0,0.01
1662,500,2.9553065841578663,22.524,23.64,558,49,0,0.01
1663,500,7.8136690149648045,22.098,23.204,553,48,0,0.01
1664,500,37.44779198011275,18.182,19.242,530,43,0,0.01
1665,500,28.12301731971744,23.836,25.074,619,47,0,0.01
1666,500,14.477562524675932,23.466,24.66,597,50,0,0.01
1667,500,7.929348052781737,22.906,24.05,572,49,0,0.01
1668,500,24.16740137402561,21.506,22.62,557,42,0,0.01
1669,500,14.381059657346222,20.164,21.216,526,45,0,0.01
1670,500,10.053936823694004,23.388,24.526,569,46,0,0.01
1671,500,19.949626747759808,21.948,23.096,574,47,0,0.01
1672,500,-6.266128628752499,25.744,26.918,587,47,0,0.01
1673,500,-1.4230166969402611,22.654,23.75,548,47,0,0.01
1674,500,24.724834631580748,22.072,23.22,574,47,0,0.01
1675,500,-6.524121959776355,27.25,28.42,585,39,0,0.01
1676,500,18.03646483482262,21.638,22.762,562,46,0,0.01
1677,500,23.70703307282371,20.134,21.222,544,47,0,0.01
1678,500,-2.8851818308894908,25.55,26.718,584,46,0,0.01
1679,500,6.862255060958235,24.26,25.4,570,45,0,0.01
1680,500,7.21582231188506,23.07,24.196,563,45,0,0.01
1681,500,16.874722147715545,20.704,21.77,533,44,0,0.01
1682,500,-21.4466381338762,25.148,26.232,542,47,0,0.01
1683,500,3.352347502893431,24.994,26.15,578,44,0,0.01
1684,500,15.739847888630127,24.046,25.224,589,42,0,0.01
1685,500,13.878214203294615,25.008,26.248,620,47,0,0.01
1686,338,-12.158083552778448,23.60355029585799,24.784023668639055,399,36,1,0.01
1687,500,22.437320866485553,21.504,22.654,575,48,0,0.01
1688,500,15.314574188802842,21.698,22.82,561,47,0,0.01
1689,500,14.713023428326155,22.534,23.692,579,48,0,0.01
1690,500,-2.298424669759289,26.69,27.894,602,44,0,0.01
1691,500,-26.95930321766848,25.692,26.794,551,45,0,0.01
1692,500,41.79312133248782,20.75,21.95,600,48,0,0.01
1693,500,5.503717263357298,24.098,25.248,575,46,0,0.01
1694,500,-7.995769007841734,23.376,24.474,549,47,0,0.01
1695,500,10.562024595579283,23.92,25.122,601,52,0,0.01
1696,500,-2.435051304020403,26.308,27.55,621,54,0,0.01
1697,500,-6.221167827144347,23.74,24.872,566,52,0,0.01
1698,500,7.622944042558398,22.818,23.934,558,46,0,0.01
1699,500,18.119527053868257,21.61,22.706,548,45,0,0.01
1700,500,16.603807440172545,23.568,24.732,582,43,0,0.01
1701,500,16.953093886402478,21.88,22.982,551,41,0,0.01
1702,500,6.948549786587606,25.888,27.098,605,42,0,0.01
1703,500,18.201199033333996,19.998,21.052,527,45,0,0.01
1704,500,13.564205050815769,23.234,24.376,571,45,0,0.01
1705,500,15.837211638889036,23.658,24.856,599,48,0,0.01
1706,500,30.16122832614667,21.564,22.752,594,53,0,0.01
1707,500,-19.434250183321474,25.12,26.222,551,44,0,0.01
1708,500,17.971986244451617,23.944,25.126,591,44,0,0.01
1709,500,21.113242304076557,23.364,24.552,594,45,0,0.01
1710,500,12.063783973146263,24.004,25.182,589,46,0,0.01
1711,500,8.350020990304243,23.394,24.558,582,50,0,0.01
1712,500,28.9948159991921,22.248,23.432,592,47,0,0.01
1713,500,26.222582365724033,23.196,24.374,589,44,0,0.01
1714,500,16.692528331913906,23.104,24.266,581,48,0,0.01
1715,500,21.263487232999566,18.982,20.014,516,44,0,0.01
1716,500,10.958741157090529,20.56,21.588,514,42,0,0.01
1717,500,-6.478719886369783,23.846,24.948,551,43,0,0.01
1718,500,12.16247576464259,24.508,25.726,609,51,0,0.01
1719,500,-31.660809822806637,27.846,28.978,566,47,0,0.01
1720,500,27.805262752010393,21.668,22.81,571,43,0,0.01
1721,500,24.850297477159806,21.826,22.978,576,47,0,0.01
1722,500,27.652227731649816,23.98,25.23,625,46,0,0.01
1723,500,10.1045361038689,21.634,22.718,542,47,0,0.01
1724,500,50.83153147929984,22.5,23.77,635,44,0,0.01
1725,500,24.043771183172602,22.902,24.086,592,45,0,0.01
1726,500,23.657721942593746,23.998,25.228,615,46,0,0.01
1727,500,32.375884757627894,20.372,21.498,563,45,0,0.01
1728,500,8.914410509003574,25.18,26.374,597,46,0,0.01
1729,500,11.231883220665308,22.774,23.934,580,48,0,0.01
1730,500,-0.2735056443750157,25.844,27.034,595,45,0,0.01
1731,500,18.00288211040965,21.946,23.096,575,54,0,0.01
1732,500,2.022061537165538,23.078,24.202,562,46,0,0.01
1733,500,32.873295273111815,23.796,25.078,641,50,0,0.01
1734,500,22.078393413577512,22.998,24.172,587,44,0,0.01
1735,500,26.974844890240803,22.01,23.162,576,46,0,0.01
1736,500,30.312599876340467,22.742,23.958,608,48,0,0.01
1737,500,-21.785592688103062,28.934,30.118,592,41,0,0.01
1738,500,12.782568149580326,24.632,25.858,613,45,0,0.01
1739,500,-13.138547203088288,24.65,25.76,555,46,0,0.01
1740,500,19.446386592402522,22.864,24.044,590,47,0,0.01
1741,500,20.786743111408146,22.136,23.286,575,47,0,0.01
1742,500,10.24884148073563,25.262,26.48,609,49,0,0.01
1743,500,10.057721483832447,21.504,22.6,548,51,0,0.01
1744,500,24.651956780646678,20.388,21.492,552,48,0,0.01
1745,500,19.72266329165668,21.762,22.872,555,45,0,0.01
1746,500,-7.506181502586287,23.286,24.378,546,48,0,0.01
1747,500,5.971091329273666,24.294,25.458,582,47,0,0.01
1748,500,-19.090930319005242,24.434,25.54,553,53,0,0.01
1749,500,0.21967242663465902,25.488,26.652,582,42,0,0.01
1750,500,18.75098840068878,21.082,22.244,581,53,0,0.01
1751,500,7.650374559603646,22.986,24.138,576,51,0,0.01
1752,500,-3.1488377372600427,22.85,23.916,533,44,0,0.01
1753,500,16.16892350964725,20.832,21.918,543,46,0,0.01
1754,500,14.807145879880077,22.124,23.234,555,43,0,0.01
1755,500,24.930510985885178,23.088,24.286,599,50,0,0.01
1756,500,13.259829579432552,24.744,25.948,602,47,0,0.01
1757,500,6.968610613592778,23.07,24.208,569,51,0,0.01
1758,500,-12.094139698382477,25.176,26.32,572,47,0,0.01
1759,500,-6.759338122124535,25.234,26.446,606,50,0,0.01
1760,500,-36.6502753674892,26.262,27.344,541,47,0,0.01
1761,500,19.20903262541361,23.98,25.186,603,47,0,0.01
1762,500,31.584215404677266,21.13,22.296,583,49,0,0.01
1763,500,28.52997247571803,21.446,22.602,578,47,0,0.01
1764,500,8.222787041959378,22.122,23.23,554,51,0,0.01
1765,500,14.891104157451386,22.74,23.912,586,48,0,0.01
1766,500,13.122235572990984,24.09,25.312,611,48,0,0.01
1767,500,27.077413993007035,20.658,21.802,572,50,0,0.01
1768,500,12.599835364850186,22.876,24.032,578,47,0,0.01
1769,500,19.34779771069767,22.27,23.436,583,48,0,0.01
1770,500,-9.467154393990679,24.734,25.866,566,51,0,0.01
1771,500,-0.3987955592722463,23.588,24.746,579,46,0,0.01
1772,500,9.541287534414145,18.718,19.716,499,49,0,0.01
1773,500,5.04461545143263,24.006,25.118,556,42,0,0.01
1774,500,12.402576998698999,23.648,24.832,592,52,0,0.01
1775,500,15.055955103874036,25.044,26.27,613,47,0,0.01
1776,500,5.314244942108252,22.044,23.104,530,45,0,0.01
1777,500,6.930655576699078,23.918,25.076,579,48,0,0.01
1778,500,-9.53043080634799,25.012,26.182,585,53,0,0.01
1779,500,5.179089150168624,21.326,22.362,518,43,0,0.01
1780,500,19.287464772713175,23.802,24.99,594,47,0,0.01
1781,500,12.855690244851122,23.462,24.624,581,44,0,0.01
1782,500,23.980154942269543,23.014,24.206,596,47,0,0.01
1783,500,-39.052550624982345,26.984,28.092,554,51,0,0.01
1784,500,2.7056485256246434,25.262,26.444,591,45,0,0.01
1785,500,-12.27617866471016,28.296,29.524,614,45,0,0.01
1786,500,16.93355704685836,23.794,24.98,593,47,0,0.01
1787,500,18.447252198139154,24.236,25.474,619,47,0,0.01
1788,500,5.87081406046559,22.778,23.864,543,45,0,0.01
1789,500,8.556137473059445,22.044,23.146,551,47,0,0.01
1790,500,15.214023366216704,24.726,25.934,604,44,0,0.01
1791,500,16.420394351968646,20.44,21.492,526,45,0,0.01
1792,500,6.579452293541795,22.384,23.46,538,44,0,0.01
1793,500,-24.093502219278808,24.802,25.898,548,46,0,0.01
1794,500,9.249219734035128,22.738,23.834,548,41,0,0.01
1795,500,19.243210004560247,21.416,22.526,555,45,0,0.01
1796,500,17.573145236700114,22.176,23.308,566,47,0,0.01
1797,500,-22.291820608741933,25.266,26.38,557,48,0,0.01
1798,500,7.1209389541159105,24.088,25.266,589,49,0,0.01
1799,500,4.972017343622846,24.332,25.49,579,46,0,0.01
1800,500,4.933433619746776,24.028,25.17,571,45,0,0.01
1801,500,21.94541922022204,22.532,23.722,595,48,0,0.01
1802,500,22.287483500303335,21.648,22.788,570,46,0,0.01
1803,500,11.823775390221297,24.832,26.068,618,51,0,0.01
1804,500,28.3775734679223,21.84,23.008,584,46,0,0.01
1805,500,4.95442192763996,22.76,23.888,564,52,0,0.01
1806,500,13.467189598032746,21.664,22.78,558,46,0,0.01
1807,500,3.2172532629140083,23.908,25.062,577,46,0,0.01
1808,500,17.223406936820513,24.812,26.034,611,48,0,0.01
1809,500,19.915612687017305,23.108,24.304,598,50,0,0.01
1810,500,33.907974655860606,19.004,20.098,547,48,0,0.01
1811,500,17.230677463191746,20.706,21.792,543,46,0,0.01
1812,500,-1.5408465573612138,21.4,22.434,517,44,0,0.01
1813,500,31.86614524077461,24.728,26.02,646,48,0,0.01
1814,500,3.5871606687799686,24.542,25.684,571,43,0,0.01
1815,500,16.293915450795367,23.146,24.332,593,48,0,0.01
1816,500,-28.79956740873386,25.87,27.034,582,51,0,0.01
1817,500,11.601141099037621,21.842,22.964,561,49,0,0.01
1818,500,41.8341930976273,19.184,20.306,561,47,0,0.01
1819,500,11.121195246842559,23.226,24.344,559,42,0,0.01
1820,500,-11.592851225246386,27.804,29.028,612,47,0,0.01
1821,500,-2.6064573048555544,23.266,24.352,543,45,0,0.01
1822,500,20.027629025268553,24.118,25.342,612,45,0,0.01
1823,500,23.82494711544601,23.48,24.69,605,49,0,0.01
1824,500,24.491162091747732,20.864,21.984,560,48,0,0.01
1825,500,23.796300259076062,20.796,21.896,550,44,0,0.01
1826,500,24.64351127278204,22.276,23.436,580,48,0,0.01
1827,500,26.962519958185254,23.198,24.41,606,48,0,0.01
1828,240,-32.46907009468179,25.166666666666668,26.220833333333335,253,21,1,0.01
1829,500,39.772903046122295,20.354,21.496,571,45,0,0.01
1830,500,-3.5960843782124168,25.096,26.246,575,45,0,0.01
1831,500,26.110670403803013,23.652,24.87,609,46,0,0.01
1832,500,29.17196045530801,22.498,23.688,595,44,0,0.01
1833,500,19.362314823188562,21.826,22.95,562,46,0,0.01
1834,500,5.762401479706084,24.476,25.64,582,44,0,0.01
1835,500,37.13161556413505,20.056,21.21,577,46,0,0.01
1836,500,-4.803672846636688,25.86,27.026,583,47,0,0.01
1837,500,34.36123395936537,21.052,22.202,575,45,0,0.01
1838,248,-45.486405638478274,27.754032258064516,28.758064516129032,249,22,1,0.01
1839,500,-18.292002654736198,28.816,30.03,607,44,0,0.01
1840,500,25.55664240973912,22.804,23.96,578,41,0,0.01
1841,500,-0.08481946946877406,23.584,24.672,544,42,0,0.01
1842,500,3.5484015781098135,23.654,24.778,562,44,0,0.01
1843,500,11.187582205210807,26.266,27.506,620,43,0,0.01
1844,500,1.8856827267009997,23.954,25.094,570,46,0,0.01
1845,500,10.463764140412486,22.604,23.724,560,44,0,0.01
1846,500,18.57204417874798,22.104,23.216,556,44,0,0.01
1847,500,6.288844430441909,24.966,26.154,594,48,0,0.01
1848,500,-9.769359991988521,25.118,26.248,565,44,0,0.01
1849,500,26.41250507408393,22.786,23.964,589,47,0,0.01
1850,500,13.693546997394586,23.158,24.314,578,45,0,0.01
1851,500,19.061528127829682,21.024,22.142,559,47,0,0.01
1852,500,-18.107697907623002,28.06,29.28,610,47,0,0.01
1853,500,-4.019956436452086,25.28,26.456,588,46,0,0.01
1854,500,25.27715518776013,23.67,24.854,592,40,0,0.01
1855,500,8.0183372856397,23.584,24.708,562,44,0,0.01
1856,500,0.800370031528504,27.132,28.388,628,47,0,0.01
1857,500,26.71898121811863,22.998,24.204,603,48,0,0.01
1858,500,9.389560361162028,22.608,23.696,544,41,0,0.01
1859,500,22.523452920093096,25.576,26.826,625,44,0,0.01
1860,500,9.576174036621845,26.52,27.766,623,48,0,0.01
1861,500,7.86718360341883,24.274,25.442,584,46,0,0.01
1862,500,9.762205595591979,23.992,25.158,583,46,0,0.01
1863,500,10.586471249993858,24.146,25.354,604,52,0,0.01
1864,500,-9.725373241761096,26.952,28.134,591,42,0,0.01
1865,500,5.047515131861974,21.856,22.938,541,48,0,0.01
1866,500,-17.710588111344766,27.092,28.242,575,44,0,0.01
1867,500,25.803401931190724,23.162,24.378,608,48,0,0.01
1868,500,-9.273753144980445,25.212,26.362,575,41,0,0.01
1869,500,5.199905347536472,23.056,24.176,560,44,0,0.01
1870,500,0.5127624719541544,25.602,26.764,581,41,0,0.01
1871,500,-32.78621990854669,29.322,30.52,599,46,0,0.01
1872,500,25.132224380179608,22.412,23.556,572,44,0,0.01
1873,500,-14.433600979019024,26.116,27.278,581,46,0,0.01
1874,500,18.55338141387059,23.322,24.512,595,45,0,0.01
1875,500,15.128210947025938,21.466,22.586,560,46,0,0.01
1876,500,-5.137867222805704,25.48,26.652,586,44,0,0.01
1877,500,7.520601276695266,23.914,25.074,580,46,0,0.01
1878,500,11.930305166302178,23.28,24.42,570,46,0,0.01
1879,500,-0.8068737570838007,24.49,25.652,581,48,0,0.01
1880,500,15.090082656259279,24.266,25.458,596,48,0,0.01
1881,500,-2.5212841544984204,24.922,26.062,570,43,0,0.01
1882,500,16.34060485399041,21.396,22.512,558,49,0,0.01
1883,500,-1.2663450301866186,25.392,26.556,582,45,0,0.01
1884,500,15.080850355669579,20.78,21.864,542,48,0,0.01
1885,500,-0.8358472502618893,24.574,25.742,584,49,0,0.01
1886,500,11.673669682922467,23.874,25.098,612,51,0,0.01
1887,500,10.511712384111126,24.634,25.838,602,48,0,0.01
1888,462,-22.66953929963758,24.454545454545453,25.556277056277057,509,42,1,0.01
1889,500,-7.443776555009343,26.226,27.414,594,47,0,0.01
1890,500,-5.814857152638798,25.392,26.574,591,49,0,0.01
1891,500,-2.3876229784689387,22.61,23.682,536,45,0,0.01
1892,500,37.7008395076247,20.336,21.48,572,46,0,0.01
1893,500,26.881648453036156,22.454,23.65,598,50,0,0.01
1894,500,21.765199716882712,23.848,25.06,606,47,0,0.01
1895,500,17.550364985529924,21.472,22.596,562,51,0,0.01
1896,500,33.76132908481306,21.546,22.716,585,46,0,0.01
1897,500,-18.330064504072325,25.112,26.248,568,47,0,0.01
1898,500,15.884910915443472,23.504,24.702,599,49,0,0.01
1899,500,-9.803117760004435,25.412,26.532,560,44,0,0.01
1900,281,-24.259411729586102,23.423487544483987,24.487544483985765,299,26,1,0.01
1901,500,24.3822258467184,23.916,25.128,606,46,0,0.01
1902,500,-9.319970997362287,25.402,26.528,563,46,0,0.01
1903,500,19.694646588807927,21.706,22.824,559,45,0,0.01
1904,500,-20.15959738613278,25.744,26.866,561,45,0,0.01
1905,500,-15.60306051029437,25.12,26.208,544,46,0,0.01
1906,500,5.143092308033625,25.674,26.878,602,48,0,0.01
1907,500,-17.10996368840851,25.712,26.834,561,42,0,0.01
1908,500,-10.705630259442843,25.412,26.536,562,42,0,0.01
1909,500,-19.76740505349858,25.136,26.264,564,48,0,0.01
1910,500,6.8920304949917055,23.336,24.474,569,45,0,0.01
1911,500,11.787865333062568,23.204,24.324,560,42,0,0.01
1912,500,10.742306297261027,23.316,24.48,582,49,0,0.01
1913,500,-10.433765763961866,25.988,27.144,578,46,0,0.01
1914,500,9.52677367819198,22.704,23.864,580,51,0,0.01
1915,500,-15.571142722586954,26.746,27.902,578,45,0,0.01
1916,500,12.484476284641163,23.41,24.526,558,42,0,0.01
1917,500,7.645583282374461,26.816,28.06,622,46,0,0.01
1918,500,9.847602472965837,22.91,24.018,554,44,0,0.01
1919,500,11.954071517243053,22.134,23.238,552,46,0,0.01
1920,500,-16.189445277168748,26.018,27.154,568,45,0,0.01
1921,500,17.74944607093821,22.438,23.592,577,47,0,0.01
1922,500,2.690246756615813,25.97,27.192,611,46,0,0.01
1923,500,-20.387126187528228,26.084,27.202,559,46,0,0.01
1924,500,11.595504410200773,23.678,24.84,581,42,0,0.01
1925,500,20.11400174375303,21.244,22.364,560,47,0,0.01
1926,500,-6.4432302604983285,27.308,28.532,612,47,0,0.01
1927,500,14.913614924157265,21.356,22.458,551,45,0,0.01
1928,500,24.21434967983371,21.372,22.506,567,44,0,0.01
1929,500,2.104015372676564,26.052,27.258,603,44,0,0.01
1930,500,-14.144759495877482,27.054,28.244,595,46,0,0.01
1931,500,3.714828886531893,27.974,29.284,655,49,0,0.01
1932,500,22.78639416755006,22.986,24.194,604,52,0,0.01
1933,500,11.69095457980097,23.57,24.748,589,50,0,0.01
1934,500,1.347703916218564,21.368,22.408,520,45,0,0.01
1935,500,10.029233876552752,24.028,25.218,595,49,0,0.01
1936,500,10.763695165503636,21.45,22.532,541,45,0,0.01
1937,500,10.157547222181973,24.518,25.696,589,46,0,0.01
1938,500,-4.930238863088906,23.462,24.568,553,49,0,0.01
1939,500,-14.241877535260913,26.084,27.218,567,43,0,0.01
1940,500,32.0657250735164,19.928,21.036,554,44,0,0.01
1941,500,24.626164823943284,22.948,24.132,592,45,0,0.01
1942,500,16.676868803639664,23.182,24.37,594,49,0,0.01
1943,500,10.14169034325483,22.632,23.758,563,46,0,0.01
1944,500,14.393552630613334,22.63,23.756,563,43,0,0.01
1945,500,35.09562604758246,21.342,22.528,593,49,0,0.01
1946,500,26.933862843155268,20.532,21.652,560,51,0,0.01
1947,500,29.436795089294655,20.274,21.408,567,48,0,0.01
1948,500,10.530486527710124,21.262,22.348,543,48,0,0.01
1949,500,12.590235392812193,22.41,23.556,573,49,0,0.01
1950,500,24.387298656801764,24.142,25.4,629,51,0,0.01
1951,500,-13.551532282692676,26.424,27.582,579,44,0,0.01
1952,500,2.3148959361406396,25.118,26.27,576,44,0,0.01
1953,500,21.81125131778294,22.01,23.18,585,47,0,0.01
1954,500,27.476614203276736,21.49,22.642,576,46,0,0.01
1955,500,28.391822239296566,20.294,21.418,562,46,0,0.01
1956,500,27.188750350975692,20.806,21.932,563,47,0,0.01
1957,500,18.976952888474813,20.694,21.788,547,47,0,0.01
1958,500,17.007776620621396,18.66,19.678,509,43,0,0.01
1959,500,31.33895717833615,19.632,20.746,557,52,0,0.01
1960,500,32.651053073347484,22.252,23.428,588,46,0,0.01
1961,500,9.742655241119156,22.442,23.56,559,48,0,0.01
1962,500,20.962868578852238,21.814,22.984,585,49,0,0.01
1963,500,6.2414509501843956,21.938,23.02,541,43,0,0.01
1964,500,10.575840564085222,21.69,22.818,564,52,0,0.01
1965,500,20.50782970365149,20.372,21.47,549,46,0,0.01
1966,500,9.079462229010709,21.776,22.878,551,48,0,0.01
1967,500,2.9267761525081606,23.234,24.388,577,50,0,0.01
1968,500,31.53109111791267,18.374,19.428,527,48,0,0.01
1969,500,-8.997610777880148,23.254,24.36,553,49,0,0.01
1970,500,7.985999563610472,23.718,24.884,583,45,0,0.01
1971,500,34.07260887765804,20.446,21.588,571,47,0,0.01
1972,500,6.6210011524583905,24.792,25.958,583,47,0,0.01
1973,500,32.09986614083031,22.634,23.83,598,45,0,0.01
1974,500,22.68894802481971,23.308,24.494,593,48,0,0.01
1975,500,36.298615543431865,20.764,21.946,591,50,0,0.01
1976,500,-1.643495119521308,25.678,26.862,592,48,0,0.01
1977,500,12.05477833265074,20.792,21.884,546,48,0,0.01
1978,500,11.341264640144042,22.924,24.058,567,45,0,0.01
1979,500,32.30904887868762,21.292,22.458,583,45,0,0.01
1980,500,20.964782805893165,22.574,23.73,578,47,0,0.01
1981,500,26.276196607700843,21.74,22.886,573,48,0,0.01
1982,500,34.49761276982992,20.156,21.3,572,49,0,0.01
1983,500,11.973572044954478,25.49,26.694,602,43,0,0.01
1984,500,7.164142491078096,24.62,25.792,586,45,0,0.01
1985,500,21.20149082484822,23.964,25.174,605,49,0,0.01
1986,500,-2.63409461105719,21.608,22.688,540,50,0,0.01
1987,500,-4.914978105434109,26.088,27.254,583,44,0,0.01
1988,500,23.251894220909065,21.774,22.908,567,44,0,0.01
1989,500,16.532688966805456,21.924,23.042,559,48,0,0.01
1990,500,7.419822004285006,24.602,25.788,593,48,0,0.01
1991,500,48.65147171490483,18.308,19.462,577,54,0,0.01
1992,500,20.014974523327307,25.082,26.338,628,47,0,0.01
1993,500,29.266936464208626,21.428,22.6,586,50,0,0.01
1994,500,43.71128131181059,18.7,19.812,556,48,0,0.01
1995,500,1.4884275194523537,23.728,24.842,557,44,0,0.01
1996,500,5.053567362515772,24.422,25.58,579,43,0,0.01
1997,500,14.343290245906616,21.498,22.594,548,48,0,0.01
1998,500,25.285232700985382,24.252,25.502,625,48,0,0.01
1999,500,8.775691994212307,21.562,22.614,526,42,0,0.01
2000,500,26.77554886993714,22.228,23.392,582,47,0,0.01
2001,500,4.23512695548244,25.97,27.184,607,44,0,0.01
2002,500,9.236090748203157,22.17,23.298,564,51,0,0.01
2003,500,1.3950114245448142,20.278,21.306,514,50,0,0.01
2004,500,9.74350065272682,24.476,25.626,575,42,0,0.01
2005,500,11.76693711059086,22.568,23.672,552,44,0,0.01
2006,500,42.416102319038366,18.306,19.402,548,49,0,0.01
2007,500,8.293493229778203,22.946,24.084,569,50,0,0.01
2008,500,26.0420792166095,17.88,18.908,514,48,0,0.01
2009,500,41.74942523042701,21.948,23.15,601,45,0,0.01
2010,500,38.28973576616006,20.464,21.604,570,47,0,0.01
2011,500,27.98837379004,20.836,21.958,561,45,0,0.01
2012,500,17.304091349976794,23.534,24.696,581,45,0,0.01
2013,500,25.49791514319532,24.662,25.916,627,47,0,0.01
2014,500,8.473252087346598,24.152,25.356,602,49,0,0.01
2015,500,33.851592629496146,20.3,21.44,570,47,0,0.01
2016,500,11.504242717357082,24.746,25.952,603,48,0,0.01
2017,500,49.711899416941854,19.356,20.528,586,48,0,0.01
2018,500,17.049296493287834,23.268,24.428,580,47,0,0.01
2019,500,14.586368340202334,24.2,25.4,600,50,0,0.01
2020,500,22.31457386561171,21.14,22.29,575,49,0,0.01
2021,500,9.184163426790764,23.052,24.204,576,47,0,0.01
2022,500,27.073136121387698,23.172,24.402,615,50,0,0.01
2023,500,43.035155521175355,18.504,19.604,550,46,0,0.01
2024,500,-3.258875363432579,25.264,26.434,585,49,0,0.01
2025,500,17.87684366087826,22.836,23.984,574,45,0,0.01
2026,500,12.660888497600913,21.498,22.606,554,47,0,0.01
2027,500,10.152018655798058,20.598,21.686,544,52,0,0.01
2028,500,20.009321063293015,19.852,20.926,537,48,0,0.01
2029,500,12.081231865237717,21.786,22.874,544,44,0,0.01
2030,500,-13.666465885615834,30.692,31.982,645,45,0,0.01
2031,500,15.180110748726856,24.32,25.52,600,46,0,0.01
2032,500,16.869618238460955,20.102,21.14,519,45,0,0.01
2033,500,19.229350888493126,21.282,22.434,576,54,0,0.01
2034,500,16.119291278461695,22.368,23.522,577,48,0,0.01
2035,500,24.474269286288525,22.634,23.798,582,43,0,0.01
2036,500,43.159962160060545,20.842,22.014,586,44,0,0.01
2037,500,35.80846122634533,19.884,21.034,575,49,0,0.01
2038,500,9.986564585711609,22.614,23.784,585,52,0,0.01
2039,500,1.633626344958367,25.518,26.708,595,48,0,0.01
2040,500,24.050117484924485,20.768,21.888,560,49,0,0.01
2041,500,9.20757089840459,23.372,24.516,572,46,0,0.01
2042,500,13.856885743664588,25.56,26.808,624,46,0,0.01
2043,500,38.408077888843216,19.476,20.566,545,42,0,0.01
2044,500,11.610772170246875,22.664,23.788,562,45,0,0.01
2045,500,24.751050275840118,21.26,22.422,581,47,0,0.01
2046,500,34.57861828394174,21.186,22.354,584,47,0,0.01
2047,500,34.89705869097511,19.63,20.746,558,48,0,0.01
2048,500,22.435788472203885,22.248,23.418,585,48,0,0.01
2049,500,11.99934462768547,24.032,25.228,598,47,0,0.01
2050,500,17.58462622368672,20.47,21.572,551,50,0,0.01
2051,500,38.40541480397699,21.272,22.45,589,48,0,0.01
2052,500,26.117851535311473,23.08,24.278,599,46,0,0.01
2053,500,21.78002588193922,23.744,24.938,597,45,0,0.01
2054,500,8.400263180882007,25.152,26.338,593,47,0,0.01
2055,500,-8.444631902085932,24.804,25.932,564,47,0,0.01
2056,500,26.81460317505303,19.442,20.54,549,48,0,0.01
2057,500,28.020114744414613,20.342,21.478,568,51,0,0.01
2058,500,16.294759072673184,23.114,24.294,590,49,0,0.01
2059,500,19.63858094059156,20.252,21.318,533,46,0,0.01
2060,500,18.267965711540455,21.966,23.114,574,49,0,0.01
2061,500,18.929028418364926,22.09,23.224,567,43,0,0.01
2062,500,31.44362434386743,17.58,18.598,509,43,0,0.01
2063,500,23.713363580063046,23.174,24.376,601,50,0,0.01
2064,500,19.265189135031576,23.356,24.59,617,55,0,0.01
2065,500,21.953433714948243,21.986,23.148,581,49,0,0.01
2066,500,15.884108651396962,23.834,25.032,599,46,0,0.01
2067,500,27.9409132219697,23.232,24.436,602,47,0,0.01
2068,500,14.942435680782454,23.128,24.27,571,45,0,0.01
2069,500,15.585677778068584,22.902,24.05,574,46,0,0.01
2070,500,18.80728135538161,23.89,25.088,599,46,0,0.01
2071,500,-9.414993733283893,20.056,21.052,498,47,0,0.01
2072,500,7.09145026559807,23.462,24.594,566,44,0,0.01
2073,500,26.638449864706377,22.95,24.156,603,48,0,0.01
2074,500,-13.672437513528179,26.186,27.334,574,43,0,0.01
2075,500,41.701641771671234,19.99,21.142,576,49,0,0.01
2076,500,29.322146765348364,21.456,22.622,583,49,0,0.01
2077,500,25.132933669903544,21.584,22.718,567,43,0,0.01
2078,500,16.059061250268655,23.83,25.022,596,49,0,0.01
2079,500,21.391822562487675,20.832,21.938,553,48,0,0.01
2080,500,12.284345111389824,21.536,22.634,549,49,0,0.01
2081,500,13.167586999479676,22.036,23.152,558,48,0,0.01
2082,500,1.8391243993911737,22.938,24.042,552,51,0,0.01
2083,500,2.427527123254486,23.226,24.354,564,47,0,0.01
2084,500,17.57854647332151,21.66,22.78,560,47,0,0.01
2085,500,29.112314499997424,21.252,22.412,580,49,0,0.01
2086,500,13.066673394915563,21.928,23.066,569,48,0,0.01
2087,500,15.916641934349153,23.618,24.804,593,49,0,0.01
2088,500,9.996616411399224,22.132,23.284,576,51,0,0.01
2089,500,32.78028152828364,21.754,22.95,598,50,0,0.01
2090,500,28.923563516862277,20.358,21.468,555,44,0,0.01
2091,500,-2.3836391779477606,24.756,25.902,573,44,0,0.01
2092,500,-6.814014997299772,23.888,24.98,546,43,0,0.01
2093,500,17.077889943436567,23.726,24.922,598,45,0,0.01
2094,500,30.325191036591615,20.1,21.214,557,45,0,0.01
2095,500,23.602169699987265,21.248,22.41,581,48,0,0.01
2096,500,37.38845833363654,20.818,21.992,587,48,0,0.01
2097,500,15.38396112750547,20.056,21.128,536,48,0,0.01
2098,500,19.800694555415664,21.712,22.856,572,46,0,0.01
2099,500,15.501059391152499,20.248,21.32,536,47,0,0.01
2100,500,4.682186181250831,21.152,22.23,539,48,0,0.01
2101,500,27.918555191816687,22.76,23.988,614,49,0,0.01
2102,500,8.66017888468587,21.812,22.936,562,50,0,0.01
2103,500,19.65549751963956,21.928,23.064,568,47,0,0.01
2104,500,6.523336495372889,22.206,23.296,545,46,0,0.01
2105,500,-2.0816262077953,27.466,28.718,626,49,0,0.01
2106,500,20.03466295607671,20.286,21.356,535,47,0,0.01
2107,500,2.7421726114893907,23.612,24.728,558,43,0,0.01
2108,500,16.755043191673696,22.394,23.54,573,45,0,0.01
2109,500,0.6054756331468676,25.2,26.378,589,44,0,0.01
2110,500,33.43487092678483,20.086,21.226,570,48,0,0.01
2111,500,33.7064779861915,20.582,21.716,567,46,0,0.01
2112,500,18.765189458222693,23.918,25.122,602,47,0,0.01
2113,500,22.9675488005509,20.68,21.778,549,47,0,0.01
2114,500,18.52034172769991,21.194,22.314,560,49,0,0.01
2115,500,13.874754713425565,22.568,23.692,562,45,0,0.01
2116,500,11.79136471422413,24.406,25.584,589,47,0,0.01
2117,500,1.6926952297777906,25.832,27.022,595,47,0,0.01
2118,500,24.466552118929062,22.042,23.204,581,47,0,0.01
2119,500,3.0086446624702385,23.15,24.24,545,44,0,0.01
2120,500,18.230658412410488,22.314,23.47,578,49,0,0.01
2121,500,8.917752107613623,22.71,23.81,550,43,0,0.01
2122,500,26.13333569679174,22.418,23.588,585,47,0,0.01
2123,500,22.58766349253864,22.678,23.864,593,50,0,0.01
2124,500,14.10174926869998,23.11,24.264,577,45,0,0.01
2125,500,23.243806125832624,20.68,21.78,550,46,0,0.01
2126,500,7.476573491827702,22.332,23.422,545,44,0,0.01
2127,500,8.080740443486718,24.478,25.65,586,46,0,0.01
2128,500,-7.7334613368375145,25.85,27.002,576,44,0,0.01
2129,500,24.860419970120017,19.932,21.014,541,49,0,0.01
2130,500,15.777545166258347,22.548,23.702,577,49,0,0.01
2131,500,20.252129673124507,20.486,21.576,545,47,0,0.01
2132,500,4.2548490972895205,23.992,25.17,589,50,0,0.01
2133,500,24.26107311527754,22.97,24.17,600,49,0,0.01
2134,500,0.9078258219586663,25.594,26.76,583,45,0,0.01
2135,500,31.308224630782195,20.226,21.324,549,43,0,0.01
2136,500,-16.507248205098474,27.132,28.306,587,47,0,0.01
2137,500,12.154173057861902,25.148,26.35,601,44,0,0.01
2138,500,-9.365437382032413,25.538,26.704,583,47,0,0.01
2139,500,-1.8139311382895587,25.41,26.596,593,48,0,0.01
2140,500,-0.13363738821787297,26.778,27.984,603,44,0,0.01
2141,500,12.725989095754128,24.454,25.654,600,49,0,0.01
2142,500,29.505670088926244,21.464,22.616,576,43,0,0.01
2143,500,5.422929940409502,25.466,26.65,592,43,0,0.01
2144,500,-9.484911338647763,26.632,27.82,594,49,0,0.01
2145,500,19.657677328493797,20.174,21.282,554,48,0,0.01
2146,500,17.669294437364197,21.338,22.454,558,46,0,0.01
2147,500,18.836880279273387,21.396,22.514,559,47,0,0.01
2148,500,6.046229914994619,22.774,23.894,560,46,0,0.01
2149,500,27.478136338898388,20.804,21.934,565,46,0,0.01
2150,500,20.110804412765766,23.962,25.176,607,46,0,0.01
2151,500,31.237549218943485,19.208,20.292,542,48,0,0.01
2152,500,-0.19748386867493195,22.564,23.64,538,42,0,0.01
2153,500,19.90684461165827,21.192,22.288,548,46,0,0.01
2154,500,13.752483339790096,24.682,25.902,610,47,0,0.01
2155,500,11.248334431134909,21.894,23.04,573,52,0,0.01
2156,500,20.93972798181626,21.08,22.198,559,49,0,0.01
2157,500,13.075019572448516,24.182,25.354,586,44,0,0.01
2158,500,25.71690252932597,22.66,23.85,595,48,0,0.01
2159,500,6.506237547139554,23.546,24.682,568,47,0,0.01
2160,500,23.08774409528017,20.706,21.842,568,49,0,0.01
2161,500,43.46803110698949,18.976,20.092,558,44,0,0.01
2162,500,2.2254219607319325,22.986,24.146,580,53,0,0.01
2163,500,32.469986368670604,19.528,20.626,549,46,0,0.01
2164,500,22.678011219423055,23.544,24.75,603,46,0,0.01
2165,500,23.54273167718069,22.478,23.656,589,44,0,0.01
2166,500,19.529427970936947,22.422,23.584,581,48,0,0.01
2167,500,16.59881637617834,22.288,23.466,589,52,0,0.01
2168,500,20.70966978132618,23.032,24.226,597,46,0,0.01
2169,500,15.84361134686221,23.81,24.988,589,47,0,0.01
2170,500,-2.6215361831789044,28.328,29.586,629,44,0,0.01
2171,500,21.122254623772335,22.426,23.606,590,49,0,0.01
2172,500,16.448700733410657,21.938,23.078,570,46,0,0.01
2173,500,39.66336710036081,20.034,21.19,578,48,0,0.01
2174,500,26.256175025605934,22.26,23.448,594,46,0,0.01
2175,500,14.329290441676552,25.248,26.462,607,47,0,0.01
2176,500,15.800849404889565,22.428,23.562,567,44,0,0.01
2177,500,-4.2167145887310165,21.822,22.864,521,46,0,0.01
2178,500,12.971676868694864,23.094,24.256,581,46,0,0.01
2179,500,41.7115299557636,20.402,21.588,593,45,0,0.01
2180,500,17.13477543994197,21.722,22.84,559,45,0,0.01
2181,500,22.929420186593084,22.99,24.154,582,43,0,0.01
2182,500,-53.66929668850254,29.524,30.674,575,49,0,0.01
2183,500,18.049913131880288,22.428,23.576,574,48,0,0.01
2184,500,13.75806873532678,23.176,24.326,575,46,0,0.01
2185,500,-3.712595635899421,25.208,26.424,608,52,0,0.01
2186,500,13.91294813561229,23.432,24.632,600,53,0,0.01
2187,500,6.046764484306733,22.422,23.502,540,43,0,0.01
2188,500,29.57434741471383,20.1,21.236,568,51,0,0.01
2189,500,-14.267372810979733,26.446,27.658,606,49,0,0.01
2190,500,-31.57307714375689,26.696,27.816,560,45,0,0.01
2191,500,26.58656032166547,20.038,21.166,564,48,0,0.01
2192,500,3.0594723924692615,23.716,24.822,553,44,0,0.01
2193,500,-3.2564290031916805,22.566,23.662,548,51,0,0.01
2194,500,-8.974838995640075,26.042,27.212,585,46,0,0.01
2195,500,16.846851179028345,22.352,23.518,583,51,0,0.01
2196,500,3.8596432693922225,25.798,27.02,611,47,0,0.01
2197,500,35.13528884555181,20.354,21.492,569,46,0,0.01
2198,500,-17.50828917762906,25.204,26.304,550,45,0,0.01
2199,500,11.21953630475086,22.582,23.726,572,47,0,0.01
2200,500,24.78247224218017,21.034,22.16,563,47,0,0.01
2201,500,10.301961044692865,22.96,24.108,574,51,0,0.01
2202,500,34.19626105236992,20.45,21.588,569,43,0,0.01
2203,500,5.998985748358464,25.522,26.734,606,46,0,0.01
2204,500,1.916332881783495,23.354,24.478,562,45,0,0.01
2205,500,5.582891266090723,24.944,26.13,593,46,0,0.01
2206,500,26.18752554272092,20.398,21.494,548,44,0,0.01
2207,500,18.753950925842826,20.724,21.802,539,47,0,0.01
2208,500,5.46287916070339,22.338,23.47,566,49,0,0.01
2209,500,17.184984741618546,21.078,22.178,550,47,0,0.01
2210,500,42.56503597792134,20.078,21.23,576,45,0,0.01
2211,500,19.610031458160595,22.574,23.746,586,50,0,0.01
2212,500,21.6157593315901,19.262,20.32,529,48,0,0.01
2213,500,31.34531373874813,17.48,18.512,516,48,0,0.01
2214,500,-0.10556238967756526,22.924,24.024,550,48,0,0.01
2215,500,6.918073208569215,25.006,26.196,595,48,0,0.01
2216,500,22.95450253038144,20.728,21.836,554,49,0,0.01
2217,500,44.14863358643567,20.118,21.31,596,50,0,0.01
2218,500,33.67122885853407,21.388,22.54,576,46,0,0.01
2219,500,1.6277608831062236,24.464,25.658,597,52,0,0.01
2220,500,20.13780212694266,23.446,24.666,610,51,0,0.01
2221,500,2.9805385647587306,26.648,27.852,602,42,0,0.01
2222,500,7.437250845595217,23.996,25.16,582,49,0,0.01
2223,500,33.984545982340435,20.332,21.476,572,49,0,0.01
2224,500,6.688011751810451,23.416,24.562,573,45,0,0.01
2225,500,17.116257265878502,23.658,24.87,606,52,0,0.01
2226,500,-8.973574296092739,25.256,26.376,560,44,0,0.01
2227,500,1.4549989981310265,23.716,24.862,573,46,0,0.01
2228,500,16.988334221938626,22.608,23.772,582,48,0,0.01
2229,500,31.26919752218662,18.766,19.83,532,44,0,0.01
2230,500,9.04191100873512,25.508,26.712,602,46,0,0.01
2231,500,28.79177309712147,20.536,21.682,573,51,0,0.01
2232,500,-6.9763391474028795,28.12,29.382,631,45,0,0.01
2233,500,16.15049652017646,21.28,22.392,556,48,0,0.01
2234,500,10.060018040597999,23.714,24.896,591,48,0,0.01
2235,500,0.5217850503099438,24.606,25.762,578,45,0,0.01
2236,500,16.191241002125537,21.462,22.62,579,49,0,0.01
2237,500,-26.716396587515916,32.412,33.708,648,45,0,0.01
2238,500,25.94066393163439,20.526,21.656,565,46,0,0.01
2239,500,20.131966620914156,21.802,22.922,560,44,0,0.01
2240,500,33.42560084782366,20.354,21.508,577,52,0,0.01
2241,500,25.679370036640577,24.23,25.478,624,49,0,0.01
2242,500,20.41742335788445,22.906,24.086,590,44,0,0.01
2243,500,18.30874161585185,23.034,24.206,586,46,0,0.01
2244,500,6.65704375204107,25.25,26.448,599,45,0,0.01
2245,500,8.903685382233578,20.69,21.742,526,47,0,0.01
2246,500,25.763039778966327,24.43,25.7,635,46,0,0.01
2247,500,-0.17783971972293866,25.068,26.292,612,47,0,0.01
2248,500,21.163554838735806,23.18,24.352,586,47,0,0.01
2249,500,13.136567383218935,23.65,24.812,581,46,0,0.01
2250,500,0.9404496431212691,22.83,23.944,557,47,0,0.01
2251,500,29.217704793372537,22.346,23.528,591,45,0,0.01
2252,500,45.19534383014193,18.798,19.902,552,45,0,0.01
2253,500,17.93111589927883,20.862,21.948,543,44,0,0.01
2254,500,11.263634756891031,22.752,23.914,581,52,0,0.01
2255,500,18.740846036790742,24.152,25.352,600,47,0,0.01
2256,500,7.879879463191373,23.588,24.728,570,46,0,0.01
2257,500,34.68730881809559,19.472,20.594,561,50,0,0.01
2258,500,-7.160038981122348,26.582,27.76,589,44,0,0.01
2259,500,18.56160058483219,21.67,22.778,554,45,0,0.01
2260,500,-3.3454073310073547,22.93,24.0,535,44,0,0.01
2261,500,8.815706669117326,22.668,23.782,557,48,0,0.01
2262,500,16.77624790100101,21.498,22.63,566,46,0,0.01
2263,500,4.651570058417116,25.12,26.34,610,49,0,0.01
2264,500,-8.137961017284793,24.518,25.594,538,41,0,0.01
2265,500,26.515218767664035,22.232,23.378,573,41,0,0.01
2266,500,-0.7671147285231402,27.562,28.796,617,45,0,0.01
2267,500,-4.904340740325303,24.414,25.556,571,46,0,0.01
2268,500,13.794348576854807,24.38,25.572,596,44,0,0.01
2269,500,20.84813639589577,21.454,22.572,559,45,0,0.01
2270,500,-14.028959640835412,25.214,26.304,545,41,0,0.01
2271,500,-15.64703439197531,25.73,26.906,588,48,0,0.01
2272,500,-19.886394267563254,27.684,28.846,581,46,0,0.01
2273,500,-2.6053368729310202,22.252,23.278,513,43,0,0.01
2274,500,25.095143741143826,23.034,24.208,587,46,0,0.01
2275,500,-17.665419700423705,27.014,28.192,589,46,0,0.01
2276,500,23.99301884325361,26.002,27.29,644,43,0,0.01
2277,500,4.121587015070776,24.17,25.296,563,42,0,0.01
2278,500,-16.672571522490856,25.912,27.046,567,43,0,0.01
2279,500,-4.39573744990911,26.226,27.45,612,48,0,0.01
2280,500,18.53027159281474,22.414,23.558,572,45,0,0.01
2281,500,15.253090042913675,24.418,25.616,599,48,0,0.01
2282,500,-2.4940682491573334,26.784,27.998,607,47,0,0.01
2283,500,35.402008073946895,20.07,21.198,564,45,0,0.01
2284,500,-4.268946239901526,27.382,28.626,622,49,0,0.01
2285,500,34.79518161688145,23.812,25.042,615,43,0,0.01
2286,500,-15.270110316352646,26.23,27.336,553,39,0,0.01
2287,500,22.357715850613655,22.02,23.152,566,45,0,0.01
2288,500,19.32254032330645,24.458,25.674,608,46,0,0.01
2289,500,19.974649006126747,21.59,22.712,561,44,0,0.01
2290,500,16.784398194419932,23.284,24.444,580,44,0,0.01
2291,500,14.007194014277761,22.836,24.008,586,50,0,0.01
2292,500,21.045147584632623,20.484,21.568,542,46,0,0.01
2293,500,14.02928549304405,24.252,25.446,597,47,0,0.01
2294,500,17.36240894085879,23.338,24.534,598,47,0,0.01
2295,500,10.413894990472674,23.924,25.088,582,44,0,0.01
2296,500,8.616008298734323,21.518,22.624,553,47,0,0.01
2297,500,-10.277095886938172,26.7,27.866,583,43,0,0.01
2298,500,23.986080166351982,21.674,22.826,576,46,0,0.01
2299,500,-26.572621710647564,29.78,30.998,609,48,0,0.01
2300,500,-0.24889599474752266,24.136,25.298,581,48,0,0.01
2301,500,28.29508717602012,21.794,22.954,580,46,0,0.01
2302,500,12.327952141779004,24.442,25.62,589,44,0,0.01
2303,500,5.287341345601566,24.044,25.184,570,45,0,0.01
2304,500,15.067477448691983,23.656,24.836,590,44,0,0.01
2305,500,-1.0422933029027228,25.72,26.912,596,48,0,0.01
2306,500,-7.852021650684785,24.48,25.604,562,46,0,0.01
2307,500,1.4978729652075335,24.024,25.136,556,42,0,0.01
2308,500,21.799534878580836,24.996,26.244,624,45,0,0.01
2309,500,28.48293266212611,22.578,23.776,599,44,0,0.01
2310,500,-22.106443466735687,27.328,28.498,585,49,0,0.01
2311,500,25.15289305365599,20.372,21.47,549,45,0,0.01
2312,500,15.872881844215902,22.098,23.234,568,45,0,0.01
2313,500,10.734498268500053,24.802,25.988,593,44,0,0.01
2314,500,-8.593942347729653,27.136,28.36,612,46,0,0.01
2315,500,21.148008802104236,23.68,24.872,596,44,0,0.01
2316,500,-10.663744505058038,24.954,26.074,560,47,0,0.01
2317,500,12.58624165682208,20.872,21.918,523,44,0,0.01
2318,500,12.344403352248625,23.582,24.736,577,44,0,0.01
2319,500,-1.595335520387061,22.492,23.592,550,49,0,0.01
2320,500,27.699214462211565,21.132,22.262,565,44,0,0.01
2321,500,32.84181028827276,22.874,24.108,617,47,0,0.01
2322,500,-12.315708920255545,28.074,29.286,606,45,0,0.01
2323,500,16.475432542583086,23.446,24.6,577,42,0,0.01
2324,500,12.541476416136907,22.774,23.902,564,47,0,0.01
2325,500,-3.9628424901226,25.596,26.764,584,45,0,0.01
2326,500,-4.544897445695154,24.73,25.852,561,44,0,0.01
2327,500,6.465413282605494,25.82,27.036,608,44,0,0.01
2328,500,-8.044814730032627,25.33,26.438,554,42,0,0.01
2329,500,17.539696521249823,22.83,23.966,568,43,0,0.01
2330,500,17.9287102504869,22.778,23.97,596,48,0,0.01
2331,500,5.47566978452843,24.236,25.378,571,42,0,0.01
2332,500,9.077096794702406,23.024,24.14,558,45,0,0.01
2333,500,-39.706242995384486,30.926,32.118,596,45,0,0.01
2334,500,25.476645302447963,21.854,22.994,570,44,0,0.01
2335,500,-4.5985152671318446,22.094,23.152,529,46,0,0.01
2336,500,-3.7429067825926965,25.538,26.7,581,46,0,0.01
2337,500,15.908565887662649,24.532,25.724,596,44,0,0.01
2338,500,15.354826105653236,23.59,24.764,587,45,0,0.01
2339,500,12.090608110259053,24.97,26.19,610,46,0,0.01
2340,500,-0.5047300342372614,23.984,25.12,568,45,0,0.01
2341,500,15.63768749195237,22.086,23.212,563,48,0,0.01
2342,500,-5.162018016392228,22.62,23.684,532,46,0,0.01
2343,500,28.358146540560988,20.104,21.244,570,50,0,0.01
2344,500,4.85538298201538,25.18,26.36,590,45,0,0.01
2345,500,24.313752873975016,23.604,24.812,604,47,0,0.01
2346,500,14.117932461244143,21.658,22.782,562,49,0,0.01
2347,500,9.83704506421626,21.544,22.658,557,47,0,0.01
2348,500,13.372931994168425,20.842,21.902,530,42,0,0.01
2349,500,2.637792514664887,24.644,25.794,575,45,0,0.01
2350,500,-19.951708010881937,27.918,29.098,590,46,0,0.01
2351,500,13.09204638687048,22.698,23.834,568,49,0,0.01
2352,500,8.535942637091539,24.536,25.722,593,46,0,0.01
2353,500,-4.233442609247364,23.664,24.784,560,49,0,0.01
2354,500,-17.168466904744527,25.362,26.456,547,46,0,0.01
2355,500,-13.195968412253489,26.04,27.182,571,44,0,0.01
2356,500,4.255263172567664,26.858,28.1,621,43,0,0.01
2357,500,4.886476198626277,25.186,26.392,603,48,0,0.01
2358,500,-4.977135875596803,23.306,24.402,548,47,0,0.01
2359,500,-15.811192663343272,27.296,28.506,605,48,0,0.01
2360,500,1.3971036282661937,24.124,25.278,577,46,0,0.01
2361,500,23.494208152720866,21.562,22.674,556,41,0,0.01
2362,500,31.500124584682048,21.724,22.892,584,47,0,0.01
2363,500,6.780747543244221,25.494,26.684,595,39,0,0.01
2364,500,-4.474318587638868,21.118,22.168,525,49,0,0.01
2365,500,20.883663800138653,21.162,22.28,559,45,0,0.01
2366,500,7.067910574751461,24.882,26.072,595,46,0,0.01
2367,500,4.140116591141913,23.102,24.242,570,48,0,0.01
2368,500,2.750578551252678,23.432,24.566,567,50,0,0.01
2369,500,4.058948081817098,24.026,25.166,570,43,0,0.01
2370,500,20.055582386427186,22.476,23.632,578,48,0,0.01
2371,500,-15.124934121087724,25.56,26.704,572,48,0,0.01
2372,500,32.58599676610314,22.586,23.808,611,48,0,0.01
2373,500,-25.338497963547017,28.996,30.234,619,48,0,0.01
2374,500,18.383354424381913,20.292,21.4,554,49,0,0.01
2375,500,1.2577508906398824,24.45,25.616,583,47,0,0.01
2376,500,16.736944628740954,22.08,23.204,562,46,0,0.01
2377,500,26.325211553911707,19.98,21.1,560,49,0,0.01
2378,500,7.052311455089759,23.606,24.768,581,50,0,0.01
2379,500,-3.7604282750343687,26.156,27.326,585,43,0,0.01
2380,500,0.932632822238986,25.85,27.066,608,49,0,0.01
2381,500,16.90583767137641,22.62,23.774,577,48,0,0.01
2382,500,25.49373545856002,22.068,23.232,582,46,0,0.01
2383,500,27.42842171524139,22.274,23.47,598,50,0,0.01
2384,500,28.33712745668771,21.506,22.674,584,51,0,0.01
2385,500,-6.777899940714568,24.94,26.08,570,49,0,0.01
2386,500,3.225145797067439,25.044,26.222,589,48,0,0.01
2387,500,-13.541582223448934,26.958,28.178,610,50,0,0.01
2388,500,8.89814281106697,23.99,25.178,594,49,0,0.01
2389,500,-18.231691700610508,25.904,27.02,558,42,0,0.01
2390,500,17.22565741294741,21.666,22.798,566,48,0,0.01
2391,500,7.731534599998282,24.206,25.384,589,45,0,0.01
2392,500,14.355348303384316,20.724,21.82,548,47,0,0.01
2393,500,6.070183357928256,23.65,24.81,580,47,0,0.01
2394,500,17.592096213631894,20.884,21.972,544,48,0,0.01
2395,500,19.124773441015744,20.39,21.478,544,47,0,0.01
2396,500,21.363139394285053,23.418,24.598,590,46,0,0.01
2397,500,27.15203038099689,21.988,23.174,593,51,0,0.01
2398,500,14.989381053513007,19.982,21.01,514,45,0,0.01
2399,500,26.12555844401087,23.71,24.918,604,46,0,0.01
2400,500,9.477131511537518,24.848,26.05,601,47,0,0.01
2401,500,22.577673542002394,23.342,24.544,601,49,0,0.01
2402,500,25.440945787679716,25.104,26.362,629,46,0,0.01
2403,500,25.700047825429333,21.146,22.274,564,49,0,0.01
2404,500,6.649943546465232,24.352,25.52,584,48,0,0.01
2405,500,-7.710846193801312,25.892,27.062,585,46,0,0.01
2406,500,33.56223595101479,18.612,19.692,540,49,0,0.01
2407,500,30.37343660765703,21.032,22.18,574,46,0,0.01
2408,500,30.16256483631424,20.372,21.524,576,51,0,0.01
2409,500,9.042577797280137,23.396,24.52,562,46,0,0.01
2410,500,-24.273429931103802,30.116,31.374,629,45,0,0.01
2411,500,14.845729603756196,22.428,23.554,563,44,0,0.01
2412,500,0.4988913074971102,23.5,24.644,572,49,0,0.01
2413,500,37.39417741494484,19.068,20.194,563,49,0,0.01
2414,500,21.824792589163188,23.338,24.522,592,45,0,0.01
2415,500,-10.341607366210322,26.604,27.788,592,46,0,0.01
2416,500,27.356078433619437,20.238,21.35,556,48,0,0.01
2417,500,8.405243016642787,24.86,26.092,616,52,0,0.01
2418,500,1.0811922971363312,23.558,24.688,565,47,0,0.01
2419,500,2.0898475272349755,26.148,27.338,595,43,0,0.01
2420,500,13.52411091651685,25.054,26.276,611,47,0,0.01
2421,500,-1.5281591665188055,22.798,23.86,531,45,0,0.01
2422,500,8.014079608149308,25.452,26.68,614,46,0,0.01
2423,500,24.761492403217158,20.178,21.282,552,47,0,0.01
2424,500,17.16617803230957,22.578,23.742,582,50,0,0.01
2425,500,25.86425771328858,19.82,20.91,545,47,0,0.01
2426,500,20.965141685220203,21.108,22.236,564,48,0,0.01
2427,500,13.178185119678268,22.66,23.782,561,43,0,0.01
2428,500,18.015859179845258,24.826,26.08,627,48,0,0.01
2429,500,25.87287158555587,22.116,23.27,577,45,0,0.01
2430,500,0.4291041316361335,26.31,27.538,614,49,0,0.01
2431,500,21.030537821010324,20.94,22.052,556,46,0,0.01
2432,500,3.25744004834437,22.076,23.164,544,46,0,0.01
2433,500,16.199061725658655,23.024,24.182,579,47,0,0.01
2434,500,5.5591765316412225,26.33,27.548,609,44,0,0.01
2435,500,23.690552552912777,22.684,23.852,584,46,0,0.01
2436,500,19.65747297544956,21.79,22.948,579,51,0,0.01
2437,500,18.43806451164941,24.57,25.824,627,49,0,0.01
2438,500,16.442773719598264,21.232,22.364,566,50,0,0.01
2439,500,10.90951241933197,24.45,25.642,596,47,0,0.01
2440,500,18.673388473259358,20.34,21.416,538,45,0,0.01
2441,500,27.893006012911204,20.93,22.078,574,51,0,0.01
2442,500,15.08854814905659,22.454,23.622,584,49,0,0.01
2443,500,0.5671672527787506,22.358,23.424,533,49,0,0.01
2444,500,5.562078001800458,26.226,27.462,618,47,0,0.01
2445,500,16.603671641479906,21.236,22.344,554,46,0,0.01
2446,500,21.376936312009718,22.8,23.974,587,49,0,0.01
2447,500,7.253285927027732,24.918,26.106,594,46,0,0.01
2448,500,35.55082824118728,21.4,22.6,600,49,0,0.01
2449,500,-20.0507901040676,27.974,29.174,600,48,0,0.01
2450,500,26.79846280687897,22.688,23.882,597,45,0,0.01
2451,500,28.71315564755901,20.738,21.874,568,47,0,0.01
2452,500,9.260702510751695,23.038,24.172,567,49,0,0.01
2453,500,25.17544778807965,21.748,22.928,590,48,0,0.01
2454,500,-15.732803340413813,25.304,26.44,568,51,0,0.01
2455,500,33.74079263056951,21.846,23.012,583,44,0,0.01
2456,500,23.186826188465893,20.65,21.766,558,47,0,0.01
2457,500,-11.833675263955497,26.028,27.164,568,43,0,0.01
2458,500,10.019706038326165,23.686,24.866,590,49,0,0.01
2459,500,1.7068012000680697,25.554,26.762,604,50,0,0.01
2460,500,16.081315724247954,23.312,24.492,590,49,0,0.01
2461,500,18.86395191699163,23.03,24.212,591,51,0,0.01
2462,500,26.81710473124508,21.056,22.182,563,46,0,0.01
2463,500,-29.04075879570012,27.624,28.794,585,51,0,0.01
2464,500,-7.30704554441797,27.994,29.252,629,50,0,0.01
2465,500,8.066562016193952,24.082,25.26,589,51,0,0.01
2466,500,18.589433128765695,22.696,23.864,584,50,0,0.01
2467,500,-0.18176278844037674,22.078,23.17,546,53,0,0.01
2468,500,23.97408366083445,22.1,23.264,582,47,0,0.01
2469,500,10.982264730233437,23.744,24.926,591,49,0,0.01
2470,500,-19.75045705208825,27.698,28.874,588,45,0,0.01
2471,500,17.70820658777833,20.86,21.954,547,50,0,0.01
2472,500,14.839195886820294,21.97,23.118,574,49,0,0.01
2473,500,13.02180410109126,22.934,24.052,559,44,0,0.01
2474,500,20.127316031847947,21.748,22.884,568,49,0,0.01
2475,500,-12.481710751391791,27.488,28.686,599,46,0,0.01
2476,500,-1.8251993033018519,23.396,24.516,560,45,0,0.01
2477,500,0.7642740257246734,24.408,25.578,585,50,0,0.01
2478,500,9.087756466861233,23.24,24.404,582,52,0,0.01
2479,500,16.060780736543144,25.108,26.356,624,50,0,0.01
2480,500,21.36295523536981,24.388,25.636,624,51,0,0.01
2481,500,15.857944300437776,24.356,25.55,597,46,0,0.01
2482,500,-3.7477122211328795,24.824,25.984,580,45,0,0.01
2483,500,11.068414044892393,24.158,25.324,583,45,0,0.01
2484,500,13.82597603958675,23.484,24.686,601,50,0,0.01
2485,500,17.293996376727993,21.672,22.81,569,51,0,0.01
2486,500,11.690830829498296,23.206,24.388,591,54,0,0.01
2487,500,5.08110111254368,25.05,26.246,598,48,0,0.01
2488,500,9.075914810817643,24.386,25.55,582,47,0,0.01
2489,500,30.51595036443792,23.238,24.474,618,53,0,0.01
2490,500,-2.13679661764255,26.24,27.42,590,45,0,0.01
2491,500,11.143390778748062,25.518,26.77,626,50,0,0.01
2492,500,-21.645498418233863,29.062,30.322,630,50,0,0.01
2493,500,20.660878238940885,21.524,22.646,561,47,0,0.01
2494,500,13.015239284984123,22.12,23.268,574,51,0,0.01
2495,500,33.77075222351827,19.912,21.028,558,47,0,0.01
2496,500,9.671189613623842,23.742,24.896,577,47,0,0.01
2497,500,-12.371013985447822,25.482,26.652,585,49,0,0.01
2498,500,19.971881221739118,21.41,22.556,573,51,0,0.01
2499,500,-7.5814544204611165,23.99,25.132,571,51,0,0.01
2500,500,20.709453056700898,22.15,23.348,599,50,0,0.01
2501,500,23.938588822301544,24.244,25.472,614,48,0,0.01
2502,500,-23.26681561142643,28.57,29.772,601,45,0,0.01
2503,500,5.451192354133792,24.164,25.304,570,46,0,0.01
2504,500,-32.568886877270636,29.746,30.952,603,48,0,0.01
2505,317,-39.40839195896182,26.498422712933753,27.577287066246058,342,29,1,0.01
2506,500,22.962794978502078,20.186,21.288,551,48,0,0.01
2507,500,17.316292208538542,21.452,22.572,560,49,0,0.01
2508,500,36.99888040245483,22.362,23.6,619,51,0,0.01
2509,500,28.40313176214012,22.606,23.79,592,47,0,0.01
2510,500,15.245238866591485,23.54,24.728,594,52,0,0.01
2511,500,-17.677180753725803,26.12,27.282,581,54,0,0.01
2512,500,-6.876045437699915,25.522,26.656,567,44,0,0.01
2513,500,0.515858036497602,23.92,25.058,569,45,0,0.01
2514,500,-0.5289189293864056,24.368,25.522,577,49,0,0.01
2515,500,27.776125617237117,22.606,23.826,610,49,0,0.01
2516,500,19.61453810279509,22.93,24.062,566,43,0,0.01
2517,500,14.053441822483206,21.976,23.108,566,50,0,0.01
2518,500,32.210265902598586,22.256,23.46,602,49,0,0.01
2519,500,-8.566162563635086,26.956,28.158,601,48,0,0.01
2520,500,1.6313687099118628,20.52,21.588,534,52,0,0.01
2521,500,15.048574831982837,21.606,22.726,560,49,0,0.01
2522,500,-0.3115070850985796,20.806,21.854,524,47,0,0.01
2523,500,-7.623032588819065,23.272,24.38,554,47,0,0.01
2524,500,23.512985229397437,21.162,22.31,574,51,0,0.01
2525,500,0.661005568703438,26.0,27.204,602,49,0,0.01
2526,500,-3.2380002239909653,24.144,25.272,564,50,0,0.01
2527,500,11.75783328311133,24.464,25.658,597,47,0,0.01
2528,500,37.8035737185249,19.626,20.762,568,48,0,0.01
2529,500,23.5843201041987,23.118,24.342,612,52,0,0.01
2530,500,0.6879414077289951,25.342,26.534,596,48,0,0.01
2531,500,-7.730261072772706,26.124,27.326,601,51,0,0.01
2532,500,4.769727202028462,24.666,25.804,569,42,0,0.01
2533,500,27.11316838053527,21.17,22.322,576,50,0,0.01
2534,500,2.326015930879225,22.302,23.418,558,51,0,0.01
2535,500,-5.572089577447391,26.258,27.448,595,48,0,0.01
2536,500,37.20463474961425,18.956,20.03,537,43,0,0.01
2537,500,17.731202917191606,21.366,22.502,568,50,0,0.01
2538,500,24.823917868114144,22.982,24.196,607,50,0,0.01
2539,500,-12.808541626866944,23.48,24.568,544,49,0,0.01
2540,500,14.69898226626483,25.986,27.268,641,49,0,0.01
2541,500,17.98050535266644,23.656,24.864,604,49,0,0.01
2542,500,34.7314797272383,20.316,21.432,558,47,0,0.01
2543,500,13.874457062867641,23.136,24.324,594,50,0,0.01
2544,500,23.37719195835412,20.866,22.014,574,50,0,0.01
2545,500,11.143542371953316,22.676,23.806,565,48,0,0.01
2546,500,23.016307777226167,20.316,21.432,558,49,0,0.01
2547,500,-12.18189468448211,24.436,25.52,542,44,0,0.01
2548,500,2.2069645184721365,24.178,25.324,573,45,0,0.01
2549,500,-32.61810682290779,32.102,33.392,645,46,0,0.01
2550,500,5.6463544472497915,26.158,27.396,619,47,0,0.01
2551,500,24.173111663212612,21.29,22.436,573,50,0,0.01
2552,500,-2.442255885926475,24.024,25.128,552,44,0,0.01
2553,500,-3.699490746847314,21.8,22.884,542,48,0,0.01
2554,500,14.184769806723196,22.254,23.4,573,48,0,0.01
2555,500,-12.599994578383441,24.586,25.726,570,51,0,0.01
2556,500,9.246544600778954,22.566,23.69,562,46,0,0.01
2557,500,31.394375088788795,21.566,22.754,594,52,0,0.01
2558,500,16.861769995216395,22.256,23.408,576,47,0,0.01
2559,500,-18.32307746694802,26.078,27.256,589,54,0,0.01
2560,500,-11.03525611582592,25.51,26.628,559,42,0,0.01
2561,500,0.5595993990406318,27.622,28.844,611,42,0,0.01
2562,500,23.917638292779863,21.698,22.848,575,49,0,0.01
2563,500,-2.5165394477619394,26.44,27.66,610,47,0,0.01
2564,500,19.082373957830015,21.574,22.716,571,51,0,0.01
2565,500,11.15646489182007,22.264,23.388,562,50,0,0.01
2566,500,-3.0247835356599597,23.692,24.788,548,44,0,0.01
2567,500,8.541764628191347,22.716,23.87,577,49,0,0.01
2568,500,4.463415519745475,24.016,25.164,574,47,0,0.01
2569,500,16.816920895520965,22.596,23.756,580,49,0,0.01
2570,500,28.156177499922165,22.726,23.94,607,51,0,0.01
2571,500,6.936713020014326,20.818,21.896,539,50,0,0.01
2572,500,21.254704829666743,23.696,24.898,601,50,0,0.01
2573,500,13.97404262619432,22.372,23.508,568,47,0,0.01
2574,500,-12.684752186923662,27.292,28.514,611,49,0,0.01
2575,500,-2.0946881058145097,21.474,22.57,548,52,0,0.01
2576,500,34.7944376485265,20.212,21.354,571,48,0,0.01
2577,500,30.42922251274913,20.456,21.576,560,46,0,0.01
2578,500,27.23756973626358,19.108,20.188,540,48,0,0.01
2579,500,9.342901410755964,23.614,24.812,599,50,0,0.01
2580,500,10.954461495741286,21.008,22.084,538,49,0,0.01
2581,500,-2.2344926970904258,22.748,23.884,568,52,0,0.01
2582,500,24.925281536597996,20.116,21.222,553,50,0,0.01
2583,500,-2.7301684216412534,26.132,27.338,603,45,0,0.01
2584,500,17.926271215828443,22.386,23.53,572,48,0,0.01
2585,500,26.112797452818285,20.672,21.79,559,48,0,0.01
2586,500,-5.207121619084494,25.872,27.05,589,48,0,0.01
2587,500,-16.896485661352198,29.922,31.152,615,42,0,0.01
2588,500,22.567095939123853,22.602,23.802,600,54,0,0.01
2589,500,13.367956558024034,25.622,26.852,615,46,0,0.01
2590,500,21.017347283218076,20.76,21.872,556,48,0,0.01
2591,500,26.894024678391897,20.956,22.112,578,52,0,0.01
2592,500,14.80422356920963,21.794,22.906,556,46,0,0.01
2593,500,39.0268316506924,18.176,19.296,560,51,0,0.01
2594,500,5.047391058368135,20.982,22.072,545,50,0,0.01
2595,500,29.48371261912265,20.294,21.452,579,54,0,0.01
2596,500,-1.2490091631990663,24.248,25.4,576,50,0,0.01
2597,500,3.763595188789684,24.52,25.726,603,53,0,0.01
2598,500,1.7236116130558683,23.758,24.9,571,49,0,0.01
2599,500,2.9913201974903543,25.182,26.382,600,48,0,0.01
2600,500,-15.692008708512198,24.21,25.326,558,51,0,0.01
2601,500,31.392636551733048,21.92,23.11,595,50,0,0.01
2602,500,7.2538201731488,24.036,25.198,581,45,0,0.01
2603,500,33.176762314388355,19.124,20.218,547,47,0,0.01
2604,500,18.729216879530348,21.028,22.156,564,48,0,0.01
2605,500,-21.390170781962613,26.93,28.104,587,48,0,0.01
2606,500,24.392852953167186,22.3,23.486,593,48,0,0.01
2607,500,8.69546236778318,24.884,26.112,614,52,0,0.01
2608,500,23.17798712264311,19.596,20.688,546,46,0,0.01
2609,500,12.257214531597844,22.712,23.892,590,53,0,0.01
2610,500,4.613397153550479,24.1,25.268,584,49,0,0.01
2611,500,11.356944362547278,22.2,23.326,563,46,0,0.01
2612,500,19.76614624855204,23.774,24.982,604,46,0,0.01
2613,500,3.429173009178823,22.86,23.984,562,51,0,0.01
2614,500,0.5091924235200129,25.732,26.928,598,49,0,0.01
2615,500,-6.081741165976712,25.584,26.752,584,46,0,0.01
2616,500,12.74317922858014,21.606,22.702,548,47,0,0.01
2617,500,18.953237830834162,21.55,22.69,570,47,0,0.01
2618,500,24.00858067439783,20.328,21.418,545,47,0,0.01
2619,500,15.780847196767045,21.806,22.93,562,49,0,0.01
2620,500,3.188803757196904,23.168,24.3,566,46,0,0.01
2621,500,-2.4435293775950475,26.364,27.588,612,49,0,0.01
2622,500,23.89362476442472,22.706,23.856,575,43,0,0.01
2623,500,-10.791039185206627,24.506,25.638,566,47,0,0.01
2624,500,4.438164811554481,22.074,23.168,547,47,0,0.01
2625,500,27.559110753838958,21.458,22.63,586,50,0,0.01
2626,500,3.6670319128474147,22.552,23.68,564,49,0,0.01
2627,500,12.899036259706174,22.136,23.274,569,51,0,0.01
2628,500,-15.091351073483624,25.742,26.866,562,46,0,0.01
2629,500,0.9320352344278,25.074,26.236,581,45,0,0.01
2630,500,-19.093591937332736,27.806,29.032,613,46,0,0.01
2631,500,14.731933370617842,21.494,22.59,548,45,0,0.01
2632,500,1.0728807982344433,25.732,26.926,597,47,0,0.01
2633,500,-0.4177374208916367,23.836,24.964,564,44,0,0.01
2634,500,14.87480486337811,21.288,22.348,530,44,0,0.01
2635,500,-7.760605108367151,24.052,25.16,554,50,0,0.01
2636,500,12.152360597264838,23.352,24.498,573,43,0,0.01
2637,500,1.006400542352479,21.644,22.73,543,48,0,0.01
2638,500,20.235092600042467,22.008,23.142,567,46,0,0.01
2639,500,-9.208880673460232,26.358,27.526,584,46,0,0.01
2640,500,6.831800143607579,24.248,25.448,600,52,0,0.01
2641,500,-29.173906242928656,29.17,30.378,604,48,0,0.01
2642,500,14.227622933288481,22.148,23.27,561,46,0,0.01
2643,500,-22.000333301785567,28.046,29.226,590,46,0,0.01
2644,500,-3.291049443866686,24.544,25.684,570,45,0,0.01
2645,500,-26.2042201489251,25.852,27.006,577,51,0,0.01
2646,500,11.283090670502563,22.268,23.416,574,51,0,0.01
2647,500,2.7920241771866623,25.4,26.612,606,49,0,0.01
2648,500,15.656033555490476,23.088,24.248,580,47,0,0.01
2649,500,3.2349193461695327,24.068,25.2,566,43,0,0.01
2650,500,20.050830354108232,24.028,25.236,604,46,0,0.01
2651,500,9.717706906293532,24.99,26.172,591,42,0,0.01
2652,500,10.215966256316694,22.756,23.912,578,47,0,0.01
2653,500,10.150188934149593,22.48,23.618,569,47,0,0.01
2654,500,-8.822347336712888,25.636,26.808,586,49,0,0.01
2655,500,24.405684288441282,23.396,24.634,619,51,0,0.01
2656,500,6.831520400483284,22.238,23.348,555,49,0,0.01
2657,500,15.900641110990334,22.034,23.144,555,47,0,0.01
2658,500,10.371286108244135,21.176,22.256,540,46,0,0.01
2659,500,-0.5690764053754362,24.51,25.674,582,50,0,0.01
2660,500,16.644573085823918,24.654,25.86,603,48,0,0.01
2661,500,0.9395444692832331,23.21,24.318,554,46,0,0.01
2662,500,22.370423435585042,22.792,23.96,584,44,0,0.01
2663,500,5.872792772544253,26.202,27.42,609,45,0,0.01
2664,500,-0.41178109763799603,22.832,23.922,545,45,0,0.01
2665,500,32.514620533470605,20.332,21.484,576,49,0,0.01
2666,500,8.017493663761888,23.596,24.736,570,47,0,0.01
2667,500,13.90989392890011,25.412,26.63,609,47,0,0.01
2668,500,15.551169039306345,23.216,24.374,579,47,0,0.01
2669,500,0.868169703189496,22.472,23.572,550,46,0,0.01
2670,500,-32.01891449434824,28.894,30.054,580,46,0,0.01
2671,500,26.62547279527075,20.11,21.192,541,46,0,0.01
2672,438,-42.283610229901576,28.8675799086758,30.057077625570777,521,43,1,0.01
2673,500,8.606999235307246,25.958,27.212,627,51,0,0.01
2674,500,12.374467644718798,23.624,24.792,584,46,0,0.01
2675,500,18.00685386254086,22.144,23.298,577,48,0,0.01
2676,500,10.074617222369186,22.786,23.952,583,50,0,0.01
2677,500,-6.5027111076749184,26.724,27.908,592,46,0,0.01
2678,500,29.937393000296932,21.588,22.758,585,48,0,0.01
2679,500,19.47139859210939,22.544,23.706,581,48,0,0.01
2680,500,12.775981995996602,23.478,24.64,581,49,0,0.01
2681,500,-9.071239276369418,22.12,23.188,534,49,0,0.01
2682,500,-14.106239113691476,25.68,26.816,568,46,0,0.01
2683,500,24.79274046930199,20.904,22.022,559,44,0,0.01
2684,500,15.600421227462531,22.202,23.344,571,48,0,0.01
2685,500,2.772247162619613,23.576,24.718,571,49,0,0.01
2686,500,5.078128975111824,26.546,27.786,620,46,0,0.01
2687,500,3.448865841544591,22.592,23.726,567,52,0,0.01
2688,500,29.32714744162034,21.598,22.79,596,48,0,0.01
2689,500,23.524767123210722,22.45,23.614,582,45,0,0.01
2690,500,-22.822388048161944,26.474,27.586,556,43,0,0.01
2691,500,-21.58903725566663,24.29,25.386,548,49,0,0.01
2692,500,2.5641417091256358,21.6,22.65,525,44,0,0.01
2693,500,13.44365837611625,21.0,22.118,559,47,0,0.01
2694,500,5.486503356942498,23.52,24.65,565,48,0,0.01
2695,500,9.302679126538019,20.562,21.638,538,51,0,0.01
2696,500,30.618169379998392,21.818,22.994,588,49,0,0.01
2697,500,-1.1499182778920836,22.638,23.7,531,45,0,0.01
2698,500,-14.73841772220066,29.046,30.286,620,45,0,0.01
2699,209,-48.252643703782425,27.349282296650717,28.339712918660286,207,23,1,0.01
2700,500,-20.546131046071228,25.916,27.058,571,48,0,0.01
2701,500,8.835760170539993,22.98,24.124,572,47,0,0.01
2702,500,2.443854906612618,22.552,23.636,542,45,0,0.01
2703,500,4.580060140012996,23.11,24.238,564,48,0,0.01
2704,500,29.805631566806294,19.586,20.73,572,50,0,0.01
2705,500,-6.7883130818413795,23.822,24.968,573,48,0,0.01
2706,332,-36.708384859204315,26.746987951807228,27.846385542168676,365,30,1,0.01
2707,500,2.310521833930063,23.552,24.68,564,48,0,0.01
2708,500,-14.548785015625262,26.684,27.832,574,45,0,0.01
2709,500,14.018603190644134,21.556,22.674,559,49,0,0.01
2710,500,-15.179503686855126,28.652,29.898,623,48,0,0.01
2711,500,-16.55831317704287,25.82,26.968,574,47,0,0.01
2712,500,43.465562116507485,19.194,20.356,581,51,0,0.01
2713,500,15.112510707302636,22.306,23.43,562,45,0,0.01
2714,500,7.408698106895514,22.796,23.936,570,49,0,0.01
2715,500,24.22922746138152,21.468,22.6,566,48,0,0.01
2716,500,-0.06962091015651117,25.478,26.652,587,45,0,0.01
2717,500,22.266515386539123,22.21,23.412,601,53,0,0.01
2718,500,-8.792200328580165,26.274,27.448,587,47,0,0.01
2719,500,-2.5472840437058295,25.046,26.2,577,41,0,0.01
2720,500,3.311407956986785,24.8,25.994,597,48,0,0.01
2721,500,11.756864444392018,22.656,23.778,561,43,0,0.01
2722,500,19.634806215922037,21.508,22.652,572,51,0,0.01
2723,189,-35.23015377758768,25.455026455026456,26.40740740740741,180,14,1,0.01
2724,500,32.04871877641446,21.256,22.424,584,47,0,0.01
2725,500,11.938671214772999,24.358,25.564,603,46,0,0.01
2726,500,12.829845205117607,24.246,25.44,597,48,0,0.01
2727,500,27.83199244826183,20.58,21.712,566,48,0,0.01
2728,500,1.3168285675806213,23.19,24.296,553,47,0,0.01
2729,500,14.505948688702862,22.528,23.674,573,49,0,0.01
2730,500,-5.363965396363318,26.112,27.33,609,48,0,0.01
2731,500,-25.609613278011555,26.354,27.492,569,46,0,0.01
2732,500,15.992512440035117,23.71,24.89,590,46,0,0.01
2733,500,20.968734040704366,22.848,24.024,588,49,0,0.01
2734,500,-25.050533811341076,27.108,28.25,571,49,0,0.01
2735,500,27.34414380325329,20.866,21.978,556,43,0,0.01
2736,500,-8.529061407279286,26.218,27.394,588,46,0,0.01
2737,500,3.9925933659677932,22.288,23.394,553,49,0,0.01
2738,500,18.514528205530247,20.91,22.016,553,49,0,0.01
2739,500,7.764057624290511,24.048,25.212,582,48,0,0.01
2740,500,17.49358272200715,23.956,25.15,597,47,0,0.01
2741,500,2.3839116239352,22.424,23.518,547,49,0,0.01
2742,500,13.080051347891729,24.64,25.85,605,49,0,0.01
2743,500,-4.944475909264355,26.466,27.68,607,48,0,0.01
2744,500,-25.43258020061728,28.738,29.932,597,46,0,0.01
2745,500,-25.12975764083586,28.068,29.226,579,48,0,0.01
2746,500,8.946673984300405,22.366,23.474,554,48,0,0.01
2747,500,12.704494061451355,22.888,24.014,563,43,0,0.01
2748,500,-1.4334669700562903,26.35,27.546,598,46,0,0.01
2749,500,12.859598655292212,21.942,23.058,558,45,0,0.01
2750,500,-20.40417384246135,27.134,28.308,587,47,0,0.01
2751,500,10.87180309331381,23.96,25.126,583,43,0,0.01
2752,500,16.468557530562684,21.326,22.4,537,44,0,0.01
2753,500,10.228963022915885,25.024,26.218,597,46,0,0.01
2754,500,2.41072550238796,23.468,24.592,562,45,0,0.01
2755,500,18.525643310798504,24.31,25.512,601,43,0,0.01
2756,500,-9.844161682241324,23.792,24.862,535,43,0,0.01
2757,500,-3.2307865267724987,25.444,26.606,581,47,0,0.01
2758,500,-7.268104084562462,25.866,27.026,580,47,0,0.01
2759,500,-12.194865887762626,27.6,28.838,619,50,0,0.01
2760,500,-0.9376074097812843,21.466,22.538,536,50,0,0.01
2761,500,9.136199711770635,26.706,27.948,621,44,0,0.01
2762,500,5.422505606471344,22.678,23.786,554,46,0,0.01
2763,500,3.187662807952339,24.298,25.486,594,48,0,0.01
2764,500,22.180779003810663,23.696,24.892,598,45,0,0.01
2765,500,6.921034764149882,23.078,24.216,569,44,0,0.01
2766,500,-3.265183563621976,24.134,25.252,559,47,0,0.01
2767,500,-19.6796490978258,27.466,28.612,573,45,0,0.01
2768,500,2.117955091485225,24.146,25.294,574,48,0,0.01
2769,500,7.775407858583057,25.618,26.854,618,47,0,0.01
2770,500,6.987088896363753,22.352,23.464,556,45,0,0.01
2771,500,32.29447721662783,18.484,19.562,539,47,0,0.01
2772,500,10.664501370405132,23.13,24.286,578,48,0,0.01
2773,500,13.524933697883469,24.608,25.834,613,50,0,0.01
2774,500,-22.641931626068395,25.394,26.498,552,42,0,0.01
2775,500,21.281568534880943,22.934,24.114,590,47,0,0.01
2776,500,-12.996129676898674,22.816,23.884,534,49,0,0.01
2777,500,11.681919953055267,22.598,23.722,562,45,0,0.01
2778,500,23.990957415512348,21.982,23.15,584,47,0,0.01
2779,500,5.432858015794435,24.62,25.79,585,46,0,0.01
2780,500,12.718445505458776,22.44,23.572,566,46,0,0.01
2781,500,14.441696758426096,25.128,26.344,608,45,0,0.01
2782,500,19.36379739070881,22.888,24.044,578,45,0,0.01
2783,500,27.094523523091503,19.81,20.886,538,43,0,0.01
2784,500,20.81995344156539,19.79,20.83,520,42,0,0.01
2785,500,2.6803256836222786,23.196,24.324,564,47,0,0.01
2786,500,-19.590887494635183,26.26,27.416,578,48,0,0.01
2787,500,6.3024645148337735,22.288,23.386,549,46,0,0.01
2788,500,27.340707763781886,21.322,22.456,567,43,0,0.01
2789,500,5.662793932520602,23.86,25.0,570,44,0,0.01
2790,500,11.354621429417872,24.692,25.922,615,50,0,0.01
2791,500,5.523266151291394,24.132,25.268,568,45,0,0.01
2792,500,8.863508855463262,22.464,23.584,560,47,0,0.01
2793,500,-20.8773221856372,24.376,25.482,553,49,0,0.01
2794,500,-4.2769962334153515,23.064,24.138,537,45,0,0.01
2795,500,19.398141021337054,21.912,23.068,578,50,0,0.01
2796,500,-5.396045856092578,26.97,28.13,580,40,0,0.01
2797,500,13.674120393224422,21.972,23.076,552,43,0,0.01
2798,500,4.760837986253213,24.868,26.058,595,46,0,0.01
2799,360,-36.11701700030045,27.961111111111112,29.125,419,32,1,0.01
2800,500,-15.143414193588638,24.292,25.384,546,45,0,0.01
2801,500,14.892298189726066,23.326,24.52,597,51,0,0.01
2802,500,-16.51321511020329,27.664,28.888,612,48,0,0.01
2803,500,-2.8515372313251097,25.364,26.534,585,48,0,0.01
2804,500,27.209185685157664,22.622,23.784,581,44,0,0.01
2805,500,-1.825230079281951,23.55,24.674,562,49,0,0.01
2806,500,1.8900872817005712,24.796,25.99,597,48,0,0.01
2807,500,-1.9383870435867576,24.26,25.368,554,42,0,0.01
2808,500,20.85323883861156,20.54,21.624,542,45,0,0.01
2809,500,-2.6401209552012346,25.084,26.226,571,42,0,0.01
2810,500,20.622149924250877,20.462,21.572,555,48,0,0.01
2811,500,21.83486346563214,21.224,22.332,554,45,0,0.01
2812,500,7.36883095588193,25.44,26.658,609,47,0,0.01
2813,500,24.14575474651755,22.742,23.924,591,46,0,0.01
2814,500,16.469517253969585,24.178,25.398,610,49,0,0.01
2815,500,9.205427401383016,19.856,20.844,494,42,0,0.01
2816,500,11.160890287330838,23.54,24.698,579,46,0,0.01
2817,500,17.618006384785435,23.784,24.978,597,50,0,0.01
2818,500,-1.1523872683741332,22.876,23.974,549,48,0,0.01
2819,500,10.495785161102493,24.67,25.87,600,47,0,0.01
2820,500,-12.503547403970304,23.71,24.756,523,43,0,0.01
2821,500,23.88801673864693,21.732,22.924,596,53,0,0.01
2822,500,-3.0701774633275334,24.462,25.594,566,45,0,0.01
2823,500,27.36002966843064,20.532,21.654,561,46,0,0.01
2824,500,-9.16427907437022,25.31,26.468,579,48,0,0.01
2825,500,29.030230234983446,22.064,23.24,588,49,0,0.01
2826,500,12.021546018634675,21.758,22.884,563,50,0,0.01
2827,500,2.9398417966500365,22.104,23.166,531,43,0,0.01
2828,500,-16.908217728404033,26.828,27.99,581,49,0,0.01
2829,500,16.29760778299343,21.824,22.93,553,45,0,0.01
2830,500,12.996707919182995,21.142,22.228,543,48,0,0.01
2831,500,26.03497200864232,20.602,21.708,553,47,0,0.01
2832,500,3.232172079101997,23.772,24.932,580,50,0,0.01
2833,500,-22.211428476953948,30.674,31.946,636,45,0,0.01
2834,500,-3.2466847635309124,23.28,24.386,553,45,0,0.01
2835,500,6.968436713337531,24.002,25.2,599,52,0,0.01
2836,500,-6.539919076473216,22.93,24.032,551,50,0,0.01
2837,500,39.65472570838203,21.454,22.66,603,50,0,0.01
2838,500,9.508379577622325,25.554,26.78,613,48,0,0.01
2839,500,-26.546364385365795,29.776,30.998,611,48,0,0.01
2840,334,-40.29104619470938,26.44311377245509,27.49700598802395,352,32,1,0.01
2841,500,15.378809181219399,23.286,24.44,577,49,0,0.01
2842,500,21.238394307360117,20.712,21.842,565,52,0,0.01
2843,500,15.751298099636657,22.494,23.646,576,49,0,0.01
2844,500,29.950624895920424,22.066,23.23,582,44,0,0.01
2845,500,12.046054548200583,22.166,23.296,565,48,0,0.01
2846,500,-2.332368386420398,25.948,27.142,597,44,0,0.01
2847,500,1.4646575890516857,20.802,21.846,522,46,0,0.01
2848,500,16.512688225221744,22.838,23.998,580,48,0,0.01
2849,500,20.855339834454224,22.772,23.942,585,50,0,0.01
2850,500,0.3347139853478778,26.698,27.934,618,48,0,0.01
2851,500,37.10920656387299,20.384,21.548,582,50,0,0.01
2852,500,16.79815375431329,22.388,23.538,575,45,0,0.01
2853,500,-30.88764691872074,30.502,31.742,620,45,0,0.01
2854,500,20.513469648757045,22.098,23.266,584,49,0,0.01
2855,500,21.80944064691576,22.24,23.412,586,47,0,0.01
2856,500,18.32937951334818,21.168,22.288,560,47,0,0.01
2857,500,5.89188443763903,21.066,22.144,539,48,0,0.01
2858,500,24.217034748558813,20.916,22.058,571,49,0,0.01
2859,500,11.60167713488856,23.006,24.15,572,45,0,0.01
2860,500,34.96097404897486,20.446,21.562,558,44,0,0.01
2861,500,30.612180491034692,20.95,22.11,580,51,0,0.01
2862,500,8.096274431728414,22.03,23.112,541,44,0,0.01
2863,500,10.591912054716635,21.902,23.034,566,49,0,0.01
2864,500,11.79885489829825,24.174,25.356,591,47,0,0.01
2865,500,14.836285624539773,23.608,24.818,605,53,0,0.01
2866,500,-21.907178222412195,27.304,28.446,571,44,0,0.01
2867,500,19.901195874431465,21.02,22.116,548,46,0,0.01
2868,500,12.209030835683718,21.962,23.106,572,50,0,0.01
2869,500,15.72893892613603,21.036,22.136,550,50,0,0.01
2870,500,14.793955342087877,21.904,23.034,565,53,0,0.01
2871,500,32.33439223801009,23.202,24.446,622,51,0,0.01
2872,500,9.285303691449112,23.434,24.586,576,49,0,0.01
2873,500,35.93261866092807,21.186,22.368,591,49,0,0.01
2874,500,26.475966465512997,21.974,23.146,586,47,0,0.01
2875,500,12.642337757827427,21.602,22.73,564,49,0,0.01
2876,500,-6.38137486370106,25.62,26.786,583,46,0,0.01
2877,500,17.79367853204114,22.914,24.084,585,48,0,0.01
2878,500,9.192236540399698,19.126,20.138,506,50,0,0.01
2879,500,13.162441732393788,21.136,22.23,547,51,0,0.01
2880,500,6.58061490345413,22.104,23.214,555,47,0,0.01
2881,500,1.0294195020068178,24.57,25.756,593,51,0,0.01
2882,500,10.3495881874359,22.722,23.85,564,46,0,0.01
2883,500,27.377224847255288,23.252,24.448,598,45,0,0.01
2884,500,6.024399774953538,26.06,27.278,609,47,0,0.01
2885,500,14.208063463503201,21.622,22.78,579,53,0,0.01
2886,500,30.40924228848549,21.254,22.42,583,46,0,0.01
2887,500,25.716552118929084,22.022,23.194,586,50,0,0.01
2888,500,-16.178469550052977,22.994,24.074,540,48,0,0.01
2889,500,28.90921004596658,19.908,21.008,550,49,0,0.01
2890,407,-19.054213928486245,23.636363636363637,24.754299754299755,455,39,1,0.01
2891,500,20.43220848830083,23.014,24.178,582,46,0,0.01
2892,500,31.979670522909892,22.078,23.25,586,45,0,0.01
2893,500,24.68132204205299,21.22,22.34,560,47,0,0.01
2894,500,22.4104143369013,20.492,21.588,548,46,0,0.01
2895,500,9.252122670733172,24.13,25.316,593,47,0,0.01
2896,500,29.068485532321535,23.15,24.38,615,47,0,0.01
2897,500,-6.26833253438662,23.542,24.634,546,48,0,0.01
2898,500,28.938093821090764,22.868,24.072,602,44,0,0.01
2899,500,23.603353473601942,21.912,23.084,586,47,0,0.01
2900,500,18.910355718018643,23.876,25.082,603,46,0,0.01
2901,500,16.74598804760794,21.498,22.606,554,48,0,0.01
2902,500,3.818424303552426,24.104,25.27,583,50,0,0.01
2903,500,5.334693468027797,26.814,28.046,616,44,0,0.01
2904,500,32.672647761173096,20.246,21.372,563,46,0,0.01
2905,500,-4.154854145935115,25.702,26.864,581,46,0,0.01
2906,500,15.071849761172665,23.176,24.332,578,43,0,0.01
2907,500,0.7640869337318303,22.406,23.49,542,45,0,0.01
2908,500,22.550213392324693,24.314,25.56,623,49,0,0.01
2909,500,21.13106112388502,21.648,22.778,565,45,0,0.01
2910,500,23.679060984074933,23.918,25.128,605,45,0,0.01
2911,500,11.03900774884597,23.578,24.71,566,42,0,0.01
2912,500,25.893067888062543,21.14,22.272,566,45,0,0.01
2913,500,12.93612894713189,23.502,24.66,579,46,0,0.01
2914,500,18.357337597314224,24.584,25.818,617,49,0,0.01
2915,500,8.679636588027279,23.374,24.532,579,46,0,0.01
2916,500,16.959544887675815,21.722,22.824,551,44,0,0.01
2917,500,16.854704145080447,25.256,26.49,617,48,0,0.01
2918,500,35.61804530650457,20.924,22.118,597,51,0,0.01
2919,500,13.454389038738789,20.374,21.454,540,47,0,0.01
2920,500,-5.068755304419872,26.886,28.1,607,41,0,0.01
2921,500,0.9707116094353733,25.386,26.568,591,44,0,0.01
2922,500,29.129105862203957,21.068,22.23,581,51,0,0.01
2923,500,4.0648721625518895,21.7,22.724,512,41,0,0.01
2924,500,14.55216539773703,21.332,22.436,552,47,0,0.01
2925,500,-32.505435744501376,29.012,30.2,594,44,0,0.01
2926,500,38.12644977972904,19.288,20.408,560,45,0,0.01
2927,500,-6.429981103823463,24.128,25.23,551,43,0,0.01
2928,500,3.9721803388357966,22.402,23.524,561,49,0,0.01
2929,500,17.798224421585928,20.992,22.082,545,44,0,0.01
2930,500,29.284808367047127,21.468,22.64,586,47,0,0.01
2931,500,17.11774715898121,21.67,22.772,551,45,0,0.01
2932,500,11.754096660004413,22.476,23.622,573,50,0,0.01
2933,500,-9.208830846698794,24.552,25.668,558,47,0,0.01
2934,500,0.21437377661360324,25.364,26.59,613,54,0,0.01
2935,500,26.341522076218357,22.984,24.166,591,43,0,0.01
2936,500,-13.219559396400346,27.77,28.95,590,42,0,0.01
2937,500,20.030960365218608,21.666,22.814,574,50,0,0.01
2938,500,34.23119233534044,20.838,22.014,588,50,0,0.01
2939,500,-1.9882894056187985,22.668,23.784,558,45,0,0.01
2940,500,-0.8382452502801612,23.97,25.088,559,45,0,0.01
2941,500,15.299502312870839,23.14,24.326,593,50,0,0.01
2942,500,10.010968738947259,21.596,22.682,543,45,0,0.01
2943,500,20.670355927214946,23.142,24.34,599,48,0,0.01
2944,500,13.301960721501686,22.438,23.596,579,49,0,0.01
2945,500,29.432783769062013,21.864,23.028,582,45,0,0.01
2946,500,-0.38720890319082724,25.448,26.598,575,42,0,0.01
2947,500,-25.843282561575975,28.688,29.918,615,47,0,0.01
2948,500,-3.2150551878779527,24.94,26.1,580,50,0,0.01
2949,500,-9.631156672537038,28.006,29.236,615,46,0,0.01
2950,500,19.064534297510292,22.896,24.096,600,49,0,0.01
2951,500,24.659776857797638,20.91,22.032,561,46,0,0.01
2952,500,8.354589510090126,23.912,25.044,566,45,0,0.01
2953,500,5.0482778278071345,23.294,24.42,563,46,0,0.01
2954,500,-8.0689629137328,24.972,26.11,569,44,0,0.01
2955,500,8.53374019799619,23.87,25.026,578,42,0,0.01
2956,500,20.22399100970298,22.112,23.262,575,48,0,0.01
2957,500,5.898028176076658,22.634,23.726,546,44,0,0.01
2958,500,30.09564688809364,21.776,22.942,583,47,0,0.01
2959,500,0.26142384886555226,24.234,25.39,578,45,0,0.01
2960,500,-16.912672433356185,27.282,28.446,582,44,0,0.01
2961,500,10.983898567767833,21.414,22.53,558,52,0,0.01
2962,500,8.729423668686742,22.518,23.616,549,46,0,0.01
2963,500,19.788759925049455,22.28,23.454,587,53,0,0.01
2964,500,3.3520381271366393,24.124,25.27,573,46,0,0.01
2965,500,11.259848630213856,23.12,24.262,571,48,0,0.01
2966,500,3.4005378780077145,21.634,22.712,539,45,0,0.01
2967,500,18.702241149212366,22.904,24.112,604,50,0,0.01
2968,500,25.04579678893514,21.484,22.626,571,48,0,0.01
2969,500,28.653470124147088,21.26,22.41,575,47,0,0.01
2970,500,1.8011056976162303,21.598,22.656,529,45,0,0.01
2971,500,-1.262519335408085,23.276,24.406,565,50,0,0.01
2972,500,11.367202331009,22.088,23.224,568,51,0,0.01
2973,500,19.425963629801654,23.586,24.756,585,41,0,0.01
2974,500,-25.91144941483123,25.684,26.81,563,50,0,0.01
2975,500,2.385407706384176,26.97,28.218,624,48,0,0.01
2976,500,-6.613475441151123,21.94,22.994,527,44,0,0.01
2977,500,20.29227835699231,21.918,23.058,570,45,0,0.01
2978,500,22.900568653987833,21.352,22.49,569,51,0,0.01
2979,500,31.782298341924978,21.938,23.138,600,48,0,0.01
2980,500,7.831707492476095,24.276,25.454,589,46,0,0.01
2981,500,34.557875686924106,21.076,22.232,578,47,0,0.01
2982,500,25.53233823321745,20.76,21.872,556,44,0,0.01
2983,500,6.858551003561325,24.144,25.29,573,45,0,0.01
2984,500,-18.704446809019334,25.578,26.71,566,43,0,0.01
2985,500,22.205212143296507,20.438,21.518,540,45,0,0.01
2986,500,24.44884646757216,23.63,24.868,619,49,0,0.01
2987,500,19.987355124559294,20.826,21.932,553,48,0,0.01
2988,500,20.518757716926935,21.71,22.848,569,47,0,0.01
2989,500,12.764426762277523,22.524,23.662,569,45,0,0.01
2990,500,8.577219898622852,22.3,23.454,577,51,0,0.01
2991,500,-8.888423452785599,24.982,26.104,561,45,0,0.01
2992,500,-23.39078709736407,28.324,29.484,580,41,0,0.01
2993,500,28.349333361248,25.032,26.316,642,48,0,0.01
2994,500,4.8617685286775565,20.788,21.854,533,48,0,0.01
2995,500,0.558960130207051,25.998,27.196,599,46,0,0.01
2996,500,10.081851760098878,24.48,25.68,600,49,0,0.01
2997,500,12.877986076661635,23.222,24.376,577,46,0,0.01
2998,500,-3.5302261301126405,23.882,25.01,564,52,0,0.01
2999,500,-12.801420580779912,24.792,25.9,554,44,0,0.01
3000,500,-20.7299718911449,27.712,28.87,579,43,0,0.01
