episode,steps,cumulative_reward,average_queue_length,average_waiting_time,total_throughput,phase_switches,overflow_count,epsilon
1,120,-7226.0,60.025,60.21666666666667,23,54,1,1.0
2,160,-10992.0,68.3625,68.7,54,65,1,0.995
3,129,-8251.0,63.72868217054263,63.96124031007752,30,57,1,0.990025
4,128,-9087.0,70.7265625,70.9921875,34,55,1,0.985074875
5,139,-7275.0,52.07194244604317,52.33812949640288,37,59,1,0.9801495006250001
6,144,-10921.0,75.60416666666667,75.84027777777777,34,64,1,0.9752487531218751
7,145,-9926.0,68.18620689655172,68.45517241379311,39,62,1,0.9703725093562657
8,165,-12055.0,72.7939393939394,73.06060606060606,44,72,1,0.9655206468094844
9,142,-8990.0,63.04225352112676,63.309859154929576,38,62,1,0.960693043575437
10,138,-8313.0,59.869565217391305,60.23913043478261,51,56,1,0.9558895783575597
11,184,-12920.0,69.8695652173913,70.21739130434783,64,75,1,0.9511101304657719
12,131,-7744.0,58.847328244274806,59.11450381679389,35,56,1,0.946354579813443
13,110,-5759.0,52.027272727272724,52.35454545454545,36,46,1,0.9416228069143757
14,150,-9974.0,66.20666666666666,66.49333333333334,43,64,1,0.9369146928798039
15,157,-9934.0,62.98089171974522,63.27388535031847,46,66,1,0.9322301194154049
16,149,-10234.0,68.3758389261745,68.68456375838926,46,63,1,0.9275689688183278
17,128,-8068.0,62.78125,63.03125,32,56,1,0.9229311239742362
18,139,-9334.0,66.96402877697842,67.15107913669065,26,63,1,0.918316468354365
19,96,-5286.0,54.75,55.0625,30,40,1,0.9137248860125932
20,102,-4885.0,47.55882352941177,47.8921568627451,34,43,1,0.9091562615825302
21,105,-5770.0,54.7047619047619,54.95238095238095,26,46,1,0.9046104802746175
22,163,-11285.0,68.85889570552148,69.23312883435582,61,66,1,0.9000874278732445
23,159,-11608.0,72.71069182389937,73.00628930817611,47,68,1,0.8955869907338783
24,132,-9512.0,71.90151515151516,72.06060606060606,21,60,1,0.8911090557802088
25,130,-8494.0,65.13076923076923,65.33846153846154,27,58,1,0.8866535105013078
26,178,-13381.0,74.85393258426966,75.17415730337079,57,73,1,0.8822202429488013
27,132,-9116.0,68.8030303030303,69.06060606060606,34,57,1,0.8778091417340573
28,114,-6633.0,57.95614035087719,58.18421052631579,26,51,1,0.8734200960253871
29,117,-7098.0,60.47008547008547,60.666666666666664,23,52,1,0.8690529955452602
30,148,-10104.0,68.06756756756756,68.27027027027027,30,66,1,0.8647077305675338
31,148,-9552.0,64.19594594594595,64.54054054054055,51,61,1,0.8603841919146962
32,126,-7729.0,61.03174603174603,61.34126984126984,39,53,1,0.8560822709551227
33,124,-7710.0,61.92741935483871,62.17741935483871,31,54,1,0.851801859600347
34,151,-10937.0,72.10596026490066,72.43046357615894,49,63,1,0.8475428503023453
35,142,-8843.0,61.985915492957744,62.274647887323944,41,60,1,0.8433051360508336
36,124,-9248.0,74.39516129032258,74.58064516129032,23,56,1,0.8390886103705794
37,131,-8041.0,61.12213740458015,61.38167938931298,34,57,1,0.8348931673187264
38,102,-4792.0,46.65686274509804,46.98039215686274,33,42,1,0.8307187014821328
39,160,-11004.0,68.45625,68.775,51,67,1,0.8265651079747222
40,124,-6982.0,55.983870967741936,56.306451612903224,40,52,1,0.8224322824348486
41,134,-8197.0,60.90298507462686,61.17164179104478,36,57,1,0.8183201210226743
42,151,-10251.0,67.70198675496688,67.88741721854305,28,69,1,0.8142285204175609
43,131,-9132.0,69.48091603053435,69.70992366412214,30,58,1,0.810157377815473
44,123,-7934.0,64.16260162601625,64.5040650406504,42,51,1,0.8061065909263957
45,102,-5666.0,55.372549019607845,55.549019607843135,18,47,1,0.8020760579717637
46,145,-6832.0,46.744827586206895,47.11724137931034,54,57,1,0.798065677681905
47,128,-7235.0,56.1953125,56.5234375,42,53,1,0.7940753492934954
48,114,-7359.0,64.34210526315789,64.55263157894737,24,50,1,0.7901049725470279
49,110,-5505.0,49.64545454545455,50.04545454545455,44,43,1,0.7861544476842928
50,205,-15927.0,77.29268292682927,77.69268292682926,82,82,1,0.7822236754458713
51,150,-11057.0,73.48666666666666,73.71333333333334,34,67,1,0.778312557068642
52,152,-10816.0,70.86184210526316,71.15789473684211,45,65,1,0.7744209942832988
53,131,-9164.0,69.7175572519084,69.95419847328245,31,58,1,0.7705488893118823
54,165,-12002.0,72.49090909090908,72.73939393939393,41,72,1,0.7666961448653229
55,117,-7250.0,61.743589743589745,61.965811965811966,26,52,1,0.7628626641409962
56,115,-6302.0,54.48695652173913,54.8,36,49,1,0.7590483508202912
57,127,-8612.0,67.56692913385827,67.81102362204724,31,56,1,0.7552531090661897
58,132,-8956.0,67.54545454545455,67.84848484848484,40,56,1,0.7514768435208588
59,149,-9973.0,66.5503355704698,66.93288590604027,57,60,1,0.7477194593032545
60,104,-5416.0,51.80769230769231,52.07692307692308,28,45,1,0.7439808620067382
61,112,-6570.0,58.375,58.660714285714285,32,47,1,0.7402609576967045
62,150,-9737.0,64.59333333333333,64.91333333333333,48,63,1,0.736559652908221
63,140,-9205.0,65.39285714285714,65.75,50,58,1,0.7328768546436799
64,133,-6661.0,49.68421052631579,50.08270676691729,53,52,1,0.7292124703704616
65,160,-12092.0,75.0875,75.575,78,60,1,0.7255664080186093
66,171,-11246.0,65.21052631578948,65.76608187134502,95,61,1,0.7219385759785162
67,140,-9039.0,64.29285714285714,64.56428571428572,38,60,1,0.7183288830986236
68,175,-12605.0,71.64571428571429,72.02857142857142,67,71,1,0.7147372386831305
69,147,-10545.0,71.51020408163265,71.73469387755102,33,65,1,0.7111635524897149
70,126,-6006.0,47.36507936507937,47.666666666666664,38,54,1,0.7076077347272662
71,133,-8010.0,59.909774436090224,60.225563909774436,42,56,1,0.7040696960536299
72,141,-10074.0,71.23404255319149,71.44680851063829,30,62,1,0.7005493475733617
73,135,-8678.0,63.977777777777774,64.28148148148148,41,57,1,0.697046600835495
74,129,-7786.0,60.06976744186046,60.35658914728682,37,54,1,0.6935613678313175
75,129,-7447.0,57.52713178294574,57.72868217054263,26,58,1,0.6900935609921609
76,117,-6226.0,52.888888888888886,53.21367521367522,38,49,1,0.6866430931872001
77,113,-6956.0,61.309734513274336,61.557522123893804,28,49,1,0.6832098777212641
78,129,-8263.0,63.82170542635659,64.05426356589147,30,56,1,0.6797938283326578
79,151,-7516.0,49.42384105960265,49.77483443708609,53,62,1,0.6763948591909945
80,136,-8139.0,59.47794117647059,59.845588235294116,50,56,1,0.6730128848950395
81,192,-12611.0,65.29166666666667,65.68229166666667,75,77,1,0.6696478204705644
82,120,-5998.0,49.575,49.983333333333334,49,48,1,0.6662995813682115
83,140,-7981.0,56.57142857142857,57.00714285714286,61,54,1,0.6629680834613705
84,114,-7039.0,61.45614035087719,61.74561403508772,33,48,1,0.6596532430440636
85,114,-7107.0,62.026315789473685,62.3421052631579,36,48,1,0.6563549768288433
86,148,-10111.0,67.99324324324324,68.31756756756756,48,62,1,0.653073201944699
87,127,-7567.0,59.30708661417323,59.58267716535433,35,54,1,0.6498078359349755
88,101,-6350.0,62.65346534653465,62.87128712871287,22,45,1,0.6465587967553006
89,134,-7256.0,53.88805970149254,54.149253731343286,35,57,1,0.6433260027715241
90,147,-11092.0,75.3061224489796,75.45578231292517,22,68,1,0.6401093727576664
91,113,-7511.0,66.30973451327434,66.46902654867256,18,51,1,0.6369088258938781
92,130,-8747.0,66.91538461538461,67.28461538461538,48,53,1,0.6337242817644086
93,138,-9594.0,69.17391304347827,69.52173913043478,48,57,1,0.6305556603555866
94,171,-13086.0,76.18713450292398,76.52631578947368,58,71,1,0.6274028820538087
95,154,-7807.0,50.201298701298704,50.6948051948052,76,58,1,0.6242658676435396
96,148,-10101.0,67.98648648648648,68.25,39,64,1,0.6211445383053219
97,110,-5526.0,50.018181818181816,50.236363636363635,24,49,1,0.6180388156137953
98,135,-9654.0,71.25925925925925,71.5111111111111,34,59,1,0.6149486215357263
99,135,-9652.0,71.26666666666667,71.4962962962963,31,59,1,0.6118738784280476
100,118,-6168.0,52.00847457627118,52.271186440677965,31,50,1,0.6088145090359074
101,145,-9997.0,68.49655172413793,68.9448275862069,65,56,1,0.6057704364907278
102,147,-7581.0,50.965986394557824,51.57142857142857,89,51,1,0.6027415843082742
103,132,-8982.0,67.75757575757575,68.04545454545455,38,56,1,0.5997278763867329
104,161,-11046.0,68.12422360248448,68.6086956521739,78,61,1,0.5967292370047992
105,142,-8418.0,58.83098591549296,59.28169014084507,64,54,1,0.5937455908197752
106,115,-6242.0,53.93043478260869,54.278260869565216,40,47,1,0.5907768628656763
107,120,-6488.0,53.666666666666664,54.06666666666667,48,48,1,0.5878229785513479
108,164,-9236.0,55.859756097560975,56.31707317073171,75,63,1,0.5848838636585911
109,162,-10463.0,64.1358024691358,64.58641975308642,73,62,1,0.5819594443402982
110,135,-7359.0,54.17777777777778,54.51111111111111,45,56,1,0.5790496471185967
111,148,-8266.0,55.432432432432435,55.851351351351354,62,59,1,0.5761543988830038
112,135,-8622.0,63.44444444444444,63.86666666666667,57,53,1,0.5732736268885887
113,118,-7169.0,60.483050847457626,60.75423728813559,32,51,1,0.5704072587541458
114,168,-10292.0,60.773809523809526,61.26190476190476,82,64,1,0.567555222460375
115,138,-7078.0,50.833333333333336,51.289855072463766,63,51,1,0.5647174463480732
116,102,-5714.0,55.509803921568626,56.01960784313726,52,38,1,0.5618938591163328
117,133,-6273.0,46.64661654135338,47.16541353383459,69,49,1,0.5590843898207511
118,150,-8719.0,57.70666666666666,58.126666666666665,63,59,1,0.5562889678716474
119,127,-7414.0,57.98425196850393,58.37795275590551,50,51,1,0.5535075230322891
120,119,-7119.0,59.50420168067227,59.8235294117647,38,50,1,0.5507399854171277
121,123,-7141.0,57.926829268292686,58.05691056910569,16,56,1,0.547986285490042
122,141,-8691.0,61.234042553191486,61.638297872340424,57,56,1,0.5452463540625918
123,151,-8431.0,55.397350993377486,55.83443708609271,66,59,1,0.5425201222922789
124,200,-13910.0,69.09,69.55,92,77,1,0.5398075216808175
125,140,-8699.0,61.73571428571429,62.135714285714286,56,56,1,0.5371084840724134
126,116,-6143.0,52.68103448275862,52.956896551724135,32,49,1,0.5344229416520513
127,124,-7389.0,59.28225806451613,59.58870967741935,38,52,1,0.531750826943791
128,123,-7192.0,58.16260162601626,58.47154471544715,38,52,1,0.5290920728090721
129,108,-4568.0,41.898148148148145,42.2962962962963,43,43,1,0.5264466124450268
130,114,-5178.0,44.99122807017544,45.421052631578945,49,45,1,0.5238143793828016
131,115,-7513.0,65.15652173913044,65.33043478260869,20,53,1,0.5211953074858876
132,116,-6691.0,57.44827586206897,57.68103448275862,27,50,1,0.5185893309484582
133,153,-10288.0,66.91503267973856,67.24183006535948,50,64,1,0.5159963842937159
134,161,-11360.0,70.25465838509317,70.55900621118012,49,68,1,0.5134164023722473
135,148,-8758.0,58.770270270270274,59.17567567567568,60,59,1,0.510849320360386
136,147,-7988.0,54.06802721088435,54.34013605442177,40,64,1,0.5082950737585841
137,137,-6859.0,49.56934306569343,50.065693430656935,68,51,1,0.5057535983897912
138,109,-5031.0,45.73394495412844,46.15596330275229,46,43,1,0.5032248303978422
139,127,-6985.0,54.669291338582674,55.0,42,51,1,0.500708706245853
140,108,-5907.0,54.342592592592595,54.69444444444444,38,45,1,0.4982051627146237
141,131,-7952.0,60.412213740458014,60.70229007633588,38,56,1,0.49571413690105054
142,148,-10162.0,68.17567567567568,68.66216216216216,72,56,1,0.4932355662165453
143,138,-7403.0,53.39855072463768,53.64492753623188,34,60,1,0.4907693883854626
144,127,-8318.0,65.19685039370079,65.49606299212599,38,54,1,0.4883155414435353
145,107,-5149.0,47.822429906542055,48.12149532710281,32,46,1,0.4858739637363176
146,169,-9998.0,58.710059171597635,59.15976331360947,76,66,1,0.483444593917636
147,120,-5881.0,48.7,49.00833333333333,37,50,1,0.4810273709480478
148,159,-8675.0,54.069182389937104,54.55974842767296,78,60,1,0.47862223409330756
149,114,-6449.0,56.18421052631579,56.57017543859649,44,46,1,0.47622912292284103
150,153,-11338.0,73.84313725490196,74.10457516339869,40,66,1,0.4738479773082268
151,116,-7634.0,65.62068965517241,65.8103448275862,22,53,1,0.47147873742168567
152,142,-11003.0,77.26760563380282,77.48591549295774,31,62,1,0.46912134373457726
153,122,-7331.0,59.90983606557377,60.09016393442623,22,56,1,0.46677573701590436
154,183,-11828.0,64.21857923497268,64.63387978142076,76,73,1,0.46444185833082485
155,161,-10436.0,64.48447204968944,64.81987577639751,54,67,1,0.46211964903917074
156,109,-6820.0,62.27522935779817,62.56880733944954,32,47,1,0.4598090507939749
157,128,-6653.0,51.671875,51.9765625,39,54,1,0.457510005540005
158,130,-7602.0,58.06153846153846,58.47692307692308,54,50,1,0.45522245551230495
159,117,-6275.0,53.31623931623932,53.63247863247863,37,49,1,0.4529463432347434
160,160,-10732.0,66.8625,67.075,34,71,1,0.4506816115185697
161,102,-4757.0,46.333333333333336,46.63725490196079,31,41,1,0.4484282034609769
162,169,-9777.0,57.260355029585796,57.85207100591716,100,60,1,0.446186062443672
163,93,-4202.0,44.86021505376344,45.18279569892473,30,39,1,0.4439551321314536
164,142,-8297.0,58.056338028169016,58.429577464788736,53,57,1,0.4417353564707963
165,135,-7339.0,53.97037037037037,54.36296296296296,53,54,1,0.43952667968844233
166,88,-3601.0,40.47727272727273,40.92045454545455,39,33,1,0.43732904629000013
167,146,-8304.0,56.35616438356164,56.87671232876713,76,54,1,0.4351424010585501
168,132,-6972.0,52.10606060606061,52.81818181818182,94,42,1,0.43296668905325736
169,112,-6512.0,57.69642857142857,58.142857142857146,50,44,1,0.43080185560799106
170,146,-8479.0,57.58904109589041,58.07534246575342,71,54,1,0.4286478463299511
171,86,-3669.0,42.33720930232558,42.66279069767442,28,35,1,0.42650460709830135
172,165,-11524.0,69.16969696969697,69.84242424242424,111,54,1,0.42437208406280985
173,116,-6468.0,55.310344827586206,55.758620689655174,52,45,1,0.4222502236424958
174,151,-8514.0,55.86754966887417,56.384105960264904,78,55,1,0.42013897252428334
175,170,-9687.0,56.44117647058823,56.98235294117647,92,61,1,0.4180382776616619
176,153,-8981.0,58.27450980392157,58.69934640522876,65,60,1,0.4159480862733536
177,191,-12270.0,63.75916230366492,64.24083769633508,92,71,1,0.41386834584198684
178,150,-10130.0,67.04666666666667,67.53333333333333,73,56,1,0.4117990041127769
179,189,-11885.0,62.26984126984127,62.883597883597886,116,66,1,0.40974000909221303
180,189,-12024.0,63.04761904761905,63.61904761904762,108,67,1,0.40769130904675194
181,167,-9434.0,55.868263473053894,56.49101796407186,104,57,1,0.40565285250151817
182,171,-11833.0,68.64912280701755,69.19883040935673,94,62,1,0.4036245882390106
183,145,-8069.0,55.16551724137931,55.648275862068964,70,55,1,0.4016064652978155
184,105,-5712.0,54.27619047619048,54.4,13,49,1,0.3995984329713264
185,148,-8233.0,55.25,55.62837837837838,56,60,1,0.3976004408064698
186,147,-10157.0,68.70068027210884,69.0952380952381,58,59,1,0.39561243860243744
187,134,-8221.0,60.92537313432836,61.350746268656714,57,52,1,0.3936343764094253
188,132,-9126.0,68.71212121212122,69.13636363636364,56,52,1,0.39166620452737816
189,149,-10094.0,67.47651006711409,67.74496644295301,40,65,1,0.3897078735047413
190,154,-10172.0,65.67532467532467,66.05194805194805,58,63,1,0.3877593341372176
191,100,-4662.0,46.36,46.62,26,43,1,0.3858205374665315
192,129,-7505.0,57.74418604651163,58.17829457364341,56,49,1,0.38389143477919885
193,134,-7271.0,53.708955223880594,54.26119402985075,74,48,1,0.3819719776053028
194,115,-6448.0,55.53913043478261,56.06956521739131,61,42,1,0.3800621177172763
195,113,-5104.0,44.70796460176991,45.16814159292036,52,44,1,0.37816180712868996
196,147,-8999.0,60.91836734693877,61.21768707482993,44,62,1,0.37627099809304654
197,104,-5182.0,49.32692307692308,49.82692307692308,52,39,1,0.3743896431025813
198,147,-7863.0,53.04081632653061,53.48979591836735,66,57,1,0.37251769488706843
199,119,-7209.0,60.21008403361345,60.57983193277311,44,48,1,0.3706551064126331
200,131,-7142.0,54.152671755725194,54.51908396946565,48,54,1,0.36880183088056995
201,145,-8642.0,59.15862068965517,59.6,64,55,1,0.3669578217261671
202,120,-6318.0,52.166666666666664,52.65,58,43,1,0.36512303261753626
203,110,-5479.0,49.32727272727273,49.80909090909091,53,40,1,0.3632974174544486
204,121,-6015.0,49.256198347107436,49.710743801652896,55,46,1,0.3614809303671764
205,155,-9030.0,57.774193548387096,58.25806451612903,75,59,1,0.3596735257153405
206,130,-6200.0,47.23076923076923,47.69230769230769,60,50,1,0.3578751580867638
207,144,-6945.0,47.55555555555556,48.229166666666664,97,47,1,0.35608578229633
208,168,-10575.0,62.32738095238095,62.94642857142857,104,58,1,0.3543053533848483
209,100,-4704.0,46.48,47.04,56,36,1,0.35253382661792404
210,145,-7731.0,52.91724137931035,53.317241379310346,58,58,1,0.3507711574848344
211,95,-4872.0,51.06315789473684,51.28421052631579,21,36,1,0.34901730169741024
212,234,-15514.0,65.71794871794872,66.2991452991453,136,83,1,0.3472722151889232
213,105,-5723.0,54.06666666666667,54.50476190476191,46,41,1,0.3455358541129786
214,177,-10082.0,56.40677966101695,56.96045197740113,98,64,1,0.3438081748424137
215,120,-7450.0,61.7,62.083333333333336,46,47,1,0.3420891339682016
216,196,-10553.0,53.28061224489796,53.84183673469388,110,71,1,0.3403786882983606
217,163,-8005.0,48.4478527607362,49.11042944785276,108,55,1,0.3386767948568688
218,139,-8067.0,57.64748201438849,58.03597122302158,54,56,1,0.33698341088258443
219,141,-7350.0,51.63120567375886,52.12765957446808,70,53,1,0.3352984938281715
220,130,-8257.0,63.1,63.51538461538462,54,51,1,0.33362200135903064
221,152,-8019.0,52.01973684210526,52.75657894736842,112,48,1,0.33195389135223546
222,146,-8422.0,57.273972602739725,57.68493150684932,60,57,1,0.3302941218954743
223,103,-5748.0,55.398058252427184,55.80582524271845,42,40,1,0.32864265128599696
224,158,-9600.0,60.379746835443036,60.75949367088607,60,64,1,0.326999438029567
225,97,-4128.0,42.1958762886598,42.55670103092783,35,38,1,0.3253644408394192
226,128,-5780.0,44.8125,45.15625,44,53,1,0.3237376186352221
227,140,-8643.0,61.24285714285714,61.73571428571429,69,50,1,0.322118930542046
228,107,-5092.0,46.93457943925234,47.58878504672897,70,36,1,0.32050833588933575
229,131,-7213.0,54.58015267175573,55.06106870229008,63,47,1,0.31890579420988907
230,171,-9949.0,57.60233918128655,58.1812865497076,99,57,1,0.3173112652388396
231,152,-8897.0,58.098684210526315,58.5328947368421,66,58,1,0.3157247089126454
232,102,-5041.0,49.009803921568626,49.42156862745098,42,41,1,0.3141460853680822
233,107,-6009.0,55.822429906542055,56.1588785046729,36,45,1,0.3125753549412418
234,184,-10169.0,54.69021739130435,55.266304347826086,106,65,1,0.31101247816653554
235,104,-4841.0,46.08653846153846,46.54807692307692,48,40,1,0.30945741577570285
236,157,-9272.0,58.52229299363057,59.05732484076433,84,57,1,0.3079101286968243
237,165,-9867.0,59.10909090909091,59.8,114,54,1,0.3063705780533402
238,145,-7604.0,51.92413793103448,52.44137931034483,75,52,1,0.30483872516307353
239,110,-5513.0,49.518181818181816,50.11818181818182,66,38,1,0.3033145315372582
240,138,-7074.0,50.82608695652174,51.26086956521739,60,44,1,0.3017979588795719
241,176,-10338.0,58.07386363636363,58.73863636363637,117,58,1,0.30028896908517405
242,147,-7277.0,48.863945578231295,49.50340136054422,94,49,1,0.2987875242397482
243,138,-8489.0,60.8768115942029,61.51449275362319,88,47,1,0.29729358661854943
244,115,-5459.0,46.93913043478261,47.469565217391306,61,42,1,0.29580711868545667
245,157,-10091.0,63.76433121019108,64.27388535031847,80,59,1,0.2943280830920294
246,112,-7182.0,63.794642857142854,64.125,37,47,1,0.29285644267656924
247,89,-4336.0,48.31460674157304,48.71910112359551,36,34,1,0.2913921604631864
248,133,-7952.0,59.43609022556391,59.78947368421053,47,52,1,0.28993519966087045
249,102,-6359.0,61.970588235294116,62.34313725490196,38,35,1,0.2884855236625661
250,151,-9259.0,61.026490066225165,61.317880794701985,44,64,1,0.28704309604425327
251,117,-6484.0,55.31623931623932,55.41880341880342,12,56,1,0.285607880564032
252,112,-6141.0,54.339285714285715,54.830357142857146,55,42,1,0.28417984116121187
253,109,-4824.0,43.87155963302752,44.25688073394495,42,43,1,0.2827589419554058
254,125,-4967.0,39.144,39.736,74,43,1,0.28134514724562876
255,147,-6291.0,42.36054421768708,42.795918367346935,64,56,1,0.2799384215094006
256,169,-8827.0,51.61538461538461,52.23076923076923,104,58,1,0.27853872940185365
257,104,-5501.0,52.53846153846154,52.89423076923077,37,43,1,0.27714603575484437
258,178,-10477.0,58.29775280898876,58.859550561797754,100,63,1,0.2757603055760701
259,172,-10618.0,61.26744186046512,61.73255813953488,80,66,1,0.2743815040481898
260,148,-8001.0,53.54054054054054,54.060810810810814,77,55,1,0.2730095965279488
261,135,-6560.0,47.97037037037037,48.592592592592595,84,47,1,0.27164454854530906
262,134,-6265.0,46.24626865671642,46.75373134328358,68,50,1,0.2702863258025825
263,157,-7958.0,50.28025477707006,50.68789808917197,64,59,1,0.2689348941735696
264,135,-8142.0,59.94074074074074,60.31111111111111,50,55,1,0.26759021970270175
265,148,-7938.0,53.11486486486486,53.63513513513514,77,53,1,0.2662522686041882
266,165,-8324.0,49.836363636363636,50.448484848484846,101,57,1,0.2649210072611673
267,172,-9203.0,52.70348837209303,53.50581395348837,138,49,1,0.26359640222486147
268,155,-7930.0,50.68387096774194,51.16129032258065,74,56,1,0.26227842021373715
269,136,-6909.0,50.213235294117645,50.8014705882353,80,48,1,0.2609670281126685
270,164,-9794.0,59.170731707317074,59.71951219512195,90,60,1,0.25966219297210513
271,151,-7004.0,45.93377483443709,46.384105960264904,68,52,1,0.2583638820072446
272,158,-10549.0,66.20886075949367,66.76582278481013,88,57,1,0.2570720625972084
273,129,-6912.0,52.89147286821706,53.58139534883721,89,42,1,0.25578670228422234
274,192,-11460.0,58.822916666666664,59.6875,166,55,1,0.25450776877280124
275,193,-10975.0,56.134715025906736,56.865284974093264,141,61,1,0.2532352299289372
276,159,-9479.0,59.0188679245283,59.61635220125786,95,53,1,0.2519690537792925
277,112,-5061.0,44.69642857142857,45.1875,55,42,1,0.2507092085103961
278,158,-8265.0,51.72784810126582,52.31012658227848,92,54,1,0.2494556624678441
279,180,-12055.0,66.38333333333334,66.97222222222223,106,63,1,0.24820838415550486
280,155,-9812.0,62.883870967741935,63.303225806451614,65,60,1,0.24696734223472733
281,132,-7074.0,53.07575757575758,53.59090909090909,68,48,1,0.2457325055235537
282,125,-5659.0,44.72,45.272,69,44,1,0.24450384299593592
283,136,-6971.0,50.669117647058826,51.25735294117647,80,45,1,0.24328132378095624
284,191,-10018.0,51.63350785340314,52.45026178010471,156,55,1,0.24206491716205145
285,141,-7653.0,53.58156028368794,54.276595744680854,98,45,1,0.2408545925762412
286,176,-10209.0,57.32386363636363,58.00568181818182,120,58,1,0.23965031961336
287,210,-11856.0,55.94285714285714,56.457142857142856,108,77,1,0.2384520680152932
288,151,-9632.0,63.45695364238411,63.788079470198674,50,63,1,0.23725980767521673
289,153,-7387.0,47.77124183006536,48.28104575163399,78,56,1,0.23607350863684065
290,161,-8324.0,51.04347826086956,51.701863354037265,106,53,1,0.23489314109365644
291,139,-7785.0,55.611510791366904,56.007194244604314,55,46,1,0.23371867538818816
292,105,-5550.0,52.02857142857143,52.857142857142854,87,29,1,0.23255008201124722
293,260,-15020.0,56.89230769230769,57.76923076923077,228,71,1,0.231387331601191
294,170,-8585.0,49.81764705882353,50.5,116,56,1,0.23023039494318503
295,170,-8423.0,49.10588235294118,49.54705882352941,75,60,1,0.2290792429684691
296,117,-7122.0,60.35897435897436,60.87179487179487,60,43,1,0.22793384675362674
297,123,-7301.0,58.86991869918699,59.357723577235774,60,46,1,0.22679417751985861
298,153,-8026.0,51.830065359477125,52.45751633986928,96,53,1,0.22566020663225933
299,116,-5580.0,47.758620689655174,48.10344827586207,40,48,1,0.22453190559909803
300,137,-7673.0,55.45985401459854,56.00729927007299,75,48,1,0.22340924607110255
301,120,-5675.0,46.80833333333333,47.291666666666664,58,46,1,0.22229219984074702
302,134,-5599.0,41.37313432835821,41.78358208955224,55,50,1,0.2211807388415433
303,165,-10019.0,60.21818181818182,60.72121212121212,83,59,1,0.22007483514733558
304,130,-5950.0,45.34615384615385,45.76923076923077,55,45,1,0.2189744609715989
305,175,-10798.0,61.074285714285715,61.70285714285714,110,56,1,0.2178795886667409
306,122,-6669.0,54.23770491803279,54.66393442622951,52,44,1,0.2167901907234072
307,128,-6719.0,52.0546875,52.4921875,56,47,1,0.21570623976979014
308,136,-7273.0,52.99264705882353,53.47794117647059,66,52,1,0.21462770857094118
309,134,-6273.0,46.21641791044776,46.8134328358209,80,46,1,0.21355457002808648
310,127,-5676.0,44.346456692913385,44.69291338582677,44,49,1,0.21248679717794605
311,147,-6638.0,44.54421768707483,45.156462585034014,90,45,1,0.21142436319205632
312,169,-9833.0,57.4792899408284,58.18343195266272,119,55,1,0.21036724137609603
313,145,-7437.0,50.73103448275862,51.289655172413795,81,52,1,0.20931540516921554
314,131,-6453.0,48.725190839694655,49.25954198473283,70,48,1,0.20826882814336947
315,120,-7135.0,58.99166666666667,59.458333333333336,56,46,1,0.20722748400265262
316,111,-5556.0,49.711711711711715,50.054054054054056,38,39,1,0.20619134658263935
317,124,-7089.0,56.57258064516129,57.16935483870968,74,44,1,0.20516038984972615
318,188,-11481.0,60.526595744680854,61.069148936170215,102,69,1,0.2041345879004775
319,140,-10631.0,75.67142857142858,75.93571428571428,37,61,1,0.2031139149609751
320,138,-7849.0,56.67391304347826,56.8768115942029,28,61,1,0.20209834538617025
321,160,-10509.0,65.29375,65.68125,62,64,1,0.2010878536592394
322,148,-8154.0,54.608108108108105,55.0945945945946,72,56,1,0.2000824143909432
323,114,-5754.0,49.85964912280702,50.473684210526315,70,38,1,0.19908200231898848
324,112,-5506.0,48.892857142857146,49.160714285714285,30,49,1,0.19808659230739353
325,156,-10281.0,65.33974358974359,65.90384615384616,88,53,1,0.19709615934585656
326,83,-3940.0,46.80722891566265,47.46987951807229,55,24,1,0.19611067854912728
327,120,-6779.0,55.94166666666667,56.49166666666667,66,44,1,0.19513012515638165
328,127,-5248.0,40.79527559055118,41.32283464566929,67,43,1,0.19415447453059972
329,154,-7165.0,45.8051948051948,46.52597402597402,111,48,1,0.19318370215794672
330,181,-7978.0,43.353591160220994,44.07734806629834,131,55,1,0.192217783647157
331,166,-8035.0,47.65060240963855,48.403614457831324,125,50,1,0.1912566947289212
332,142,-6668.0,46.274647887323944,46.95774647887324,97,40,1,0.1903004112552766
333,109,-4384.0,39.678899082568805,40.22018348623853,59,39,1,0.18934890919900021
334,128,-5930.0,45.8046875,46.328125,67,45,1,0.18840216465300522
335,177,-9713.0,54.175141242937855,54.87570621468927,124,51,1,0.18746015382974018
336,158,-7756.0,48.29746835443038,49.08860759493671,125,47,1,0.1865228530605915
337,389,-21657.0,54.81491002570694,55.673521850899746,334,103,1,0.18559023879528855
338,219,-12598.0,56.81278538812786,57.52511415525114,156,64,1,0.1846622876013121
339,137,-6445.0,46.43795620437956,47.043795620437955,83,44,1,0.18373897616330553
340,210,-10750.0,50.352380952380955,51.19047619047619,176,61,1,0.182820281282489
341,132,-7000.0,52.65151515151515,53.03030303030303,50,53,1,0.18190617987607657
342,154,-6911.0,44.16883116883117,44.87662337662338,109,47,1,0.18099664897669618
343,128,-5683.0,43.6796875,44.3984375,92,41,1,0.1800916657318127
344,208,-11431.0,54.27884615384615,54.95673076923077,141,68,1,0.17919120740315364
345,143,-7748.0,53.67132867132867,54.18181818181818,73,53,1,0.17829525136613786
346,158,-7952.0,49.74683544303797,50.32911392405063,92,55,1,0.17740377510930716
347,118,-5668.0,47.516949152542374,48.03389830508475,61,43,1,0.17651675623376062
348,111,-4661.0,41.630630630630634,41.990990990990994,40,45,1,0.1756341724525918
349,126,-6118.0,48.03174603174603,48.55555555555556,66,43,1,0.17475600159032884
350,129,-6210.0,47.51162790697674,48.13953488372093,81,39,1,0.17388222158237718
351,122,-6261.0,50.967213114754095,51.31967213114754,43,50,1,0.1730128104744653
352,121,-6630.0,54.289256198347104,54.79338842975206,61,45,1,0.17214774642209296
353,155,-8243.0,52.329032258064515,53.18064516129032,132,44,1,0.1712870076899825
354,134,-6160.0,45.21641791044776,45.97014925373134,101,40,1,0.17043057265153258
355,187,-8536.0,44.898395721925134,45.64705882352941,140,54,1,0.16957841978827493
356,215,-9080.0,41.36279069767442,42.23255813953488,187,58,1,0.16873052768933355
357,142,-6831.0,47.394366197183096,48.105633802816904,101,45,1,0.1678868750508869
358,166,-8657.0,51.506024096385545,52.15060240963855,107,54,1,0.16704744067563246
359,136,-4821.0,34.74264705882353,35.4485294117647,96,42,1,0.1662122034722543
360,122,-5802.0,46.959016393442624,47.557377049180324,73,42,1,0.16538114245489302
361,221,-13773.0,61.52488687782805,62.321266968325794,176,66,1,0.16455423674261854
362,173,-8086.0,46.15028901734104,46.73988439306358,102,50,1,0.16373146555890544
363,134,-5642.0,41.30597014925373,42.1044776119403,107,38,1,0.16291280823111093
364,146,-6691.0,45.21232876712329,45.82876712328767,90,48,1,0.16209824418995536
365,172,-8077.0,46.26744186046512,46.9593023255814,119,51,1,0.16128775296900558
366,163,-7854.0,47.45398773006135,48.1840490797546,119,46,1,0.16048131420416054
367,153,-8926.0,57.72549019607843,58.33986928104575,94,53,1,0.15967890763313974
368,137,-5958.0,42.90510948905109,43.48905109489051,80,47,1,0.15888051309497406
369,182,-10179.0,55.28021978021978,55.92857142857143,118,61,1,0.1580861105294992
370,99,-3289.0,32.80808080808081,33.22222222222222,41,38,1,0.1572956799768517
371,148,-8673.0,58.12837837837838,58.601351351351354,70,56,1,0.15650920157696743
372,128,-7042.0,54.7734375,55.015625,31,55,1,0.1557266555690826
373,112,-6172.0,54.973214285714285,55.107142857142854,15,52,1,0.1549480222912372
374,102,-5730.0,55.98039215686274,56.1764705882353,20,46,1,0.15417328217978102
375,117,-6864.0,58.41025641025641,58.666666666666664,30,51,1,0.1534024157688821
376,140,-9456.0,67.34285714285714,67.54285714285714,28,62,1,0.1526354036900377
377,140,-7099.0,50.135714285714286,50.707142857142856,80,49,1,0.1518722266715875
378,172,-10572.0,60.74418604651163,61.46511627906977,124,55,1,0.15111286553822956
379,457,-28371.0,61.06345733041576,62.08096280087528,465,112,1,0.15035730121053842
380,169,-8938.0,52.22485207100592,52.887573964497044,112,55,1,0.14960551470448571
381,154,-7730.0,49.44805194805195,50.1948051948052,115,45,1,0.14885748713096328
382,149,-7704.0,51.060402684563755,51.70469798657718,96,45,1,0.14811319969530845
383,162,-8040.0,48.80246913580247,49.629629629629626,134,45,1,0.1473726336968319
384,178,-9606.0,53.331460674157306,53.96629213483146,113,61,1,0.14663577052834775
385,220,-9914.0,44.33181818181818,45.06363636363636,161,69,1,0.14590259167570602
386,167,-8562.0,50.62874251497006,51.26946107784431,107,56,1,0.1451730787173275
387,159,-9066.0,56.36477987421384,57.0188679245283,104,54,1,0.14444721332374086
388,143,-7249.0,49.97902097902098,50.69230769230769,102,44,1,0.14372497725712216
389,150,-7838.0,51.61333333333334,52.25333333333333,96,51,1,0.14300635237083656
390,132,-7257.0,54.31060606060606,54.97727272727273,88,44,1,0.14229132060898236
391,176,-8566.0,47.92613636363637,48.67045454545455,131,53,1,0.14157986400593744
392,137,-7055.0,50.90510948905109,51.496350364963504,81,47,1,0.14087196468590776
393,141,-6845.0,47.86524822695036,48.54609929078014,96,47,1,0.14016760486247823
394,144,-6769.0,46.416666666666664,47.00694444444444,85,50,1,0.13946676683816583
395,221,-10759.0,47.918552036199095,48.68325791855204,169,66,1,0.138769433003975
396,212,-10923.0,50.575471698113205,51.52358490566038,201,55,1,0.13807558583895513
397,131,-6850.0,51.7557251908397,52.29007633587786,70,48,1,0.13738520790976036
398,238,-10198.0,42.168067226890756,42.84873949579832,162,78,1,0.13669828187021155
399,206,-11786.0,56.37378640776699,57.213592233009706,173,56,1,0.13601479046086049
400,140,-6112.0,42.97142857142857,43.65714285714286,96,37,1,0.1353347165085562
401,154,-7392.0,47.42857142857143,48.0,88,55,1,0.1346580429260134
402,102,-4217.0,40.970588235294116,41.34313725490196,38,41,1,0.13398475271138335
403,176,-8604.0,48.21022727272727,48.88636363636363,119,58,1,0.13331482894782642
404,162,-8247.0,50.17283950617284,50.907407407407405,119,51,1,0.13264825480308728
405,144,-7234.0,49.71527777777778,50.236111111111114,75,52,1,0.13198501352907185
406,196,-9206.0,46.17857142857143,46.96938775510204,155,59,1,0.1313250884614265
407,143,-6639.0,45.76923076923077,46.42657342657343,94,48,1,0.13066846301911936
408,244,-14161.0,57.14754098360656,58.03688524590164,217,62,1,0.13001512070402377
409,141,-7438.0,52.09929078014184,52.751773049645394,92,48,1,0.12936504510050365
410,174,-8776.0,49.666666666666664,50.4367816091954,134,53,1,0.12871821987500112
411,177,-9731.0,54.21468926553672,54.9774011299435,135,53,1,0.12807462877562611
412,199,-10103.0,50.015075376884425,50.768844221105525,150,62,1,0.12743425563174798
413,182,-9655.0,52.41208791208791,53.04945054945055,116,59,1,0.12679708435358925
414,141,-6841.0,48.00709219858156,48.5177304964539,72,53,1,0.1261630989318213
415,101,-3895.0,38.02970297029703,38.56435643564357,54,37,1,0.1255322834371622
416,179,-10277.0,56.70949720670391,57.41340782122905,126,58,1,0.12490462201997637
417,237,-11916.0,49.50210970464135,50.278481012658226,184,72,1,0.1242800989098765
418,231,-11330.0,48.277056277056275,49.04761904761905,178,71,1,0.12365869841532712
419,135,-6411.0,46.91851851851852,47.48888888888889,77,45,1,0.12304040492325048
420,93,-3721.0,39.29032258064516,40.01075268817204,67,28,1,0.12242520289863423
421,114,-5844.0,50.50877192982456,51.26315789473684,86,34,1,0.12181307688414106
422,301,-16102.0,52.74418604651163,53.49501661129568,226,92,1,0.12120401149972035
423,271,-15768.0,57.306273062730625,58.18450184501845,238,71,1,0.12059799144222175
424,248,-14919.0,59.20161290322581,60.15725806451613,237,62,1,0.11999500148501063
425,182,-9256.0,50.252747252747255,50.857142857142854,110,61,1,0.11939502647758558
426,152,-6148.0,39.828947368421055,40.44736842105263,94,50,1,0.11879805134519765
427,221,-11116.0,49.49321266968326,50.29864253393665,178,63,1,0.11820406108847166
428,130,-5920.0,44.94615384615385,45.53846153846154,77,45,1,0.1176130407830293
429,169,-8779.0,51.23076923076923,51.946745562130175,121,51,1,0.11702497557911415
430,117,-5274.0,44.52991452991453,45.07692307692308,64,40,1,0.11643985070121858
431,141,-6506.0,45.38297872340426,46.141843971631204,107,41,1,0.11585765144771248
432,183,-7949.0,42.6448087431694,43.43715846994535,145,53,1,0.11527836319047392
433,101,-4434.0,43.306930693069305,43.9009900990099,60,34,1,0.11470197137452155
434,197,-9616.0,48.03045685279188,48.81218274111675,154,58,1,0.11412846151764894
435,111,-4731.0,41.990990990990994,42.62162162162162,70,37,1,0.1135578192100607
436,139,-6882.0,48.76258992805755,49.510791366906474,104,42,1,0.11299003011401039
437,166,-7199.0,42.596385542168676,43.36746987951807,128,48,1,0.11242507996344034
438,168,-8239.0,48.398809523809526,49.041666666666664,108,55,1,0.11186295456362313
439,136,-6858.0,49.786764705882355,50.4264705882353,87,45,1,0.11130363979080501
440,121,-5218.0,42.429752066115704,43.12396694214876,84,37,1,0.11074712159185099
441,114,-4999.0,43.166666666666664,43.85087719298246,78,35,1,0.11019338598389174
442,109,-5497.0,49.88990825688074,50.43119266055046,59,37,1,0.10964241905397228
443,131,-6019.0,45.41984732824427,45.94656488549618,69,48,1,0.10909420695870241
444,144,-7027.0,48.138888888888886,48.798611111111114,95,46,1,0.1085487359239089
445,153,-6835.0,44.052287581699346,44.673202614379086,95,50,1,0.10800599224428936
446,190,-8316.0,42.863157894736844,43.76842105263158,172,49,1,0.10746596228306791
447,138,-6306.0,45.072463768115945,45.69565217391305,86,44,1,0.10692863247165257
448,200,-8565.0,42.17,42.825,131,66,1,0.1063939893092943
449,189,-9559.0,49.7989417989418,50.576719576719576,147,56,1,0.10586201936274783
450,219,-10248.0,45.8310502283105,46.794520547945204,211,55,1,0.10533270926593409
451,244,-13552.0,54.64344262295082,55.540983606557376,219,66,1,0.10480604571960442
452,129,-5273.0,40.27131782945737,40.87596899224806,78,43,1,0.1042820154910064
453,285,-15983.0,55.06666666666667,56.08070175438596,289,65,1,0.10376060541355137
454,173,-9708.0,55.27167630057804,56.115606936416185,146,46,1,0.1032418023864836
455,100,-4234.0,41.8,42.34,54,35,1,0.10272559337455119
456,146,-6521.0,44.04794520547945,44.66438356164384,90,48,1,0.10221196540767843
457,174,-7747.0,43.82183908045977,44.52298850574713,122,53,1,0.10170090558064004
458,130,-6202.0,47.03076923076923,47.707692307692305,88,38,1,0.10119240105273684
459,161,-6874.0,41.98757763975155,42.69565217391305,114,50,1,0.10068643904747315
460,251,-11383.0,44.37051792828685,45.35059760956175,246,63,1,0.10018300685223579
461,154,-8440.0,54.11038961038961,54.8051948051948,107,48,1,0.0996820918179746
462,102,-4460.0,43.029411764705884,43.72549019607843,71,31,1,0.09918368135888474
463,311,-18141.0,57.42443729903537,58.331189710610936,282,82,1,0.09868776295209031
464,116,-5371.0,45.64655172413793,46.30172413793103,76,34,1,0.09819432413732986
465,135,-5871.0,42.955555555555556,43.48888888888889,72,47,1,0.09770335251664321
466,121,-5155.0,42.00826446280992,42.603305785123965,72,40,1,0.09721483575406
467,118,-4898.0,40.91525423728814,41.50847457627118,70,39,1,0.09672876157528969
468,133,-5803.0,42.94736842105263,43.63157894736842,91,41,1,0.09624511776741324
469,201,-9770.0,47.766169154228855,48.60696517412935,169,55,1,0.09576389217857617
470,138,-6014.0,42.79710144927536,43.57971014492754,108,38,1,0.09528507271768329
471,127,-6009.0,46.53543307086614,47.31496062992126,99,35,1,0.09480864735409487
472,105,-4990.0,46.94285714285714,47.523809523809526,61,35,1,0.0943346041173244
473,161,-7560.0,46.27329192546584,46.95652173913044,110,52,1,0.09386293109673778
474,285,-13612.0,46.747368421052634,47.76140350877193,289,68,1,0.09339361644125409
475,149,-6333.0,41.83221476510067,42.50335570469799,100,46,1,0.09292664835904782
476,223,-10604.0,46.73094170403587,47.55156950672646,183,62,1,0.09246201511725258
477,135,-6195.0,45.11851851851852,45.888888888888886,104,31,1,0.09199970504166631
478,146,-6640.0,44.76712328767123,45.47945205479452,104,42,1,0.09153970651645797
479,105,-4868.0,45.87619047619047,46.36190476190476,51,35,1,0.09108200798387568
480,161,-7465.0,45.608695652173914,46.36645962732919,122,47,1,0.0906265979439563
481,130,-6343.0,47.97692307692308,48.792307692307695,106,36,1,0.09017346495423652
482,191,-8295.0,42.82198952879581,43.42931937172775,116,59,1,0.08972259762946533
483,139,-5978.0,42.35971223021583,43.007194244604314,90,44,1,0.089273984641318
484,188,-9441.0,49.340425531914896,50.21808510638298,165,51,1,0.0888276147181114
485,174,-7695.0,43.55172413793103,44.224137931034484,117,55,1,0.08838347664452084
486,118,-4939.0,41.25423728813559,41.855932203389834,71,39,1,0.08794155926129824
487,142,-6484.0,44.943661971830984,45.66197183098591,102,43,1,0.08750185146499175
488,166,-7174.0,42.536144578313255,43.21686746987952,113,50,1,0.08706434220766679
489,116,-4747.0,40.439655172413794,40.922413793103445,56,42,1,0.08662902049662846
490,253,-13831.0,53.80237154150198,54.66798418972332,219,66,1,0.08619587539414532
491,342,-17128.0,49.12573099415204,50.08187134502924,327,86,1,0.08576489601717459
492,195,-9855.0,49.676923076923075,50.53846153846154,168,47,1,0.08533607153708872
493,305,-15487.0,49.842622950819674,50.77704918032787,285,78,1,0.08490939117940327
494,187,-10811.0,56.88770053475936,57.81283422459893,173,49,1,0.08448484422350626
495,114,-4939.0,42.666666666666664,43.324561403508774,75,36,1,0.08406242000238873
496,152,-7129.0,46.17763157894737,46.901315789473685,110,43,1,0.08364210790237678
497,157,-7210.0,45.35031847133758,45.92356687898089,90,53,1,0.0832238973628649
498,93,-3659.0,38.774193548387096,39.344086021505376,53,27,1,0.08280777787605056
499,142,-6248.0,43.316901408450704,44.0,97,42,1,0.08239373898667031
500,260,-12603.0,47.6,48.473076923076924,227,65,1,0.08198177029173696
501,180,-9569.0,52.43888888888889,53.16111111111111,130,47,1,0.08157186144027828
502,195,-9782.0,49.30769230769231,50.16410256410256,167,45,1,0.0811640021330769
503,189,-10637.0,55.439153439153436,56.28042328042328,159,50,1,0.08075818212241151
504,186,-10780.0,57.376344086021504,57.956989247311824,108,59,1,0.08035439121179945
505,113,-5253.0,45.94690265486726,46.48672566371681,61,39,1,0.07995261925574046
506,114,-5101.0,44.44736842105263,44.74561403508772,34,45,1,0.07955285615946175
507,129,-4908.0,37.57364341085271,38.04651162790697,61,44,1,0.07915509187866444
508,112,-4954.0,43.473214285714285,44.232142857142854,85,31,1,0.07875931641927113
509,164,-7583.0,45.48170731707317,46.23780487804878,124,41,1,0.07836551983717477
510,268,-13162.0,48.28731343283582,49.11194029850746,221,73,1,0.07797369223798889
511,119,-4915.0,40.705882352941174,41.30252100840336,71,36,1,0.07758382377679894
512,106,-3832.0,35.613207547169814,36.15094339622642,57,35,1,0.07719590465791494
513,217,-15396.0,70.54838709677419,70.94930875576037,87,85,1,0.07680992513462537
514,153,-6514.0,41.83660130718954,42.57516339869281,113,43,1,0.07642587550895225
515,178,-10147.0,56.5,57.00561797752809,90,59,1,0.07604374613140748
516,135,-7597.0,55.68888888888889,56.27407407407407,79,47,1,0.07566352740075044
517,188,-11508.0,60.765957446808514,61.212765957446805,84,72,1,0.07528520976374668
518,166,-7945.0,47.102409638554214,47.86144578313253,126,50,1,0.07490878371492794
519,151,-7844.0,51.549668874172184,51.94701986754967,60,56,1,0.0745342397963533
520,85,-3490.0,40.529411764705884,41.05882352941177,45,30,1,0.07416156859737154
521,162,-7677.0,46.79012345679013,47.388888888888886,97,54,1,0.07379076075438468
522,171,-7777.0,44.60233918128655,45.47953216374269,150,45,1,0.07342180695061275
523,139,-5457.0,38.55395683453237,39.2589928057554,98,41,1,0.07305469791585968
524,159,-6687.0,41.35849056603774,42.056603773584904,111,47,1,0.07268942442628039
525,138,-5315.0,37.891304347826086,38.51449275362319,86,40,1,0.07232597730414898
526,99,-3947.0,39.45454545454545,39.86868686868687,41,32,1,0.07196434741762824
527,222,-11792.0,52.26126126126126,53.11711711711712,190,58,1,0.0716045256805401
528,156,-6544.0,41.17948717948718,41.94871794871795,120,45,1,0.0712465030521374
529,165,-7448.0,44.515151515151516,45.13939393939394,103,55,1,0.0708902705368767
530,144,-7059.0,48.21527777777778,49.020833333333336,116,41,1,0.07053581918419231
531,153,-7973.0,51.3921568627451,52.111111111111114,110,49,1,0.07018314008827135
532,139,-6760.0,48.0863309352518,48.63309352517986,76,49,1,0.06983222438783
533,181,-10066.0,55.049723756906076,55.613259668508285,102,63,1,0.06948306326589085
534,121,-5425.0,44.239669421487605,44.83471074380165,72,37,1,0.0691356479495614
535,132,-5824.0,43.52272727272727,44.121212121212125,79,42,1,0.06878996970981359
536,126,-3933.0,30.682539682539684,31.214285714285715,67,45,1,0.06844601986126451
537,153,-6203.0,40.130718954248366,40.54248366013072,63,53,1,0.06810378976195819
538,107,-4661.0,42.8411214953271,43.5607476635514,77,32,1,0.0677632708131484
539,161,-7985.0,49.01863354037267,49.59627329192546,93,49,1,0.06742445445908266
540,188,-9924.0,52.138297872340424,52.787234042553195,122,60,1,0.06708733218678724
541,152,-9077.0,59.13815789473684,59.7171052631579,88,50,1,0.0667518955258533
542,124,-4818.0,38.36290322580645,38.854838709677416,61,38,1,0.06641813604822402
543,146,-7214.0,48.842465753424655,49.41095890410959,83,47,1,0.0660860453679829
544,162,-9105.0,55.65432098765432,56.2037037037037,89,51,1,0.06575561514114299
545,149,-7088.0,47.06711409395973,47.57046979865772,75,50,1,0.06542683706543727
546,176,-10915.0,61.71022727272727,62.01704545454545,54,72,1,0.06509970288011008
547,160,-8492.0,52.4625,53.075,98,55,1,0.06477420436570952
548,138,-7376.0,52.85507246376812,53.44927536231884,82,49,1,0.06445033334388098
549,141,-6810.0,47.801418439716315,48.297872340425535,70,53,1,0.06412808167716157
550,152,-9628.0,62.96052631578947,63.3421052631579,58,61,1,0.06380744126877576
551,179,-9247.0,51.16201117318436,51.659217877094974,89,67,1,0.06348840406243188
552,138,-6485.0,46.29710144927536,46.992753623188406,96,45,1,0.06317096204211972
553,148,-7088.0,47.317567567567565,47.891891891891895,85,51,1,0.06285510723190912
554,120,-5621.0,46.24166666666667,46.84166666666667,72,42,1,0.06254083169574957
555,125,-7988.0,63.568,63.904,42,51,1,0.062228127537270826
556,157,-7453.0,46.802547770700635,47.47133757961783,105,52,1,0.06191698689958447
557,152,-8591.0,55.973684210526315,56.51973684210526,83,55,1,0.061607401965086545
558,147,-7848.0,52.775510204081634,53.38775510204081,90,51,1,0.06129936495526111
559,173,-9023.0,51.49710982658959,52.15606936416185,114,58,1,0.0609928681304848
560,145,-7990.0,54.47586206896552,55.10344827586207,91,48,1,0.060687903789832374
561,200,-11419.0,56.45,57.095,129,65,1,0.06038446427088321
562,176,-9045.0,50.71022727272727,51.39204545454545,120,58,1,0.06008254194952879
563,119,-6368.0,53.19327731092437,53.51260504201681,38,43,1,0.05978212923978115
564,154,-7623.0,48.87012987012987,49.5,97,50,1,0.05948321859358224
565,210,-10455.0,49.06190476190476,49.785714285714285,152,67,1,0.05918580250061433
566,177,-8111.0,45.06214689265537,45.824858757062145,135,51,1,0.058889873488111255
567,265,-12481.0,46.13962264150943,47.09811320754717,254,66,1,0.058595424120670696
568,174,-7689.0,43.50574712643678,44.189655172413794,119,55,1,0.05830244700006734
569,281,-13036.0,45.555160142348754,46.3914590747331,235,78,1,0.058010934765067
570,211,-9561.0,44.37914691943128,45.312796208530806,197,56,1,0.05772088009124167
571,221,-9722.0,43.14027149321267,43.990950226244344,188,61,1,0.05743227569078546
572,116,-6090.0,51.87931034482759,52.5,72,37,1,0.05714511431233153
573,171,-7648.0,44.04093567251462,44.72514619883041,117,54,1,0.05685938874076987
574,116,-4717.0,40.077586206896555,40.66379310344828,68,37,1,0.056575091797066025
575,114,-5027.0,43.54385964912281,44.09649122807018,63,41,1,0.056292216338080694
576,218,-9606.0,43.23853211009175,44.06422018348624,180,64,1,0.05601075525639029
577,158,-7135.0,44.39873417721519,45.15822784810127,120,47,1,0.05573070148010834
578,90,-3265.0,35.51111111111111,36.27777777777778,69,25,1,0.0554520479727078
579,271,-12897.0,46.715867158671585,47.59040590405904,237,71,1,0.05517478773284426
580,212,-11265.0,52.193396226415096,53.136792452830186,200,55,1,0.05489891379418004
581,209,-10436.0,48.97607655502392,49.933014354066984,200,52,1,0.05462441922520914
582,160,-7888.0,48.55625,49.3,119,49,1,0.0543512971290831
583,236,-10775.0,44.728813559322035,45.65677966101695,219,59,1,0.05407954064343768
584,156,-7677.0,48.40384615384615,49.21153846153846,126,44,1,0.05380914294022049
585,132,-5145.0,38.22727272727273,38.97727272727273,99,37,1,0.05354009722551939
586,209,-9086.0,42.66985645933014,43.473684210526315,168,57,1,0.05327239673939179
587,163,-8079.0,49.012269938650306,49.56441717791411,90,58,1,0.053006034755694834
588,191,-8738.0,45.146596858638745,45.74869109947644,115,61,1,0.052741004581916356
589,195,-9237.0,46.53846153846154,47.36923076923077,162,54,1,0.052477299559006776
590,158,-7882.0,49.18987341772152,49.88607594936709,110,49,1,0.052214913061211746
591,209,-9672.0,45.516746411483254,46.27751196172249,159,63,1,0.05195383849590569
592,184,-8410.0,44.95652173913044,45.70652173913044,138,54,1,0.05169406930342616
593,97,-3624.0,36.75257731958763,37.36082474226804,59,31,1,0.05143559895690903
594,112,-4582.0,40.17857142857143,40.910714285714285,82,32,1,0.051178420962124486
595,172,-9049.0,51.72674418604651,52.61046511627907,152,46,1,0.05092252885731386
596,143,-7139.0,49.45454545454545,49.92307692307692,67,53,1,0.05066791621302729
597,234,-14131.0,59.542735042735046,60.388888888888886,198,63,1,0.05041457663196215
598,140,-5662.0,39.77142857142857,40.44285714285714,94,40,1,0.050162503748802344
599,166,-7131.0,42.174698795180724,42.95783132530121,130,48,1,0.049911691230058335
600,216,-11609.0,52.875,53.745370370370374,188,55,1,0.04966213277390804
601,300,-15950.0,52.39666666666667,53.166666666666664,231,89,1,0.0494138221100385
602,149,-6354.0,42.08724832214765,42.644295302013425,83,48,1,0.04916675299948831
603,199,-9272.0,45.743718592964825,46.5929648241206,169,54,1,0.04892091923449087
604,313,-16306.0,51.18210862619808,52.09584664536741,286,81,1,0.04867631463831842
605,133,-5682.0,41.962406015037594,42.721804511278194,101,38,1,0.048432933065126825
606,149,-7895.0,52.24832214765101,52.986577181208055,110,42,1,0.048190768399801194
607,184,-8407.0,44.83695652173913,45.69021739130435,157,46,1,0.04794981455780219
608,241,-13999.0,57.170124481327804,58.087136929460584,221,62,1,0.04771006548501318
609,255,-14763.0,57.207843137254905,57.89411764705882,175,79,1,0.047471515157588115
610,317,-13961.0,43.154574132492115,44.041009463722396,281,84,1,0.047234157581800176
611,145,-6890.0,46.93793103448276,47.51724137931034,84,42,1,0.046997986793891174
612,185,-9054.0,48.23243243243243,48.94054054054054,131,56,1,0.04676299685992172
613,143,-6701.0,46.11188811188811,46.86013986013986,107,41,1,0.04652918187562211
614,143,-7232.0,50.0,50.57342657342657,82,44,1,0.046296535966244
615,141,-6506.0,45.49645390070922,46.141843971631204,91,41,1,0.046065053286412784
616,231,-11662.0,49.54978354978355,50.484848484848484,216,58,1,0.04583472801998072
617,113,-4770.0,41.575221238938056,42.21238938053097,72,30,1,0.045605554379880814
618,119,-4733.0,39.26890756302521,39.773109243697476,60,39,1,0.04537752660798141
619,179,-8836.0,48.44692737430167,49.36312849162011,164,46,1,0.0451506389749415
620,130,-6972.0,52.98461538461538,53.63076923076923,84,42,1,0.044924885780066794
621,154,-7769.0,49.90909090909091,50.44805194805195,83,52,1,0.04470026135116646
622,205,-8848.0,42.40975609756097,43.1609756097561,154,58,1,0.04447676004441063
623,143,-5989.0,41.36363636363637,41.88111888111888,74,45,1,0.04425437624418858
624,179,-7920.0,43.35195530726257,44.245810055865924,160,44,1,0.04403310436296763
625,122,-5973.0,48.28688524590164,48.959016393442624,82,38,1,0.043812938841152796
626,109,-4386.0,39.80733944954128,40.23853211009175,47,36,1,0.04359387414694703
627,123,-5699.0,45.58536585365854,46.333333333333336,92,33,1,0.043375904776212296
628,138,-5666.0,40.34057971014493,41.05797101449275,99,40,1,0.043159025252331236
629,154,-7046.0,45.15584415584416,45.753246753246756,92,53,1,0.04294323012606958
630,148,-5916.0,39.16891891891892,39.972972972972975,119,41,1,0.04272851397543923
631,191,-8543.0,43.931937172774866,44.72774869109948,152,56,1,0.04251487140556204
632,143,-6690.0,46.18881118881119,46.78321678321678,85,49,1,0.04230229704853423
633,136,-6858.0,49.94117647058823,50.4264705882353,66,52,1,0.04209078556329156
634,186,-8426.0,44.56989247311828,45.30107526881721,136,58,1,0.0418803316354751
635,111,-5400.0,48.0990990990991,48.648648648648646,61,40,1,0.041670929977297724
636,114,-5481.0,47.54385964912281,48.078947368421055,61,42,1,0.04146257532741124
637,113,-4858.0,42.63716814159292,42.991150442477874,40,45,1,0.04125526245077418
638,136,-6696.0,48.713235294117645,49.23529411764706,71,49,1,0.04104898613852031
639,144,-6159.0,42.11805555555556,42.770833333333336,94,48,1,0.04084374120782771
640,113,-5115.0,44.716814159292035,45.26548672566372,62,37,1,0.04063952250178857
641,108,-4880.0,44.620370370370374,45.18518518518518,61,32,1,0.04043632488927963
642,175,-7719.0,43.457142857142856,44.10857142857143,114,56,1,0.04023414326483323
643,143,-4552.0,31.167832167832167,31.832167832167833,95,39,1,0.040032972548509065
644,138,-6609.0,47.29710144927536,47.891304347826086,82,44,1,0.03983280768576652
645,159,-7335.0,45.477987421383645,46.132075471698116,104,49,1,0.03963364364733769
646,194,-9367.0,47.58247422680412,48.28350515463917,136,57,1,0.039435475429100995
647,149,-5987.0,39.61744966442953,40.18120805369127,84,41,1,0.03923829805195549
648,214,-10644.0,49.09345794392523,49.73831775700935,138,68,1,0.03904210656169572
649,154,-6928.0,44.35064935064935,44.98701298701299,98,47,1,0.03884689602888724
650,101,-4319.0,42.28712871287129,42.76237623762376,48,37,1,0.0386526615487428
651,188,-8180.0,42.670212765957444,43.51063829787234,158,48,1,0.03845939824099909
652,130,-6487.0,49.353846153846156,49.9,71,45,1,0.03826710124979409
653,166,-8104.0,48.21084337349398,48.81927710843374,101,55,1,0.038075765743545126
654,152,-8202.0,53.39473684210526,53.96052631578947,86,52,1,0.0378853869148274
655,231,-11131.0,47.40692640692641,48.18614718614719,180,68,1,0.03769595998025326
656,145,-6549.0,44.648275862068964,45.16551724137931,75,39,1,0.03750748018035199
657,171,-8343.0,48.111111111111114,48.78947368421053,116,54,1,0.037319942779450235
658,101,-3882.0,38.01980198019802,38.43564356435643,42,37,1,0.037133343065552986
659,162,-7667.0,46.7962962962963,47.32716049382716,86,56,1,0.03694767635022522
660,187,-11684.0,61.88235294117647,62.481283422459896,112,64,1,0.036762937968474095
661,248,-16332.0,65.08870967741936,65.85483870967742,190,74,1,0.03657912327863173
662,135,-5261.0,38.20740740740741,38.97037037037037,103,40,1,0.036396227662238566
663,130,-5287.0,39.93846153846154,40.66923076923077,95,39,1,0.03621424652392737
664,221,-11687.0,52.07692307692308,52.88235294117647,178,63,1,0.036033175291307735
665,142,-6804.0,47.274647887323944,47.91549295774648,91,46,1,0.03585300941485119
666,378,-18997.0,49.25396825396825,50.25661375661376,379,91,1,0.035673744367776934
667,130,-6631.0,50.253846153846155,51.00769230769231,98,38,1,0.03549537564593805
668,127,-6054.0,47.118110236220474,47.669291338582674,70,44,1,0.035317898767708356
669,124,-7379.0,59.064516129032256,59.50806451612903,55,45,1,0.03514130927386981
670,152,-7167.0,46.48684210526316,47.151315789473685,101,48,1,0.03496560272750046
671,174,-7259.0,41.0,41.7183908045977,125,46,1,0.03479077471386296
672,137,-5884.0,42.25547445255474,42.948905109489054,95,40,1,0.03461682084029365
673,96,-3925.0,40.40625,40.885416666666664,46,31,1,0.034443736736092176
674,159,-6450.0,39.886792452830186,40.56603773584906,108,48,1,0.034271518052411715
675,135,-6838.0,50.022222222222226,50.65185185185185,85,43,1,0.034100160462149656
676,151,-6137.0,40.10596026490066,40.64238410596027,81,52,1,0.03392965965983891
677,152,-7786.0,50.63157894736842,51.223684210526315,90,49,1,0.033760011361539714
678,151,-6994.0,45.602649006622514,46.317880794701985,108,46,1,0.03359121130473201
679,129,-8314.0,64.11627906976744,64.44961240310077,43,51,1,0.033423255248208356
680,139,-5462.0,38.56115107913669,39.29496402877698,102,33,1,0.03325613897196732
681,293,-17328.0,58.33105802047782,59.13993174061434,237,84,1,0.03308985827710748
682,220,-12468.0,55.92727272727273,56.67272727272727,164,64,1,0.032924408985721944
683,147,-6397.0,42.8843537414966,43.51700680272109,93,49,1,0.03275978694079333
684,158,-6376.0,39.607594936708864,40.35443037974684,118,45,1,0.032595988006089364
685,197,-10398.0,52.035532994923855,52.78172588832487,147,58,1,0.032433008066058915
686,178,-8869.0,49.02808988764045,49.825842696629216,142,48,1,0.03227084302572862
687,113,-4588.0,40.097345132743364,40.60176991150443,57,35,1,0.032109488810599975
688,126,-5855.0,45.76984126984127,46.46825396825397,88,39,1,0.031948941366546975
689,130,-5685.0,42.9,43.73076923076923,108,38,1,0.03178919665971424
690,220,-12895.0,57.8,58.61363636363637,179,61,1,0.03163025067641567
691,99,-3965.0,39.4040404040404,40.05050505050505,64,30,1,0.03147209942303359
692,261,-11857.0,44.52107279693487,45.42911877394636,237,68,1,0.03131473892591842
693,112,-4587.0,40.55357142857143,40.955357142857146,45,41,1,0.031158165231288826
694,127,-7016.0,54.71653543307087,55.24409448818898,67,32,1,0.03100237440513238
695,259,-11352.0,42.98069498069498,43.83011583011583,220,69,1,0.030847362533106718
696,239,-10057.0,41.22594142259414,42.07949790794979,204,67,1,0.030693125720441184
697,272,-15159.0,54.80514705882353,55.731617647058826,252,71,1,0.030539660091838977
698,145,-6947.0,47.15172413793103,47.91034482758621,110,43,1,0.03038696179137978
699,176,-8785.0,49.14772727272727,49.91477272727273,135,54,1,0.030235026982422884
700,181,-10430.0,57.005524861878456,57.6243093922652,112,62,1,0.030083851847510768
701,186,-6850.0,35.96236559139785,36.82795698924731,161,50,1,0.029933432588273214
702,136,-6177.0,44.61029411764706,45.419117647058826,110,40,1,0.029783765425331846
703,244,-10989.0,44.15983606557377,45.03688524590164,214,66,1,0.029634846598205186
704,200,-8615.0,42.255,43.075,164,59,1,0.02948667236521416
705,251,-12591.0,49.18326693227092,50.16334661354582,246,64,1,0.029339239003388088
706,166,-6604.0,38.95783132530121,39.78313253012048,137,48,1,0.029192542808371146
707,111,-4184.0,37.01801801801802,37.693693693693696,75,35,1,0.02904658009432929
708,353,-17589.0,48.78470254957507,49.827195467422094,368,84,1,0.028901347193857643
709,112,-4179.0,36.80357142857143,37.3125,57,41,1,0.028756840457888354
710,191,-9496.0,48.968586387434556,49.717277486910994,143,54,1,0.02861305625559891
711,255,-14809.0,57.168627450980395,58.07450980392157,231,70,1,0.028469990974320916
712,188,-9417.0,49.255319148936174,50.090425531914896,157,53,1,0.02832764101944931
713,124,-5596.0,44.45161290322581,45.12903225806452,84,37,1,0.028186002814352063
714,151,-7351.0,47.966887417218544,48.682119205298015,108,46,1,0.0280450728002803
715,165,-7614.0,45.38181818181818,46.14545454545455,126,49,1,0.0279048474362789
716,121,-4831.0,39.28099173553719,39.925619834710744,78,38,1,0.027765323199097504
717,232,-10218.0,43.11206896551724,44.043103448275865,216,54,1,0.027626496583102015
718,139,-6004.0,42.460431654676256,43.194244604316545,102,42,1,0.027488364100186506
719,169,-8052.0,46.9585798816568,47.64497041420118,116,51,1,0.027350922279685573
720,128,-5370.0,41.109375,41.953125,108,35,1,0.027214167668287145
721,145,-6748.0,45.86896551724138,46.53793103448276,97,48,1,0.02707809682994571
722,130,-5341.0,40.51538461538462,41.08461538461538,74,43,1,0.02694270634579598
723,158,-7607.0,47.45569620253165,48.14556962025316,109,51,1,0.026807992814067
724,149,-6429.0,42.61073825503356,43.147651006711406,80,52,1,0.026673952849996664
725,199,-8533.0,42.0,42.879396984924625,175,52,1,0.02654058308574668
726,236,-11250.0,46.67796610169491,47.66949152542373,234,58,1,0.026407880170317945
727,471,-23807.0,49.53715498938429,50.54564755838641,475,115,1,0.026275840769466357
728,225,-11199.0,48.995555555555555,49.77333333333333,175,69,1,0.026144461565619025
729,135,-5121.0,37.20740740740741,37.93333333333333,98,43,1,0.02601373925779093
730,140,-5983.0,41.98571428571429,42.73571428571429,105,40,1,0.025883670561501974
731,198,-10543.0,52.611111111111114,53.24747474747475,126,64,1,0.025754252208694463
732,115,-4253.0,36.36521739130435,36.982608695652175,71,37,1,0.02562548094765099
733,133,-5253.0,38.857142857142854,39.49624060150376,85,33,1,0.025497353542912736
734,137,-6242.0,44.85401459854015,45.56204379562044,97,39,1,0.02536986677519817
735,103,-4883.0,46.922330097087375,47.407766990291265,50,32,1,0.02524301744132218
736,204,-8773.0,42.15686274509804,43.004901960784316,173,55,1,0.025116802354115567
737,338,-15195.0,44.11834319526627,44.955621301775146,283,95,1,0.024991218342344988
738,284,-15218.0,52.70070422535211,53.58450704225352,251,75,1,0.024866262250633264
739,210,-9502.0,44.385714285714286,45.24761904761905,181,56,1,0.024741930939380097
740,184,-8449.0,45.25,45.91847826086956,123,55,1,0.024618221284683196
741,340,-17121.0,49.30882352941177,50.35588235294118,356,74,1,0.02449513017825978
742,174,-9179.0,51.89080459770115,52.752873563218394,150,47,1,0.02437265452736848
743,139,-5625.0,39.75539568345324,40.46762589928058,99,41,1,0.024250791254731636
744,205,-8249.0,39.448780487804875,40.239024390243905,162,50,1,0.024129537298457977
745,191,-8815.0,45.303664921465966,46.15183246073298,162,53,1,0.024008889611965685
746,164,-7054.0,42.140243902439025,43.01219512195122,143,38,1,0.023888845163905856
747,204,-9544.0,45.90196078431372,46.78431372549019,180,54,1,0.023769400938086327
748,186,-8197.0,43.446236559139784,44.06989247311828,116,57,1,0.023650553933395897
749,145,-5801.0,39.42758620689655,40.00689655172414,84,40,1,0.023532301163728918
750,198,-10251.0,50.77272727272727,51.77272727272727,198,47,1,0.023414639657910272
751,250,-13678.0,53.728,54.712,246,60,1,0.023297566459620722
752,172,-6164.0,35.133720930232556,35.83720930232558,121,46,1,0.023181078627322618
753,230,-10168.0,43.404347826086955,44.208695652173915,185,57,1,0.023065173234186005
754,218,-11283.0,50.94954128440367,51.75688073394495,176,55,1,0.022949847368015076
755,211,-10248.0,47.725118483412324,48.56872037914692,178,53,1,0.022835098131175
756,272,-15282.0,55.30882352941177,56.18382352941177,238,68,1,0.022720922640519125
757,178,-7250.0,39.97191011235955,40.73033707865169,135,43,1,0.02260731802731653
758,267,-13259.0,48.741573033707866,49.659176029962545,245,67,1,0.022494281437179946
759,457,-23321.0,50.06345733041576,51.030634573304155,442,101,1,0.022381810029994047
760,206,-8538.0,40.62135922330097,41.44660194174757,170,45,1,0.022269900979844076
761,179,-7969.0,43.79329608938548,44.5195530726257,130,50,1,0.022158551474944856
762,190,-9183.0,47.46842105263158,48.33157894736842,164,49,1,0.022047758717570132
763,179,-7715.0,42.22346368715084,43.100558659217874,157,48,1,0.021937519923982282
764,305,-14366.0,46.2,47.101639344262296,275,77,1,0.021827832324362372
765,337,-17728.0,51.64391691394659,52.6053412462908,324,75,1,0.02171869316274056
766,303,-13947.0,45.12541254125413,46.02970297029703,274,78,1,0.021610099696926857
767,254,-11643.0,44.91732283464567,45.838582677165356,234,66,1,0.021502049198442223
768,259,-13083.0,49.56370656370656,50.513513513513516,246,65,1,0.021394538952450012
769,157,-6906.0,43.29299363057325,43.98726114649681,109,45,1,0.02128756625768776
770,149,-6335.0,41.83892617449664,42.51677852348993,101,45,1,0.021181128426399323
771,163,-7729.0,46.67484662576687,47.41717791411043,121,47,1,0.021075222784267326
772,134,-7268.0,53.52238805970149,54.23880597014925,96,37,1,0.020969846670345987
773,125,-5317.0,41.88,42.536,82,25,1,0.020864997436994256
774,203,-11132.0,53.91133004926108,54.83743842364532,188,49,1,0.020760672449809284
775,279,-12682.0,44.5663082437276,45.45519713261649,248,74,1,0.020656869087560238
776,206,-9636.0,45.820388349514566,46.77669902912621,197,48,1,0.020553584742122436
777,206,-9804.0,46.713592233009706,47.592233009708735,181,56,1,0.020450816818411825
778,142,-5152.0,35.598591549295776,36.28169014084507,97,45,1,0.020348562734319765
779,139,-5235.0,37.10791366906475,37.66187050359712,77,49,1,0.020246819920648168
780,220,-11905.0,53.20909090909091,54.11363636363637,199,56,1,0.020145585821044927
781,179,-9075.0,50.01675977653631,50.69832402234637,122,58,1,0.020044857891939702
782,153,-5885.0,37.69281045751634,38.4640522875817,118,41,1,0.019944633602480003
783,160,-6363.0,38.975,39.76875,127,40,1,0.019844910434467605
784,124,-5103.0,40.46774193548387,41.153225806451616,85,39,1,0.019745685882295267
785,135,-5684.0,41.44444444444444,42.1037037037037,89,43,1,0.01964695745288379
786,144,-6312.0,42.97222222222222,43.833333333333336,124,39,1,0.01954872266561937
787,116,-5442.0,46.38793103448276,46.91379310344828,61,40,1,0.019450979052291272
788,158,-9035.0,56.41772151898734,57.18354430379747,121,49,1,0.019353724157029815
789,140,-6474.0,45.50714285714286,46.24285714285714,103,44,1,0.019256955536244666
790,101,-3881.0,37.54455445544554,38.42574257425743,89,27,1,0.019160670758563442
791,200,-10131.0,49.74,50.655,183,47,1,0.019064867404770626
792,126,-4497.0,34.95238095238095,35.69047619047619,93,34,1,0.018969543067746772
793,220,-12654.0,56.72727272727273,57.518181818181816,174,53,1,0.018874695352408037
794,152,-6705.0,43.55921052631579,44.11184210526316,84,55,1,0.018780321875645996
795,139,-6451.0,45.86330935251799,46.410071942446045,76,43,1,0.018686420266267767
796,149,-7096.0,47.06711409395973,47.624161073825505,83,52,1,0.018592988164936427
797,144,-7334.0,50.22222222222222,50.93055555555556,102,45,1,0.018500023224111744
798,161,-7051.0,43.18012422360248,43.79503105590062,99,53,1,0.018407523107991184
799,187,-8459.0,44.529411764705884,45.23529411764706,132,48,1,0.01831548549245123
800,178,-7879.0,43.48314606741573,44.264044943820224,139,40,1,0.018223908064988973
801,142,-5867.0,40.65492957746479,41.316901408450704,94,45,1,0.018132788524664028
802,260,-13508.0,51.18846153846154,51.95384615384615,199,77,1,0.018042124582040707
803,166,-8222.0,48.933734939759034,49.53012048192771,99,49,1,0.017951913959130504
804,189,-8981.0,46.72486772486773,47.51851851851852,150,55,1,0.01786215438933485
805,115,-5539.0,47.54782608695652,48.165217391304346,71,38,1,0.017772843617388175
806,137,-6482.0,46.77372262773723,47.31386861313869,74,47,1,0.017683979399301233
807,162,-7533.0,45.833333333333336,46.5,108,49,1,0.017595559502304726
808,183,-8368.0,44.75409836065574,45.72677595628415,178,40,1,0.0175075817047932
809,172,-7665.0,43.97093023255814,44.56395348837209,102,57,1,0.017420043796269234
810,106,-4265.0,39.70754716981132,40.235849056603776,56,37,1,0.017332943577287888
811,309,-17955.0,57.045307443365694,58.10679611650485,328,71,1,0.01724627885940145
812,183,-9704.0,52.31693989071038,53.02732240437158,130,57,1,0.017160047465104442
813,143,-6872.0,47.28671328671329,48.05594405594405,110,44,1,0.01707424722777892
814,231,-13535.0,57.96536796536797,58.59307359307359,145,78,1,0.016988875991640028
815,133,-6167.0,45.954887218045116,46.36842105263158,55,51,1,0.016903931611681827
816,156,-8166.0,51.8974358974359,52.34615384615385,70,59,1,0.01681941195362342
817,119,-7908.0,66.34453781512605,66.45378151260505,13,54,1,0.016735314893855303
818,184,-8799.0,47.266304347826086,47.82065217391305,102,62,1,0.016651638319386028
819,118,-8164.0,68.90677966101696,69.1864406779661,33,51,1,0.0165683801277891
820,147,-9266.0,62.802721088435376,63.034013605442176,34,65,1,0.016485538227150154
821,180,-8423.0,46.26111111111111,46.794444444444444,96,66,1,0.0164031105360144
822,133,-7119.0,53.30075187969925,53.526315789473685,30,59,1,0.01632109498333433
823,179,-10135.0,55.94972067039106,56.62011173184357,120,60,1,0.016239489508417658
824,151,-6580.0,42.80794701986755,43.57615894039735,116,44,1,0.01615829206087557
825,150,-9830.0,64.92666666666666,65.53333333333333,91,51,1,0.01607750060057119
826,163,-7618.0,45.98159509202454,46.736196319018404,123,46,1,0.015997113097568336
827,178,-9926.0,55.12921348314607,55.764044943820224,113,57,1,0.015917127532080494
828,136,-6858.0,49.838235294117645,50.4264705882353,80,46,1,0.01583754189442009
829,210,-7951.0,37.05238095238095,37.86190476190476,170,58,1,0.01575835418494799
830,145,-6460.0,43.97241379310345,44.55172413793103,84,48,1,0.01567956241402325
831,193,-12606.0,64.65803108808291,65.3160621761658,127,63,1,0.015601164601953134
832,159,-6932.0,42.867924528301884,43.59748427672956,116,48,1,0.015523158778943369
833,289,-17406.0,59.36678200692042,60.22837370242215,249,78,1,0.015445542985048652
834,158,-6794.0,42.37341772151899,43.0,99,49,1,0.015368315270123408
835,111,-4301.0,38.11711711711712,38.747747747747745,70,38,1,0.01529147369377279
836,210,-11306.0,53.076190476190476,53.838095238095235,160,63,1,0.015215016325303928
837,215,-9626.0,44.08372093023256,44.77209302325581,148,67,1,0.015138941243677408
838,178,-9563.0,53.23033707865169,53.7247191011236,88,63,1,0.01506324653745902
839,133,-5868.0,43.34586466165413,44.1203007518797,103,29,1,0.014987930304771725
840,189,-9134.0,47.6031746031746,48.32804232804233,137,53,1,0.014912990653247866
841,243,-12366.0,50.05761316872428,50.888888888888886,202,67,1,0.014838425699981627
842,176,-8101.0,45.50568181818182,46.02840909090909,92,53,1,0.01476423357148172
843,184,-10157.0,54.46195652173913,55.20108695652174,136,51,1,0.014690412403624311
844,222,-9962.0,44.148648648648646,44.873873873873876,161,59,1,0.01461696034160619
845,256,-12704.0,48.890625,49.625,188,71,1,0.014543875539898159
846,120,-4940.0,40.583333333333336,41.166666666666664,70,37,1,0.014471156162198668
847,158,-6418.0,39.78481012658228,40.620253164556964,132,41,1,0.014398800381387675
848,175,-9239.0,52.02857142857143,52.794285714285714,134,49,1,0.014326806379480736
849,124,-5275.0,41.74193548387097,42.54032258064516,99,33,1,0.014255172347583332
850,155,-8465.0,53.86451612903226,54.61290322580645,116,40,1,0.014183896485845416
851,226,-9192.0,39.80530973451327,40.67256637168141,196,61,1,0.014112977003416188
852,322,-16564.0,50.546583850931675,51.440993788819874,288,82,1,0.014042412118399107
853,145,-8469.0,57.95862068965517,58.40689655172414,65,40,1,0.013972200057807112
854,267,-11827.0,43.441947565543074,44.29588014981273,228,69,1,0.013902339057518077
855,241,-10535.0,42.780082987551864,43.71369294605809,225,56,1,0.013832827362230486
856,268,-11600.0,42.42164179104478,43.28358208955224,231,66,1,0.013763663225419333
857,296,-12320.0,40.685810810810814,41.62162162162162,277,73,1,0.013694844909292236
858,277,-12268.0,43.44404332129964,44.288808664259925,234,75,1,0.013626370684745774
859,198,-8499.0,42.166666666666664,42.92424242424242,150,54,1,0.013558238831322046
860,153,-6647.0,42.72549019607843,43.44444444444444,110,43,1,0.013490447637165436
861,152,-7140.0,46.44736842105263,46.973684210526315,80,47,1,0.013422995398979608
862,155,-6615.0,41.91612903225806,42.67741935483871,118,41,1,0.01335588042198471
863,271,-15355.0,55.56826568265683,56.66051660516605,296,59,1,0.013289101019874787
864,158,-6293.0,39.075949367088604,39.82911392405063,119,45,1,0.013222655514775413
865,110,-4442.0,39.59090909090909,40.38181818181818,87,30,1,0.013156542237201536
866,192,-7831.0,40.015625,40.786458333333336,148,51,1,0.013090759526015528
867,177,-8867.0,49.29943502824859,50.09604519774011,141,51,1,0.01302530572838545
868,169,-7375.0,42.633136094674555,43.63905325443787,170,39,1,0.012960179199743523
869,142,-5301.0,36.725352112676056,37.33098591549296,86,45,1,0.012895378303744804
870,117,-5196.0,43.72649572649573,44.41025641025641,80,35,1,0.01283090141222608
871,453,-21919.0,47.35540838852097,48.386313465783665,467,110,1,0.012766746905164949
872,261,-12235.0,45.95785440613027,46.877394636015325,240,65,1,0.012702913170639124
873,412,-21507.0,51.199029126213595,52.20145631067961,413,86,1,0.012639398604785928
874,151,-7364.0,48.06622516556291,48.7682119205298,106,49,1,0.012576201611761997
875,180,-7017.0,38.26111111111111,38.983333333333334,130,49,1,0.012513320603703188
876,348,-15939.0,44.82471264367816,45.80172413793103,340,71,1,0.012450754000684672
877,403,-17180.0,41.66749379652605,42.630272952853595,388,95,1,0.012388500230681249
878,246,-12649.0,50.353658536585364,51.41869918699187,262,55,1,0.012326557729527843
879,212,-9482.0,43.90094339622642,44.72641509433962,175,58,1,0.012264924940880204
880,135,-4908.0,35.7037037037037,36.355555555555554,88,38,1,0.012203600316175803
881,123,-5014.0,40.34959349593496,40.764227642276424,51,37,1,0.012142582314594924
882,164,-8062.0,48.426829268292686,49.15853658536585,120,49,1,0.01208186940302195
883,188,-8127.0,42.37234042553192,43.22872340425532,161,49,1,0.01202146005600684
884,170,-8000.0,46.17058823529412,47.05882352941177,151,44,1,0.011961352755726806
885,180,-7023.0,38.32222222222222,39.016666666666666,125,44,1,0.01190154599194817
886,174,-7400.0,41.827586206896555,42.52873563218391,122,53,1,0.01184203826198843
887,129,-4651.0,35.24031007751938,36.054263565891475,105,35,1,0.011782828070678488
888,306,-14779.0,47.43464052287582,48.29738562091503,264,84,1,0.011723913930325095
889,226,-9951.0,43.25221238938053,44.030973451327434,176,65,1,0.01166529436067347
890,106,-4554.0,42.405660377358494,42.9622641509434,59,34,1,0.011606967888870102
891,133,-5309.0,39.278195488721806,39.91729323308271,85,38,1,0.01154893304942575
892,191,-8740.0,44.94764397905759,45.75916230366492,155,51,1,0.011491188384178622
893,126,-6102.0,47.67460317460318,48.42857142857143,95,34,1,0.011433732442257729
894,287,-13783.0,47.041811846689896,48.02439024390244,282,63,1,0.01137656378004644
895,234,-12585.0,52.76923076923077,53.782051282051285,237,49,1,0.011319680961146208
896,147,-6758.0,45.374149659863946,45.97278911564626,88,42,1,0.011263082556340478
897,250,-10411.0,40.748,41.644,224,61,1,0.011206767143558775
898,277,-11325.0,39.92779783393502,40.88447653429603,265,66,1,0.011150733307840981
899,136,-6498.0,47.125,47.779411764705884,89,44,1,0.011094979641301777
900,255,-10886.0,41.772549019607844,42.69019607843137,234,60,1,0.011039504743095268
901,112,-4530.0,39.82142857142857,40.44642857142857,70,37,1,0.01098430721937979
902,428,-22238.0,50.98831775700935,51.95794392523364,415,99,1,0.010929385683282892
903,148,-6228.0,41.4054054054054,42.08108108108108,100,40,1,0.010874738754866477
904,172,-7699.0,43.94186046511628,44.76162790697674,141,44,1,0.010820365061092144
905,171,-7130.0,41.04093567251462,41.69590643274854,112,44,1,0.010766263235786683
906,206,-8058.0,38.21844660194175,39.116504854368934,185,53,1,0.01071243191960775
907,163,-6156.0,37.12883435582822,37.76687116564417,104,49,1,0.010658869760009713
908,425,-18581.0,42.712941176470586,43.72,428,100,1,0.010605575411209664
909,362,-19969.0,54.110497237569064,55.16298342541437,381,84,1,0.010552547534153616
910,181,-6895.0,37.370165745856355,38.0939226519337,131,56,1,0.010499784796482848
911,150,-6510.0,42.60666666666667,43.4,119,42,1,0.010447285872500434
912,500,-25736.0,50.342,51.472,565,104,0,0.01039504944313793
913,226,-9805.0,42.42920353982301,43.38495575221239,216,55,1,0.010343074195922241
914,181,-7968.0,43.209944751381215,44.02209944751381,147,50,1,0.01029135882494263
915,155,-7001.0,44.24516129032258,45.16774193548387,143,41,1,0.010239902030817916
916,291,-15014.0,50.71134020618557,51.59450171821306,257,78,1,0.010188702520663827
917,500,-22692.0,44.232,45.384,576,100,0,0.010137759008060509
918,113,-4638.0,40.36283185840708,41.04424778761062,77,35,1,0.010087070213020206
919,129,-5889.0,44.93023255813954,45.651162790697676,93,41,1,0.010036634861955105
920,282,-14876.0,51.751773049645394,52.751773049645394,282,69,1,0.01
921,363,-16232.0,43.70798898071625,44.71625344352617,366,80,1,0.01
922,130,-4838.0,36.61538461538461,37.215384615384615,78,37,1,0.01
923,174,-7797.0,43.91379310344828,44.810344827586206,156,46,1,0.01
924,175,-9364.0,52.61714285714286,53.50857142857143,156,46,1,0.01
925,143,-5633.0,38.57342657342657,39.39160839160839,117,41,1,0.01
926,124,-4807.0,38.25806451612903,38.766129032258064,63,42,1,0.01
927,171,-7234.0,41.28654970760234,42.30409356725146,174,40,1,0.01
928,465,-23903.0,50.33118279569892,51.40430107526882,499,105,1,0.01
929,368,-17777.0,47.24728260869565,48.307065217391305,390,79,1,0.01
930,470,-22701.0,47.32553191489362,48.3,458,116,1,0.01
931,319,-14679.0,45.09090909090909,46.01567398119122,295,79,1,0.01
932,171,-7367.0,42.56140350877193,43.08187134502924,89,60,1,0.01
933,191,-8193.0,42.026178010471206,42.89528795811518,166,54,1,0.01
934,185,-8961.0,47.74594594594595,48.43783783783784,128,50,1,0.01
935,158,-6473.0,40.360759493670884,40.96835443037975,96,51,1,0.01
936,192,-8817.0,45.036458333333336,45.921875,170,54,1,0.01
937,500,-24310.0,47.536,48.62,542,102,0,0.01
938,163,-6376.0,38.42944785276074,39.11656441717791,112,47,1,0.01
939,125,-4856.0,38.136,38.848,89,36,1,0.01
940,166,-7215.0,42.734939759036145,43.463855421686745,121,46,1,0.01
941,154,-5973.0,38.077922077922075,38.785714285714285,109,44,1,0.01
942,477,-22218.0,45.490566037735846,46.57861635220126,519,100,1,0.01
943,120,-6195.0,51.141666666666666,51.625,58,43,1,0.01
944,127,-5472.0,42.59842519685039,43.08661417322835,62,44,1,0.01
945,224,-9946.0,43.580357142857146,44.401785714285715,184,60,1,0.01
946,117,-4724.0,39.717948717948715,40.376068376068375,77,36,1,0.01
947,227,-7285.0,31.24669603524229,32.09251101321586,192,57,1,0.01
948,227,-9583.0,41.11013215859031,42.215859030837,251,47,1,0.01
949,135,-4965.0,36.162962962962965,36.77777777777778,83,41,1,0.01
950,155,-6194.0,39.21290322580645,39.961290322580645,116,45,1,0.01
951,152,-6192.0,40.03947368421053,40.73684210526316,106,43,1,0.01
952,346,-18229.0,51.783236994219656,52.6849710982659,312,84,1,0.01
953,500,-22622.0,44.184,45.244,530,112,0,0.01
954,170,-8330.0,48.28823529411765,49.0,121,52,1,0.01
955,221,-9468.0,41.95022624434389,42.841628959276015,197,58,1,0.01
956,217,-10360.0,46.78801843317972,47.74193548387097,207,46,1,0.01
957,151,-7285.0,47.4635761589404,48.24503311258278,118,45,1,0.01
958,173,-7982.0,45.566473988439306,46.138728323699425,99,59,1,0.01
959,306,-14789.0,47.47712418300654,48.330065359477125,261,70,1,0.01
960,326,-16619.0,49.941717791411044,50.97852760736196,338,70,1,0.01
961,179,-7063.0,38.608938547486034,39.45810055865922,152,46,1,0.01
962,218,-11248.0,50.637614678899084,51.596330275229356,209,52,1,0.01
963,81,-2919.0,35.34567901234568,36.03703703703704,56,24,1,0.01
964,105,-4632.0,43.6,44.114285714285714,54,36,1,0.01
965,279,-13049.0,45.75985663082437,46.770609318996414,282,61,1,0.01
966,264,-14797.0,55.15151515151515,56.04924242424242,237,55,1,0.01
967,167,-6463.0,37.92215568862275,38.70059880239521,130,45,1,0.01
968,170,-6544.0,37.65882352941176,38.49411764705882,142,41,1,0.01
969,193,-11223.0,57.16062176165803,58.15025906735751,191,48,1,0.01
970,121,-4182.0,33.900826446280995,34.56198347107438,80,35,1,0.01
971,169,-8820.0,51.49704142011834,52.18934911242604,117,43,1,0.01
972,144,-7129.0,49.111111111111114,49.50694444444444,57,48,1,0.01
973,102,-4070.0,39.27450980392157,39.90196078431372,64,32,1,0.01
974,213,-10741.0,49.57746478873239,50.42723004694836,181,56,1,0.01
975,468,-27013.0,56.72649572649573,57.72008547008547,465,111,1,0.01
976,194,-8926.0,45.2319587628866,46.01030927835052,151,56,1,0.01
977,158,-6848.0,42.67088607594937,43.34177215189873,106,40,1,0.01
978,150,-6481.0,42.56,43.20666666666666,97,42,1,0.01
979,188,-8902.0,46.47872340425532,47.351063829787236,164,49,1,0.01
980,364,-17302.0,46.502747252747255,47.532967032967036,375,78,1,0.01
981,167,-8341.0,49.11377245508982,49.946107784431135,139,48,1,0.01
982,170,-7274.0,41.95294117647059,42.78823529411765,142,43,1,0.01
983,412,-19611.0,46.60436893203884,47.599514563106794,410,96,1,0.01
984,273,-12868.0,46.146520146520146,47.13553113553114,270,62,1,0.01
985,306,-15270.0,49.05555555555556,49.90196078431372,259,79,1,0.01
986,197,-10156.0,50.55329949238579,51.55329949238579,197,46,1,0.01
987,157,-6303.0,39.35031847133758,40.146496815286625,125,45,1,0.01
988,197,-8847.0,44.0507614213198,44.90862944162436,169,53,1,0.01
989,252,-12946.0,50.43650793650794,51.37301587301587,236,65,1,0.01
990,208,-9039.0,42.58173076923077,43.45673076923077,182,54,1,0.01
991,269,-14760.0,53.847583643122675,54.86988847583643,275,59,1,0.01
992,456,-21484.0,46.0921052631579,47.1140350877193,466,103,1,0.01
993,366,-17661.0,47.259562841530055,48.25409836065574,364,89,1,0.01
994,132,-5786.0,43.083333333333336,43.833333333333336,99,39,1,0.01
995,136,-5206.0,37.654411764705884,38.279411764705884,85,44,1,0.01
996,102,-4079.0,39.3921568627451,39.990196078431374,61,27,1,0.01
997,209,-9576.0,44.87081339712919,45.81818181818182,198,53,1,0.01
998,264,-12231.0,45.378787878787875,46.32954545454545,251,65,1,0.01
999,234,-12223.0,51.29059829059829,52.23504273504273,221,58,1,0.01
1000,151,-6552.0,42.54304635761589,43.390728476821195,128,42,1,0.01
1001,132,-6861.0,51.40151515151515,51.97727272727273,76,30,1,0.01
1002,153,-6515.0,41.86274509803921,42.58169934640523,110,46,1,0.01
1003,500,-23429.0,45.776,46.858,541,112,0,0.01
1004,500,-23531.0,46.052,47.062,505,112,0,0.01
1005,154,-7123.0,45.54545454545455,46.253246753246756,109,42,1,0.01
1006,500,-24712.0,48.378,49.424,523,113,0,0.01
1007,142,-5627.0,38.929577464788736,39.62676056338028,99,35,1,0.01
1008,156,-5977.0,37.58974358974359,38.31410256410256,113,34,1,0.01
1009,287,-14276.0,48.79790940766551,49.742160278745644,271,68,1,0.01
1010,107,-4158.0,38.177570093457945,38.85981308411215,73,27,1,0.01
1011,187,-8183.0,42.83422459893048,43.75935828877005,173,44,1,0.01
1012,118,-5146.0,43.0,43.610169491525426,72,26,1,0.01
1013,112,-4307.0,37.55357142857143,38.455357142857146,101,29,1,0.01
1014,232,-9932.0,41.84051724137931,42.810344827586206,225,42,1,0.01
1015,160,-6470.0,39.6625,40.4375,124,41,1,0.01
1016,169,-7101.0,41.23668639053255,42.01775147928994,132,42,1,0.01
1017,500,-22015.0,42.972,44.03,529,111,0,0.01
1018,210,-7922.0,36.77142857142857,37.72380952380952,200,45,1,0.01
1019,191,-7485.0,38.42931937172775,39.18848167539267,145,43,1,0.01
1020,153,-6570.0,42.35947712418301,42.94117647058823,89,36,1,0.01
1021,185,-7326.0,38.76216216216216,39.6,155,43,1,0.01
1022,202,-9462.0,45.866336633663366,46.84158415841584,197,46,1,0.01
1023,232,-11453.0,48.5,49.366379310344826,201,47,1,0.01
1024,180,-7571.0,41.15,42.06111111111111,164,44,1,0.01
1025,142,-5914.0,40.7112676056338,41.647887323943664,133,31,1,0.01
1026,166,-7099.0,42.04819277108434,42.765060240963855,119,44,1,0.01
1027,257,-9019.0,34.143968871595334,35.09338521400778,244,59,1,0.01
1028,273,-13773.0,49.56776556776557,50.45054945054945,241,65,1,0.01
1029,332,-16737.0,49.325301204819276,50.41265060240964,361,68,1,0.01
1030,160,-5501.0,33.66875,34.38125,114,49,1,0.01
1031,179,-7586.0,41.452513966480446,42.37988826815643,166,40,1,0.01
1032,97,-4016.0,40.649484536082475,41.402061855670105,73,28,1,0.01
1033,231,-10444.0,44.33766233766234,45.21212121212121,202,54,1,0.01
1034,141,-6930.0,48.46099290780142,49.148936170212764,97,38,1,0.01
1035,132,-4556.0,33.85606060606061,34.515151515151516,87,33,1,0.01
1036,500,-24916.0,48.858,49.832,487,116,0,0.01
1037,225,-11038.0,48.035555555555554,49.05777777777778,230,49,1,0.01
1038,154,-6434.0,41.05194805194805,41.77922077922078,112,43,1,0.01
1039,228,-9662.0,41.55263157894737,42.37719298245614,188,63,1,0.01
1040,216,-10200.0,46.39351851851852,47.22222222222222,179,55,1,0.01
1041,130,-4706.0,35.44615384615385,36.2,98,38,1,0.01
1042,167,-6037.0,35.31137724550898,36.1497005988024,140,46,1,0.01
1043,360,-15582.0,42.225,43.28333333333333,381,84,1,0.01
1044,448,-20746.0,45.25,46.308035714285715,474,102,1,0.01
1045,398,-15131.0,37.015075376884425,38.017587939698494,399,92,1,0.01
1046,302,-12195.0,39.4635761589404,40.38079470198676,277,78,1,0.01
1047,153,-4951.0,31.627450980392158,32.35947712418301,112,48,1,0.01
1048,245,-10073.0,40.08163265306123,41.114285714285714,253,58,1,0.01
1049,148,-5636.0,37.49324324324324,38.08108108108108,87,48,1,0.01
1050,155,-5857.0,36.987096774193546,37.78709677419355,124,43,1,0.01
1051,170,-7305.0,42.35294117647059,42.970588235294116,105,48,1,0.01
1052,137,-5017.0,35.948905109489054,36.62043795620438,92,29,1,0.01
1053,236,-9988.0,41.470338983050844,42.32203389830509,201,60,1,0.01
1054,191,-8503.0,43.78010471204188,44.518324607329845,141,50,1,0.01
1055,313,-12016.0,37.466453674121404,38.38977635782748,289,74,1,0.01
1056,500,-21695.0,42.366,43.39,512,114,0,0.01
1057,205,-8420.0,40.12682926829268,41.073170731707314,194,48,1,0.01
1058,436,-19279.0,43.112385321100916,44.21788990825688,482,91,1,0.01
1059,207,-9530.0,45.207729468599034,46.03864734299517,172,55,1,0.01
1060,261,-13256.0,49.81226053639847,50.78927203065134,255,63,1,0.01
1061,500,-22142.0,43.214,44.284,535,107,0,0.01
1062,454,-20410.0,43.909691629955944,44.95594713656388,475,97,1,0.01
1063,500,-21519.0,41.918,43.038,560,103,0,0.01
1064,500,-22876.0,44.698,45.752,527,108,0,0.01
1065,241,-9308.0,37.67219917012448,38.62240663900415,229,57,1,0.01
1066,261,-11059.0,41.40229885057471,42.371647509578544,253,63,1,0.01
1067,455,-22203.0,47.75604395604395,48.7978021978022,474,96,1,0.01
1068,390,-19285.0,48.34615384615385,49.44871794871795,430,78,1,0.01
1069,481,-20217.0,41.018711018711016,42.03118503118503,487,105,1,0.01
1070,164,-6573.0,39.36585365853659,40.079268292682926,117,42,1,0.01
1071,202,-8423.0,40.82178217821782,41.698019801980195,177,48,1,0.01
1072,165,-7138.0,42.67878787878788,43.26060606060606,96,47,1,0.01
1073,112,-4470.0,39.00892857142857,39.910714285714285,101,28,1,0.01
1074,253,-10126.0,39.019762845849804,40.023715415019765,254,57,1,0.01
1075,272,-10963.0,39.356617647058826,40.30514705882353,258,65,1,0.01
1076,245,-10221.0,40.76326530612245,41.71836734693878,234,58,1,0.01
1077,171,-7486.0,42.97076023391813,43.77777777777778,138,47,1,0.01
1078,222,-10455.0,46.22072072072072,47.0945945945946,194,58,1,0.01
1079,338,-17486.0,50.69822485207101,51.73372781065089,350,67,1,0.01
1080,489,-22570.0,45.06952965235174,46.15541922290389,531,99,1,0.01
1081,500,-21346.0,41.594,42.692,549,107,0,0.01
1082,500,-20899.0,40.718,41.798,540,108,0,0.01
1083,482,-20645.0,41.844398340248965,42.83195020746888,476,114,1,0.01
1084,98,-3321.0,33.3469387755102,33.88775510204081,53,32,1,0.01
1085,235,-8946.0,37.06808510638298,38.06808510638298,235,57,1,0.01
1086,214,-8842.0,40.41588785046729,41.3177570093458,193,53,1,0.01
1087,174,-7663.0,43.12068965517241,44.04022988505747,160,43,1,0.01
1088,433,-18457.0,41.56581986143187,42.62586605080831,459,97,1,0.01
1089,125,-4415.0,34.648,35.32,84,36,1,0.01
1090,159,-6487.0,39.861635220125784,40.79874213836478,149,39,1,0.01
1091,118,-4495.0,37.42372881355932,38.09322033898305,79,33,1,0.01
1092,439,-18848.0,41.851936218678816,42.933940774487475,475,93,1,0.01
1093,157,-6431.0,40.15923566878981,40.961783439490446,126,41,1,0.01
1094,190,-8463.0,43.73157894736842,44.54210526315789,154,49,1,0.01
1095,337,-15042.0,43.70326409495549,44.63501483679525,314,79,1,0.01
1096,318,-14503.0,44.57861635220126,45.606918238993714,327,68,1,0.01
1097,340,-14671.0,42.16470588235294,43.15,335,82,1,0.01
1098,178,-7010.0,38.62359550561798,39.38202247191011,135,51,1,0.01
1099,134,-4758.0,34.865671641791046,35.507462686567166,86,43,1,0.01
1100,135,-5029.0,36.51111111111111,37.25185185185185,100,40,1,0.01
1101,343,-16164.0,46.13119533527697,47.12536443148688,341,79,1,0.01
1102,312,-14084.0,44.21153846153846,45.14102564102564,290,77,1,0.01
1103,262,-9474.0,35.229007633587784,36.16030534351145,244,61,1,0.01
1104,137,-5367.0,38.583941605839414,39.175182481751825,81,41,1,0.01
1105,285,-11477.0,39.4,40.27017543859649,248,69,1,0.01
1106,278,-10991.0,38.6294964028777,39.53597122302158,252,73,1,0.01
1107,265,-9659.0,35.58490566037736,36.449056603773585,229,67,1,0.01
1108,159,-6644.0,41.132075471698116,41.78616352201258,104,36,1,0.01
1109,149,-6471.0,42.70469798657718,43.42953020134228,108,34,1,0.01
1110,156,-7245.0,45.833333333333336,46.44230769230769,95,44,1,0.01
1111,201,-8056.0,39.233830845771145,40.07960199004975,170,49,1,0.01
1112,322,-13590.0,41.149068322981364,42.20496894409938,340,69,1,0.01
1113,500,-21754.0,42.332,43.508,588,100,0,0.01
1114,294,-12027.0,39.93197278911565,40.90816326530612,287,69,1,0.01
1115,322,-15207.0,46.21739130434783,47.22670807453416,325,73,1,0.01
1116,122,-4733.0,38.18852459016394,38.795081967213115,74,41,1,0.01
1117,334,-12187.0,35.47604790419162,36.48802395209581,338,77,1,0.01
1118,136,-5266.0,38.205882352941174,38.720588235294116,70,42,1,0.01
1119,240,-11377.0,46.425,47.40416666666667,235,58,1,0.01
1120,447,-18615.0,40.58389261744966,41.644295302013425,474,96,1,0.01
1121,170,-5374.0,30.929411764705883,31.611764705882354,116,47,1,0.01
1122,217,-7961.0,35.79723502304147,36.68663594470046,193,54,1,0.01
1123,309,-13436.0,42.51779935275081,43.48220064724919,298,77,1,0.01
1124,112,-4075.0,35.625,36.38392857142857,85,28,1,0.01
1125,115,-4010.0,34.19130434782609,34.869565217391305,78,32,1,0.01
1126,284,-11334.0,38.90492957746479,39.90845070422535,285,65,1,0.01
1127,332,-13479.0,39.5,40.59939759036145,365,71,1,0.01
1128,279,-11255.0,39.40501792114696,40.340501792114694,261,63,1,0.01
1129,364,-15351.0,41.239010989010985,42.17307692307692,340,91,1,0.01
1130,385,-15765.0,39.82597402597403,40.94805194805195,432,79,1,0.01
1131,398,-16609.0,40.65829145728643,41.731155778894475,427,82,1,0.01
1132,409,-18338.0,43.71882640586797,44.836185819070906,457,83,1,0.01
1133,106,-3513.0,32.339622641509436,33.14150943396226,85,29,1,0.01
1134,111,-4275.0,37.81981981981982,38.513513513513516,77,29,1,0.01
1135,282,-11329.0,39.304964539007095,40.173758865248224,245,68,1,0.01
1136,318,-14875.0,45.776729559748425,46.776729559748425,318,74,1,0.01
1137,306,-12966.0,41.34640522875817,42.372549019607845,314,70,1,0.01
1138,500,-18602.0,36.158,37.204,523,109,0,0.01
1139,161,-7864.0,48.06832298136646,48.84472049689441,125,43,1,0.01
1140,112,-4874.0,42.705357142857146,43.517857142857146,91,31,1,0.01
1141,307,-11226.0,35.530944625407166,36.56677524429968,318,70,1,0.01
1142,335,-15123.0,44.12238805970149,45.14328358208955,342,79,1,0.01
1143,138,-4276.0,30.369565217391305,30.985507246376812,85,40,1,0.01
1144,140,-5701.0,39.91428571428571,40.72142857142857,113,39,1,0.01
1145,357,-15769.0,43.20448179271709,44.17086834733894,345,85,1,0.01
1146,500,-19683.0,38.22,39.366,573,102,0,0.01
1147,334,-12457.0,36.293413173652695,37.296407185628745,335,80,1,0.01
1148,146,-5205.0,35.02739726027397,35.65068493150685,91,45,1,0.01
1149,229,-9172.0,39.03930131004367,40.05240174672489,232,51,1,0.01
1150,123,-4675.0,37.235772357723576,38.00813008130081,95,31,1,0.01
1151,251,-10459.0,40.72908366533864,41.669322709163346,236,59,1,0.01
1152,137,-4943.0,35.27007299270073,36.08029197080292,111,37,1,0.01
1153,432,-17122.0,38.5625,39.63425925925926,463,88,1,0.01
1154,211,-7634.0,35.25118483412322,36.18009478672986,196,53,1,0.01
1155,131,-5215.0,39.12977099236641,39.80916030534351,89,35,1,0.01
1156,500,-19977.0,38.862,39.954,546,108,0,0.01
1157,111,-3656.0,32.42342342342342,32.93693693693694,57,30,1,0.01
1158,116,-4817.0,41.025862068965516,41.525862068965516,58,28,1,0.01
1159,386,-16433.0,41.45854922279793,42.57253886010363,430,74,1,0.01
1160,211,-7922.0,36.65876777251185,37.54502369668246,187,58,1,0.01
1161,124,-4924.0,39.016129032258064,39.70967741935484,86,30,1,0.01
1162,229,-8013.0,34.07423580786026,34.99126637554585,210,47,1,0.01
1163,96,-3629.0,37.0,37.802083333333336,77,26,1,0.01
1164,136,-4827.0,34.61029411764706,35.49264705882353,120,37,1,0.01
1165,250,-9959.0,38.8,39.836,259,56,1,0.01
1166,266,-9618.0,35.221804511278194,36.1578947368421,249,60,1,0.01
1167,140,-5392.0,37.68571428571428,38.51428571428571,116,29,1,0.01
1168,222,-7903.0,34.86486486486486,35.5990990990991,163,65,1,0.01
1169,123,-4365.0,34.65853658536585,35.48780487804878,102,34,1,0.01
1170,251,-8555.0,33.147410358565736,34.08366533864542,235,60,1,0.01
1171,394,-13099.0,32.27918781725889,33.246192893401016,381,90,1,0.01
1172,219,-8897.0,39.84931506849315,40.62557077625571,170,63,1,0.01
1173,500,-18309.0,35.634,36.618,492,119,0,0.01
1174,160,-6849.0,42.00625,42.80625,128,37,1,0.01
1175,157,-5848.0,36.43312101910828,37.2484076433121,128,36,1,0.01
1176,202,-7606.0,36.757425742574256,37.65346534653465,181,48,1,0.01
1177,356,-14562.0,40.02808988764045,40.90449438202247,312,83,1,0.01
1178,214,-8344.0,38.12149532710281,38.99065420560748,186,53,1,0.01
1179,247,-10079.0,39.80566801619433,40.80566801619433,247,49,1,0.01
1180,164,-6120.0,36.426829268292686,37.31707317073171,146,35,1,0.01
1181,500,-19064.0,37.0,38.128,564,101,0,0.01
1182,414,-16055.0,37.7463768115942,38.78019323671498,428,91,1,0.01
1183,166,-6088.0,35.90963855421687,36.674698795180724,127,39,1,0.01
1184,122,-4863.0,39.31967213114754,39.86065573770492,66,32,1,0.01
1185,160,-5503.0,33.5125,34.39375,141,38,1,0.01
1186,201,-8021.0,38.995024875621894,39.90547263681592,183,42,1,0.01
1187,274,-10287.0,36.45255474452555,37.543795620437955,299,60,1,0.01
1188,118,-4298.0,35.63559322033898,36.42372881355932,93,34,1,0.01
1189,157,-5299.0,32.8343949044586,33.7515923566879,144,35,1,0.01
1190,231,-8786.0,37.134199134199136,38.03463203463203,208,54,1,0.01
1191,159,-6090.0,37.314465408805034,38.301886792452834,157,32,1,0.01
1192,244,-8493.0,33.85245901639344,34.807377049180324,233,57,1,0.01
1193,236,-8046.0,33.144067796610166,34.09322033898305,224,54,1,0.01
1194,144,-4673.0,31.583333333333332,32.451388888888886,125,34,1,0.01
1195,179,-5848.0,31.782122905027933,32.67039106145251,159,46,1,0.01
1196,500,-19070.0,37.048,38.14,546,99,0,0.01
1197,170,-6188.0,35.50588235294118,36.4,152,42,1,0.01
1198,143,-4888.0,33.36363636363637,34.18181818181818,117,36,1,0.01
1199,275,-10184.0,36.04,37.03272727272727,273,61,1,0.01
1200,143,-4735.0,32.27272727272727,33.11188811188811,120,37,1,0.01
1201,298,-10382.0,33.83892617449664,34.83892617449664,298,62,1,0.01
1202,413,-16743.0,39.44309927360775,40.539951573849876,453,81,1,0.01
1203,143,-5435.0,37.44755244755245,38.00699300699301,80,50,1,0.01
1204,142,-5360.0,36.95070422535211,37.74647887323944,113,38,1,0.01
1205,82,-2639.0,31.573170731707318,32.18292682926829,50,25,1,0.01
1206,278,-11010.0,38.57194244604317,39.60431654676259,287,58,1,0.01
1207,169,-7222.0,41.887573964497044,42.73372781065089,143,46,1,0.01
1208,212,-7774.0,35.740566037735846,36.66981132075472,197,50,1,0.01
1209,282,-10172.0,35.09219858156028,36.0709219858156,276,68,1,0.01
1210,465,-19343.0,40.51827956989247,41.597849462365595,502,101,1,0.01
1211,285,-10966.0,37.550877192982455,38.47719298245614,264,68,1,0.01
1212,190,-6793.0,34.90526315789474,35.752631578947366,161,50,1,0.01
1213,156,-7499.0,47.40384615384615,48.07051282051282,104,49,1,0.01
1214,125,-5426.0,42.848,43.408,70,40,1,0.01
1215,333,-12742.0,37.231231231231234,38.26426426426426,344,74,1,0.01
1216,392,-18208.0,45.339285714285715,46.44897959183673,435,83,1,0.01
1217,132,-4801.0,35.63636363636363,36.371212121212125,97,38,1,0.01
1218,142,-5029.0,34.58450704225352,35.41549295774648,118,39,1,0.01
1219,227,-9124.0,39.31277533039648,40.19383259911894,200,57,1,0.01
1220,332,-12504.0,36.5722891566265,37.66265060240964,362,70,1,0.01
1221,263,-10165.0,37.60456273764259,38.650190114068444,275,57,1,0.01
1222,397,-16810.0,41.322418136020154,42.34256926952141,405,89,1,0.01
1223,414,-17054.0,40.14251207729468,41.193236714975846,435,95,1,0.01
1224,157,-5186.0,32.22292993630573,33.031847133757964,127,37,1,0.01
1225,312,-12642.0,39.44551282051282,40.51923076923077,335,67,1,0.01
1226,110,-3666.0,32.627272727272725,33.32727272727273,77,29,1,0.01
1227,311,-11115.0,34.765273311897104,35.739549839228296,303,72,1,0.01
1228,341,-11858.0,33.70381231671554,34.774193548387096,365,70,1,0.01
1229,184,-6363.0,33.69021739130435,34.58152173913044,164,48,1,0.01
1230,175,-6290.0,35.08,35.94285714285714,151,43,1,0.01
1231,500,-17954.0,34.846,35.908,531,103,0,0.01
1232,226,-9084.0,39.11946902654867,40.19469026548673,243,45,1,0.01
1233,224,-8342.0,36.388392857142854,37.24107142857143,191,54,1,0.01
1234,350,-15511.0,43.22571428571428,44.317142857142855,382,74,1,0.01
1235,245,-9510.0,37.78367346938776,38.816326530612244,253,55,1,0.01
1236,126,-4662.0,36.24603174603175,37.0,95,26,1,0.01
1237,175,-5909.0,32.93714285714286,33.76571428571429,145,48,1,0.01
1238,110,-3885.0,34.372727272727275,35.31818181818182,104,28,1,0.01
1239,500,-19782.0,38.43,39.564,567,106,0,0.01
1240,164,-5663.0,33.603658536585364,34.53048780487805,152,42,1,0.01
1241,500,-16266.0,31.394,32.532,569,98,0,0.01
1242,189,-6627.0,34.164021164021165,35.06349206349206,170,43,1,0.01
1243,259,-9064.0,33.96138996138996,34.996138996138995,268,56,1,0.01
1244,266,-9616.0,35.14661654135338,36.150375939849624,267,56,1,0.01
1245,146,-5175.0,34.62328767123287,35.445205479452056,120,40,1,0.01
1246,170,-6141.0,35.27647058823529,36.12352941176471,144,44,1,0.01
1247,312,-13823.0,43.20192307692308,44.30448717948718,344,66,1,0.01
1248,289,-11247.0,37.90311418685121,38.916955017301035,293,65,1,0.01
1249,227,-7964.0,34.12775330396476,35.08370044052864,217,50,1,0.01
1250,391,-14028.0,34.84398976982097,35.87723785166241,404,87,1,0.01
1251,373,-15315.0,39.997319034852545,41.05898123324397,396,80,1,0.01
1252,500,-16207.0,31.308,32.414,553,101,0,0.01
1253,319,-10761.0,32.808777429467085,33.73354231974922,295,75,1,0.01
1254,500,-17706.0,34.29,35.412,561,104,0,0.01
1255,274,-10835.0,38.50729927007299,39.543795620437955,284,60,1,0.01
1256,254,-9554.0,36.70866141732284,37.61417322834646,230,56,1,0.01
1257,494,-18326.0,36.10121457489878,37.097165991902834,492,112,1,0.01
1258,500,-18740.0,36.416,37.48,532,107,0,0.01
1259,237,-8307.0,34.12236286919831,35.050632911392405,220,59,1,0.01
1260,184,-6056.0,32.02173913043478,32.91304347826087,164,45,1,0.01
1261,136,-6062.0,43.6985294117647,44.5735294117647,119,37,1,0.01
1262,318,-12382.0,37.9496855345912,38.937106918238996,314,73,1,0.01
1263,234,-8574.0,35.6965811965812,36.64102564102564,221,53,1,0.01
1264,322,-11185.0,33.72360248447205,34.7360248447205,326,69,1,0.01
1265,334,-14664.0,42.94011976047904,43.90419161676647,322,78,1,0.01
1266,218,-7635.0,34.1651376146789,35.022935779816514,187,50,1,0.01
1267,205,-6941.0,33.00487804878049,33.858536585365854,175,49,1,0.01
1268,500,-19634.0,38.18,39.268,544,101,0,0.01
1269,209,-7519.0,35.0,35.97607655502392,204,44,1,0.01
1270,436,-17668.0,39.44266055045872,40.522935779816514,471,88,1,0.01
1271,147,-4796.0,31.727891156462587,32.625850340136054,132,36,1,0.01
1272,350,-14262.0,39.68571428571428,40.74857142857143,372,71,1,0.01
1273,473,-20865.0,42.95771670190275,44.112050739957716,546,96,1,0.01
1274,491,-19375.0,38.389002036659875,39.46028513238289,526,106,1,0.01
1275,255,-9562.0,36.45490196078431,37.498039215686276,266,57,1,0.01
1276,341,-11969.0,34.12023460410557,35.09970674486804,334,81,1,0.01
1277,500,-22167.0,43.136,44.334,599,95,0,0.01
1278,383,-15552.0,39.6266318537859,40.60574412532637,375,93,1,0.01
1279,206,-7879.0,37.31553398058252,38.24757281553398,192,53,1,0.01
1280,110,-3361.0,29.89090909090909,30.554545454545455,73,31,1,0.01
1281,219,-7743.0,34.44748858447488,35.35616438356164,199,54,1,0.01
1282,304,-11858.0,37.96052631578947,39.00657894736842,318,70,1,0.01
1283,500,-17705.0,34.418,35.41,496,118,0,0.01
1284,280,-10732.0,37.27857142857143,38.32857142857143,294,59,1,0.01
1285,209,-6879.0,32.057416267942585,32.91387559808612,179,48,1,0.01
1286,263,-10349.0,38.456273764258555,39.349809885931556,235,62,1,0.01
1287,500,-19741.0,38.38,39.482,551,109,0,0.01
1288,500,-19951.0,38.764,39.902,569,104,0,0.01
1289,337,-10648.0,30.605341246290802,31.596439169139465,334,81,1,0.01
1290,342,-12738.0,36.1140350877193,37.24561403508772,387,69,1,0.01
1291,462,-17223.0,36.231601731601735,37.27922077922078,484,97,1,0.01
1292,500,-19115.0,37.112,38.23,559,109,0,0.01
1293,286,-12072.0,41.08041958041958,42.20979020979021,323,55,1,0.01
1294,409,-17855.0,42.66748166259169,43.655256723716384,404,96,1,0.01
1295,260,-9848.0,36.87692307692308,37.87692307692308,260,63,1,0.01
1296,500,-19232.0,37.308,38.464,578,98,0,0.01
1297,478,-18698.0,38.01882845188285,39.11715481171548,525,103,1,0.01
1298,381,-14017.0,35.73753280839895,36.79002624671916,401,81,1,0.01
1299,500,-17431.0,33.784,34.862,539,110,0,0.01
1300,500,-18390.0,35.692,36.78,544,92,0,0.01
1301,178,-5978.0,32.640449438202246,33.58426966292135,168,41,1,0.01
1302,214,-8994.0,40.98598130841121,42.02803738317757,223,50,1,0.01
1303,500,-18497.0,35.868,36.994,563,99,0,0.01
1304,183,-6368.0,33.98360655737705,34.797814207650276,149,47,1,0.01
1305,130,-4530.0,34.04615384615385,34.84615384615385,104,30,1,0.01
1306,196,-6988.0,34.75,35.6530612244898,177,48,1,0.01
1307,402,-14355.0,34.669154228855724,35.708955223880594,418,84,1,0.01
1308,270,-10028.0,36.12592592592593,37.14074074074074,274,63,1,0.01
1309,315,-11207.0,34.63809523809524,35.577777777777776,296,71,1,0.01
1310,500,-20511.0,39.858,41.022,582,92,0,0.01
1311,271,-9575.0,34.33579335793358,35.33210332103321,270,60,1,0.01
1312,141,-4670.0,32.269503546099294,33.12056737588652,120,34,1,0.01
1313,322,-11106.0,33.52173913043478,34.49068322981366,312,71,1,0.01
1314,101,-3673.0,35.57425742574257,36.366336633663366,80,26,1,0.01
1315,138,-4401.0,31.079710144927535,31.891304347826086,112,36,1,0.01
1316,131,-4569.0,34.091603053435115,34.87786259541985,103,34,1,0.01
1317,142,-4318.0,29.591549295774648,30.408450704225352,116,40,1,0.01
1318,246,-8831.0,35.02845528455285,35.89837398373984,214,52,1,0.01
1319,500,-18929.0,36.734,37.858,562,102,0,0.01
1320,426,-16208.0,37.028169014084504,38.04694835680751,434,98,1,0.01
1321,209,-7224.0,33.69377990430622,34.56459330143541,182,54,1,0.01
1322,123,-4368.0,34.67479674796748,35.51219512195122,103,31,1,0.01
1323,157,-6046.0,37.5796178343949,38.50955414012739,146,42,1,0.01
1324,191,-6904.0,35.24083769633508,36.146596858638745,173,46,1,0.01
1325,326,-11070.0,32.923312883435585,33.95705521472393,337,64,1,0.01
1326,429,-16403.0,37.16783216783217,38.235431235431236,458,80,1,0.01
1327,472,-19088.0,39.313559322033896,40.440677966101696,532,95,1,0.01
1328,500,-16353.0,31.624,32.706,541,101,0,0.01
1329,273,-8843.0,31.465201465201464,32.391941391941394,253,63,1,0.01
1330,250,-9403.0,36.564,37.612,262,53,1,0.01
1331,233,-8893.0,37.317596566523605,38.167381974248926,198,52,1,0.01
1332,169,-6129.0,35.25443786982248,36.26627218934911,171,39,1,0.01
1333,192,-7034.0,35.755208333333336,36.635416666666664,169,51,1,0.01
1334,158,-5138.0,31.575949367088608,32.51898734177215,149,39,1,0.01
1335,259,-9066.0,34.054054054054056,35.003861003861005,246,60,1,0.01
1336,428,-17765.0,40.455607476635514,41.507009345794394,450,90,1,0.01
1337,500,-16965.0,32.82,33.93,555,102,0,0.01
1338,388,-13888.0,34.66752577319588,35.79381443298969,437,78,1,0.01
1339,281,-9611.0,33.2846975088968,34.20284697508897,258,70,1,0.01
1340,500,-17622.0,34.156,35.244,544,106,0,0.01
1341,461,-16537.0,34.748373101952275,35.872017353579174,518,97,1,0.01
1342,500,-19079.0,37.09,38.158,534,109,0,0.01
1343,243,-10748.0,43.242798353909464,44.23045267489712,240,59,1,0.01
1344,184,-7610.0,40.47282608695652,41.358695652173914,163,48,1,0.01
1345,247,-10954.0,43.445344129554655,44.34817813765182,223,65,1,0.01
1346,439,-17960.0,39.829157175398635,40.91116173120729,475,95,1,0.01
1347,169,-6374.0,36.83431952662722,37.71597633136095,149,41,1,0.01
1348,500,-17022.0,32.992,34.044,526,109,0,0.01
1349,500,-19039.0,37.04,38.078,519,108,0,0.01
1350,500,-17312.0,33.582,34.624,521,109,0,0.01
1351,223,-8483.0,37.14798206278027,38.04035874439462,199,52,1,0.01
1352,261,-9922.0,37.01149425287356,38.015325670498086,262,60,1,0.01
1353,262,-8453.0,31.480916030534353,32.26335877862596,205,72,1,0.01
1354,500,-20031.0,38.984,40.062,539,108,0,0.01
1355,464,-18784.0,39.359913793103445,40.48275862068966,521,92,1,0.01
1356,277,-9460.0,33.18411552346571,34.151624548736464,268,62,1,0.01
1357,500,-19616.0,38.12,39.232,556,101,0,0.01
1358,500,-18645.0,36.248,37.29,521,107,0,0.01
1359,500,-19763.0,38.426,39.526,550,103,0,0.01
1360,500,-18566.0,36.126,37.132,503,100,0,0.01
1361,500,-18862.0,36.698,37.724,513,114,0,0.01
1362,185,-6213.0,32.627027027027026,33.58378378378379,177,42,1,0.01
1363,104,-4069.0,38.31730769230769,39.125,84,30,1,0.01
1364,500,-15644.0,30.172,31.288,558,102,0,0.01
1365,435,-16549.0,36.94942528735632,38.04367816091954,476,88,1,0.01
1366,500,-20874.0,40.56,41.748,594,94,0,0.01
1367,219,-7684.0,34.08675799086758,35.08675799086758,219,53,1,0.01
1368,500,-17974.0,34.83,35.948,559,104,0,0.01
1369,330,-12733.0,37.481818181818184,38.584848484848486,364,63,1,0.01
1370,193,-7189.0,36.3160621761658,37.248704663212436,180,47,1,0.01
1371,242,-9118.0,36.62809917355372,37.67768595041322,254,54,1,0.01
1372,500,-19837.0,38.512,39.674,581,98,0,0.01
1373,398,-15552.0,37.97487437185929,39.07537688442211,438,80,1,0.01
1374,500,-21471.0,41.822,42.942,560,99,0,0.01
1375,451,-16641.0,35.91352549889135,36.8980044345898,444,98,1,0.01
1376,151,-5613.0,36.211920529801326,37.17218543046358,145,38,1,0.01
1377,500,-18046.0,34.982,36.092,555,103,0,0.01
1378,500,-17314.0,33.59,34.628,519,113,0,0.01
1379,216,-8281.0,37.44444444444444,38.33796296296296,193,57,1,0.01
1380,471,-18971.0,39.22929936305732,40.27813163481953,494,104,1,0.01
1381,166,-6575.0,38.80120481927711,39.60843373493976,134,44,1,0.01
1382,150,-6122.0,40.166666666666664,40.81333333333333,97,47,1,0.01
1383,299,-13249.0,43.214046822742475,44.31103678929766,328,59,1,0.01
1384,500,-20602.0,40.158,41.204,523,108,0,0.01
1385,295,-11038.0,36.45762711864407,37.41694915254237,283,66,1,0.01
1386,361,-15542.0,42.011080332409975,43.05263157894737,376,79,1,0.01
1387,205,-7933.0,37.795121951219514,38.697560975609754,185,56,1,0.01
1388,500,-17850.0,34.598,35.7,551,103,0,0.01
1389,360,-16880.0,45.74722222222222,46.888888888888886,411,72,1,0.01
1390,393,-13703.0,33.79389312977099,34.8676844783715,422,84,1,0.01
1391,500,-18562.0,36.044,37.124,540,111,0,0.01
1392,204,-8221.0,39.34313725490196,40.299019607843135,195,49,1,0.01
1393,254,-12850.0,49.574803149606296,50.59055118110236,258,54,1,0.01
1394,325,-13616.0,40.77230769230769,41.895384615384614,365,65,1,0.01
1395,120,-4909.0,40.016666666666666,40.90833333333333,107,32,1,0.01
1396,263,-8705.0,32.19011406844106,33.09885931558935,239,66,1,0.01
1397,114,-4325.0,37.228070175438596,37.93859649122807,81,35,1,0.01
1398,299,-12563.0,41.046822742474916,42.01672240802676,290,72,1,0.01
1399,127,-4827.0,37.08661417322835,38.00787401574803,117,34,1,0.01
1400,500,-17138.0,33.312,34.276,482,125,0,0.01
1401,455,-18089.0,38.65054945054945,39.75604395604395,503,100,1,0.01
1402,175,-7542.0,42.10857142857143,43.097142857142856,173,40,1,0.01
1403,106,-3498.0,32.264150943396224,33.0,78,31,1,0.01
1404,392,-18328.0,45.62755102040816,46.755102040816325,442,81,1,0.01
1405,117,-3771.0,31.572649572649574,32.23076923076923,77,37,1,0.01
1406,220,-9410.0,41.845454545454544,42.77272727272727,204,57,1,0.01
1407,203,-8529.0,41.13300492610838,42.01477832512315,179,55,1,0.01
1408,290,-12199.0,41.13793103448276,42.06551724137931,269,68,1,0.01
1409,251,-9201.0,35.64940239043825,36.657370517928285,253,50,1,0.01
1410,324,-13843.0,41.617283950617285,42.72530864197531,359,68,1,0.01
1411,422,-16425.0,37.822274881516584,38.9218009478673,464,88,1,0.01
1412,292,-12306.0,41.10958904109589,42.14383561643836,302,63,1,0.01
1413,212,-11489.0,53.24528301886792,54.193396226415096,201,56,1,0.01
1414,298,-13860.0,45.630872483221474,46.51006711409396,262,82,1,0.01
1415,416,-16682.0,39.0625,40.10096153846154,432,96,1,0.01
1416,500,-17857.0,34.644,35.714,535,111,0,0.01
1417,329,-13337.0,39.61398176291793,40.537993920972646,304,85,1,0.01
1418,197,-7930.0,39.28934010152284,40.253807106598984,190,51,1,0.01
1419,138,-4943.0,35.18840579710145,35.81884057971015,87,47,1,0.01
1420,500,-20698.0,40.364,41.396,516,112,0,0.01
1421,113,-4765.0,41.47787610619469,42.16814159292036,78,32,1,0.01
1422,149,-6018.0,39.74496644295302,40.38926174496644,96,45,1,0.01
1423,364,-15281.0,41.01923076923077,41.98076923076923,350,87,1,0.01
1424,257,-9197.0,34.72762645914397,35.78599221789883,272,55,1,0.01
1425,500,-19011.0,36.856,38.022,583,101,0,0.01
1426,179,-6102.0,33.24022346368715,34.089385474860336,152,50,1,0.01
1427,373,-15469.0,40.39946380697051,41.47184986595174,400,79,1,0.01
1428,500,-20784.0,40.474,41.568,547,106,0,0.01
1429,127,-4930.0,37.94488188976378,38.818897637795274,111,25,1,0.01
1430,269,-13187.0,48.00743494423792,49.02230483271376,273,59,1,0.01
1431,500,-19742.0,38.352,39.484,566,100,0,0.01
1432,358,-15119.0,41.21787709497207,42.23184357541899,363,75,1,0.01
1433,149,-5490.0,35.97986577181208,36.84563758389262,129,37,1,0.01
1434,139,-5224.0,36.856115107913666,37.58273381294964,101,31,1,0.01
1435,500,-17816.0,34.558,35.632,537,103,0,0.01
1436,127,-4906.0,37.811023622047244,38.62992125984252,104,33,1,0.01
1437,302,-10832.0,34.870860927152314,35.86754966887417,301,69,1,0.01
1438,487,-21934.0,43.969199178644764,45.03901437371663,521,107,1,0.01
1439,132,-4779.0,35.29545454545455,36.20454545454545,120,32,1,0.01
1440,195,-8225.0,41.235897435897435,42.17948717948718,184,45,1,0.01
1441,500,-24472.0,47.87,48.944,537,102,0,0.01
1442,329,-12865.0,38.109422492401215,39.10334346504559,327,78,1,0.01
1443,242,-11962.0,48.553719008264466,49.429752066115704,212,49,1,0.01
1444,162,-5444.0,32.80864197530864,33.60493827160494,129,40,1,0.01
1445,150,-5524.0,36.18666666666667,36.82666666666667,96,43,1,0.01
1446,428,-19005.0,43.271028037383175,44.404205607476634,485,84,1,0.01
1447,152,-6819.0,43.91447368421053,44.86184210526316,144,35,1,0.01
1448,430,-17956.0,40.72558139534884,41.75813953488372,444,93,1,0.01
1449,356,-15739.0,43.19101123595506,44.21067415730337,363,79,1,0.01
1450,261,-9524.0,35.46743295019157,36.490421455938694,267,55,1,0.01
1451,298,-11806.0,38.61744966442953,39.61744966442953,298,60,1,0.01
1452,298,-11023.0,36.04697986577181,36.98993288590604,281,67,1,0.01
1453,500,-20732.0,40.418,41.464,523,98,0,0.01
1454,188,-6975.0,36.159574468085104,37.101063829787236,177,45,1,0.01
1455,151,-5296.0,34.18543046357616,35.0728476821192,134,34,1,0.01
1456,500,-19948.0,38.876,39.896,510,112,0,0.01
1457,163,-6905.0,41.38650306748466,42.36196319018405,159,36,1,0.01
1458,164,-6274.0,37.48170731707317,38.25609756097561,127,42,1,0.01
1459,365,-15577.0,41.66849315068493,42.676712328767124,368,78,1,0.01
1460,500,-19107.0,37.06,38.214,577,90,0,0.01
1461,500,-18009.0,34.922,36.018,548,96,0,0.01
1462,500,-18850.0,36.554,37.7,573,100,0,0.01
1463,500,-22079.0,42.976,44.158,591,99,0,0.01
1464,500,-18070.0,35.012,36.14,564,100,0,0.01
1465,500,-20505.0,39.894,41.01,558,86,0,0.01
1466,500,-18151.0,35.154,36.302,574,97,0,0.01
1467,204,-6581.0,31.45098039215686,32.259803921568626,165,50,1,0.01
1468,500,-21403.0,41.648,42.806,579,84,0,0.01
1469,500,-19214.0,37.294,38.428,567,85,0,0.01
1470,500,-21098.0,41.084,42.196,556,92,0,0.01
1471,500,-18173.0,35.184,36.346,581,93,0,0.01
1472,287,-11196.0,38.02439024390244,39.01045296167247,283,53,1,0.01
1473,500,-17176.0,33.296,34.352,528,96,0,0.01
1474,112,-4429.0,38.607142857142854,39.544642857142854,105,24,1,0.01
1475,500,-16101.0,31.106,32.202,548,96,0,0.01
1476,500,-19612.0,38.058,39.224,583,86,0,0.01
1477,230,-7638.0,32.2304347826087,33.208695652173915,225,51,1,0.01
1478,500,-19977.0,38.848,39.954,553,100,0,0.01
1479,266,-11027.0,40.454887218045116,41.454887218045116,266,58,1,0.01
1480,500,-17275.0,33.42,34.55,565,100,0,0.01
1481,500,-16820.0,32.586,33.64,527,98,0,0.01
1482,500,-18495.0,35.844,36.99,573,89,0,0.01
1483,500,-17060.0,33.072,34.12,524,102,0,0.01
1484,374,-14576.0,37.94117647058823,38.973262032085564,386,79,1,0.01
1485,388,-14699.0,36.80927835051546,37.884020618556704,417,80,1,0.01
1486,108,-3123.0,28.22222222222222,28.916666666666668,75,27,1,0.01
1487,173,-6168.0,34.83815028901734,35.653179190751445,141,40,1,0.01
1488,500,-20842.0,40.596,41.684,544,93,0,0.01
1489,500,-19201.0,37.234,38.402,584,93,0,0.01
1490,500,-21027.0,40.884,42.054,585,95,0,0.01
1491,465,-19812.0,41.53978494623656,42.60645161290323,496,97,1,0.01
1492,248,-9527.0,37.564516129032256,38.41532258064516,211,49,1,0.01
1493,182,-7687.0,41.395604395604394,42.23626373626374,153,46,1,0.01
1494,203,-5988.0,28.79310344827586,29.497536945812808,143,48,1,0.01
1495,169,-7175.0,41.59171597633136,42.455621301775146,146,42,1,0.01
1496,500,-21578.0,42.078,43.156,539,98,0,0.01
1497,500,-18273.0,35.484,36.546,531,104,0,0.01
1498,324,-12485.0,37.52777777777778,38.53395061728395,326,74,1,0.01
1499,297,-13542.0,44.572390572390574,45.5959595959596,304,66,1,0.01
1500,500,-18849.0,36.65,37.698,524,97,0,0.01
1501,492,-20495.0,40.613821138211385,41.65650406504065,513,108,1,0.01
1502,500,-19999.0,38.908,39.998,545,97,0,0.01
1503,151,-4802.0,31.05298013245033,31.801324503311257,113,41,1,0.01
1504,202,-7978.0,38.45049504950495,39.495049504950494,211,44,1,0.01
1505,329,-15285.0,45.42857142857143,46.45896656534954,339,70,1,0.01
1506,309,-13832.0,43.61165048543689,44.763754045307444,356,56,1,0.01
1507,435,-16643.0,37.213793103448275,38.259770114942526,455,97,1,0.01
1508,500,-22851.0,44.582,45.702,560,99,1,0.01
1509,500,-19275.0,37.454,38.55,548,103,0,0.01
1510,315,-11970.0,37.044444444444444,38.0,301,75,1,0.01
1511,293,-10762.0,35.69965870307167,36.73037542662116,302,62,1,0.01
1512,500,-19509.0,37.988,39.018,515,104,0,0.01
1513,233,-10426.0,44.0343347639485,44.74678111587983,166,68,1,0.01
1514,404,-17898.0,43.22029702970297,44.301980198019805,437,82,1,0.01
1515,228,-8539.0,36.469298245614034,37.45175438596491,224,47,1,0.01
1516,472,-17554.0,36.09110169491525,37.190677966101696,519,96,1,0.01
1517,229,-10468.0,44.64192139737991,45.7117903930131,245,50,1,0.01
1518,207,-11747.0,55.85024154589372,56.7487922705314,186,49,1,0.01
1519,149,-4596.0,30.181208053691275,30.845637583892618,99,41,1,0.01
1520,255,-10289.0,39.537254901960786,40.34901960784314,207,70,1,0.01
1521,251,-10931.0,42.67330677290837,43.54980079681275,220,53,1,0.01
1522,492,-23178.0,45.99593495934959,47.109756097560975,548,100,1,0.01
1523,238,-10136.0,41.71008403361345,42.588235294117645,209,60,1,0.01
1524,321,-14689.0,44.64485981308411,45.7601246105919,358,65,1,0.01
1525,161,-7683.0,46.857142857142854,47.72049689440994,139,40,1,0.01
1526,316,-13595.0,42.07911392405063,43.02215189873418,298,77,1,0.01
1527,152,-5113.0,32.828947368421055,33.63815789473684,123,33,1,0.01
1528,231,-8677.0,36.55844155844156,37.56277056277056,232,48,1,0.01
1529,179,-6968.0,38.05027932960894,38.927374301675975,157,46,1,0.01
1530,324,-16208.0,48.98456790123457,50.02469135802469,337,72,1,0.01
1531,123,-4299.0,34.03252032520325,34.951219512195124,113,30,1,0.01
1532,321,-10765.0,32.55451713395639,33.53582554517134,315,70,1,0.01
1533,158,-5258.0,32.550632911392405,33.278481012658226,115,41,1,0.01
1534,414,-18149.0,42.79468599033817,43.83816425120773,432,87,1,0.01
1535,368,-14412.0,38.14945652173913,39.16304347826087,373,83,1,0.01
1536,197,-8313.0,41.30456852791878,42.19796954314721,176,48,1,0.01
1537,202,-9911.0,48.21287128712871,49.06435643564357,172,55,1,0.01
1538,147,-5409.0,36.04081632653061,36.795918367346935,111,38,1,0.01
1539,114,-4645.0,39.921052631578945,40.74561403508772,94,31,1,0.01
1540,210,-6934.0,32.147619047619045,33.01904761904762,183,45,1,0.01
1541,291,-12052.0,40.41237113402062,41.41580756013746,292,67,1,0.01
1542,189,-8893.0,46.34920634920635,47.05291005291005,133,53,1,0.01
1543,210,-9093.0,42.647619047619045,43.3,137,31,1,0.01
1544,296,-12273.0,40.439189189189186,41.46283783783784,303,66,1,0.01
1545,115,-4981.0,42.68695652173913,43.31304347826087,72,22,1,0.01
1546,172,-7841.0,44.72674418604651,45.58720930232558,148,38,1,0.01
1547,178,-6681.0,36.67977528089887,37.53370786516854,152,43,1,0.01
1548,155,-6900.0,43.83870967741935,44.516129032258064,105,26,1,0.01
1549,167,-6815.0,40.23353293413174,40.808383233532936,96,45,1,0.01
1550,438,-18897.0,42.082191780821915,43.14383561643836,465,92,1,0.01
1551,265,-10686.0,39.347169811320754,40.324528301886794,259,65,1,0.01
1552,153,-5124.0,32.810457516339866,33.490196078431374,104,45,1,0.01
1553,132,-5109.0,37.93939393939394,38.70454545454545,101,33,1,0.01
1554,500,-22194.0,43.334,44.388,527,106,0,0.01
1555,430,-18454.0,41.9,42.91627906976744,437,92,1,0.01
1556,232,-8579.0,36.18103448275862,36.97844827586207,185,56,1,0.01
1557,500,-21875.0,42.618,43.75,566,97,0,0.01
1558,500,-21119.0,41.15,42.238,544,102,0,0.01
1559,281,-9450.0,32.58362989323843,33.629893238434164,294,57,1,0.01
1560,160,-5882.0,36.03125,36.7625,117,47,1,0.01
1561,345,-11867.0,33.402898550724636,34.39710144927536,343,78,1,0.01
1562,195,-7559.0,37.88717948717949,38.764102564102565,171,44,1,0.01
1563,130,-5425.0,41.11538461538461,41.73076923076923,80,27,1,0.01
1564,141,-5990.0,41.88652482269504,42.4822695035461,84,36,1,0.01
1565,176,-7639.0,42.55113636363637,43.40340909090909,150,42,1,0.01
1566,195,-8277.0,41.723076923076924,42.44615384615385,141,49,1,0.01
1567,261,-10152.0,38.0919540229885,38.89655172413793,210,66,1,0.01
1568,158,-8532.0,53.32911392405063,54.0,106,42,1,0.01
1569,399,-19197.0,47.10275689223057,48.11278195488722,403,88,1,0.01
1570,209,-8327.0,38.889952153110045,39.8421052631579,199,52,1,0.01
1571,487,-19889.0,39.69199178644764,40.83983572895277,559,90,1,0.01
1572,500,-17171.0,33.334,34.342,504,107,0,0.01
1573,326,-13669.0,40.763803680981596,41.92944785276074,380,62,1,0.01
1574,255,-11239.0,43.258823529411764,44.07450980392157,208,71,1,0.01
1575,123,-4277.0,34.10569105691057,34.77235772357724,82,30,1,0.01
1576,121,-4643.0,37.72727272727273,38.37190082644628,78,37,1,0.01
1577,239,-10297.0,42.05020920502092,43.0836820083682,247,55,1,0.01
1578,159,-5945.0,36.59119496855346,37.38993710691824,127,37,1,0.01
1579,146,-5725.0,38.58904109589041,39.21232876712329,91,47,1,0.01
1580,393,-15998.0,39.6234096692112,40.70737913486005,426,85,1,0.01
1581,247,-9667.0,38.12955465587044,39.13765182186235,249,56,1,0.01
1582,103,-3461.0,32.87378640776699,33.601941747572816,75,27,1,0.01
1583,151,-5609.0,36.47682119205298,37.145695364238414,101,37,1,0.01
1584,130,-6066.0,45.95384615384615,46.66153846153846,92,41,1,0.01
1585,242,-11095.0,45.01652892561984,45.84710743801653,201,53,1,0.01
1586,217,-7153.0,32.05990783410138,32.963133640552996,196,50,1,0.01
1587,223,-7601.0,33.327354260089685,34.08520179372197,169,54,1,0.01
1588,194,-6305.0,31.5979381443299,32.5,175,41,1,0.01
1589,217,-8750.0,39.34101382488479,40.32258064516129,213,51,1,0.01
1590,149,-5839.0,38.38255033557047,39.18791946308725,120,41,1,0.01
1591,386,-15094.0,38.1839378238342,39.10362694300518,355,100,1,0.01
1592,126,-4560.0,35.44444444444444,36.19047619047619,94,32,1,0.01
1593,255,-11832.0,45.462745098039214,46.4,239,61,1,0.01
1594,161,-6057.0,36.73913043478261,37.62111801242236,142,41,1,0.01
1595,108,-3202.0,29.0,29.64814814814815,70,28,1,0.01
1596,247,-10664.0,42.26720647773279,43.174089068825914,224,61,1,0.01
1597,267,-10721.0,39.146067415730336,40.153558052434455,269,55,1,0.01
1598,177,-9033.0,50.15819209039548,51.03389830508475,155,40,1,0.01
1599,177,-7356.0,40.74576271186441,41.559322033898304,144,38,1,0.01
1600,308,-14298.0,45.46103896103896,46.422077922077925,296,71,1,0.01
1601,179,-7795.0,42.564245810055866,43.547486033519554,176,38,1,0.01
1602,225,-7982.0,34.48,35.47555555555556,224,44,1,0.01
1603,250,-10519.0,41.128,42.076,237,48,1,0.01
1604,141,-5194.0,35.99290780141844,36.836879432624116,119,34,1,0.01
1605,160,-6098.0,37.45,38.1125,106,38,1,0.01
1606,368,-13380.0,35.432065217391305,36.358695652173914,341,88,1,0.01
1607,181,-7456.0,39.972375690607734,41.193370165745854,221,33,1,0.01
1608,197,-9036.0,45.08629441624365,45.868020304568525,154,51,1,0.01
1609,500,-17228.0,33.362,34.456,547,98,0,0.01
1610,245,-7922.0,31.39183673469388,32.33469387755102,231,59,1,0.01
1611,265,-10414.0,38.32830188679245,39.29811320754717,257,59,1,0.01
1612,500,-18974.0,36.796,37.948,576,99,0,0.01
1613,380,-12883.0,32.93421052631579,33.90263157894737,368,89,1,0.01
1614,192,-7217.0,36.6875,37.588541666666664,173,43,1,0.01
1615,500,-20471.0,39.782,40.942,580,98,0,0.01
1616,500,-21472.0,41.836,42.944,554,106,0,0.01
1617,498,-20156.0,39.34738955823293,40.47389558232932,561,101,1,0.01
1618,223,-8316.0,36.38565022421525,37.2914798206278,202,57,1,0.01
1619,204,-7922.0,37.990196078431374,38.833333333333336,172,47,1,0.01
1620,500,-19204.0,37.316,38.408,546,96,0,0.01
1621,223,-9553.0,41.91479820627803,42.83856502242153,206,48,1,0.01
1622,500,-21187.0,41.14,42.374,617,82,0,0.01
1623,500,-18530.0,35.936,37.06,562,99,0,0.01
1624,500,-21071.0,40.954,42.142,594,90,0,0.01
1625,296,-11065.0,36.40878378378378,37.38175675675676,288,65,1,0.01
1626,224,-7672.0,33.401785714285715,34.25,190,53,1,0.01
1627,195,-7192.0,35.86666666666667,36.88205128205128,198,41,1,0.01
1628,389,-15363.0,38.544987146529564,39.49357326478149,369,89,1,0.01
1629,366,-15863.0,42.28688524590164,43.34153005464481,386,76,1,0.01
1630,327,-12395.0,36.95412844036697,37.90519877675841,311,81,1,0.01
1631,500,-17075.0,33.042,34.15,554,103,0,0.01
1632,130,-4588.0,34.48461538461538,35.292307692307695,105,26,1,0.01
1633,188,-6345.0,32.93617021276596,33.75,153,50,1,0.01
1634,500,-21864.0,42.706,43.728,511,100,0,0.01
1635,500,-17344.0,33.67,34.688,509,111,0,0.01
1636,500,-16106.0,31.152,32.212,530,112,0,0.01
1637,308,-13012.0,41.22402597402598,42.246753246753244,315,64,1,0.01
1638,460,-17211.0,36.345652173913045,37.415217391304346,492,97,1,0.01
1639,500,-18997.0,36.952,37.994,521,107,0,0.01
1640,500,-19369.0,37.544,38.738,597,72,0,0.01
1641,500,-21764.0,42.382,43.528,573,86,0,0.01
1642,500,-18812.0,36.54,37.624,542,98,0,0.01
1643,179,-5463.0,29.64804469273743,30.519553072625698,156,37,1,0.01
1644,500,-16503.0,31.966,33.006,520,99,0,0.01
1645,500,-19827.0,38.538,39.654,558,99,0,0.01
1646,326,-11408.0,34.05521472392638,34.99386503067485,306,75,1,0.01
1647,280,-11514.0,40.13928571428571,41.121428571428574,275,56,1,0.01
1648,323,-13030.0,39.26934984520124,40.3405572755418,346,72,1,0.01
1649,394,-12790.0,31.45431472081218,32.46192893401015,397,82,1,0.01
1650,500,-21516.0,41.876,43.032,578,95,0,0.01
1651,500,-18632.0,36.16,37.264,552,94,0,0.01
1652,195,-6655.0,33.312820512820515,34.12820512820513,159,47,1,0.01
1653,117,-4071.0,33.93162393162393,34.794871794871796,101,27,1,0.01
1654,187,-5903.0,30.647058823529413,31.566844919786096,172,41,1,0.01
1655,500,-21448.0,41.72,42.896,588,92,0,0.01
1656,500,-16784.0,32.458,33.568,555,103,0,0.01
1657,500,-20423.0,39.724,40.846,561,96,0,0.01
1658,500,-19035.0,36.984,38.07,543,99,0,0.01
1659,500,-16067.0,31.07,32.134,532,108,0,0.01
1660,500,-18436.0,35.794,36.872,539,93,0,0.01
1661,421,-14468.0,33.24940617577197,34.365795724465556,470,83,1,0.01
1662,500,-15791.0,30.464,31.582,559,99,0,0.01
1663,500,-17037.0,32.986,34.074,544,103,0,0.01
1664,500,-15474.0,29.92,30.948,514,113,0,0.01
1665,230,-8894.0,37.61739130434783,38.6695652173913,242,49,1,0.01
1666,414,-15951.0,37.43478260869565,38.528985507246375,453,88,1,0.01
1667,500,-18686.0,36.274,37.372,549,97,0,0.01
1668,189,-5989.0,30.904761904761905,31.687830687830687,148,51,1,0.01
1669,500,-15952.0,30.894,31.904,505,105,0,0.01
1670,500,-18512.0,35.906,37.024,559,90,0,0.01
1671,268,-10471.0,38.026119402985074,39.07089552238806,280,57,1,0.01
1672,500,-16368.0,31.584,32.736,576,92,0,0.01
1673,500,-17145.0,33.216,34.29,537,100,0,0.01
1674,500,-16109.0,31.094,32.218,562,101,0,0.01
1675,500,-16732.0,32.314,33.464,575,85,0,0.01
1676,169,-5261.0,30.319526627218934,31.130177514792898,137,37,1,0.01
1677,500,-15947.0,30.824,31.894,535,105,0,0.01
1678,500,-18800.0,36.474,37.6,563,96,0,0.01
1679,500,-16985.0,32.858,33.97,556,99,0,0.01
1680,328,-11399.0,33.77439024390244,34.7530487804878,321,74,1,0.01
1681,500,-14139.0,27.236,28.278,521,108,0,0.01
1682,500,-19773.0,38.498,39.546,524,90,0,0.01
1683,286,-10283.0,34.95454545454545,35.95454545454545,286,63,1,0.01
1684,500,-21284.0,41.412,42.568,578,88,0,0.01
1685,473,-20366.0,41.87526427061311,43.05708245243129,559,90,1,0.01
1686,500,-20383.0,39.626,40.766,570,100,0,0.01
1687,500,-18073.0,35.01,36.146,568,99,0,0.01
1688,500,-16374.0,31.628,32.748,560,99,0,0.01
1689,500,-18842.0,36.542,37.684,571,85,0,0.01
1690,500,-20048.0,38.92,40.096,588,89,0,0.01
1691,500,-17068.0,33.036,34.136,550,99,0,0.01
1692,500,-16543.0,31.932,33.086,577,86,0,0.01
1693,500,-17004.0,32.872,34.008,568,100,0,0.01
1694,500,-18146.0,35.19,36.292,551,99,0,0.01
1695,236,-7870.0,32.317796610169495,33.347457627118644,243,47,1,0.01
1696,500,-21006.0,40.79,42.012,611,85,0,0.01
1697,500,-19395.0,37.646,38.79,572,91,0,0.01
1698,500,-16141.0,31.188,32.282,547,93,0,0.01
1699,373,-12708.0,33.15817694369973,34.06970509383378,340,84,1,0.01
1700,423,-15142.0,34.695035460992905,35.7966903073286,466,81,1,0.01
1701,184,-6840.0,36.27717391304348,37.17391304347826,165,43,1,0.01
1702,500,-16075.0,30.964,32.15,593,92,0,0.01
1703,500,-21409.0,41.838,42.818,490,109,0,0.01
1704,500,-19779.0,38.452,39.558,553,105,0,0.01
1705,166,-6508.0,38.24096385542169,39.204819277108435,160,42,1,0.01
1706,178,-6203.0,33.97191011235955,34.848314606741575,156,48,1,0.01
1707,500,-18685.0,36.282,37.37,544,105,0,0.01
1708,500,-20082.0,39.036,40.164,564,106,0,0.01
1709,500,-19505.0,37.862,39.01,574,97,0,0.01
1710,500,-17291.0,33.412,34.582,585,92,0,0.01
1711,500,-17341.0,33.546,34.682,568,94,0,0.01
1712,204,-7709.0,36.76470588235294,37.78921568627451,209,46,1,0.01
1713,500,-17582.0,34.012,35.164,576,97,0,0.01
1714,500,-15623.0,30.11,31.246,568,98,0,0.01
1715,500,-14967.0,28.912,29.934,511,114,0,0.01
1716,500,-14999.0,28.992,29.998,503,112,0,0.01
1717,500,-15046.0,28.974,30.092,559,100,0,0.01
1718,193,-6520.0,32.829015544041454,33.78238341968912,184,46,1,0.01
1719,500,-14990.0,28.872,29.98,554,96,0,0.01
1720,500,-19199.0,37.314,38.398,542,98,0,0.01
1721,500,-16187.0,31.238,32.374,568,99,0,0.01
1722,500,-17989.0,34.76,35.978,609,86,0,0.01
1723,500,-15678.0,30.288,31.356,534,106,0,0.01
1724,500,-18692.0,36.156,37.384,614,88,0,0.01
1725,500,-15305.0,29.43,30.61,590,93,0,0.01
1726,500,-17264.0,33.302,34.528,613,88,0,0.01
1727,303,-11633.0,37.396039603960396,38.39273927392739,302,60,1,0.01
1728,433,-15266.0,34.133949191685915,35.25635103926097,486,80,1,0.01
1729,500,-16911.0,32.662,33.822,580,92,0,0.01
1730,500,-15899.0,30.618,31.798,590,95,0,0.01
1731,500,-18347.0,35.578,36.694,558,95,0,0.01
1732,500,-15002.0,28.888,30.004,558,94,0,0.01
1733,500,-18418.0,35.578,36.836,629,88,0,0.01
1734,500,-17393.0,33.642,34.786,572,95,0,0.01
1735,173,-5566.0,31.30057803468208,32.17341040462428,151,40,1,0.01
1736,500,-17708.0,34.226,35.416,595,92,0,0.01
1737,500,-19734.0,38.314,39.468,577,87,0,0.01
1738,468,-17745.0,36.77136752136752,37.916666666666664,536,91,1,0.01
1739,500,-15633.0,30.136,31.266,565,100,0,0.01
1740,500,-16093.0,31.03,32.186,578,92,0,0.01
1741,500,-19161.0,37.226,38.322,548,89,0,0.01
1742,500,-16954.0,32.718,33.908,595,97,0,0.01
1743,500,-15510.0,29.968,31.02,526,100,0,0.01
1744,500,-15725.0,30.366,31.45,542,101,0,0.01
1745,500,-18666.0,36.272,37.332,530,98,0,0.01
1746,500,-17645.0,34.204,35.29,543,95,0,0.01
1747,500,-16618.0,32.118,33.236,559,101,0,0.01
1748,500,-17229.0,33.388,34.458,535,101,0,0.01
1749,161,-5032.0,30.391304347826086,31.25465838509317,139,39,1,0.01
1750,286,-9653.0,32.71328671328671,33.75174825174825,297,57,1,0.01
1751,500,-17070.0,33.024,34.14,558,97,0,0.01
1752,500,-16777.0,32.482,33.554,536,100,0,0.01
1753,500,-15587.0,30.106,31.174,534,101,0,0.01
1754,213,-7617.0,34.87793427230047,35.76056338028169,188,50,1,0.01
1755,500,-16236.0,31.298,32.472,587,89,0,0.01
1756,120,-3903.0,31.808333333333334,32.525,86,29,1,0.01
1757,185,-6970.0,36.76216216216216,37.67567567567568,169,41,1,0.01
1758,500,-15696.0,30.246,31.392,573,94,0,0.01
1759,500,-17802.0,34.374,35.604,615,84,0,0.01
1760,500,-18265.0,35.448,36.53,541,100,0,0.01
1761,500,-17063.0,32.93,34.126,598,87,0,0.01
1762,500,-15889.0,30.644,31.778,567,97,0,0.01
1763,500,-17189.0,33.234,34.378,572,93,0,0.01
1764,382,-14042.0,35.77225130890052,36.75916230366492,377,85,1,0.01
1765,500,-17031.0,32.908,34.062,577,93,0,0.01
1766,500,-18415.0,35.62,36.83,605,85,0,0.01
1767,500,-16117.0,31.104,32.234,565,91,0,0.01
1768,500,-19528.0,37.934,39.056,561,92,0,0.01
1769,500,-16558.0,31.958,33.116,579,92,0,0.01
1770,309,-11102.0,34.909385113268605,35.92880258899677,315,64,1,0.01
1771,500,-18072.0,34.986,36.144,579,92,0,0.01
1772,140,-4515.0,31.514285714285716,32.25,103,35,1,0.01
1773,164,-6009.0,35.88414634146341,36.640243902439025,124,43,1,0.01
1774,500,-16773.0,32.366,33.546,590,94,0,0.01
1775,500,-16759.0,32.322,33.518,598,84,0,0.01
1776,500,-15065.0,29.104,30.13,513,101,0,0.01
1777,500,-15432.0,29.736,30.864,564,89,0,0.01
1778,500,-15746.0,30.34,31.492,576,92,0,0.01
1779,500,-15984.0,30.936,31.968,516,105,0,0.01
1780,500,-17535.0,33.902,35.07,584,88,0,0.01
1781,500,-16492.0,31.842,32.984,571,92,0,0.01
1782,500,-16687.0,32.212,33.374,581,90,0,0.01
1783,500,-16798.0,32.52,33.596,538,95,0,0.01
1784,476,-16871.0,34.32983193277311,35.44327731092437,530,97,1,0.01
1785,140,-4519.0,31.242857142857144,32.27857142857143,145,29,1,0.01
1786,500,-17929.0,34.712,35.858,573,97,0,0.01
1787,500,-18803.0,36.384,37.606,611,92,0,0.01
1788,500,-14960.0,28.864,29.92,528,97,0,0.01
1789,431,-15939.0,35.94199535962877,36.98143851508121,448,83,1,0.01
1790,500,-16397.0,31.632,32.794,581,98,0,0.01
1791,500,-16815.0,32.592,33.63,519,89,0,0.01
1792,500,-17873.0,34.7,35.746,523,94,0,0.01
1793,500,-17903.0,34.706,35.806,550,92,0,0.01
1794,500,-15551.0,30.074,31.102,514,109,0,0.01
1795,125,-4245.0,33.184,33.96,97,37,1,0.01
1796,500,-18965.0,36.828,37.93,551,96,0,0.01
1797,210,-6021.0,27.79047619047619,28.67142857142857,185,47,1,0.01
1798,174,-6175.0,34.49425287356322,35.48850574712644,173,40,1,0.01
1799,500,-17625.0,34.138,35.25,556,92,0,0.01
1800,500,-18404.0,35.72,36.808,544,101,0,0.01
1801,490,-16253.0,32.04081632653061,33.16938775510204,553,93,1,0.01
1802,500,-15715.0,30.302,31.43,564,97,0,0.01
1803,500,-17685.0,34.142,35.37,614,87,0,0.01
1804,500,-17402.0,33.678,34.804,563,89,0,0.01
1805,201,-7218.0,34.940298507462686,35.91044776119403,195,48,1,0.01
1806,500,-18170.0,35.248,36.34,546,105,0,0.01
1807,146,-4962.0,33.157534246575345,33.986301369863014,121,35,1,0.01
1808,500,-18321.0,35.434,36.642,604,94,0,0.01
1809,500,-17775.0,34.364,35.55,593,93,0,0.01
1810,275,-8645.0,30.46909090909091,31.436363636363637,266,66,1,0.01
1811,500,-18195.0,35.346,36.39,522,97,0,0.01
1812,500,-16915.0,32.856,33.83,487,109,0,0.01
1813,117,-3978.0,33.05982905982906,34.0,110,28,1,0.01
1814,500,-16775.0,32.43,33.55,560,90,0,0.01
1815,500,-18308.0,35.46,36.616,578,86,0,0.01
1816,336,-10980.0,31.613095238095237,32.67857142857143,358,73,1,0.01
1817,92,-2936.0,31.304347826086957,31.91304347826087,56,32,1,0.01
1818,247,-8602.0,33.86234817813765,34.825910931174086,238,51,1,0.01
1819,388,-14333.0,35.93556701030928,36.94072164948454,390,88,1,0.01
1820,317,-11875.0,36.30283911671924,37.46056782334385,367,57,1,0.01
1821,147,-5339.0,35.48979591836735,36.31972789115646,122,38,1,0.01
1822,450,-17157.0,36.98888888888889,38.126666666666665,512,84,1,0.01
1823,500,-18314.0,35.438,36.628,595,89,0,0.01
1824,500,-15895.0,30.7,31.79,545,98,0,0.01
1825,500,-17294.0,33.504,34.588,542,100,0,0.01
1826,500,-18200.0,35.292,36.4,554,99,0,0.01
1827,500,-17343.0,33.494,34.686,596,94,0,0.01
1828,500,-18581.0,35.99,37.162,586,85,0,0.01
1829,238,-8459.0,34.5,35.54201680672269,248,48,1,0.01
1830,500,-17133.0,33.146,34.266,560,79,0,0.01
1831,245,-8733.0,34.587755102040816,35.64489795918367,259,53,1,0.01
1832,500,-16414.0,31.674,32.828,577,92,0,0.01
1833,500,-16485.0,31.866,32.97,552,101,0,0.01
1834,146,-4970.0,33.12328767123287,34.04109589041096,134,34,1,0.01
1835,500,-19670.0,38.206,39.34,567,101,0,0.01
1836,500,-16841.0,32.55,33.682,566,98,0,0.01
1837,368,-12111.0,31.831521739130434,32.91032608695652,397,74,1,0.01
1838,500,-18360.0,35.58,36.72,570,89,0,0.01
1839,500,-16918.0,32.632,33.836,602,88,0,0.01
1840,500,-16814.0,32.5,33.628,564,86,0,0.01
1841,500,-16162.0,31.278,32.324,523,103,0,0.01
1842,407,-15622.0,37.31449631449632,38.383292383292385,435,76,1,0.01
1843,425,-18206.0,41.675294117647056,42.83764705882353,494,66,1,0.01
1844,500,-17705.0,34.29,35.41,560,98,0,0.01
1845,500,-16395.0,31.698,32.79,546,100,0,0.01
1846,500,-16486.0,31.9,32.972,536,98,0,0.01
1847,500,-18715.0,36.302,37.43,564,99,0,0.01
1848,500,-18938.0,36.766,37.876,555,100,0,0.01
1849,274,-10291.0,36.51459854014598,37.558394160583944,286,61,1,0.01
1850,225,-6938.0,29.871111111111112,30.835555555555555,217,49,1,0.01
1851,500,-16180.0,31.288,32.36,536,95,0,0.01
1852,484,-16200.0,32.29752066115702,33.47107438016529,568,93,1,0.01
1853,222,-7628.0,33.490990990990994,34.36036036036036,193,56,1,0.01
1854,500,-18743.0,36.318,37.486,584,92,0,0.01
1855,183,-6942.0,37.005464480874316,37.9344262295082,170,40,1,0.01
1856,500,-19782.0,38.348,39.564,608,89,0,0.01
1857,500,-19406.0,37.634,38.812,589,95,0,0.01
1858,312,-10185.0,31.67948717948718,32.64423076923077,301,72,1,0.01
1859,458,-18001.0,38.12882096069869,39.30349344978166,538,79,1,0.01
1860,261,-8990.0,33.36015325670498,34.44444444444444,283,56,1,0.01
1861,137,-4796.0,34.13868613138686,35.00729927007299,119,34,1,0.01
1862,98,-3485.0,34.88775510204081,35.56122448979592,66,26,1,0.01
1863,500,-19854.0,38.536,39.708,586,90,0,0.01
1864,225,-7404.0,31.88,32.906666666666666,231,51,1,0.01
1865,328,-12381.0,36.80487804878049,37.7469512195122,309,76,1,0.01
1866,500,-21119.0,41.11,42.238,564,100,0,0.01
1867,500,-16336.0,31.502,32.672,585,92,0,0.01
1868,308,-11621.0,36.68181818181818,37.73051948051948,323,61,1,0.01
1869,500,-16952.0,32.798,33.904,553,99,0,0.01
1870,500,-18368.0,35.624,36.736,556,101,0,0.01
1871,106,-3894.0,36.10377358490566,36.735849056603776,67,26,1,0.01
1872,500,-17429.0,33.746,34.858,556,94,0,0.01
1873,186,-6055.0,31.71505376344086,32.553763440860216,156,39,1,0.01
1874,177,-5194.0,28.480225988700564,29.34463276836158,153,33,1,0.01
1875,500,-18676.0,36.252,37.352,550,95,0,0.01
1876,500,-19782.0,38.406,39.564,579,95,0,0.01
1877,500,-17281.0,33.442,34.562,560,90,0,0.01
1878,319,-13117.0,40.13793103448276,41.11912225705329,313,64,1,0.01
1879,500,-19587.0,38.04,39.174,567,88,0,0.01
1880,500,-19067.0,36.974,38.134,580,72,0,0.01
1881,216,-7374.0,33.263888888888886,34.138888888888886,189,53,1,0.01
1882,500,-18741.0,36.426,37.482,528,83,0,0.01
1883,500,-18606.0,36.078,37.212,567,83,0,0.01
1884,500,-16175.0,31.274,32.35,538,98,0,0.01
1885,308,-13250.0,41.97727272727273,43.01948051948052,321,62,1,0.01
1886,235,-9911.0,41.18723404255319,42.17446808510638,232,50,1,0.01
1887,287,-11034.0,37.40418118466899,38.44599303135889,299,57,1,0.01
1888,328,-10622.0,31.350609756097562,32.38414634146341,339,73,1,0.01
1889,286,-13609.0,46.58041958041958,47.58391608391609,287,61,1,0.01
1890,491,-18003.0,35.54378818737271,36.66598778004073,551,100,1,0.01
1891,500,-21172.0,41.338,42.344,503,113,0,0.01
1892,240,-10678.0,43.575,44.49166666666667,220,58,1,0.01
1893,442,-17954.0,39.5316742081448,40.619909502262445,481,92,1,0.01
1894,135,-5259.0,38.08148148148148,38.955555555555556,118,33,1,0.01
1895,371,-16085.0,42.299191374663074,43.35579514824798,392,75,1,0.01
1896,343,-13815.0,39.262390670553934,40.27696793002915,348,76,1,0.01
1897,136,-4554.0,32.625,33.48529411764706,117,32,1,0.01
1898,294,-12907.0,42.925170068027214,43.90136054421769,287,60,1,0.01
1899,500,-18991.0,36.888,37.982,547,104,0,0.01
1900,179,-5032.0,27.307262569832403,28.11173184357542,144,48,1,0.01
1901,193,-6942.0,35.020725388601036,35.968911917098445,183,45,1,0.01
1902,129,-4547.0,34.37984496124031,35.248062015503876,112,32,1,0.01
1903,194,-6091.0,30.608247422680414,31.396907216494846,153,48,1,0.01
1904,366,-16753.0,44.7103825136612,45.77322404371585,389,76,1,0.01
1905,153,-5402.0,34.59477124183007,35.30718954248366,109,46,1,0.01
1906,233,-11873.0,49.99570815450644,50.957081545064376,224,57,1,0.01
1907,148,-5586.0,36.92567567567568,37.74324324324324,121,38,1,0.01
1908,332,-12271.0,36.07831325301205,36.96084337349398,293,81,1,0.01
1909,135,-4501.0,32.407407407407405,33.34074074074074,126,31,1,0.01
1910,203,-6622.0,31.822660098522167,32.62068965517241,162,58,1,0.01
1911,500,-19537.0,37.98,39.074,547,104,0,0.01
1912,256,-10115.0,38.60546875,39.51171875,232,64,1,0.01
1913,484,-23032.0,46.53512396694215,47.586776859504134,509,112,1,0.01
1914,376,-12716.0,32.776595744680854,33.819148936170215,392,77,1,0.01
1915,500,-19328.0,37.53,38.656,563,91,0,0.01
1916,500,-21109.0,41.164,42.218,527,109,0,0.01
1917,120,-4594.0,37.675,38.28333333333333,73,37,1,0.01
1918,500,-19045.0,37.032,38.09,529,114,0,0.01
1919,156,-5490.0,34.39102564102564,35.19230769230769,125,43,1,0.01
1920,500,-19627.0,38.164,39.254,545,105,0,0.01
1921,250,-12794.0,50.308,51.176,217,65,1,0.01
1922,263,-9930.0,36.79087452471483,37.756653992395435,254,60,1,0.01
1923,201,-8915.0,43.57213930348259,44.353233830845774,157,57,1,0.01
1924,500,-22560.0,43.984,45.12,568,98,0,0.01
1925,286,-13607.0,46.72027972027972,47.57692307692308,245,76,1,0.01
1926,152,-7095.0,46.08552631578947,46.67763157894737,90,43,1,0.01
1927,155,-4579.0,28.941935483870967,29.54193548387097,93,45,1,0.01
1928,142,-4994.0,34.443661971830984,35.16901408450704,103,40,1,0.01
1929,440,-19946.0,44.26136363636363,45.33181818181818,471,89,1,0.01
1930,132,-6897.0,51.553030303030305,52.25,92,37,1,0.01
1931,311,-14896.0,46.77491961414791,47.89710610932476,349,66,1,0.01
1932,309,-14394.0,45.62459546925567,46.58252427184466,296,71,1,0.01
1933,241,-9785.0,39.70954356846473,40.601659751037346,215,63,1,0.01
1934,500,-21350.0,41.702,42.7,499,119,0,0.01
1935,141,-4896.0,33.99290780141844,34.723404255319146,103,42,1,0.01
1936,318,-10291.0,31.367924528301888,32.361635220125784,316,75,1,0.01
1937,117,-4007.0,33.46153846153846,34.24786324786325,92,33,1,0.01
1938,233,-8406.0,35.197424892703864,36.07725321888412,205,60,1,0.01
1939,373,-17826.0,46.9088471849866,47.79088471849866,329,90,1,0.01
1940,314,-13685.0,42.68789808917197,43.5828025477707,281,79,1,0.01
1941,211,-8737.0,40.5260663507109,41.40758293838863,186,53,1,0.01
1942,397,-20671.0,51.060453400503775,52.068010075566754,400,86,1,0.01
1943,289,-12303.0,41.81660899653979,42.57093425605537,218,78,1,0.01
1944,201,-8569.0,42.059701492537314,42.6318407960199,115,63,1,0.01
1945,263,-14683.0,54.93536121673004,55.82889733840304,235,64,1,0.01
1946,259,-13230.0,50.270270270270274,51.08108108108108,210,70,1,0.01
1947,251,-12658.0,49.59760956175299,50.430278884462155,209,66,1,0.01
1948,197,-8185.0,40.77157360406091,41.54822335025381,153,53,1,0.01
1949,164,-8002.0,48.06707317073171,48.792682926829265,119,48,1,0.01
1950,264,-12306.0,45.70075757575758,46.61363636363637,241,68,1,0.01
1951,394,-16572.0,41.0736040609137,42.06091370558376,389,86,1,0.01
1952,184,-7290.0,38.91304347826087,39.619565217391305,130,52,1,0.01
1953,182,-7180.0,38.65384615384615,39.45054945054945,145,42,1,0.01
1954,500,-23662.0,46.296,47.324,514,99,0,0.01
1955,147,-5797.0,38.57823129251701,39.435374149659864,126,36,1,0.01
1956,230,-8970.0,38.19130434782609,39.0,186,62,1,0.01
1957,148,-7844.0,52.398648648648646,53.0,89,45,1,0.01
1958,229,-10200.0,43.80349344978166,44.54148471615721,169,66,1,0.01
1959,176,-6357.0,35.41477272727273,36.11931818181818,124,50,1,0.01
1960,261,-12294.0,46.13793103448276,47.10344827586207,252,63,1,0.01
1961,149,-8050.0,53.5503355704698,54.02684563758389,71,54,1,0.01
1962,216,-10672.0,48.504629629629626,49.407407407407405,195,57,1,0.01
1963,364,-15767.0,42.417582417582416,43.315934065934066,327,97,1,0.01
1964,139,-6621.0,46.96402877697842,47.63309352517986,93,41,1,0.01
1965,245,-11934.0,47.86938775510204,48.710204081632654,206,62,1,0.01
1966,178,-7194.0,39.76966292134831,40.41573033707865,115,49,1,0.01
1967,129,-7279.0,55.93798449612403,56.42635658914729,63,47,1,0.01
1968,223,-9223.0,40.68609865470852,41.35874439461883,150,72,1,0.01
1969,184,-8051.0,42.96195652173913,43.755434782608695,146,55,1,0.01
1970,201,-8083.0,39.4228855721393,40.21393034825871,159,59,1,0.01
1971,156,-6133.0,38.55769230769231,39.31410256410256,118,44,1,0.01
1972,167,-7305.0,43.09580838323353,43.74251497005988,108,52,1,0.01
1973,117,-5623.0,47.547008547008545,48.05982905982906,60,38,1,0.01
1974,145,-5083.0,34.220689655172414,35.0551724137931,121,40,1,0.01
1975,119,-3934.0,32.52100840336134,33.05882352941177,64,39,1,0.01
1976,167,-7936.0,46.88622754491018,47.52095808383233,106,55,1,0.01
1977,174,-8798.0,49.827586206896555,50.5632183908046,128,51,1,0.01
1978,134,-6742.0,49.62686567164179,50.3134328358209,92,44,1,0.01
1979,173,-7632.0,43.138728323699425,44.115606936416185,169,44,1,0.01
1980,177,-7241.0,40.24858757062147,40.909604519774014,117,55,1,0.01
1981,159,-6925.0,42.918238993710695,43.55345911949686,101,51,1,0.01
1982,265,-13435.0,49.87547169811321,50.698113207547166,218,72,1,0.01
1983,195,-8890.0,44.8,45.58974358974359,154,58,1,0.01
1984,103,-3391.0,32.29126213592233,32.922330097087375,65,33,1,0.01
1985,147,-7738.0,52.054421768707485,52.63945578231292,86,52,1,0.01
1986,160,-7184.0,44.35,44.9,88,49,1,0.01
1987,187,-8260.0,43.45989304812834,44.17112299465241,133,55,1,0.01
1988,309,-14507.0,46.019417475728154,46.94822006472492,287,76,1,0.01
1989,195,-8014.0,40.333333333333336,41.0974358974359,149,53,1,0.01
1990,192,-8862.0,45.432291666666664,46.15625,139,53,1,0.01
1991,191,-9538.0,49.21465968586387,49.93717277486911,138,53,1,0.01
1992,245,-13956.0,56.1265306122449,56.96326530612245,205,68,1,0.01
1993,182,-9439.0,51.032967032967036,51.862637362637365,151,48,1,0.01
1994,230,-9974.0,42.57826086956522,43.36521739130435,181,67,1,0.01
1995,174,-7161.0,40.339080459770116,41.1551724137931,142,46,1,0.01
1996,257,-13837.0,53.01945525291829,53.840466926070036,211,76,1,0.01
1997,225,-13131.0,57.64888888888889,58.36,160,72,1,0.01
1998,138,-6125.0,43.58695652173913,44.38405797101449,110,35,1,0.01
1999,188,-8938.0,46.90425531914894,47.54255319148936,120,58,1,0.01
2000,132,-4556.0,33.84848484848485,34.515151515151516,88,37,1,0.01
2001,228,-9571.0,41.08771929824562,41.978070175438596,203,62,1,0.01
2002,182,-5523.0,29.5,30.346153846153847,154,52,1,0.01
2003,271,-11454.0,41.40590405904059,42.26568265682657,233,76,1,0.01
2004,150,-6396.0,42.06,42.64,87,53,1,0.01
2005,429,-18662.0,42.57109557109557,43.5011655011655,399,108,1,0.01
2006,197,-7102.0,35.27918781725889,36.0507614213198,152,60,1,0.01
2007,196,-7408.0,36.954081632653065,37.795918367346935,165,40,1,0.01
2008,480,-21414.0,43.672916666666666,44.6125,451,114,1,0.01
2009,214,-7671.0,34.86915887850467,35.845794392523366,209,46,1,0.01
2010,143,-6341.0,43.63636363636363,44.34265734265734,101,38,1,0.01
2011,267,-11731.0,43.00374531835206,43.93632958801498,249,63,1,0.01
2012,331,-14784.0,43.631419939577036,44.66465256797583,342,79,1,0.01
2013,153,-5759.0,36.71895424836601,37.64052287581699,141,36,1,0.01
2014,122,-5400.0,43.47540983606557,44.26229508196721,96,29,1,0.01
2015,323,-13653.0,41.247678018575854,42.26934984520124,330,75,1,0.01
2016,258,-11371.0,43.17829457364341,44.07364341085271,231,60,1,0.01
2017,138,-6022.0,42.93478260869565,43.63768115942029,97,41,1,0.01
2018,271,-11685.0,42.15129151291513,43.11808118081181,262,68,1,0.01
2019,212,-9300.0,42.87735849056604,43.867924528301884,210,50,1,0.01
2020,279,-14642.0,51.541218637992834,52.48028673835125,262,71,1,0.01
2021,376,-19015.0,49.5531914893617,50.5718085106383,383,86,1,0.01
2022,216,-10955.0,49.870370370370374,50.717592592592595,183,60,1,0.01
2023,133,-6202.0,46.067669172932334,46.63157894736842,75,45,1,0.01
2024,171,-7405.0,42.37426900584796,43.30409356725146,159,43,1,0.01
2025,207,-10176.0,48.32367149758454,49.15942028985507,173,56,1,0.01
2026,281,-13053.0,45.50177935943061,46.45195729537367,267,73,1,0.01
2027,166,-6079.0,35.825301204819276,36.62048192771084,132,43,1,0.01
2028,354,-15659.0,43.26836158192091,44.23446327683616,342,85,1,0.01
2029,197,-7742.0,38.48223350253807,39.2994923857868,161,52,1,0.01
2030,219,-8733.0,38.981735159817354,39.87671232876713,196,59,1,0.01
2031,124,-4248.0,33.475806451612904,34.25806451612903,97,36,1,0.01
2032,289,-12568.0,42.667820069204154,43.4878892733564,237,82,1,0.01
2033,283,-11344.0,39.120141342756185,40.08480565371025,273,73,1,0.01
2034,188,-6979.0,36.28191489361702,37.12234042553192,158,50,1,0.01
2035,120,-3541.0,28.816666666666666,29.508333333333333,83,32,1,0.01
2036,171,-8041.0,46.16959064327485,47.0233918128655,146,49,1,0.01
2037,114,-5463.0,47.30701754385965,47.921052631578945,70,38,1,0.01
2038,124,-5012.0,39.67741935483871,40.41935483870968,92,37,1,0.01
2039,293,-13599.0,45.43344709897611,46.41296928327645,287,64,1,0.01
2040,170,-7353.0,42.51764705882353,43.252941176470586,125,50,1,0.01
2041,211,-10464.0,48.654028436018955,49.59241706161137,198,51,1,0.01
2042,142,-6598.0,45.87323943661972,46.46478873239437,84,46,1,0.01
2043,241,-9719.0,39.49377593360996,40.32780082987552,201,65,1,0.01
2044,139,-6152.0,43.60431654676259,44.2589928057554,91,38,1,0.01
2045,129,-5297.0,40.37984496124031,41.06201550387597,88,33,1,0.01
2046,130,-5187.0,39.30769230769231,39.9,77,40,1,0.01
2047,192,-8222.0,42.140625,42.822916666666664,131,61,1,0.01
2048,179,-6094.0,33.150837988826815,34.04469273743017,160,40,1,0.01
2049,219,-10663.0,47.757990867579906,48.68949771689498,204,52,1,0.01
2050,251,-8350.0,32.50199203187251,33.266932270916335,192,67,1,0.01
2051,168,-7535.0,43.99404761904762,44.851190476190474,144,43,1,0.01
2052,153,-5440.0,34.63398692810458,35.55555555555556,141,30,1,0.01
2053,113,-4764.0,41.46017699115044,42.15929203539823,79,27,1,0.01
2054,228,-9053.0,38.68859649122807,39.70614035087719,232,49,1,0.01
2055,156,-6419.0,40.51923076923077,41.1474358974359,98,39,1,0.01
2056,171,-5846.0,33.35087719298246,34.187134502923975,143,39,1,0.01
2057,223,-8917.0,39.062780269058294,39.98654708520179,206,47,1,0.01
2058,194,-9077.0,45.95360824742268,46.78865979381443,162,48,1,0.01
2059,204,-7441.0,35.68627450980392,36.47549019607843,161,49,1,0.01
2060,168,-6561.0,38.339285714285715,39.05357142857143,120,45,1,0.01
2061,379,-16708.0,43.06068601583114,44.0844327176781,388,87,1,0.01
2062,123,-4272.0,34.1219512195122,34.73170731707317,75,35,1,0.01
2063,183,-7564.0,40.41530054644809,41.333333333333336,168,41,1,0.01
2064,500,-24020.0,46.882,48.04,579,94,0,0.01
2065,183,-8364.0,44.91803278688525,45.704918032786885,144,44,1,0.01
2066,125,-5083.0,40.032,40.664,79,36,1,0.01
2067,122,-4967.0,40.040983606557376,40.71311475409836,82,32,1,0.01
2068,145,-5630.0,38.06206896551724,38.827586206896555,111,43,1,0.01
2069,309,-10699.0,33.61165048543689,34.62459546925567,313,67,1,0.01
2070,124,-5147.0,40.653225806451616,41.50806451612903,106,27,1,0.01
2071,218,-6237.0,27.931192660550458,28.610091743119266,148,53,1,0.01
2072,137,-5390.0,38.66423357664234,39.34306569343066,93,38,1,0.01
2073,117,-3854.0,32.34188034188034,32.94017094017094,70,31,1,0.01
2074,147,-5418.0,35.925170068027214,36.857142857142854,137,31,1,0.01
2075,184,-7875.0,41.90760869565217,42.79891304347826,164,42,1,0.01
2076,210,-8476.0,39.53333333333333,40.36190476190476,174,51,1,0.01
2077,181,-7367.0,39.75690607734806,40.70165745856354,171,41,1,0.01
2078,130,-4765.0,36.06923076923077,36.65384615384615,76,39,1,0.01
2079,183,-7256.0,38.89071038251366,39.650273224043715,139,48,1,0.01
2080,141,-6086.0,42.42553191489362,43.163120567375884,104,39,1,0.01
2081,233,-10090.0,42.493562231759654,43.30472103004292,189,60,1,0.01
2082,333,-13643.0,40.02402402402402,40.969969969969966,315,73,1,0.01
2083,140,-4466.0,30.928571428571427,31.9,136,26,1,0.01
2084,125,-3789.0,29.632,30.312,85,32,1,0.01
2085,178,-6290.0,34.41011235955056,35.337078651685395,165,40,1,0.01
2086,373,-16394.0,42.96246648793566,43.951742627345844,369,83,1,0.01
2087,332,-13120.0,38.4789156626506,39.51807228915663,345,73,1,0.01
2088,337,-15955.0,46.32047477744807,47.34421364985163,345,74,1,0.01
2089,143,-5907.0,40.43356643356643,41.30769230769231,125,33,1,0.01
2090,173,-7813.0,44.421965317919074,45.16184971098266,128,45,1,0.01
2091,212,-6012.0,27.537735849056602,28.358490566037737,174,53,1,0.01
2092,267,-9581.0,34.93632958801498,35.88389513108614,253,61,1,0.01
2093,309,-13163.0,41.55339805825243,42.59870550161812,323,66,1,0.01
2094,282,-12329.0,42.86524822695036,43.719858156028366,241,65,1,0.01
2095,127,-3913.0,30.11023622047244,30.811023622047244,89,28,1,0.01
2096,110,-3733.0,33.03636363636364,33.93636363636364,99,27,1,0.01
2097,239,-7655.0,31.234309623430963,32.02928870292887,190,64,1,0.01
2098,211,-7657.0,35.464454976303315,36.28909952606635,174,58,1,0.01
2099,500,-16873.0,32.716,33.746,515,95,0,0.01
2100,413,-20191.0,47.94915254237288,48.88861985472155,388,101,1,0.01
2101,159,-7520.0,46.503144654088054,47.295597484276726,126,44,1,0.01
2102,210,-8659.0,40.319047619047616,41.233333333333334,192,51,1,0.01
2103,167,-8849.0,52.34730538922156,52.98802395209581,107,52,1,0.01
2104,213,-7558.0,34.51643192488263,35.48356807511737,206,48,1,0.01
2105,244,-12584.0,50.5655737704918,51.57377049180328,246,49,1,0.01
2106,179,-5631.0,30.69832402234637,31.45810055865922,136,50,1,0.01
2107,379,-12647.0,32.45118733509235,33.36939313984169,348,91,1,0.01
2108,257,-11397.0,43.37743190661479,44.34630350194553,249,62,1,0.01
2109,293,-13169.0,43.9283276450512,44.94539249146758,298,65,1,0.01
2110,272,-12197.0,43.92279411764706,44.841911764705884,250,69,1,0.01
2111,285,-11711.0,40.23859649122807,41.09122807017544,243,70,1,0.01
2112,286,-13636.0,46.75874125874126,47.67832167832168,263,73,1,0.01
2113,261,-9746.0,36.45593869731801,37.34099616858238,231,61,1,0.01
2114,166,-6627.0,39.28915662650602,39.92168674698795,105,49,1,0.01
2115,127,-5161.0,39.89763779527559,40.63779527559055,94,32,1,0.01
2116,290,-14250.0,48.11724137931034,49.13793103448276,296,67,1,0.01
2117,355,-15500.0,42.647887323943664,43.66197183098591,360,79,1,0.01
2118,276,-11237.0,39.72463768115942,40.71376811594203,273,58,1,0.01
2119,245,-12096.0,48.49387755102041,49.371428571428574,215,62,1,0.01
2120,324,-11868.0,35.660493827160494,36.629629629629626,314,76,1,0.01
2121,328,-12842.0,38.21951219512195,39.15243902439025,306,79,1,0.01
2122,193,-8022.0,40.69430051813472,41.56476683937824,168,48,1,0.01
2123,129,-4802.0,36.41860465116279,37.224806201550386,104,30,1,0.01
2124,242,-10232.0,41.50413223140496,42.28099173553719,188,69,1,0.01
2125,177,-6571.0,36.293785310734464,37.12429378531073,147,46,1,0.01
2126,226,-10225.0,44.4070796460177,45.243362831858406,189,61,1,0.01
2127,148,-6632.0,44.067567567567565,44.810810810810814,110,39,1,0.01
2128,115,-3737.0,31.808695652173913,32.495652173913044,79,28,1,0.01
2129,96,-3234.0,33.114583333333336,33.6875,55,30,1,0.01
2130,249,-13232.0,52.333333333333336,53.140562248995984,201,72,1,0.01
2131,145,-7791.0,53.36551724137931,53.73103448275862,53,54,1,0.01
2132,154,-7078.0,45.31818181818182,45.96103896103896,99,44,1,0.01
2133,163,-8167.0,49.57055214723926,50.104294478527606,87,44,1,0.01
2134,202,-7098.0,34.301980198019805,35.13861386138614,169,52,1,0.01
2135,390,-21100.0,53.06666666666667,54.1025641025641,404,81,1,0.01
2136,247,-11460.0,45.412955465587046,46.39676113360324,243,45,1,0.01
2137,226,-9612.0,41.730088495575224,42.530973451327434,181,41,1,0.01
2138,270,-11703.0,42.492592592592594,43.34444444444444,230,53,1,0.01
2139,139,-5511.0,38.89928057553957,39.64748201438849,104,21,1,0.01
2140,81,-3447.0,41.79012345679013,42.55555555555556,62,21,1,0.01
2141,143,-5424.0,37.13286713286713,37.93006993006993,114,38,1,0.01
2142,167,-5915.0,34.550898203592816,35.41916167664671,145,35,1,0.01
2143,337,-13226.0,38.189910979228486,39.246290801186944,356,76,1,0.01
2144,253,-10816.0,41.798418972332016,42.75098814229249,241,50,1,0.01
2145,206,-6574.0,31.116504854368934,31.9126213592233,164,50,1,0.01
2146,156,-5325.0,33.30128205128205,34.13461538461539,130,31,1,0.01
2147,98,-3274.0,32.91836734693877,33.40816326530612,48,27,1,0.01
2148,137,-4699.0,33.496350364963504,34.2992700729927,110,36,1,0.01
2149,163,-5622.0,33.7239263803681,34.49079754601227,125,35,1,0.01
2150,152,-6425.0,41.526315789473685,42.26973684210526,113,27,1,0.01
2151,198,-8909.0,44.39393939393939,44.994949494949495,119,46,1,0.01
2152,128,-6476.0,50.15625,50.59375,56,41,1,0.01
2153,179,-7495.0,41.3072625698324,41.87150837988827,101,34,1,0.01
2154,287,-12976.0,44.174216027874564,45.21254355400697,298,59,1,0.01
2155,286,-14667.0,50.44755244755245,51.28321678321678,239,79,1,0.01
2156,457,-16684.0,35.48577680525164,36.50765864332604,467,95,1,0.01
2157,146,-5854.0,39.28082191780822,40.0958904109589,119,37,1,0.01
2158,232,-9969.0,42.043103448275865,42.9698275862069,215,48,1,0.01
2159,245,-9573.0,38.142857142857146,39.073469387755104,228,56,1,0.01
2160,155,-5986.0,37.76774193548387,38.619354838709675,132,32,1,0.01
2161,247,-10111.0,40.05263157894737,40.935222672064775,218,60,1,0.01
2162,283,-12547.0,43.275618374558306,44.3356890459364,300,63,1,0.01
2163,385,-18358.0,46.750649350649354,47.68311688311688,359,91,1,0.01
2164,145,-5705.0,38.55862068965517,39.3448275862069,114,34,1,0.01
2165,228,-12540.0,54.078947368421055,55.0,210,51,1,0.01
2166,140,-5862.0,41.25,41.871428571428574,87,40,1,0.01
2167,278,-13578.0,47.84892086330935,48.84172661870504,276,64,1,0.01
2168,163,-7261.0,43.65644171779141,44.54601226993865,145,34,1,0.01
2169,238,-10881.0,44.79831932773109,45.71848739495798,219,53,1,0.01
2170,140,-5445.0,37.871428571428574,38.892857142857146,143,28,1,0.01
2171,233,-9400.0,39.4549356223176,40.34334763948498,207,57,1,0.01
2172,240,-10008.0,40.829166666666666,41.7,209,61,1,0.01
2173,145,-6031.0,41.04137931034483,41.59310344827586,80,40,1,0.01
2174,121,-4586.0,37.1900826446281,37.900826446280995,86,31,1,0.01
2175,356,-20470.0,56.44101123595506,57.5,377,76,1,0.01
2176,407,-21358.0,51.47174447174447,52.47665847665848,409,90,1,0.01
2177,204,-9105.0,43.94117647058823,44.63235294117647,141,51,1,0.01
2178,301,-14562.0,47.411960132890364,48.37873754152824,291,73,1,0.01
2179,234,-9487.0,39.662393162393165,40.542735042735046,206,52,1,0.01
2180,259,-12888.0,48.86100386100386,49.76061776061776,233,61,1,0.01
2181,156,-5729.0,35.85897435897436,36.72435897435897,135,39,1,0.01
2182,189,-8266.0,42.75132275132275,43.735449735449734,186,39,1,0.01
2183,182,-7061.0,37.895604395604394,38.7967032967033,164,42,1,0.01
2184,169,-8336.0,48.603550295857985,49.32544378698225,122,45,1,0.01
2185,233,-10368.0,43.562231759656655,44.497854077253216,218,51,1,0.01
2186,240,-12630.0,51.608333333333334,52.625,244,47,1,0.01
2187,211,-9198.0,42.682464454976305,43.59241706161137,192,47,1,0.01
2188,236,-11890.0,49.57203389830509,50.38135593220339,191,60,1,0.01
2189,152,-6579.0,42.41447368421053,43.2828947368421,132,37,1,0.01
2190,234,-10344.0,43.43162393162393,44.205128205128204,181,51,1,0.01
2191,288,-12947.0,43.99305555555556,44.954861111111114,277,63,1,0.01
2192,188,-7241.0,37.75,38.515957446808514,144,49,1,0.01
2193,210,-9007.0,42.1,42.89047619047619,166,52,1,0.01
2194,225,-9096.0,39.52,40.42666666666667,204,44,1,0.01
2195,420,-19806.0,46.088095238095235,47.15714285714286,449,91,1,0.01
2196,107,-4281.0,39.467289719626166,40.00934579439252,58,31,1,0.01
2197,141,-5784.0,40.51063829787234,41.02127659574468,72,35,1,0.01
2198,277,-12622.0,44.71841155234657,45.56678700361011,235,62,1,0.01
2199,126,-5861.0,45.80952380952381,46.51587301587302,89,36,1,0.01
2200,182,-7304.0,39.34065934065934,40.13186813186813,144,38,1,0.01
2201,500,-22258.0,43.464,44.516,526,106,0,0.01
2202,253,-10040.0,38.8102766798419,39.683794466403164,221,53,1,0.01
2203,114,-5329.0,45.973684210526315,46.74561403508772,88,34,1,0.01
2204,214,-8015.0,36.66822429906542,37.453271028037385,168,45,1,0.01
2205,99,-3650.0,36.17171717171717,36.86868686868687,69,29,1,0.01
2206,420,-17724.0,41.25,42.2,399,101,1,0.01
2207,198,-6459.0,31.838383838383837,32.621212121212125,155,58,1,0.01
2208,229,-11395.0,48.8646288209607,49.75982532751092,205,54,1,0.01
2209,195,-6838.0,34.23076923076923,35.06666666666667,163,49,1,0.01
2210,236,-8563.0,35.40677966101695,36.28389830508475,207,49,1,0.01
2211,234,-9583.0,39.957264957264954,40.952991452991455,233,46,1,0.01
2212,500,-15639.0,30.242,31.278,518,114,0,0.01
2213,238,-10106.0,41.7436974789916,42.46218487394958,171,68,1,0.01
2214,363,-12638.0,33.93112947658402,34.815426997245176,321,92,1,0.01
2215,149,-5738.0,37.651006711409394,38.51006711409396,128,38,1,0.01
2216,321,-11622.0,35.19626168224299,36.205607476635514,324,76,1,0.01
2217,181,-7557.0,40.86740331491713,41.751381215469614,160,49,1,0.01
2218,215,-9586.0,43.61395348837209,44.586046511627906,209,52,1,0.01
2219,282,-9040.0,31.03900709219858,32.05673758865248,287,68,1,0.01
2220,155,-6539.0,41.36129032258064,42.18709677419355,128,46,1,0.01
2221,238,-9007.0,36.865546218487395,37.84453781512605,233,56,1,0.01
2222,267,-10465.0,38.172284644194754,39.19475655430712,273,63,1,0.01
2223,244,-9600.0,38.46311475409836,39.34426229508197,215,64,1,0.01
2224,283,-10148.0,34.92932862190813,35.85865724381625,263,63,1,0.01
2225,301,-13565.0,43.98671096345515,45.06644518272425,325,62,1,0.01
2226,233,-8114.0,34.00429184549356,34.82403433476395,191,64,1,0.01
2227,365,-15239.0,40.71232876712329,41.75068493150685,379,84,1,0.01
2228,106,-3838.0,35.45283018867924,36.20754716981132,80,28,1,0.01
2229,349,-13655.0,38.22636103151862,39.126074498567334,314,84,1,0.01
2230,121,-4451.0,35.925619834710744,36.78512396694215,104,33,1,0.01
2231,180,-6195.0,33.53333333333333,34.416666666666664,159,41,1,0.01
2232,257,-8631.0,32.55642023346304,33.583657587548636,264,56,1,0.01
2233,417,-16257.0,37.98081534772182,38.985611510791365,419,83,1,0.01
2234,301,-12127.0,39.25249169435216,40.2890365448505,312,66,1,0.01
2235,325,-11348.0,33.89230769230769,34.91692307692308,333,70,1,0.01
2236,321,-13128.0,39.925233644859816,40.89719626168224,312,67,1,0.01
2237,168,-5298.0,30.523809523809526,31.535714285714285,170,38,1,0.01
2238,222,-7795.0,34.22072072072072,35.112612612612615,198,50,1,0.01
2239,348,-12972.0,36.264367816091955,37.275862068965516,352,76,1,0.01
2240,193,-6946.0,35.020725388601036,35.98963730569948,187,40,1,0.01
2241,132,-5023.0,37.15909090909091,38.053030303030305,118,26,1,0.01
2242,301,-12252.0,39.66445182724252,40.70431893687708,313,65,1,0.01
2243,232,-10201.0,42.96551724137931,43.9698275862069,233,56,1,0.01
2244,193,-6534.0,32.8860103626943,33.854922279792746,187,46,1,0.01
2245,351,-12639.0,35.07692307692308,36.00854700854701,327,79,1,0.01
2246,166,-6669.0,39.16867469879518,40.174698795180724,167,40,1,0.01
2247,139,-5798.0,40.89208633093525,41.71223021582734,114,33,1,0.01
2248,285,-10784.0,36.87719298245614,37.83859649122807,274,62,1,0.01
2249,220,-8493.0,37.731818181818184,38.60454545454545,192,56,1,0.01
2250,210,-8180.0,38.01904761904762,38.95238095238095,196,45,1,0.01
2251,445,-19792.0,43.35730337078652,44.476404494382024,498,81,1,0.01
2252,203,-7357.0,35.44827586206897,36.241379310344826,161,50,1,0.01
2253,158,-6629.0,41.12658227848101,41.95569620253165,131,37,1,0.01
2254,188,-6211.0,32.079787234042556,33.037234042553195,180,44,1,0.01
2255,210,-7858.0,36.44761904761905,37.41904761904762,204,47,1,0.01
2256,500,-20756.0,40.432,41.512,540,102,0,0.01
2257,239,-9730.0,39.80753138075314,40.71129707112971,216,50,1,0.01
2258,121,-4293.0,34.54545454545455,35.47933884297521,113,27,1,0.01
2259,403,-15388.0,37.15136476426799,38.18362282878412,416,81,1,0.01
2260,118,-4324.0,35.940677966101696,36.644067796610166,83,23,1,0.01
2261,222,-7083.0,31.06756756756757,31.905405405405407,186,58,1,0.01
2262,170,-5877.0,33.811764705882354,34.57058823529412,129,38,1,0.01
2263,264,-9652.0,35.52272727272727,36.56060606060606,274,53,1,0.01
2264,264,-9661.0,35.71969696969697,36.59469696969697,231,58,1,0.01
2265,284,-9346.0,31.950704225352112,32.90845070422535,272,60,1,0.01
2266,105,-3931.0,36.56190476190476,37.43809523809524,92,21,1,0.01
2267,192,-7074.0,35.9375,36.84375,174,40,1,0.01
2268,158,-6097.0,37.664556962025316,38.58860759493671,146,40,1,0.01
2269,262,-8875.0,32.969465648854964,33.87404580152672,237,58,1,0.01
2270,142,-4991.0,34.401408450704224,35.147887323943664,106,34,1,0.01
2271,202,-8026.0,38.806930693069305,39.73267326732673,187,46,1,0.01
2272,152,-5468.0,35.151315789473685,35.973684210526315,125,33,1,0.01
2273,211,-6924.0,32.03317535545024,32.81516587677725,165,53,1,0.01
2274,203,-9763.0,47.12807881773399,48.0935960591133,196,39,1,0.01
2275,225,-8879.0,38.50666666666667,39.46222222222222,215,52,1,0.01
2276,145,-5541.0,37.144827586206894,38.213793103448275,155,27,1,0.01
2277,262,-8310.0,30.763358778625953,31.717557251908396,250,56,1,0.01
2278,247,-9315.0,36.72064777327935,37.71255060728745,245,49,1,0.01
2279,118,-3719.0,30.610169491525422,31.516949152542374,107,29,1,0.01
2280,283,-9449.0,32.371024734982335,33.3886925795053,288,58,1,0.01
2281,210,-9151.0,42.62380952380953,43.576190476190476,200,50,1,0.01
2282,212,-7206.0,33.028301886792455,33.990566037735846,204,45,1,0.01
2283,170,-5695.0,32.68235294117647,33.5,139,45,1,0.01
2284,113,-4724.0,40.83185840707964,41.80530973451327,110,25,1,0.01
2285,160,-5915.0,36.075,36.96875,143,36,1,0.01
2286,209,-6415.0,29.80861244019139,30.69377990430622,185,43,1,0.01
2287,97,-3652.0,36.83505154639175,37.649484536082475,79,24,1,0.01
2288,118,-4545.0,37.652542372881356,38.516949152542374,102,30,1,0.01
2289,299,-10348.0,33.66555183946488,34.608695652173914,282,63,1,0.01
2290,210,-7361.0,34.19047619047619,35.05238095238095,181,52,1,0.01
2291,128,-4813.0,36.7578125,37.6015625,108,26,1,0.01
2292,151,-5659.0,36.629139072847686,37.47682119205298,128,37,1,0.01
2293,176,-6165.0,34.13636363636363,35.02840909090909,157,44,1,0.01
2294,115,-3482.0,29.42608695652174,30.278260869565216,98,27,1,0.01
2295,233,-7541.0,31.446351931330472,32.36480686695279,214,51,1,0.01
2296,143,-5342.0,36.53846153846154,37.35664335664335,117,37,1,0.01
2297,205,-6847.0,32.59512195121951,33.4,165,56,1,0.01
2298,169,-6161.0,35.64497041420118,36.455621301775146,137,47,1,0.01
2299,133,-4759.0,34.86466165413534,35.78195488721804,122,35,1,0.01
2300,144,-4631.0,31.29861111111111,32.15972222222222,124,32,1,0.01
2301,320,-12287.0,37.396875,38.396875,320,73,1,0.01
2302,154,-5545.0,35.064935064935064,36.006493506493506,145,37,1,0.01
2303,171,-5868.0,33.409356725146196,34.31578947368421,155,44,1,0.01
2304,152,-5347.0,34.28947368421053,35.17763157894737,135,36,1,0.01
2305,123,-4755.0,37.67479674796748,38.65853658536585,121,26,1,0.01
2306,226,-7060.0,30.32300884955752,31.238938053097346,207,55,1,0.01
2307,126,-4548.0,35.34126984126984,36.095238095238095,95,37,1,0.01
2308,155,-5275.0,33.07741935483871,34.03225806451613,148,40,1,0.01
2309,148,-5194.0,34.189189189189186,35.0945945945946,134,37,1,0.01
2310,125,-3593.0,28.112,28.744,79,41,1,0.01
2311,118,-4011.0,33.29661016949152,33.99152542372882,82,36,1,0.01
2312,245,-8634.0,34.21632653061224,35.24081632653061,251,48,1,0.01
2313,157,-5250.0,32.617834394904456,33.439490445859875,129,40,1,0.01
2314,127,-3964.0,30.275590551181104,31.212598425196852,119,30,1,0.01
2315,238,-8037.0,32.69747899159664,33.76890756302521,255,45,1,0.01
2316,155,-5082.0,31.948387096774194,32.78709677419355,130,31,1,0.01
2317,417,-16089.0,37.60431654676259,38.58273381294964,408,92,1,0.01
2318,107,-4186.0,38.11214953271028,39.12149532710281,108,24,1,0.01
2319,487,-20303.0,40.64681724845996,41.68993839835729,508,106,1,0.01
2320,142,-4705.0,32.29577464788732,33.13380281690141,119,32,1,0.01
2321,134,-5034.0,36.58955223880597,37.56716417910448,131,25,1,0.01
2322,274,-10359.0,36.660583941605836,37.806569343065696,314,52,1,0.01
2323,130,-4276.0,32.05384615384615,32.89230769230769,109,29,1,0.01
2324,131,-4455.0,33.14503816793893,34.00763358778626,113,28,1,0.01
2325,119,-3583.0,29.126050420168067,30.10924369747899,117,25,1,0.01
2326,213,-6788.0,30.948356807511736,31.868544600938968,196,47,1,0.01
2327,214,-7611.0,34.52336448598131,35.56542056074766,223,45,1,0.01
2328,174,-5701.0,31.867816091954023,32.764367816091955,156,33,1,0.01
2329,214,-7918.0,36.01401869158879,37.0,211,46,1,0.01
2330,148,-5028.0,33.08783783783784,33.972972972972975,131,31,1,0.01
2331,178,-5515.0,30.117977528089888,30.98314606741573,154,38,1,0.01
2332,284,-9194.0,31.433098591549296,32.37323943661972,267,54,1,0.01
2333,177,-6714.0,36.93785310734463,37.932203389830505,176,41,1,0.01
2334,184,-6343.0,33.54891304347826,34.47282608695652,170,35,1,0.01
2335,212,-7418.0,34.155660377358494,34.990566037735846,177,59,1,0.01
2336,158,-5391.0,33.234177215189874,34.120253164556964,140,36,1,0.01
2337,154,-6093.0,38.577922077922075,39.564935064935064,152,29,1,0.01
2338,192,-6818.0,34.46875,35.510416666666664,200,43,1,0.01
2339,136,-4294.0,30.727941176470587,31.573529411764707,115,31,1,0.01
2340,174,-5579.0,31.160919540229884,32.0632183908046,157,40,1,0.01
2341,118,-3604.0,29.728813559322035,30.54237288135593,96,29,1,0.01
2342,283,-8578.0,29.406360424028268,30.31095406360424,256,67,1,0.01
2343,140,-4486.0,31.264285714285716,32.042857142857144,109,39,1,0.01
2344,186,-5770.0,30.129032258064516,31.021505376344088,166,42,1,0.01
2345,223,-7815.0,34.08520179372197,35.044843049327355,214,52,1,0.01
2346,320,-13723.0,41.8375,42.884375,335,68,1,0.01
2347,178,-6038.0,33.050561797752806,33.92134831460674,155,42,1,0.01
2348,214,-8031.0,36.570093457943926,37.52803738317757,205,43,1,0.01
2349,169,-5031.0,28.899408284023668,29.76923076923077,147,40,1,0.01
2350,328,-12834.0,38.08841463414634,39.1280487804878,341,69,1,0.01
2351,173,-5174.0,29.00578034682081,29.90751445086705,156,36,1,0.01
2352,147,-4706.0,31.13605442176871,32.01360544217687,129,35,1,0.01
2353,134,-4706.0,34.33582089552239,35.11940298507463,105,32,1,0.01
2354,226,-7775.0,33.56194690265487,34.402654867256636,190,51,1,0.01
2355,126,-3682.0,28.46825396825397,29.22222222222222,95,33,1,0.01
2356,141,-5186.0,35.829787234042556,36.780141843971634,134,34,1,0.01
2357,162,-6425.0,38.69135802469136,39.660493827160494,157,39,1,0.01
2358,256,-9867.0,37.5703125,38.54296875,249,61,1,0.01
2359,118,-4251.0,35.067796610169495,36.02542372881356,113,27,1,0.01
2360,135,-3742.0,26.91111111111111,27.71851851851852,109,30,1,0.01
2361,247,-7633.0,29.94331983805668,30.902834008097166,237,48,1,0.01
2362,172,-6472.0,36.651162790697676,37.627906976744185,168,32,1,0.01
2363,204,-6866.0,32.681372549019606,33.65686274509804,199,41,1,0.01
2364,164,-5523.0,32.96951219512195,33.676829268292686,116,41,1,0.01
2365,179,-6234.0,33.90502793296089,34.8268156424581,165,40,1,0.01
2366,175,-5915.0,32.988571428571426,33.8,142,41,1,0.01
2367,188,-6278.0,32.441489361702125,33.3936170212766,179,41,1,0.01
2368,206,-7914.0,37.359223300970875,38.41747572815534,218,43,1,0.01
2369,135,-5037.0,36.525925925925925,37.31111111111111,106,36,1,0.01
2370,189,-6868.0,35.46560846560847,36.33862433862434,165,44,1,0.01
2371,146,-4709.0,31.39041095890411,32.25342465753425,126,27,1,0.01
2372,160,-5138.0,31.21875,32.1125,143,39,1,0.01
2373,100,-2940.0,28.55,29.4,85,26,1,0.01
2374,335,-11257.0,32.63283582089552,33.602985074626865,325,70,1,0.01
2375,147,-4819.0,31.972789115646258,32.78231292517007,119,33,1,0.01
2376,211,-7583.0,34.92890995260664,35.93838862559242,213,46,1,0.01
2377,168,-5332.0,30.988095238095237,31.738095238095237,126,45,1,0.01
2378,179,-6251.0,33.94972067039106,34.92178770949721,174,43,1,0.01
2379,154,-5314.0,33.616883116883116,34.506493506493506,137,37,1,0.01
2380,236,-10038.0,41.42796610169491,42.53389830508475,261,49,1,0.01
2381,229,-8636.0,36.751091703056765,37.7117903930131,220,57,1,0.01
2382,144,-4795.0,32.38194444444444,33.298611111111114,132,34,1,0.01
2383,185,-6109.0,32.13513513513514,33.02162162162162,164,48,1,0.01
2384,272,-9675.0,34.580882352941174,35.56985294117647,269,61,1,0.01
2385,144,-5149.0,34.986111111111114,35.75694444444444,111,40,1,0.01
2386,232,-8336.0,34.93103448275862,35.93103448275862,232,52,1,0.01
2387,190,-6980.0,35.77894736842105,36.73684210526316,182,45,1,0.01
2388,159,-5702.0,34.9559748427673,35.861635220125784,144,41,1,0.01
2389,377,-13915.0,35.88594164456234,36.90981432360743,386,85,1,0.01
2390,227,-7995.0,34.25110132158591,35.220264317180614,220,53,1,0.01
2391,191,-6408.0,32.64921465968586,33.54973821989529,172,45,1,0.01
2392,155,-4890.0,30.767741935483873,31.548387096774192,121,40,1,0.01
2393,126,-4148.0,32.198412698412696,32.92063492063492,91,26,1,0.01
2394,347,-12717.0,35.694524495677236,36.648414985590776,331,76,1,0.01
2395,193,-6826.0,34.55958549222798,35.36787564766839,156,44,1,0.01
2396,164,-5411.0,32.08536585365854,32.99390243902439,149,37,1,0.01
2397,119,-3830.0,31.310924369747898,32.18487394957983,104,25,1,0.01
2398,185,-5426.0,28.572972972972973,29.32972972972973,140,53,1,0.01
2399,145,-5368.0,36.11724137931034,37.02068965517241,131,31,1,0.01
2400,114,-3400.0,28.92105263157895,29.82456140350877,103,26,1,0.01
2401,122,-3839.0,30.557377049180328,31.4672131147541,111,27,1,0.01
2402,147,-6029.0,39.993197278911566,41.01360544217687,150,29,1,0.01
2403,360,-12847.0,34.63333333333333,35.68611111111111,379,71,1,0.01
2404,175,-6010.0,33.462857142857146,34.34285714285714,154,36,1,0.01
2405,176,-6756.0,37.39772727272727,38.38636363636363,174,33,1,0.01
2406,218,-7813.0,35.01376146788991,35.8394495412844,180,57,1,0.01
2407,187,-6640.0,34.54545454545455,35.50802139037433,180,40,1,0.01
2408,154,-5058.0,31.967532467532468,32.84415584415584,135,39,1,0.01
2409,184,-6321.0,33.46195652173913,34.35326086956522,164,46,1,0.01
2410,209,-8187.0,38.16746411483253,39.17224880382775,210,48,1,0.01
2411,166,-5723.0,33.66265060240964,34.475903614457835,135,45,1,0.01
2412,141,-4562.0,31.51063829787234,32.354609929078016,119,34,1,0.01
2413,150,-5407.0,35.126666666666665,36.04666666666667,138,32,1,0.01
2414,129,-4477.0,33.89922480620155,34.70542635658915,104,36,1,0.01
2415,318,-12803.0,39.18238993710692,40.26100628930818,343,62,1,0.01
2416,190,-6900.0,35.373684210526314,36.31578947368421,179,42,1,0.01
2417,186,-6255.0,32.61827956989247,33.62903225806452,188,40,1,0.01
2418,144,-4520.0,30.541666666666668,31.38888888888889,122,35,1,0.01
2419,166,-5791.0,33.8433734939759,34.8855421686747,173,29,1,0.01
2420,208,-6877.0,32.14423076923077,33.0625,191,47,1,0.01
2421,184,-7235.0,38.44565217391305,39.32065217391305,161,45,1,0.01
2422,171,-5849.0,33.28654970760234,34.2046783625731,157,38,1,0.01
2423,280,-8835.0,30.65,31.553571428571427,253,64,1,0.01
2424,245,-10757.0,42.926530612244896,43.906122448979595,240,42,1,0.01
2425,183,-7066.0,37.77049180327869,38.612021857923494,154,41,1,0.01
2426,128,-4145.0,31.609375,32.3828125,99,30,1,0.01
2427,148,-4623.0,30.493243243243242,31.236486486486488,110,35,1,0.01
2428,193,-7340.0,37.01036269430052,38.031088082901555,197,38,1,0.01
2429,201,-7187.0,34.79601990049751,35.756218905472636,193,45,1,0.01
2430,147,-5880.0,39.054421768707485,40.0,139,29,1,0.01
2431,147,-4547.0,30.170068027210885,30.931972789115648,112,35,1,0.01
2432,253,-9146.0,35.36758893280632,36.1501976284585,198,65,1,0.01
2433,126,-4491.0,34.92063492063492,35.642857142857146,91,36,1,0.01
2434,126,-3372.0,26.158730158730158,26.761904761904763,76,29,1,0.01
2435,147,-4566.0,30.38095238095238,31.06122448979592,100,41,1,0.01
2436,132,-4340.0,31.992424242424242,32.878787878787875,117,29,1,0.01
2437,192,-6985.0,35.385416666666664,36.380208333333336,191,46,1,0.01
2438,233,-7484.0,31.283261802575108,32.12017167381974,195,58,1,0.01
2439,169,-6004.0,34.662721893491124,35.52662721893491,146,43,1,0.01
2440,119,-3921.0,32.1764705882353,32.94957983193277,92,30,1,0.01
2441,189,-7503.0,38.735449735449734,39.698412698412696,182,40,1,0.01
2442,128,-4499.0,34.3671875,35.1484375,100,33,1,0.01
2443,169,-5529.0,31.94674556213018,32.71597633136095,130,42,1,0.01
2444,181,-6396.0,34.28729281767956,35.33701657458563,190,37,1,0.01
2445,162,-5283.0,31.858024691358025,32.611111111111114,122,40,1,0.01
2446,150,-4684.0,30.473333333333333,31.226666666666667,113,39,1,0.01
2447,159,-5244.0,32.0314465408805,32.9811320754717,151,37,1,0.01
2448,229,-7325.0,31.061135371179038,31.986899563318776,212,52,1,0.01
2449,188,-7418.0,38.4468085106383,39.45744680851064,190,41,1,0.01
2450,177,-6347.0,34.93785310734463,35.85875706214689,163,42,1,0.01
2451,173,-6315.0,35.59537572254335,36.50289017341041,157,36,1,0.01
2452,235,-7697.0,31.80851063829787,32.753191489361704,222,53,1,0.01
2453,191,-7234.0,36.92146596858639,37.87434554973822,182,42,1,0.01
2454,209,-7355.0,34.311004784689,35.19138755980861,184,47,1,0.01
2455,173,-5741.0,32.283236994219656,33.1849710982659,156,40,1,0.01
2456,121,-4623.0,37.21487603305785,38.20661157024794,120,25,1,0.01
2457,249,-8788.0,34.36144578313253,35.29317269076305,232,63,1,0.01
2458,207,-6961.0,32.70048309178744,33.628019323671495,192,48,1,0.01
2459,112,-3541.0,30.892857142857142,31.616071428571427,81,30,1,0.01
2460,170,-6415.0,36.8235294117647,37.73529411764706,155,38,1,0.01
2461,266,-10295.0,37.71804511278196,38.703007518796994,262,61,1,0.01
2462,138,-4775.0,33.72463768115942,34.60144927536232,121,31,1,0.01
2463,193,-7997.0,40.50777202072539,41.43523316062176,179,42,1,0.01
2464,132,-4834.0,35.878787878787875,36.621212121212125,98,35,1,0.01
2465,135,-4610.0,33.355555555555554,34.148148148148145,107,31,1,0.01
2466,172,-6464.0,36.66279069767442,37.58139534883721,158,36,1,0.01
2467,251,-8850.0,34.29482071713147,35.2589641434263,242,53,1,0.01
2468,365,-12134.0,32.21643835616438,33.24383561643835,375,71,1,0.01
2469,201,-6725.0,32.492537313432834,33.45771144278607,194,38,1,0.01
2470,166,-5521.0,32.40963855421687,33.25903614457831,141,43,1,0.01
2471,180,-6400.0,34.62777777777778,35.55555555555556,167,44,1,0.01
2472,171,-4984.0,28.385964912280702,29.146198830409357,130,43,1,0.01
2473,161,-5254.0,31.782608695652176,32.63354037267081,137,36,1,0.01
2474,275,-10058.0,35.58181818181818,36.57454545454546,273,61,1,0.01
2475,286,-9962.0,33.86713286713287,34.83216783216783,276,53,1,0.01
2476,168,-6104.0,35.43452380952381,36.333333333333336,151,38,1,0.01
2477,162,-6037.0,36.34567901234568,37.26543209876543,149,33,1,0.01
2478,166,-5429.0,31.759036144578314,32.704819277108435,157,35,1,0.01
2479,146,-5245.0,35.08904109589041,35.92465753424658,122,33,1,0.01
2480,133,-4396.0,32.067669172932334,33.05263157894737,131,31,1,0.01
2481,122,-4295.0,34.467213114754095,35.204918032786885,90,32,1,0.01
2482,231,-7645.0,32.19047619047619,33.095238095238095,209,52,1,0.01
2483,211,-7882.0,36.464454976303315,37.355450236966824,188,54,1,0.01
2484,154,-6317.0,40.09090909090909,41.01948051948052,143,32,1,0.01
2485,206,-7375.0,34.97572815533981,35.800970873786405,170,51,1,0.01
2486,124,-4527.0,35.685483870967744,36.50806451612903,102,30,1,0.01
2487,157,-5606.0,34.81528662420382,35.70700636942675,140,41,1,0.01
2488,345,-13564.0,38.26086956521739,39.31594202898551,364,71,1,0.01
2489,112,-4202.0,36.660714285714285,37.517857142857146,96,21,1,0.01
2490,245,-10129.0,40.412244897959184,41.34285714285714,228,56,1,0.01
2491,141,-4999.0,34.51063829787234,35.45390070921986,133,31,1,0.01
2492,118,-4316.0,35.559322033898304,36.57627118644068,120,23,1,0.01
2493,180,-6158.0,33.422222222222224,34.21111111111111,142,49,1,0.01
2494,215,-6848.0,30.925581395348836,31.851162790697675,199,47,1,0.01
2495,233,-10504.0,44.18884120171674,45.081545064377686,208,51,1,0.01
2496,136,-4941.0,35.5735294117647,36.330882352941174,103,34,1,0.01
2497,180,-6329.0,34.26111111111111,35.16111111111111,162,42,1,0.01
2498,106,-3399.0,31.50943396226415,32.06603773584906,59,27,1,0.01
2499,241,-9282.0,37.49792531120332,38.51452282157676,245,47,1,0.01
2500,190,-6871.0,35.21578947368421,36.16315789473684,180,39,1,0.01
2501,222,-6827.0,29.71171171171171,30.75225225225225,231,47,1,0.01
2502,179,-7358.0,40.11173184357542,41.10614525139665,178,36,1,0.01
2503,349,-11950.0,33.17191977077364,34.240687679083095,373,69,1,0.01
2504,143,-4846.0,33.04195804195804,33.88811188811189,121,31,1,0.01
2505,193,-7080.0,35.818652849740936,36.6839378238342,167,46,1,0.01
2506,226,-8459.0,36.575221238938056,37.42920353982301,193,56,1,0.01
2507,148,-5225.0,34.520270270270274,35.304054054054056,116,38,1,0.01
2508,162,-5403.0,32.351851851851855,33.351851851851855,162,37,1,0.01
2509,141,-4754.0,32.87234042553192,33.716312056737586,119,35,1,0.01
2510,148,-5421.0,35.736486486486484,36.62837837837838,132,31,1,0.01
2511,256,-10137.0,38.5703125,39.59765625,263,56,1,0.01
2512,129,-4573.0,34.55813953488372,35.44961240310077,115,28,1,0.01
2513,237,-7661.0,31.451476793248943,32.324894514767934,207,53,1,0.01
2514,219,-9048.0,40.38356164383562,41.31506849315068,204,46,1,0.01
2515,168,-6378.0,37.095238095238095,37.964285714285715,146,39,1,0.01
2516,494,-19915.0,39.25506072874494,40.31376518218624,523,108,1,0.01
2517,144,-6007.0,41.06944444444444,41.71527777777778,93,46,1,0.01
2518,154,-5806.0,36.87012987012987,37.701298701298704,128,37,1,0.01
2519,120,-4510.0,36.74166666666667,37.583333333333336,101,32,1,0.01
2520,111,-4366.0,38.828828828828826,39.333333333333336,56,37,1,0.01
2521,277,-12808.0,45.24548736462094,46.238267148014444,275,62,1,0.01
2522,342,-11116.0,31.587719298245613,32.50292397660819,313,78,1,0.01
2523,185,-6587.0,34.86486486486486,35.605405405405406,137,52,1,0.01
2524,140,-5684.0,39.72857142857143,40.6,122,34,1,0.01
2525,164,-5545.0,32.88414634146341,33.8109756097561,152,34,1,0.01
2526,250,-9681.0,37.792,38.724,233,60,1,0.01
2527,131,-5681.0,42.51908396946565,43.36641221374046,111,30,1,0.01
2528,232,-7605.0,31.892241379310345,32.7801724137931,206,59,1,0.01
2529,136,-4715.0,33.955882352941174,34.669117647058826,97,40,1,0.01
2530,185,-7171.0,37.87027027027027,38.76216216216216,165,42,1,0.01
2531,96,-2993.0,30.333333333333332,31.177083333333332,81,25,1,0.01
2532,166,-5574.0,32.75301204819277,33.57831325301205,137,42,1,0.01
2533,323,-10395.0,31.18266253869969,32.18266253869969,323,66,1,0.01
2534,249,-10063.0,39.65060240963855,40.4136546184739,190,70,1,0.01
2535,148,-4948.0,32.62162162162162,33.432432432432435,120,32,1,0.01
2536,176,-7125.0,39.63068181818182,40.48295454545455,150,42,1,0.01
2537,162,-4855.0,29.08641975308642,29.969135802469136,143,38,1,0.01
2538,118,-5587.0,46.516949152542374,47.347457627118644,98,31,1,0.01
2539,157,-5987.0,37.43312101910828,38.13375796178344,110,29,1,0.01
2540,101,-3467.0,33.495049504950494,34.32673267326733,84,24,1,0.01
2541,138,-5119.0,36.31159420289855,37.094202898550726,108,30,1,0.01
2542,236,-8249.0,34.04237288135593,34.95338983050848,215,53,1,0.01
2543,156,-4859.0,30.326923076923077,31.147435897435898,128,31,1,0.01
2544,136,-4437.0,31.83823529411765,32.625,107,30,1,0.01
2545,175,-6344.0,35.371428571428574,36.25142857142857,154,43,1,0.01
2546,106,-3547.0,32.783018867924525,33.4622641509434,72,30,1,0.01
2547,129,-3968.0,30.07751937984496,30.75968992248062,88,31,1,0.01
2548,134,-4707.0,34.45522388059702,35.12686567164179,90,35,1,0.01
2549,125,-4327.0,33.608,34.616,126,25,1,0.01
2550,263,-11493.0,42.61596958174905,43.69961977186312,285,54,1,0.01
2551,249,-10557.0,41.397590361445786,42.397590361445786,249,49,1,0.01
2552,150,-5664.0,36.946666666666665,37.76,122,39,1,0.01
2553,499,-18874.0,36.79759519038076,37.82364729458918,512,108,1,0.01
2554,374,-14029.0,36.44385026737968,37.51069518716577,399,76,1,0.01
2555,209,-7438.0,34.54066985645933,35.588516746411486,219,39,1,0.01
2556,207,-7048.0,33.193236714975846,34.04830917874396,177,45,1,0.01
2557,300,-13340.0,43.42333333333333,44.46666666666667,313,65,1,0.01
2558,163,-5833.0,34.920245398773005,35.785276073619634,141,39,1,0.01
2559,182,-6062.0,32.4010989010989,33.30769230769231,165,44,1,0.01
2560,141,-4916.0,34.184397163120565,34.86524822695036,96,36,1,0.01
2561,260,-8020.0,29.846153846153847,30.846153846153847,260,54,1,0.01
2562,236,-9422.0,38.96186440677966,39.92372881355932,227,48,1,0.01
2563,163,-6101.0,36.58895705521472,37.42944785276074,137,38,1,0.01
2564,296,-9833.0,32.29054054054054,33.2195945945946,275,67,1,0.01
2565,156,-5874.0,36.8974358974359,37.65384615384615,118,38,1,0.01
2566,263,-9034.0,33.42585551330799,34.349809885931556,243,58,1,0.01
2567,264,-11133.0,41.234848484848484,42.17045454545455,247,60,1,0.01
2568,187,-7031.0,36.786096256684495,37.598930481283425,152,45,1,0.01
2569,186,-7272.0,38.26881720430107,39.096774193548384,154,48,1,0.01
2570,302,-13386.0,43.28145695364238,44.324503311258276,315,56,1,0.01
2571,376,-13304.0,34.422872340425535,35.38297872340426,361,69,1,0.01
2572,217,-7275.0,32.516129032258064,33.525345622119815,219,47,1,0.01
2573,299,-12770.0,41.802675585284284,42.709030100334445,271,67,1,0.01
2574,146,-5236.0,35.00684931506849,35.863013698630134,125,35,1,0.01
2575,225,-7125.0,30.822222222222223,31.666666666666668,190,54,1,0.01
2576,337,-12987.0,37.53412462908012,38.53709198813056,338,67,1,0.01
2577,452,-18165.0,39.17256637168141,40.18805309734513,459,89,1,0.01
2578,500,-18387.0,35.712,36.774,531,102,0,0.01
2579,206,-6814.0,32.10679611650485,33.077669902912625,200,46,1,0.01
2580,500,-16810.0,32.574,33.62,523,107,0,0.01
2581,488,-17184.0,34.16803278688525,35.21311475409836,510,105,1,0.01
2582,196,-8721.0,43.704081632653065,44.494897959183675,155,52,1,0.01
2583,128,-4376.0,33.3125,34.1875,112,29,1,0.01
2584,164,-5411.0,32.079268292682926,32.99390243902439,150,36,1,0.01
2585,500,-19829.0,38.616,39.658,521,112,0,0.01
2586,393,-16018.0,39.69974554707379,40.75826972010178,416,79,1,0.01
2587,343,-15386.0,43.78425655976677,44.857142857142854,368,62,1,0.01
2588,422,-19566.0,45.296208530805686,46.36492890995261,451,83,1,0.01
2589,431,-17180.0,38.70069605568445,39.86078886310905,500,86,1,0.01
2590,500,-17772.0,34.45,35.544,547,105,0,0.01
2591,500,-19526.0,37.998,39.052,527,105,0,0.01
2592,270,-12846.0,46.65555555555556,47.577777777777776,249,68,1,0.01
2593,401,-15708.0,38.17955112219451,39.17206982543641,398,94,1,0.01
2594,259,-11520.0,43.56370656370656,44.47876447876448,237,67,1,0.01
2595,500,-22074.0,43.066,44.148,541,99,0,0.01
2596,226,-8632.0,37.29203539823009,38.19469026548673,204,51,1,0.01
2597,287,-12805.0,43.63414634146341,44.616724738675956,282,68,1,0.01
2598,240,-8902.0,36.141666666666666,37.09166666666667,228,59,1,0.01
2599,190,-6515.0,33.33157894736842,34.28947368421053,182,46,1,0.01
2600,278,-11503.0,40.410071942446045,41.37769784172662,269,56,1,0.01
2601,137,-3756.0,26.656934306569344,27.416058394160583,104,37,1,0.01
2602,197,-5914.0,29.15228426395939,30.02030456852792,171,50,1,0.01
2603,461,-17840.0,37.726681127982644,38.69848156182213,448,101,1,0.01
2604,161,-6058.0,36.65217391304348,37.62732919254658,157,35,1,0.01
2605,355,-14220.0,39.03380281690141,40.056338028169016,363,77,1,0.01
2606,159,-5798.0,35.57232704402516,36.465408805031444,142,42,1,0.01
2607,226,-8965.0,38.71238938053097,39.66814159292036,216,56,1,0.01
2608,324,-13661.0,41.17901234567901,42.16358024691358,319,77,1,0.01
2609,172,-7170.0,40.72093023255814,41.68604651162791,166,41,1,0.01
2610,273,-10926.0,39.05494505494506,40.02197802197802,264,65,1,0.01
2611,500,-22508.0,43.938,45.016,539,115,0,0.01
2612,142,-6235.0,43.056338028169016,43.90845070422535,121,37,1,0.01
2613,500,-18698.0,36.294,37.396,551,104,0,0.01
2614,199,-9269.0,45.84422110552764,46.57788944723618,146,52,1,0.01
2615,259,-11660.0,44.01930501930502,45.01930501930502,259,55,1,0.01
2616,271,-14811.0,53.88191881918819,54.65313653136531,209,63,1,0.01
2617,210,-9982.0,46.819047619047616,47.53333333333333,150,64,1,0.01
2618,125,-4399.0,34.424,35.192,96,28,1,0.01
2619,376,-19015.0,49.569148936170215,50.5718085106383,377,93,1,0.01
2620,298,-13215.0,43.37248322147651,44.34563758389262,290,72,1,0.01
2621,170,-6211.0,35.60588235294118,36.53529411764706,158,43,1,0.01
2622,145,-6203.0,42.172413793103445,42.779310344827586,88,47,1,0.01
2623,167,-6402.0,37.40718562874252,38.33532934131737,155,41,1,0.01
2624,275,-13669.0,48.89454545454546,49.70545454545454,223,74,1,0.01
2625,238,-14221.0,58.89915966386555,59.752100840336134,203,62,1,0.01
2626,152,-6283.0,40.598684210526315,41.33552631578947,112,43,1,0.01
2627,165,-5458.0,32.333333333333336,33.07878787878788,123,49,1,0.01
2628,149,-5853.0,38.51677852348993,39.281879194630875,114,40,1,0.01
2629,206,-12365.0,59.3252427184466,60.02427184466019,144,57,1,0.01
2630,152,-8138.0,52.9671052631579,53.53947368421053,87,49,1,0.01
2631,192,-9566.0,49.208333333333336,49.822916666666664,118,57,1,0.01
2632,234,-9419.0,39.337606837606835,40.25213675213675,214,53,1,0.01
2633,131,-5038.0,37.80916030534351,38.458015267175576,85,41,1,0.01
2634,350,-15096.0,42.317142857142855,43.13142857142857,285,100,1,0.01
2635,144,-4537.0,30.770833333333332,31.506944444444443,106,34,1,0.01
2636,277,-12161.0,42.931407942238266,43.90252707581227,269,56,1,0.01
2637,261,-10711.0,40.06130268199234,41.03831417624521,255,58,1,0.01
2638,158,-6565.0,40.69620253164557,41.550632911392405,135,40,1,0.01
2639,132,-4780.0,35.42424242424242,36.21212121212121,104,35,1,0.01
2640,201,-9405.0,45.89054726368159,46.791044776119406,181,40,1,0.01
2641,140,-7060.0,49.56428571428572,50.42857142857143,121,28,1,0.01
2642,174,-6653.0,37.51149425287356,38.235632183908045,126,52,1,0.01
2643,249,-10826.0,42.54618473895582,43.47791164658634,232,60,1,0.01
2644,166,-5871.0,34.46987951807229,35.36746987951807,149,40,1,0.01
2645,135,-6255.0,45.72592592592593,46.333333333333336,82,39,1,0.01
2646,186,-7241.0,38.09139784946237,38.93010752688172,156,48,1,0.01
2647,186,-7348.0,38.655913978494624,39.505376344086024,158,42,1,0.01
2648,296,-14505.0,48.108108108108105,49.00337837837838,265,78,1,0.01
2649,202,-8915.0,43.32178217821782,44.133663366336634,164,48,1,0.01
2650,156,-6717.0,42.39102564102564,43.05769230769231,104,29,1,0.01
2651,246,-11360.0,45.27235772357724,46.17886178861789,223,63,1,0.01
2652,146,-6314.0,42.56164383561644,43.24657534246575,100,29,1,0.01
2653,189,-10784.0,56.33862433862434,57.05820105820106,136,55,1,0.01
2654,295,-13635.0,45.335593220338986,46.220338983050844,261,71,1,0.01
2655,178,-6868.0,37.78651685393258,38.58426966292135,142,44,1,0.01
2656,156,-6482.0,40.833333333333336,41.55128205128205,112,40,1,0.01
2657,200,-7931.0,38.825,39.655,166,52,1,0.01
2658,304,-12022.0,38.74342105263158,39.546052631578945,244,83,1,0.01
2659,291,-13100.0,44.103092783505154,45.017182130584196,266,77,1,0.01
2660,223,-8728.0,38.15695067264574,39.139013452914796,219,54,1,0.01
2661,241,-9265.0,37.551867219917014,38.44398340248963,215,59,1,0.01
2662,157,-8105.0,50.910828025477706,51.62420382165605,112,47,1,0.01
2663,139,-6190.0,43.75539568345324,44.53237410071942,108,38,1,0.01
2664,177,-6017.0,33.24858757062147,33.994350282485875,132,39,1,0.01
2665,223,-8266.0,36.139013452914796,37.06726457399103,207,53,1,0.01
2666,252,-10456.0,40.63492063492063,41.492063492063494,216,60,1,0.01
2667,127,-5032.0,38.724409448818896,39.62204724409449,114,29,1,0.01
2668,297,-11995.0,39.397306397306394,40.387205387205384,294,66,1,0.01
2669,231,-9668.0,41.03463203463203,41.85281385281385,189,50,1,0.01
2670,232,-8444.0,35.50431034482759,36.39655172413793,207,51,1,0.01
2671,207,-9306.0,44.08695652173913,44.95652173913044,180,47,1,0.01
2672,124,-4375.0,34.45967741935484,35.28225806451613,102,25,1,0.01
2673,130,-4855.0,36.63076923076923,37.34615384615385,93,34,1,0.01
2674,120,-5209.0,42.825,43.40833333333333,70,32,1,0.01
2675,182,-8156.0,44.0989010989011,44.81318681318681,130,53,1,0.01
2676,185,-8725.0,46.32972972972973,47.16216216216216,154,49,1,0.01
2677,94,-3564.0,37.5,37.91489361702128,39,28,1,0.01
2678,198,-9351.0,46.40909090909091,47.22727272727273,162,53,1,0.01
2679,140,-4517.0,31.47142857142857,32.26428571428571,111,31,1,0.01
2680,199,-8461.0,41.79899497487437,42.517587939698494,143,54,1,0.01
2681,202,-7382.0,35.81683168316832,36.54455445544554,147,56,1,0.01
2682,136,-5158.0,37.22794117647059,37.9264705882353,95,37,1,0.01
2683,139,-5775.0,40.89928057553957,41.54676258992806,90,39,1,0.01
2684,122,-5510.0,44.60655737704918,45.16393442622951,68,37,1,0.01
2685,137,-4475.0,32.02189781021898,32.66423357664234,88,39,1,0.01
2686,144,-5674.0,38.604166666666664,39.40277777777778,115,36,1,0.01
2687,197,-8217.0,40.878172588832484,41.71065989847716,164,51,1,0.01
2688,347,-15522.0,43.7463976945245,44.731988472622476,342,76,1,0.01
2689,298,-11941.0,39.03691275167785,40.07046979865772,308,58,1,0.01
2690,267,-11112.0,40.640449438202246,41.61797752808989,261,53,1,0.01
2691,213,-11288.0,52.11267605633803,52.99530516431925,188,49,1,0.01
2692,194,-7085.0,35.79896907216495,36.52061855670103,140,41,1,0.01
2693,349,-12416.0,34.64183381088825,35.57593123209169,326,81,1,0.01
2694,221,-8687.0,38.47963800904977,39.30769230769231,183,55,1,0.01
2695,202,-8661.0,42.06435643564357,42.87623762376238,164,53,1,0.01
2696,209,-12544.0,59.483253588516746,60.01913875598086,112,68,1,0.01
2697,236,-15279.0,64.26694915254237,64.74152542372882,112,77,1,0.01
2698,332,-14237.0,41.79819277108434,42.88253012048193,360,63,1,0.01
2699,161,-6498.0,39.56521739130435,40.36024844720497,128,42,1,0.01
2700,183,-8179.0,43.87431693989071,44.69398907103825,150,44,1,0.01
2701,208,-10245.0,48.40865384615385,49.25480769230769,176,47,1,0.01
2702,186,-6647.0,34.97849462365591,35.736559139784944,141,45,1,0.01
2703,140,-5481.0,38.378571428571426,39.15,108,33,1,0.01
2704,136,-6679.0,48.529411764705884,49.11029411764706,79,37,1,0.01
2705,227,-9168.0,39.519823788546255,40.38766519823788,197,50,1,0.01
2706,116,-4044.0,34.11206896551724,34.86206896551724,87,25,1,0.01
2707,117,-4071.0,34.17948717948718,34.794871794871796,72,27,1,0.01
2708,135,-5572.0,40.72592592592593,41.27407407407407,74,40,1,0.01
2709,178,-6476.0,35.6123595505618,36.38202247191011,137,23,1,0.01
2710,106,-3495.0,32.29245283018868,32.971698113207545,72,15,1,0.01
2711,122,-5176.0,41.83606557377049,42.42622950819672,72,22,1,0.01
2712,216,-7781.0,35.19444444444444,36.023148148148145,179,44,1,0.01
2713,147,-5563.0,37.17006802721088,37.843537414965986,99,33,1,0.01
2714,169,-5504.0,31.93491124260355,32.56804733727811,107,44,1,0.01
2715,151,-6802.0,44.324503311258276,45.04635761589404,109,41,1,0.01
2716,109,-3658.0,33.00917431192661,33.559633027522935,60,26,1,0.01
2717,133,-5310.0,39.21804511278196,39.92481203007519,94,29,1,0.01
2718,139,-5736.0,40.56115107913669,41.26618705035971,98,39,1,0.01
2719,154,-7142.0,45.6948051948052,46.37662337662338,105,44,1,0.01
2720,197,-7823.0,38.923857868020306,39.71065989847716,155,57,1,0.01
2721,166,-7740.0,45.87951807228916,46.626506024096386,124,52,1,0.01
2722,252,-10951.0,42.50396825396825,43.45634920634921,240,59,1,0.01
2723,246,-10361.0,41.21138211382114,42.11788617886179,223,63,1,0.01
2724,180,-7996.0,43.666666666666664,44.422222222222224,136,48,1,0.01
2725,133,-5881.0,43.390977443609025,44.21804511278196,110,34,1,0.01
2726,252,-10390.0,40.26587301587302,41.23015873015873,243,55,1,0.01
2727,209,-8526.0,39.90430622009569,40.79425837320574,186,48,1,0.01
2728,229,-9460.0,40.44541484716157,41.31004366812227,198,53,1,0.01
2729,168,-5871.0,34.017857142857146,34.94642857142857,156,37,1,0.01
2730,207,-8192.0,38.570048309178745,39.57487922705314,208,46,1,0.01
2731,320,-15752.0,48.278125,49.225,303,69,1,0.01
2732,134,-5022.0,36.75373134328358,37.47761194029851,97,35,1,0.01
2733,98,-3774.0,38.03061224489796,38.51020408163265,47,27,1,0.01
2734,202,-8441.0,40.94059405940594,41.78712871287129,171,46,1,0.01
2735,161,-4843.0,29.273291925465838,30.080745341614907,130,38,1,0.01
2736,130,-4888.0,36.86923076923077,37.6,95,34,1,0.01
2737,153,-5744.0,36.849673202614376,37.54248366013072,106,44,1,0.01
2738,239,-10621.0,43.58577405857741,44.43933054393305,204,60,1,0.01
2739,205,-10015.0,48.146341463414636,48.853658536585364,145,62,1,0.01
2740,163,-7586.0,45.79141104294479,46.5398773006135,122,46,1,0.01
2741,213,-6461.0,29.474178403755868,30.333333333333332,183,49,1,0.01
2742,170,-7624.0,43.917647058823526,44.84705882352941,158,36,1,0.01
2743,111,-3605.0,31.61261261261261,32.47747747747748,96,23,1,0.01
2744,226,-8854.0,38.30088495575221,39.176991150442475,198,51,1,0.01
2745,115,-5246.0,44.99130434782609,45.61739130434783,72,36,1,0.01
2746,262,-10316.0,38.63358778625954,39.37404580152672,194,65,1,0.01
2747,142,-6114.0,42.25352112676056,43.056338028169016,114,34,1,0.01
2748,97,-3619.0,36.77319587628866,37.30927835051546,52,32,1,0.01
2749,144,-5216.0,35.4375,36.22222222222222,113,39,1,0.01
2750,144,-5317.0,36.104166666666664,36.923611111111114,118,38,1,0.01
2751,112,-3929.0,34.49107142857143,35.080357142857146,66,24,1,0.01
2752,159,-5954.0,36.83018867924528,37.44654088050314,98,46,1,0.01
2753,168,-6735.0,39.351190476190474,40.089285714285715,124,41,1,0.01
2754,219,-8575.0,38.22374429223744,39.15525114155251,204,54,1,0.01
2755,170,-7466.0,43.21764705882353,43.917647058823526,119,52,1,0.01
2756,230,-9074.0,38.5,39.45217391304348,219,56,1,0.01
2757,121,-5243.0,42.59504132231405,43.33057851239669,89,38,1,0.01
2758,211,-8394.0,39.023696682464454,39.78199052132702,160,63,1,0.01
2759,159,-7319.0,45.257861635220124,46.0314465408805,123,48,1,0.01
2760,258,-10620.0,40.27131782945737,41.16279069767442,230,64,1,0.01
2761,143,-5419.0,37.06293706293706,37.89510489510489,119,35,1,0.01
2762,209,-10470.0,49.248803827751196,50.09569377990431,177,54,1,0.01
2763,178,-6600.0,36.31460674157304,37.07865168539326,136,51,1,0.01
2764,128,-4906.0,37.6484375,38.328125,87,35,1,0.01
2765,119,-5343.0,44.45378151260504,44.89915966386555,53,34,1,0.01
2766,148,-6157.0,40.74324324324324,41.601351351351354,127,41,1,0.01
2767,191,-8243.0,42.42931937172775,43.15706806282723,139,57,1,0.01
2768,228,-9017.0,38.574561403508774,39.54824561403509,222,50,1,0.01
2769,131,-6072.0,45.48854961832061,46.35114503816794,113,27,1,0.01
2770,283,-12222.0,42.26148409893993,43.187279151943464,262,70,1,0.01
2771,245,-9059.0,36.14693877551021,36.97551020408163,203,61,1,0.01
2772,407,-14766.0,35.21867321867322,36.28009828009828,432,92,1,0.01
2773,179,-7695.0,42.100558659217874,42.98882681564246,159,46,1,0.01
2774,229,-11001.0,47.275109170305676,48.03930131004367,175,58,1,0.01
2775,142,-5469.0,37.774647887323944,38.514084507042256,105,44,1,0.01
2776,191,-7563.0,38.86387434554974,39.596858638743456,140,52,1,0.01
2777,319,-14347.0,44.094043887147336,44.974921630094045,281,84,1,0.01
2778,165,-6830.0,40.63030303030303,41.39393939393939,126,51,1,0.01
2779,246,-11292.0,45.01219512195122,45.90243902439025,219,62,1,0.01
2780,500,-17214.0,33.334,34.428,547,98,0,0.01
2781,184,-6096.0,32.26086956521739,33.130434782608695,160,43,1,0.01
2782,145,-6024.0,40.765517241379314,41.5448275862069,113,37,1,0.01
2783,252,-9068.0,35.07936507936508,35.98412698412698,228,56,1,0.01
2784,429,-21585.0,49.43123543123543,50.31468531468531,379,100,1,0.01
2785,300,-11383.0,36.913333333333334,37.943333333333335,309,54,1,0.01
2786,176,-7618.0,42.28977272727273,43.28409090909091,175,38,1,0.01
2787,216,-7653.0,34.666666666666664,35.43055555555556,165,56,1,0.01
2788,195,-6727.0,33.58461538461538,34.4974358974359,178,34,1,0.01
2789,125,-6050.0,47.968,48.4,54,41,1,0.01
2790,129,-5674.0,43.23255813953488,43.98449612403101,97,33,1,0.01
2791,192,-7745.0,39.510416666666664,40.338541666666664,159,54,1,0.01
2792,251,-10754.0,42.06772908366534,42.844621513944226,195,62,1,0.01
2793,178,-8799.0,48.61797752808989,49.43258426966292,145,50,1,0.01
2794,245,-10163.0,40.72244897959184,41.481632653061226,186,66,1,0.01
2795,313,-14799.0,46.39297124600639,47.281150159744406,278,80,1,0.01
2796,194,-10935.0,55.58762886597938,56.365979381443296,151,52,1,0.01
2797,189,-6236.0,32.25925925925926,32.99470899470899,139,45,1,0.01
2798,147,-6110.0,40.72789115646258,41.564625850340136,123,37,1,0.01
2799,178,-9271.0,51.41011235955056,52.08426966292135,120,55,1,0.01
2800,419,-14733.0,34.198090692124104,35.16229116945107,404,86,1,0.01
2801,324,-12790.0,38.4320987654321,39.47530864197531,338,64,1,0.01
2802,133,-4822.0,35.48872180451128,36.255639097744364,102,31,1,0.01
2803,222,-8091.0,35.6036036036036,36.445945945945944,187,49,1,0.01
2804,233,-9979.0,41.802575107296136,42.82832618025751,239,44,1,0.01
2805,226,-8092.0,34.91150442477876,35.80530973451327,202,42,1,0.01
2806,387,-20283.0,51.315245478036175,52.41085271317829,424,70,1,0.01
2807,326,-13119.0,39.35889570552147,40.24233128834356,288,73,1,0.01
2808,160,-5970.0,36.675,37.3125,102,41,1,0.01
2809,271,-11967.0,43.154981549815496,44.15867158671587,272,47,1,0.01
2810,196,-8619.0,43.183673469387756,43.974489795918366,155,34,1,0.01
2811,289,-10894.0,36.799307958477506,37.69550173010381,259,57,1,0.01
2812,155,-6594.0,41.74193548387097,42.541935483870965,124,22,1,0.01
2813,227,-9194.0,39.52863436123348,40.502202643171806,221,44,1,0.01
2814,284,-13414.0,46.190140845070424,47.232394366197184,296,56,1,0.01
2815,410,-16735.0,39.93658536585366,40.81707317073171,361,74,1,0.01
2816,427,-17959.0,41.01873536299766,42.058548009367684,444,70,1,0.01
2817,227,-10027.0,43.202643171806166,44.17180616740088,220,46,1,0.01
2818,209,-9297.0,43.622009569377994,44.483253588516746,180,44,1,0.01
2819,265,-10475.0,38.49811320754717,39.528301886792455,273,56,1,0.01
2820,375,-11965.0,31.058666666666667,31.906666666666666,318,72,1,0.01
2821,248,-10893.0,42.92741935483871,43.92338709677419,247,53,1,0.01
2822,287,-12894.0,43.91637630662021,44.926829268292686,290,49,1,0.01
2823,141,-4489.0,31.01418439716312,31.836879432624112,116,27,1,0.01
2824,308,-15509.0,49.396103896103895,50.353896103896105,295,62,1,0.01
2825,163,-6582.0,39.50306748466258,40.38036809815951,143,36,1,0.01
2826,253,-10460.0,40.45454545454545,41.34387351778656,225,55,1,0.01
2827,153,-5701.0,36.60130718954248,37.26143790849673,101,42,1,0.01
2828,200,-8391.0,40.985,41.955,194,39,1,0.01
2829,237,-9337.0,38.565400843881854,39.39662447257384,197,49,1,0.01
2830,308,-11886.0,37.675324675324674,38.59090909090909,282,75,1,0.01
2831,357,-13601.0,37.08403361344538,38.09803921568628,362,75,1,0.01
2832,223,-8961.0,39.26008968609865,40.18385650224215,206,54,1,0.01
2833,114,-4753.0,40.90350877192982,41.69298245614035,90,28,1,0.01
2834,314,-12401.0,38.64331210191083,39.49363057324841,267,72,1,0.01
2835,226,-12473.0,54.2212389380531,55.190265486725664,219,51,1,0.01
2836,171,-6589.0,37.707602339181285,38.53216374269006,141,39,1,0.01
2837,124,-4261.0,33.685483870967744,34.36290322580645,84,32,1,0.01
2838,164,-6476.0,38.65243902439025,39.48780487804878,137,41,1,0.01
2839,119,-5515.0,45.80672268907563,46.34453781512605,64,30,1,0.01
2840,500,-18182.0,35.294,36.364,535,85,0,0.01
2841,220,-9806.0,43.71818181818182,44.57272727272727,188,51,1,0.01
2842,238,-10180.0,41.99159663865546,42.773109243697476,186,65,1,0.01
2843,309,-14734.0,46.728155339805824,47.68284789644013,295,69,1,0.01
2844,123,-5646.0,45.146341463414636,45.90243902439025,93,23,1,0.01
2845,186,-8065.0,42.70967741935484,43.36021505376344,121,44,1,0.01
2846,125,-4179.0,32.704,33.432,91,30,1,0.01
2847,207,-9715.0,46.06280193236715,46.932367149758456,180,45,1,0.01
2848,139,-5636.0,39.75539568345324,40.54676258992806,110,26,1,0.01
2849,238,-10643.0,43.924369747899156,44.71848739495798,189,44,1,0.01
2850,145,-4683.0,31.427586206896553,32.296551724137935,126,24,1,0.01
2851,168,-6131.0,35.69642857142857,36.49404761904762,134,30,1,0.01
2852,347,-12005.0,33.5878962536023,34.596541786743515,350,62,1,0.01
2853,136,-3967.0,28.227941176470587,29.169117647058822,128,28,1,0.01
2854,201,-8604.0,41.82089552238806,42.80597014925373,198,38,1,0.01
2855,364,-18595.0,50.04120879120879,51.08516483516483,380,65,1,0.01
2856,242,-12573.0,51.04132231404959,51.95454545454545,221,48,1,0.01
2857,500,-23029.0,45.02,46.058,519,108,0,0.01
2858,218,-9896.0,44.43577981651376,45.39449541284404,209,38,1,0.01
2859,283,-11608.0,40.01766784452297,41.01766784452297,283,59,1,0.01
2860,265,-9857.0,36.18867924528302,37.19622641509434,267,55,1,0.01
2861,357,-14492.0,39.596638655462186,40.593837535014,356,80,1,0.01
2862,500,-18524.0,36.038,37.048,505,98,0,0.01
2863,320,-10105.0,30.6,31.578125,313,73,1,0.01
2864,228,-9393.0,40.271929824561404,41.19736842105263,211,53,1,0.01
2865,166,-7556.0,44.602409638554214,45.51807228915663,152,32,1,0.01
2866,289,-10222.0,34.418685121107266,35.37024221453287,275,63,1,0.01
2867,500,-20618.0,40.212,41.236,512,97,0,0.01
2868,500,-15816.0,30.492,31.632,570,93,0,0.01
2869,500,-15029.0,28.982,30.058,538,99,0,0.01
2870,500,-15561.0,30.062,31.122,530,104,0,0.01
2871,266,-11388.0,41.80075187969925,42.81203007518797,269,53,1,0.01
2872,500,-19826.0,38.524,39.652,564,91,0,0.01
2873,112,-3084.0,26.883928571428573,27.535714285714285,73,30,1,0.01
2874,500,-21515.0,41.94,43.03,545,104,0,0.01
2875,500,-17493.0,33.868,34.986,559,104,0,0.01
2876,196,-6430.0,31.760204081632654,32.80612244897959,205,40,1,0.01
2877,500,-18332.0,35.538,36.664,563,97,0,0.01
2878,500,-13038.0,25.1,26.076,488,110,0,0.01
2879,500,-13508.0,25.96,27.016,528,107,0,0.01
2880,500,-16310.0,31.55,32.62,535,95,0,0.01
2881,258,-9880.0,37.3062015503876,38.29457364341085,255,57,1,0.01
2882,500,-14932.0,28.766,29.864,549,91,0,0.01
2883,500,-21366.0,41.606,42.732,563,92,0,0.01
2884,500,-17407.0,33.654,34.814,580,89,0,0.01
2885,500,-18089.0,35.054,36.178,562,87,0,0.01
2886,500,-21459.0,41.82,42.918,549,107,0,0.01
2887,500,-18249.0,35.374,36.498,562,92,0,0.01
2888,487,-15597.0,30.981519507186857,32.02669404517454,509,99,1,0.01
2889,410,-14720.0,34.91219512195122,35.90243902439025,406,96,1,0.01
2890,425,-15022.0,34.265882352941176,35.345882352941175,459,81,1,0.01
2891,500,-21111.0,41.084,42.222,569,87,0,0.01
2892,396,-16616.0,40.878787878787875,41.95959595959596,428,77,1,0.01
2893,317,-9665.0,29.526813880126184,30.48895899053628,305,58,1,0.01
2894,500,-19662.0,38.252,39.324,536,102,0,0.01
2895,500,-15992.0,30.842,31.984,571,91,0,0.01
2896,333,-14100.0,41.21921921921922,42.34234234234234,374,57,1,0.01
2897,500,-20681.0,40.332,41.362,515,106,0,0.01
2898,231,-10400.0,44.082251082251084,45.02164502164502,217,51,1,0.01
2899,206,-7103.0,33.616504854368934,34.480582524271846,178,46,1,0.01
2900,500,-18227.0,35.286,36.454,584,97,0,0.01
2901,474,-18757.0,38.51054852320675,39.57172995780591,503,98,1,0.01
2902,462,-23587.0,50.006493506493506,51.05411255411256,484,100,1,0.01
2903,294,-10964.0,36.2891156462585,37.29251700680272,295,59,1,0.01
2904,150,-5945.0,38.93333333333333,39.63333333333333,105,46,1,0.01
2905,356,-12751.0,34.853932584269664,35.81741573033708,343,84,1,0.01
2906,160,-6406.0,39.21875,40.0375,131,24,1,0.01
2907,500,-16125.0,31.21,32.25,520,102,0,0.01
2908,500,-19924.0,38.668,39.848,590,89,0,0.01
2909,254,-11569.0,44.688976377952756,45.54724409448819,218,59,1,0.01
2910,242,-10096.0,40.77685950413223,41.71900826446281,228,52,1,0.01
2911,173,-7222.0,41.028901734104046,41.74566473988439,124,43,1,0.01
2912,318,-12550.0,38.4811320754717,39.465408805031444,313,68,1,0.01
2913,211,-8146.0,37.78672985781991,38.60663507109005,173,56,1,0.01
2914,191,-8410.0,43.230366492146594,44.031413612565444,153,50,1,0.01
2915,299,-11958.0,39.09030100334448,39.9933110367893,270,64,1,0.01
2916,126,-5300.0,41.42857142857143,42.06349206349206,80,39,1,0.01
2917,118,-4107.0,33.983050847457626,34.80508474576271,97,27,1,0.01
2918,254,-10512.0,40.51968503937008,41.38582677165354,220,65,1,0.01
2919,162,-6621.0,40.25925925925926,40.870370370370374,99,45,1,0.01
2920,230,-9551.0,40.65652173913043,41.52608695652174,200,58,1,0.01
2921,157,-6803.0,42.394904458598724,43.3312101910828,147,36,1,0.01
2922,500,-21709.0,42.386,43.418,516,113,0,0.01
2923,243,-8915.0,35.90946502057613,36.68724279835391,189,63,1,0.01
2924,157,-6003.0,37.56687898089172,38.23566878980892,105,38,1,0.01
2925,500,-16878.0,32.58,33.756,588,92,0,0.01
2926,305,-10308.0,32.83606557377049,33.79672131147541,293,59,1,0.01
2927,500,-18566.0,36.052,37.132,540,101,0,0.01
2928,237,-9135.0,37.729957805907176,38.54430379746835,193,48,1,0.01
2929,500,-17532.0,34.076,35.064,494,101,0,0.01
2930,159,-6695.0,41.39622641509434,42.106918238993714,113,44,1,0.01
2931,365,-14591.0,39.010958904109586,39.97534246575343,352,86,1,0.01
2932,272,-10846.0,38.95955882352941,39.875,249,61,1,0.01
2933,500,-16472.0,31.894,32.944,525,104,0,0.01
2934,355,-12048.0,32.816901408450704,33.93802816901408,398,72,1,0.01
2935,443,-16177.0,35.45823927765237,36.51693002257336,469,93,1,0.01
2936,500,-19536.0,37.948,39.072,562,79,0,0.01
2937,257,-11106.0,42.326848249027236,43.21400778210117,228,60,1,0.01
2938,227,-7774.0,33.29955947136564,34.24669603524229,215,50,1,0.01
2939,500,-18094.0,35.122,36.188,533,102,0,0.01
2940,305,-10175.0,32.39672131147541,33.36065573770492,294,58,1,0.01
2941,212,-8387.0,38.551886792452834,39.56132075471698,214,34,1,0.01
2942,195,-7489.0,37.55384615384615,38.40512820512821,166,36,1,0.01
2943,427,-15814.0,35.91803278688525,37.03512880562061,477,74,1,0.01
2944,211,-9215.0,42.691943127962084,43.67298578199052,207,37,1,0.01
2945,271,-11867.0,42.84870848708487,43.789667896678964,255,58,1,0.01
2946,500,-17498.0,33.878,34.996,559,86,0,0.01
2947,330,-14336.0,42.378787878787875,43.442424242424245,351,73,1,0.01
2948,247,-9368.0,37.04858299595141,37.927125506072876,217,56,1,0.01
2949,326,-13385.0,40.02147239263804,41.058282208588956,338,71,1,0.01
2950,135,-4554.0,32.8962962962963,33.733333333333334,113,24,1,0.01
2951,176,-7385.0,41.11931818181818,41.96022727272727,148,44,1,0.01
2952,184,-7563.0,40.43478260869565,41.10326086956522,123,54,1,0.01
2953,199,-6172.0,30.14070351758794,31.015075376884422,174,41,1,0.01
2954,142,-5718.0,39.556338028169016,40.267605633802816,101,43,1,0.01
2955,137,-5831.0,41.839416058394164,42.56204379562044,99,39,1,0.01
2956,367,-13777.0,36.490463215258856,37.53950953678474,385,73,1,0.01
2957,440,-17609.0,39.07272727272727,40.02045454545455,417,89,1,0.01
2958,142,-4247.0,29.161971830985916,29.908450704225352,106,25,1,0.01
2959,383,-12481.0,31.613577023498696,32.58746736292428,373,84,1,0.01
2960,217,-7025.0,31.543778801843317,32.37327188940092,180,42,1,0.01
2961,157,-5119.0,31.929936305732483,32.605095541401276,106,40,1,0.01
2962,147,-4832.0,32.006802721088434,32.87074829931973,127,32,1,0.01
2963,450,-21806.0,47.406666666666666,48.45777777777778,473,93,1,0.01
2964,427,-19017.0,43.54332552693209,44.53629976580796,424,96,1,0.01
2965,209,-7744.0,36.20095693779904,37.05263157894737,178,54,1,0.01
2966,249,-10810.0,42.65461847389558,43.4136546184739,189,49,1,0.01
2967,170,-6122.0,35.28235294117647,36.01176470588236,124,34,1,0.01
2968,500,-20037.0,38.956,40.074,559,101,0,0.01
2969,306,-11884.0,37.89542483660131,38.83660130718954,288,68,1,0.01
2970,400,-13329.0,32.3575,33.3225,386,77,1,0.01
2971,149,-5164.0,33.80536912751678,34.65771812080537,127,36,1,0.01
2972,312,-12251.0,38.330128205128204,39.26602564102564,292,70,1,0.01
2973,143,-5015.0,34.27272727272727,35.06993006993007,114,34,1,0.01
2974,185,-7718.0,41.0,41.71891891891892,133,44,1,0.01
2975,144,-4945.0,33.423611111111114,34.34027777777778,132,27,1,0.01
2976,270,-9044.0,32.52962962962963,33.49629629629629,261,54,1,0.01
2977,364,-12243.0,32.604395604395606,33.63461538461539,375,75,1,0.01
2978,170,-6478.0,37.46470588235294,38.10588235294118,109,29,1,0.01
2979,153,-5245.0,33.37908496732026,34.28104575163399,138,32,1,0.01
2980,346,-14483.0,40.75433526011561,41.858381502890175,382,62,1,0.01
2981,500,-17871.0,34.658,35.742,542,102,0,0.01
2982,500,-20376.0,39.688,40.752,532,105,0,0.01
2983,176,-5819.0,32.16477272727273,33.0625,158,35,1,0.01
2984,500,-15584.0,30.024,31.168,572,92,0,0.01
2985,274,-9997.0,35.551094890510946,36.48540145985402,256,42,1,0.01
2986,199,-7718.0,37.74874371859296,38.78391959798995,206,40,1,0.01
2987,500,-13992.0,26.904,27.984,540,88,0,0.01
2988,192,-7004.0,35.5,36.479166666666664,188,36,1,0.01
2989,212,-8803.0,40.5,41.52358490566038,217,44,1,0.01
2990,354,-16431.0,45.378531073446325,46.41525423728814,367,66,1,0.01
2991,164,-5912.0,35.21951219512195,36.048780487804876,136,40,1,0.01
2992,500,-15801.0,30.458,31.602,572,87,0,0.01
2993,415,-20082.0,47.23373493975904,48.390361445783135,480,75,1,0.01
2994,382,-12490.0,31.73560209424084,32.696335078534034,367,89,1,0.01
2995,500,-21957.0,42.75,43.914,582,88,0,0.01
2996,490,-23747.0,47.36530612244898,48.46326530612245,538,100,1,0.01
2997,195,-6355.0,31.594871794871796,32.58974358974359,194,34,1,0.01
2998,500,-20082.0,39.054,40.164,555,89,0,0.01
2999,500,-14395.0,27.69,28.79,550,80,0,0.01
3000,500,-20374.0,39.624,40.748,562,75,0,0.01
