episode,steps,cumulative_reward,average_queue_length,average_waiting_time,total_throughput,phase_switches,overflow_count,epsilon
1,120,-109.5428326092452,60.025,60.21666666666667,23,54,1,1.0
2,160,-112.1005635173583,68.3625,68.7,54,65,1,0.995
3,129,-109.05586862075461,63.72868217054263,63.96124031007752,30,57,1,0.990025
4,128,-116.06331777018852,70.7265625,70.9921875,34,55,1,0.985074875
5,145,-118.0670423449055,59.63448275862069,59.88275862068966,36,63,1,0.9801495006250001
6,144,-129.07076691962249,71.22916666666667,71.49305555555556,38,63,1,0.9752487531218751
7,160,-118.08194064377336,73.6875,73.9625,44,69,1,0.9703725093562657
8,165,-111.08194064377338,75.63030303030303,75.89696969696969,44,72,1,0.9655206468094844
9,186,-118.10801266679218,78.24731182795699,78.55913978494624,58,79,1,0.960693043575437
10,119,-92.07449149433947,53.21008403361345,53.54621848739496,40,49,1,0.9558895783575597
11,162,-97.10056351735825,64.03703703703704,64.37037037037037,54,66,1,0.9511101304657719
12,131,-89.08194064377344,53.229007633587784,53.56488549618321,44,54,1,0.946354579813443
13,131,-85.08938979320736,60.61832061068702,60.98473282442748,48,52,1,0.9416228069143757
14,150,-130.07449149433947,66.94,67.20666666666666,40,64,1,0.9369146928798039
15,157,-100.07821606905642,63.27388535031847,63.54140127388535,42,68,1,0.9322301194154049
16,138,-113.07821606905645,61.76086956521739,62.06521739130435,42,57,1,0.9275689688183278
17,175,-125.09683894264131,75.74857142857142,76.04571428571428,52,73,1,0.9229311239742362
18,153,-114.07821606905645,68.2875816993464,68.56209150326798,42,65,1,0.918316468354365
19,126,-95.09311436792434,64.26984126984127,64.66666666666667,50,50,1,0.9137248860125932
20,102,-80.55773090811313,49.90196078431372,50.205882352941174,31,43,1,0.9091562615825302
21,125,-124.03724574716972,68.032,68.192,20,58,1,0.9046104802746175
22,148,-109.09311436792434,66.51351351351352,66.85135135135135,50,61,1,0.9000874278732445
23,129,-108.05214404603761,67.81395348837209,68.03100775193798,28,58,1,0.8955869907338783
24,100,-99.53538345981124,54.02,54.21,19,45,1,0.8911090557802088
25,129,-101.57262920698103,54.64341085271318,54.945736434108525,39,55,1,0.8866535105013078
26,168,-97.62104867830166,66.20833333333333,66.5952380952381,65,66,1,0.8822202429488013
27,154,-116.0856652184904,67.0909090909091,67.3896103896104,46,65,1,0.8778091417340573
28,111,-103.05214404603764,54.693693693693696,54.945945945945944,28,49,1,0.8734200960253871
29,120,-96.06331777018855,60.71666666666667,61.0,34,52,1,0.8690529955452602
30,133,-95.07449149433948,57.78195488721804,58.08270676691729,40,56,1,0.8647077305675338
31,142,-77.61359952886768,58.54929577464789,58.978873239436616,61,54,1,0.8603841919146962
32,126,-88.08194064377348,56.507936507936506,56.857142857142854,44,52,1,0.8560822709551227
33,158,-98.11173724150923,66.70886075949367,67.0886075949367,60,64,1,0.851801859600347
34,126,-101.07449149433945,65.5,65.81746031746032,40,53,1,0.8475428503023453
35,132,-90.59497665528282,55.22727272727273,55.61363636363637,51,53,1,0.8433051360508336
36,138,-98.10428809207524,70.32608695652173,70.73188405797102,56,55,1,0.8390886103705794
37,139,-68.62104867830162,57.56115107913669,58.02877697841727,65,50,1,0.8348931673187264
38,138,-82.5912520805659,54.7463768115942,55.10144927536232,49,55,1,0.8307187014821328
39,160,-81.13780926452804,61.99375,62.45625,74,61,1,0.8265651079747222
40,157,-77.62477325301867,56.75796178343949,57.18471337579618,67,60,1,0.8224322824348486
41,142,-123.0670423449055,70.04929577464789,70.30281690140845,36,62,1,0.8183201210226743
42,200,-75.67319272433939,61.04,61.505,93,75,1,0.8142285204175609
43,143,-88.12663554037714,58.0979020979021,58.57342657342657,68,53,1,0.810157377815473
44,158,-98.13780926452802,70.98101265822785,71.4493670886076,74,61,1,0.8061065909263957
45,144,-60.14153383924509,53.958333333333336,54.486111111111114,76,53,1,0.8020760579717637
46,157,-70.60987495415074,54.23566878980892,54.611464968152866,59,62,1,0.798065677681905
47,213,-81.21230075886757,74.53521126760563,75.07042253521126,114,78,1,0.7940753492934954
48,122,-100.5875275058489,57.040983606557376,57.42622950819672,47,48,1,0.7901049725470279
49,154,-68.16015671282996,58.18181818181818,58.74025974025974,86,54,1,0.7861544476842928
50,229,-64.72906134509394,67.51091703056768,68.04803493449782,123,82,1,0.7822236754458713
51,176,-79.16760586226391,61.68181818181818,62.19318181818182,90,66,1,0.778312557068642
52,167,-82.15643213811292,66.16167664670658,66.66467065868264,84,62,1,0.7744209942832988
53,162,-91.15270756339599,64.19753086419753,64.70370370370371,82,59,1,0.7705488893118823
54,161,-89.61359952886765,67.00621118012423,67.38509316770187,61,65,1,0.7666961448653229
55,144,-109.60242580471679,66.63194444444444,67.01388888888889,55,57,1,0.7628626641409962
56,102,-79.56145548283008,47.568627450980394,47.8921568627451,33,43,1,0.7590483508202912
57,135,-91.59870122999979,60.2,60.592592592592595,53,54,1,0.7552531090661897
58,113,-73.09683894264128,50.68141592920354,51.14159292035398,52,40,1,0.7514768435208588
59,162,-76.15643213811292,59.41358024691358,59.9320987654321,84,57,1,0.7477194593032545
60,146,-80.61359952886765,59.636986301369866,60.054794520547944,61,56,1,0.7439808620067382
61,157,-98.63967155188651,67.27388535031847,67.7515923566879,75,59,1,0.7402609576967045
62,173,-57.68064187377332,47.59537572254335,48.15606936416185,97,60,1,0.736559652908221
63,177,-77.66946814962236,61.68926553672316,62.20338983050848,91,64,1,0.7328768546436799
64,143,-48.12663554037719,42.47552447552447,42.95104895104895,68,52,1,0.7292124703704616
65,136,-94.11546181622616,66.05882352941177,66.51470588235294,62,52,1,0.7255664080186093
66,149,-75.13408468981109,60.90604026845637,61.38926174496644,72,54,1,0.7219385759785162
67,139,-37.145258413962075,45.12230215827338,45.68345323741007,78,46,1,0.7183288830986236
68,144,-49.64712070132056,51.826388888888886,52.375,79,51,1,0.7147372386831305
69,152,-77.12291096566013,62.23684210526316,62.671052631578945,66,58,1,0.7111635524897149
70,176,-19.21974990830158,44.71022727272727,45.38068181818182,118,56,1,0.7076077347272662
71,162,-61.16388128754695,57.95061728395062,58.49382716049383,88,59,1,0.7040696960536299
72,168,-77.15643213811299,63.970238095238095,64.4702380952381,84,61,1,0.7005493475733617
73,159,-79.13780926452806,61.735849056603776,62.20125786163522,74,60,1,0.697046600835495
74,179,-51.201127034716706,53.8268156424581,54.43016759776536,108,61,1,0.6935613678313175
75,165,-40.673192724339394,49.266666666666666,49.83030303030303,93,59,1,0.6900935609921609
76,209,-68.74023506924479,71.73205741626795,72.34928229665071,129,72,1,0.6866430931872001
77,141,-49.17505501169787,54.269503546099294,54.93617021276596,94,47,1,0.6832098777212641
78,170,-36.6880910232073,58.33529411764706,58.92941176470588,101,58,1,0.6797938283326578
79,192,-37.710438471509136,47.723958333333336,48.3125,113,67,1,0.6763948591909945
80,224,-72.74768421867888,71.28125,71.875,133,78,1,0.6730128848950395
81,218,-23.743959643961897,50.88073394495413,51.481651376146786,131,76,1,0.6696478204705644
82,198,-83.18995331056577,71.97474747474747,72.48989898989899,102,74,1,0.6662995813682115
83,191,-92.66946814962232,71.27225130890052,71.74869109947645,91,72,1,0.6629680834613705
84,135,-64.64339612660358,53.41481481481482,53.98518518518519,77,47,1,0.6596532430440636
85,149,-66.6731927243394,58.84563758389262,59.46979865771812,93,51,1,0.6563549768288433
86,188,-51.20857618415067,61.93617021276596,62.53191489361702,112,65,1,0.653073201944699
87,164,-57.67319272433939,55.701219512195124,56.26829268292683,93,58,1,0.6498078359349755
88,141,-75.14525841396197,66.47517730496453,67.02836879432624,78,50,1,0.6465587967553006
89,175,-67.16760586226381,62.325714285714284,62.84,90,63,1,0.6433260027715241
90,184,-48.70671389679217,54.70652173913044,55.30978260869565,111,62,1,0.6401093727576664
91,138,-44.17505501169788,52.19565217391305,52.8768115942029,94,44,1,0.6369088258938781
92,177,-91.1899533105657,69.62711864406779,70.20338983050847,102,62,1,0.6337242817644086
93,151,-44.18995331056579,52.682119205298015,53.35761589403973,102,50,1,0.6305556603555866
94,231,-47.268169379622286,68.08225108225108,68.7056277056277,144,76,1,0.6274028820538087
95,125,-33.13036011509416,39.632,40.192,70,41,1,0.6242658676435396
96,206,-34.75140879339588,61.237864077669904,61.89320388349515,135,66,1,0.6211445383053219
97,124,-47.624773253018695,41.225806451612904,41.766129032258064,67,45,1,0.6180388156137953
98,201,-58.71788762094308,68.90547263681592,69.48756218905473,117,71,1,0.6149486215357263
99,228,-55.26072023018825,77.23684210526316,77.85087719298245,140,77,1,0.6118738784280476
100,171,-79.65084527603749,58.409356725146196,58.88304093567251,81,61,1,0.6088145090359074
101,161,-55.204851609433675,58.1055900621118,58.7888198757764,110,52,1,0.6057704364907278
102,158,-43.18995331056575,53.265822784810126,53.91139240506329,102,50,1,0.6027415843082742
103,131,-36.66946814962238,43.267175572519086,43.961832061068705,91,41,1,0.5997278763867329
104,168,-38.714163046226126,53.107142857142854,53.791666666666664,115,52,1,0.5967292370047992
105,235,-29.305415126791992,57.48510638297872,58.182978723404254,164,71,1,0.5937455908197752
106,196,-75.22347448301853,70.55102040816327,71.16326530612245,120,65,1,0.5907768628656763
107,220,-17.79982826471653,57.195454545454545,57.92727272727273,161,65,1,0.5878229785513479
108,188,-43.20485160943367,56.962765957446805,57.547872340425535,110,65,1,0.5848838636585911
109,176,-58.673192724339394,59.67045454545455,60.19886363636363,93,65,1,0.5819594443402982
110,162,-34.70298932207518,45.01234567901235,45.68518518518518,109,52,1,0.5790496471185967
111,181,-41.20857618415064,52.767955801104975,53.386740331491715,112,58,1,0.5761543988830038
112,189,-55.2346482071695,62.36507936507937,63.03174603174603,126,62,1,0.5732736268885887
113,207,-30.75513336811283,55.966183574879224,56.628019323671495,137,67,1,0.5704072587541458
114,192,-72.69181559792425,63.552083333333336,64.08854166666667,103,69,1,0.567555222460375
115,190,-9.77003166698075,51.07368421052632,51.83684210526316,145,57,1,0.5647174463480732
116,130,-68.64339612660358,59.823076923076925,60.41538461538462,77,42,1,0.5618938591163328
117,182,-15.736510494527968,47.62637362637363,48.324175824175825,127,55,1,0.5590843898207511
118,241,-23.833349437169268,55.18257261410788,55.9253112033195,179,70,1,0.5562889678716474
119,163,-73.6582944254714,65.20858895705521,65.73006134969326,85,57,1,0.5535075230322891
120,170,-31.230923632452516,56.3235294117647,57.05294117647059,124,53,1,0.5507399854171277
121,288,8.582847631698735,67.61805555555556,68.39583333333333,224,86,1,0.547986285490042
122,299,58.515805286793174,46.00334448160535,46.87290969899666,260,81,1,0.5452463540625918
123,215,-17.29051682792411,53.77209302325581,54.49767441860465,156,66,1,0.5425201222922789
124,298,-12.420876943018241,70.94295302013423,71.70134228187919,226,85,1,0.5398075216808175
125,228,-16.799828264716545,58.48684210526316,59.19298245614035,161,70,1,0.5371084840724134
126,161,-20.725336770377055,46.33540372670807,47.08695652173913,121,48,1,0.5344229416520513
127,225,-25.814726563584493,62.63111111111111,63.382222222222225,169,70,1,0.531750826943791
128,157,-29.710438471509114,45.267515923566876,45.98726114649681,113,49,1,0.5290920728090721
129,116,-37.61359952886777,39.96551724137931,40.491379310344826,61,39,1,0.5264466124450268
130,318,16.02511672358566,69.23899371069183,70.04088050314465,255,94,1,0.5238143793828016
131,182,-7.294241402641031,50.604395604395606,51.472527472527474,158,49,1,0.5211953074858876
132,207,-45.78120539113161,50.64251207729468,51.371980676328505,151,63,1,0.5185893309484582
133,318,45.98414640169889,51.40880503144654,52.27987421383648,277,86,1,0.5159963842937159
134,210,-12.294241402641012,46.82380952380952,47.576190476190476,158,64,1,0.5134164023722473
135,201,-18.253271080754267,45.15422885572139,45.830845771144276,136,62,1,0.510849320360386
136,170,-36.204851609433646,39.029411764705884,39.6764705882353,110,48,1,0.5082950737585841
137,171,-70.66946814962236,54.538011695906434,55.07017543859649,91,58,1,0.5057535983897912
138,242,6.642440827170384,55.85950413223141,56.65289256198347,192,70,1,0.5032248303978422
139,212,-36.2458219313204,53.68396226415094,54.306603773584904,132,66,1,0.500708706245853
140,189,-10.773756241697702,50.301587301587304,51.07936507936508,147,53,1,0.4982051627146237
141,140,-19.684366448490305,43.07142857142857,43.77857142857143,99,37,1,0.49571413690105054
142,254,0.1294048156609282,62.73622047244095,63.51968503937008,199,75,1,0.4932355662165453
143,249,3.1554768386798475,48.91566265060241,49.65863453815261,185,66,1,0.4907693883854626
144,229,8.166650562830696,49.572052401746724,50.353711790393014,179,65,1,0.4883155414435353
145,138,-37.66201900018845,43.2536231884058,43.88405797101449,87,41,1,0.4858739637363176
146,297,45.50090698792533,58.64309764309764,59.54545454545455,268,76,1,0.483444593917636
147,297,4.04746417188746,73.0942760942761,73.91245791245791,243,81,1,0.4810273709480478
148,285,32.56422475811387,43.22105263157895,44.04210526315789,234,79,1,0.47862223409330756
149,135,-35.17133043698089,43.148148148148145,43.82962962962963,92,35,1,0.47622912292284103
150,207,-23.777480816414702,56.04830917874396,56.768115942028984,149,64,1,0.4738479773082268
151,209,-0.32403800037688235,60.282296650717704,61.11483253588517,174,55,1,0.47147873742168567
152,224,-24.814726563584443,60.232142857142854,60.986607142857146,169,68,1,0.46912134373457726
153,159,-27.21974990830153,40.867924528301884,41.61006289308176,118,48,1,0.46677573701590436
154,278,12.09215906849123,42.65827338129496,43.44604316546763,219,70,1,0.46444185833082485
155,208,-39.24209735660342,57.80288461538461,58.42788461538461,130,56,1,0.46211964903917074
156,272,47.54187730981203,47.1985294117647,48.10294117647059,246,71,1,0.4598090507939749
157,213,1.1666505628307782,42.262910798122064,43.10328638497653,179,55,1,0.457510005540005
158,248,23.575398482264816,52.568548387096776,53.48790322580645,228,63,1,0.45522245551230495
159,257,27.579123056981835,57.96887159533074,58.84824902723735,226,67,1,0.4529463432347434
160,288,15.582847631698762,61.888888888888886,62.666666666666664,224,79,1,0.4506816115185697
161,282,37.56050018339689,53.734042553191486,54.5709219858156,236,73,1,0.4484282034609769
162,247,13.623817953585567,47.64777327935223,48.465587044534416,202,68,1,0.446186062443672
163,166,-18.253271080754317,46.05421686746988,46.873493975903614,136,43,1,0.4439551321314536
164,209,-14.286792253207098,52.63636363636363,53.3732057416268,154,61,1,0.4417353564707963
165,291,49.98787097641586,49.52233676975945,50.46735395189003,275,75,1,0.43952667968844233
166,233,13.608919654717642,50.957081545064376,51.858369098712444,210,55,1,0.43732904629000013
167,340,37.44503836717064,62.09411764705882,62.970588235294116,298,90,1,0.4351424010585501
168,162,-5.2569956554713215,50.27160493827161,51.123456790123456,138,42,1,0.43296668905325736
169,170,-20.773756241697747,58.81764705882353,59.68235294117647,147,43,1,0.43080185560799106
170,288,49.0288412983026,55.34027777777778,56.21875,253,72,1,0.4286478463299511
171,108,-35.134084689811125,39.148148148148145,39.81481481481482,72,33,1,0.42650460709830135
172,187,8.174099712264685,51.25668449197861,52.19251336898396,175,45,1,0.42437208406280985
173,102,-42.60615037943381,37.85294117647059,38.411764705882355,57,32,1,0.4222502236424958
174,156,-18.70298932207519,47.37179487179487,48.07051282051282,109,42,1,0.42013897252428334
175,302,33.01394299943467,50.264900662251655,51.129139072847686,261,80,1,0.4180382776616619
176,273,52.043739597170564,49.91941391941392,50.81684981684982,245,72,1,0.4159480862733536
177,238,4.66106370075531,43.785714285714285,44.55042016806723,182,62,1,0.41386834584198684
178,159,-3.2495465060373645,47.79245283018868,48.63522012578616,134,43,1,0.4117990041127769
179,244,34.08470991905728,42.42213114754098,43.33606557377049,223,58,1,0.40974000909221303
180,214,17.162925988113766,42.018691588785046,42.86448598130841,181,52,1,0.40769130904675194
181,170,-16.736510494527977,51.95882352941177,52.705882352941174,127,49,1,0.40565285250151817
182,285,16.069811620189434,56.04912280701755,56.85964912280702,231,78,1,0.4036245882390106
183,189,-6.2681693796222415,46.354497354497354,47.116402116402114,144,53,1,0.4016064652978155
184,326,79.92082863151059,42.00613496932515,42.9601226993865,311,77,1,0.3995984329713264
185,167,7.25976493075513,33.32934131736527,34.10179640718563,129,41,1,0.3976004408064698
186,391,101.77557021754888,50.46035805626598,51.45524296675192,389,88,1,0.39561243860243744
187,301,40.48600868905744,61.86046511627907,62.777408637873755,276,71,1,0.3936343764094253
188,144,-12.22719905773552,45.798611111111114,46.645833333333336,122,39,1,0.39166620452737816
189,239,11.107057367359147,56.05020920502092,56.93305439330544,211,59,1,0.3897078735047413
190,233,15.12940481566098,54.742489270386265,55.59656652360515,199,60,1,0.3877593341372176
191,247,14.121955666227038,47.82995951417004,48.65182186234818,203,60,1,0.3858205374665315
192,301,52.46738581547252,63.667774086378735,64.61794019933555,286,71,1,0.38389143477919885
193,110,-23.6508452760375,34.0,34.736363636363635,81,27,1,0.3819719776053028
194,211,21.65733912603828,44.62559241706161,45.497630331753555,184,52,1,0.3800621177172763
195,184,14.705758597358999,40.52717391304348,41.38586956521739,158,45,1,0.37816180712868996
196,203,-15.766307092263714,44.83251231527094,45.53694581280788,143,53,1,0.37627099809304654
197,140,-36.69181559792426,48.95,49.68571428571428,103,37,1,0.3743896431025813
198,314,35.486008689057435,55.38535031847134,56.26433121019108,276,76,1,0.37251769488706843
199,157,-20.725336770377027,48.031847133757964,48.802547770700635,121,42,1,0.3706551064126331
200,226,25.140578539811926,47.49557522123894,48.349557522123895,193,54,1,0.36880183088056995
201,419,134.2215638841525,56.95226730310262,57.949880668257755,418,87,1,0.3669578217261671
202,364,91.34447484981258,58.917582417582416,59.88461538461539,352,88,1,0.36512303261753626
203,358,82.33330112566166,55.659217877094974,56.659217877094974,358,81,1,0.3632974174544486
204,244,45.57167390754786,43.614754098360656,44.557377049180324,230,58,1,0.3614809303671764
205,500,145.574443182832,60.262,61.256,497,117,0,0.3596735257153405
206,209,25.16292598811377,38.19138755980861,39.057416267942585,181,49,1,0.3578751580867638
207,240,19.129404815660997,50.69583333333333,51.525,199,60,1,0.35608578229633
208,324,31.441313792453748,67.14197530864197,68.0679012345679,300,76,1,0.3543053533848483
209,250,34.08098534434024,54.94,55.84,225,55,1,0.35253382661792404
210,440,169.63031180358607,49.07727272727273,50.138636363636365,467,86,1,0.3507711574848344
211,128,-38.17133043698085,43.6953125,44.4140625,92,30,1,0.34901730169741024
212,500,146.6563838266054,51.518,52.424,453,112,0,0.3472722151889232
213,288,25.028841298302602,61.09375,61.97222222222222,253,75,1,0.3455358541129786
214,310,53.999044700566806,50.145161290322584,51.012903225806454,269,69,1,0.3438081748424137
215,150,-15.725336770377037,49.11333333333334,49.92,121,41,1,0.3420891339682016
216,194,22.222519183585355,39.355670103092784,40.123711340206185,149,50,1,0.3403786882983606
217,152,-13.212300758867611,40.88815789473684,41.63815789473684,114,35,1,0.3386767948568688
218,428,118.20666558528472,53.58411214953271,54.57943925233645,426,97,1,0.33698341088258443
219,227,14.65733912603834,39.98237885462555,40.79295154185022,184,59,1,0.3352984938281715
220,350,112.78674394169943,64.44571428571429,65.54,383,75,1,0.33362200135903064
221,165,-15.740235069244873,40.406060606060606,41.18787878787879,129,36,1,0.33195389135223546
222,490,177.0614071713221,49.16326530612245,50.19183673469388,504,110,1,0.3302941218954743
223,168,4.731830620377792,43.45238095238095,44.30952380952381,144,43,1,0.32864265128599696
224,500,143.0800300449072,56.616,57.604,494,115,0,0.326999438029567
225,148,-11.721612195660006,39.13513513513514,39.939189189189186,119,32,1,0.3253644408394192
226,353,73.3779960222652,50.26912181303116,51.21529745042493,334,79,1,0.3237376186352221
227,324,94.35937314868045,48.416666666666664,49.47839506172839,344,64,1,0.322118930542046
228,314,68.40406804528409,53.26433121019108,54.28343949044586,320,71,1,0.32050833588933575
229,239,33.12195566622704,39.79916317991632,40.64853556485355,203,55,1,0.31890579420988907
230,219,3.6685128501892557,41.20091324200913,42.013698630136986,178,52,1,0.3173112652388396
231,243,16.616368804151605,48.609053497942384,49.45679012345679,206,60,1,0.3157247089126454
232,106,-36.134084689811104,32.4811320754717,33.160377358490564,72,26,1,0.3141460853680822
233,116,-9.669468149622375,36.14655172413793,36.93103448275862,91,24,1,0.3125753549412418
234,394,113.77929479226573,44.63451776649746,45.61675126903553,387,88,1,0.31101247816653554
235,362,94.85378628660516,45.892265193370164,46.850828729281766,347,78,1,0.30945741577570285
236,461,187.59306605641666,45.29934924078091,46.35574837310195,487,91,1,0.3079101286968243
237,500,226.4664305160388,40.496,41.606,555,97,0,0.3063705780533402
238,208,7.192722585849545,44.52403846153846,45.31730769230769,165,54,1,0.30483872516307353
239,217,18.14430311452889,46.903225806451616,47.78341013824885,191,52,1,0.3033145315372582
240,252,39.06981162018936,51.07142857142857,51.98809523809524,231,60,1,0.3017979588795719
241,448,149.6489346771714,46.122767857142854,47.142857142857146,457,104,1,0.30028896908517405
242,424,147.17314441283168,49.375,50.42216981132076,444,86,1,0.2987875242397482
243,355,109.32212740151083,50.02535211267605,51.05070422535211,364,72,1,0.29729358661854943
244,249,71.02139214886869,46.265060240963855,47.29718875502008,257,50,1,0.29580711868545667
245,500,190.99808940113326,51.786,52.862,538,98,0,0.2943280830920294
246,500,257.9124241826427,49.462,50.63,584,93,0,0.29285644267656924
247,497,191.47015509075638,58.37826961770624,59.49094567404426,553,101,1,0.2913921604631864
248,293,53.98414640169886,45.522184300341294,46.467576791808874,277,64,1,0.28993519966087045
249,299,70.43014006830278,61.87290969899666,62.896321070234116,306,68,1,0.2884855236625661
250,450,155.66383297603912,44.23555555555556,45.233333333333334,449,91,1,0.28704309604425327
251,346,121.82398968886928,45.75722543352601,46.80635838150289,363,73,1,0.285607880564032
252,437,149.20666558528447,51.78260869565217,52.75743707093822,426,95,1,0.28417984116121187
253,274,37.04746417188751,56.37956204379562,57.26642335766423,243,66,1,0.2827589419554058
254,225,31.136853965094886,41.55555555555556,42.422222222222224,195,52,1,0.28134514724562876
255,216,-7.312864276225872,40.523148148148145,41.300925925925924,168,56,1,0.2799384215094006
256,500,215.53719743566157,43.978,45.012,517,107,0,0.27853872940185365
257,490,188.03161057358628,46.63673469387755,47.69795918367347,520,104,1,0.27714603575484437
258,340,114.83888798773727,39.332352941176474,40.37647058823529,355,70,1,0.2757603055760701
259,269,51.06236247075543,44.99628252788104,45.86988847583643,235,59,1,0.2743815040481898
260,203,7.672237424906239,43.36945812807882,44.23645320197044,176,49,1,0.2730095965279488
261,142,-12.706713896792085,32.45070422535211,33.232394366197184,111,30,1,0.27164454854530906
262,500,221.02043684943547,33.374,34.426,526,95,0,0.2702863258025825
263,272,19.590296781132686,35.205882352941174,36.01470588235294,220,68,1,0.2689348941735696
264,321,56.49345783849142,40.074766355140184,40.92211838006231,272,72,1,0.26759021970270175
265,274,69.02511672358574,31.996350364963504,32.92700729927007,255,51,1,0.2662522686041882
266,500,194.54092201037878,42.37,43.4,515,112,0,0.2649210072611673
267,500,239.92359790679376,51.274,52.43,578,86,0,0.26359640222486147
268,495,175.08375461962416,51.66262626262626,52.656565656565654,492,96,1,0.26227842021373715
269,280,64.9990447005668,42.75,43.71071428571429,269,59,1,0.2609670281126685
270,319,82.95807437868022,32.175548589341695,33.087774294670844,291,60,1,0.25966219297210513
271,248,55.57167390754786,27.70967741935484,28.637096774193548,230,54,1,0.2583638820072446
272,299,79.95434980396317,51.02341137123746,52.00334448160535,293,59,1,0.2570720625972084
273,138,-16.22719905773545,39.130434782608695,40.01449275362319,122,30,1,0.25578670228422234
274,390,151.71970159679384,36.08461538461538,37.15897435897436,419,70,1,0.25450776877280124
275,500,218.02416142415217,46.806,47.854,524,91,0,0.2532352299289372
276,215,27.657339126038277,37.325581395348834,38.181395348837206,184,46,1,0.2519690537792925
277,386,124.77184564283183,44.02590673575129,45.038860103626945,391,72,1,0.2507092085103961
278,183,10.716932321509905,38.80874316939891,39.63934426229508,152,41,1,0.2494556624678441
279,152,-35.688091023207264,42.91447368421053,43.578947368421055,101,32,1,0.24820838415550486
280,268,69.01021842471778,45.93283582089552,46.91417910447761,263,45,1,0.24696734223472733
281,356,137.8053668152844,37.31460674157304,38.3623595505618,373,66,1,0.2457325055235537
282,500,200.02788599886938,49.126,50.17,522,90,0,0.24450384299593592
283,158,-12.729061345093953,38.81645569620253,39.59493670886076,123,30,1,0.24328132378095624
284,285,81.94690065452923,42.550877192982455,43.59298245614035,297,46,1,0.24206491716205145
285,186,34.14430311452888,38.18817204301075,39.215053763440864,191,33,1,0.2408545925762412
286,331,106.89103203377478,40.00906344410876,40.996978851963746,327,56,1,0.23965031961336
287,245,23.1368539650949,32.559183673469384,33.35510204081633,195,54,1,0.2384520680152932
288,232,39.60519508000061,33.46120689655172,34.375,212,46,1,0.23725980767521673
289,455,147.1656952633979,42.69230769230769,43.676923076923075,448,96,1,0.23607350863684065
290,500,194.54464658509588,49.39,50.416,513,85,0,0.23489314109365644
291,500,216.03533514830312,34.054,35.09,518,87,0,0.23371867538818816
292,500,220.46270594132204,40.65,41.764,557,99,0,0.23255008201124722
293,245,65.54560188452898,33.26122448979592,34.25714285714286,244,49,1,0.231387331601191
294,240,52.05863789603841,34.354166666666664,35.34166666666667,237,43,1,0.23023039494318503
295,139,-12.160156712829913,30.0431654676259,30.66187050359712,86,24,1,0.2290792429684691
296,165,17.192722585849566,41.60606060606061,42.60606060606061,165,31,1,0.22793384675362674
297,200,47.6387162524534,38.17,39.14,194,39,1,0.22679417751985861
298,500,184.08375461962396,39.95,40.934,492,97,0,0.22566020663225933
299,163,11.259764930755138,30.2760736196319,31.067484662576685,129,27,1,0.22453190559909803
300,494,198.00553855056748,47.2246963562753,48.30566801619433,534,84,1,0.22340924607110255
301,204,21.11078194207611,52.63725490196079,53.661764705882355,209,36,1,0.22229219984074702
302,368,82.85751086132213,43.76358695652174,44.70108695652174,345,75,1,0.2211807388415433
303,230,52.07726076962325,46.10434782608696,47.09130434782609,227,41,1,0.22007483514733558
304,395,130.73087532094493,43.45822784810127,44.50379746835443,413,76,1,0.2189744609715989
305,136,-2.6992647473581375,31.5,32.286764705882355,107,24,1,0.2178795886667409
306,259,58.01394299943475,47.76447876447877,48.77220077220077,261,49,1,0.2167901907234072
307,432,168.12472494151072,41.011574074074076,42.09953703703704,470,83,1,0.21570623976979014
308,419,150.26253420603913,32.443914081145586,33.389021479713605,396,78,1,0.21462770857094118
309,199,31.159201413396765,32.84924623115578,33.768844221105525,183,38,1,0.21355457002808648
310,351,105.87985830962384,35.04558404558404,35.99430199430199,333,68,1,0.21248679717794605
311,207,42.653614551321304,28.758454106280194,29.657004830917874,186,39,1,0.21142436319205632
312,500,235.48877796434093,41.012,42.098,543,93,0,0.21036724137609603
313,166,21.72438147094385,36.13253012048193,37.024096385542165,148,33,1,0.20931540516921554
314,500,221.53347286094444,26.394,27.432,519,91,0,0.20826882814336947
315,181,10.19644716056655,41.9171270718232,42.81767955801105,163,35,1,0.20722748400265262
316,457,164.1545215392465,34.27352297592998,35.266958424507656,454,82,1,0.20619134658263935
317,500,234.45898136660506,43.908,45.026,559,88,0,0.20516038984972615
318,500,232.9720173781145,42.658,43.762,552,88,0,0.2041345879004775
319,204,17.148027689245872,40.872549019607845,41.799019607843135,189,44,1,0.2031139149609751
320,249,76.04001502245364,37.36144578313253,38.35341365461847,247,41,1,0.20209834538617025
321,276,87.4934578384915,41.22463768115942,42.210144927536234,272,51,1,0.2010878536592394
322,500,209.9980894011334,38.214,39.29,538,82,0,0.2000824143909432
323,497,215.47760424019006,45.201207243460765,46.30583501006036,549,86,1,0.19908200231898848
324,320,83.9245532062275,39.203125,40.16875,309,60,1,0.19808659230739353
325,291,87.9506252292463,42.48453608247423,43.49828178694158,295,52,1,0.19709615934585656
326,393,128.20666558528475,55.468193384223916,56.55216284987277,426,68,1,0.19611067854912728
327,210,39.597745930566695,47.76190476190476,48.79047619047619,216,38,1,0.19513012515638165
328,320,105.3854451716994,37.8625,38.89375,330,56,1,0.19415447453059972
329,366,143.28115707962405,41.377049180327866,42.431693989071036,386,62,1,0.19318370215794672
330,500,199.5707186081143,38.386,39.384,499,94,0,0.192217783647157
331,308,94.37799602226546,38.36363636363637,39.44805194805195,334,52,1,0.1912566947289212
332,235,53.06608704547239,40.88936170212766,41.88085106382979,233,35,1,0.1903004112552766
333,500,234.00553855056725,35.438,36.506,534,85,0,0.18934890919900021
334,500,201.00181397585018,37.716,38.788,536,89,0,0.18840216465300522
335,500,189.99436482641647,43.708,44.788,540,87,0,0.18746015382974018
336,500,223.9645682286805,40.512,41.624,556,82,0,0.1865228530605915
337,500,214.50740083792564,28.14,29.206,533,83,0,0.18559023879528855
338,500,242.96829280339747,31.256,32.364,554,80,0,0.1846622876013121
339,121,-0.17877958641477598,25.90082644628099,26.694214876033058,96,21,1,0.18373897616330553
340,395,137.70480329792608,36.96962025316456,38.050632911392405,427,59,1,0.182820281282489
341,500,229.97946652754817,34.27,35.366,548,89,0,0.18190617987607657
342,500,249.45153221717112,37.264,38.39,563,82,0,0.18099664897669618
343,500,215.94966992981253,37.486,38.614,564,79,0,0.1800916657318127
344,500,260.41428647000123,36.056,37.222,583,81,0,0.17919120740315364
345,500,255.9273224815106,34.924,36.076,576,78,0,0.17829525136613786
346,500,228.44780764245408,38.602,39.732,565,85,0,0.17740377510930716
347,500,242.97574195283133,31.066,32.166,550,77,0,0.17651675623376062
348,289,83.95434980396328,36.674740484429066,37.688581314878896,293,47,1,0.1756341724525918
349,500,238.96084365396345,35.082,36.198,558,88,0,0.17475600159032884
350,500,243.48505338962377,29.622,30.712,545,80,0,0.17388222158237718
351,500,215.4887779643408,33.262,34.348,543,86,0,0.1730128104744653
352,500,256.92359790679365,33.156,34.312,578,77,0,0.17214774642209296
353,364,132.26998335547333,41.04945054945055,42.12637362637363,392,61,1,0.1712870076899825
354,237,64.54560188452906,31.72151898734177,32.75105485232068,244,45,1,0.17043057265153258
355,500,246.4850533896237,24.512,25.602,545,87,0,0.16957841978827493
356,500,247.99064025169938,26.46,27.544,542,76,0,0.16873052768933355
357,106,-24.14153383924505,27.669811320754718,28.38679245283019,76,20,1,0.1678868750508869
358,275,89.4636612407557,36.694545454545455,37.74181818181818,288,44,1,0.16704744067563246
359,500,233.49995168849188,33.564,34.638,537,84,0,0.1662122034722543
360,357,134.78674394169968,43.0812324929972,44.15406162464986,383,60,1,0.16538114245489302
361,300,70.46366124075577,36.99333333333333,37.95333333333333,288,55,1,0.16455423674261854
362,500,185.05023344717117,41.352,42.372,510,87,0,0.16373146555890544
363,334,116.82771426358643,35.68263473053892,36.76347305389221,361,53,1,0.16291280823111093
364,500,221.01671227471815,29.726,30.782,528,92,0,0.16209824418995536
365,500,220.5111254126427,32.574,33.636,531,85,0,0.16128775296900558
366,500,204.49995168849193,38.658,39.732,537,82,0,0.16048131420416054
367,220,50.073536194906325,33.31363636363636,34.35454545454545,229,38,1,0.15967890763313974
368,500,243.47760424018995,27.516,28.614,549,82,0,0.15888051309497406
369,352,133.29233080377495,27.786931818181817,28.866477272727273,380,53,1,0.1580861105294992
370,500,192.5558203092465,34.962,35.976,507,80,0,0.1572956799768517
371,500,224.98319110226552,35.712,36.804,546,78,0,0.15650920157696743
372,500,241.95711907924635,36.352,37.472,560,85,0,0.1557266555690826
373,500,222.96456822868052,34.842,35.954,556,84,0,0.1549480222912372
374,500,263.89380130905806,29.61,30.798,594,76,0,0.15417328217978102
375,500,230.94594535509555,39.442,40.574,566,84,0,0.1534024157688821
376,500,213.96829280339753,41.83,42.938,554,86,0,0.1526354036900377
377,500,225.50367626320894,46.598,47.668,535,84,0,0.1518722266715875
378,500,250.9161487573597,37.944,39.108,582,77,0,0.15111286553822956
379,500,216.47387966547308,38.296,39.398,551,82,0,0.15035730121053842
380,500,228.9906402516992,34.576,35.66,542,77,0,0.14960551470448571
381,500,257.9571190792465,28.196,29.316,560,80,0,0.14885748713096328
382,458,201.0167122747183,38.353711790393014,39.506550218340614,528,75,1,0.14811319969530845
383,500,221.52974828622757,28.364,29.406,521,79,0,0.1473726336968319
384,500,239.94966992981244,31.78,32.908,564,83,0,0.14663577052834775
385,500,230.99064025169935,32.626,33.71,542,80,0,0.14590259167570602
386,392,143.70480329792593,36.70663265306123,37.795918367346935,427,70,1,0.1451730787173275
387,500,263.3993881711331,33.21,34.392,591,71,0,0.14444721332374086
388,268,73.4822841143406,35.4365671641791,36.473880597014926,278,46,1,0.14372497725712216
389,500,241.44780764245397,38.572,39.702,565,84,0,0.14300635237083656
390,493,214.5148499873599,37.14198782961461,38.21501014198783,529,83,1,0.14229132060898236
391,500,239.48505338962377,33.858,34.948,545,84,0,0.14157986400593744
392,498,214.02043684943504,35.377510040160644,36.433734939759034,526,81,1,0.14087196468590776
393,500,223.481328814907,41.24,42.334,547,79,0,0.14016760486247823
394,500,243.95339450452948,25.354,26.478,562,76,0,0.13946676683816583
395,500,216.53719743566174,27.008,28.042,517,77,0,0.138769433003975
396,500,242.93849620566164,38.774,39.914,570,78,0,0.13807558583895513
397,500,249.89380130905792,36.666,37.854,594,79,0,0.13738520790976036
398,500,223.03161057358605,28.778,29.818,520,83,0,0.13669828187021155
399,209,53.59402135584969,35.78947368421053,36.83253588516747,218,35,1,0.13601479046086049
400,211,30.62754252830247,29.421800947867297,30.369668246445496,200,34,1,0.1353347165085562
401,500,245.98691567698222,24.936,26.024,544,82,0,0.1346580429260134
402,125,-10.1750550116978,27.448,28.2,94,21,1,0.13398475271138335
403,500,212.00181397585033,38.43,39.502,536,80,0,0.13331482894782642
404,127,-10.684366448490309,43.267716535433074,44.04724409448819,99,24,1,0.13264825480308728
405,474,203.03533514830306,36.01898734177215,37.11181434599156,518,82,1,0.13198501352907185
406,500,260.4068373205674,47.114,48.288,587,74,0,0.1313250884614265
407,210,44.623817953585494,31.747619047619047,32.70952380952381,202,33,1,0.13066846301911936
408,500,247.44408306773695,27.168,28.302,567,70,0,0.13001512070402377
409,500,258.39938817113324,36.388,37.57,591,74,0,0.12936504510050365
410,500,239.45898136660506,36.114,37.232,559,76,0,0.12871821987500112
411,500,235.44780764245394,33.896,35.026,565,78,0,0.12807462877562611
412,394,149.1731444128316,46.27157360406091,47.398477157360404,444,62,1,0.12743425563174798
413,500,200.05023344717114,33.164,34.184,510,78,0,0.12679708435358925
414,357,130.79791766585038,31.050420168067227,32.10644257703081,377,56,1,0.1261630989318213
415,500,249.38448987226528,34.972,36.17,599,78,0,0.1255322834371622
416,500,278.86772928603926,32.5,33.716,608,73,0,0.12490462201997637
417,222,42.649889976604335,38.18468468468468,39.031531531531535,188,39,1,0.1242800989098765
418,500,245.47387966547285,23.21,24.312,551,76,0,0.12365869841532712
419,500,228.51484998735955,29.174,30.232,529,77,0,0.12304040492325048
420,487,232.444083067737,35.45790554414784,36.62217659137577,567,79,1,0.12242520289863423
421,500,250.91242418264275,34.328,35.496,584,72,0,0.12181307688414106
422,500,190.55582030924654,25.558,26.572,507,80,0,0.12120401149972035
423,500,228.97574195283133,30.146,31.246,550,76,0,0.12059799144222175
424,256,79.97297267754807,39.98046875,41.0859375,283,43,1,0.11999500148501063
425,330,114.87985830962398,32.88484848484848,33.89393939393939,333,47,1,0.11939502647758558
426,429,163.18804271169932,27.205128205128204,28.221445221445222,436,71,1,0.11879805134519765
427,500,247.45898136660495,31.816,32.934,559,76,0,0.11820406108847166
428,500,241.02043684943524,28.208,29.26,526,78,0,0.1176130407830293
429,158,16.23369290773631,28.189873417721518,29.09493670886076,143,25,1,0.11702497557911415
430,500,238.9422207803785,36.208,37.344,568,81,0,0.11643985070121858
431,500,249.96456822868055,26.376,27.488,556,76,0,0.11585765144771248
432,500,251.94222078037853,30.968,32.104,568,75,0,0.11527836319047392
433,500,253.44035849302017,33.152,34.29,569,72,0,0.11470197137452155
434,500,245.48877796434084,26.724,27.81,543,74,0,0.11412846151764894
435,500,247.9682928033973,28.376,29.484,554,72,0,0.1135578192100607
436,500,249.432909343586,33.984,35.13,573,77,0,0.11299003011401039
437,337,124.32585197622791,37.62908011869436,38.70326409495549,362,57,1,0.11242507996344034
438,500,247.46643051603888,31.388,32.498,555,84,0,0.11186295456362313
439,294,106.42641549358609,28.25170068027211,29.299319727891156,308,47,1,0.11130363979080501
440,500,210.9906402516993,28.83,29.914,542,76,0,0.11074712159185099
441,500,262.92732248151066,28.5,29.652,576,75,0,0.11019338598389174
442,500,247.40311274585008,32.176,33.354,589,72,0,0.10964241905397228
443,500,242.436633918303,34.854,35.996,571,74,0,0.10909420695870241
444,415,178.15079696452952,31.096385542168676,32.195180722891564,456,61,1,0.1085487359239089
445,500,255.4552567918879,30.842,31.964,561,73,0,0.10800599224428936
446,500,253.93104705622753,27.23,28.378,574,67,0,0.10746596228306791
447,239,61.55677560867991,30.430962343096233,31.426778242677823,238,39,1,0.10692863247165257
448,500,210.0278859988692,25.14,26.184,522,79,0,0.1063939893092943
449,500,273.3658669986809,32.146,33.364,609,68,0,0.10586201936274783
450,500,247.93477163094454,34.082,35.226,572,82,0,0.10533270926593409
451,500,267.42173561943537,27.952,29.11,579,73,0,0.10480604571960442
452,500,268.90125045849214,28.458,29.638,590,69,0,0.1042820154910064
453,339,118.31467825207689,37.61356932153392,38.69911504424779,368,54,1,0.10376060541355137
454,500,253.3956635964162,35.332,36.518,593,75,0,0.1032418023864836
455,500,240.47760424018963,25.466,26.564,549,71,0,0.10272559337455119
456,333,105.40406804528425,34.948948948948946,35.909909909909906,320,44,1,0.10221196540767843
457,500,239.9869156769823,23.67,24.758,544,80,0,0.10170090558064004
458,500,252.4440830677369,32.792,33.926,567,78,0,0.10119240105273684
459,500,247.9012504584918,35.152,36.332,590,72,0,0.10068643904747315
460,500,240.44780764245402,33.606,34.736,565,73,0,0.10018300685223579
461,500,279.8677292860395,27.062,28.278,608,67,0,0.0996820918179746
462,500,290.35469327452984,36.558,37.788,615,73,0,0.09918368135888474
463,500,263.9012504584918,30.28,31.46,590,70,0,0.09868776295209031
464,500,258.92359790679353,28.898,30.054,578,77,0,0.09819432413732986
465,500,247.94222078037848,26.71,27.846,568,72,0,0.09770335251664321
466,500,230.96829280339745,35.482,36.59,554,74,0,0.09721483575406
467,319,115.37799602226553,26.830721003134798,27.877742946708462,334,46,1,0.09672876157528969
468,500,258.96456822868055,26.88,27.992,556,71,0,0.09624511776741324
469,500,254.93104705622767,31.672,32.82,574,72,0,0.09576389217857617
470,324,130.33330112566176,34.8179012345679,35.92283950617284,358,49,1,0.09528507271768329
471,500,251.9310470562276,34.91,36.058,574,70,0,0.09480864735409487
472,500,253.91614875735974,32.286,33.45,582,81,0,0.0943346041173244
473,447,180.12100036679377,30.02013422818792,31.07606263982103,472,66,1,0.09386293109673778
474,500,264.9124241826429,33.088,34.256,584,73,0,0.09339361644125409
475,500,264.8826275849073,35.638,36.838,600,70,0,0.09292664835904782
476,500,240.4552567918878,25.678,26.8,561,75,0,0.09246201511725258
477,267,89.9915955511331,27.84269662921348,28.865168539325843,273,41,1,0.09199970504166631
478,500,253.43663391830307,29.628,30.77,571,70,0,0.09153970651645797
479,400,169.18804271169924,31.1075,32.1975,436,58,1,0.09108200798387568
480,500,281.9049750332092,25.64,26.816,588,69,0,0.0906265979439563
481,500,253.95711907924638,27.98,29.1,560,75,0,0.09017346495423652
482,500,230.02043684943501,24.152,25.204,526,76,0,0.08972259762946533
483,500,249.42546019415215,24.57,25.724,577,74,0,0.089273984641318
484,253,77.52325443622729,31.877470355731226,32.88932806324111,256,41,1,0.0888276147181114
485,500,248.47387966547288,22.574,23.676,551,73,0,0.08838347664452084
486,500,257.44408306773704,23.758,24.892,567,77,0,0.08794155926129824
487,288,95.41896634415214,34.579861111111114,35.66319444444444,312,42,1,0.08750185146499175
488,500,248.45898136660503,30.396,31.514,559,70,0,0.08706434220766679
489,500,267.44035849302014,23.426,24.564,569,69,0,0.08662902049662846
490,500,251.8863521596237,26.038,27.234,598,74,0,0.08619587539414532
491,500,248.95711907924638,21.606,22.726,560,76,0,0.08576489601717459
492,487,210.48505338962386,28.53593429158111,29.655030800821354,545,73,1,0.08533607153708872
493,389,141.25508505660548,29.645244215938302,30.673521850899743,400,56,1,0.08490939117940327
494,500,283.8528309871715,29.81,31.042,616,66,0,0.08448484422350626
495,500,254.92359790679356,24.728,25.884,578,73,0,0.08406242000238873
496,500,247.9422207803784,25.342,26.478,568,69,0,0.08364210790237678
497,500,248.99436482641636,21.08,22.16,540,72,0,0.0832238973628649
498,500,270.38448987226553,33.356,34.554,599,82,0,0.08280777787605056
499,500,257.436633918303,25.626,26.768,571,71,0,0.08239373898667031
500,500,249.41428647000134,32.846,34.012,583,72,0,0.08198177029173696
501,439,195.58189233226574,35.09111617312073,36.21412300683371,493,57,1,0.08157186144027828
502,500,260.45153221717106,22.9,24.026,563,71,0,0.0811640021330769
503,500,267.8677292860391,30.542,31.758,608,74,0,0.08075818212241151
504,500,261.92732248151066,23.342,24.494,576,74,0,0.08035439121179945
505,500,249.9049750332088,33.658,34.834,588,74,0,0.07995261925574046
506,500,263.4403584930202,25.356,26.494,569,72,0,0.07955285615946175
507,500,262.93477163094457,28.048,29.192,572,64,0,0.07915509187866444
508,500,258.41428647000123,26.25,27.416,583,69,0,0.07875931641927113
509,500,249.42546019415204,29.816,30.97,577,79,0,0.07836551983717477
510,446,178.64521010245403,24.63677130044843,25.66591928251121,459,70,1,0.07797369223798889
511,364,131.29605537849196,23.27747252747253,24.315934065934066,378,54,1,0.07758382377679894
512,500,266.9310470562279,25.314,26.462,574,69,0,0.07719590465791494
513,500,248.5111254126427,21.518,22.58,531,68,0,0.07680992513462537
514,500,260.93477163094445,24.756,25.9,572,66,0,0.07642587550895225
515,500,234.47387966547296,23.406,24.508,551,69,0,0.07604374613140748
516,500,262.92359790679376,27.836,28.992,578,67,0,0.07566352740075044
517,500,268.40311274585036,28.602,29.78,589,66,0,0.07528520976374668
518,500,277.3770407228316,26.406,27.612,603,71,0,0.07490878371492794
519,500,238.93849620566166,29.398,30.538,570,65,0,0.0745342397963533
520,500,256.97574195283136,21.04,22.14,550,64,0,0.07416156859737154
521,500,264.9682928033974,26.992,28.1,554,67,0,0.07379076075438468
522,500,265.9049750332091,23.3,24.476,588,68,0,0.07342180695061275
523,500,289.8640047113228,33.432,34.652,610,73,0,0.07305469791585968
524,500,267.919873332077,22.686,23.846,580,67,0,0.07268942442628039
525,500,245.49622711377486,27.644,28.722,539,72,0,0.07232597730414898
526,500,260.93104705622767,21.858,23.006,574,67,0,0.07196434741762824
527,500,239.00553855056725,20.892,21.96,534,66,0,0.0716045256805401
528,500,268.4329093435864,24.452,25.598,573,72,0,0.0712465030521374
529,500,259.47387966547285,24.278,25.38,551,73,0,0.0708902705368767
530,500,279.8789030101903,31.172,32.376,602,70,0,0.07053581918419231
531,500,258.43290934358606,22.148,23.294,573,66,0,0.07018314008827135
532,500,229.46643051603888,27.594,28.704,555,70,0,0.06983222438783
533,500,227.4999516884917,26.12,27.194,537,74,0,0.06948306326589085
534,500,246.9310470562274,26.742,27.89,574,70,0,0.0691356479495614
535,500,280.3733161481148,31.532,32.742,605,69,0,0.06878996970981359
536,500,237.9794665275483,27.802,28.898,548,74,0,0.06844601986126451
537,251,66.58657220641575,22.49402390438247,23.378486055776893,222,37,1,0.06810378976195819
538,500,270.8491064124542,28.796,30.032,618,65,0,0.0677632708131484
539,500,234.4813288149067,23.99,25.084,547,71,0,0.06742445445908266
540,500,270.9235979067939,24.34,25.496,578,69,0,0.06708733218678724
541,500,263.3993881711335,26.05,27.232,591,72,0,0.0667518955258533
542,500,248.97574195283124,24.414,25.514,550,67,0,0.06641813604822402
543,500,282.8714538607563,26.642,27.854,606,67,0,0.0660860453679829
544,274,84.49718241320863,22.733576642335766,23.71897810218978,270,36,1,0.06575561514114299
545,500,255.94222078037848,25.304,26.44,568,71,0,0.06542683706543727
546,500,218.08003004490675,19.228,20.216,494,71,0,0.06509970288011008
547,500,285.3695915733978,28.276,29.49,607,64,0,0.06477420436570952
548,500,260.91987333207686,29.052,30.212,580,66,0,0.06445033334388098
549,500,249.9533945045294,24.836,25.96,562,67,0,0.06412808167716157
550,500,259.4291847688693,31.606,32.756,575,68,0,0.06380744126877576
551,500,238.49250253905774,25.61,26.692,541,72,0,0.06348840406243188
552,500,247.46270594132187,24.26,25.374,557,69,0,0.06317096204211972
553,178,33.67596199962316,25.640449438202246,26.617977528089888,174,25,1,0.06285510723190912
554,500,247.93104705622756,22.998,24.146,574,69,0,0.06254083169574957
555,500,255.44035849302009,23.902,25.04,569,72,0,0.062228127537270826
556,500,260.45153221717106,23.544,24.67,563,72,0,0.06191698689958447
557,500,234.9422207803786,31.036,32.172,568,64,0,0.061607401965086545
558,500,250.4180110447182,33.026,34.188,581,69,0,0.06129936495526111
559,147,22.256040356038135,23.829931972789115,24.72108843537415,131,20,1,0.0609928681304848
560,500,255.42173561943503,25.248,26.406,579,67,0,0.060687903789832374
561,500,252.447807642454,25.01,26.14,565,62,0,0.06038446427088321
562,500,245.91614875735968,25.386,26.55,582,68,0,0.06008254194952879
563,500,221.9980894011332,24.646,25.722,538,71,0,0.05978212923978115
564,500,272.38076529754886,28.586,29.788,601,62,0,0.05948321859358224
565,500,226.02043684943501,22.546,23.598,526,71,0,0.05918580250061433
566,500,269.4142864700015,23.012,24.178,583,71,0,0.058889873488111255
567,500,273.8900767343411,27.676,28.868,596,65,0,0.058595424120670696
568,500,264.46270594132216,23.426,24.54,557,71,0,0.05830244700006734
569,500,258.9347716309446,20.68,21.824,572,68,0,0.058010934765067
570,500,271.9161487573599,22.938,24.102,582,64,0,0.05772088009124167
571,500,251.44035849302009,20.568,21.706,569,67,0,0.05743227569078546
572,500,259.86028013660524,25.206,26.43,612,63,0,0.05714511431233153
573,500,241.97946652754825,25.862,26.958,548,68,0,0.05685938874076987
574,500,268.36959157339805,22.746,23.96,607,66,0,0.056575091797066025
575,500,256.4180110447181,24.808,25.97,581,66,0,0.056292216338080694
576,500,229.96456822868043,32.736,33.848,556,68,0,0.05601075525639029
577,500,254.4366339183031,24.862,26.004,571,71,0,0.05573070148010834
578,110,3.8174958388682363,29.563636363636363,30.454545454545453,98,16,1,0.0554520479727078
579,500,243.44780764245382,23.514,24.644,565,70,0,0.05517478773284426
580,500,283.82675896415293,26.546,27.806,630,65,0,0.05489891379418004
581,173,46.15920141339677,30.820809248554912,31.878612716763005,183,24,1,0.05462441922520914
582,111,-3.673192724339331,32.03603603603604,32.873873873873876,93,15,1,0.0543512971290831
583,500,252.95339450452943,20.098,21.222,562,73,0,0.05407954064343768
584,500,243.4478076424541,21.592,22.722,565,71,0,0.05380914294022049
585,500,257.93477163094445,25.624,26.768,572,69,0,0.05354009722551939
586,500,244.9533945045293,21.996,23.12,562,71,0,0.05327239673939179
587,500,246.5036762632087,21.046,22.116,535,65,0,0.053006034755694834
588,500,259.9310470562277,25.938,27.086,574,70,0,0.052741004581916356
589,335,132.32585197622785,27.87462686567164,28.955223880597014,362,45,1,0.052477299559006776
590,500,269.3844898722656,27.342,28.54,599,69,0,0.052214913061211746
591,500,236.95711907924655,28.466,29.586,560,65,0,0.05195383849590569
592,500,232.9645682286805,28.128,29.24,556,72,0,0.05169406930342616
593,500,235.95711907924655,22.838,23.958,560,73,0,0.05143559895690903
594,500,242.43290934358598,26.884,28.03,573,68,0,0.051178420962124486
595,128,18.259764930755136,29.625,30.6328125,129,18,1,0.05092252885731386
596,500,239.9906402516992,20.696,21.78,542,67,0,0.05066791621302729
597,500,256.444083067737,24.782,25.916,567,67,0,0.05041457663196215
598,500,266.41056189528445,23.656,24.826,585,65,0,0.050162503748802344
599,500,233.9757419528313,30.564,31.664,550,70,0,0.049911691230058335
600,500,256.8826275849067,26.486,27.686,600,67,0,0.04966213277390804
601,500,249.4850533896237,22.426,23.516,545,69,0,0.0494138221100385
602,500,249.48877796434067,21.416,22.502,543,74,0,0.04916675299948831
603,200,46.12940481566098,23.305,24.3,199,30,1,0.04892091923449087
604,500,260.90125045849163,22.622,23.802,590,67,0,0.04867631463831842
605,500,268.3807652975488,24.264,25.466,601,68,0,0.048432933065126825
606,500,291.8155852400016,27.162,28.434,636,66,0,0.048190768399801194
607,500,265.8863521596239,25.18,26.376,598,63,0,0.04794981455780219
608,500,272.89752588377524,23.414,24.598,592,68,0,0.04771006548501318
609,500,261.44780764245405,24.66,25.79,565,71,0,0.047471515157588115
610,500,264.44408306773715,23.088,24.222,567,74,0,0.047234157581800176
611,500,258.93849620566164,26.712,27.852,570,68,0,0.046997986793891174
612,500,229.03533514830323,22.37,23.406,518,72,0,0.04676299685992172
613,500,268.39193902169984,25.642,26.832,595,64,0,0.04652918187562211
614,500,259.3844898722653,26.644,27.842,599,66,0,0.046296535966244
615,500,269.39193902169944,28.45,29.64,595,70,0,0.046065053286412784
616,500,264.88635215962415,33.054,34.25,598,72,0,0.04583472801998072
617,500,267.86028013660507,29.228,30.452,612,67,0,0.045605554379880814
618,500,271.94222078037876,25.588,26.724,568,62,0,0.04537752660798141
619,500,285.85283098717133,22.008,23.24,616,64,0,0.0451506389749415
620,500,289.3472441250962,28.654,29.892,619,71,0,0.044924885780066794
621,500,254.40311274585005,23.696,24.874,589,67,0,0.04470026135116646
622,500,224.99064025169935,32.566,33.65,542,66,0,0.04447676004441063
623,500,259.47760424018986,18.738,19.836,549,70,0,0.04425437624418858
624,500,262.4366339183032,24.092,25.234,571,70,0,0.04403310436296763
625,500,285.3472441250962,28.85,30.088,619,66,0,0.043812938841152796
626,500,276.8938013090583,22.656,23.844,594,68,0,0.04359387414694703
627,500,270.41801104471847,31.44,32.602,581,67,0,0.043375904776212296
628,500,253.444083067737,26.45,27.584,567,69,0,0.043159025252331236
629,500,269.3993881711335,28.396,29.578,591,69,0,0.04294323012606958
630,500,267.4031127458504,25.192,26.37,589,66,0,0.04272851397543923
631,500,248.95711907924644,21.432,22.552,560,64,0,0.04251487140556204
632,500,242.46643051603883,24.562,25.672,555,65,0,0.04230229704853423
633,500,239.45898136660492,23.876,24.994,559,70,0,0.04209078556329156
634,500,234.45898136660506,23.598,24.716,559,65,0,0.0418803316354751
635,500,251.92732248151063,22.068,23.22,576,67,0,0.041670929977297724
636,500,280.8677292860394,27.706,28.922,608,63,0,0.04146257532741124
637,500,242.47015509075598,25.706,26.812,553,62,0,0.04125526245077418
638,500,270.4254601941526,29.846,31.0,577,61,0,0.04104898613852031
639,500,253.45153221717095,25.382,26.508,563,67,0,0.04084374120782771
640,500,290.36214242396403,27.926,29.148,611,63,0,0.04063952250178857
641,500,267.40311274585076,24.64,25.818,589,71,0,0.04043632488927963
642,500,245.95339450452943,20.558,21.682,562,67,0,0.04023414326483323
643,498,186.5669940333975,23.3574297188755,24.363453815261042,501,68,1,0.040032972548509065
644,500,265.93104705622784,26.744,27.892,574,61,0,0.03983280768576652
645,500,265.9422207803787,24.49,25.626,568,67,0,0.03963364364733769
646,500,266.93104705622784,23.554,24.702,574,68,0,0.039435475429100995
647,500,272.44408306773727,20.25,21.384,567,66,0,0.03923829805195549
648,500,255.9422207803786,27.822,28.958,568,68,0,0.03904210656169572
649,500,239.98691567698236,22.23,23.318,544,68,0,0.03884689602888724
650,500,285.35469327453,24.09,25.32,615,67,0,0.0386526615487428
651,500,251.9682928033974,21.644,22.752,554,64,0,0.03845939824099909
652,500,282.39193902169995,28.128,29.318,595,62,0,0.03826710124979409
653,500,268.4217356194354,24.166,25.324,579,70,0,0.038075765743545126
654,200,49.12568024094398,28.25,29.255,201,25,1,0.0378853869148274
655,500,252.9496699298125,24.62,25.748,564,68,0,0.03769595998025326
656,500,232.5148499873595,22.932,23.99,529,69,0,0.03750748018035199
657,208,55.60891965471758,22.245192307692307,23.254807692307693,210,29,1,0.037319942779450235
658,500,265.3844898722653,25.694,26.892,599,68,0,0.037133343065552986
659,500,247.96084365396337,20.038,21.154,558,64,0,0.03694767635022522
660,436,181.64521010245417,21.454128440366972,22.506880733944953,459,61,1,0.036762937968474095
661,500,240.4478076424541,22.846,23.976,565,70,0,0.03657912327863173
662,500,266.9533945045296,22.774,23.898,562,67,0,0.036396227662238566
663,500,251.39566359641617,23.374,24.56,593,68,0,0.03621424652392737
664,457,195.07258089547278,23.2363238512035,24.326039387308533,498,61,1,0.036033175291307735
665,500,269.901250458492,23.264,24.444,590,68,0,0.03585300941485119
666,500,266.42546019415244,18.76,19.914,577,64,0,0.035673744367776934
667,500,252.96829280339736,19.158,20.266,554,70,0,0.03549537564593805
668,397,197.09492834377477,27.1360201511335,28.360201511335013,486,51,1,0.035317898767708356
669,500,262.9384962056615,26.316,27.456,570,62,0,0.03514130927386981
670,500,249.95339450452943,23.046,24.17,562,63,0,0.03496560272750046
671,500,251.44780764245408,23.076,24.206,565,70,0,0.03479077471386296
672,500,262.4105618952842,28.612,29.782,585,65,0,0.03461682084029365
673,500,277.37331614811495,27.856,29.066,605,66,0,0.034443736736092176
674,500,239.50367626320872,21.942,23.012,535,68,0,0.034271518052411715
675,500,273.897525883775,31.084,32.268,592,65,0,0.034100160462149656
676,500,233.97201737811446,22.124,23.228,552,65,0,0.03392965965983891
677,500,257.39938817113335,22.152,23.334,591,66,0,0.033760011361539714
678,500,268.9384962056618,18.848,19.988,570,66,0,0.03359121130473201
679,500,247.94222078037842,21.382,22.518,568,67,0,0.033423255248208356
680,500,266.43290934358623,18.828,19.974,573,72,0,0.03325613897196732
681,468,200.05768259660505,24.675213675213676,25.756410256410255,506,65,1,0.03308985827710748
682,500,264.4478076424542,19.584,20.714,565,69,0,0.032924408985721944
683,500,253.97574195283147,19.436,20.536,550,65,0,0.03275978694079333
684,500,249.4776042401899,19.778,20.876,549,68,0,0.032595988006089364
685,500,258.93104705622756,23.452,24.6,574,70,0,0.032433008066058915
686,500,260.4291847688692,26.27,27.42,575,65,0,0.03227084302572862
687,500,247.98319110226535,21.9,22.992,546,69,0,0.032109488810599975
688,500,272.38448987226576,29.934,31.132,599,66,0,0.031948941366546975
689,500,293.80813609056804,27.042,28.322,640,63,0,0.03178919665971424
690,500,276.9086996079258,25.178,26.35,586,63,0,0.03163025067641567
691,500,271.3919390216998,24.468,25.658,595,67,0,0.03147209942303359
692,500,262.429184768869,20.7,21.85,575,65,0,0.03131473892591842
693,500,270.3956635964163,23.298,24.484,593,64,0,0.031158165231288826
694,500,240.9124241826427,25.9,27.068,584,62,0,0.03100237440513238
695,500,273.4366339183034,23.3,24.442,571,69,0,0.030847362533106718
696,500,250.48132881490676,21.218,22.312,547,65,0,0.030693125720441184
697,500,270.3956635964164,34.406,35.592,593,64,0,0.030539660091838977
698,500,255.93104705622756,24.736,25.884,574,69,0,0.03038696179137978
699,500,263.3882144469824,26.766,27.96,597,64,0,0.030235026982422884
700,500,274.90869960792605,22.626,23.798,586,63,0,0.030083851847510768
701,500,254.44035849302009,20.488,21.626,569,67,0,0.029933432588273214
702,500,246.45898136660486,21.586,22.704,559,65,0,0.029783765425331846
703,500,254.97946652754845,19.076,20.172,548,67,0,0.029634846598205186
704,500,246.00553855056728,22.66,23.728,534,64,0,0.02948667236521416
705,500,273.882627584907,22.5,23.7,600,66,0,0.029339239003388088
706,500,264.908699607926,20.858,22.03,586,68,0,0.029192542808371146
707,500,228.96829280339736,23.78,24.888,554,65,0,0.02904658009432929
708,500,276.90125045849203,22.556,23.736,590,64,0,0.028901347193857643
709,500,272.3882144469828,25.438,26.632,597,65,0,0.028756840457888354
710,500,239.98691567698214,19.672,20.76,544,68,0,0.02861305625559891
711,500,253.44780764245397,20.716,21.846,565,65,0,0.028469990974320916
712,500,265.43663391830324,22.802,23.944,571,65,0,0.02832764101944931
713,500,227.9496699298124,24.614,25.742,564,68,0,0.028186002814352063
714,500,277.8789030101901,22.578,23.782,602,67,0,0.0280450728002803
715,500,257.41428647000106,21.734,22.9,583,67,0,0.0279048474362789
716,500,277.8863521596242,22.912,24.108,598,61,0,0.027765323199097504
717,500,250.9384962056614,23.968,25.108,570,69,0,0.027626496583102015
718,500,260.9124241826429,23.898,25.066,584,63,0,0.027488364100186506
719,395,158.2327376083032,25.349367088607593,26.39240506329114,412,58,1,0.027350922279685573
720,500,263.4254601941525,23.718,24.872,577,68,0,0.027214167668287145
721,500,232.9496699298125,26.952,28.08,564,70,0,0.02707809682994571
722,332,126.34819942452974,24.14457831325301,25.198795180722893,350,43,1,0.02694270634579598
723,500,261.9384962056617,21.034,22.174,570,64,0,0.026807992814067
724,500,251.9496699298126,27.168,28.296,564,64,0,0.026673952849996664
725,500,260.3844898722653,27.466,28.664,599,66,0,0.02654058308574668
726,427,180.13962324037857,27.421545667447308,28.50351288056206,462,56,1,0.026407880170317945
727,500,258.44408306773704,24.256,25.39,567,62,0,0.026275840769466357
728,500,280.8751784354733,21.236,22.444,604,65,0,0.026144461565619025
729,500,263.93477163094445,21.71,22.854,572,67,0,0.02601373925779093
730,500,279.8826275849072,19.708,20.908,600,64,0,0.025883670561501974
731,500,238.4664305160389,19.654,20.764,555,66,0,0.025754252208694463
732,500,274.4142864700014,23.47,24.636,583,65,0,0.02562548094765099
733,500,234.98691567698222,20.42,21.508,544,65,0,0.025497353542912736
734,330,132.83143883830334,24.21212121212121,25.3,359,44,1,0.02536986677519817
735,500,269.4291847688693,20.142,21.292,575,64,0,0.02524301744132218
736,500,270.41056189528445,24.758,25.928,585,60,0,0.025116802354115567
737,500,233.54092201037852,21.316,22.346,515,62,0,0.024991218342344988
738,500,265.93477163094457,25.338,26.482,572,66,0,0.024866262250633264
739,500,266.9459453550957,19.206,20.338,566,65,0,0.024741930939380097
740,500,238.4962271137747,19.72,20.798,539,66,0,0.024618221284683196
741,500,268.3770407228315,27.198,28.404,603,63,0,0.02449513017825978
742,500,280.86400471132237,24.158,25.378,610,65,0,0.02437265452736848
743,500,272.9235979067938,23.02,24.176,578,68,0,0.024250791254731636
744,500,229.52602371151065,20.51,21.556,523,64,0,0.024129537298457977
745,500,265.36959157339766,25.936,27.15,607,65,0,0.024008889611965685
746,500,267.40311274585076,22.368,23.546,589,64,0,0.023888845163905856
747,500,278.3844898722657,22.424,23.622,599,63,0,0.023769400938086327
748,500,261.91987333207686,20.588,21.748,580,71,0,0.023650553933395897
749,500,254.9906402516993,16.868,17.952,542,64,0,0.023532301163728918
750,500,283.88262758490754,23.284,24.484,600,67,0,0.023414639657910272
751,500,289.358417849247,24.808,26.034,613,62,0,0.023297566459620722
752,500,260.92732248151094,24.188,25.34,576,64,0,0.023181078627322618
753,500,238.00553855056708,23.756,24.824,534,65,0,0.023065173234186005
754,122,3.810046689434299,26.16393442622951,27.0,102,16,1,0.022949847368015076
755,500,266.4403584930203,20.91,22.048,569,65,0,0.022835098131175
756,500,264.908699607926,20.37,21.542,586,66,0,0.022720922640519125
757,500,275.4180110447184,21.84,23.002,581,66,0,0.02260731802731653
758,500,238.45525679188785,23.76,24.882,561,72,0,0.022494281437179946
759,500,234.49250253905774,22.066,23.148,541,62,0,0.022381810029994047
760,500,274.92359790679376,22.336,23.492,578,64,0,0.022269900979844076
761,500,275.8900767343413,21.352,22.544,596,67,0,0.022158551474944856
762,500,272.4068373205675,25.024,26.198,587,64,0,0.022047758717570132
763,500,249.95711907924658,30.058,31.178,560,64,0,0.021937519923982282
764,403,167.70107872320884,22.265508684863523,23.330024813895783,429,55,1,0.021827832324362372
765,500,242.94594535509552,25.264,26.396,566,62,0,0.02171869316274056
766,500,251.45898136660517,22.8,23.918,559,67,0,0.021610099696926857
767,500,269.40683732056755,22.874,24.048,587,66,0,0.021502049198442223
768,500,254.94594535509563,19.914,21.046,566,64,0,0.021394538952450012
769,500,272.9459453550959,23.566,24.698,566,63,0,0.02128756625768776
770,500,265.93477163094457,20.388,21.532,572,65,0,0.021181128426399323
771,500,261.46270594132216,18.608,19.722,557,66,0,0.021075222784267326
772,500,279.4031127458505,20.45,21.628,589,63,0,0.020969846670345987
773,411,180.65265925188802,25.75669099756691,26.86374695863747,455,53,1,0.020864997436994256
774,500,268.91987333207686,23.772,24.932,580,60,0,0.020760672449809284
775,500,264.470155090756,18.054,19.16,553,65,0,0.020656869087560238
776,500,276.38821444698283,23.992,25.186,597,64,0,0.020553584742122436
777,500,256.42546019415215,20.822,21.976,577,67,0,0.020450816818411825
778,500,245.98691567698225,18.17,19.258,544,63,0,0.020348562734319765
779,371,146.76439649339753,25.140161725067387,26.204851752021565,395,46,1,0.020246819920648168
780,182,44.15920141339679,25.225274725274726,26.23076923076923,183,23,1,0.020145585821044927
781,500,260.9198733320768,20.874,22.034,580,66,0,0.020044857891939702
782,500,243.9608436539634,23.934,25.05,558,65,0,0.019944633602480003
783,500,262.93849620566164,18.13,19.27,570,66,0,0.019844910434467605
784,500,278.8640047113225,26.404,27.624,610,61,0,0.019745685882295267
785,500,287.87890301019036,22.506,23.71,602,65,0,0.01964695745288379
786,500,290.3546932745299,23.656,24.886,615,62,0,0.01954872266561937
787,500,249.0018139758502,22.06,23.132,536,63,0,0.019450979052291272
788,500,273.3435195503786,28.742,29.984,621,60,0,0.019353724157029815
789,500,283.87517843547323,26.104,27.312,604,62,0,0.019256955536244666
790,500,275.8863521596244,21.54,22.736,598,61,0,0.019160670758563442
791,500,273.3919390216995,24.582,25.772,595,63,0,0.019064867404770626
792,500,262.93104705622784,23.812,24.96,574,60,0,0.018969543067746772
793,500,269.42546019415244,27.038,28.192,577,66,0,0.018874695352408037
794,500,262.4440830677372,20.042,21.176,567,66,0,0.018780321875645996
795,500,264.92732248151066,20.164,21.316,576,64,0,0.018686420266267767
796,500,244.48505338962377,18.092,19.182,545,67,0,0.018592988164936427
797,500,276.3435195503792,24.252,25.494,621,63,0,0.018500023224111744
798,500,243.48132881490682,19.74,20.834,547,67,0,0.018407523107991184
799,500,238.96084365396354,22.262,23.378,558,68,0,0.01831548549245123
800,500,263.9347716309447,19.298,20.442,572,65,0,0.018223908064988973
801,500,262.41801104471824,21.322,22.484,581,66,0,0.018132788524664028
802,500,223.52974828622774,18.492,19.534,521,64,0,0.018042124582040707
803,500,268.4329093435861,20.932,22.078,573,69,0,0.017951913959130504
804,500,257.4478076424541,20.468,21.598,565,64,0,0.01786215438933485
805,470,226.97201737811423,23.293617021276596,24.46808510638298,552,64,1,0.017772843617388175
806,500,282.8677292860396,26.106,27.322,608,64,0,0.017683979399301233
807,500,275.3919390216996,21.788,22.978,595,63,0,0.017595559502304726
808,500,271.3621424239638,24.686,25.908,611,66,0,0.0175075817047932
809,500,238.5148499873597,18.094,19.152,529,69,0,0.017420043796269234
810,500,257.93849620566164,20.958,22.098,570,65,0,0.017332943577287888
811,500,276.3844898722659,21.042,22.24,599,67,0,0.01724627885940145
812,500,259.9273224815106,24.932,26.084,576,63,0,0.017160047465104442
813,500,279.9086996079261,23.932,25.104,586,62,0,0.01707424722777892
814,500,249.4887779643408,20.682,21.768,543,62,0,0.016988875991640028
815,500,239.95339450452943,23.304,24.428,562,64,0,0.016903931611681827
816,500,292.8304835388697,26.348,27.604,628,63,0,0.01681941195362342
817,500,252.96456822868032,20.784,21.896,556,66,0,0.016735314893855303
818,500,248.95711907924647,22.114,23.234,560,67,0,0.016651638319386028
819,500,277.3509686998131,25.738,26.972,617,61,0,0.0165683801277891
820,500,243.48877796434078,20.87,21.956,543,65,0,0.016485538227150154
821,500,252.97574195283133,18.516,19.616,550,66,0,0.0164031105360144
822,500,262.91987333207663,22.672,23.832,580,66,0,0.01632109498333433
823,500,256.4142864700011,25.23,26.396,583,58,0,0.016239489508417658
824,500,266.93104705622767,23.27,24.418,574,69,0,0.01615829206087557
825,500,274.90869960792594,22.24,23.412,586,66,0,0.01607750060057119
826,500,301.29510007905867,29.184,30.478,647,59,0,0.015997113097568336
827,500,275.87145386075605,25.578,26.79,606,62,0,0.015917127532080494
828,500,283.3844898722659,21.058,22.256,599,61,0,0.01583754189442009
829,500,252.458981366605,20.424,21.542,559,65,0,0.01575835418494799
830,500,254.96456822868052,20.834,21.946,556,64,0,0.01567956241402325
831,500,253.47760424018983,19.356,20.454,549,66,0,0.015601164601953134
832,500,283.87517843547346,26.284,27.492,604,64,0,0.015523158778943369
833,500,266.4031127458503,25.392,26.57,589,64,0,0.015445542985048652
834,500,264.96456822868066,19.87,20.982,556,61,0,0.015368315270123408
835,138,14.25604035603816,25.181159420289855,26.130434782608695,131,22,1,0.01529147369377279
836,500,223.52229913679352,21.044,22.094,525,64,0,0.015215016325303928
837,204,49.65361455132132,23.784313725490197,24.69607843137255,186,25,1,0.015138941243677408
838,500,256.44780764245394,19.386,20.516,565,64,0,0.01506324653745902
839,500,270.41056189528456,25.604,26.774,585,63,0,0.014987930304771725
840,500,242.96456822868055,24.112,25.224,556,61,0,0.014912990653247866
841,500,263.4440830677374,23.494,24.628,567,65,0,0.014838425699981627
842,500,240.51484998735972,18.79,19.848,529,66,0,0.01476423357148172
843,500,267.9384962056617,21.35,22.49,570,64,0,0.014690412403624311
844,500,272.93849620566186,22.854,23.994,570,63,0,0.01461696034160619
845,500,255.9645682286806,19.016,20.128,556,66,0,0.014543875539898159
846,221,69.07726076962335,24.6289592760181,25.65610859728507,227,30,1,0.014471156162198668
847,500,254.94966992981247,24.534,25.662,564,62,0,0.014398800381387675
848,500,268.3919390216997,22.046,23.236,595,62,0,0.014326806379480736
849,500,276.4105618952845,19.686,20.856,585,61,0,0.014255172347583332
850,500,267.93477163094485,21.702,22.846,572,66,0,0.014183896485845416
851,159,26.23369290773628,23.20125786163522,24.10062893081761,143,20,1,0.014112977003416188
852,500,254.94222078037848,21.814,22.95,568,63,0,0.014042412118399107
853,289,111.89475660849196,26.53287197231834,27.657439446366784,325,39,1,0.013972200057807112
854,500,249.47387966547285,25.01,26.112,551,63,0,0.013902339057518077
855,500,262.94222078037865,24.546,25.682,568,62,0,0.013832827362230486
856,500,278.8826275849071,21.632,22.832,600,64,0,0.013763663225419333
857,500,252.47015509075587,19.934,21.04,553,64,0,0.013694844909292236
858,500,260.455256791888,24.578,25.7,561,68,0,0.013626370684745774
859,350,121.36309772339759,24.47714285714286,25.454285714285714,342,44,1,0.013558238831322046
860,500,258.45898136660503,22.774,23.892,559,64,0,0.013490447637165436
861,500,237.47760424018992,21.158,22.256,549,65,0,0.013422995398979608
862,500,269.41428647000146,21.358,22.524,583,63,0,0.01335588042198471
863,500,284.8453818377377,22.458,23.698,620,63,0,0.013289101019874787
864,500,266.9235979067938,21.532,22.688,578,64,0,0.013222655514775413
865,500,285.35469327453,28.232,29.462,615,61,0,0.013156542237201536
866,500,247.47760424018998,18.428,19.526,549,65,0,0.013090759526015528
867,500,254.4701550907559,24.43,25.536,553,62,0,0.01302530572838545
868,500,275.9086996079261,28.042,29.214,586,63,0,0.012960179199743523
869,500,268.91614875735996,23.312,24.476,582,64,0,0.012895378303744804
870,500,278.923597906794,20.102,21.258,578,63,0,0.01283090141222608
871,500,273.90869960792617,21.066,22.238,586,67,0,0.012766746905164949
872,500,264.4478076424543,21.804,22.934,565,66,0,0.012702913170639124
873,500,252.95711907924647,19.35,20.47,560,62,0,0.012639398604785928
874,500,255.94594535509543,19.592,20.724,566,67,0,0.012576201611761997
875,500,271.9235979067938,19.296,20.452,578,64,0,0.012513320603703188
876,416,161.70107872320887,25.33653846153846,26.36778846153846,429,54,1,0.012450754000684672
877,147,20.25231578132117,23.448979591836736,24.35374149659864,133,20,1,0.012388500230681249
878,93,-7.1601567128299255,31.258064516129032,32.18279569892473,86,12,1,0.012326557729527843
879,500,255.47015509075578,21.22,22.326,553,64,0,0.012264924940880204
880,500,276.3844898722654,23.542,24.74,599,63,0,0.012203600316175803
881,500,259.93849620566186,19.718,20.858,570,62,0,0.012142582314594924
882,500,258.94966992981256,21.75,22.878,564,62,0,0.01208186940302195
883,500,267.9347716309449,19.588,20.732,572,66,0,0.01202146005600684
884,500,278.8900767343411,22.442,23.634,596,64,0,0.011961352755726806
885,500,232.02788599886915,17.174,18.218,522,65,0,0.01190154599194817
886,500,277.8900767343414,24.668,25.86,596,67,0,0.01184203826198843
887,500,253.94594535509543,22.224,23.356,566,66,0,0.011782828070678488
888,500,259.462705941322,19.13,20.244,557,64,0,0.011723913930325095
889,500,247.45898136660495,19.5,20.618,559,68,0,0.01166529436067347
890,500,278.41056189528456,20.146,21.316,585,64,0,0.011606967888870102
891,500,266.42546019415244,26.074,27.228,577,61,0,0.01154893304942575
892,500,278.3882144469828,22.318,23.512,597,67,0,0.011491188384178622
893,500,278.3770407228319,21.614,22.82,603,64,0,0.011433732442257729
894,500,282.36214242396375,24.804,26.026,611,63,0,0.01137656378004644
895,500,272.8938013090583,23.808,24.996,594,61,0,0.011319680961146208
896,500,258.4142864700013,22.042,23.208,583,64,0,0.011263082556340478
897,500,264.93849620566175,20.886,22.026,570,62,0,0.011206767143558775
898,500,261.95339450452957,23.654,24.778,562,60,0,0.011150733307840981
899,500,267.41056189528473,25.478,26.648,585,64,0,0.011094979641301777
900,259,81.01766757415191,25.146718146718147,26.146718146718147,259,37,1,0.011039504743095268
901,483,218.4962271137747,21.527950310559007,22.643892339544514,539,61,1,0.01098430721937979
902,500,264.95711907924635,20.438,21.558,560,62,0,0.010929385683282892
903,500,256.47015509075607,22.648,23.754,553,62,0,0.010874738754866477
904,500,268.4366339183034,22.894,24.036,571,63,0,0.010820365061092144
905,500,259.4813288149071,17.822,18.916,547,63,0,0.010766263235786683
906,500,283.8640047113223,25.094,26.314,610,63,0,0.01071243191960775
907,500,250.49622711377484,18.398,19.476,539,64,0,0.010658869760009713
908,500,253.94594535509546,22.06,23.192,566,67,0,0.010605575411209664
909,500,269.3844898722655,22.814,24.012,599,63,0,0.010552547534153616
910,500,276.893801309058,20.702,21.89,594,61,0,0.010499784796482848
911,500,263.4142864700014,21.358,22.524,583,61,0,0.010447285872500434
912,500,270.39193902169956,23.06,24.25,595,64,0,0.01039504944313793
913,500,258.9496699298126,21.214,22.342,564,64,0,0.010343074195922241
914,500,241.47760424018998,22.472,23.57,549,61,0,0.01029135882494263
915,500,290.84538183773776,27.582,28.822,620,61,0,0.010239902030817916
916,500,271.9273224815108,22.178,23.33,576,65,0,0.010188702520663827
917,500,287.8714538607564,21.646,22.858,606,65,0,0.010137759008060509
918,500,276.3956635964168,22.446,23.632,593,63,0,0.010087070213020206
919,500,268.8900767343409,20.268,21.46,596,67,0,0.010036634861955105
920,500,279.36214242396386,24.402,25.624,611,62,0,0.01
921,335,124.86123543603915,21.976119402985073,23.0,343,43,1,0.01
922,500,257.9384962056615,19.136,20.276,570,62,0,0.01
923,500,270.9235979067938,19.192,20.348,578,66,0,0.01
924,500,265.87890301019013,26.938,28.142,602,63,0,0.01
925,500,269.3956635964166,28.408,29.594,593,65,0,0.01
926,500,237.9757419528313,23.218,24.318,550,62,0,0.01
927,500,270.41801104471824,22.436,23.598,581,66,0,0.01
928,500,260.3956635964163,27.474,28.66,593,62,0,0.01
929,500,271.8714538607561,25.752,26.964,606,63,0,0.01
930,500,262.9682928033975,18.834,19.942,554,63,0,0.01
931,500,261.9422207803787,20.166,21.302,568,67,0,0.01
932,500,267.47387966547296,19.332,20.434,551,61,0,0.01
933,500,254.9422207803784,22.054,23.19,568,66,0,0.01
934,500,265.9384962056618,20.732,21.872,570,62,0,0.01
935,500,244.4925025390578,17.442,18.524,541,69,0,0.01
936,500,266.88262758490737,22.94,24.14,600,62,0,0.01
937,500,265.4440830677372,18.846,19.98,567,65,0,0.01
938,500,242.45153221717084,20.918,22.044,563,63,0,0.01
939,500,280.90497503320927,22.724,23.9,588,61,0,0.01
940,500,276.8640047113224,26.156,27.376,610,63,0,0.01
941,500,265.43290934358635,22.23,23.376,573,60,0,0.01
942,500,268.3956635964164,25.534,26.72,593,66,0,0.01
943,500,266.9198733320767,21.68,22.84,580,68,0,0.01
944,500,273.4105618952846,21.014,22.184,585,65,0,0.01
945,500,260.9757419528316,24.484,25.584,550,63,0,0.01
946,500,293.33607040094546,20.95,22.2,625,63,0,0.01
947,500,244.48132881490673,18.784,19.878,547,66,0,0.01
948,500,270.8565555618881,25.562,26.79,614,63,0,0.01
949,500,221.03533514830315,17.516,18.552,518,64,0,0.01
950,500,264.9347716309449,19.994,21.138,572,61,0,0.01
951,500,232.4887779643408,21.24,22.326,543,64,0,0.01
952,330,111.88730745905792,23.745454545454546,24.742424242424242,329,43,1,0.01
953,500,264.4552567918879,18.8,19.922,561,65,0,0.01
954,500,256.462705941322,19.05,20.164,557,63,0,0.01
955,500,231.54464658509548,17.57,18.596,513,62,0,0.01
956,500,272.864004711322,23.074,24.294,610,61,0,0.01
957,500,261.90125045849186,22.094,23.274,590,64,0,0.01
958,500,268.9310470562279,21.524,22.672,574,65,0,0.01
959,500,245.51484998735953,17.76,18.818,529,68,0,0.01
960,500,265.39938817113347,21.24,22.422,591,64,0,0.01
961,200,38.1554768386798,30.92,31.845,185,28,1,0.01
962,500,264.9235979067939,20.11,21.266,578,67,0,0.01
963,500,300.3174475273606,28.268,29.538,635,59,0,0.01
964,500,289.81930981471896,26.086,27.354,634,63,0,0.01
965,500,277.89380130905823,23.584,24.772,594,64,0,0.01
966,500,246.96084365396354,18.872,19.988,558,57,0,0.01
967,500,235.97946652754845,26.486,27.582,548,63,0,0.01
968,418,171.18804271169932,22.330143540669855,23.373205741626794,436,52,1,0.01
969,500,273.34724412509587,26.434,27.672,619,60,0,0.01
970,500,277.40683732056743,23.054,24.228,587,63,0,0.01
971,500,272.3882144469828,28.114,29.308,597,54,0,0.01
972,500,247.49995168849162,19.964,21.038,537,67,0,0.01
973,500,259.9869156769823,21.672,22.76,544,69,0,0.01
974,500,243.95711907924644,19.438,20.558,560,65,0,0.01
975,500,270.4254601941525,22.754,23.908,577,61,0,0.01
976,500,247.44780764245397,20.194,21.324,565,65,0,0.01
977,500,265.4440830677372,20.284,21.418,567,62,0,0.01
978,500,257.4291847688692,20.276,21.426,575,69,0,0.01
979,500,268.9235979067939,23.82,24.976,578,62,0,0.01
980,500,274.3882144469827,26.73,27.924,597,62,0,0.01
981,500,253.421735619435,23.528,24.686,579,62,0,0.01
982,500,274.3956635964168,21.564,22.75,593,62,0,0.01
983,500,255.44780764245394,17.788,18.918,565,65,0,0.01
984,500,272.42173561943537,23.528,24.686,579,62,0,0.01
985,500,250.93849620566138,22.424,23.564,570,64,0,0.01
986,500,298.78951321698315,25.036,26.336,650,58,0,0.01
987,500,277.8975258837751,21.198,22.382,592,65,0,0.01
988,500,267.9310470562277,19.798,20.946,574,62,0,0.01
989,500,268.3919390216996,22.808,23.998,595,62,0,0.01
990,500,266.3695915733976,27.086,28.3,607,62,0,0.01
991,500,301.32862125151115,25.042,26.3,629,62,0,0.01
992,462,198.5669940333974,24.543290043290042,25.627705627705627,501,55,1,0.01
993,500,267.39938817113335,21.568,22.75,591,64,0,0.01
994,500,258.93477163094457,25.882,27.026,572,62,0,0.01
995,500,260.4068373205672,20.85,22.024,587,66,0,0.01
996,500,266.4291847688693,20.282,21.432,575,62,0,0.01
997,500,259.4403584930202,22.476,23.614,569,59,0,0.01
998,500,258.41056189528416,24.28,25.45,585,59,0,0.01
999,214,52.60147050528362,28.186915887850468,29.186915887850468,214,32,1,0.01
1000,500,268.91242418264306,21.24,22.408,584,67,0,0.01
1001,500,269.3919390216996,23.434,24.624,595,69,0,0.01
1002,500,264.4180110447183,24.534,25.696,581,70,0,0.01
1003,500,265.93477163094457,19.296,20.44,572,67,0,0.01
1004,500,255.9720173781144,23.788,24.892,552,62,0,0.01
1005,500,266.458981366605,18.316,19.434,559,60,0,0.01
1006,500,248.48132881490693,24.996,26.09,547,61,0,0.01
1007,500,268.3770407228316,21.678,22.884,603,66,0,0.01
1008,500,230.53347286094458,17.61,18.648,519,65,0,0.01
1009,149,29.22996833301929,23.906040268456376,24.879194630872483,145,22,1,0.01
1010,500,281.87517843547323,22.274,23.482,604,63,0,0.01
1011,500,283.3733161481148,21.656,22.866,605,62,0,0.01
1012,500,258.46270594132204,21.38,22.494,557,63,0,0.01
1013,394,172.16569526339754,25.126903553299492,26.263959390862944,448,53,1,0.01
1014,500,248.44035849302006,22.724,23.862,569,63,0,0.01
1015,500,280.4105618952845,20.606,21.776,585,61,0,0.01
1016,500,250.47015509075578,19.388,20.494,553,62,0,0.01
1017,500,256.9422207803785,21.71,22.846,568,61,0,0.01
1018,500,263.4329093435865,18.99,20.136,573,65,0,0.01
1019,238,70.0735361949064,20.899159663865547,21.861344537815125,229,30,1,0.01
1020,500,275.4217356194353,22.334,23.492,579,62,0,0.01
1021,500,267.93477163094497,19.192,20.336,572,66,0,0.01
1022,500,281.39938817113364,22.188,23.37,591,66,0,0.01
1023,500,266.9422207803786,20.868,22.004,568,67,0,0.01
1024,500,274.38821444698283,21.608,22.802,597,62,0,0.01
1025,500,281.362142423964,26.036,27.258,611,63,0,0.01
1026,500,260.4291847688692,22.458,23.608,575,62,0,0.01
1027,500,254.41801104471824,26.452,27.614,581,63,0,0.01
1028,500,238.97946652754848,21.764,22.86,548,60,0,0.01
1029,500,256.4478076424541,20.07,21.2,565,62,0,0.01
1030,500,233.99064025169923,22.714,23.798,542,60,0,0.01
1031,189,43.15175226396285,24.544973544973544,25.534391534391535,187,26,1,0.01
1032,500,293.32117210207736,23.504,24.77,633,63,0,0.01
1033,500,253.94966992981244,21.166,22.294,564,60,0,0.01
1034,500,262.92359790679393,24.384,25.54,578,64,0,0.01
1035,332,135.32957655094486,26.71987951807229,27.80421686746988,360,44,1,0.01
1036,476,200.07258089547295,19.899159663865547,20.945378151260503,498,66,1,0.01
1037,271,107.91710405679369,28.686346863468636,29.84132841328413,313,35,1,0.01
1038,500,233.00181397585035,18.844,19.916,536,60,0,0.01
1039,500,228.9720173781144,22.198,23.302,552,62,0,0.01
1040,500,251.97201737811451,17.992,19.096,552,66,0,0.01
1041,500,270.92359790679376,20.186,21.342,578,64,0,0.01
1042,500,271.4254601941524,21.746,22.9,577,67,0,0.01
1043,500,268.901250458492,22.796,23.976,590,61,0,0.01
1044,500,272.4180110447184,24.562,25.724,581,62,0,0.01
1045,500,255.48505338962389,20.284,21.374,545,66,0,0.01
1046,500,236.49622711377478,24.67,25.748,539,65,0,0.01
1047,500,256.466430516039,19.814,20.924,555,65,0,0.01
1048,385,179.16197068868053,26.288311688311687,27.457142857142856,450,47,1,0.01
1049,500,244.9757419528312,22.82,23.92,550,65,0,0.01
1050,500,285.83420811358667,26.862,28.114,626,57,0,0.01
1051,500,250.47387966547296,20.764,21.866,551,60,0,0.01
1052,500,293.36959157339817,24.428,25.642,607,62,0,0.01
1053,500,263.4403584930201,19.908,21.046,569,62,0,0.01
1054,500,272.4142864700015,20.034,21.2,583,64,0,0.01
1055,500,263.9496699298125,23.058,24.186,564,60,0,0.01
1056,500,258.4776042401898,17.098,18.196,549,61,0,0.01
1057,500,266.90869960792577,20.814,21.986,586,63,0,0.01
1058,500,281.37331614811495,20.272,21.482,605,63,0,0.01
1059,500,256.4291847688693,23.842,24.992,575,65,0,0.01
1060,500,254.9422207803786,19.924,21.06,568,64,0,0.01
1061,500,266.93849620566147,19.294,20.434,570,71,0,0.01
1062,500,262.9049750332088,23.72,24.896,588,61,0,0.01
1063,500,273.4105618952844,20.394,21.564,585,63,0,0.01
1064,500,255.44408306773707,18.634,19.768,567,63,0,0.01
1065,500,255.4627059413221,18.936,20.05,557,64,0,0.01
1066,500,263.88262758490714,23.854,25.054,600,62,0,0.01
1067,500,266.4440830677372,19.854,20.988,567,69,0,0.01
1068,500,285.87145386075633,21.124,22.336,606,70,0,0.01
1069,500,266.462705941322,18.152,19.266,557,67,0,0.01
1070,500,231.05023344717114,15.6,16.62,510,63,0,0.01
1071,500,265.9273224815107,24.648,25.8,576,65,0,0.01
1072,500,264.890076734341,25.696,26.888,596,60,0,0.01
1073,500,264.4291847688694,21.704,22.854,575,64,0,0.01
1074,500,273.84165726302035,26.69,27.934,622,61,0,0.01
1075,500,245.44408306773695,24.072,25.206,567,64,0,0.01
1076,419,188.13217409094455,21.978520286396183,23.09069212410501,466,56,1,0.01
1077,500,245.9794665275485,20.88,21.976,548,63,0,0.01
1078,500,259.4589813666051,24.698,25.816,559,62,0,0.01
1079,500,268.9384962056618,24.13,25.27,570,61,0,0.01
1080,500,266.9086996079259,19.202,20.374,586,64,0,0.01
1081,500,272.43290934358623,19.61,20.756,573,69,0,0.01
1082,500,257.45898136660486,19.252,20.37,559,65,0,0.01
1083,500,246.50740083792573,17.642,18.708,533,66,0,0.01
1084,500,267.8677292860392,21.912,23.128,608,63,0,0.01
1085,500,276.4254601941524,21.544,22.698,577,66,0,0.01
1086,500,260.9459453550957,22.232,23.364,566,64,0,0.01
1087,500,294.8528309871715,26.576,27.808,616,63,0,0.01
1088,500,253.9198733320766,22.882,24.042,580,65,0,0.01
1089,500,257.9459453550955,17.952,19.084,566,66,0,0.01
1090,500,273.4031127458506,23.804,24.982,589,63,0,0.01
1091,500,258.4366339183031,23.064,24.206,571,65,0,0.01
1092,500,279.37331614811495,23.152,24.362,605,61,0,0.01
1093,500,274.8863521596244,24.77,25.966,598,65,0,0.01
1094,500,264.4515322171711,18.33,19.456,563,63,0,0.01
1095,500,257.97574195283147,18.85,19.95,550,66,0,0.01
1096,500,273.4031127458505,22.27,23.448,589,64,0,0.01
1097,500,258.44780764245405,20.776,21.906,565,63,0,0.01
1098,500,256.94966992981256,20.67,21.798,564,65,0,0.01
1099,500,251.9682928033975,19.758,20.866,554,64,0,0.01
1100,500,258.40683732056726,21.42,22.594,587,70,0,0.01
1101,500,263.4142864700013,23.504,24.67,583,64,0,0.01
1102,500,269.44780764245405,19.696,20.826,565,66,0,0.01
1103,500,257.9422207803784,24.052,25.188,568,62,0,0.01
1104,500,252.9496699298126,21.002,22.13,564,63,0,0.01
1105,500,233.99064025169932,18.994,20.078,542,65,0,0.01
1106,500,251.9645682286804,18.152,19.264,556,61,0,0.01
1107,500,252.46643051603874,21.962,23.072,555,64,0,0.01
1108,500,251.45898136660477,19.946,21.064,559,60,0,0.01
1109,500,265.91242418264284,20.492,21.66,584,66,0,0.01
1110,500,260.89752588377485,23.85,25.034,592,63,0,0.01
1111,500,259.42173561943514,20.134,21.292,579,64,0,0.01
1112,500,277.39938817113347,22.794,23.976,591,60,0,0.01
1113,500,282.8565555618884,27.514,28.742,614,61,0,0.01
1114,500,254.95339450452957,20.938,22.062,562,62,0,0.01
1115,500,240.47015509075587,20.03,21.136,553,63,0,0.01
1116,500,276.8975258837749,22.022,23.206,592,62,0,0.01
1117,500,269.90497503320887,22.922,24.098,588,67,0,0.01
1118,500,287.8789030101903,21.13,22.334,602,65,0,0.01
1119,500,279.901250458492,20.718,21.898,590,65,0,0.01
1120,500,245.93477163094454,25.686,26.83,572,63,0,0.01
1121,500,254.96084365396345,19.272,20.388,558,67,0,0.01
1122,500,274.89007673434105,23.48,24.672,596,65,0,0.01
1123,500,247.52974828622763,20.74,21.782,521,64,0,0.01
1124,115,5.810046689434295,26.504347826086956,27.391304347826086,102,15,1,0.01
1125,500,282.8677292860394,21.846,23.062,608,61,0,0.01
1126,204,65.09960821792515,24.397058823529413,25.45098039215686,215,28,1,0.01
1127,500,262.88262758490714,23.396,24.596,600,60,0,0.01
1128,500,254.9533945045294,20.624,21.748,562,66,0,0.01
1129,500,256.9682928033974,20.844,21.952,554,64,0,0.01
1130,500,277.8863521596242,22.712,23.908,598,64,0,0.01
1131,500,276.88262758490714,22.814,24.014,600,65,0,0.01
1132,500,273.3993881711337,21.586,22.768,591,62,0,0.01
1133,500,252.93477163094443,26.974,28.118,572,64,0,0.01
1134,500,254.43663391830313,22.016,23.158,571,63,0,0.01
1135,500,257.95711907924647,21.234,22.354,560,65,0,0.01
1136,500,258.94222078037865,22.568,23.704,568,61,0,0.01
1137,179,37.18154886169863,29.65921787709497,30.614525139664803,171,27,1,0.01
1138,500,236.0092631252843,20.078,21.142,532,67,0,0.01
1139,500,267.93477163094457,23.382,24.526,572,66,0,0.01
1140,500,285.3584178492473,24.37,25.596,613,62,0,0.01
1141,500,251.9794665275483,19.532,20.628,548,63,0,0.01
1142,500,235.9496699298123,22.772,23.9,564,65,0,0.01
1143,500,265.9422207803787,18.896,20.032,568,65,0,0.01
1144,500,281.8677292860394,23.208,24.424,608,64,0,0.01
1145,500,248.4738796654729,23.774,24.876,551,61,0,0.01
1146,500,269.91242418264295,19.892,21.06,584,62,0,0.01
1147,500,269.4254601941523,21.874,23.028,577,63,0,0.01
1148,500,291.35841784924725,22.02,23.246,613,60,0,0.01
1149,500,257.88262758490686,27.598,28.798,600,63,0,0.01
1150,500,263.4329093435863,19.844,20.99,573,65,0,0.01
1151,500,265.43290934358623,21.39,22.536,573,64,0,0.01
1152,500,262.41801104471836,23.284,24.446,581,64,0,0.01
1153,500,274.8938013090584,22.932,24.12,594,59,0,0.01
1154,500,260.42173561943514,25.034,26.192,579,61,0,0.01
1155,500,281.85283098717167,24.084,25.316,616,63,0,0.01
1156,500,260.9571190792464,19.71,20.83,560,65,0,0.01
1157,500,245.02043684943507,17.698,18.75,526,60,0,0.01
1158,500,239.95711907924638,22.396,23.516,560,62,0,0.01
1159,500,271.8677292860392,23.12,24.336,608,61,0,0.01
1160,500,263.4366339183034,25.5,26.642,571,63,0,0.01
1161,500,273.40683732056766,26.418,27.592,587,63,0,0.01
1162,500,269.40311274585036,23.612,24.79,589,62,0,0.01
1163,500,271.8938013090581,20.846,22.034,594,65,0,0.01
1164,500,257.9682928033975,17.518,18.626,554,62,0,0.01
1165,500,280.89380130905806,19.694,20.882,594,65,0,0.01
1166,500,265.94594535509555,18.178,19.31,566,68,0,0.01
1167,500,259.9198733320767,21.076,22.236,580,63,0,0.01
1168,500,225.046508872454,18.802,19.826,512,67,0,0.01
1169,500,279.886352159624,23.914,25.11,598,62,0,0.01
1170,500,261.4627059413219,17.116,18.23,557,62,0,0.01
1171,500,254.50367626320863,17.252,18.322,535,62,0,0.01
1172,500,253.4776042401898,17.522,18.62,549,70,0,0.01
1173,500,227.04650887245396,19.462,20.486,512,64,0,0.01
1174,500,279.3993881711335,21.396,22.578,591,58,0,0.01
1175,500,257.9757419528314,16.584,17.684,550,63,0,0.01
1176,500,255.9198733320767,20.65,21.81,580,67,0,0.01
1177,500,215.5409220103785,20.756,21.786,515,65,0,0.01
1178,500,262.43290934358623,20.04,21.186,573,65,0,0.01
1179,500,251.46270594132193,20.486,21.6,557,65,0,0.01
1180,500,258.94966992981267,26.908,28.036,564,62,0,0.01
1181,500,249.93477163094474,20.662,21.806,572,65,0,0.01
1182,500,274.9124241826428,21.03,22.198,584,64,0,0.01
1183,500,262.4552567918879,18.274,19.396,561,66,0,0.01
1184,500,256.462705941322,21.38,22.494,557,62,0,0.01
1185,500,255.44035849301991,21.834,22.972,569,64,0,0.01
1186,500,253.48132881490676,20.954,22.048,547,63,0,0.01
1187,500,281.89380130905835,20.358,21.546,594,65,0,0.01
1188,500,267.94222078037865,20.972,22.108,568,66,0,0.01
1189,500,279.87145386075633,25.822,27.034,606,63,0,0.01
1190,500,251.45153221717075,18.718,19.844,563,67,0,0.01
1191,500,281.84910641245466,24.372,25.608,618,62,0,0.01
1192,500,270.4142864700013,24.198,25.364,583,64,0,0.01
1193,500,262.4291847688694,18.436,19.586,575,63,0,0.01
1194,500,264.4254601941523,19.29,20.444,577,63,0,0.01
1195,500,262.9235979067939,18.514,19.67,578,67,0,0.01
1196,500,276.90869960792605,22.594,23.766,586,66,0,0.01
1197,461,197.56326945868045,22.802603036876356,23.893709327548805,503,62,1,0.01
1198,500,269.9384962056617,21.832,22.972,570,64,0,0.01
1199,500,274.3993881711338,22.046,23.228,591,63,0,0.01
1200,500,249.44408306773698,19.722,20.856,567,66,0,0.01
1201,500,268.90125045849214,22.29,23.47,590,61,0,0.01
1202,500,272.89007673434105,22.928,24.12,596,62,0,0.01
1203,500,267.9012504584918,22.152,23.332,590,63,0,0.01
1204,500,270.91242418264295,24.264,25.432,584,66,0,0.01
1205,500,237.45153221717118,22.67,23.796,563,62,0,0.01
1206,500,281.8751784354732,22.186,23.394,604,64,0,0.01
1207,500,272.94222078037893,20.49,21.626,568,61,0,0.01
1208,500,259.9273224815106,22.246,23.398,576,61,0,0.01
1209,500,271.4180110447184,20.174,21.336,581,62,0,0.01
1210,500,262.9273224815107,21.626,22.778,576,63,0,0.01
1211,500,266.9086996079258,20.304,21.476,586,63,0,0.01
1212,500,260.94966992981244,19.51,20.638,564,64,0,0.01
1213,500,277.89007673434116,23.514,24.706,596,62,0,0.01
1214,500,257.4142864700011,20.176,21.342,583,67,0,0.01
1215,491,222.96456822868046,23.59266802443992,24.725050916496944,556,61,1,0.01
1216,500,271.3733161481148,23.44,24.65,605,66,0,0.01
1217,500,263.42918476886945,21.52,22.67,575,63,0,0.01
1218,500,264.90125045849186,22.338,23.518,590,64,0,0.01
1219,500,272.40683732056743,21.23,22.404,587,64,0,0.01
1220,500,283.3621424239638,23.646,24.868,611,63,0,0.01
1221,500,258.45525679188813,19.288,20.41,561,64,0,0.01
1222,500,262.4366339183033,23.388,24.53,571,65,0,0.01
1223,273,97.46366124075577,28.992673992673993,30.047619047619047,288,37,1,0.01
1224,500,269.9310470562277,17.712,18.86,574,63,0,0.01
1225,500,281.88635215962444,22.364,23.56,598,60,0,0.01
1226,500,247.5185745620768,20.788,21.842,527,65,0,0.01
1227,500,247.99436482641636,19.782,20.862,540,63,0,0.01
1228,132,13.270938654906047,23.545454545454547,24.477272727272727,123,18,1,0.01
1229,500,259.4478076424542,20.572,21.702,565,64,0,0.01
1230,500,243.4776042401898,22.186,23.284,549,65,0,0.01
1231,500,246.47387966547296,20.192,21.294,551,63,0,0.01
1232,500,297.84165726302075,23.854,25.098,622,65,0,0.01
1233,500,245.46643051603883,19.206,20.316,555,68,0,0.01
1234,388,171.1768689875485,27.951030927835053,29.09020618556701,442,44,1,0.01
1235,500,264.9347716309448,21.316,22.46,572,63,0,0.01
1236,258,83.51208071207643,22.13953488372093,23.155038759689923,262,32,1,0.01
1237,500,260.96456822868055,21.84,22.952,556,61,0,0.01
1238,466,235.9496699298126,27.263948497854077,28.474248927038627,564,56,1,0.01
1239,500,264.90497503320887,20.242,21.418,588,63,0,0.01
1240,500,259.4366339183031,23.488,24.63,571,62,0,0.01
1241,500,260.9310470562278,21.656,22.804,574,64,0,0.01
1242,500,234.48505338962386,22.772,23.862,545,64,0,0.01
1243,500,279.3919390217,25.846,27.036,595,64,0,0.01
1244,500,258.93104705622767,23.668,24.816,574,62,0,0.01
1245,500,263.9422207803788,24.258,25.394,568,65,0,0.01
1246,500,256.9645682286805,23.732,24.844,556,64,0,0.01
1247,500,287.8602801366054,26.864,28.088,612,62,0,0.01
1248,500,268.9124241826428,24.036,25.204,584,64,0,0.01
1249,500,257.4217356194352,20.082,21.24,579,61,0,0.01
1250,500,273.4142864700014,19.208,20.374,583,67,0,0.01
1251,376,159.7345998956617,32.202127659574465,33.295212765957444,411,47,1,0.01
1252,500,264.43290934358623,20.7,21.846,573,64,0,0.01
1253,500,255.45898136660492,19.792,20.91,559,62,0,0.01
1254,226,67.05863789603848,25.18141592920354,26.23008849557522,237,29,1,0.01
1255,500,271.919873332077,26.784,27.944,580,57,0,0.01
1256,500,257.4701550907558,17.836,18.942,553,63,0,0.01
1257,500,239.01298770000116,19.952,21.012,530,64,0,0.01
1258,500,259.9608436539635,21.17,22.286,558,63,0,0.01
1259,500,273.93477163094485,18.33,19.474,572,64,0,0.01
1260,253,80.52325443622729,25.205533596837945,26.217391304347824,256,38,1,0.01
1261,500,263.92732248151077,21.17,22.322,576,61,0,0.01
1262,500,261.46270594132193,20.302,21.416,557,63,0,0.01
1263,500,267.4180110447183,24.13,25.292,581,62,0,0.01
1264,500,258.9347716309447,20.334,21.478,572,65,0,0.01
1265,500,249.96456822868038,19.522,20.634,556,64,0,0.01
1266,500,251.94966992981236,20.738,21.866,564,64,0,0.01
1267,500,247.9682928033973,20.478,21.586,554,63,0,0.01
1268,500,257.43663391830313,21.142,22.284,571,62,0,0.01
1269,500,236.4925025390578,23.668,24.75,541,63,0,0.01
1270,500,271.40683732056755,22.256,23.43,587,64,0,0.01
1271,500,262.4031127458502,25.838,27.016,589,61,0,0.01
1272,500,273.37331614811484,23.964,25.174,605,64,0,0.01
1273,500,283.3472441250961,20.758,21.996,619,63,0,0.01
1274,500,264.9347716309446,18.126,19.27,572,65,0,0.01
1275,500,256.9235979067938,26.638,27.794,578,61,0,0.01
1276,500,260.4403584930202,19.31,20.448,569,63,0,0.01
1277,500,284.3397949756626,21.276,22.522,623,62,0,0.01
1278,500,253.50740083792576,19.008,20.074,533,65,0,0.01
1279,500,250.9273224815105,24.58,25.732,576,61,0,0.01
1280,500,243.9720173781143,19.112,20.216,552,65,0,0.01
1281,500,256.43290934358595,19.064,20.21,573,62,0,0.01
1282,500,270.3993881711336,22.55,23.732,591,66,0,0.01
1283,500,254.0018139758502,22.42,23.492,536,64,0,0.01
1284,500,275.4031127458505,23.116,24.294,589,61,0,0.01
1285,500,238.52602371151053,17.904,18.95,523,66,0,0.01
1286,500,243.4850533896238,18.62,19.71,545,64,0,0.01
1287,500,261.4552567918879,19.788,20.91,561,66,0,0.01
1288,500,256.9310470562275,19.352,20.5,574,64,0,0.01
1289,500,247.4999516884916,21.154,22.228,537,65,0,0.01
1290,500,286.85283098717156,24.414,25.646,616,63,0,0.01
1291,500,253.9496699298126,21.074,22.202,564,63,0,0.01
1292,500,274.40311274585065,19.366,20.544,589,67,0,0.01
1293,500,280.83420811358695,27.358,28.61,626,63,0,0.01
1294,500,254.47387966547296,25.48,26.582,551,64,0,0.01
1295,500,279.8900767343412,21.552,22.744,596,61,0,0.01
1296,500,265.91242418264267,19.25,20.418,584,60,0,0.01
1297,500,263.9161487573601,23.852,25.016,582,62,0,0.01
1298,500,268.4217356194354,22.84,23.998,579,62,0,0.01
1299,500,252.9682928033974,20.592,21.7,554,63,0,0.01
1300,500,260.45898136660514,21.792,22.91,559,64,0,0.01
1301,500,262.9384962056617,23.254,24.394,570,71,0,0.01
1302,500,261.9161487573599,25.116,26.28,582,61,0,0.01
1303,500,275.90125045849186,23.396,24.576,590,65,0,0.01
1304,500,256.45525679188796,18.986,20.108,561,66,0,0.01
1305,296,104.41896634415215,25.27027027027027,26.324324324324323,312,40,1,0.01
1306,140,3.289561528490939,27.95,28.757142857142856,113,21,1,0.01
1307,500,268.9161487573598,23.016,24.18,582,62,0,0.01
1308,500,281.3733161481149,21.128,22.338,605,67,0,0.01
1309,500,248.98691567698233,18.008,19.096,544,65,0,0.01
1310,283,114.91337948207672,25.296819787985864,26.40989399293286,315,37,1,0.01
1311,500,257.4552567918881,24.06,25.182,561,64,0,0.01
1312,500,281.35841784924696,24.412,25.638,613,65,0,0.01
1313,500,250.46643051603888,22.348,23.458,555,73,0,0.01
1314,500,256.9459453550956,18.732,19.864,566,63,0,0.01
1315,500,257.462705941322,20.156,21.27,557,67,0,0.01
1316,500,270.87517843547323,23.176,24.384,604,63,0,0.01
1317,500,270.347244125096,24.084,25.322,619,61,0,0.01
1318,500,257.48877796434084,17.564,18.65,543,66,0,0.01
1319,500,226.47015509075604,28.544,29.65,553,63,0,0.01
1320,500,253.45525679188788,20.056,21.178,561,61,0,0.01
1321,500,253.46643051603903,19.68,20.79,555,61,0,0.01
1322,500,264.42546019415255,21.116,22.27,577,62,0,0.01
1323,500,297.3286212515111,23.382,24.64,629,61,0,0.01
1324,500,276.3844898722657,25.95,27.148,599,61,0,0.01
1325,500,260.44408306773704,19.32,20.454,567,65,0,0.01
1326,500,266.927322481511,28.7,29.852,576,62,0,0.01
1327,500,273.4031127458505,23.97,25.148,589,65,0,0.01
1328,500,253.48132881490685,19.29,20.384,547,61,0,0.01
1329,500,248.4887779643409,18.206,19.292,543,68,0,0.01
1330,168,30.200171735283504,24.511904761904763,25.470238095238095,161,21,1,0.01
1331,500,270.90869960792594,19.146,20.318,586,62,0,0.01
1332,418,187.12472494151058,24.50956937799043,25.63397129186603,470,53,1,0.01
1333,500,273.4105618952845,20.334,21.504,585,64,0,0.01
1334,500,261.43663391830313,19.666,20.808,571,64,0,0.01
1335,500,267.4254601941524,22.308,23.462,577,62,0,0.01
1336,500,264.9198733320771,23.08,24.24,580,61,0,0.01
1337,500,255.92732248151046,20.188,21.34,576,66,0,0.01
1338,500,257.9012504584917,25.806,26.986,590,64,0,0.01
1339,500,259.9608436539635,20.346,21.462,558,58,0,0.01
1340,500,241.97574195283147,22.754,23.854,550,64,0,0.01
1341,500,271.8900767343413,23.37,24.562,596,62,0,0.01
1342,500,254.45153221717098,22.642,23.768,563,62,0,0.01
1343,500,258.9161487573596,22.902,24.066,582,62,0,0.01
1344,500,272.92359790679393,24.684,25.84,578,61,0,0.01
1345,500,267.43663391830336,21.898,23.04,571,64,0,0.01
1346,500,266.91987333207675,20.768,21.928,580,65,0,0.01
1347,500,261.43663391830336,19.916,21.058,571,64,0,0.01
1348,500,265.96829280339756,20.498,21.606,554,64,0,0.01
1349,500,247.49622711377475,17.842,18.92,539,66,0,0.01
1350,500,247.49250253905765,18.982,20.064,541,64,0,0.01
1351,500,237.9869156769823,23.18,24.268,544,63,0,0.01
1352,500,277.91614875736,19.796,20.96,582,64,0,0.01
1353,500,219.57071860811448,20.51,21.508,499,63,0,0.01
1354,500,265.96084365396354,19.758,20.874,558,65,0,0.01
1355,500,278.8826275849072,22.304,23.504,600,62,0,0.01
1356,500,268.90125045849186,21.992,23.172,590,65,0,0.01
1357,500,267.90497503320887,20.842,22.018,588,68,0,0.01
1358,500,249.49622711377472,17.648,18.726,539,64,0,0.01
1359,500,251.95339450452957,19.512,20.636,562,62,0,0.01
1360,500,216.53719743566148,18.836,19.87,517,64,0,0.01
1361,500,233.51484998735972,17.376,18.434,529,62,0,0.01
1362,500,274.8714538607564,23.414,24.626,606,63,0,0.01
1363,456,221.49622711377486,26.69956140350877,27.88157894736842,539,58,1,0.01
1364,500,261.9459453550956,21.116,22.248,566,66,0,0.01
1365,500,244.93104705622753,25.896,27.044,574,64,0,0.01
1366,500,292.34724412509615,20.954,22.192,619,65,0,0.01
1367,500,267.39193902169944,21.75,22.94,595,62,0,0.01
1368,500,262.42546019415215,20.086,21.24,577,63,0,0.01
1369,500,276.3956635964168,22.638,23.824,593,63,0,0.01
1370,500,252.92359790679345,21.552,22.708,578,66,0,0.01
1371,500,285.908699607926,23.136,24.308,586,62,0,0.01
1372,500,282.8826275849075,21.806,23.006,600,62,0,0.01
1373,500,286.86028013660535,23.384,24.608,612,62,0,0.01
1374,500,272.9049750332089,18.786,19.962,588,62,0,0.01
1375,500,248.9943648264163,19.06,20.14,540,66,0,0.01
1376,500,268.3733161481145,25.286,26.496,605,60,0,0.01
1377,350,146.7941930911334,21.84285714285714,22.925714285714285,379,48,1,0.01
1378,500,239.00181397585024,17.81,18.882,536,61,0,0.01
1379,500,237.96084365396354,25.972,27.088,558,68,0,0.01
1380,500,265.92732248151077,21.644,22.796,576,65,0,0.01
1381,500,286.88262758490737,25.726,26.926,600,63,0,0.01
1382,500,267.90869960792566,19.808,20.98,586,65,0,0.01
1383,500,284.8863521596245,21.52,22.716,598,63,0,0.01
1384,500,255.9869156769821,17.346,18.434,544,66,0,0.01
1385,500,241.96829280339733,21.482,22.59,554,63,0,0.01
1386,500,278.85655556188834,25.36,26.588,614,60,0,0.01
1387,500,221.53719743566154,18.584,19.618,517,73,0,0.01
1388,500,259.44035849301997,19.542,20.68,569,64,0,0.01
1389,329,142.7979176658502,25.64437689969605,26.790273556231003,377,42,1,0.01
1390,500,270.4217356194354,21.494,22.652,579,64,0,0.01
1391,500,269.9384962056619,21.576,22.716,570,65,0,0.01
1392,500,255.45898136660495,19.184,20.302,559,67,0,0.01
1393,500,251.86028013660504,29.078,30.302,612,64,0,0.01
1394,500,287.8267589641528,24.596,25.856,630,61,0,0.01
1395,500,279.36959157339794,24.972,26.186,607,65,0,0.01
1396,500,260.45525679188813,25.974,27.096,561,61,0,0.01
1397,500,253.4962271137747,17.512,18.59,539,69,0,0.01
1398,500,273.3844898722659,29.98,31.178,599,61,0,0.01
1399,319,124.83888798773731,26.0564263322884,27.169278996865202,355,39,1,0.01
1400,500,241.0427842977371,17.434,18.462,514,67,0,0.01
1401,500,281.88262758490714,21.222,22.422,600,65,0,0.01
1402,500,288.35096869981317,23.756,24.99,617,61,0,0.01
1403,500,278.89752588377536,21.898,23.082,592,61,0,0.01
1404,500,275.8640047113225,24.018,25.238,610,62,0,0.01
1405,500,276.87517843547334,26.524,27.732,604,60,0,0.01
1406,500,283.8677292860393,25.218,26.434,608,60,0,0.01
1407,500,271.91242418264306,24.75,25.918,584,57,0,0.01
1408,500,235.47387966547302,20.5,21.602,551,62,0,0.01
1409,109,0.31563355150974703,27.972477064220183,28.880733944954127,99,15,1,0.01
1410,500,272.3844898722659,25.616,26.814,599,61,0,0.01
1411,500,250.4254601941522,29.8,30.954,577,63,0,0.01
1412,500,273.8863521596243,24.224,25.42,598,60,0,0.01
1413,500,291.8491064124548,21.738,22.974,618,61,0,0.01
1414,172,25.211345459434426,25.703488372093023,26.6046511627907,155,25,1,0.01
1415,500,258.44408306773687,23.156,24.29,567,63,0,0.01
1416,500,268.45153221717123,21.92,23.046,563,62,0,0.01
1417,437,198.09492834377482,22.389016018306638,23.501144164759726,486,57,1,0.01
1418,500,262.9198733320769,22.14,23.3,580,65,0,0.01
1419,500,248.48877796434087,22.796,23.882,543,66,0,0.01
1420,500,243.00926312528432,16.996,18.06,532,68,0,0.01
1421,500,289.32489667679414,27.73,28.992,631,60,0,0.01
1422,500,258.48132881490704,19.672,20.766,547,59,0,0.01
1423,500,252.97946652754837,19.98,21.076,548,63,0,0.01
1424,500,277.8565555618888,23.06,24.288,614,60,0,0.01
1425,342,144.7755702175485,25.619883040935672,26.757309941520468,389,45,1,0.01
1426,500,290.8416572630208,22.598,23.842,622,67,0,0.01
1427,500,273.3919390216994,23.45,24.64,595,63,0,0.01
1428,500,264.9384962056617,25.854,26.994,570,58,0,0.01
1429,500,279.8677292860394,31.128,32.344,608,61,0,0.01
1430,500,278.8900767343412,21.626,22.818,596,62,0,0.01
1431,500,265.4366339183033,18.854,19.996,571,60,0,0.01
1432,500,251.41801104471807,29.12,30.282,581,61,0,0.01
1433,500,249.4701550907559,20.694,21.8,553,64,0,0.01
1434,272,90.98787097641619,21.99264705882353,23.003676470588236,275,36,1,0.01
1435,500,253.4664305160389,18.558,19.668,555,64,0,0.01
1436,500,270.4291847688695,20.416,21.566,575,62,0,0.01
1437,500,256.444083067737,23.132,24.266,567,63,0,0.01
1438,500,255.44035849301994,21.996,23.134,569,63,0,0.01
1439,500,270.3733161481145,25.054,26.264,605,61,0,0.01
1440,500,264.43290934358635,26.576,27.722,573,61,0,0.01
1441,500,235.96829280339756,22.444,23.552,554,65,0,0.01
1442,500,258.4664305160389,22.51,23.62,555,66,0,0.01
1443,500,252.93849620566158,18.91,20.05,570,62,0,0.01
1444,500,248.96084365396334,21.158,22.274,558,62,0,0.01
1445,500,279.3956635964167,23.006,24.192,593,65,0,0.01
1446,500,282.3658669986809,24.64,25.858,609,65,0,0.01
1447,500,261.40683732056726,26.352,27.526,587,61,0,0.01
1448,500,249.4478076424539,25.524,26.654,565,62,0,0.01
1449,500,276.39938817113375,24.378,25.56,591,62,0,0.01
1450,385,170.1917672864165,28.545454545454547,29.672727272727272,434,51,1,0.01
1451,500,267.4254601941522,22.482,23.636,577,65,0,0.01
1452,500,261.4180110447182,21.808,22.97,581,65,0,0.01
1453,500,245.45525679188793,18.352,19.474,561,65,0,0.01
1454,500,255.93477163094465,23.362,24.506,572,65,0,0.01
1455,500,262.9198733320765,24.138,25.298,580,59,0,0.01
1456,500,249.99064025169926,19.532,20.616,542,64,0,0.01
1457,500,302.2764772054739,28.83,30.144,657,63,0,0.01
1458,500,266.4254601941524,21.308,22.462,577,65,0,0.01
1459,500,253.45153221717104,23.936,25.062,563,62,0,0.01
1460,500,274.39193902169967,22.962,24.152,595,60,0,0.01
1461,500,261.94222078037853,24.9,26.036,568,61,0,0.01
1462,500,274.90497503320904,26.862,28.038,588,63,0,0.01
1463,311,132.8239896888694,24.964630225080384,26.131832797427652,363,39,1,0.01
1464,500,268.9161487573598,20.822,21.986,582,65,0,0.01
1465,500,263.93104705622767,24.648,25.796,574,62,0,0.01
1466,500,281.8751784354731,21.696,22.904,604,61,0,0.01
1467,500,262.9161487573596,24.842,26.006,582,65,0,0.01
1468,500,268.90497503320915,24.176,25.352,588,60,0,0.01
1469,500,268.4254601941525,21.438,22.592,577,65,0,0.01
1470,200,46.64616540188735,24.325,25.275,190,27,1,0.01
1471,500,270.908699607926,25.574,26.746,586,63,0,0.01
1472,500,268.8714538607561,26.302,27.514,606,61,0,0.01
1473,500,251.97574195283138,23.866,24.966,550,61,0,0.01
1474,500,283.89007673434133,22.446,23.638,596,60,0,0.01
1475,500,236.97574195283144,22.332,23.432,550,61,0,0.01
1476,500,252.4142864700013,27.964,29.13,583,59,0,0.01
1477,500,267.9273224815107,21.292,22.444,576,63,0,0.01
1478,500,279.9086996079261,24.45,25.622,586,63,0,0.01
1479,500,265.4329093435864,22.204,23.35,573,66,0,0.01
1480,500,280.40683732056743,22.464,23.638,587,61,0,0.01
1481,500,238.00181397585018,24.782,25.854,536,60,0,0.01
1482,500,260.9235979067938,22.714,23.87,578,61,0,0.01
1483,500,239.00553855056717,15.976,17.044,534,68,0,0.01
1484,500,268.9384962056618,18.558,19.698,570,65,0,0.01
1485,500,278.3993881711337,25.204,26.386,591,62,0,0.01
1486,500,253.43290934358598,25.274,26.42,573,60,0,0.01
1487,500,268.41056189528456,22.908,24.078,585,62,0,0.01
1488,500,254.9496699298124,20.74,21.868,564,63,0,0.01
1489,500,279.36959157339777,23.482,24.696,607,62,0,0.01
1490,500,282.3956635964168,22.738,23.924,593,60,0,0.01
1491,500,271.39938817113347,20.914,22.096,591,62,0,0.01
1492,500,276.4217356194354,21.39,22.548,579,64,0,0.01
1493,500,255.94966992981244,24.312,25.44,564,63,0,0.01
1494,500,255.46643051603897,22.486,23.596,555,63,0,0.01
1495,500,251.40311274585028,24.21,25.388,589,60,0,0.01
1496,500,264.45153221717106,20.388,21.514,563,65,0,0.01
1497,500,256.9682928033974,19.59,20.698,554,65,0,0.01
1498,500,280.36959157339777,20.45,21.664,607,66,0,0.01
1499,500,252.90125045849175,22.372,23.552,590,62,0,0.01
1500,500,245.00553855056725,15.466,16.534,534,68,0,0.01
1501,500,260.4627059413218,18.102,19.216,557,63,0,0.01
1502,500,245.97574195283144,23.48,24.58,550,65,0,0.01
1503,500,236.4627059413219,21.998,23.112,557,65,0,0.01
1504,207,65.56422475811398,26.17391304347826,27.304347826086957,234,28,1,0.01
1505,500,275.35469327452995,22.728,23.958,615,62,0,0.01
1506,174,36.664788275472226,26.862068965517242,27.896551724137932,180,22,1,0.01
1507,500,252.45153221717092,22.24,23.366,563,65,0,0.01
1508,500,279.8975258837751,22.188,23.372,592,64,0,0.01
1509,500,261.4515322171711,20.59,21.716,563,63,0,0.01
1510,401,158.2178393094352,21.30922693266833,22.356608478802993,420,56,1,0.01
1511,500,271.40311274585065,18.302,19.48,589,67,0,0.01
1512,500,248.99436482641613,23.1,24.18,540,65,0,0.01
1513,500,249.01298770000122,17.412,18.472,530,64,0,0.01
1514,500,283.89752588377536,20.732,21.916,592,63,0,0.01
1515,500,270.90869960792594,21.71,22.882,586,67,0,0.01
1516,500,268.41056189528445,20.422,21.592,585,63,0,0.01
1517,500,290.84910641245443,24.68,25.916,618,59,0,0.01
1518,221,76.50835613735943,30.941176470588236,32.13574660633484,264,30,1,0.01
1519,500,256.47387966547285,23.162,24.264,551,63,0,0.01
1520,500,267.466430516039,20.32,21.43,555,61,0,0.01
1521,500,277.3993881711336,20.286,21.468,591,61,0,0.01
1522,500,261.39193902169956,27.506,28.696,595,62,0,0.01
1523,500,284.3770407228319,22.236,23.442,603,66,0,0.01
1524,500,276.8342081135862,27.082,28.334,626,61,0,0.01
1525,500,263.4068373205674,21.904,23.078,587,62,0,0.01
1526,500,264.447807642454,21.672,22.802,565,64,0,0.01
1527,500,258.447807642454,20.486,21.616,565,62,0,0.01
1528,500,259.4105618952844,23.028,24.198,585,64,0,0.01
1529,500,275.85655556188857,26.906,28.134,614,60,0,0.01
1530,500,267.9124241826427,20.11,21.278,584,67,0,0.01
1531,500,288.33607040094506,26.164,27.414,625,58,0,0.01
1532,500,251.4701550907559,20.66,21.766,553,62,0,0.01
1533,500,232.00926312528415,19.536,20.6,532,65,0,0.01
1534,500,271.4291847688691,23.548,24.698,575,62,0,0.01
1535,500,257.458981366605,21.988,23.106,559,63,0,0.01
1536,500,251.9831911022654,21.014,22.106,546,62,0,0.01
1537,500,275.3919390216997,23.438,24.628,595,58,0,0.01
1538,500,272.912424182643,22.704,23.872,584,62,0,0.01
1539,500,279.40311274585054,20.894,22.072,589,65,0,0.01
1540,500,276.39566359641657,20.52,21.706,593,64,0,0.01
1541,500,269.4031127458505,25.736,26.914,589,62,0,0.01
1542,500,270.9273224815107,22.708,23.86,576,60,0,0.01
1543,500,242.96084365396345,19.386,20.502,558,66,0,0.01
1544,500,298.8118606652847,22.78,24.056,638,63,0,0.01
1545,500,279.823034389436,26.206,27.47,632,61,0,0.01
1546,500,268.3956635964164,25.386,26.572,593,60,0,0.01
1547,500,273.3993881711336,21.194,22.376,591,65,0,0.01
1548,500,273.39938817113364,22.318,23.5,591,65,0,0.01
1549,500,250.95339450452943,18.146,19.27,562,61,0,0.01
1550,500,260.41801104471836,20.406,21.568,581,63,0,0.01
1551,500,248.97201737811437,22.922,24.026,552,62,0,0.01
1552,500,214.5185745620767,22.716,23.77,527,63,0,0.01
1553,500,274.3658669986811,23.158,24.376,609,60,0,0.01
1554,500,265.9422207803787,20.31,21.446,568,66,0,0.01
1555,500,248.9422207803786,21.272,22.408,568,64,0,0.01
1556,500,239.0055385505672,18.796,19.864,534,66,0,0.01
1557,500,266.8975258837749,27.006,28.19,592,65,0,0.01
1558,500,250.97946652754823,19.148,20.244,548,68,0,0.01
1559,127,8.289561528490939,26.661417322834644,27.551181102362204,113,17,1,0.01
1560,500,274.91614875735985,19.586,20.75,582,62,0,0.01
1561,500,263.47760424019003,21.07,22.168,549,63,0,0.01
1562,500,251.95711907924658,20.302,21.422,560,62,0,0.01
1563,500,283.3882144469826,22.004,23.198,597,63,0,0.01
1564,500,266.40311274585025,23.274,24.452,589,64,0,0.01
1565,500,268.91614875735985,20.716,21.88,582,61,0,0.01
1566,500,275.9049750332092,25.45,26.626,588,59,0,0.01
1567,500,283.8751784354734,21.012,22.22,604,64,0,0.01
1568,500,262.4329093435862,22.48,23.626,573,66,0,0.01
1569,500,258.9012504584921,22.4,23.58,590,64,0,0.01
1570,500,293.3546932745301,22.376,23.606,615,63,0,0.01
1571,500,278.8640047113224,25.112,26.332,610,63,0,0.01
1572,500,257.97946652754825,18.672,19.768,548,66,0,0.01
1573,189,46.62754252830248,26.82010582010582,27.87830687830688,200,24,1,0.01
1574,500,235.5260237115106,18.616,19.662,523,65,0,0.01
1575,500,253.43663391830313,23.52,24.662,571,63,0,0.01
1576,500,271.91987333207686,21.046,22.206,580,60,0,0.01
1577,500,270.9161487573598,22.2,23.364,582,62,0,0.01
1578,500,258.4217356194353,24.7,25.858,579,62,0,0.01
1579,500,242.45898136660497,23.048,24.166,559,63,0,0.01
1580,500,279.3770407228321,26.994,28.2,603,62,0,0.01
1581,500,276.9124241826433,25.076,26.244,584,59,0,0.01
1582,500,245.9496699298122,21.436,22.564,564,66,0,0.01
1583,500,248.96456822868038,19.18,20.292,556,65,0,0.01
1584,500,283.37331614811507,22.908,24.118,605,62,0,0.01
1585,500,234.9980894011333,21.548,22.624,538,66,0,0.01
1586,500,251.49622711377467,16.998,18.076,539,69,0,0.01
1587,500,251.49995168849162,21.332,22.406,537,62,0,0.01
1588,500,269.92732248151094,20.636,21.788,576,65,0,0.01
1589,500,260.96084365396376,18.688,19.804,558,64,0,0.01
1590,500,276.37704072283174,22.782,23.988,603,61,0,0.01
1591,500,248.48877796434087,20.31,21.396,543,65,0,0.01
1592,500,264.95339450452957,22.954,24.078,562,64,0,0.01
1593,500,286.35096869981294,23.866,25.1,617,64,0,0.01
1594,500,269.90497503320864,22.162,23.338,588,65,0,0.01
1595,500,260.4180110447184,20.318,21.48,581,63,0,0.01
1596,500,265.44408306773727,22.528,23.662,567,59,0,0.01
1597,500,268.88262758490725,21.968,23.168,600,62,0,0.01
1598,151,28.731830620377803,28.807947019867548,29.76158940397351,144,21,1,0.01
1599,500,281.3658669986811,23.138,24.356,609,60,0,0.01
1600,500,281.89752588377513,20.746,21.93,592,66,0,0.01
1601,500,284.84538183773753,23.074,24.314,620,63,0,0.01
1602,500,270.908699607926,24.678,25.85,586,62,0,0.01
1603,500,280.8602801366055,28.144,29.368,612,61,0,0.01
1604,500,286.8677292860395,26.684,27.9,608,63,0,0.01
1605,500,260.47387966547285,19.216,20.318,551,68,0,0.01
1606,500,255.95711907924644,17.538,18.658,560,61,0,0.01
1607,500,295.83793268830357,24.182,25.43,624,62,0,0.01
1608,500,260.45153221717123,20.938,22.064,563,64,0,0.01
1609,500,269.9459453550958,19.91,21.042,566,62,0,0.01
1610,500,254.94594535509557,19.744,20.876,566,62,0,0.01
1611,500,265.38448987226536,22.812,24.01,599,62,0,0.01
1612,500,245.93477163094457,21.958,23.102,572,65,0,0.01
1613,500,237.4925025390578,22.116,23.198,541,63,0,0.01
1614,500,265.90869960792617,24.52,25.692,586,64,0,0.01
1615,500,273.8751784354732,24.52,25.728,604,63,0,0.01
1616,500,258.9310470562277,22.698,23.846,574,63,0,0.01
1617,500,267.89380130905795,25.652,26.84,594,61,0,0.01
1618,432,190.60051520585026,23.381944444444443,24.5,483,54,1,0.01
1619,500,265.43663391830336,20.8,21.942,571,62,0,0.01
1620,500,265.9422207803786,19.734,20.87,568,63,0,0.01
1621,500,288.8677292860393,22.904,24.12,608,64,0,0.01
1622,500,293.82675896415293,24.046,25.306,630,60,0,0.01
1623,500,273.904975033209,24.526,25.702,588,64,0,0.01
1624,500,278.35469327453,22.356,23.586,615,66,0,0.01
1625,500,256.44780764245405,20.93,22.06,565,65,0,0.01
1626,500,245.4999516884918,16.824,17.898,537,60,0,0.01
1627,500,279.365866998681,24.668,25.886,609,61,0,0.01
1628,500,243.97946652754834,21.218,22.314,548,64,0,0.01
1629,413,179.65265925188802,23.491525423728813,24.593220338983052,455,54,1,0.01
1630,500,249.97574195283136,19.268,20.368,550,67,0,0.01
1631,500,270.9422207803788,19.518,20.654,568,67,0,0.01
1632,500,279.3695915733978,21.802,23.016,607,62,0,0.01
1633,500,241.47760424018992,20.332,21.43,549,65,0,0.01
1634,500,253.46643051603886,21.756,22.866,555,61,0,0.01
1635,500,242.98319110226535,21.936,23.028,546,65,0,0.01
1636,500,267.46270594132204,19.144,20.258,557,68,0,0.01
1637,500,263.908699607926,24.006,25.178,586,62,0,0.01
1638,500,269.4217356194355,21.634,22.792,579,63,0,0.01
1639,500,254.46270594132181,20.11,21.224,557,66,0,0.01
1640,500,272.37704072283174,25.042,26.248,603,61,0,0.01
1641,500,273.39938817113335,21.588,22.77,591,66,0,0.01
1642,500,256.9384962056615,20.448,21.588,570,65,0,0.01
1643,500,275.90869960792605,23.964,25.136,586,62,0,0.01
1644,500,242.00553855056725,18.01,19.078,534,65,0,0.01
1645,500,270.9235979067939,21.556,22.712,578,62,0,0.01
1646,232,59.60891965471762,21.56896551724138,22.474137931034484,210,34,1,0.01
1647,500,265.45153221717146,19.944,21.07,563,62,0,0.01
1648,500,258.42918476886933,20.956,22.106,575,66,0,0.01
1649,500,255.99064025169915,20.31,21.394,542,66,0,0.01
1650,500,290.3621424239641,23.854,25.076,611,62,0,0.01
1651,500,253.95339450452943,23.028,24.152,562,67,0,0.01
1652,500,248.95339450452965,25.838,26.962,562,64,0,0.01
1653,500,281.3844898722658,22.2,23.398,599,61,0,0.01
1654,500,261.96456822868043,19.566,20.678,556,64,0,0.01
1655,500,286.35096869981294,23.126,24.36,617,63,0,0.01
1656,500,262.9347716309449,22.006,23.15,572,60,0,0.01
1657,500,272.4366339183033,21.716,22.858,571,64,0,0.01
1658,500,263.94594535509566,22.188,23.32,566,63,0,0.01
1659,500,247.4999516884917,19.772,20.846,537,63,0,0.01
1660,500,247.45525679188782,21.066,22.188,561,62,0,0.01
1661,500,275.38821444698283,22.362,23.556,597,65,0,0.01
1662,500,264.4403584930202,20.882,22.02,569,64,0,0.01
1663,500,223.50367626320883,19.776,20.846,535,64,0,0.01
1664,500,237.51857456207657,18.06,19.114,527,69,0,0.01
1665,500,290.343519550379,25.866,27.108,621,64,0,0.01
1666,500,236.93104705622756,22.808,23.956,574,63,0,0.01
1667,500,263.9273224815108,22.02,23.172,576,64,0,0.01
1668,379,144.28115707962408,23.722955145118732,24.741424802110817,386,49,1,0.01
1669,500,239.0167122747181,16.462,17.518,528,67,0,0.01
1670,500,261.4440830677371,25.154,26.288,567,61,0,0.01
1671,500,265.92359790679393,22.868,24.024,578,61,0,0.01
1672,500,262.41056189528445,26.024,27.194,585,67,0,0.01
1673,500,254.462705941322,18.59,19.704,557,64,0,0.01
1674,500,264.4403584930201,22.68,23.818,569,65,0,0.01
1675,500,271.41056189528445,23.25,24.42,585,62,0,0.01
1676,500,244.96456822868043,18.778,19.89,556,68,0,0.01
1677,500,253.9831911022653,18.006,19.098,546,62,0,0.01
1678,500,273.90497503320887,21.048,22.224,588,66,0,0.01
1679,500,272.93477163094497,23.316,24.46,572,67,0,0.01
1680,500,254.94966992981261,21.95,23.078,564,65,0,0.01
1681,500,249.00181397585013,18.058,19.13,536,64,0,0.01
1682,500,226.51484998735984,25.948,27.006,529,64,0,0.01
1683,500,258.43663391830324,21.752,22.894,571,67,0,0.01
1684,500,262.9086996079259,23.508,24.68,586,65,0,0.01
1685,500,291.3286212515116,25.41,26.668,629,58,0,0.01
1686,500,281.8863521596247,29.21,30.406,598,59,0,0.01
1687,500,265.4217356194354,22.5,23.658,579,64,0,0.01
1688,400,164.70480329792568,22.3425,23.41,427,55,1,0.01
1689,500,265.41428647000157,22.698,23.864,583,61,0,0.01
1690,500,259.897525883775,22.798,23.982,592,67,0,0.01
1691,500,268.93104705622784,21.926,23.074,574,66,0,0.01
1692,500,261.89752588377513,24.23,25.414,592,61,0,0.01
1693,500,273.4180110447186,20.5,21.662,581,60,0,0.01
1694,500,264.9459453550958,18.404,19.536,566,65,0,0.01
1695,500,266.89007673434105,22.978,24.17,596,65,0,0.01
1696,500,285.8416572630209,21.01,22.254,622,65,0,0.01
1697,500,267.4291847688693,24.296,25.446,575,62,0,0.01
1698,500,250.46643051603905,19.988,21.098,555,67,0,0.01
1699,500,250.48877796434076,16.914,18.0,543,64,0,0.01
1700,500,275.9049750332091,24.0,25.176,588,64,0,0.01
1701,500,255.96456822868043,19.158,20.27,556,64,0,0.01
1702,500,234.42173561943505,24.83,25.988,579,64,0,0.01
1703,500,248.00926312528438,17.908,18.972,532,63,0,0.01
1704,500,280.4180110447186,21.452,22.614,581,64,0,0.01
1705,500,293.8565555618885,23.564,24.792,614,66,0,0.01
1706,500,267.9086996079257,20.136,21.308,586,66,0,0.01
1707,500,261.4440830677369,19.352,20.486,567,64,0,0.01
1708,500,265.41056189528416,27.938,29.108,585,63,0,0.01
1709,423,188.62658722886908,23.430260047281322,24.53900709219858,469,54,1,0.01
1710,120,1.3044598273588353,24.391666666666666,25.266666666666666,105,18,1,0.01
1711,500,246.93849620566155,27.772,28.912,570,58,0,0.01
1712,500,276.39566359641674,23.976,25.162,593,63,0,0.01
1713,500,273.4105618952844,25.316,26.486,585,61,0,0.01
1714,500,273.91614875736,19.582,20.746,582,62,0,0.01
1715,500,232.03905972302,18.436,19.468,516,63,0,0.01
1716,500,249.0241614241521,18.088,19.136,524,67,0,0.01
1717,500,263.44408306773727,23.1,24.234,567,60,0,0.01
1718,500,281.36586699868104,22.358,23.576,609,63,0,0.01
1719,500,243.466430516039,22.866,23.976,555,61,0,0.01
1720,500,263.9347716309445,21.596,22.74,572,68,0,0.01
1721,500,271.4217356194355,22.096,23.254,579,68,0,0.01
1722,213,51.605195080000655,25.910798122065728,26.906103286384976,212,27,1,0.01
1723,500,258.97946652754854,23.286,24.382,548,62,0,0.01
1724,500,284.8304835388697,24.996,26.252,628,61,0,0.01
1725,500,257.4142864700012,21.218,22.384,583,69,0,0.01
1726,366,177.15452153924653,27.420765027322403,28.661202185792348,454,45,1,0.01
1727,500,244.96829280339733,19.706,20.814,554,67,0,0.01
1728,500,274.89380130905823,22.122,23.31,594,61,0,0.01
1729,500,264.90869960792577,20.446,21.618,586,61,0,0.01
1730,500,282.3770407228316,22.35,23.556,603,64,0,0.01
1731,500,252.45525679188816,24.502,25.624,561,65,0,0.01
1732,500,245.95339450452963,23.91,25.034,562,63,0,0.01
1733,500,281.3211721020774,25.09,26.356,633,61,0,0.01
1734,500,257.9198733320766,24.972,26.132,580,60,0,0.01
1735,500,279.4180110447187,20.476,21.638,581,64,0,0.01
1736,500,289.8565555618885,22.218,23.446,614,64,0,0.01
1737,500,267.90125045849203,22.186,23.366,590,65,0,0.01
1738,500,270.3546932745298,22.926,24.156,615,60,0,0.01
1739,500,233.481328814907,25.418,26.512,547,62,0,0.01
1740,500,283.38076529754863,22.446,23.648,601,63,0,0.01
1741,500,264.42918476886945,21.224,22.374,575,65,0,0.01
1742,145,30.720656896226863,24.675862068965518,25.71034482758621,150,20,1,0.01
1743,500,253.48132881490673,19.532,20.626,547,63,0,0.01
1744,500,255.97201737811446,21.452,22.556,552,67,0,0.01
1745,500,249.97946652754842,19.698,20.794,548,65,0,0.01
1746,500,254.96829280339742,19.946,21.054,554,62,0,0.01
1747,500,260.4254601941522,19.458,20.612,577,63,0,0.01
1748,500,236.48505338962386,20.534,21.624,545,64,0,0.01
1749,500,254.9273224815106,20.41,21.562,576,64,0,0.01
1750,500,260.4105618952844,21.898,23.068,585,65,0,0.01
1751,500,234.96084365396348,23.38,24.496,558,68,0,0.01
1752,407,169.7010787232089,22.611793611793612,23.665847665847664,429,52,1,0.01
1753,500,227.5111254126428,20.684,21.746,531,66,0,0.01
1754,500,275.43663391830324,21.64,22.782,571,63,0,0.01
1755,500,267.4068373205674,24.974,26.148,587,63,0,0.01
1756,500,261.40311274585036,24.03,25.208,589,62,0,0.01
1757,500,265.44035849302026,21.916,23.054,569,67,0,0.01
1758,500,262.91987333207663,21.36,22.52,580,63,0,0.01
1759,500,279.339794975662,27.552,28.798,623,63,0,0.01
1760,500,262.9571190792465,18.344,19.464,560,69,0,0.01
1761,500,288.36586699868093,21.884,23.102,609,66,0,0.01
1762,500,259.9273224815107,23.0,24.152,576,62,0,0.01
1763,500,271.41801104471836,20.392,21.554,581,65,0,0.01
1764,500,258.96829280339745,20.636,21.744,554,66,0,0.01
1765,500,240.432909343586,22.908,24.054,573,62,0,0.01
1766,500,279.3472441250965,21.67,22.908,619,64,0,0.01
1767,500,257.9384962056618,26.71,27.85,570,62,0,0.01
1768,500,261.91987333207675,23.37,24.53,580,64,0,0.01
1769,500,263.91242418264284,21.358,22.526,584,68,0,0.01
1770,500,260.4478076424541,19.11,20.24,565,63,0,0.01
1771,500,254.9049750332086,22.576,23.752,588,67,0,0.01
1772,500,227.56699403339752,17.352,18.354,501,61,0,0.01
1773,500,263.9608436539635,18.992,20.108,558,65,0,0.01
1774,500,289.88262758490737,19.78,20.98,600,64,0,0.01
1775,500,282.8602801366056,22.126,23.35,612,63,0,0.01
1776,500,252.50740083792567,21.486,22.552,533,63,0,0.01
1777,500,273.41428647000146,21.776,22.942,583,63,0,0.01
1778,500,275.89380130905823,20.274,21.462,594,64,0,0.01
1779,500,249.51857456207668,15.254,16.308,527,66,0,0.01
1780,500,286.8863521596241,21.556,22.752,598,64,0,0.01
1781,500,260.41801104471824,22.93,24.092,581,69,0,0.01
1782,500,269.89752588377513,23.466,24.65,592,65,0,0.01
1783,500,257.9533945045297,19.186,20.31,562,65,0,0.01
1784,500,271.39566359641657,20.494,21.68,593,64,0,0.01
1785,500,283.35096869981317,22.258,23.492,617,62,0,0.01
1786,500,271.901250458492,22.994,24.174,590,64,0,0.01
1787,500,271.3509686998132,28.776,30.01,617,60,0,0.01
1788,500,252.49250253905768,17.33,18.412,541,67,0,0.01
1789,500,267.45153221717106,17.128,18.254,563,66,0,0.01
1790,500,266.8863521596242,25.164,26.36,598,62,0,0.01
1791,500,251.0129877000012,17.324,18.384,530,71,0,0.01
1792,500,249.99808940113326,16.576,17.652,538,66,0,0.01
1793,500,252.94966992981225,19.222,20.35,564,67,0,0.01
1794,500,239.99064025169938,18.142,19.226,542,65,0,0.01
1795,500,254.96456822868035,18.558,19.67,556,65,0,0.01
1796,500,265.94222078037865,18.51,19.646,568,63,0,0.01
1797,500,266.93104705622756,20.286,21.434,574,69,0,0.01
1798,500,278.8900767343414,20.708,21.9,596,66,0,0.01
1799,500,268.4180110447182,19.842,21.004,581,66,0,0.01
1800,500,259.9384962056615,20.302,21.442,570,65,0,0.01
1801,500,264.8938013090578,19.666,20.854,594,64,0,0.01
1802,500,257.44035849302014,20.2,21.338,569,65,0,0.01
1803,500,287.84165726302086,24.114,25.358,622,61,0,0.01
1804,500,272.40683732056743,21.736,22.91,587,67,0,0.01
1805,500,268.44035849302037,19.41,20.548,569,65,0,0.01
1806,500,260.444083067737,16.928,18.062,567,68,0,0.01
1807,500,274.901250458492,21.062,22.242,590,65,0,0.01
1808,500,271.8826275849071,22.214,23.414,600,63,0,0.01
1809,500,290.86772928603943,21.434,22.65,608,66,0,0.01
1810,500,250.48505338962386,18.26,19.35,545,67,0,0.01
1811,500,245.4887779643409,20.846,21.932,543,64,0,0.01
1812,500,238.52229913679363,16.52,17.57,525,64,0,0.01
1813,500,301.29510007905844,24.216,25.51,647,63,0,0.01
1814,500,253.44780764245405,22.688,23.818,565,68,0,0.01
1815,500,270.89007673434105,20.028,21.22,596,64,0,0.01
1816,500,256.3882144469822,21.422,22.616,597,62,0,0.01
1817,500,265.9384962056617,18.202,19.342,570,66,0,0.01
1818,500,263.455256791888,17.388,18.51,561,68,0,0.01
1819,500,264.451532217171,19.696,20.822,563,65,0,0.01
1820,500,277.8602801366056,22.884,24.108,612,68,0,0.01
1821,500,264.46643051603905,17.066,18.176,555,67,0,0.01
1822,500,264.871453860756,22.996,24.208,606,61,0,0.01
1823,500,284.3733161481149,22.084,23.294,605,67,0,0.01
1824,500,256.9608436539637,21.228,22.344,558,66,0,0.01
1825,500,262.46270594132204,20.044,21.158,557,65,0,0.01
1826,500,279.41428647000146,19.346,20.512,583,65,0,0.01
1827,500,273.88262758490725,22.402,23.602,600,68,0,0.01
1828,500,272.8826275849073,20.9,22.1,600,67,0,0.01
1829,500,264.9422207803786,20.708,21.844,568,61,0,0.01
1830,500,273.9124241826429,20.39,21.558,584,67,0,0.01
1831,500,291.35469327453023,24.116,25.346,615,64,0,0.01
1832,500,279.38076529754863,20.086,21.288,601,66,0,0.01
1833,500,255.45898136660497,18.4,19.518,559,67,0,0.01
1834,500,265.91242418264306,19.35,20.518,584,62,0,0.01
1835,500,276.4031127458505,20.21,21.388,589,67,0,0.01
1836,500,284.39938817113364,19.116,20.298,591,65,0,0.01
1837,500,272.9235979067938,18.746,19.902,578,65,0,0.01
1838,500,267.912424182643,19.1,20.268,584,67,0,0.01
1839,500,283.86028013660564,23.278,24.502,612,63,0,0.01
1840,500,259.9347716309447,24.158,25.302,572,61,0,0.01
1841,500,257.97574195283147,16.804,17.904,550,66,0,0.01
1842,500,262.94222078037893,20.848,21.984,568,66,0,0.01
1843,500,286.84165726302024,25.69,26.934,622,62,0,0.01
1844,500,265.9273224815108,20.76,21.912,576,68,0,0.01
1845,500,253.95339450452943,17.32,18.444,562,66,0,0.01
1846,500,254.97201737811437,18.108,19.212,552,67,0,0.01
1847,500,281.38821444698283,22.144,23.338,597,61,0,0.01
1848,500,254.94222078037853,21.91,23.046,568,67,0,0.01
1849,500,280.4031127458503,22.73,23.908,589,70,0,0.01
1850,500,275.90497503320915,18.314,19.49,588,70,0,0.01
1851,500,243.46643051603888,19.842,20.952,555,63,0,0.01
1852,500,278.85283098717156,20.844,22.076,616,65,0,0.01
1853,500,260.4031127458503,22.016,23.194,589,67,0,0.01
1854,500,275.3956635964167,22.252,23.438,593,66,0,0.01
1855,500,270.9422207803787,19.824,20.96,568,67,0,0.01
1856,500,282.3323458262281,27.864,29.118,627,61,0,0.01
1857,500,268.39193902169956,22.836,24.026,595,66,0,0.01
1858,500,254.97946652754825,17.072,18.168,548,65,0,0.01
1859,500,292.339794975662,25.22,26.466,623,64,0,0.01
1860,500,285.8528309871716,24.588,25.82,616,61,0,0.01
1861,500,272.40683732056766,18.946,20.12,587,67,0,0.01
1862,500,268.912424182643,20.142,21.31,584,66,0,0.01
1863,500,257.39938817113307,23.908,25.09,591,70,0,0.01
1864,500,283.8751784354734,23.394,24.602,604,67,0,0.01
1865,500,256.9794665275484,17.426,18.522,548,66,0,0.01
1866,500,261.93104705622756,21.396,22.544,574,69,0,0.01
1867,500,269.87890301019013,23.798,25.002,602,67,0,0.01
1868,500,255.4105618952843,21.44,22.61,585,65,0,0.01
1869,500,250.9533945045295,18.642,19.766,562,69,0,0.01
1870,500,259.92359790679376,22.652,23.808,578,66,0,0.01
1871,500,262.8863521596238,24.19,25.386,598,62,0,0.01
1872,500,264.4440830677371,21.378,22.512,567,61,0,0.01
1873,500,271.89752588377485,20.118,21.302,592,64,0,0.01
1874,500,260.89752588377485,22.34,23.524,592,60,0,0.01
1875,500,257.9422207803784,17.284,18.42,568,68,0,0.01
1876,500,272.3882144469827,23.312,24.506,597,67,0,0.01
1877,500,262.9198733320768,19.988,21.148,580,64,0,0.01
1878,500,270.43290934358595,19.484,20.63,573,65,0,0.01
1879,500,251.42918476886905,19.732,20.882,575,64,0,0.01
1880,500,287.8826275849075,21.712,22.912,600,60,0,0.01
1881,500,255.44035849301991,22.046,23.184,569,69,0,0.01
1882,500,242.47760424018986,19.172,20.27,549,64,0,0.01
1883,500,271.4105618952845,22.68,23.85,585,62,0,0.01
1884,500,250.98691567698245,18.898,19.986,544,61,0,0.01
1885,500,276.3956635964167,21.684,22.87,593,67,0,0.01
1886,500,263.36586699868053,22.504,23.722,609,62,0,0.01
1887,500,245.91614875735974,24.65,25.814,582,62,0,0.01
1888,500,252.44408306773715,22.362,23.496,567,62,0,0.01
1889,500,273.8863521596239,21.12,22.316,598,64,0,0.01
1890,500,267.89380130905784,19.38,20.568,594,63,0,0.01
1891,500,253.9831911022653,18.312,19.404,546,67,0,0.01
1892,500,268.4329093435861,20.966,22.112,573,64,0,0.01
1893,500,271.39566359641657,23.33,24.516,593,62,0,0.01
1894,500,283.86772928603926,23.39,24.606,608,62,0,0.01
1895,500,265.9496699298127,20.926,22.054,564,68,0,0.01
1896,500,268.91614875736,23.136,24.3,582,61,0,0.01
1897,500,252.4254601941521,21.12,22.274,577,66,0,0.01
1898,500,248.91242418264255,22.402,23.57,584,66,0,0.01
1899,500,266.9459453550956,21.088,22.22,566,65,0,0.01
1900,500,263.45525679188825,20.396,21.518,561,67,0,0.01
1901,500,281.8751784354733,21.584,22.792,604,68,0,0.01
1902,500,265.44780764245417,18.328,19.458,565,66,0,0.01
1903,500,264.9496699298127,17.846,18.974,564,66,0,0.01
1904,500,251.9459453550957,20.922,22.054,566,68,0,0.01
1905,500,264.47387966547296,20.614,21.716,551,63,0,0.01
1906,500,275.38821444698283,22.256,23.45,597,68,0,0.01
1907,500,260.432909343586,22.328,23.474,573,65,0,0.01
1908,500,255.9459453550953,18.996,20.128,566,72,0,0.01
1909,500,255.93104705622747,25.13,26.278,574,61,0,0.01
1910,500,243.95339450452965,21.184,22.308,562,62,0,0.01
1911,500,261.95339450452957,19.744,20.868,562,69,0,0.01
1912,500,271.9086996079261,22.84,24.012,586,65,0,0.01
1913,500,268.91614875735974,20.046,21.21,582,61,0,0.01
1914,500,263.4142864700013,19.964,21.13,583,65,0,0.01
1915,500,265.919873332077,22.916,24.076,580,62,0,0.01
1916,500,263.4627059413222,18.37,19.484,557,61,0,0.01
1917,500,289.8453818377375,25.07,26.31,620,61,0,0.01
1918,500,256.47015509075584,20.236,21.342,553,64,0,0.01
1919,500,256.47015509075595,18.602,19.708,553,67,0,0.01
1920,500,259.93477163094497,21.46,22.604,572,63,0,0.01
1921,500,265.4217356194355,21.472,22.63,579,63,0,0.01
1922,500,273.3621424239638,23.534,24.756,611,67,0,0.01
1923,500,256.45525679188796,20.45,21.572,561,64,0,0.01
1924,500,275.89380130905846,18.692,19.88,594,64,0,0.01
1925,500,266.94222078037876,21.214,22.35,568,66,0,0.01
1926,500,278.36214242396403,22.988,24.21,611,66,0,0.01
1927,500,252.9645682286803,18.25,19.362,556,64,0,0.01
1928,500,258.9384962056615,20.152,21.292,570,65,0,0.01
1929,500,278.36959157339777,22.734,23.948,607,60,0,0.01
1930,500,271.3844898722655,23.716,24.914,599,62,0,0.01
1931,500,290.2876509296247,29.842,31.144,651,61,0,0.01
1932,500,281.87517843547334,21.614,22.822,604,66,0,0.01
1933,500,275.89752588377513,21.486,22.67,592,66,0,0.01
1934,500,240.52229913679363,16.818,17.868,525,61,0,0.01
1935,500,283.87517843547363,27.096,28.304,604,59,0,0.01
1936,500,262.9682928033975,18.848,19.956,554,66,0,0.01
1937,500,269.90869960792594,20.966,22.138,586,64,0,0.01
1938,500,265.45153221717106,19.918,21.044,563,64,0,0.01
1939,500,260.4366339183031,23.116,24.258,571,64,0,0.01
1940,500,247.47387966547288,16.908,18.01,551,68,0,0.01
1941,500,284.8826275849075,20.956,22.156,600,64,0,0.01
1942,500,266.89752588377496,22.086,23.27,592,62,0,0.01
1943,500,266.43663391830324,19.792,20.934,571,65,0,0.01
1944,500,258.44780764245394,20.012,21.142,565,63,0,0.01
1945,500,276.3956635964166,21.57,22.756,593,65,0,0.01
1946,500,266.95711907924635,18.702,19.822,560,62,0,0.01
1947,500,265.432909343586,19.734,20.88,573,63,0,0.01
1948,500,249.48505338962377,18.79,19.88,545,63,0,0.01
1949,500,261.42918476886916,20.154,21.304,575,66,0,0.01
1950,500,290.3286212515114,23.652,24.91,629,63,0,0.01
1951,500,258.42173561943525,23.576,24.734,579,62,0,0.01
1952,500,272.9235979067937,21.054,22.21,578,64,0,0.01
1953,500,260.90869960792577,19.492,20.664,586,64,0,0.01
1954,500,263.92732248151066,23.372,24.524,576,60,0,0.01
1955,500,274.42546019415244,18.998,20.152,577,64,0,0.01
1956,500,266.4440830677371,19.694,20.828,567,62,0,0.01
1957,500,237.49622711377467,19.942,21.02,539,64,0,0.01
1958,500,238.02788599886904,18.06,19.104,522,65,0,0.01
1959,500,252.47760424018986,21.086,22.184,549,64,0,0.01
1960,500,277.41056189528445,20.188,21.358,585,66,0,0.01
1961,500,255.9608436539634,18.634,19.75,558,65,0,0.01
1962,500,257.9124241826427,24.728,25.896,584,63,0,0.01
1963,500,241.98691567698228,19.89,20.978,544,67,0,0.01
1964,500,261.44035849302,19.292,20.43,569,61,0,0.01
1965,500,256.96084365396354,18.764,19.88,558,67,0,0.01
1966,500,266.45153221717106,17.878,19.004,563,66,0,0.01
1967,500,269.90497503320915,18.322,19.498,588,65,0,0.01
1968,500,244.52229913679366,19.222,20.272,525,67,0,0.01
1969,500,254.94966992981236,21.166,22.294,564,63,0,0.01
1970,500,271.3956635964167,18.612,19.798,593,65,0,0.01
1971,500,276.42173561943554,20.458,21.616,579,65,0,0.01
1972,500,272.91987333207686,21.524,22.684,580,63,0,0.01
1973,500,282.88262758490714,20.35,21.55,600,66,0,0.01
1974,500,282.3956635964167,21.096,22.282,593,65,0,0.01
1975,500,275.3956635964167,25.202,26.388,593,62,0,0.01
1976,500,254.42173561943503,20.392,21.55,579,65,0,0.01
1977,500,260.9571190792465,19.308,20.428,560,63,0,0.01
1978,500,254.44780764245397,20.384,21.514,565,64,0,0.01
1979,500,271.90497503320904,19.7,20.876,588,66,0,0.01
1980,500,267.9273224815108,19.98,21.132,576,66,0,0.01
1981,500,258.94966992981256,20.114,21.242,564,65,0,0.01
1982,500,261.9384962056615,19.742,20.882,570,62,0,0.01
1983,500,288.3695915733979,24.768,25.982,607,62,0,0.01
1984,500,270.4068373205675,20.15,21.324,587,62,0,0.01
1985,500,285.87517843547323,27.016,28.224,604,64,0,0.01
1986,500,240.98319110226515,19.156,20.248,546,65,0,0.01
1987,500,266.91614875735996,20.918,22.082,582,66,0,0.01
1988,500,265.4366339183034,18.634,19.776,571,69,0,0.01
1989,500,271.4478076424543,20.598,21.728,565,64,0,0.01
1990,500,285.3807652975488,20.988,22.19,601,63,0,0.01
1991,500,279.91614875736,19.396,20.56,582,64,0,0.01
1992,500,259.3658669986806,28.232,29.45,609,66,0,0.01
1993,500,276.4031127458506,23.044,24.222,589,66,0,0.01
1994,500,256.47387966547285,18.82,19.922,551,67,0,0.01
1995,500,265.4478076424541,19.772,20.902,565,68,0,0.01
1996,500,262.4180110447181,23.096,24.258,581,66,0,0.01
1997,500,269.4627059413219,20.832,21.946,557,65,0,0.01
1998,500,282.3435195503791,21.502,22.744,621,67,0,0.01
1999,500,230.53347286094467,17.298,18.336,519,63,0,0.01
2000,500,265.92732248151077,19.866,21.018,576,66,0,0.01
2001,500,277.8640047113225,21.906,23.126,610,62,0,0.01
2002,500,256.9496699298126,18.276,19.404,564,63,0,0.01
2003,500,231.54092201037847,17.832,18.862,515,67,0,0.01
2004,500,267.93104705622784,20.924,22.072,574,67,0,0.01
2005,500,262.9645682286804,17.968,19.08,556,68,0,0.01
2006,500,262.47760424018986,17.962,19.06,549,65,0,0.01
2007,500,273.9273224815109,16.986,18.138,576,67,0,0.01
2008,500,229.54837115981246,15.938,16.96,511,60,0,0.01
2009,500,280.38821444698294,24.508,25.702,597,62,0,0.01
2010,500,261.9533945045296,19.65,20.774,562,66,0,0.01
2011,500,261.45153221717095,18.744,19.87,563,70,0,0.01
2012,500,270.42173561943525,19.942,21.1,579,64,0,0.01
2013,500,296.82675896415293,23.4,24.66,630,64,0,0.01
2014,500,252.3956635964164,19.42,20.606,593,64,0,0.01
2015,500,260.44035849302014,18.248,19.386,569,70,0,0.01
2016,500,283.8714538607567,22.198,23.41,606,64,0,0.01
2017,500,277.40311274585054,22.432,23.61,589,67,0,0.01
2018,500,278.4142864700017,19.768,20.934,583,66,0,0.01
2019,500,272.39566359641657,23.118,24.304,593,64,0,0.01
2020,500,274.90497503320915,22.012,23.188,588,63,0,0.01
2021,500,269.4105618952845,20.526,21.696,585,69,0,0.01
2022,500,281.85655556188834,22.53,23.758,614,65,0,0.01
2023,500,253.97946652754825,19.574,20.67,548,65,0,0.01
2024,500,273.90497503320915,21.32,22.496,588,64,0,0.01
2025,500,265.9310470562277,18.97,20.118,574,67,0,0.01
2026,500,255.95711907924644,19.388,20.508,560,66,0,0.01
2027,500,251.47760424018978,16.914,18.012,549,65,0,0.01
2028,500,244.4999516884917,18.536,19.61,537,67,0,0.01
2029,500,256.97574195283124,18.29,19.39,550,68,0,0.01
2030,500,296.3062738032097,24.718,26.0,641,62,0,0.01
2031,500,295.3584178492471,19.168,20.394,613,63,0,0.01
2032,500,251.02416142415217,19.184,20.232,524,65,0,0.01
2033,500,277.41056189528456,19.182,20.352,585,69,0,0.01
2034,500,258.927322481511,18.812,19.964,576,66,0,0.01
2035,500,269.91242418264295,21.974,23.142,584,67,0,0.01
2036,500,279.40311274585076,19.684,20.862,589,64,0,0.01
2037,500,265.9235979067939,23.666,24.822,578,66,0,0.01
2038,500,270.3956635964165,20.524,21.71,593,64,0,0.01
2039,500,270.39938817113335,21.214,22.396,591,65,0,0.01
2040,500,271.9422207803788,18.796,19.932,568,65,0,0.01
2041,500,266.9273224815109,21.562,22.714,576,66,0,0.01
2042,500,282.8379326883037,25.092,26.34,624,63,0,0.01
2043,500,263.9757419528315,16.286,17.386,550,66,0,0.01
2044,500,254.45525679188802,19.404,20.526,561,60,0,0.01
2045,500,266.4031127458503,19.922,21.1,589,65,0,0.01
2046,500,270.4142864700013,20.632,21.798,583,67,0,0.01
2047,500,262.4589813666051,16.338,17.456,559,67,0,0.01
2048,500,270.4068373205674,21.294,22.468,587,63,0,0.01
2049,500,275.3770407228318,23.692,24.898,603,66,0,0.01
2050,500,245.47760424018995,19.196,20.294,549,69,0,0.01
2051,500,276.9086996079258,20.518,21.69,586,67,0,0.01
2052,500,275.88635215962415,21.928,23.124,598,66,0,0.01
2053,500,278.38821444698266,22.434,23.628,597,66,0,0.01
2054,500,291.384489872266,20.202,21.4,599,65,0,0.01
2055,500,269.4329093435862,18.972,20.118,573,65,0,0.01
2056,500,258.96084365396337,18.972,20.088,558,67,0,0.01
2057,500,260.44408306773715,19.162,20.296,567,68,0,0.01
2058,500,268.4031127458505,21.316,22.494,589,68,0,0.01
2059,500,244.51112541264257,19.068,20.13,531,65,0,0.01
2060,500,255.93849620566158,19.628,20.768,570,69,0,0.01
2061,500,271.4217356194355,21.5,22.658,579,67,0,0.01
2062,500,234.04650887245407,15.532,16.556,512,70,0,0.01
2063,500,275.89007673434116,22.106,23.298,596,63,0,0.01
2064,500,280.8528309871716,24.526,25.758,616,65,0,0.01
2065,500,275.40683732056766,20.268,21.442,587,60,0,0.01
2066,500,269.3844898722655,25.386,26.584,599,63,0,0.01
2067,500,280.3844898722658,22.358,23.556,599,63,0,0.01
2068,500,270.93104705622767,21.578,22.726,574,65,0,0.01
2069,500,267.9273224815109,21.886,23.038,576,67,0,0.01
2070,500,286.8714538607565,20.802,22.014,606,63,0,0.01
2071,500,241.52602371151056,17.936,18.982,523,65,0,0.01
2072,500,267.9310470562277,17.894,19.042,574,64,0,0.01
2073,500,285.36959157339766,22.128,23.342,607,67,0,0.01
2074,500,253.93104705622753,21.456,22.604,574,65,0,0.01
2075,500,262.94222078037853,21.726,22.862,568,70,0,0.01
2076,500,268.41801104471847,21.482,22.644,581,61,0,0.01
2077,500,267.9310470562278,18.242,19.39,574,65,0,0.01
2078,500,281.8863521596244,23.566,24.762,598,67,0,0.01
2079,500,260.9645682286805,19.816,20.928,556,63,0,0.01
2080,500,261.9682928033976,18.14,19.248,554,63,0,0.01
2081,500,259.4589813666051,20.056,21.174,559,67,0,0.01
2082,500,263.9682928033974,19.792,20.9,554,68,0,0.01
2083,500,267.42918476886956,22.914,24.064,575,62,0,0.01
2084,500,271.938496205662,24.86,26.0,570,63,0,0.01
2085,500,285.3993881711338,19.43,20.612,591,60,0,0.01
2086,500,268.41801104471836,20.456,21.618,581,67,0,0.01
2087,500,265.9086996079258,21.122,22.294,586,64,0,0.01
2088,500,254.92359790679342,20.468,21.624,578,66,0,0.01
2089,500,286.37704072283185,20.324,21.53,603,63,0,0.01
2090,500,261.45525679188813,17.682,18.804,561,64,0,0.01
2091,500,273.4105618952847,20.938,22.108,585,65,0,0.01
2092,500,238.98691567698236,18.404,19.492,544,69,0,0.01
2093,500,269.38448987226565,20.446,21.644,599,64,0,0.01
2094,500,261.45153221717123,23.12,24.246,563,67,0,0.01
2095,500,263.40683732056743,21.278,22.452,587,62,0,0.01
2096,500,275.4031127458507,21.372,22.55,589,65,0,0.01
2097,500,247.99064025169938,17.958,19.042,542,66,0,0.01
2098,500,270.41428647000157,19.418,20.584,583,62,0,0.01
2099,500,248.99064025169926,18.438,19.522,542,71,0,0.01
2100,500,252.4738796654727,19.698,20.8,551,63,0,0.01
2101,500,286.34351955037897,25.72,26.962,621,64,0,0.01
2102,500,247.95339450452934,19.708,20.832,562,66,0,0.01
2103,500,260.44408306773704,18.236,19.37,567,65,0,0.01
2104,500,258.97201737811446,17.478,18.582,552,65,0,0.01
2105,500,294.32862125151166,26.184,27.442,629,63,0,0.01
2106,500,262.48877796434067,17.062,18.148,543,66,0,0.01
2107,500,258.45153221717106,20.302,21.428,563,67,0,0.01
2108,500,268.4180110447183,19.474,20.636,581,62,0,0.01
2109,500,277.8826275849074,22.976,24.176,600,65,0,0.01
2110,500,282.4105618952846,18.014,19.184,585,64,0,0.01
2111,500,254.95711907924635,18.74,19.86,560,66,0,0.01
2112,500,271.8863521596242,20.124,21.32,598,62,0,0.01
2113,500,256.4776042401899,18.284,19.382,549,68,0,0.01
2114,500,264.9459453550957,19.108,20.24,566,60,0,0.01
2115,500,264.94594535509566,18.862,19.994,566,67,0,0.01
2116,500,282.89752588377513,20.768,21.952,592,63,0,0.01
2117,500,282.3882144469828,20.224,21.418,597,67,0,0.01
2118,500,271.91242418264306,19.688,20.856,584,62,0,0.01
2119,500,258.4776042401899,18.19,19.288,549,70,0,0.01
2120,500,279.4068373205675,20.138,21.312,587,67,0,0.01
2121,500,250.47760424018978,18.64,19.738,549,67,0,0.01
2122,500,272.41428647000134,22.534,23.7,583,63,0,0.01
2123,500,273.3993881711334,22.34,23.522,591,66,0,0.01
2124,500,279.4031127458505,20.5,21.678,589,67,0,0.01
2125,500,261.46643051603905,18.74,19.85,555,64,0,0.01
2126,500,257.97201737811446,17.812,18.916,552,67,0,0.01
2127,500,278.3993881711337,21.378,22.56,591,65,0,0.01
2128,500,275.4105618952846,18.554,19.724,585,62,0,0.01
2129,500,257.99064025169935,18.682,19.766,542,65,0,0.01
2130,500,274.41428647000146,19.84,21.006,583,65,0,0.01
2131,500,256.9757419528313,17.572,18.672,550,66,0,0.01
2132,500,264.9012504584917,23.678,24.858,590,63,0,0.01
2133,500,272.89007673434094,23.198,24.39,596,66,0,0.01
2134,500,280.40683732056755,20.856,22.03,587,66,0,0.01
2135,500,249.48505338962374,17.01,18.1,545,70,0,0.01
2136,500,281.8900767343415,21.842,23.034,596,60,0,0.01
2137,500,285.87145386075633,22.898,24.11,606,62,0,0.01
2138,500,270.89752588377513,21.092,22.276,592,66,0,0.01
2139,500,274.3882144469829,23.78,24.974,597,65,0,0.01
2140,500,281.8751784354735,23.268,24.476,604,66,0,0.01
2141,500,276.3882144469825,21.48,22.674,597,66,0,0.01
2142,500,271.91242418264306,20.162,21.33,584,66,0,0.01
2143,500,277.89007673434133,20.686,21.878,596,64,0,0.01
2144,500,271.3993881711334,25.212,26.394,591,65,0,0.01
2145,500,252.9533945045295,21.168,22.292,562,64,0,0.01
2146,500,252.9571190792464,16.996,18.116,560,63,0,0.01
2147,500,258.4552567918881,18.418,19.54,561,67,0,0.01
2148,500,267.9347716309447,18.942,20.086,572,64,0,0.01
2149,500,255.94966992981256,17.312,18.44,564,67,0,0.01
2150,500,268.87890301019024,22.26,23.464,602,65,0,0.01
2151,500,250.9943648264162,19.214,20.294,540,68,0,0.01
2152,500,245.98319110226538,20.246,21.338,546,68,0,0.01
2153,500,253.98319110226558,19.652,20.744,546,67,0,0.01
2154,500,267.8751784354732,21.986,23.194,604,67,0,0.01
2155,500,266.41801104471847,18.224,19.386,581,66,0,0.01
2156,500,254.96456822868038,20.138,21.25,556,65,0,0.01
2157,500,282.89380130905823,19.194,20.382,594,63,0,0.01
2158,500,261.41056189528433,25.184,26.354,585,63,0,0.01
2159,500,265.93849620566164,20.824,21.964,570,71,0,0.01
2160,500,260.43290934358623,18.81,19.956,573,72,0,0.01
2161,500,259.95711907924664,19.086,20.206,560,71,0,0.01
2162,500,277.89007673434116,19.652,20.844,596,70,0,0.01
2163,500,256.4738796654729,17.822,18.924,551,66,0,0.01
2164,500,271.88262758490725,22.5,23.7,600,64,0,0.01
2165,500,267.3956635964164,20.614,21.8,593,62,0,0.01
2166,500,272.4105618952845,18.132,19.302,585,62,0,0.01
2167,500,276.38821444698266,22.036,23.23,597,61,0,0.01
2168,500,273.87890301019024,22.496,23.7,602,63,0,0.01
2169,500,265.9161487573599,23.328,24.492,582,65,0,0.01
2170,500,292.3248966767942,24.668,25.93,631,65,0,0.01
2171,500,273.893801309058,23.88,25.068,594,65,0,0.01
2172,500,253.4366339183031,20.974,22.116,571,65,0,0.01
2173,500,269.42173561943537,21.28,22.438,579,68,0,0.01
2174,500,267.3919390216995,22.272,23.462,595,66,0,0.01
2175,500,289.3695915733978,19.34,20.554,607,66,0,0.01
2176,500,268.92732248151094,19.522,20.674,576,64,0,0.01
2177,500,249.50740083792562,17.356,18.422,533,63,0,0.01
2178,500,260.9161487573598,21.976,23.14,582,63,0,0.01
2179,500,273.88262758490714,19.924,21.124,600,64,0,0.01
2180,500,270.43663391830324,18.694,19.836,571,61,0,0.01
2181,500,259.42918476886945,19.456,20.606,575,66,0,0.01
2182,500,278.88635215962415,20.444,21.64,598,65,0,0.01
2183,500,280.41428647000146,19.678,20.844,583,66,0,0.01
2184,500,277.4142864700017,19.742,20.908,583,64,0,0.01
2185,500,274.35469327452995,23.036,24.266,615,65,0,0.01
2186,500,263.89752588377485,23.376,24.56,592,62,0,0.01
2187,500,257.97946652754854,20.25,21.346,548,66,0,0.01
2188,500,268.4329093435863,20.74,21.886,573,66,0,0.01
2189,500,283.8379326883035,25.294,26.542,624,64,0,0.01
2190,500,261.9273224815107,20.704,21.856,576,66,0,0.01
2191,500,255.44035849302014,21.198,22.336,569,66,0,0.01
2192,500,265.9608436539636,17.256,18.372,558,65,0,0.01
2193,500,254.96829280339736,19.2,20.308,554,68,0,0.01
2194,500,249.92732248151057,25.97,27.122,576,63,0,0.01
2195,500,261.9198733320768,26.582,27.742,580,65,0,0.01
2196,500,276.8602801366055,23.878,25.102,612,64,0,0.01
2197,500,254.45153221717095,18.426,19.552,563,68,0,0.01
2198,500,247.47387966547288,17.544,18.646,551,63,0,0.01
2199,500,265.9198733320772,19.222,20.382,580,63,0,0.01
2200,500,269.9384962056618,18.384,19.524,570,66,0,0.01
2201,500,263.43663391830324,19.816,20.958,571,66,0,0.01
2202,500,273.4180110447182,22.458,23.62,581,67,0,0.01
2203,500,277.8677292860393,22.95,24.166,608,63,0,0.01
2204,500,255.44408306773698,18.85,19.984,567,67,0,0.01
2205,500,280.8826275849072,19.466,20.666,600,61,0,0.01
2206,500,244.98691567698236,18.242,19.33,544,71,0,0.01
2207,500,251.99808940113329,17.104,18.18,538,63,0,0.01
2208,500,259.42918476886905,19.59,20.74,575,65,0,0.01
2209,500,264.45898136660514,18.592,19.71,559,65,0,0.01
2210,500,281.4105618952844,19.782,20.952,585,69,0,0.01
2211,500,283.8938013090583,18.43,19.618,594,66,0,0.01
2212,500,249.00553855056717,18.904,19.972,534,63,0,0.01
2213,500,240.0353351483032,17.66,18.696,518,64,0,0.01
2214,500,254.47015509075584,20.372,21.478,553,68,0,0.01
2215,500,272.39938817113347,21.682,22.864,591,66,0,0.01
2216,500,270.45525679188825,17.646,18.768,561,75,0,0.01
2217,500,267.3993881711337,22.95,24.132,591,67,0,0.01
2218,500,271.93104705622784,18.8,19.948,574,67,0,0.01
2219,500,283.8677292860394,21.526,22.742,608,65,0,0.01
2220,500,272.8714538607564,25.33,26.542,606,61,0,0.01
2221,500,270.89007673434105,23.694,24.886,596,65,0,0.01
2222,500,270.91614875735974,21.248,22.412,582,66,0,0.01
2223,500,251.95339450452948,20.554,21.678,562,65,0,0.01
2224,500,265.4180110447182,17.804,18.966,581,66,0,0.01
2225,500,276.3770407228318,22.97,24.176,603,64,0,0.01
2226,500,261.451532217171,21.12,22.246,563,69,0,0.01
2227,500,266.91242418264295,20.382,21.55,584,65,0,0.01
2228,500,274.40311274585065,22.61,23.788,589,66,0,0.01
2229,500,245.50367626320866,19.224,20.294,535,67,0,0.01
2230,500,290.36959157339794,20.54,21.754,607,62,0,0.01
2231,500,276.4180110447183,22.334,23.496,581,65,0,0.01
2232,500,270.8342081135866,24.944,26.196,626,65,0,0.01
2233,500,253.46270594132193,19.242,20.356,557,62,0,0.01
2234,500,280.87890301019024,19.796,21.0,602,67,0,0.01
2235,500,270.9086996079262,20.784,21.956,586,67,0,0.01
2236,500,258.40683732056726,22.956,24.13,587,66,0,0.01
2237,500,309.7857886422662,24.78,26.084,652,63,0,0.01
2238,500,249.44780764245408,21.212,22.342,565,67,0,0.01
2239,500,256.9571190792466,20.466,21.586,560,67,0,0.01
2240,500,275.919873332077,20.556,21.716,580,66,0,0.01
2241,500,299.32862125151155,24.856,26.114,629,61,0,0.01
2242,500,273.8863521596242,20.326,21.522,598,67,0,0.01
2243,500,266.908699607926,21.126,22.298,586,62,0,0.01
2244,500,275.3807652975488,23.148,24.35,601,66,0,0.01
2245,500,251.00553855056725,16.638,17.706,534,67,0,0.01
2246,500,286.81186066528494,24.138,25.414,638,63,0,0.01
2247,500,268.8416572630204,28.23,29.474,622,61,0,0.01
2248,500,268.91987333207675,18.588,19.748,580,66,0,0.01
2249,500,255.9347716309447,22.444,23.588,572,70,0,0.01
2250,500,250.4552567918879,19.678,20.8,561,64,0,0.01
2251,500,266.40683732056743,21.528,22.702,587,66,0,0.01
2252,500,259.9757419528312,17.78,18.88,550,67,0,0.01
2253,500,251.97946652754825,16.566,17.662,548,65,0,0.01
2254,500,266.9161487573599,29.056,30.22,582,65,0,0.01
2255,500,279.8863521596244,25.498,26.694,598,61,0,0.01
2256,500,283.91242418264306,19.266,20.434,584,65,0,0.01
2257,500,259.95711907924647,24.484,25.604,560,64,0,0.01
2258,500,260.41428647000146,22.906,24.072,583,65,0,0.01
2259,500,247.9794665275484,20.556,21.652,548,62,0,0.01
2260,500,249.4925025390579,18.812,19.894,541,64,0,0.01
2261,500,252.97201737811434,21.244,22.348,552,64,0,0.01
2262,500,257.4329093435862,21.832,22.978,573,64,0,0.01
2263,500,260.3770407228315,23.414,24.62,603,64,0,0.01
2264,500,250.49622711377464,20.464,21.542,539,64,0,0.01
2265,500,264.9310470562279,28.726,29.874,574,61,0,0.01
2266,500,292.84538183773776,21.962,23.202,620,64,0,0.01
2267,500,263.919873332077,18.706,19.866,580,67,0,0.01
2268,500,287.3695915733981,20.394,21.608,607,65,0,0.01
2269,500,261.45153221717106,18.958,20.084,563,64,0,0.01
2270,500,255.9720173781145,18.664,19.768,552,64,0,0.01
2271,500,264.38448987226553,20.516,21.714,599,66,0,0.01
2272,500,280.40683732056766,20.624,21.798,587,67,0,0.01
2273,500,238.5446465850955,17.23,18.256,513,64,0,0.01
2274,500,275.91242418264306,20.428,21.596,584,67,0,0.01
2275,500,269.3919390216996,24.598,25.788,595,67,0,0.01
2276,500,283.3137229526438,28.942,30.216,637,61,0,0.01
2277,500,264.4440830677374,19.224,20.358,567,65,0,0.01
2278,500,274.9086996079262,20.354,21.526,586,66,0,0.01
2279,500,260.36959157339754,26.476,27.69,607,62,0,0.01
2280,500,257.9384962056617,19.664,20.804,570,65,0,0.01
2281,500,262.4105618952844,27.454,28.624,585,66,0,0.01
2282,500,273.87890301019013,23.236,24.44,602,65,0,0.01
2283,500,257.4515322171709,20.15,21.276,563,65,0,0.01
2284,500,293.33234582622845,22.946,24.2,627,64,0,0.01
2285,500,298.34724412509627,23.864,25.102,619,66,0,0.01
2286,500,260.4589813666049,19.294,20.412,559,66,0,0.01
2287,500,261.9496699298127,18.98,20.108,564,66,0,0.01
2288,500,284.36586699868104,21.342,22.56,609,65,0,0.01
2289,500,250.9571190792464,17.862,18.982,560,65,0,0.01
2290,500,247.9422207803787,21.82,22.956,568,65,0,0.01
2291,500,255.9198733320766,21.954,23.114,580,68,0,0.01
2292,500,254.48505338962386,16.652,17.742,545,64,0,0.01
2293,500,273.3919390216997,20.608,21.798,595,67,0,0.01
2294,500,250.4068373205671,23.266,24.44,587,65,0,0.01
2295,500,268.9086996079261,21.228,22.4,586,63,0,0.01
2296,500,254.45153221717104,19.654,20.78,563,65,0,0.01
2297,500,259.42173561943525,22.562,23.72,579,61,0,0.01
2298,500,262.9235979067939,20.19,21.346,578,63,0,0.01
2299,500,285.365866998681,22.068,23.286,609,63,0,0.01
2300,500,262.9086996079257,23.824,24.996,586,66,0,0.01
2301,500,262.9273224815107,22.28,23.432,576,65,0,0.01
2302,500,278.3956635964166,20.542,21.728,593,69,0,0.01
2303,500,256.94594535509583,19.84,20.972,566,66,0,0.01
2304,500,278.88262758490725,22.034,23.234,600,65,0,0.01
2305,500,269.3956635964167,22.654,23.84,593,66,0,0.01
2306,500,258.94222078037865,18.692,19.828,568,68,0,0.01
2307,500,249.47015509075587,19.282,20.388,553,66,0,0.01
2308,500,288.3360704009452,28.696,29.946,625,63,0,0.01
2309,500,281.8677292860394,22.324,23.54,608,65,0,0.01
2310,500,275.39938817113364,19.756,20.938,591,65,0,0.01
2311,500,254.97201737811426,21.54,22.644,552,64,0,0.01
2312,500,265.42546019415244,20.346,21.5,577,64,0,0.01
2313,500,252.42173561943517,21.226,22.384,579,69,0,0.01
2314,500,283.34351955037897,23.824,25.066,621,60,0,0.01
2315,500,278.3844898722658,21.632,22.83,599,65,0,0.01
2316,500,257.45525679188796,19.418,20.54,561,64,0,0.01
2317,500,251.0167122747182,24.452,25.508,528,63,0,0.01
2318,500,273.91242418264324,20.346,21.514,584,69,0,0.01
2319,500,252.46270594132181,21.806,22.92,557,64,0,0.01
2320,500,255.45153221717104,22.33,23.456,563,65,0,0.01
2321,500,285.8453818377377,23.424,24.664,620,65,0,0.01
2322,500,284.8640047113228,23.534,24.754,610,68,0,0.01
2323,500,277.9086996079258,20.812,21.984,586,67,0,0.01
2324,500,275.93477163094497,17.752,18.896,572,65,0,0.01
2325,500,275.89752588377524,18.176,19.36,592,66,0,0.01
2326,500,266.9422207803788,19.74,20.876,568,67,0,0.01
2327,500,282.3584178492468,22.15,23.376,613,62,0,0.01
2328,500,254.9720173781143,19.272,20.376,552,67,0,0.01
2329,500,268.9347716309448,21.736,22.88,572,68,0,0.01
2330,500,273.8751784354734,22.444,23.652,604,65,0,0.01
2331,500,271.9198733320769,20.658,21.818,580,64,0,0.01
2332,500,260.4589813666049,18.934,20.052,559,65,0,0.01
2333,500,287.3770407228316,20.952,22.158,603,62,0,0.01
2334,500,256.44780764245394,20.994,22.124,565,62,0,0.01
2335,500,247.9943648264161,18.33,19.41,540,67,0,0.01
2336,500,274.90869960792605,23.546,24.718,586,65,0,0.01
2337,500,274.8938013090581,24.932,26.12,594,71,0,0.01
2338,500,276.3956635964167,25.072,26.258,593,61,0,0.01
2339,500,268.3733161481149,23.832,25.042,605,66,0,0.01
2340,500,252.44035849301994,19.352,20.49,569,64,0,0.01
2341,500,267.44408306773704,18.434,19.568,567,65,0,0.01
2342,500,249.9943648264163,18.462,19.542,540,66,0,0.01
2343,500,250.44408306773687,18.42,19.554,567,66,0,0.01
2344,500,280.89007673434116,19.852,21.044,596,64,0,0.01
2345,500,278.3807652975489,21.076,22.278,601,65,0,0.01
2346,500,267.4366339183034,20.146,21.288,571,66,0,0.01
2347,500,261.436633918303,19.116,20.258,571,67,0,0.01
2348,500,250.9943648264164,18.872,19.952,540,62,0,0.01
2349,500,265.42918476886933,18.656,19.806,575,65,0,0.01
2350,500,266.4068373205673,23.296,24.47,587,64,0,0.01
2351,500,268.44035849302014,19.25,20.388,569,65,0,0.01
2352,500,276.88635215962404,20.016,21.212,598,64,0,0.01
2353,500,265.4403584930201,19.34,20.478,569,68,0,0.01
2354,500,256.4776042401898,18.548,19.646,549,68,0,0.01
2355,500,259.4329093435862,20.426,21.572,573,66,0,0.01
2356,500,285.3360704009452,21.828,23.078,625,67,0,0.01
2357,500,282.36586699868076,22.138,23.356,609,67,0,0.01
2358,500,259.9608436539634,20.616,21.732,558,66,0,0.01
2359,205,68.58657220641577,26.985365853658536,28.068292682926828,222,26,1,0.01
2360,500,270.4068373205675,19.026,20.2,587,67,0,0.01
2361,500,258.45898136660503,18.744,19.862,559,67,0,0.01
2362,500,259.93104705622767,19.792,20.94,574,66,0,0.01
2363,500,291.8565555618886,22.94,24.168,614,61,0,0.01
2364,500,226.02043684943524,19.772,20.824,526,62,0,0.01
2365,500,257.94966992981256,20.24,21.368,564,64,0,0.01
2366,500,283.37704072283174,23.056,24.262,603,64,0,0.01
2367,500,262.4254601941522,20.754,21.908,577,63,0,0.01
2368,500,267.436633918303,21.258,22.4,571,65,0,0.01
2369,500,256.4366339183032,21.052,22.194,571,65,0,0.01
2370,500,260.9347716309447,21.712,22.856,572,67,0,0.01
2371,500,268.91614875736025,19.692,20.856,582,65,0,0.01
2372,500,282.8602801366056,22.974,24.198,612,65,0,0.01
2373,500,291.8193098147191,23.382,24.65,634,65,0,0.01
2374,500,241.4701550907558,18.302,19.408,553,69,0,0.01
2375,500,275.39566359641657,20.736,21.922,593,67,0,0.01
2376,500,270.9384962056619,19.92,21.06,570,68,0,0.01
2377,500,264.44035849302014,17.96,19.098,569,66,0,0.01
2378,500,272.41056189528445,21.222,22.392,585,63,0,0.01
2379,500,275.9012504584919,19.454,20.634,590,65,0,0.01
2380,500,284.35841784924673,21.93,23.156,613,66,0,0.01
2381,500,266.42546019415227,19.794,20.948,577,69,0,0.01
2382,500,262.42173561943514,20.168,21.326,579,69,0,0.01
2383,500,278.3844898722659,21.52,22.718,599,63,0,0.01
2384,500,264.42546019415215,19.722,20.876,577,67,0,0.01
2385,500,265.43663391830313,22.054,23.196,571,65,0,0.01
2386,500,275.9012504584921,21.024,22.204,590,67,0,0.01
2387,500,266.3658669986808,22.35,23.568,609,66,0,0.01
2388,500,269.39193902169956,21.118,22.308,595,64,0,0.01
2389,500,240.46643051603883,19.672,20.782,555,67,0,0.01
2390,500,266.4329093435862,20.896,22.042,573,68,0,0.01
2391,500,268.89380130905806,24.722,25.91,594,65,0,0.01
2392,500,259.4552567918879,20.97,22.092,561,65,0,0.01
2393,500,269.90497503320904,22.858,24.034,588,66,0,0.01
2394,500,258.4813288149068,18.996,20.09,547,64,0,0.01
2395,500,253.47760424018975,17.406,18.504,549,69,0,0.01
2396,500,271.90869960792605,20.134,21.306,586,66,0,0.01
2397,500,264.4105618952845,24.09,25.26,585,66,0,0.01
2398,500,249.03161057358616,17.032,18.072,520,65,0,0.01
2399,500,284.37704072283174,22.288,23.494,603,61,0,0.01
2400,500,285.86772928603943,25.772,26.988,608,61,0,0.01
2401,500,288.87145386075645,21.944,23.156,606,66,0,0.01
2402,500,282.8453818377376,24.236,25.476,620,63,0,0.01
2403,500,267.9496699298126,18.698,19.826,564,62,0,0.01
2404,500,274.90869960792605,20.034,21.206,586,67,0,0.01
2405,500,263.41056189528433,21.604,22.774,585,65,0,0.01
2406,500,254.99064025169923,17.224,18.308,542,66,0,0.01
2407,500,271.9198733320768,19.226,20.386,580,68,0,0.01
2408,500,258.43290934358623,19.09,20.236,573,65,0,0.01
2409,500,264.45525679188825,18.046,19.168,561,66,0,0.01
2410,500,288.81558524000184,23.704,24.976,636,60,0,0.01
2411,500,252.45525679188796,20.49,21.612,561,65,0,0.01
2412,500,261.9235979067937,20.306,21.462,578,68,0,0.01
2413,500,259.447807642454,21.236,22.366,565,65,0,0.01
2414,500,273.89752588377485,21.158,22.342,592,64,0,0.01
2415,500,284.8751784354734,17.632,18.84,604,69,0,0.01
2416,500,259.9608436539635,18.602,19.718,558,67,0,0.01
2417,500,281.8491064124546,22.74,23.976,618,66,0,0.01
2418,500,262.43663391830324,19.204,20.346,571,66,0,0.01
2419,500,288.8751784354735,20.466,21.674,604,67,0,0.01
2420,500,291.35096869981294,24.798,26.032,617,64,0,0.01
2421,500,256.99808940113326,17.714,18.79,538,64,0,0.01
2422,500,282.8453818377377,22.256,23.496,620,67,0,0.01
2423,500,243.97946652754837,19.928,21.024,548,69,0,0.01
2424,500,273.4105618952844,19.37,20.54,585,62,0,0.01
2425,500,252.48132881490685,17.902,18.996,547,65,0,0.01
2426,500,235.47387966547285,22.768,23.87,551,66,0,0.01
2427,500,266.44035849302026,24.648,25.786,569,64,0,0.01
2428,500,289.8230343894361,25.362,26.626,632,65,0,0.01
2429,500,272.91987333207686,22.394,23.554,580,65,0,0.01
2430,500,283.85283098717184,24.468,25.7,616,65,0,0.01
2431,500,252.46270594132196,19.338,20.452,557,67,0,0.01
2432,500,235.49250253905768,19.5,20.582,541,63,0,0.01
2433,500,284.90125045849214,20.454,21.634,590,63,0,0.01
2434,500,281.36586699868127,25.144,26.362,609,63,0,0.01
2435,500,274.41056189528456,23.33,24.5,585,64,0,0.01
2436,500,273.4105618952845,24.092,25.262,585,64,0,0.01
2437,500,275.3397949756623,23.932,25.178,623,67,0,0.01
2438,500,263.93104705622767,18.452,19.6,574,66,0,0.01
2439,500,272.3919390216995,19.93,21.12,595,68,0,0.01
2440,500,243.49622711377475,19.776,20.854,539,67,0,0.01
2441,500,264.43663391830313,21.978,23.12,571,63,0,0.01
2442,500,269.39938817113364,19.326,20.508,591,67,0,0.01
2443,500,257.00181397585027,18.746,19.818,536,69,0,0.01
2444,500,288.8416572630206,21.578,22.822,622,66,0,0.01
2445,500,244.97201737811434,18.916,20.02,552,64,0,0.01
2446,500,264.4217356194354,22.816,23.974,579,65,0,0.01
2447,500,281.8826275849075,20.43,21.63,600,66,0,0.01
2448,500,268.89007673434094,20.66,21.852,596,61,0,0.01
2449,500,265.8900767343414,24.536,25.728,596,64,0,0.01
2450,500,274.8826275849073,19.422,20.622,600,64,0,0.01
2451,500,256.94594535509543,21.322,22.454,566,68,0,0.01
2452,500,271.43663391830324,21.036,22.178,571,65,0,0.01
2453,500,270.8900767343414,19.542,20.734,596,64,0,0.01
2454,500,266.9310470562279,18.634,19.782,574,68,0,0.01
2455,500,283.4031127458505,20.938,22.116,589,62,0,0.01
2456,500,265.4440830677372,19.746,20.88,567,66,0,0.01
2457,500,257.94222078037865,19.852,20.988,568,64,0,0.01
2458,500,259.41056189528433,20.3,21.47,585,65,0,0.01
2459,500,273.38076529754863,21.234,22.436,601,66,0,0.01
2460,500,269.90497503320887,20.284,21.46,588,66,0,0.01
2461,500,281.3956635964164,22.264,23.45,593,66,0,0.01
2462,500,270.4403584930202,19.07,20.208,569,76,0,0.01
2463,500,266.9049750332089,20.478,21.654,588,66,0,0.01
2464,500,281.83793268830374,25.432,26.68,624,64,0,0.01
2465,500,270.90869960792594,22.21,23.382,586,66,0,0.01
2466,500,280.40311274585065,22.418,23.596,589,65,0,0.01
2467,500,251.48132881490687,17.936,19.03,547,65,0,0.01
2468,500,263.91987333207686,20.594,21.754,580,64,0,0.01
2469,500,272.3956635964165,22.0,23.186,593,66,0,0.01
2470,500,283.8826275849073,19.018,20.218,600,65,0,0.01
2471,500,246.99436482641627,19.904,20.984,540,60,0,0.01
2472,500,251.93477163094448,20.362,21.506,572,68,0,0.01
2473,500,254.9682928033974,19.568,20.676,554,69,0,0.01
2474,500,258.94966992981256,20.978,22.106,564,62,0,0.01
2475,500,287.86772928603926,23.254,24.47,608,62,0,0.01
2476,500,255.4403584930202,16.848,17.986,569,66,0,0.01
2477,500,274.3993881711337,22.234,23.416,591,65,0,0.01
2478,500,274.908699607926,20.212,21.384,586,68,0,0.01
2479,500,297.32862125151127,26.676,27.934,629,63,0,0.01
2480,500,286.34351955037914,22.766,24.008,621,67,0,0.01
2481,500,277.89007673434116,21.516,22.708,596,68,0,0.01
2482,500,257.4142864700011,24.302,25.468,583,68,0,0.01
2483,500,258.42918476886916,18.348,19.498,575,65,0,0.01
2484,500,278.8677292860395,22.132,23.348,608,68,0,0.01
2485,500,269.9310470562278,20.644,21.792,574,67,0,0.01
2486,500,280.3919390216998,20.698,21.888,595,64,0,0.01
2487,500,269.3919390216996,21.07,22.26,595,68,0,0.01
2488,500,277.41428647000146,20.466,21.632,583,65,0,0.01
2489,500,285.86400471132254,27.314,28.534,610,61,0,0.01
2490,500,280.39566359641674,20.898,22.084,593,67,0,0.01
2491,500,281.33979497566224,24.06,25.306,623,64,0,0.01
2492,500,282.321172102077,25.908,27.174,633,62,0,0.01
2493,500,260.455256791888,19.104,20.226,561,65,0,0.01
2494,500,266.42173561943514,20.422,21.58,579,66,0,0.01
2495,500,269.94966992981256,20.332,21.46,564,63,0,0.01
2496,500,269.9235979067939,21.524,22.68,578,68,0,0.01
2497,500,272.3882144469828,22.346,23.54,597,63,0,0.01
2498,500,262.9310470562278,19.478,20.626,574,65,0,0.01
2499,500,265.4180110447184,19.238,20.4,581,65,0,0.01
2500,500,260.38448987226553,22.23,23.428,599,65,0,0.01
2501,500,286.36214242396403,21.944,23.166,611,64,0,0.01
2502,500,271.87517843547323,22.976,24.184,604,62,0,0.01
2503,500,275.4291847688693,21.14,22.29,575,67,0,0.01
2504,500,293.3546932745301,20.41,21.64,615,66,0,0.01
2505,500,274.4180110447185,21.256,22.418,581,66,0,0.01
2506,500,256.9645682286805,18.568,19.68,556,65,0,0.01
2507,500,242.97574195283144,18.588,19.688,550,65,0,0.01
2508,500,291.84538183773776,21.69,22.93,620,65,0,0.01
2509,500,278.39938817113347,22.378,23.56,591,65,0,0.01
2510,500,267.4105618952846,20.73,21.9,585,62,0,0.01
2511,500,269.41801104471836,19.742,20.904,581,68,0,0.01
2512,500,274.42918476886933,20.174,21.324,575,64,0,0.01
2513,500,258.9310470562275,21.642,22.79,574,66,0,0.01
2514,500,276.90869960792605,18.588,19.76,586,66,0,0.01
2515,500,273.3658669986808,24.508,25.726,609,65,0,0.01
2516,500,271.4440830677372,20.212,21.346,567,69,0,0.01
2517,500,271.9310470562278,18.052,19.2,574,64,0,0.01
2518,500,293.8640047113224,21.994,23.214,610,65,0,0.01
2519,500,272.88635215962404,25.916,27.112,598,60,0,0.01
2520,500,244.98691567698236,19.414,20.502,544,64,0,0.01
2521,500,264.94594535509566,19.988,21.12,566,65,0,0.01
2522,500,233.51112541264274,19.33,20.392,531,69,0,0.01
2523,500,253.94594535509538,19.694,20.826,566,63,0,0.01
2524,500,272.9198733320769,19.668,20.828,580,66,0,0.01
2525,500,272.8900767343413,21.974,23.166,596,65,0,0.01
2526,500,264.4478076424541,19.086,20.216,565,67,0,0.01
2527,500,275.38821444698283,24.454,25.648,597,62,0,0.01
2528,500,263.4403584930203,18.272,19.41,569,63,0,0.01
2529,500,259.38821444698243,23.906,25.1,597,64,0,0.01
2530,500,270.89007673434133,22.002,23.194,596,65,0,0.01
2531,500,278.37331614811455,21.26,22.47,605,62,0,0.01
2532,500,257.94966992981256,19.376,20.504,564,66,0,0.01
2533,500,272.42173561943525,20.0,21.158,579,66,0,0.01
2534,500,253.95339450452943,20.136,21.26,562,70,0,0.01
2535,500,275.890076734341,20.956,22.148,596,63,0,0.01
2536,500,251.49995168849176,18.214,19.288,537,71,0,0.01
2537,500,269.42546019415215,19.69,20.844,577,68,0,0.01
2538,500,282.3658669986809,20.47,21.688,609,62,0,0.01
2539,500,255.4664305160389,18.324,19.434,555,63,0,0.01
2540,500,282.3174475273604,24.534,25.804,635,63,0,0.01
2541,500,269.8826275849075,20.734,21.934,600,66,0,0.01
2542,500,260.9720173781144,18.88,19.984,552,67,0,0.01
2543,500,265.89380130905823,24.496,25.684,594,61,0,0.01
2544,500,267.91614875735985,18.9,20.064,582,67,0,0.01
2545,500,262.9459453550956,21.388,22.52,566,65,0,0.01
2546,500,258.4515322171713,18.882,20.008,563,64,0,0.01
2547,500,244.99064025169926,20.408,21.492,542,68,0,0.01
2548,500,263.4254601941522,23.464,24.618,577,65,0,0.01
2549,500,299.28765092962476,26.994,28.296,651,62,0,0.01
2550,500,279.8491064124547,25.3,26.536,618,62,0,0.01
2551,500,268.4291847688694,19.864,21.014,575,67,0,0.01
2552,500,237.99064025169938,17.48,18.564,542,65,0,0.01
2553,500,240.47387966547296,17.184,18.286,551,64,0,0.01
2554,500,275.90869960792605,19.484,20.656,586,65,0,0.01
2555,500,274.9086996079261,20.756,21.928,586,62,0,0.01
2556,500,259.444083067737,19.89,21.024,567,64,0,0.01
2557,500,279.89380130905823,21.158,22.346,594,63,0,0.01
2558,500,274.4068373205676,19.338,20.512,587,67,0,0.01
2559,500,267.89752588377473,23.336,24.52,592,64,0,0.01
2560,500,258.45153221717095,21.064,22.19,563,67,0,0.01
2561,243,70.04373959717068,23.93415637860082,24.94238683127572,245,32,1,0.01
2562,500,269.92732248151077,19.118,20.27,576,66,0,0.01
2563,500,282.8528309871716,26.574,27.806,616,63,0,0.01
2564,500,269.42918476886916,19.464,20.614,575,66,0,0.01
2565,500,268.44408306773727,16.804,17.938,567,65,0,0.01
2566,500,253.9720173781144,17.414,18.518,552,67,0,0.01
2567,500,266.90869960792577,19.268,20.44,586,65,0,0.01
2568,500,253.44408306773684,21.366,22.5,567,66,0,0.01
2569,500,277.40683732056755,19.356,20.53,587,64,0,0.01
2570,500,279.8751784354733,19.806,21.014,604,66,0,0.01
2571,500,238.4962271137747,18.352,19.43,539,67,0,0.01
2572,500,291.8751784354735,21.318,22.526,604,64,0,0.01
2573,500,263.9347716309446,21.42,22.564,572,66,0,0.01
2574,500,276.8565555618885,23.218,24.446,614,65,0,0.01
2575,500,261.94222078037853,18.328,19.464,568,63,0,0.01
2576,500,261.44035849302,21.468,22.606,569,67,0,0.01
2577,500,259.95711907924635,17.962,19.082,560,68,0,0.01
2578,500,262.9720173781144,17.822,18.926,552,66,0,0.01
2579,500,280.3621424239639,21.414,22.636,611,65,0,0.01
2580,500,240.50740083792564,20.644,21.71,533,68,0,0.01
2581,500,258.9235979067937,18.112,19.268,578,66,0,0.01
2582,500,253.47387966547282,18.966,20.068,551,63,0,0.01
2583,500,278.362142423964,23.57,24.792,611,64,0,0.01
2584,500,265.43663391830324,18.772,19.914,571,67,0,0.01
2585,500,258.96084365396337,18.882,19.998,558,67,0,0.01
2586,500,271.40311274585065,22.526,23.704,589,66,0,0.01
2587,500,292.3509686998131,26.112,27.346,617,62,0,0.01
2588,500,284.8789030101903,21.724,22.928,602,64,0,0.01
2589,500,294.8453818377377,21.388,22.628,620,64,0,0.01
2590,500,252.96456822868043,19.264,20.376,556,64,0,0.01
2591,500,266.42546019415227,21.458,22.612,577,64,0,0.01
2592,500,266.44780764245434,21.7,22.83,565,63,0,0.01
2593,500,256.9496699298126,19.86,20.988,564,68,0,0.01
2594,500,255.45898136660483,19.26,20.378,559,67,0,0.01
2595,500,278.40683732056743,21.712,22.886,587,67,0,0.01
2596,500,283.90125045849203,19.26,20.44,590,63,0,0.01
2597,500,269.3807652975487,22.756,23.958,601,66,0,0.01
2598,500,266.4291847688692,19.092,20.242,575,65,0,0.01
2599,500,279.87145386075633,21.664,22.876,606,67,0,0.01
2600,500,252.9496699298124,19.44,20.568,564,67,0,0.01
2601,500,277.39566359641657,20.81,21.996,593,69,0,0.01
2602,500,252.4291847688692,23.658,24.808,575,61,0,0.01
2603,500,229.0092631252843,18.8,19.864,532,66,0,0.01
2604,500,265.4291847688692,21.612,22.762,575,63,0,0.01
2605,500,267.8938013090581,21.938,23.126,594,63,0,0.01
2606,500,277.38448987226604,20.658,21.856,599,60,0,0.01
2607,500,276.36214242396363,23.522,24.744,611,64,0,0.01
2608,500,245.97201737811443,18.558,19.662,552,67,0,0.01
2609,500,284.37704072283174,22.596,23.802,603,65,0,0.01
2610,500,279.3956635964167,21.758,22.944,593,64,0,0.01
2611,500,262.9347716309447,21.876,23.02,572,64,0,0.01
2612,500,278.3695915733979,19.612,20.826,607,66,0,0.01
2613,500,271.43663391830313,20.392,21.534,571,65,0,0.01
2614,500,280.3844898722658,23.492,24.69,599,62,0,0.01
2615,500,269.4031127458503,22.672,23.85,589,64,0,0.01
2616,500,253.47760424018986,18.604,19.702,549,68,0,0.01
2617,500,252.93849620566132,20.402,21.542,570,66,0,0.01
2618,500,258.9794665275483,20.446,21.542,548,70,0,0.01
2619,500,261.4515322171712,19.046,20.172,563,69,0,0.01
2620,500,246.44780764245394,21.782,22.912,565,67,0,0.01
2621,500,276.8602801366058,23.986,25.21,612,65,0,0.01
2622,500,261.4403584930203,19.95,21.088,569,67,0,0.01
2623,500,261.42546019415215,20.44,21.594,577,66,0,0.01
2624,500,259.96084365396365,17.814,18.93,558,67,0,0.01
2625,500,285.3882144469829,22.28,23.474,597,66,0,0.01
2626,500,258.9347716309445,17.952,19.096,572,66,0,0.01
2627,500,268.93104705622784,18.238,19.386,574,65,0,0.01
2628,500,262.94594535509566,19.86,20.992,566,65,0,0.01
2629,500,267.91614875736,19.332,20.496,582,64,0,0.01
2630,500,281.8304835388699,27.562,28.818,628,62,0,0.01
2631,500,250.47760424018975,18.814,19.912,549,64,0,0.01
2632,500,275.3882144469828,18.908,20.102,597,64,0,0.01
2633,500,255.44035849302,18.278,19.416,569,67,0,0.01
2634,500,246.0204368494351,17.99,19.042,526,65,0,0.01
2635,500,255.4701550907559,18.656,19.762,553,64,0,0.01
2636,500,268.9198733320769,18.668,19.828,580,67,0,0.01
2637,500,261.9533945045296,18.874,19.998,562,67,0,0.01
2638,500,262.4440830677371,19.306,20.44,567,71,0,0.01
2639,500,268.91242418264284,22.208,23.376,584,64,0,0.01
2640,500,284.86772928603943,21.822,23.038,608,65,0,0.01
2641,500,280.8640047113226,22.182,23.402,610,65,0,0.01
2642,500,261.4478076424541,19.206,20.336,565,66,0,0.01
2643,500,246.42918476886902,25.314,26.464,575,67,0,0.01
2644,500,261.42918476886933,21.02,22.17,575,63,0,0.01
2645,500,265.39566359641685,23.368,24.554,593,69,0,0.01
2646,500,263.9235979067939,23.318,24.474,578,62,0,0.01
2647,500,278.36586699868093,20.352,21.57,609,64,0,0.01
2648,186,28.694584873208044,21.72043010752688,22.602150537634408,164,24,1,0.01
2649,500,281.4142864700017,24.176,25.342,583,63,0,0.01
2650,500,275.8789030101903,21.236,22.44,602,65,0,0.01
2651,500,276.39193902169984,22.902,24.092,595,62,0,0.01
2652,500,253.42173561943525,20.218,21.376,579,64,0,0.01
2653,500,243.94966992981244,25.078,26.206,564,68,0,0.01
2654,500,268.4031127458504,19.59,20.768,589,65,0,0.01
2655,500,262.8714538607561,22.884,24.096,606,65,0,0.01
2656,500,276.4366339183035,20.19,21.332,571,62,0,0.01
2657,500,262.46643051603894,18.564,19.674,555,62,0,0.01
2658,500,258.97201737811446,17.992,19.096,552,65,0,0.01
2659,500,282.39566359641657,22.026,23.212,593,64,0,0.01
2660,500,286.8789030101902,22.74,23.944,602,64,0,0.01
2661,500,263.45153221717123,17.582,18.708,563,64,0,0.01
2662,500,265.41428647000146,19.484,20.65,583,61,0,0.01
2663,500,277.87145386075616,21.9,23.112,606,62,0,0.01
2664,500,248.47760424018983,18.504,19.602,549,65,0,0.01
2665,500,257.43290934358606,22.168,23.314,573,67,0,0.01
2666,500,252.45525679188782,21.806,22.928,561,66,0,0.01
2667,500,263.39938817113324,24.904,26.086,591,61,0,0.01
2668,500,253.9422207803786,22.284,23.42,568,66,0,0.01
2669,500,258.45153221717123,16.678,17.804,563,67,0,0.01
2670,500,276.908699607926,18.144,19.316,586,68,0,0.01
2671,500,250.99808940113329,16.72,17.796,538,65,0,0.01
2672,500,299.3286212515112,23.77,25.028,629,64,0,0.01
2673,500,297.8230343894359,23.606,24.87,632,64,0,0.01
2674,500,243.4403584930199,19.838,20.976,569,66,0,0.01
2675,500,251.43663391830313,18.998,20.14,571,64,0,0.01
2676,500,260.41056189528433,22.27,23.44,585,69,0,0.01
2677,500,270.90497503320915,21.734,22.91,588,64,0,0.01
2678,500,260.92359790679393,20.146,21.302,578,63,0,0.01
2679,500,263.9235979067937,21.96,23.116,578,68,0,0.01
2680,500,279.41056189528456,20.906,22.076,585,63,0,0.01
2681,500,248.9794665275482,17.056,18.152,548,67,0,0.01
2682,500,263.9310470562276,19.71,20.858,574,65,0,0.01
2683,500,246.9645682286804,19.44,20.552,556,66,0,0.01
2684,500,274.4180110447184,21.524,22.686,581,63,0,0.01
2685,500,265.4291847688693,19.558,20.708,575,67,0,0.01
2686,500,271.8602801366054,22.134,23.358,612,61,0,0.01
2687,500,253.444083067737,19.614,20.748,567,63,0,0.01
2688,500,266.3882144469826,20.908,22.102,597,64,0,0.01
2689,500,278.90125045849203,19.852,21.032,590,64,0,0.01
2690,500,248.96456822868043,18.742,19.854,556,69,0,0.01
2691,500,268.9347716309448,17.592,18.736,572,63,0,0.01
2692,500,248.00553855056722,17.26,18.328,534,66,0,0.01
2693,500,258.4329093435862,20.438,21.584,573,67,0,0.01
2694,500,268.94222078037865,20.85,21.986,568,65,0,0.01
2695,500,252.48505338962386,17.944,19.034,545,69,0,0.01
2696,500,273.41056189528445,19.984,21.154,585,66,0,0.01
2697,500,244.51112541264268,18.288,19.35,531,67,0,0.01
2698,500,289.83793268830385,23.806,25.054,624,65,0,0.01
2699,500,255.91242418264278,21.046,22.214,584,65,0,0.01
2700,500,249.43663391830282,20.824,21.966,571,68,0,0.01
2701,500,273.912424182643,19.364,20.532,584,69,0,0.01
2702,500,236.0018139758502,18.496,19.568,536,66,0,0.01
2703,500,255.94966992981256,18.336,19.464,564,65,0,0.01
2704,500,252.42918476886905,21.146,22.296,575,63,0,0.01
2705,500,256.9124241826427,19.352,20.52,584,64,0,0.01
2706,500,282.89752588377513,22.174,23.358,592,64,0,0.01
2707,500,270.93477163094485,18.298,19.442,572,67,0,0.01
2708,500,262.9347716309449,19.158,20.302,572,68,0,0.01
2709,500,268.44035849302014,19.032,20.17,569,63,0,0.01
2710,500,277.84538183773736,25.986,27.226,620,64,0,0.01
2711,500,274.4031127458505,20.408,21.586,589,67,0,0.01
2712,500,268.91614875736013,19.108,20.272,582,68,0,0.01
2713,500,253.95711907924647,19.994,21.114,560,68,0,0.01
2714,500,258.9347716309448,21.554,22.698,572,67,0,0.01
2715,500,266.94594535509566,19.512,20.644,566,64,0,0.01
2716,500,263.91242418264295,22.55,23.718,584,61,0,0.01
2717,500,266.886352159624,22.076,23.272,598,67,0,0.01
2718,500,275.3993881711335,18.93,20.112,591,73,0,0.01
2719,500,263.90869960792605,18.7,19.872,586,69,0,0.01
2720,500,278.3733161481149,23.378,24.588,605,65,0,0.01
2721,500,267.9347716309446,20.354,21.498,572,63,0,0.01
2722,500,270.42546019415244,18.028,19.182,577,65,0,0.01
2723,500,266.9198733320769,20.192,21.352,580,64,0,0.01
2724,500,269.41056189528456,23.574,24.744,585,65,0,0.01
2725,500,275.8677292860394,22.894,24.11,608,64,0,0.01
2726,500,285.37704072283185,20.618,21.824,603,63,0,0.01
2727,500,254.45153221717092,20.304,21.43,563,63,0,0.01
2728,500,253.47015509075587,17.95,19.056,553,64,0,0.01
2729,500,261.4366339183032,20.706,21.848,571,62,0,0.01
2730,500,292.3323458262285,23.39,24.644,627,66,0,0.01
2731,500,264.912424182643,19.728,20.896,584,64,0,0.01
2732,500,277.89380130905823,20.278,21.466,594,67,0,0.01
2733,500,274.4068373205675,19.676,20.85,587,69,0,0.01
2734,500,264.9347716309448,18.25,19.394,572,64,0,0.01
2735,500,263.95339450452957,17.63,18.754,562,69,0,0.01
2736,500,267.40311274585065,23.15,24.328,589,63,0,0.01
2737,500,266.447807642454,19.436,20.566,565,68,0,0.01
2738,500,269.45153221717123,17.556,18.682,563,64,0,0.01
2739,500,263.9235979067936,20.27,21.426,578,66,0,0.01
2740,500,272.3956635964164,24.262,25.448,593,63,0,0.01
2741,500,263.96456822868055,18.154,19.266,556,68,0,0.01
2742,500,280.8751784354735,18.628,19.836,604,65,0,0.01
2743,500,285.35469327453,22.178,23.408,615,67,0,0.01
2744,500,286.8677292860392,24.118,25.334,608,63,0,0.01
2745,500,264.4329093435862,21.874,23.02,573,65,0,0.01
2746,500,249.47760424018978,19.37,20.468,549,68,0,0.01
2747,500,269.9347716309448,19.95,21.094,572,64,0,0.01
2748,500,291.36959157339794,21.744,22.958,607,67,0,0.01
2749,500,253.9533945045296,20.074,21.198,562,62,0,0.01
2750,500,270.8938013090581,20.556,21.744,594,65,0,0.01
2751,500,265.90869960792617,20.216,21.388,586,67,0,0.01
2752,500,228.52974828622766,20.252,21.294,521,65,0,0.01
2753,500,282.38448987226553,21.222,22.42,599,64,0,0.01
2754,500,261.44035849301997,20.006,21.144,569,63,0,0.01
2755,500,274.3807652975487,22.34,23.542,601,64,0,0.01
2756,500,251.48877796434076,18.698,19.784,543,62,0,0.01
2757,500,276.90869960792605,22.402,23.574,586,67,0,0.01
2758,500,259.9310470562278,20.65,21.798,574,68,0,0.01
2759,500,284.83793268830345,24.656,25.904,624,65,0,0.01
2760,500,248.48505338962377,18.668,19.758,545,61,0,0.01
2761,500,292.33979497566236,27.168,28.414,623,61,0,0.01
2762,500,263.45153221717123,18.86,19.986,563,68,0,0.01
2763,500,270.87890301018984,21.558,22.762,602,62,0,0.01
2764,500,279.3844898722656,23.424,24.622,599,61,0,0.01
2765,500,263.91987333207686,19.324,20.484,580,68,0,0.01
2766,500,257.458981366605,18.614,19.732,559,68,0,0.01
2767,500,261.94222078037853,19.86,20.996,568,67,0,0.01
2768,500,277.4142864700015,20.634,21.8,583,65,0,0.01
2769,500,288.834208113587,22.328,23.58,626,65,0,0.01
2770,500,264.9384962056617,20.708,21.848,570,64,0,0.01
2771,500,246.9906402516992,17.598,18.682,542,64,0,0.01
2772,500,275.40683732056743,19.554,20.728,587,65,0,0.01
2773,500,284.35469327453035,21.392,22.622,615,65,0,0.01
2774,500,250.94594535509543,19.638,20.77,566,62,0,0.01
2775,500,282.3882144469827,19.348,20.542,597,63,0,0.01
2776,500,249.98319110226538,18.25,19.342,546,64,0,0.01
2777,500,251.95711907924638,19.34,20.46,560,66,0,0.01
2778,500,287.8826275849073,18.974,20.174,600,65,0,0.01
2779,500,268.4105618952846,21.224,22.394,585,67,0,0.01
2780,500,265.4329093435863,18.548,19.694,573,66,0,0.01
2781,500,286.3621424239639,20.65,21.872,611,67,0,0.01
2782,500,278.4105618952847,22.448,23.618,585,64,0,0.01
2783,500,244.99808940113326,15.924,17.0,538,69,0,0.01
2784,500,241.02788599886918,17.726,18.77,522,66,0,0.01
2785,500,265.9310470562277,20.508,21.656,574,63,0,0.01
2786,500,274.8975258837752,25.684,26.868,592,65,0,0.01
2787,500,254.96829280339733,18.684,19.792,554,64,0,0.01
2788,500,264.93477163094457,18.248,19.392,572,64,0,0.01
2789,500,259.43663391830313,21.422,22.564,571,65,0,0.01
2790,500,278.85283098717156,24.944,26.176,616,64,0,0.01
2791,500,264.4440830677371,20.142,21.276,567,66,0,0.01
2792,500,261.9459453550954,20.05,21.182,566,66,0,0.01
2793,500,275.4180110447187,19.808,20.97,581,65,0,0.01
2794,500,255.9831911022653,17.88,18.972,546,65,0,0.01
2795,500,256.4329093435861,21.956,23.102,573,68,0,0.01
2796,500,273.9198733320768,20.884,22.044,580,67,0,0.01
2797,500,271.9422207803786,22.362,23.498,568,68,0,0.01
2798,500,264.89380130905795,24.244,25.432,594,65,0,0.01
2799,500,285.3397949756621,26.864,28.11,623,59,0,0.01
2800,500,265.447807642454,17.666,18.796,565,63,0,0.01
2801,500,293.36214242396426,20.774,21.996,611,64,0,0.01
2802,500,275.3509686998128,23.522,24.756,617,61,0,0.01
2803,500,272.4068373205672,20.04,21.214,587,67,0,0.01
2804,500,282.9086996079261,19.724,20.896,586,63,0,0.01
2805,500,262.94222078037876,18.566,19.702,568,65,0,0.01
2806,500,273.8751784354733,20.384,21.592,604,65,0,0.01
2807,500,260.95711907924647,18.168,19.288,560,65,0,0.01
2808,500,253.98319110226532,17.64,18.732,546,63,0,0.01
2809,500,272.91614875735974,21.166,22.33,582,63,0,0.01
2810,500,251.96084365396337,20.32,21.436,558,64,0,0.01
2811,500,258.96456822868055,18.366,19.478,556,62,0,0.01
2812,500,263.88262758490714,20.096,21.296,600,65,0,0.01
2813,500,281.88635215962415,20.934,22.13,598,62,0,0.01
2814,500,286.35469327453006,22.142,23.372,615,65,0,0.01
2815,500,226.58189233226523,15.416,16.402,493,71,0,0.01
2816,500,264.4217356194352,19.056,20.214,579,66,0,0.01
2817,500,280.3919390216998,21.422,22.612,595,67,0,0.01
2818,500,251.9720173781144,21.074,22.178,552,67,0,0.01
2819,500,276.38076529754863,26.776,27.978,601,65,0,0.01
2820,500,247.51484998735967,17.342,18.4,529,64,0,0.01
2821,500,274.88262758490737,20.24,21.44,600,68,0,0.01
2822,500,256.44408306773704,18.576,19.71,567,68,0,0.01
2823,500,246.96456822868046,20.292,21.404,556,61,0,0.01
2824,500,270.4068373205676,20.626,21.8,587,69,0,0.01
2825,500,275.90869960792617,22.12,23.292,586,64,0,0.01
2826,500,263.93849620566164,20.404,21.544,570,62,0,0.01
2827,500,248.99808940113326,17.686,18.762,538,68,0,0.01
2828,500,276.4105618952845,21.344,22.514,585,66,0,0.01
2829,500,264.4589813666051,18.986,20.104,559,63,0,0.01
2830,500,256.97946652754837,18.232,19.328,548,69,0,0.01
2831,500,254.97574195283147,18.3,19.4,550,64,0,0.01
2832,500,276.90125045849203,22.042,23.222,590,65,0,0.01
2833,500,294.80813609056804,22.794,24.074,640,65,0,0.01
2834,500,253.9533945045294,19.94,21.064,562,66,0,0.01
2835,500,281.3695915733979,24.128,25.342,607,65,0,0.01
2836,500,254.9571190792464,17.296,18.416,560,68,0,0.01
2837,500,277.88635215962415,21.528,22.724,598,66,0,0.01
2838,500,275.3695915733978,23.242,24.456,607,65,0,0.01
2839,500,287.35841784924696,22.176,23.402,613,63,0,0.01
2840,500,239.46643051603897,23.566,24.676,555,64,0,0.01
2841,500,259.447807642454,19.452,20.582,565,65,0,0.01
2842,500,255.45153221717095,22.674,23.8,563,60,0,0.01
2843,500,263.42918476886945,22.564,23.714,575,63,0,0.01
2844,500,275.4105618952847,21.29,22.46,585,67,0,0.01
2845,500,279.9161487573598,22.902,24.066,582,66,0,0.01
2846,500,276.3733161481147,23.052,24.262,605,68,0,0.01
2847,500,234.01671227471823,16.53,17.586,528,66,0,0.01
2848,500,275.41056189528456,20.724,21.894,585,61,0,0.01
2849,500,275.4142864700015,22.102,23.268,583,65,0,0.01
2850,500,279.8528309871715,23.476,24.708,616,63,0,0.01
2851,500,279.4068373205674,19.318,20.492,587,65,0,0.01
2852,500,265.9161487573598,20.008,21.172,582,62,0,0.01
2853,500,292.3248966767943,20.098,21.36,631,65,0,0.01
2854,500,281.89007673434116,21.926,23.118,596,64,0,0.01
2855,500,277.8900767343413,21.242,22.434,596,64,0,0.01
2856,500,258.9459453550955,18.904,20.036,566,63,0,0.01
2857,500,251.97574195283127,18.372,19.472,550,61,0,0.01
2858,500,275.4142864700016,22.202,23.368,583,64,0,0.01
2859,500,268.9198733320767,19.892,21.052,580,66,0,0.01
2860,500,257.4701550907559,18.54,19.646,553,67,0,0.01
2861,500,277.912424182643,19.392,20.56,584,66,0,0.01
2862,500,255.97946652754834,17.048,18.144,548,68,0,0.01
2863,500,257.93477163094457,17.584,18.728,572,65,0,0.01
2864,500,286.8826275849076,23.22,24.42,600,62,0,0.01
2865,500,278.3733161481146,25.36,26.57,605,64,0,0.01
2866,500,267.92732248151077,20.792,21.944,576,71,0,0.01
2867,500,261.4701550907559,18.636,19.742,553,60,0,0.01
2868,500,260.4254601941525,19.366,20.52,577,68,0,0.01
2869,500,251.9794665275483,21.264,22.36,548,62,0,0.01
2870,500,260.9571190792465,18.222,19.342,560,62,0,0.01
2871,500,277.3621424239639,25.062,26.284,611,62,0,0.01
2872,500,270.923597906794,22.374,23.53,578,66,0,0.01
2873,500,280.8938013090583,22.946,24.134,594,60,0,0.01
2874,500,281.39193902169984,23.75,24.94,595,65,0,0.01
2875,500,262.43290934358623,18.402,19.548,573,66,0,0.01
2876,500,277.3956635964165,22.534,23.72,593,68,0,0.01
2877,500,255.92732248151066,18.534,19.686,576,69,0,0.01
2878,500,224.0651317460389,17.146,18.15,502,67,0,0.01
2879,500,250.98691567698233,16.386,17.474,544,64,0,0.01
2880,500,254.95339450452948,22.666,23.79,562,65,0,0.01
2881,500,268.89380130905795,20.68,21.868,594,68,0,0.01
2882,500,258.9459453550957,17.644,18.776,566,64,0,0.01
2883,500,283.88262758490714,22.172,23.372,600,64,0,0.01
2884,500,288.362142423964,20.448,21.67,611,64,0,0.01
2885,500,265.908699607926,20.852,22.024,586,65,0,0.01
2886,500,242.93849620566155,20.398,21.538,570,69,0,0.01
2887,500,270.4142864700015,19.548,20.714,583,65,0,0.01
2888,500,251.45898136660495,19.386,20.504,559,62,0,0.01
2889,500,261.47387966547285,17.824,18.926,551,66,0,0.01
2890,500,256.8938013090577,21.12,22.308,594,63,0,0.01
2891,500,263.92732248151066,20.836,21.988,576,68,0,0.01
2892,500,257.9310470562276,19.996,21.144,574,63,0,0.01
2893,500,259.46270594132204,18.156,19.27,557,64,0,0.01
2894,500,261.96456822868043,18.672,19.784,556,66,0,0.01
2895,500,281.37704072283196,22.09,23.296,603,66,0,0.01
2896,500,279.35469327453,27.478,28.708,615,63,0,0.01
2897,500,245.48877796434078,18.61,19.696,543,64,0,0.01
2898,500,283.36586699868093,22.53,23.748,609,64,0,0.01
2899,500,271.3956635964167,20.616,21.802,593,65,0,0.01
2900,500,259.39566359641634,21.562,22.748,593,67,0,0.01
2901,500,260.96456822868055,15.648,16.76,556,69,0,0.01
2902,500,268.9124241826428,22.66,23.828,584,65,0,0.01
2903,500,294.8416572630208,25.134,26.378,622,62,0,0.01
2904,500,256.4552567918879,19.708,20.83,561,67,0,0.01
2905,500,260.4291847688691,18.312,19.462,575,67,0,0.01
2906,500,266.4142864700014,21.298,22.464,583,63,0,0.01
2907,500,253.97201737811437,17.774,18.878,552,65,0,0.01
2908,500,281.3472441250963,22.176,23.414,619,68,0,0.01
2909,500,266.9347716309448,18.798,19.942,572,65,0,0.01
2910,500,272.3844898722657,21.718,22.916,599,63,0,0.01
2911,500,256.4515322171711,20.83,21.956,563,66,0,0.01
2912,500,264.43663391830336,21.198,22.34,571,64,0,0.01
2913,500,286.897525883775,18.352,19.536,592,63,0,0.01
2914,500,277.36214242396375,23.502,24.724,611,66,0,0.01
2915,500,272.90125045849214,20.46,21.64,590,63,0,0.01
2916,500,244.4850533896238,18.618,19.708,545,62,0,0.01
2917,500,269.87890301019013,22.284,23.488,602,62,0,0.01
2918,500,273.38821444698266,21.01,22.204,597,65,0,0.01
2919,500,249.47760424018978,17.878,18.976,549,66,0,0.01
2920,500,262.36959157339743,24.736,25.95,607,61,0,0.01
2921,500,276.3844898722659,19.216,20.414,599,65,0,0.01
2922,500,264.4254601941523,20.528,21.682,577,62,0,0.01
2923,500,236.5483711598125,17.074,18.096,511,65,0,0.01
2924,500,259.45898136660503,20.402,21.52,559,68,0,0.01
2925,500,282.36214242396403,22.344,23.566,611,63,0,0.01
2926,500,251.45898136660495,18.326,19.444,559,65,0,0.01
2927,500,254.96084365396354,16.71,17.826,558,64,0,0.01
2928,500,261.43663391830324,19.298,20.44,571,63,0,0.01
2929,500,252.9757419528313,18.528,19.628,550,69,0,0.01
2930,500,254.42173561943505,23.186,24.344,579,63,0,0.01
2931,500,261.4664305160389,17.958,19.068,555,63,0,0.01
2932,500,261.93104705622756,19.834,20.982,574,69,0,0.01
2933,500,249.96456822868026,18.446,19.558,556,70,0,0.01
2934,500,272.8640047113223,22.098,23.318,610,62,0,0.01
2935,500,276.8938013090581,20.994,22.182,594,68,0,0.01
2936,500,252.42546019415198,22.39,23.544,577,61,0,0.01
2937,500,253.94222078037853,19.118,20.254,568,68,0,0.01
2938,500,282.8900767343414,20.952,22.144,596,66,0,0.01
2939,500,252.4329093435861,22.376,23.522,573,65,0,0.01
2940,500,252.96084365396337,19.552,20.668,558,68,0,0.01
2941,500,278.38448987226576,19.188,20.386,599,67,0,0.01
2942,500,252.47760424018978,18.932,20.03,549,66,0,0.01
2943,500,263.39566359641634,23.08,24.266,593,61,0,0.01
2944,500,269.40683732056766,19.244,20.418,587,64,0,0.01
2945,500,259.9273224815108,20.974,22.126,576,64,0,0.01
2946,500,253.444083067737,19.696,20.83,567,60,0,0.01
2947,500,281.8304835388694,25.12,26.376,628,61,0,0.01
2948,500,274.9124241826429,20.04,21.208,584,64,0,0.01
2949,500,275.3621424239637,24.766,25.988,611,68,0,0.01
2950,500,272.8751784354733,22.206,23.414,604,65,0,0.01
2951,500,264.44408306773704,17.444,18.578,567,61,0,0.01
2952,500,262.9533945045295,16.714,17.838,562,64,0,0.01
2953,500,265.93849620566175,21.65,22.79,570,64,0,0.01
2954,500,252.43663391830302,20.076,21.218,571,66,0,0.01
2955,500,262.41428647000123,24.856,26.022,583,66,0,0.01
2956,500,268.4254601941524,18.868,20.022,577,62,0,0.01
2957,500,251.97946652754823,17.684,18.78,548,66,0,0.01
2958,500,276.4105618952845,19.862,21.032,585,70,0,0.01
2959,500,265.40683732056726,20.86,22.034,587,65,0,0.01
2960,500,272.4068373205676,20.616,21.79,587,64,0,0.01
2961,500,260.4515322171709,19.214,20.34,563,63,0,0.01
2962,500,259.473879665473,19.566,20.668,551,67,0,0.01
2963,500,286.3919390216996,22.274,23.464,595,65,0,0.01
2964,500,256.9384962056616,20.462,21.602,570,68,0,0.01
2965,500,275.4254601941524,19.304,20.458,577,63,0,0.01
2966,500,241.48505338962366,18.84,19.93,545,70,0,0.01
2967,500,284.85283098717156,21.402,22.634,616,64,0,0.01
2968,500,266.4366339183031,17.994,19.136,571,64,0,0.01
2969,500,271.4217356194353,17.622,18.78,579,63,0,0.01
2970,500,245.49995168849176,17.882,18.956,537,62,0,0.01
2971,500,255.94222078037862,20.666,21.802,568,65,0,0.01
2972,500,268.42918476886933,20.168,21.318,575,66,0,0.01
2973,500,267.9086996079259,21.518,22.69,586,65,0,0.01
2974,500,267.4217356194354,17.856,19.014,579,61,0,0.01
2975,500,272.3584178492468,25.586,26.812,613,66,0,0.01
2976,500,253.47760424018978,19.978,21.076,549,67,0,0.01
2977,500,255.44035849302,18.478,19.616,569,63,0,0.01
2978,500,271.43663391830324,18.216,19.358,571,64,0,0.01
2979,500,266.3919390216996,24.208,25.398,595,66,0,0.01
2980,500,286.37704072283185,20.834,22.04,603,64,0,0.01
2981,500,271.4254601941523,19.386,20.54,577,65,0,0.01
2982,500,265.44780764245405,19.218,20.348,565,68,0,0.01
2983,500,276.9198733320769,19.938,21.098,580,68,0,0.01
2984,500,262.41428647000123,19.866,21.032,583,66,0,0.01
2985,500,257.4850533896238,19.026,20.116,545,64,0,0.01
2986,500,278.35096869981317,22.76,23.994,617,65,0,0.01
2987,500,259.46270594132193,19.766,20.88,557,62,0,0.01
2988,500,256.4440830677371,21.342,22.476,567,60,0,0.01
2989,500,265.9235979067938,20.978,22.134,578,64,0,0.01
2990,500,257.4180110447181,19.796,20.958,581,65,0,0.01
2991,500,254.4552567918879,20.184,21.306,561,64,0,0.01
2992,500,276.40311274585065,20.266,21.444,589,62,0,0.01
2993,500,265.34724412509587,31.342,32.58,619,60,0,0.01
2994,500,246.4887779643406,20.852,21.938,543,63,0,0.01
2995,500,285.87145386075633,22.278,23.49,606,63,0,0.01
2996,500,286.36959157339794,21.682,22.896,607,65,0,0.01
2997,500,269.4180110447184,19.878,21.04,581,64,0,0.01
2998,500,270.4403584930203,18.298,19.436,569,64,0,0.01
2999,500,257.45153221717106,20.19,21.316,563,63,0,0.01
3000,500,270.91242418264295,21.116,22.284,584,65,0,0.01
